"Quotation Report - Date : January-28, 2026 10:58 AM",,,,,,,,,,,,,
No,Number,Company,Date,Type,Client,Project Name,Description,Material,Material Code,Quo. Value,Cur.,MVL Contact,Status
1,RFQ-5829-E6823,MACRO,27 Jan 2026,RFQ,Andrea T.S.,"ORD-5829 UAE-123R W912ER22C0026 P-960 Triton Operational Facility, United Arab Emirates","Free Issued - Internal Ref - Invoice INV62020132-40109 &ndash; UPS Storage Charges (July&ndash;Dec 2025,",Electrical,Electrical,4095,AED,Marman I.,Waiting
2,RFQ-5532-M4108,MACRO,27 Jan 2026,RFQ,Teko G.T.,BIOT-121 N4008421D0082/N4008421R0079 AEC DB DBB MACC (Laydown Area),DG - Quotation Ref. QUOT-38149 &ndash; Electric Dryer (MAXX DR10-TT 110V),Mechanical Items,Mechanical,23436,AED,Marman I.,Order
3,Q-1005-M4096,MACRO,27 Jan 2026,IQ,Us E.A.,Supply And Delivery Of The Dehumidifier With Pump - RFQ# PR15805243,Dehumidifier With Pump.,Machine / Equipments,Mechanical,7686,AED,Shinso M.,Waiting
4,RFQ-7616-V40002,MACRO,27 Jan 2026,RFQ,Al B.A.,"BIOT-121.82 REPAIRS TO BARRICADED STORAGE MODULES (F-840, 835, 834, 839 &amp; 841) &amp; CONSTRUCT CANOPY &amp; LOUVER (F-148) (X058)",PVC Coated Rigid Metallic Pipes &amp; Fittings,Building Materials,Various,126126.98,AED,Rahul N.,Order
5,RFQ-5829-M4005,MACRO,27 Jan 2026,RFQ,Wecare M.T.,"ORD-5829 UAE-123R W912ER22C0026 P-960 Triton Operational Facility, United Arab Emirates",AIR PAVEMENT - Quotation No. WC/SQ/12870/R/2 &ndash; Supply Of Floor Saw &amp; Blade,Machine / Equipments,Mechanical,6877.5,AED,Marman I.,Order
6,RFQ-7139-V40074,"MVL USA, INC",26 Jan 2026,RFQ,American I.S.,"ORD-7139 RMI-127 W9128A24C0012 Air Traffic Control Tower &amp; Terminal, Kwajalein Island, U.S. Army Garrison - Kwajalein Atoll (USAG-KA), Republic Of The Marshall Islands",C900 Pipes And Fittings For Potable Water,Building Materials,Various,51639.24,USD,Vinith B.,Order
7,RFQ-7139-M4105,"MVL USA, INC",26 Jan 2026,RFQ,Ferguson E.L.,"ORD-7139 RMI-127 W9128A24C0012 Air Traffic Control Tower &amp; Terminal, Kwajalein Island, U.S. Army Garrison - Kwajalein Atoll (USAG-KA), Republic Of The Marshall Islands",Accessories For Fire Gate Valves And Fire Hydrants,Mechanical Items,Mechanical,3101.51,USD,Shah F.,Order
8,RFQ-5532-M4107,MACRO,26 Jan 2026,RFQ,Nourth M.T.,BIOT-121 N4008421D0082/N4008421R0079 AEC DB DBB MACC (Laydown Area),"Quotation NMCO26-00000350 &ndash; Nordberg Equipment (North Mountain Trading, Jan 15, 2026) ITEM 5 15 AND 19",Mechanical Items,Mechanical,4170,AED,Marman I.,Order
9,RFQ-1569-V4433,MACRO,26 Jan 2026,RFQ,Al S.V.,MVL Group Office Related POs,"INTERNAL REF - Proforma Invoice &ndash; Al Shirawi Vending Solutions To Macro Vantage Levant DMCC (ASVS26012026, Jan 26, 2026) - FEBRUAR 2026",Misc.,Various,1517.25,AED,Marman I.,Order
10,RFQ-7139-V40073,"MVL USA, INC",26 Jan 2026,RFQ,Jay R.S.,"ORD-7139 RMI-127 W9128A24C0012 Air Traffic Control Tower &amp; Terminal, Kwajalein Island, U.S. Army Garrison - Kwajalein Atoll (USAG-KA), Republic Of The Marshall Islands","Plumbing (Floor Drains, Floor Sink, Wall And Floor Cleanouts, Roof Drains)",Building Materials,Various,76,USD,Maricar I.,Waiting
11,RFQ-5829-M4004,MACRO,23 Jan 2026,RFQ,Wecare M.T.,"ORD-5829 UAE-123R W912ER22C0026 P-960 Triton Operational Facility, United Arab Emirates",AIR PAVEMENT - Portable Diesel Air Compressor &ndash; Model KDP-5/7 - WC/SQ/12891,Machine / Equipments,Mechanical,44100,AED,Marman I.,Order
12,RFQ-7139-V40072,"MVL USA, INC",22 Jan 2026,RFQ,V-trust I.S.,"ORD-7139 RMI-127 W9128A24C0012 Air Traffic Control Tower &amp; Terminal, Kwajalein Island, U.S. Army Garrison - Kwajalein Atoll (USAG-KA), Republic Of The Marshall Islands",Pre-Shipment Inspection - AM-330D Air-Cooled Screw Chiller - INV-WNW165573 - 01272026,Building Materials,Various,268,USD,Marman I.,Order
13,RFQ-6705-V4363,"MVL USA, INC",22 Jan 2026,RFQ,Copy E.,"ORD-6705 RMI-125 W9128A23C0010 FY23 MCA PN 080242 Medical Clinic, U.S. Army Garrison, Kwajalein Atoll, Republic Of The Marshall Islands (RMI)",Printing Of Plans,Misc.,Various,2442.8,USD,Shah F.,Order
14,Q-1005-V7266,MV LLC,22 Jan 2026,IQ,Ra I.S.,Supply &amp; Delivery Of Epoxy Coated Rebar-RA-Diego Garcia,Supply &amp; Delivery Of Epoxy Coated Rebar-RA-Diego Garcia,Building Materials,Various,0,USD, ,Quotation
15,RFQ-6705-V40168,"MVL USA, INC",22 Jan 2026,RFQ,Home D.U.,"ORD-6705 RMI-125 W9128A23C0010 FY23 MCA PN 080242 Medical Clinic, U.S. Army Garrison, Kwajalein Atoll, Republic Of The Marshall Islands (RMI)",Towable Concrete Mixer,Building Materials,Various,3752.65,USD,Shah F.,Order
16,RFQ-6705-E6845,"MVL USA, INC",22 Jan 2026,RFQ,Americas B.E.,"ORD-6705 RMI-125 W9128A23C0010 FY23 MCA PN 080242 Medical Clinic, U.S. Army Garrison, Kwajalein Atoll, Republic Of The Marshall Islands (RMI)",Screw Cover Pull,Electrical,Electrical,394.95,USD,Shah F.,Order
17,RFQ-7139-V4359,"MVL USA, INC",22 Jan 2026,RFQ,Safety 1.S.,"ORD-7139 RMI-127 W9128A24C0012 Air Traffic Control Tower &amp; Terminal, Kwajalein Island, U.S. Army Garrison - Kwajalein Atoll (USAG-KA), Republic Of The Marshall Islands",Sorbent Boom,Misc.,Various,790,USD,Shah F.,Order
18,RFQ-1569-O121,MACRO,22 Jan 2026,RFQ,Al W.C.,MVL Group Office Related POs,OFFICE 1807 PRINTER -  Canon Advance C3525i - 11657,Computer Peripherals,Office Assets,5407.5,AED,Marman I.,Order
19,RFQ-7120-V40005,Yamauchi Gumi,21 Jan 2026,RFQ,Global S.V.,"JPN-138 W912HV24C0009 FY24 AC Repair For Server Rooms, Building 101, Camp Zama, Japan",Condensate Drain Pumps,Building Materials,Various,2146477,JPY,Rahul N.,Order
20,RFQ-7039-V40031,MVL USA JV LLC,21 Jan 2026,RFQ,National P.&.,"BIOT-121.60 N4008424F4507 EProject 1693634 REPAIR SPP F1SA AND F2S OVERHEAD FEEDERS, RM20-1216 (X025)",PVC Pipes &amp; Fittings (Last Lot),Building Materials,Various,457697.09,AED,Rahul N.,Waiting
21,RFQ-6705-V40167,"MVL USA, INC",21 Jan 2026,RFQ,Scott &.F.,"ORD-6705 RMI-125 W9128A23C0010 FY23 MCA PN 080242 Medical Clinic, U.S. Army Garrison, Kwajalein Atoll, Republic Of The Marshall Islands (RMI)",Pipe Clamps,Building Materials,Various,31.98,USD,Vinith B.,Order
22,RFQ-7139-V40071,"MVL USA, INC",21 Jan 2026,RFQ,Nucor R.F.,"ORD-7139 RMI-127 W9128A24C0012 Air Traffic Control Tower &amp; Terminal, Kwajalein Island, U.S. Army Garrison - Kwajalein Atoll (USAG-KA), Republic Of The Marshall Islands",Steel Rebars For Sanitary Sewer Manhole,Building Materials,Various,3044,USD,Shah F.,Order
23,RFQ-7073-V40014,MVL USA JV LLC,21 Jan 2026,RFQ,Crossweld M.T.,ORD- 7073 BIOT-121.68 N4008424F4583 QC3078 Repairs To Concrete Water Tanks (X026),Reducer Flange,Building Materials,Various,6111,USD,Lince M.,Order
24,RFQ-7616-V40001,MVL USA JV LLC,21 Jan 2026,RFQ,Kelly &.H.,"BIOT-121.82 REPAIRS TO BARRICADED STORAGE MODULES (F-840, 835, 834, 839 &amp; 841) &amp; CONSTRUCT CANOPY &amp; LOUVER (F-148) (Task - X058)",Electrical Materials,Building Materials,Various,35434.15,USD,Rahul N.,Order
25,RFQ-7139-V40070,"MVL USA, INC",21 Jan 2026,RFQ,American I.S.,"ORD-7139 RMI-127 W9128A24C0012 Air Traffic Control Tower &amp; Terminal, Kwajalein Island, U.S. Army Garrison - Kwajalein Atoll (USAG-KA), Republic Of The Marshall Islands",Tracer Wire For Water &amp; Fire Piping Utility System,Building Materials,Various,1449.99,USD,Shah F.,Order
26,RFQ-5532-V4379,MVL USA JV LLC,21 Jan 2026,RFQ,Foshan S.M.,BIOT-121 N4008421D0082/N4008421R0079 AEC DB DBB MACC (Laydown Area),HDPE PORTABLE TOILET - AS PER APPROVED PROFORMA - SOEASY-S20260120,Misc.,Various,12050,USD,Marman I.,Order
27,RFQ-7139-V40069,"MVL USA, INC",20 Jan 2026,RFQ,Dateline E.I.,"ORD-7139 RMI-127 W9128A24C0012 Air Traffic Control Tower &amp; Terminal, Kwajalein Island, U.S. Army Garrison - Kwajalein Atoll (USAG-KA), Republic Of The Marshall Islands","Plywood, Lumber And Water Stop",Building Materials,Various,9513.64,USD,Vinith B.,Order
28,RFQ-1569-O120,MACRO,20 Jan 2026,RFQ,Amazon.ae ,MVL Group Office Related POs,MIRRORS FOR WASHROOM OFFICE 1807,Computer Peripherals,Office Assets,203,AED,Marman I.,Order
29,RFQ-5829-V40044,MACRO,20 Jan 2026,RFQ,Middle E.I.,"ORD-5829 UAE-123R W912ER22C0026 P-960 Triton Operational Facility, United Arab Emirates",Supply &amp; Delivery Of Cladding Materials &ndash; Triton Operational Facility (Ref: M-230508-R04),Building Materials,Various,320192.12,AED,Marman I.,Waiting
30,RFQ-5829-V40043,MACRO,19 Jan 2026,RFQ,Technofab S.F.,"ORD-5829 UAE-123R W912ER22C0026 P-960 Triton Operational Facility, United Arab Emirates","AIR PAVEMENT - Pavement Frame Design,  Fabrication And Supply Ref- QT/mvl/0012/r2",Building Materials,Various,44625,AED,Marman I.,Order
31,RFQ-5829-O5,MACRO,19 Jan 2026,RFQ,Amazon.ae ,"ORD-5829 UAE-123R W912ER22C0026 P-960 Triton Operational Facility, United Arab Emirates",INTERNAL REF - AIR PAVEMENT - Amazon.ae Concrete Tools,Computer Peripherals,Office Assets,2439.03,AED,Marman I.,Order
32,RFQ-7139-V40068,"MVL USA, INC",19 Jan 2026,RFQ,Uline ,"ORD-7139 RMI-127 W9128A24C0012 Air Traffic Control Tower &amp; Terminal, Kwajalein Island, U.S. Army Garrison - Kwajalein Atoll (USAG-KA), Republic Of The Marshall Islands",Bulk Bags Skid Lot,Building Materials,Various,2114.89,USD,Shah F.,Order
33,RFQ-5829-V40042,MACRO,19 Jan 2026,RFQ,X-calibur E.L.,"ORD-5829 UAE-123R W912ER22C0026 P-960 Triton Operational Facility, United Arab Emirates",AIR PAVEMENT - XEL/Q5546/26/JC &ndash; Rev 1 - Supply Of X-Cure RB90 (16 &times; 200L),Building Materials,Various,33028.8,AED,Marman I.,Order
34,RFQ-5829-M4003,MACRO,19 Jan 2026,RFQ,Wecare M.T.,"ORD-5829 UAE-123R W912ER22C0026 P-960 Triton Operational Facility, United Arab Emirates",AIR FIELD PAVEMENT - WC/SQ/12774 - BULL FLOAT,Machine / Equipments,Mechanical,1428,AED,Marman I.,Order
35,RFQ-5829-O4,MACRO,19 Jan 2026,RFQ,Amazon.ae ,"ORD-5829 UAE-123R W912ER22C0026 P-960 Triton Operational Facility, United Arab Emirates","INTERNAL REF - TAR AP - Farmearth 2 In 1 Hand And Battery Knapsack Agriculture Sprayer Pump Gardening Sprayer Pump 12Vx8AH,16ltr Yellow",Computer Peripherals,Office Assets,320,AED,Marman I.,Order
36,RFQ-7039-V40030,MVL USA JV LLC,15 Jan 2026,RFQ,Eaton F.,"BIOT-121.60 N4008424F4507 EProject 1693634 REPAIR SPP F1SA AND F2S OVERHEAD FEEDERS, RM20-1216 (X025)",Termination Kits For Switchgear,Building Materials,Various,24388.8,USD,Rahul N.,Order
37,Q-7039-E6810,MACRO,15 Jan 2026,IQ,Eaton F.,"BIOT-121.60 N4008424F4507 EProject 1693634 REPAIR SPP F1SA AND F2S OVERHEAD FEEDERS, RM20-1216 (X025)",Termination Kits For Switchgear,Electrical,Electrical,24388.8,USD,Rahul N.,Cancled
38,RFQ-1569-O119,MACRO,15 Jan 2026,RFQ,Amazon.ae ,MVL Group Office Related POs,"INTERNAL REF - Panasonic Microwave, Refrigerator, And Fohome Mirror - Office 1807",Computer Peripherals,Office Assets,648.25,AED,Marman I.,Order
39,RFQ-1569-O118,MACRO,15 Jan 2026,RFQ,Allcad S.L.,MVL Group Office Related POs,"Bluebeam Core License - SA50 - End User: Austin Jacques (Superintendent, MVL USA, Inc.)",Computer Peripherals,Office Assets,971.25,AED,Marman I.,Order
40,RFQ-7616-A5301,MVL USA JV LLC,15 Jan 2026,RFQ,Bm M.E.,"ORD-7616 BIOT-121.82 REPAIRS TO BARRICADED STORAGE MODULES (F-840, 835, 834, 839 &amp; 841) &amp; CONSTRUCT CANOPY &amp; LOUVER (F-148)",Paints And Coatings,Paints,Architectural,6631.86,USD,Lince M.,Order
41,RFQ-7878-V40007,MVL USA JV LLC,15 Jan 2026,RFQ,Integrated C.S.,"BIOT-121.99 N4008425F0127 Repairs To HVAC System, F-2296, NSFDG (X061)",Air Separator Tank,Building Materials,Various,2088,USD,Rahul N.,Order
42,RFQ-1569-O117,"MVL USA, INC",15 Jan 2026,RFQ,Managed S.L.,MVL Group Office Related POs,Microsoft 365 G5 GCC &ndash; Annual Subscription Licenses (Pro-Rated) - CSP 1223 MVL - NCE CSP Agreement Renewal - GCC - 2026,Computer Peripherals,Office Assets,199837.44,USD,Marman I.,Order
43,Q-1005-O11,MACRO,14 Jan 2026,IQ,Unicef ,Supply And Delivery Of The Laptops And Barcode Scanners.,Laptops And Barcode Scanners.,Computer Peripherals,Office Assets,158958,USD,Shinso M.,Waiting
44,RFQ-7139-E6825,"MVL USA, INC",14 Jan 2026,RFQ,Al G.S.,"ORD-7139 RMI-127 W9128A24C0012 Air Traffic Control Tower &amp; Terminal, Kwajalein Island, U.S. Army Garrison - Kwajalein Atoll (USAG-KA), Republic Of The Marshall Islands",LSA - Lift Station-Eaton Circuit Breaker,Electrical,Electrical,325.5,AED, ,Order
45,RFQ-7139-E6824,"MVL USA, INC",14 Jan 2026,RFQ,Tic L.E.,"ORD-7139 RMI-127 W9128A24C0012 Air Traffic Control Tower &amp; Terminal, Kwajalein Island, U.S. Army Garrison - Kwajalein Atoll (USAG-KA), Republic Of The Marshall Islands",LSA -Lift Station - Electrical Conduit &amp; Fitting,Electrical,Electrical,4367,USD,Shah F.,Order
46,RFQ-7878-V40006,MVL USA JV LLC,14 Jan 2026,RFQ,Integrated C.S.,"BIOT-121.99 N4008425F0127 Repairs To HVAC System, F-2296, NSFDG (X061)",Vane Axial Fans,Building Materials,Various,25321.32,USD,Rahul N.,Order
47,RFQ-7878-V40005,MVL USA JV LLC,14 Jan 2026,RFQ,Integrated C.S.,"BIOT-121.99 N4008425F0127 Repairs To HVAC System, F-2296, NSFDG (X061)",Manual Balancing Dampers,Building Materials,Various,2235,USD,Rahul N.,Order
48,RFQ-7139-V40067,"MVL USA, INC",14 Jan 2026,RFQ,Ej U.I.,"ORD-7139 RMI-127 W9128A24C0012 Air Traffic Control Tower &amp; Terminal, Kwajalein Island, U.S. Army Garrison - Kwajalein Atoll (USAG-KA), Republic Of The Marshall Islands",Valve Boxes And Cover,Building Materials,Various,2904.16,USD,Shah F.,Order
49,RFQ-7098-V40001,MVL USA JV LLC,14 Jan 2026,RFQ,Kelly &.H.,"BIOT-121.69 N4008424F4613 _eProject 1735497 QC2090 &ndash; REPAIR TAXIWAY SIGNS, F-200044 (X027)",Electrical Butt Connectors,Building Materials,Various,326.4,USD,Rahul N.,Order
50,RFQ-7139-M4104,"MVL USA, INC",13 Jan 2026,RFQ,Dongguan H.W.,"ORD-7139 RMI-127 W9128A24C0012 Air Traffic Control Tower &amp; Terminal, Kwajalein Island, U.S. Army Garrison - Kwajalein Atoll (USAG-KA), Republic Of The Marshall Islands",Containerized 600gpm Activated Carbon Filter System,Mechanical Items,Mechanical,99710,USD,Vinith B.,Order
51,RFQ-5153-S9116,MPG JV,13 Jan 2026,RFQ,Gemmo S.,"ITA-121 N6247021C0003 P-759, Family Housing New Construction Villaggio SW And Camp Ederle North - Vicenza, Italy",P010027.00 &ndash; 0097 -002 &ndash; Gemmo,Subcontract,Services,0,USD, ,Order
52,RFQ-5153-S9115,MPG JV,13 Jan 2026,RFQ,Impresa P.S.,"ITA-121 N6247021C0003 P-759, Family Housing New Construction Villaggio SW And Camp Ederle North - Vicenza, Italy",P010027.00 &ndash; 0097 -001 - Percassi,Subcontract,Services,0,USD, ,Order
53,RFQ-1569-O116,"MVL USA, INC",13 Jan 2026,RFQ,Managed S.L.,MVL Group Office Related POs,Internal - Microsoft 365 G5 GCC &ndash; Annual Subscription Licenses (Pro-Rated) - Inv - 116866,Computer Peripherals,Office Assets,1909.2,USD,Marman I.,Order
54,RFQ-6705-V40166,"MVL USA, INC",13 Jan 2026,RFQ,American I.S.,"ORD-6705 RMI-125 W9128A23C0010 FY23 MCA PN 080242 Medical Clinic, U.S. Army Garrison, Kwajalein Atoll, Republic Of The Marshall Islands (RMI)",DWV Pipe And Elbow For FCU And ACCU,Building Materials,Various,300,USD,Shah F.,Order
55,RFQ-5829-V40041,MACRO,13 Jan 2026,RFQ,Lomeq T.S.,"ORD-5829 UAE-123R W912ER22C0026 P-960 Triton Operational Facility, United Arab Emirates",Heavy Duty Bridge Deck Finisher (QT-202633),Building Materials,Various,29400,AED,Marman I.,Order
56,RFQ-6705-A5202,MACRO,12 Jan 2026,RFQ,Lakshmi M.T.,"ORD-6705 RMI-125 W9128A23C0010 FY23 MCA PN 080242 Medical Clinic, U.S. Army Garrison, Kwajalein Atoll, Republic Of The Marshall Islands (RMI)",Hardware Items For Building  729,Doors,Architectural,2021.25,AED,Shah F.,Order
57,RFQ-6705-A5201,MVL Italy,12 Jan 2026,RFQ,Lakshmi M.T.,"ORD-6705 RMI-125 W9128A23C0010 FY23 MCA PN 080242 Medical Clinic, U.S. Army Garrison, Kwajalein Atoll, Republic Of The Marshall Islands (RMI)",Hardware Items For Building  729,Doors,Architectural,1811,AED, ,Cancled
58,RFQ-7139-M4103,"MVL USA, INC",12 Jan 2026,RFQ,M.a.h.y. K.&.,"Air Traffic Control Tower &amp; Terminal, Kwajalein Island, U.S. Army Garrison - Kwajalein Atoll (USAG-KA), Republic Of The Marshall Islands",Lift Station,Mechanical Items,Mechanical,105396.98,AED,Shinso M.,Order
59,Q-1005-M4095,"MVL USA, INC",12 Jan 2026,IQ,Us A.,FA570226Q0007-Mobile Column Lifts-US Airforce-Qatar,FA570226Q0007-Mobile Column Lifts-US Airforce-Qatar,Machine / Equipments,Mechanical,176000,USD, ,Quotation
60,RFQ-6705-V40165,"MVL USA, INC",12 Jan 2026,RFQ,Tsang B.C.,"ORD-6705 RMI-125 W9128A23C0010 FY23 MCA PN 080242 Medical Clinic, U.S. Army Garrison, Kwajalein Atoll, Republic Of The Marshall Islands (RMI)",Drill Bits,Building Materials,Various,570.56,USD,Shah F.,Order
61,RFQ-7139-V40066,"MVL USA, INC",12 Jan 2026,RFQ,White C.S.,"ORD-7139 RMI-127 W9128A24C0012 Air Traffic Control Tower &amp; Terminal, Kwajalein Island, U.S. Army Garrison - Kwajalein Atoll (USAG-KA), Republic Of The Marshall Islands",Opaque Polyethylene Sheet,Building Materials,Various,822.97,USD,Shah F.,Order
62,Q-1005-V7265,MV LLC,08 Jan 2026,IQ,Jsk D.S.,Supply &amp; Delivery Of Hot-Dip Gal Rebar-JSK-Diego Garcia,Supply &amp; Delivery Of Hot-Dip Gal Rebar-JSK-Diego Garcia,Building Materials,Various,650,USD, ,Quotation
63,Q-1005-V4502,MV LLC,08 Jan 2026,IQ,Naafi U.,Labour Service Supply - NAAFI - Diego Garcia,Labour Service Supply - NAAFI - Diego Garcia,Misc.,Various,3528,USD, ,Quotation
64,RFQ-7139-V40065,"MVL USA, INC",08 Jan 2026,RFQ,Nucor R.F.,"ORD-7139 RMI-127 W9128A24C0012 Air Traffic Control Tower &amp; Terminal, Kwajalein Island, U.S. Army Garrison - Kwajalein Atoll (USAG-KA), Republic Of The Marshall Islands",Epoxy Coated Cut And Bend Bar For Lift Station,Building Materials,Various,21534,USD,Vinith B.,Order
65,RFQ-6705-E6844,"MVL USA, INC",07 Jan 2026,RFQ,Flight L.I.,"ORD-6705 RMI-125 W9128A23C0010 FY23 MCA PN 080242 Medical Clinic, U.S. Army Garrison, Kwajalein Atoll, Republic Of The Marshall Islands (RMI)",Warning Light,Electrical,Electrical,588.81,USD,Shah F.,Order
66,RFQ-6705-V40164,"MVL USA, INC",07 Jan 2026,RFQ,Dateline E.I.,"ORD-6705 RMI-125 W9128A23C0010 FY23 MCA PN 080242 Medical Clinic, U.S. Army Garrison, Kwajalein Atoll, Republic Of The Marshall Islands (RMI)",Rebar Touch Up Paints,Building Materials,Various,4681.19,USD,Shah F.,Order
67,RFQ-5829-V40040,MACRO,07 Jan 2026,RFQ,Unitech D.P.,"ORD-5829 UAE-123R W912ER22C0026 P-960 Triton Operational Facility, United Arab Emirates",Candor - Supply Of Basket Assembly 10mm Dia Round Rod L=1m (Uncoated)- Ref: UDIP/UAE/18102024/CANDOR/7174 REV04,Building Materials,Various,54318.6,AED,Marman I.,Order
68,RFQ-5829-V40039,MACRO,07 Jan 2026,RFQ,Unitech D.P.,"ORD-5829 UAE-123R W912ER22C0026 P-960 Triton Operational Facility, United Arab Emirates",Candor - Supply Of Ductile Iron (DI) Manhole Covers And Frames As Per Approved Submittal,Building Materials,Various,134319,AED,Marman I.,Order
69,RFQ-1569-O115,MACRO,07 Jan 2026,RFQ,Rivyv T.,MVL Group Office Related POs,Aronis Advance Management Includes RDP - January - June 2026 - INV/25-26/084,Computer Peripherals,Office Assets,4230,USD,Marman I.,Order
70,RFQ-1569-O114,MACRO,07 Jan 2026,RFQ,Rivyv T.,MVL Group Office Related POs,Acronis Cyber Protect Cloud - January - June 2026 -  INV/25-26/083,Computer Peripherals,Office Assets,6000,USD,Marman I.,Order
71,RFQ-5829-R1512,MACRO,07 Jan 2026,RFQ,Johnson A.L.,"ORD-5829 UAE-123R W912ER22C0026 P-960 Triton Operational Facility, United Arab Emirates","Hydraulic Crane, 100 Ton Rough Terrain, Standard Main Boom  - Agreement No.: 2EC2501138",Rental,Rental,75600,AED,Marman I.,Order
72,RFQ-7139-V4358,"MVL USA, INC",06 Jan 2026,RFQ,Ysair H.H.,"ORD-7139 RMI-127 W9128A24C0012 Air Traffic Control Tower &amp; Terminal, Kwajalein Island, U.S. Army Garrison - Kwajalein Atoll (USAG-KA), Republic Of The Marshall Islands",RT29 Radio,Misc.,Various,995.7,USD,Shah F.,Order
73,RFQ-7139-V40064,"MVL USA, INC",06 Jan 2026,RFQ,Allen T.S.,"ORD-7139 RMI-127 W9128A24C0012 Air Traffic Control Tower &amp; Terminal, Kwajalein Island, U.S. Army Garrison - Kwajalein Atoll (USAG-KA), Republic Of The Marshall Islands",Trench Boxes With All Accessories,Building Materials,Various,34985.55,USD,Vinith B.,Order
74,RFQ-7212-V40019,"MVL USA, INC",06 Jan 2026,RFQ,South-tek S.L.,"JPN-143 W912HV24C0010 FY23 OMA, Convert Vehicle Storage Warehouse, B122-S1",Nitrogen Generator &amp; Air Compressor,Building Materials,Various,40826.8,USD,Rahul N.,Order
75,RFQ-1005-V7264,MV LLC,05 Jan 2026,RFQ,Holbrook P.S.,MVL Trading - PVC Pipes &amp; Fittings,PVC Pipes &amp; Fittings,Building Materials,Various,11906.66,USD,Rahul N.,Order
76,RFQ-1005-V7263,MV LLC,05 Jan 2026,RFQ,Cimmaron I.C.,MVL Trading - Supply Of Ductile Iron Pipes,Ductile Iron Pipes,Building Materials,Various,26504.46,USD,Rahul N.,Order
77,RFQ-5532-V40090,MVL USA JV LLC,05 Jan 2026,RFQ,FALSE,BIOT-121 N4008421D0082/N4008421R0079 AEC DB DBB MACC (Batchplant),Aviation Lights,Building Materials,Various,3019.07,EURO, ,Waiting
78,RFQ-7139-E6823,"MVL USA, INC",05 Jan 2026,RFQ,Tic L.E.,"ORD-7139 RMI-127 W9128A24C0012 Air Traffic Control Tower &amp; Terminal, Kwajalein Island, U.S. Army Garrison - Kwajalein Atoll (USAG-KA), Republic Of The Marshall Islands",PVC Nonmetallic Conduits (CANTEX),Electrical,Electrical,7116.68,USD,Shah F.,Order
79,RFQ-7139-E6822,"MVL USA, INC",05 Jan 2026,RFQ,Benfield E.I.,"ORD-7139 RMI-127 W9128A24C0012 Air Traffic Control Tower &amp; Terminal, Kwajalein Island, U.S. Army Garrison - Kwajalein Atoll (USAG-KA), Republic Of The Marshall Islands",PVC Coated Conduits,Electrical,Electrical,54944.13,USD,Shah F.,Order
80,RFQ-6705-A5301,"MVL USA, INC",05 Jan 2026,RFQ,Bm M.E.,"ORD-6705 RMI-125 W9128A23C0010 FY23 MCA PN 080242 Medical Clinic, U.S. Army Garrison, Kwajalein Atoll, Republic Of The Marshall Islands (RMI)",Paints &amp; Coatings-for Building 729,Paints,Architectural,2212,USD,Shah F.,Order
81,RFQ-1569-V4432,MACRO,05 Jan 2026,RFQ,Al S.V.,MVL Group Office Related POs,JANUARY 2026 - INGREDIENTS - VEROMATIC SILEO Espresso Coffee Machine,Misc.,Various,1485.75,AED,Marman I.,Order
82,RFQ-5829-V40038,MACRO,02 Jan 2026,RFQ,Unitech D.P.,"ORD-5829 UAE-123R W912ER22C0026 P-960 Triton Operational Facility, United Arab Emirates","Air Pavement - - Epoxy-Coated Dowel Bars (410mm X 25mm)  And Welded Wire Mesh (150x150x07x07mm, 2.4m X 4.8m Sheets)",Building Materials,Various,60643.28,USD,Marman I.,Order
83,RFQ-8206-O1,MACRO,24 Dec 2025,RFQ,Kyoto T.,"ORD-8206 JPN-158 GNFR-FC KAD-25-23130 Navy Exchange Services Command (NEXCOM) Navy Gateway Inns And Suites (NGIS) Central Lodging Project At Kadena Air Base - Okinawa, Japan",Lenovo Business Laptop,Computer Peripherals,Office Assets,49770,AED,Vinith B.,Order
84,RFQ-7212-V40018,MVL USA JV LLC,19 Dec 2025,RFQ,South-tek S.L.,"JPN-143 W912HV24C0010 FY23 OMA, Convert Vehicle Storage Warehouse, B122-S1",Nitrogen Generator &amp; Air Compressor,Building Materials,Various,40826.8,USD,Rahul N.,Order
85,RFQ-6852-V40037,MVL USA JV LLC,19 Dec 2025,RFQ,Jet F.S.,BIOT-121.35 N4008424F4221 QC8067-Repair To Fuel Piping System. F#408 NSF DG,Fuel System Repair Materials,Building Materials,Various,23112.64,USD,Rahul N.,Order
86,RFQ-5532-V4378,MACRO,19 Dec 2025,RFQ,Green F.T.,BIOT-121 N4008421D0082/N4008421R0079 AEC DB DBB MACC,Plan Swift 11 Measurements &amp; QTY Takeoff Software -  Perpetual License - Marte Alzate,Misc.,Various,7749,AED,Marman I.,Order
87,RFQ-7073-V40013,MACRO,18 Dec 2025,RFQ,Smith I.G.,ORD- 7073 BIOT-121.68 N4008424F4583 QC3078 Repairs To Concrete Water Tanks (X026),Gaskets,Building Materials,Various,18553.5,USD,Lince M.,Order
88,RFQ-7139-V40063,"MVL USA, INC",18 Dec 2025,RFQ,V-trust I.S.,"ORD-7139 RMI-127 W9128A24C0012 Air Traffic Control Tower &amp; Terminal, Kwajalein Island, U.S. Army Garrison - Kwajalein Atoll (USAG-KA), Republic Of The Marshall Islands",JFVD78922 - Preshipment Inspection - Coaster 19 Seats Bus MD6601 And Two Years Wearing Spare Parts List,Building Materials,Various,268,USD,Marman I.,Order
89,RFQ-6705-V40163,"MVL USA, INC",18 Dec 2025,RFQ,Penn S.P.,"ORD-6705 RMI-125 W9128A23C0010 FY23 MCA PN 080242 Medical Clinic, U.S. Army Garrison, Kwajalein Atoll, Republic Of The Marshall Islands (RMI)","SS316, ASTM A312, SCH40 WELDED PIPES",Building Materials,Various,2830.61,USD,Maricar I.,Order
90,RFQ-7878-V40004,MVL USA JV LLC,17 Dec 2025,RFQ,Integrated C.S.,"BIOT-121.99 N4008425F0127 Repairs To HVAC System, F-2296, NSFDG (X061)",Chilled Water Pumps,Building Materials,Various,12812,USD,Rahul N.,Waiting
91,RFQ-6852-V40036,MVL USA JV LLC,17 Dec 2025,RFQ,Jet F.S.,BIOT-121.35 N4008424F4221 QC8067-Repair To Fuel Piping System. F#408 NSF DG,Fuel System Repair Materials,Building Materials,Various,23112.64,USD,Rahul N.,Waiting
92,RFQ-7878-V40003,MVL USA JV LLC,17 Dec 2025,RFQ,Integrated C.S.,"BIOT-121.99 N4008425F0127 Repairs To HVAC System, F-2296, NSFDG (X061)",Expansion And Buffer Tanks,Building Materials,Various,8957,USD,Rahul N.,Order
93,RFQ-6705-V40162,"MVL USA, INC",17 Dec 2025,RFQ,Cimmaron I.C.,"RMI-125 W9128A23C0010 FY23 MCA PN 080242 Medical Clinic, U.S. Army Garrison, Kwajalein Atoll, Republic Of The Marshall Islands (RMI)",Ductile Iron Pipes And Fittings,Building Materials,Various,7472.62,USD,Vinith B.,Order
94,RFQ-7864-V40004,MACRO,17 Dec 2025,RFQ,Right C.E.,BIOT-121.93 REPAIR OF WINDOWS AND FLOORING AT F-1565 AND F-115 (X060),Adhesive For Carpets,Building Materials,Various,462,AED,Rahul N.,Order
95,RFQ-7212-V40017,MACRO,17 Dec 2025,RFQ,Bms B.S.,"JPN-143 W912HV24C0010 FY23 OMA, Convert Vehicle Storage Warehouse, B122-S1",Gas Detector System &amp; Controls,Building Materials,Various,51036.68,AED,Rahul N.,Order
96,RFQ-7139-V40062,"MVL USA, INC",17 Dec 2025,RFQ,Cimmaron I.C.,"ORD-7139 RMI-127 W9128A24C0012 Air Traffic Control Tower &amp; Terminal, Kwajalein Island, U.S. Army Garrison - Kwajalein Atoll (USAG-KA), Republic Of The Marshall Islands",Ductile Iron Pipes And Fittings,Building Materials,Various,23402.52,USD,Vinith B.,Order
97,Q-5503-V40014,MVL Greece,17 Dec 2025,IQ,Salzer G.,ORD-5503 GRE-121 N6247022C0002 Communication Center - Souda Bay,Project P22-0698 (Mat Film Application),Building Materials,Various,840,EURO,Marman I.,Quotation
98,RFQ-5532-V4377,MACRO,17 Dec 2025,RFQ,Alelham C.L.,BIOT-121 N4008421D0082/N4008421R0079 AEC DB DBB MACC,Magnet Sticker Panels - 210 &times; 120 Cm,Misc.,Various,3843,AED,Marman I.,Order
99,RFQ-7139-V40061,"MVL USA, INC",16 Dec 2025,RFQ,Dateline E.I.,"ORD-7139 RMI-127 W9128A24C0012 Air Traffic Control Tower &amp; Terminal, Kwajalein Island, U.S. Army Garrison - Kwajalein Atoll (USAG-KA), Republic Of The Marshall Islands",SPONGE RUBBER EXPANSION JOINT FILLER,Building Materials,Various,20217.63,USD,Vinith B.,Order
100,RFQ-7139-V40060,"MVL USA, INC",16 Dec 2025,RFQ,American I.S.,"ORD-7139 RMI-127 W9128A24C0012 Air Traffic Control Tower &amp; Terminal, Kwajalein Island, U.S. Army Garrison - Kwajalein Atoll (USAG-KA), Republic Of The Marshall Islands",PVC C900 Pipes And Fittings For Fire Water Network,Building Materials,Various,15822.14,USD,Vinith B.,Order
101,RFQ-5829-V40037,MACRO,16 Dec 2025,RFQ,Oasis M.M.,"ORD-5829 UAE-123R W912ER22C0026 P-960 Triton Operational Facility, United Arab Emirates",Oasis Metal Quotation OMM/24‑3693 -  (Triton Project Facility B &ndash; Trench Gratings) - COP7,Building Materials,Various,29610,AED,Marman I.,Order
102,RFQ-7139-V40059,"MVL USA, INC",16 Dec 2025,RFQ,V-trust I.S.,"ORD-7139 RMI-127 W9128A24C0012 Air Traffic Control Tower &amp; Terminal, Kwajalein Island, U.S. Army Garrison - Kwajalein Atoll (USAG-KA), Republic Of The Marshall Islands",INV-JFVD72671 - Preshipment Inspection - DONGFENG 190HP Truck Mounted XCMG 6.3Ton Crane And Spare Parts,Building Materials,Various,268,USD,Marman I.,Order
103,RFQ-7139-S9144,"MVL USA, INC",16 Dec 2025,RFQ,Morrico E.L.,"ORD-7139 RMI-127 W9128A24C0012 Air Traffic Control Tower &amp; Terminal, Kwajalein Island, U.S. Army Garrison - Kwajalein Atoll (USAG-KA), Republic Of The Marshall Islands",Filters- Maintenance Parts For 37.5KVA GENERATOR SET,Subcontract,Services,502.47,USD,Shah F.,Order
104,RFQ-7212-V40016,MACRO,15 Dec 2025,RFQ,Fastener P.L.,"JPN-143 W912HV24C0010 FY23 OMA, Convert Vehicle Storage Warehouse, B122-S1",16mm Thread Rods,Building Materials,Various,1181.84,AED,Rahul N.,Order
105,RFQ-6705-V40161,"MVL USA, INC",15 Dec 2025,RFQ,Smithbridge G.,"ORD-6705 RMI-125 W9128A23C0010 FY23 MCA PN 080242 Medical Clinic, U.S. Army Garrison, Kwajalein Atoll, Republic Of The Marshall Islands (RMI)",#67 Rock(Coarse Aggregate),Building Materials,Various,92284.55,USD,Shah F.,Order
106,RFQ-1569-O113,MACRO,15 Dec 2025,RFQ,Allcad S.L.,MVL Group Office Related POs,Bluebeam Core License - Mansoor.Junbesh@mvl-group.com - Quotation Ref.  SA732,Computer Peripherals,Office Assets,971.25,AED,Marman I.,Order
107,RFQ-7864-A5201,MVL USA JV LLC,15 Dec 2025,RFQ,Lakshmi M.T.,ORD-7864 BIOT-121.93 REPAIR OF WINDOWS AND FLOORING AT F-1565 AND F-115 (Task - X060),Aluminium Windows,Doors,Architectural,257077.05,AED,Lince M.,Order
108,RFQ-1569-V4271,MACRO,15 Dec 2025,RFQ,Blue C.F.,MVL Group Office Related POs,BCA (M) -913 - MEETING ROOM 1804-1805,Building Materials,Various,1890,AED,Marman I.,Waiting
109,RFQ-1569-O112,MACRO,15 Dec 2025,RFQ,Allcad S.L.,MVL Group Office Related POs,Quotation Ref: SA729 - Bluebeam Core Renewal -,Computer Peripherals,Office Assets,1942.5,AED,Marman I.,Order
110,RFQ-5532-V4376,MACRO,12 Dec 2025,RFQ,Alelham C.L.,BIOT-121 N4008421D0082/N4008421R0079 AEC DB DBB MACC,Magnet Sticker - Mounted On Magnet Sheet - 45 &times; 20 Cm,Misc.,Various,2598.75,AED,Marman I.,Order
111,RFQ-5532-O4,MACRO,11 Dec 2025,RFQ,Amazon.ae ,BIOT-121 N4008421D0082/N4008421R0079 AEC DB DBB MACC,INTERNAL REF  - AMAZON SINGAPORE ORDER - WATER METER AND SS PLUG WITH HEAD,Computer Peripherals,Office Assets,1235.33,USD,Marman I.,Order
112,RFQ-1569-O111,"MVL USA, INC",11 Dec 2025,RFQ,Managed S.L.,MVL Group Office Related POs,Microsoft 365 G5 GCC &ndash; Annual Subscription Licenses (Pro-Rated) - Inv - 115999,Computer Peripherals,Office Assets,667.9,USD,Marman I.,Order
113,RFQ-6705-V4362,"MVL USA, INC",11 Dec 2025,RFQ,Industrial S.P.,"ORD-6705 RMI-125 W9128A23C0010 FY23 MCA PN 080242 Medical Clinic, U.S. Army Garrison, Kwajalein Atoll, Republic Of The Marshall Islands (RMI)",Confined Space Kit,Misc.,Various,1746.9,USD,Shah F.,Order
114,RFQ-5532-M4057,MVL USA JV LLC,11 Dec 2025,RFQ,Evangel I.M.,BIOT-121 N4008421D0082/N4008421R0079 AEC DB DBB MACC,Official Quotation-7 Machines Spare Parts,Machine / Equipments,Mechanical,12800,USD,Marman I.,Order
115,RFQ-7139-V40058,"MVL USA, INC",10 Dec 2025,RFQ,Dateline E.I.,"ORD-7139 RMI-127 W9128A24C0012 Air Traffic Control Tower &amp; Terminal, Kwajalein Island, U.S. Army Garrison - Kwajalein Atoll (USAG-KA), Republic Of The Marshall Islands",Roofing Felt,Building Materials,Various,467,USD,Vinith B.,Order
116,RFQ-6705-E6843,"MVL USA, INC",10 Dec 2025,RFQ,Tic L.E.,"ORD-6705 RMI-125 W9128A23C0010 FY23 MCA PN 080242 Medical Clinic, U.S. Army Garrison, Kwajalein Atoll, Republic Of The Marshall Islands (RMI)",Cantex- Male Terminal Adapter,Electrical,Electrical,380.47,USD,Shah F.,Order
117,RFQ-7139-M4020,"MVL USA, INC",10 Dec 2025,RFQ,Henan X.E.,"ORD-6705 RMI-125 W9128A23C0010 FY23 MCA PN 080242 Medical Clinic, U.S. Army Garrison, Kwajalein Atoll, Republic Of The Marshall Islands (RMI) And  ORD-7139 RMI-127 W9128A24C0012 Air Traffic Control Tower &amp; Terminal, Kwajalein Island, U.S. Army Garrison - Kwajalein Atoll (USAG-KA), Republic Of The Marshall Islands",XH202310251-1 - Gulf Carts - GM-6D+2 And GM-4D With Cargo,Machine / Equipments,Mechanical,29778,USD,Marman I.,Order
118,RFQ-6705-V40160,"MVL USA, INC",10 Dec 2025,RFQ,Kelly &.H.,"ORD-6705 RMI-125 W9128A23C0010 FY23 MCA PN 080242 Medical Clinic, U.S. Army Garrison, Kwajalein Atoll, Republic Of The Marshall Islands (RMI)",OCAL-PVC Coated Coupler,Building Materials,Various,3854.01,USD,Shah F.,Order
119,RFQ-5532-M4056,MVL USA JV LLC,09 Dec 2025,RFQ,Fastwin G.C.,BIOT-121 N4008421D0082/N4008421R0079 AEC DB DBB MACC,AG25AQ426D - VIN: CLW5070QL - Isuzu Van,Machine / Equipments,Mechanical,1595.54,USD,Marman I.,Order
120,Q-1005-O10,MACRO,09 Dec 2025,IQ,Unicef ,"Supply &amp; Delivery Of Chrome Book Laptop-UNICEF, Pakistan","Supply &amp; Delivery Of Chrome Book Laptop-UNICEF, Pakistan",Computer Peripherals,Office Assets,3993500,USD,Shinso M.,Waiting
121,RFQ-7208-V40027,MVL USA JV LLC,09 Dec 2025,RFQ,Dateline E.I.,"ORD-7208 BIOT-121.76 N4008424F4725 REPAIRS TO CHRIMP FACILITY 724 (QS60400) &amp; FACILITY 725 (QS6041), NSFDG (X029)",Door Awning And Accessories,Building Materials,Various,13126.16,USD,Lince M.,Order
122,RFQ-6705-E6842,"MVL USA, INC",09 Dec 2025,RFQ,Benfield E.I.,"ORD-6705 RMI-125 W9128A23C0010 FY23 MCA PN 080242 Medical Clinic, U.S. Army Garrison, Kwajalein Atoll, Republic Of The Marshall Islands (RMI)",Cadweld Exothermic Molds And Accessories,Electrical,Electrical,2605.39,USD,Shah F.,Order
123,RFQ-5532-M4055,MVL USA JV LLC,09 Dec 2025,RFQ,Fastwin G.C.,BIOT-121 N4008421D0082/N4008421R0079 AEC DB DBB MACC,AG25AQ426C- MAXUS VAN SPARE PARTS,Machine / Equipments,Mechanical,1735.96,USD,Marman I.,Order
124,RFQ-5532-O3,MACRO,09 Dec 2025,RFQ,Amazon.ae ,BIOT-121 N4008421D0082/N4008421R0079 AEC DB DBB MACC,Amazon - Water Dispenser - Clinic - Ralph - Gen T.O. - AMR-422 - PRM-106,Computer Peripherals,Office Assets,608.99,AED,Marman I.,Order
125,RFQ-1569-O110,MACRO,08 Dec 2025,RFQ,Kyoto T.,MVL Group Office Related POs,Gateway Ubiquiti EFG - Harware - Quote Ref: KT/1125/210,Computer Peripherals,Office Assets,15435,AED,Marman I.,Order
126,RFQ-7139-V40057,"MVL USA, INC",08 Dec 2025,RFQ,Ej U.I.,"ORD-7139 RMI-127 W9128A24C0012 Air Traffic Control Tower &amp; Terminal, Kwajalein Island, U.S. Army Garrison - Kwajalein Atoll (USAG-KA), Republic Of The Marshall Islands","Cover And Frame, Cleanout For Sewer Manhole",Building Materials,Various,7364.09,USD,Vinith B.,Order
127,RFQ-6705-V40159,"MVL USA, INC",08 Dec 2025,RFQ,Jw S.H.,"ORD-6705 RMI-125 W9128A23C0010 FY23 MCA PN 080242 Medical Clinic, U.S. Army Garrison, Kwajalein Atoll, Republic Of The Marshall Islands (RMI)",PVC Cement For COSA- Plumbing,Building Materials,Various,749.96,USD,Shah F.,Order
128,Q-1005-M4094,"MVL USA, INC",08 Dec 2025,IQ,Gsa G.,47QSSC-26-Q-0017-Supply &amp; Delivery Of VMS Valve Maintenance Skid-GSA,47QSSC-26-Q-0017-Supply &amp; Delivery Of VMS Valve Maintenance Skid-GSA,Machine / Equipments,Mechanical,232788,USD, ,Quotation
129,RFQ-7139-V40056,"MVL USA, INC",08 Dec 2025,RFQ,Nucor R.F.,"ORD-7139 RMI-127 W9128A24C0012 Air Traffic Control Tower &amp; Terminal, Kwajalein Island, U.S. Army Garrison - Kwajalein Atoll (USAG-KA), Republic Of The Marshall Islands",Epoxy Coated Cut And Bend Steel For Foundation &amp; SOG,Building Materials,Various,348872.41,USD,Vinith B.,Order
130,RFQ-5532-V4375,MVL USA JV LLC,08 Dec 2025,RFQ,Amazon.ae ,BIOT-121 N4008421D0082/N4008421R0079 AEC DB DBB MACC,COOLAKE Commercial Ice Maker Machine (Model K-Serial),Misc.,Various,5885.28,USD,Marman I.,Order
131,RFQ-5532-M4054,MVL USA JV LLC,08 Dec 2025,RFQ,Fastwin G.C.,BIOT-121 N4008421D0082/N4008421R0079 AEC DB DBB MACC,AG25AQ426E - Laydown 1 Mechanic Work Shop &ndash; JMC Pick Up (VIN: JX1033TSEA),Machine / Equipments,Mechanical,4020.43,USD,Marman I.,Order
132,RFQ-5532-M4053,MVL USA JV LLC,08 Dec 2025,RFQ,Fastwin G.C.,BIOT-121 N4008421D0082/N4008421R0079 AEC DB DBB MACC,Isuzu Mini Van - AG25AQ426F - Mini Ambulance Parts (VIN: LGDCH91DXSA000743),Machine / Equipments,Mechanical,927.54,USD,Marman I.,Order
133,RFQ-7139-V40055,"MVL USA, INC",08 Dec 2025,RFQ,Holbrook P.S.,"ORD-7139 RMI-127 W9128A24C0012 Air Traffic Control Tower &amp; Terminal, Kwajalein Island, U.S. Army Garrison - Kwajalein Atoll (USAG-KA), Republic Of The Marshall Islands",Additional  SDR35 Fittings,Building Materials,Various,641.44,USD,Shah F.,Order
134,RFQ-6705-V4361,"MVL USA, INC",04 Dec 2025,RFQ,Triple J.E.,"ORD-6705 RMI-125 W9128A23C0010 FY23 MCA PN 080242 Medical Clinic, U.S. Army Garrison, Kwajalein Atoll, Republic Of The Marshall Islands (RMI)",Battery For Grout Pump,Misc.,Various,353.69,USD,Shah F.,Order
135,RFQ-5532-M4052,MVL USA JV LLC,04 Dec 2025,RFQ,Evangel I.M.,BIOT-121 N4008421D0082/N4008421R0079 AEC DB DBB MACC,MVL-DG Equipment -VibratoryCompactors- -X025 - John,Machine / Equipments,Mechanical,25000,USD,Marman I.,Order
136,RFQ-7139-S9102,MACRO,04 Dec 2025,RFQ,Tuv S.M.,"ORD-7139 RMI-127 W9128A24C0012 Air Traffic Control Tower &amp; Terminal, Kwajalein Island, U.S. Army Garrison - Kwajalein Atoll (USAG-KA), Republic Of The Marshall Islands",Pre-Shipment Inspection Scope For Steel Bar Bending &amp; Cutting Machines,Services,Services,1260,AED,Marman I.,Order
137,RFQ-5532-M4051,MVL USA JV LLC,04 Dec 2025,RFQ,Fastwin G.C.,BIOT-121 N4008421D0082/N4008421R0079 AEC DB DBB MACC,Material Request #MR-108 MR - Vehicle - -Nissan Pick-up - Vin:LJNTGUCYXNN264266,Machine / Equipments,Mechanical,1953.44,USD,Marman I.,Order
138,RFQ-5532-M4050,MVL USA JV LLC,04 Dec 2025,RFQ,Fastwin G.C.,BIOT-121 N4008421D0082/N4008421R0079 AEC DB DBB MACC,Material Request #MR-108 MR - Vehicle -Great Wall Pick-up,Machine / Equipments,Mechanical,1247.28,USD,Marman I.,Order
139,RFQ-7039-E6809,MVL USA JV LLC,03 Dec 2025,RFQ,Wesco D.I.,"ORD-7039 BIOT-121.60 N4008424F4507 EProject 1693634 REPAIR SPP F1SA AND F2S OVERHEAD FEEDERS, RM20-1216",Conduit Sealant And Tool,Electrical,Electrical,23840.64,USD,Lince M.,Waiting
140,RFQ-7139-V40054,"MVL USA, INC",03 Dec 2025,RFQ,American I.S.,"ORD-7139 RMI-127 W9128A24C0012 Air Traffic Control Tower &amp; Terminal, Kwajalein Island, U.S. Army Garrison - Kwajalein Atoll (USAG-KA), Republic Of The Marshall Islands",PVC C-900 Pipe And Fittings(Purple) For Non-Potable Water Network,Building Materials,Various,9819.85,USD,Vinith B.,Order
141,RFQ-6705-V4360,"MVL USA, INC",03 Dec 2025,RFQ,Total I.,"ORD-6705 RMI-125 W9128A23C0010 FY23 MCA PN 080242 Medical Clinic, U.S. Army Garrison, Kwajalein Atoll, Republic Of The Marshall Islands (RMI)",JCB-Spare Parts For JCB Backhoe Loader,Misc.,Various,3736.6,USD,Shah F.,Order
142,RFQ-6705-V40158,"MVL USA, INC",03 Dec 2025,RFQ,American I.S.,"ORD-6705 RMI-125 W9128A23C0010 FY23 MCA PN 080242 Medical Clinic, U.S. Army Garrison, Kwajalein Atoll, Republic Of The Marshall Islands (RMI)",Storm Water Frame And Grate,Building Materials,Various,17210.22,USD,Vinith B.,Order
143,RFQ-6705-V40157,"MVL USA, INC",03 Dec 2025,RFQ,Tsang B.C.,"ORD-6705 RMI-125 W9128A23C0010 FY23 MCA PN 080242 Medical Clinic, U.S. Army Garrison, Kwajalein Atoll, Republic Of The Marshall Islands (RMI)",LSA &amp; Batch Plant -Plumbing Items,Building Materials,Various,6983,USD,Shah F.,Order
144,RFQ-7139-V40053,"MVL USA, INC",03 Dec 2025,RFQ,V-trust I.S.,"ORD-7139 RMI-127 W9128A24C0012 Air Traffic Control Tower &amp; Terminal, Kwajalein Island, U.S. Army Garrison - Kwajalein Atoll (USAG-KA), Republic Of The Marshall Islands",Pre-Shipment Inspection - INV-JFVN91473 - 9m3 Dust Suppression Truck (Ref: AM25E09170056602),Building Materials,Various,268,USD,Marman I.,Order
145,RFQ-6705-O3,MACRO,03 Dec 2025,RFQ,Allcad S.L.,"ORD-6705 RMI-125 W9128A23C0010 FY23 MCA PN 080242 Medical Clinic, U.S. Army Garrison, Kwajalein Atoll, Republic Of The Marshall Islands (RMI)",Bluebeam Core Annual Subscription For Andrew.Cabigon@mvl-group.com &ndash; Quotation Ref. SA689,Computer Peripherals,Office Assets,971.25,AED,Marman I.,Order
146,RFQ-7212-M4101,MACRO,27 Nov 2025,RFQ,Asia E.M.,"JPN-143 W912HV24C0010 FY23 OMA, Convert Vehicle Storage Warehouse, B122-S1",Grooved Fittings &amp; Valves,Mechanical Items,Mechanical,215573.06,AED,Rahul N.,Order
147,RFQ-1569-V4431,MACRO,27 Nov 2025,RFQ,Sonya P.&.,MVL Group Office Related POs,"Indoor Plants Maintenance Contract Agreement &ndash; Sonya Plants &amp; Flowers LLC &amp; MVL Group (Effective 15 Nov 2025, Duration: 1 Year)",Misc.,Various,6615,AED,Marman I.,Waiting
148,RFQ-5829-M4002,MACRO,27 Nov 2025,RFQ,Wecare M.T.,"ORD-5829 UAE-123R W912ER22C0026 P-960 Triton Operational Facility, United Arab Emirates",AIR FIELD PAVEMENT - WC/SQ/9922/R/1 - Petrol Vibrator  And Poker Shaft,Machine / Equipments,Mechanical,7423.5,AED,Marman I.,Order
149,RFQ-5532-M4049,MVL USA JV LLC,27 Nov 2025,RFQ,Evangel I.M.,BIOT-121 N4008421D0082/N4008421R0079 AEC DB DBB MACC,Material Request #MR-105 MR - Parts For Roller For LUTONG LTC301  Compactor - Work Shop Mechanics - Jess CO,Machine / Equipments,Mechanical,556,USD,Marman I.,Order
150,RFQ-6718-V40039,MVL USA JV LLC,26 Nov 2025,RFQ,Kelly &.H.,"BIOT-121.48 N4008424F4064 EPROJECT 1718005 QC2011 REPLACE ADRF PUMPS 7, 8, AND 9, F-409 (X048)",Cable Gland,Building Materials,Various,2855,USD,Rahul N.,Order
151,Q-1005-M4093,MACRO,26 Nov 2025,IQ,Fao ,2025/FETUR/FETUR/134563-Supply &amp; Delivery Of Kitchen Equipment-FAO,2025/FETUR/FETUR/134563-Supply &amp; Delivery Of Kitchen Equipment-FAO,Machine / Equipments,Mechanical,55503,USD,Shinso M.,Waiting
152,RFQ-7139-V40052,"MVL USA, INC",26 Nov 2025,RFQ,Cresset C.C.,"ORD-7139 RMI-127 W9128A24C0012 Air Traffic Control Tower &amp; Terminal, Kwajalein Island, U.S. Army Garrison - Kwajalein Atoll (USAG-KA), Republic Of The Marshall Islands",Crete-Lease Bio-Tru-Xtra All-Xtra With PR,Building Materials,Various,3193.65,USD,Shah F.,Order
153,RFQ-7208-E6800,MVL USA JV LLC,26 Nov 2025,RFQ,Kelly &.H.,"BIOT-121.76 N4008424F4725 REPAIRS TO CHRIMP FACILITY 724 (QS6040) &amp; FACILITY 725 (QS6041) ,NSFDG (X029)","Receptacles, Switches &amp; Breakglass Station",Electrical,Electrical,12638.94,USD,Rahul N.,Order
154,RFQ-5829-E6818B,MACRO,26 Nov 2025,RFQ,Dubai C.C.,"ORD-5829 UAE-123R W912ER22C0026 P-960 Triton Operational Facility, United Arab Emirates",Procurement Support - LV Cables,Electrical,Electrical,4188081.25,AED,Lince M.,Order
155,Q-5153-S9113,MPG JV,25 Nov 2025,IQ,Navfac A.,"ITA-121 N6247021C0003 P-759, Family Housing New Construction Villaggio SW And Camp Ederle North - Vicenza, Italy",P010027.00 &ndash; 0097 -001 &ndash; Percassi Out Of Scope Work,Subcontract,Services,0,USD, ,Cancled
156,Q-5153-S9112,MPG JV,25 Nov 2025,IQ,Navfac A.,"ITA-121 N6247021C0003 P-759, Family Housing New Construction Villaggio SW And Camp Ederle North - Vicenza, Italy",P010027.00 &ndash; 0097 -002 &ndash; Gemmo Out Of Scope Work.,Subcontract,Services,0,USD, ,Cancled
157,RFQ-5153-S9111,MPG JV,25 Nov 2025,RFQ,Impresa P.S.,"ITA-121 N6247021C0003 P-759, Family Housing New Construction Villaggio SW And Camp Ederle North - Vicenza, Italy",P010027.00 &ndash; 0097 -001 - Percassi,Subcontract,Services,0,USD, ,Order
158,RFQ-5153-S9110,MPG JV,25 Nov 2025,RFQ,Gemmo S.,"ITA-121 N6247021C0003 P-759, Family Housing New Construction Villaggio SW And Camp Ederle North - Vicenza, Italy",P010027.00 &ndash; 0097 -002 &ndash; Gemmo,Subcontract,Services,0,USD, ,Order
159,RFQ-7212-V40015,MACRO,24 Nov 2025,RFQ,Al K.I.,"JPN-143 W912HV24C0010 FY23 OMA, Convert Vehicle Storage Warehouse, B122-S1",Pressure Gauge &amp; Flow Indicator,Building Materials,Various,4000,AED,Rahul N.,Order
160,RFQ-7212-V40014,"MVL USA, INC",24 Nov 2025,RFQ,Cla-val E.S.,"JPN-143 W912HV24C0010 FY23 OMA, Convert Vehicle Storage Warehouse, B122-S1",Air Release Valve,Building Materials,Various,560,USD,Rahul N.,Order
161,RFQ-7212-V40013,MACRO,24 Nov 2025,RFQ,Technopro M.E.,"JPN-143 W912HV24C0010 FY23 OMA, Convert Vehicle Storage Warehouse, B122-S1",Supports And Hangers,Building Materials,Various,15948.6,AED,Rahul N.,Order
162,RFQ-7212-V40012,MACRO,24 Nov 2025,RFQ,Al A.M.,"JPN-143 W912HV24C0010 FY23 OMA, Convert Vehicle Storage Warehouse, B122-S1",Floor &amp; Wall Supports,Building Materials,Various,42687.49,AED,Rahul N.,Order
163,RFQ-7139-M4019,MACRO,24 Nov 2025,RFQ,Crux T.L.,"ORD-6705 RMI-125 W9128A23C0010 FY23 MCA PN 080242 Medical Clinic, U.S. Army Garrison, Kwajalein Atoll, Republic Of The Marshall Islands (RMI) And  ORD-7139 RMI-127 W9128A24C0012 Air Traffic Control Tower &amp; Terminal, Kwajalein Island, U.S. Army Garrison - Kwajalein Atoll (USAG-KA), Republic Of The Marshall Islands","Transformer 7 KVA (4 KW), 3 Phase, 60 Hz - CXQ/2025/11/P-3924",Machine / Equipments,Mechanical,4200,AED,Marman I.,Order
164,RFQ-5532-M4048,MVL USA JV LLC,24 Nov 2025,RFQ,Evangel I.M.,BIOT-121 N4008421D0082/N4008421R0079 AEC DB DBB MACC,MR-103 Spare Parts For Backhoe Loader MVL-OPS 006  CIF Singapore - MVL Bromgrove JV LLC,Machine / Equipments,Mechanical,939,USD,Marman I.,Order
165,RFQ-1569-O109,MACRO,23 Nov 2025,RFQ,Amazon.ae ,MVL Group Office Related POs,"Office 1806 Lounge Area (Knife Set &amp; Bamboo Cutting Board, Order #408-7359639-5998743)",Computer Peripherals,Office Assets,49.07,AED,Marman I.,Order
166,RFQ-1005-V7262,MV LLC,21 Nov 2025,RFQ,Cimmaron I.C.,MVL Trading - Supply Of HDPE Pipes &amp; Fittings,HDPE Pipes &amp; Fittings,Building Materials,Various,10922.4,USD,Rahul N.,Order
167,RFQ-7414-V40000,MV LLC,21 Nov 2025,RFQ,Cimmaron I.C.,"LEB-127 W912ER25C0001 Restore Beirut Naval Base (BNB), Beirut Naval Base, Lebanon",HDPE Pipes &amp; Fittings,Building Materials,Various,10922.4,USD,Rahul N.,Order
168,RFQ-1569-O108,MACRO,21 Nov 2025,RFQ,Amazon.ae ,MVL Group Office Realted POs,"1806 - Company Credit Card Purchases (Amazon.ae Orders, 21 November 2025)",Computer Peripherals,Office Assets,1926.4,AED,Marman I.,Order
169,RFQ-5532-V4374,MACRO,21 Nov 2025,RFQ,Tsi I.F.,BIOT-121 N4008421D0082/N4008421R0079 AEC DB DBB MACC,DG - MVL Branded Polo Shirts (Black &amp; Grey) With Embroidered Logo,Misc.,Various,3360,AED,Marman I.,Order
170,RFQ-5532-M4106,MACRO,21 Nov 2025,RFQ,Alwan Z.T.,BIOT-121 N4008421D0082/N4008421R0079 AEC DB DBB MACC,Batch Plant - Saddle Clamp &amp; Connector  ANZ Waters - MV191125,Mechanical Items,Mechanical,4968.02,AED,Marman I.,Order
171,Q-1005-M4092,MACRO,20 Nov 2025,IQ,Unicef ,LRFQ-2025-9201281-Supply &amp; Delivery Of Medical Equipment-Pakistan,LRFQ-2025-9201281-Supply &amp; Delivery Of Medical Equipment-Pakistan,Machine / Equipments,Mechanical,20000,USD,Shinso M.,Quotation
172,RFQ-5532-M4047,MVL USA JV LLC,20 Nov 2025,RFQ,Evangel I.M.,BIOT-121 N4008421D0082/N4008421R0079 AEC DB DBB MACC,BATCH 1 Equipment Supply For 2026 DG - Projects,Machine / Equipments,Mechanical,140800,USD,Marman I.,Order
173,RFQ-1569-V4430,MACRO,20 Nov 2025,RFQ,Sonya P.&.,MVL Group Office Related POs,1806 - Sonya Plants And Flowers,Misc.,Various,1638,AED,Marman I.,Order
174,RFQ-7616-V40000,MVL USA JV LLC,20 Nov 2025,RFQ,Rapid S.(.,"BIOT-121.82 REPAIRS TO BARRICADED STORAGE MODULES (F-840, 835, 834, 839 &amp; 841) &amp; CONSTRUCT CANOPY &amp; LOUVER (F-148) (Task - X058)",Scaffolding,Building Materials,Various,56316.17,USD,Rahul N.,Order
175,RFQ-1569-O107,MACRO,20 Nov 2025,RFQ,Amazon.ae ,MVL Group Office Realtrd POs,1806 Amazon Purchased 11202025,Computer Peripherals,Office Assets,663.47,AED,Marman I.,Order
176,RFQ-7139-V40051,"MVL USA, INC",20 Nov 2025,RFQ,Smithbridge G.,"ORD-7139 RMI-127 W9128A24C0012 Air Traffic Control Tower &amp; Terminal, Kwajalein Island, U.S. Army Garrison - Kwajalein Atoll (USAG-KA), Republic Of The Marshall Islands",Slags For Concrete Mix Design,Building Materials,Various,10875.71,USD,Shah F.,Order
177,RFQ-6705-V40156,"MVL USA, INC",20 Nov 2025,RFQ,Scott &.F.,"ORD-6705 RMI-125 W9128A23C0010 FY23 MCA PN 080242 Medical Clinic, U.S. Army Garrison, Kwajalein Atoll, Republic Of The Marshall Islands (RMI)",Mineral Wool (Rockwool Safe N Sound),Building Materials,Various,1690,USD,Shah F.,Order
178,RFQ-1569-O106,MACRO,20 Nov 2025,RFQ,Kyoto T.,MVL Group Office FRelated POs,Access Control Setup &ndash; Office 1806  Ref: KT/1125/210,Computer Peripherals,Office Assets,5212.73,AED,Marman I.,Order
179,Q-1005-T6972,MACRO,19 Nov 2025,IQ,Unops ,RFQ/2025/60220-Supply &amp; Delivery Of Microscopes To Laos-UNOPS,RFQ/2025/60220-Supply &amp; Delivery Of Microscopes To Laos-UNOPS,Tools,Tools,11000,USD,Shinso M.,Quotation
180,RFQ-7212-V40011,"MVL USA, INC",19 Nov 2025,RFQ,Blue L.T.,"JPN-143 W912HV24C0010 FY23 OMA, Convert Vehicle Storage Warehouse, B122-S1",Test And Drain Valve,Building Materials,Various,3512.65,USD,Rahul N.,Order
181,RFQ-7212-V40010,"MVL USA, INC",19 Nov 2025,RFQ,Integrated C.S.,"JPN-143 W912HV24C0010 FY23 OMA, Convert Vehicle Storage Warehouse, B122-S1",Pressure Gauge,Building Materials,Various,344,USD,Rahul N.,Order
182,RFQ-7039-V40029,MVL USA JV LLC,19 Nov 2025,RFQ,Black C.C.,"BIOT-121.60 N4008424F4507 EProject 1693634 REPAIR SPP F1SA AND F2S OVERHEAD FEEDERS, RM20-1216 (Task - X025)",Concrete Supply And Laboratory Services (Aug To Oct 2025),Building Materials,Various,31888.5,USD,Rahul N.,Order
183,RFQ-6646-V40004,"MVL USA, INC",19 Nov 2025,RFQ,Mcelroy M.,ORD-6646-USA-155.01 W912HN23F3016 Replace Various Main Post Roofs,Weathertightness Warranty - Building 2749,Building Materials,Various,5000,USD,Lince M.,Order
184,RFQ-7212-V40009,MACRO,18 Nov 2025,RFQ,Al K.I.,"JPN-143 W912HV24C0010 FY23 OMA, Convert Vehicle Storage Warehouse, B122-S1",Sprinklers,Building Materials,Various,69400,AED,Rahul N.,Order
185,RFQ-7212-V40008,MACRO,18 Nov 2025,RFQ,Fastener P.L.,"JPN-143 W912HV24C0010 FY23 OMA, Convert Vehicle Storage Warehouse, B122-S1",Thread Rod &amp; Couplers,Building Materials,Various,8610.5,AED,Rahul N.,Order
186,RFQ-1569-O105,MACRO,18 Nov 2025,RFQ,Amazon.ae ,MVL Group Office Realted POs,"1806 - X-sports Premium Foosball Soccer Table &mdash; Standard Size, Multi-Player Indoor &amp; Outdoor Game For Adults And Families",Computer Peripherals,Office Assets,1584.78,AED,Marman I.,Order
187,RFQ-7212-V40007,MACRO,18 Nov 2025,RFQ,National F.F.,"JPN-143 W912HV24C0010 FY23 OMA, Convert Vehicle Storage Warehouse, B122-S1",Seismic Bracing,Building Materials,Various,9431,USD,Rahul N.,Order
188,RFQ-7212-V40006,MACRO,18 Nov 2025,RFQ,New H.B.,"JPN-143 W912HV24C0010 FY23 OMA, Convert Vehicle Storage Warehouse, B122-S1",Flange Clamps,Building Materials,Various,69972,AED,Rahul N.,Order
189,RFQ-7139-E6821,"MVL USA, INC",18 Nov 2025,RFQ,Giatec S.I.,"RMI-127 W9128A24C0012 Air Traffic Control Tower &amp; Terminal, Kwajalein Island, U.S. Army Garrison - Kwajalein Atoll (USAG-KA), Republic Of The Marshall Islands",Smart Rock 3ER Wireless Sensor,Electrical,Electrical,5080,USD,Shah F.,Order
190,RFQ-7212-V40005B,MACRO,17 Nov 2025,RFQ,Technopro M.E.,"JPN-143 W912HV24C0010 FY23 OMA, Convert Vehicle Storage Warehouse, B122-S1",Pipes &amp; Fittings For Sprinkler System,Building Materials,Various,243665.55,AED,Rahul N.,Order
191,Q-1005-V7261,MV LLC,17 Nov 2025,IQ,Ra I.S.,Supply &amp; Delivery Of Epoxy Coated Rebar-RA-Diego Garcia,Supply &amp; Delivery Of Epoxy Coated Rebar-RA-Diego Garcia,Building Materials,Various,1110,USD, ,Quotation
192,RFQ-7139-V4357,"MVL USA, INC",17 Nov 2025,RFQ,Van D.P.,"ORD-7139 RMI-127 W9128A24C0012 Air Traffic Control Tower &amp; Terminal, Kwajalein Island, U.S. Army Garrison - Kwajalein Atoll (USAG-KA), Republic Of The Marshall Islands",Lubricants,Misc.,Various,18167.57,USD,Shah F.,Order
193,RFQ-6705-V40155,"MVL USA, INC",17 Nov 2025,RFQ,Tsang B.C.,"ORD-6705 RMI-125 W9128A23C0010 FY23 MCA PN 080242 Medical Clinic, U.S. Army Garrison, Kwajalein Atoll, Republic Of The Marshall Islands (RMI)",LSA-Building Materials,Building Materials,Various,558,USD,Shah F.,Order
194,RFQ-6705-E6841,"MVL USA, INC",17 Nov 2025,RFQ,Cps E.,"ORD-6705 RMI-125 W9128A23C0010 FY23 MCA PN 080242 Medical Clinic, U.S. Army Garrison, Kwajalein Atoll, Republic Of The Marshall Islands (RMI)",LSA-Electrical Items,Electrical,Electrical,6040.3,USD,Shah F.,Order
195,RFQ-7139-M4018,MACRO,14 Nov 2025,RFQ,Modena M.T.,"ORD-6705 RMI-125 W9128A23C0010 FY23 MCA PN 080242 Medical Clinic, U.S. Army Garrison, Kwajalein Atoll, Republic Of The Marshall Islands (RMI) And  ORD-7139 RMI-127 W9128A24C0012 Air Traffic Control Tower &amp; Terminal, Kwajalein Island, U.S. Army Garrison - Kwajalein Atoll (USAG-KA), Republic Of The Marshall Islands",Steel Bar Bending &amp; Cutting Machines And Spare Parts,Machine / Equipments,Mechanical,39165,AED,Marman I.,Order
196,RFQ-6705-V40154A,"MVL USA, INC",14 Nov 2025,RFQ,Penn S.P.,"ORD-6705 RMI-125 W9128A23C0010 FY23 MCA PN 080242 Medical Clinic, U.S. Army Garrison, Kwajalein Atoll, Republic Of The Marshall Islands (RMI)","SS316, ASTM A312, SCH40 WELDED PIPES",Building Materials,Various,14256.39,USD,Maricar I.,Order
197,RFQ-7212-V40005A,MACRO,13 Nov 2025,RFQ,Technopro M.E.,"JPN-143 W912HV24C0010 FY23 OMA, Convert Vehicle Storage Warehouse, B122-S1",Pipes &amp; Fittings For Sprinkler System,Building Materials,Various,232423.09,AED,Rahul N.,Order
198,RFQ-7039-E6808,MVL USA JV LLC,13 Nov 2025,RFQ,Benfield E.I.,"BIOT-121.60 N4008424F4507 EProject 1693634 REPAIR SPP F1SA AND F2S OVERHEAD FEEDERS, RM20-1216 (Task - X025)",MV Cable Splice Kits &amp; Crimping Tools,Electrical,Electrical,97694.97,USD,Rahul N.,Order
199,RFQ-6705-E6840,"MVL USA, INC",13 Nov 2025,RFQ,Cps E.,"ORD-6705 RMI-125 W9128A23C0010 FY23 MCA PN 080242 Medical Clinic, U.S. Army Garrison, Kwajalein Atoll, Republic Of The Marshall Islands (RMI)",LSA-Electrical Items,Electrical,Electrical,11962.65,USD,Shah F.,Order
200,RFQ-6705-E6839,"MVL USA, INC",13 Nov 2025,RFQ,Wesco D.I.,"ORD-6705 RMI-125 W9128A23C0010 FY23 MCA PN 080242 Medical Clinic, U.S. Army Garrison, Kwajalein Atoll, Republic Of The Marshall Islands (RMI)",Cable Tags,Electrical,Electrical,12225.36,USD,Shah F.,Order
201,RFQ-6705-V40154,"MVL USA, INC",12 Nov 2025,RFQ,Penn S.P.,"ORD-6705 RMI-125 W9128A23C0010 FY23 MCA PN 080242 Medical Clinic, U.S. Army Garrison, Kwajalein Atoll, Republic Of The Marshall Islands (RMI)","SS316, ASTM A312, SCH40 WELDED PIPES",Building Materials,Various,12256.39,USD,Maricar I.,Order
202,RFQ-7208-V40026,MVL USA JV LLC,12 Nov 2025,RFQ,Sunshine S.C.,"ORD-7208 BIOT-121.76 N4008424F4725 REPAIRS TO CHRIMP FACILITY 724 (QS60400) &amp; FACILITY 725 (QS6041), NSFDG (X029)",Joint Sealants,Building Materials,Various,2517.15,USD,Lince M.,Order
203,RFQ-6705-V40153,"MVL USA, INC",12 Nov 2025,RFQ,Humboldt M.C.,"ORD-6705 RMI-125 W9128A23C0010 FY23 MCA PN 080242 Medical Clinic, U.S. Army Garrison, Kwajalein Atoll, Republic Of The Marshall Islands (RMI)",Medical Laboratory-Additional Items,Building Materials,Various,16494.7,USD,Shah F.,Order
204,RFQ-1569-O104,MACRO,12 Nov 2025,RFQ,Kyoto T.,MVL Group Office Realted POs,1806 1807 - Access Control Setup - KT/1125/210,Computer Peripherals,Office Assets,5212.73,AED,Marman I.,Order
205,RFQ-1569-V4429,MACRO,11 Nov 2025,RFQ,Noon.com ,MVL Group Office Realted POs,1806 - Lounge Area - Samsung 75&quot; Crystal UHD Smart TV (2024 Model),Misc.,Various,2179,AED,Marman I.,Order
206,RFQ-6705-V40152,"MVL USA, INC",11 Nov 2025,RFQ,Nucor R.F.,"ORD-6705 RMI-125 W9128A23C0010 FY23 MCA PN 080242 Medical Clinic, U.S. Army Garrison, Kwajalein Atoll, Republic Of The Marshall Islands (RMI)",Drain Inlet/Drain Box Rebars &amp; Epoxy Patch Kit,Building Materials,Various,12092,USD,Shah F.,Order
207,RFQ-6705-V4359,"MVL USA, INC",11 Nov 2025,RFQ,Warai E.S.,"ORD-6705 RMI-125 W9128A23C0010 FY23 MCA PN 080242 Medical Clinic, U.S. Army Garrison, Kwajalein Atoll, Republic Of The Marshall Islands (RMI)",John Deere Tractor Loader Parts,Misc.,Various,4131,USD,Shah F.,Order
208,RFQ-6705-V40151,"MVL USA, INC",11 Nov 2025,RFQ,Tsang B.C.,"ORD-6705 RMI-125 W9128A23C0010 FY23 MCA PN 080242 Medical Clinic, U.S. Army Garrison, Kwajalein Atoll, Republic Of The Marshall Islands (RMI)","Gypsum Board, Lumber &amp; Plywood",Building Materials,Various,31561,USD,Shah F.,Order
209,RFQ-7139-V4356,MACRO,11 Nov 2025,RFQ,Tsi I.F.,"ORD-6705 RMI-125 W9128A23C0010 FY23 MCA PN 080242 Medical Clinic, U.S. Army Garrison, Kwajalein Atoll, Republic Of The Marshall Islands (RMI) And  ORD-7139 RMI-127 W9128A24C0012 Air Traffic Control Tower &amp; Terminal, Kwajalein Island, U.S. Army Garrison - Kwajalein Atoll (USAG-KA), Republic Of The Marshall Islands",Ref. Quotation S00645 / Basketball Uniforms,Misc.,Various,3716.21,AED,Marman I.,Order
210,RFQ-7864-V40003,MVL USA JV LLC,10 Nov 2025,RFQ,Welspun G.B.,BIOT-121.93 REPAIR OF WINDOWS AND FLOORING AT F-1565 AND F-115 (Task - X060),Carpet,Building Materials,Various,1160.95,USD,Rahul N.,Order
211,RFQ-7139-V40049,"MVL USA, INC",10 Nov 2025,RFQ,Penn S.P.,"ORD-7139 RMI-127 W9128A24C0012 Air Traffic Control Tower &amp; Terminal, Kwajalein Island, U.S. Army Garrison - Kwajalein Atoll (USAG-KA), Republic Of The Marshall Islands","SS316, ASTM A312, SCH40 WELDED PIPES",Building Materials,Various,19854.17,USD,Maricar I.,Order
212,RFQ-7616-S9100,MACRO,10 Nov 2025,RFQ,Tuv S.M.,"ORD-7616 BIOT-121-N8421B REPAIRS TO BARRICADED STORAGE MODULES (F-589, 835, 834, 839 &amp; 841) &amp; CONSTRUCT CANOPY &amp; LOUVER (F-148)",Third-Party Inspection Quotation TUVSUD-25153 &ndash; Welding Generator And  Plasma Cutter (RFPO-7616-M4000-1) - PO Ref. RFPO-7616-M4000-1,Services,Services,1260,AED,Marman I.,Order
213,RFQ-5829-V40036,MACRO,10 Nov 2025,RFQ,Ideal F.L.,"ORD-5829 UAE-123R W912ER22C0026 P-960 Triton Operational Facility, United Arab Emirates",Free Issued - IDEAL FLOORING LLC  Ref: IDF-Q-DXB-D023-NOV-2025-Rev 4  Scope: VCT Tiles As Per Approved Submittal,Building Materials,Various,98801.22,AED,Marman I.,Order
214,RFQ-7212-V40005,MACRO,10 Nov 2025,RFQ,Technopro M.E.,"JPN-143 W912HV24C0010 FY23 OMA, Convert Vehicle Storage Warehouse, B122-S1",Pipes &amp; Fittings For Sprinkler System,Building Materials,Various,295967.94,AED,Rahul N.,Order
215,RFQ-5657-M4106A,MVL USA JV LLC,10 Nov 2025,RFQ,Zoeller P.C.,"BIOT-121.17 N4008422F4422 X017 1638204, QF9006 &amp;ndash; REPAIRS TO SEWAGE LIFT STATIONS",Float Switch,Mechanical Items,Mechanical,202.87,USD,Rahul N.,Cancled
216,RFQ-5657-M4106,MVL USA JV LLC,10 Nov 2025,RFQ,Zoeller P.C.,"BIOT-121.17 N4008422F4422 X017 1638204, QF9006 &amp;ndash; REPAIRS TO SEWAGE LIFT STATIONS",Float Switch,Mechanical Items,Mechanical,202.87,USD,Rahul N.,Order
217,RFQ-7139-E6820,MACRO,10 Nov 2025,RFQ,Haji C.C.,"ORD-7139 RMI-127 W9128A24C0012 Air Traffic Control Tower &amp; Terminal, Kwajalein Island, U.S. Army Garrison - Kwajalein Atoll (USAG-KA), Republic Of The Marshall Islands",MR-120-2025 Sectional Ground Rods And Accessories For ATCT Project (RMI-127) - SQ-SHJ-2025-25211824,Electrical,Electrical,2312.1,AED,Marman I.,Order
218,RFQ-1569-O103,MACRO,07 Nov 2025,RFQ,Kyoto T.,MVL Group Office Related POs,MVL Lebanon - IT Accessories - KT/1125/210,Computer Peripherals,Office Assets,12982.2,AED,Marman I.,Order
219,RFQ-7139-V40048,"MVL USA, INC",07 Nov 2025,RFQ,V-trust I.S.,"ORD-6705 RMI-125 W9128A23C0010 FY23 MCA PN 080242 Medical Clinic, U.S. Army Garrison, Kwajalein Atoll, Republic Of The Marshall Islands (RMI) And  ORD-7139 RMI-127 W9128A24C0012 Air Traffic Control Tower &amp; Terminal, Kwajalein Island, U.S. Army Garrison - Kwajalein Atoll (USAG-KA), Republic Of The Marshall Islands",JFVN39470- Pre-Shipment Inspection - DONGFENG 375HP 6x4 Tractor Truck,Building Materials,Various,268,USD,Marman I.,Order
220,RFQ-7139-V40047,"MVL USA, INC",07 Nov 2025,RFQ,V-trust I.S.,"ORD-6705 RMI-125 W9128A23C0010 FY23 MCA PN 080242 Medical Clinic, U.S. Army Garrison, Kwajalein Atoll, Republic Of The Marshall Islands (RMI) And  ORD-7139 RMI-127 W9128A24C0012 Air Traffic Control Tower &amp; Terminal, Kwajalein Island, U.S. Army Garrison - Kwajalein Atoll (USAG-KA), Republic Of The Marshall Islands",JFVN39596  - Pre-Shipment Inspection - SANY STC500C5-8 50-ton Crane,Building Materials,Various,268,USD,Marman I.,Order
221,RFQ-1569-V4428,MACRO,07 Nov 2025,RFQ,Ikea D.,MVL Group Office Related POs,1806 - IKEA BEST&Aring; TV Storage Unit For Office 1806,Misc.,Various,3870,AED,Marman I.,Order
222,RFQ-7139-M4017,"MVL USA, INC",06 Nov 2025,RFQ,Lamphere C.L.,"ORD-7139 RMI-127 W9128A24C0012 Air Traffic Control Tower &amp; Terminal, Kwajalein Island, U.S. Army Garrison - Kwajalein Atoll (USAG-KA), Republic Of The Marshall Islands",Genie Boom Lift,Machine / Equipments,Mechanical,88028.37,USD,Shah F.,Order
223,RFQ-7073-M4101,MVL USA JV LLC,06 Nov 2025,RFQ,Harrington I.P.,ORD- 7073 BIOT-121.68 N4008424F4583 QC3078 Repairs To Concrete Water Tanks (X026),PVC Pipes And Fittings,Mechanical Items,Mechanical,2273.48,USD,Lince M.,Order
224,RFQ-6718-V40038,MVL USA JV LLC,05 Nov 2025,RFQ,Jet F.S.,"BIOT-121.48 N4008424F4064 EPROJECT 1718005 QC2011 REPLACE ADRF PUMPS 7, 8, AND 9, F-409",Precision Machinist Level,Building Materials,Various,331.5,USD,Rahul N.,Order
225,RFQ-7139-V40046,"MVL USA, INC",05 Nov 2025,RFQ,V-trust I.S.,"ORD-6705 RMI-125 W9128A23C0010 FY23 MCA PN 080242 Medical Clinic, U.S. Army Garrison, Kwajalein Atoll, Republic Of The Marshall Islands (RMI) And  ORD-7139 RMI-127 W9128A24C0012 Air Traffic Control Tower &amp; Terminal, Kwajalein Island, U.S. Army Garrison - Kwajalein Atoll (USAG-KA), Republic Of The Marshall Islands",JFVN39463 - Pre-Shipment Inspection - 3 Axles 40Ton 40ft Container Flatbed Semi-trailer,Building Materials,Various,268,USD,Marman I.,Order
226,Q-1005-M4091,MACRO,05 Nov 2025,IQ,Fao ,Supply &amp; Delivery Of Mobile Digital X-ray &amp; Accessories,Mobile Digital X-ray &amp; Accessories,Machine / Equipments,Mechanical,188598,USD,Shinso M.,Waiting
227,RFQ-7878-V40002,MACRO,05 Nov 2025,RFQ,Kepco B.M.,"BIOT-121.99 N4008425F0127 Repairs To HVAC System, F-2296, NSFDG (X061)",Duct Insulation,Building Materials,Various,1894.54,AED,Rahul N.,Order
228,RFQ-7616-M4001,MVL USA JV LLC,05 Nov 2025,RFQ,Evangel I.M.,"ORD-7616 BIOT-121-N8421B REPAIRS TO BARRICADED STORAGE MODULES (F-589, 835, 834, 839 &amp; 841) &amp; CONSTRUCT CANOPY &amp; LOUVER (F-148)",MR-60 For Vehicle And Equipment Maintenance &ndash; Mechanic Workshop,Machine / Equipments,Mechanical,122000,USD,Marman I.,Order
229,RFQ-6705-E6838,"MVL USA, INC",05 Nov 2025,RFQ,Emsi I.,"ORD-6705 RMI-125 W9128A23C0010 FY23 MCA PN 080242 Medical Clinic, U.S. Army Garrison, Kwajalein Atoll, Republic Of The Marshall Islands (RMI)",Bare Copper Grounding Conductor Wire And Ground Clamp,Electrical,Electrical,2943.7,USD,Shah F.,Order
230,RFQ-7139-M4016,"MVL USA, INC",05 Nov 2025,RFQ,Aimix G.C.,"ORD-6705 RMI-125 W9128A23C0010 FY23 MCA PN 080242 Medical Clinic, U.S. Army Garrison, Kwajalein Atoll, Republic Of The Marshall Islands (RMI) And  ORD-7139 RMI-127 W9128A24C0012 Air Traffic Control Tower &amp; Terminal, Kwajalein Island, U.S. Army Garrison - Kwajalein Atoll (USAG-KA), Republic Of The Marshall Islands","AM-330D Air Cooled Screw Chiller 15T Water Tank With Spares, Pipes, And Pipe Fittings",Machine / Equipments,Mechanical,52220,USD,Marman I.,Order
231,RFQ-7208-V40025,MACRO,05 Nov 2025,RFQ,Petrocoat C.C.,"ORD-7208 BIOT-121.76 N4008424F4725 REPAIRS TO CHRIMP FACILITY 724 (QS60400) &amp; FACILITY 725 (QS6041), NSFDG (X029)",Sika Primer And Remover,Building Materials,Various,3860,AED,Lince M.,Order
232,RFQ-7878-V40001,MVL USA JV LLC,04 Nov 2025,RFQ,Scott &.F.,"BIOT-121.99 N4008425F0127 Repairs To HVAC System, F-2296, NSFDG (Task-X061)",Duct Insulation Accessories,Building Materials,Various,2351.82,USD,Rahul N.,Order
233,RFQ-6705-E6837,MACRO,04 Nov 2025,RFQ,Arabian F.E.,"ORD-6705 RMI-125 W9128A23C0010 FY23 MCA PN 080242 Medical Clinic, U.S. Army Garrison, Kwajalein Atoll, Republic Of The Marshall Islands (RMI)",Cable Marker,Electrical,Electrical,157.5,AED,Shah F.,Order
234,RFQ-6705-V40150,"MVL USA, INC",04 Nov 2025,RFQ,Dateline E.I.,"ORD-6705 RMI-125 W9128A23C0010 FY23 MCA PN 080242 Medical Clinic, U.S. Army Garrison, Kwajalein Atoll, Republic Of The Marshall Islands (RMI)",RUBBER WALL BASE,Building Materials,Various,589.97,USD,Shah F.,Order
235,Q-1005-A5221,MV LLC,04 Nov 2025,IQ,Jsk D.S.,"Supply &amp; Delivery Of Blast Steel Doors-TO23 Repairs To Air Cargo Terminal,F-352-JSK Diego Garcia","Supply &amp; Delivery Of Blast Steel Doors-TO23 Repairs To Air Cargo Terminal,F-352-JSK Diego Garcia",Doors,Architectural,0,USD, ,Waiting
236,RFQ-7039-S9102,MACRO,04 Nov 2025,RFQ,Tuv S.M.,"ORD-7039 BIOT-121.60 N4008424F4507 EProject 1693634 REPAIR SPP F1SA AND F2S OVERHEAD FEEDERS, RM20-1216",Third Party Inspection Of MV Cables - 2nd Batch,Services,Services,1187.55,USD,Lince M.,Order
237,RFQ-6705-V40149,"MVL USA, INC",04 Nov 2025,RFQ,Nucor R.F.,"ORD-6705 RMI-125 W9128A23C0010 FY23 MCA PN 080242 Medical Clinic, U.S. Army Garrison, Kwajalein Atoll, Republic Of The Marshall Islands (RMI)","SOG Rebars, CMU Rebars, Additional Rebars For Fabrication &amp; Foundation Remaining Rebars",Building Materials,Various,234184,USD,Shah F.,Order
238,RFQ-6705-E6836A,"MVL USA, INC",03 Nov 2025,RFQ,Wesco D.I.,"ORD-6705 RMI-125 W9128A23C0010 FY23 MCA PN 080242 Medical Clinic, U.S. Army Garrison, Kwajalein Atoll, Republic Of The Marshall Islands (RMI)",EMT Conduits And Accessories,Electrical,Electrical,3626.53,USD,Shah F.,Order
239,RFQ-7039-V40028,MVL USA JV LLC,03 Nov 2025,RFQ,Kelly &.H.,"BIOT-121.60 N4008424F4507 EProject 1693634 REPAIR SPP F1SA AND F2S OVERHEAD FEEDERS, RM20-1216 (X025)",Additional Wires &amp; Tape,Building Materials,Various,4303.98,USD,Rahul N.,Order
240,RFQ-6705-E6836,"MVL USA, INC",03 Nov 2025,RFQ,Wesco D.I.,"ORD-6705 RMI-125 W9128A23C0010 FY23 MCA PN 080242 Medical Clinic, U.S. Army Garrison, Kwajalein Atoll, Republic Of The Marshall Islands (RMI)",EMT Conduits And Accessories,Electrical,Electrical,2519.88,USD,Shah F.,Order
241,RFQ-6718-V40037,MACRO,30 Oct 2025,RFQ,Fastener P.L.,"BIOT-121.48 N4008424F4064 EPROJECT 1718005 QC2011 REPLACE ADRF PUMPS 7, 8, AND 9, F-409",Hardware,Building Materials,Various,858.72,AED,Rahul N.,Order
242,RFQ-6718-V40036,MACRO,30 Oct 2025,RFQ,Smith I.G.,"BIOT-121.48 N4008424F4064 EPROJECT 1718005 QC2011 REPLACE ADRF PUMPS 7, 8, AND 9, F-409",Gaskets,Building Materials,Various,4516.2,AED,Rahul N.,Order
243,RFQ-6705-V40148,"MVL USA, INC",29 Oct 2025,RFQ,Tools P.,"ORD-6705 RMI-125 W9128A23C0010 FY23 MCA PN 080242 Medical Clinic, U.S. Army Garrison, Kwajalein Atoll, Republic Of The Marshall Islands (RMI)",HILTI Items,Building Materials,Various,1296.5,USD,Shah F.,Order
244,RFQ-6705-V40147,"MVL USA, INC",29 Oct 2025,RFQ,Kelly &.H.,"ORD-6705 RMI-125 W9128A23C0010 FY23 MCA PN 080242 Medical Clinic, U.S. Army Garrison, Kwajalein Atoll, Republic Of The Marshall Islands (RMI)",Wire Connectors And Cable Ties,Building Materials,Various,3239.06,USD,Shah F.,Order
245,RFQ-6542-V40044,"MVL USA, INC",29 Oct 2025,RFQ,Larson E.L.,"JPN-124 FA890323C0031 Renovate Bldgs 111, 116 And 119 At Okinawa, Japan.",Explosion-proof Switch,Building Materials,Various,4290.68,USD,Shinso M.,Order
246,RFQ-6705-M4109,"MVL USA, INC",29 Oct 2025,RFQ,Ferguson E.L.,"ORD-6705 RMI-125 W9128A23C0010 FY23 MCA PN 080242 Medical Clinic, U.S. Army Garrison, Kwajalein Atoll, Republic Of The Marshall Islands (RMI)",LSA-plumbing Items,Mechanical Items,Mechanical,3027.5,USD,Shah F.,Order
247,RFQ-1569-14853,MACRO,29 Oct 2025,RFQ,Keen E.T.,MVL Group Office Related POs,MVL Internal PO Reimbursement - 1801 - 1807 Fees Vs Concordia Invoices Vs Payment Receipts,Fit Out Project,Architectural,25646.35,AED,Marman I.,Order
248,Q-1005-V7260,MV LLC,27 Oct 2025,IQ,Ra I.S.,Supply &amp; Delivery Of Epoxy Coated Rebar-RA-Diego Garcia,Supply &amp; Delivery Of Epoxy Coated Rebar-RA-Diego Garcia,Building Materials,Various,825,USD,Darlene A.,Quotation
249,RFQ-7139-S9138,"MVL USA, INC",27 Oct 2025,RFQ,Morrico E.L.,"ORD-7139 RMI-127 W9128A24C0012 Air Traffic Control Tower &amp; Terminal, Kwajalein Island, U.S. Army Garrison - Kwajalein Atoll (USAG-KA), Republic Of The Marshall Islands",37.5KVA Generator Set,Subcontract,Services,25179,USD,Shah F.,Order
250,RFQ-7616-M4000,MVL USA JV LLC,27 Oct 2025,RFQ,Abdullah H.I.,"ORD-7616 BIOT-121-N8421B REPAIRS TO BARRICADED STORAGE MODULES (F-589, 835, 834, 839 &amp; 841) &amp; CONSTRUCT CANOPY &amp; LOUVER (F-148)",Welding Generator And  Plasma Cutter Quotation Ref: AHG_ITW_1_738_271025,Machine / Equipments,Mechanical,97000,AED,Marman I.,Order
251,RFQ-6705-M4108,"MVL USA, INC",27 Oct 2025,RFQ,Ferguson E.L.,"ORD-6705 RMI-125 W9128A23C0010 FY23 MCA PN 080242 Medical Clinic, U.S. Army Garrison, Kwajalein Atoll, Republic Of The Marshall Islands (RMI)",LSA-Plumbing Items,Mechanical Items,Mechanical,11452.12,USD,Shah F.,Order
252,RFQ-6705-S9127,"MVL USA, INC",27 Oct 2025,RFQ,Morrico E.L.,"ORD-6705 RMI-125 W9128A23C0010 FY23 MCA PN 080242 Medical Clinic, U.S. Army Garrison, Kwajalein Atoll, Republic Of The Marshall Islands (RM",30KW Generator Set,Subcontract,Services,25179,USD,Shah F.,Cancled
253,RFQ-6705-M4107,"MVL USA, INC",27 Oct 2025,RFQ,Ferguson E.L.,"ORD-6705 RMI-125 W9128A23C0010 FY23 MCA PN 080242 Medical Clinic, U.S. Army Garrison, Kwajalein Atoll, Republic Of The Marshall Islands (RMI)",Plumbing-Cut &amp; Cap,Mechanical Items,Mechanical,105.14,USD,Shah F.,Order
254,RFQ-7878-V40000,MVL USA JV LLC,24 Oct 2025,RFQ,Trane T.,"BIOT-121.99 N4008425F0127 Repairs To HVAC System, F-2296, NSFDG (X061)",Outdoor Condenser Unit,Building Materials,Various,135030,USD,Rahul N.,Order
255,RFQ-7878-M4101,MVL USA JV LLC,24 Oct 2025,RFQ,Vishal T.L.,,**,Mechanical Items,Mechanical,0,USD, ,Waiting
256,RFQ-7208-V40022A,MVL USA JV LLC,23 Oct 2025,RFQ,Dateline E.I.,"ORD-7208 BIOT-121.76 N4008424F4725 REPAIRS TO CHRIMP FACILITY 724 (QS60400) &amp; FACILITY 725 (QS6041), NSFDG (X029)",Metal Wall &amp; Roof Panel,Building Materials,Various,322338.72,USD,Lince M.,Order
257,Q-1005-M4090,MV LLC,23 Oct 2025,IQ,Ra I.S.,Service &amp; Equipment Rental - RA International,Service &amp; Equipment Rental - RA International,Machine / Equipments,Mechanical,0,USD, ,Waiting
258,RFQ-5532-M4046,MVL USA JV LLC,23 Oct 2025,RFQ,Evangel I.M.,BIOT-121 N4008421D0082/N4008421R0079 AEC DB DBB MACC,UTV LH800U-A And LH1100U-2D Spare Parts - MR-79 / AMR380 And MR-95 / AMR400,Machine / Equipments,Mechanical,2830,USD,Marman I.,Order
259,RFQ-5829-S9105,MACRO,22 Oct 2025,RFQ,Ohio G.C.,"ORD-5829 UAE-123R W912ER22C0026 P-960 Triton Operational Facility, United Arab Emirates",(CANDOR)  - 50T Crane With Badged Operator,Services,Services,57750,AED,Marman I.,Order
260,RFQ-6705-V40146,"MVL USA, INC",22 Oct 2025,RFQ,Tsang B.C.,"ORD-6705 RMI-125 W9128A23C0010 FY23 MCA PN 080242 Medical Clinic, U.S. Army Garrison, Kwajalein Atoll, Republic Of The Marshall Islands (RMI)",EZ Weld Enviro 205 Solvent Cement,Building Materials,Various,16,USD,Shah F.,Order
261,RFQ-6705-V40145,"MVL USA, INC",22 Oct 2025,RFQ,White C.S.,"ORD-6705 RMI-125 W9128A23C0010 FY23 MCA PN 080242 Medical Clinic, U.S. Army Garrison, Kwajalein Atoll, Republic Of The Marshall Islands (RMI)",343 JUMBO LOUVERED WEEP VENT,Building Materials,Various,2377,USD,Shah F.,Order
262,RFQ-7139-V40045,"MVL USA, INC",21 Oct 2025,RFQ,V-trust I.S.,"ORD-7139 RMI-127 W9128A24C0012 Air Traffic Control Tower &amp; Terminal, Kwajalein Island, U.S. Army Garrison - Kwajalein Atoll (USAG-KA), Republic Of The Marshall Islands",Pre-shipment Inspection Of The CPCD50 Unit (PO# RFPO-7139-M4010-1) - INV-JFV056830,Building Materials,Various,268,USD,Marman I.,Order
263,RFQ-5532-V40089,MVL USA JV LLC,21 Oct 2025,RFQ,V-trust I.S.,BIOT-121 N4008421D0082/N4008421R0079 AEC DB DBB MACC,Pre-Shipment Inspection Of The DONGFENG 190HP Truck Mounted XCMG 6.3Ton Crane (PO# RFPO-5532-M4037-1 / EV2025G0012A).,Building Materials,Various,268,USD,Marman I.,Order
264,RFQ-7039-S9101,MACRO,20 Oct 2025,RFQ,Tuv S.M.,"ORD-7039 BIOT-121.60 N4008424F4507 EProject 1693634 REPAIR SPP F1SA AND F2S OVERHEAD FEEDERS, RM20-1216",Third Party Inspection Of MV Cables - 1st Batch,Services,Services,1187.55,USD,Lince M.,Order
265,RFQ-6705-V40144,"MVL USA, INC",20 Oct 2025,RFQ,Tsang B.C.,"ORD-6705 RMI-125 W9128A23C0010 FY23 MCA PN 080242 Medical Clinic, U.S. Army Garrison, Kwajalein Atoll, Republic Of The Marshall Islands (RMI)",LSA -Architectural Items,Building Materials,Various,1860,USD,Shah F.,Order
266,RFQ-7139-M4015,"MVL USA, INC",20 Oct 2025,RFQ,Evangel I.M.,"ORD-7139 RMI-127 W9128A24C0012 Air Traffic Control Tower &amp; Terminal, Kwajalein Island, U.S. Army Garrison - Kwajalein Atoll (USAG-KA), Republic Of The Marshall Islands",Spares - XCMG XC740K,Machine / Equipments,Mechanical,1632,USD,Marman I.,Order
267,RFQ-7864-V40002,MVL USA JV LLC,20 Oct 2025,RFQ,Odores M.L.,BIOT-121.93 REPAIR OF WINDOWS AND FLOORING AT F-1565 AND F-115 (X060),Resilient Flooring / VCT,Building Materials,Various,2001.43,USD,Rahul N.,Order
268,RFQ-7139-V40044,"MVL USA, INC",20 Oct 2025,RFQ,Lowes ,"ORD-7139 RMI-127 W9128A24C0012 Air Traffic Control Tower &amp; Terminal, Kwajalein Island, U.S. Army Garrison - Kwajalein Atoll (USAG-KA), Republic Of The Marshall Islands",Lumber &amp; Osb Board,Building Materials,Various,9437.25,USD,Shah F.,Order
269,RFQ-7139-V40043,"MVL USA, INC",20 Oct 2025,RFQ,Uline ,"ORD-7139 RMI-127 W9128A24C0012 Air Traffic Control Tower &amp; Terminal, Kwajalein Island, U.S. Army Garrison - Kwajalein Atoll (USAG-KA), Republic Of The Marshall Islands",Custom Tools,Building Materials,Various,1693.72,USD,Shah F.,Order
270,RFQ-6718-V40035,MVL USA JV LLC,20 Oct 2025,RFQ,Hilong P.P.,"BIOT-121.48 N4008424F4064 EPROJECT 1718005 QC2011 REPLACE ADRF PUMPS 7, 8, AND 9, F-409 (X048)",Internal Coating For Additional Pipe Fittings,Building Materials,Various,9136,USD,Rahul N.,Order
271,RFQ-6718-V40034,MVL USA JV LLC,20 Oct 2025,RFQ,Cra T.L.,"BIOT-121.48 N4008424F4064 EPROJECT 1718005 QC2011 REPLACE ADRF PUMPS 7, 8, AND 9, F-409 (X048)",Additional Pipe Fittings,Building Materials,Various,1170,USD,Rahul N.,Order
272,RFQ-1569-O102,MACRO,20 Oct 2025,RFQ,Rivyv T.,MVL Group Office Related POs,PDF-XChange PRO 5 User Pack (3-year License),Computer Peripherals,Office Assets,740,USD,Marman I.,Order
273,RFQ-6841-M4105,MVL USA JV LLC,16 Oct 2025,RFQ,S.k.m. A.C.,"BIOT-121.54 N4008424F4212 QS6063 - REPLACE AC UNIT, UPH-23, F-171, WO#1575078",Controllers &amp; Auto Restart,Mechanical Items,Mechanical,3980,USD,Rahul N.,Order
274,Q-1005-V7259,MV LLC,16 Oct 2025,IQ,Tricom S.,W912ER25C0001- Supply &amp; Delivery Of PVC Pipes-BNB-Lebanon,W912ER25C0001- Supply &amp; Delivery Of PVC Pipes-BNB-Lebanon,Building Materials,Various,16088,USD, ,Quotation
275,RFQ-7208-V40024,MVL USA JV LLC,16 Oct 2025,RFQ,Scott &.F.,"BIOT-121.76 N4008424F4725 REPAIRS TO CHRIMP FACILITY 724 (QS6040) &amp; FACILITY 725 (QS6041) ,NSFDG (X029)",Misc Metal Fabrication,Building Materials,Various,31106.56,USD,Rahul N.,Order
276,RFQ-6705-M4106,"MVL USA, INC",15 Oct 2025,RFQ,Turtle ,"ORD-6705 RMI-125 W9128A23C0010 FY23 MCA PN 080242 Medical Clinic, U.S. Army Garrison, Kwajalein Atoll, Republic Of The Marshall Islands (RMI)",Hardware Items,Mechanical Items,Mechanical,230,USD,Shah F.,Order
277,Q-1005-V7258,MV LLC,15 Oct 2025,IQ,Jsk D.S.,Supply &amp; Delivery Of Steel Windows-F-721-Diego Garcia,Supply &amp; Delivery Of Steel Windows-F-721-Diego Garcia,Building Materials,Various,29000,USD, ,Quotation
278,RFQ-5532-M4045,MVL USA JV LLC,15 Oct 2025,RFQ,Meka ,BIOT-121 N4008421D0082/N4008421R0079 AEC DB DBB MACC,Extension - MEKA&rsquo;s Installation Service For Concrete Batching Plant And Crushing And Screening Systems,Machine / Equipments,Mechanical,6300,EURO,Marman I.,Order
279,RFQ-6705-V40143,"MVL USA, INC",15 Oct 2025,RFQ,Home D.U.,"ORD-6705 RMI-125 W9128A23C0010 FY23 MCA PN 080242 Medical Clinic, U.S. Army Garrison, Kwajalein Atoll, Republic Of The Marshall Islands (RMI)",LSA-Architectural Items,Building Materials,Various,1446.28,USD,Shah F.,Order
280,RFQ-6705-V40142,"MVL USA, INC",14 Oct 2025,RFQ,White C.S.,"RMI-125 W9128A23C0010 FY23 MCA PN 080242 Medical Clinic, U.S. Army Garrison, Kwajalein Atoll, Republic Of The Marshall Islands (RMI)",CMU Wall Accessories,Building Materials,Various,60295.3,USD,Vinith B.,Order
281,RFQ-7039-V40027,MACRO,14 Oct 2025,RFQ,Petrocoat C.C.,"ORD-7039 BIOT-121.60 N4008424F4507 EProject 1693634 REPAIR SPP F1SA AND F2S OVERHEAD FEEDERS, RM20-1216",Sikatop,Building Materials,Various,10336,AED,Lince M.,Order
282,RFQ-5829-R1511,MACRO,14 Oct 2025,RFQ,Mena E.A.,"ORD-5829 UAE-123R W912ER22C0026 P-960 Triton Operational Facility, United Arab Emirates","(CANDOR)  - Mitsubishi Rosa Bus &ndash; 26-seater, Diesel",Rental,Rental,54495,AED,Marman I.,Order
283,Q-1005-L4185,MV LLC,14 Oct 2025,IQ,Tricom S.,Transportation Of Sheet Pile - From Ex.Works Dubai To Lebanon-BNB Project,Transportation Of Sheet Pile - From Ex.Works Dubai To Lebanon-BNB Project,Transportation,Logistics,17791.24,USD, ,Order
284,RFQ-7208-V40023,MVL USA JV LLC,14 Oct 2025,RFQ,Dateline E.I.,"ORD-7208 BIOT-121.76 N4008424F4725 REPAIRS TO CHRIMP FACILITY 724 (QS60400) &amp; FACILITY 725 (QS6041), NSFDG (X029)",Specpoxy Mortar,Building Materials,Various,12692.39,USD,Lince M.,Order
285,RFQ-5532-M4044,MVL USA JV LLC,14 Oct 2025,RFQ,Evangel I.M.,BIOT-121 N4008421D0082/N4008421R0079 AEC DB DBB MACC,Procore MR-60 - MVL - XCMG WZ30-25 Spare Parts,Machine / Equipments,Mechanical,140,USD,Marman I.,Order
286,RFQ-5532-M4043,MVL USA JV LLC,14 Oct 2025,RFQ,Evangel I.M.,BIOT-121 N4008421D0082/N4008421R0079 AEC DB DBB MACC,Procore MR-60 - MVL - XCMG WZ30-25 Spare Parts,Machine / Equipments,Mechanical,140,USD, ,Cancled
287,RFQ-1569-O101,"MVL USA, INC",14 Oct 2025,RFQ,Managed S.L.,MVL Group Office Related POs,Microsoft 365 G5 GCC &ndash; Annual Subscription Licenses (Pro-Rated) - Inv - 114614,Computer Peripherals,Office Assets,1187.35,USD,Marman I.,Order
288,RFQ-5532-V40088,MVL USA JV LLC,10 Oct 2025,RFQ,FALSE,BIOT-121 N4008421D0082/N4008421R0079 AEC DB DBB MACC (Batchplant),Aviation Lights,Building Materials,Various,3019.09,EURO,Rahul N.,Order
289,RFQ-6852-V40035,MVL USA JV LLC,09 Oct 2025,RFQ,Jet F.S.,BIOT-121.35 N4008424F4221 QC8067-Repair To Fuel Piping System. F#408 NSF DG,Ball Valves (for Fuel Piping),Building Materials,Various,7763.45,USD,Rahul N.,Order
290,RFQ-6705-M4026,"MVL USA, INC",09 Oct 2025,RFQ,Ace C.E.,"ORD-6705 RMI-125 W9128A23C0010 FY23 MCA PN 080242 Medical Clinic, U.S. Army Garrison, Kwajalein Atoll, Republic Of The Marshall Islands (RMI)","ChemGrout CG555/030/DHES/HP Trailer Mounted, Diesel/Hydraulic Powered, High Pressure Grout Pump",Machine / Equipments,Mechanical,193340,AED,Shah F.,Order
291,RFQ-7208-V40022,MVL USA JV LLC,09 Oct 2025,RFQ,Dateline E.I.,"ORD-7208 BIOT-121.76 N4008424F4725 REPAIRS TO CHRIMP FACILITY 724 (QS60400) &amp; FACILITY 725 (QS6041), NSFDG (X029)",Metal Wall &amp; Roof Panel,Building Materials,Various,344970,USD,Lince M.,Order
292,RFQ-6705-E6835,"MVL USA, INC",09 Oct 2025,RFQ,Tic L.E.,"ORD-6705 RMI-125 W9128A23C0010 FY23 MCA PN 080242 Medical Clinic, U.S. Army Garrison, Kwajalein Atoll, Republic Of The Marshall Islands (RMI)",Electrical Items,Electrical,Electrical,10174.3,USD,Shah F.,Order
293,RFQ-7212-V40004,"MVL USA, INC",09 Oct 2025,RFQ,Cimmaron I.C.,"JPN-143 W912HV24C0010 FY23 OMA, Convert Vehicle Storage Warehouse, B122-S1",Floor Drain,Building Materials,Various,421.93,USD,Rahul N.,Order
294,RFQ-5532-V40087,MVL USA JV LLC,08 Oct 2025,RFQ,Cimmaron I.C.,"BIOT-121.10 N4008422F4478 / N4008421R0079 X010 CONSTRUCT STORAGE ROOM &amp; RENOVATE BREAKROOMS, F-937 &amp; F-938 (X010)",Sprinkler Head,Building Materials,Various,731.32,USD,Rahul N.,Order
295,RFQ-7208-V40021,MVL USA JV LLC,08 Oct 2025,RFQ,Kelly &.H.,"BIOT-121.76 N4008424F4725 REPAIRS TO CHRIMP FACILITY 724 (QS6040) &amp; FACILITY 725 (QS6041) ,NSFDG (X029)",Panel Boards,Building Materials,Various,2060.12,USD,Rahul N.,Order
296,RFQ-7208-A5201,MVL USA JV LLC,08 Oct 2025,RFQ,Lakshmi M.T.,"ORD-7208 BIOT-121.76 N4008424F4725 REPAIRS TO CHRIMP FACILITY 724 (QS60400) &amp; FACILITY 725 (QS6041), NSFDG (X029)",Steel Doors And Hardware,Doors,Architectural,60806.91,AED,Lince M.,Order
297,Q-1005-V7257,MACRO,07 Oct 2025,IQ,Fao ,2025/FRSIL/133928-Supply &amp; Delivery Of Laboratory Equipment-Sierra Leone,2025/FRSIL/133928-Supply &amp; Delivery Of Laboratory Equipment-Sierra Leone,Building Materials,Various,35069.8,USD,Shinso M.,Waiting
298,RFQ-7208-V40020,MACRO,07 Oct 2025,RFQ,Delta D.A.,"BIOT-121.76 N4008424F4725 REPAIRS TO CHRIMP FACILITY 724 (QS6040) &amp; FACILITY 725 (QS6041) ,NSFDG (X029)",Duct Connector,Building Materials,Various,393.75,AED,Rahul N.,Order
299,RFQ-7039-E6807,MVL USA JV LLC,07 Oct 2025,RFQ,Emsi I.,"BIOT-121.60 N4008424F4507 EProject 1693634 REPAIR SPP F1SA AND F2S OVERHEAD FEEDERS, RM20-1216 (Task-X025)",Conduit Plugs,Electrical,Electrical,4808.81,USD,Rahul N.,Order
300,RFQ-6705-V40141,"MVL USA, INC",07 Oct 2025,RFQ,Dateline E.I.,"RMI-125 W9128A23C0010 FY23 MCA PN 080242 Medical Clinic, U.S. Army Garrison, Kwajalein Atoll, Republic Of The Marshall Islands (RMI)",Carrier DX Split System With Accessories,Building Materials,Various,12463.17,USD,Vinith B.,Order
301,RFQ-1569-V4427,MACRO,07 Oct 2025,RFQ,Green F.T.,MVL Group Office Related POs,Plan Swift 11 Measurements &amp; QTY Takeoff Software -  Perpetual License - Mardhini Siddaiah,Misc.,Various,8610,AED,Marman I.,Order
302,RFQ-7039-V40026,MACRO,06 Oct 2025,RFQ,Sodamco E.F.,"BIOT-121.60 N4008424F4507 EProject 1693634 REPAIR SPP F1SA AND F2S OVERHEAD FEEDERS, RM20-1216 (Task - X025)",Admixtures,Building Materials,Various,17850,AED,Rahul N.,Order
303,RFQ-5532-V40086,MVL USA JV LLC,06 Oct 2025,RFQ,Meka G.,BIOT-121 N4008421D0082/N4008421R0079 AEC DB DBB MACC (Batchplant),Aviation Lights,Building Materials,Various,3019.09,EURO,Rahul N.,Order
304,RFQ-1005-V7256,MACRO,02 Oct 2025,RFQ,Arcelormittal D.F.,W912ER25C0001-MVL BNB Project,Sheet Piles,Building Materials,Various,116775,AED,Rahul N.,Order
305,RFQ-6705-V40140,"MVL USA, INC",02 Oct 2025,RFQ,Ferguson E.L.,"ORD-6705 RMI-125 W9128A23C0010 FY23 MCA PN 080242 Medical Clinic, U.S. Army Garrison, Kwajalein Atoll, Republic Of The Marshall Islands (RMI)",Medical Clinic - LSA Plumbing Piping,Building Materials,Various,2897.5,USD,Shah F.,Order
306,RFQ-7139-V4355,"MVL USA, INC",02 Oct 2025,RFQ,Jack R.&.,"ORD-7139 RMI-127 W9128A24C0012 Air Traffic Control Tower &amp; Terminal, Kwajalein Island, U.S. Army Garrison - Kwajalein Atoll (USAG-KA), Republic Of The Marshall Islands",Crane Lifting Gear-Accessories,Misc.,Various,3185.3,USD,Shah F.,Order
307,RFQ-6705-E6834,"MVL USA, INC",02 Oct 2025,RFQ,Tic L.E.,"ORD-6705 RMI-125 W9128A23C0010 FY23 MCA PN 080242 Medical Clinic, U.S. Army Garrison, Kwajalein Atoll, Republic Of The Marshall Islands (RMI)",Batch Plant Temporary Generator-Electrical Items,Electrical,Electrical,14665.21,USD,Shah F.,Order
308,RFQ-6705-V40139,"MVL USA, INC",02 Oct 2025,RFQ,Sign K.I.,"ORD-6705 RMI-125 W9128A23C0010 FY23 MCA PN 080242 Medical Clinic, U.S. Army Garrison, Kwajalein Atoll, Republic Of The Marshall Islands (RMI)",MVL Stickers &amp; Magnet Signs,Building Materials,Various,2100,USD,Shah F.,Order
309,RFQ-7208-V40019,MVL USA JV LLC,02 Oct 2025,RFQ,Gypsemna C.,"ORD-7208 BIOT-121.76 N4008424F4725 REPAIRS TO CHRIMP FACILITY 724 (QS60400) &amp; FACILITY 725 (QS6041), NSFDG (X029)",Gypsum Board And Supports,Building Materials,Various,45575.88,USD,Lince M.,Order
310,Q-1005-M4089,MV LLC,01 Oct 2025,IQ,Tricom S.,W912ER25C0001- Supply &amp; Delivery Of Fiber Glass Waste Water Tank Bilge-BNB-Lebanon,W912ER25C0001- Supply &amp; Delivery Of Fiber Glass Waste Water Tank Bilge-BNB-Lebanon,Machine / Equipments,Mechanical,106626,USD, ,Quotation
311,RFQ-6705-V40138,"MVL USA, INC",01 Oct 2025,RFQ,Dateline E.I.,"RMI-125 W9128A23C0010 FY23 MCA PN 080242 Medical Clinic, U.S. Army Garrison, Kwajalein Atoll, Republic Of The Marshall Islands (RMI)",Reinforcing Bar Supports,Building Materials,Various,7977.1,USD,Vinith B.,Order
312,Q-1005-V7255,MV LLC,01 Oct 2025,IQ,Jsk D.S.,Supply &amp; Delivery Of Epoxy Coated Rebar-JSK-Diego Garcia,Supply &amp; Delivery Of Epoxy Coated Rebar-JSK-Diego Garcia,Building Materials,Various,3000,USD,Darlene A.,Quotation
313,RFQ-7208-V40018,MACRO,30 Sep 2025,RFQ,Isam K.T.,"BIOT-121.76 N4008424F4725 REPAIRS TO CHRIMP FACILITY 724 (QS6040) &amp; FACILITY 725 (QS6041) ,NSFDG (Task - X029)",Duct Supports And Hangers,Building Materials,Various,70070.53,AED,Rahul N.,Order
314,RFQ-6705-V40137,"MVL USA, INC",30 Sep 2025,RFQ,American I.S.,"ORD-6705 RMI-125 W9128A23C0010 FY23 MCA PN 080242 Medical Clinic, U.S. Army Garrison, Kwajalein Atoll, Republic Of The Marshall Islands (RMI)",Detection Tracer Wire,Building Materials,Various,770,USD,Shah F.,Order
315,RFQ-5829-R1510,MACRO,30 Sep 2025,RFQ,Johnson A.L.,"ORD-5829 UAE-123R W912ER22C0026 P-960 Triton Operational Facility, United Arab Emirates",70 Ton - Rough Terrain Hydraulic Cranes 3 Months Rental - Ref No.: 2EQ2501416-R01,Rental,Rental,168000,AED,Marman I.,Order
316,RFQ-7039-V40024A,MVL USA JV LLC,29 Sep 2025,RFQ,White C.S.,"ORD-7039 BIOT-121.60 N4008424F4507 EProject 1693634 REPAIR SPP F1SA AND F2S OVERHEAD FEEDERS, RM20-1216",Sika Splicing Iron And Marmac Butyl,Building Materials,Various,5005.72,USD,Lince M.,Order
317,RFQ-7039-V40025,MVL USA JV LLC,29 Sep 2025,RFQ,Guangzhou P.T.,"ORD-7039 BIOT-121.60 N4008424F4507 EProject 1693634 REPAIR SPP F1SA AND F2S OVERHEAD FEEDERS, RM20-1216",Fabric Innerduct,Building Materials,Various,66812.7,USD,Lince M.,Order
318,Q-1005-L4184,MACRO,29 Sep 2025,IQ,Unicef ,LITB-2025-9199772-Supply &amp; Delivery Of 40-45 Seater Bus-UNICEF-Tanzania,LITB-2025-9199772-Supply &amp; Delivery Of 40-45 Seater Bus-UNICEF-Tanzania,Transportation,Logistics,37500,USD,Shinso M.,Waiting
319,RFQ-6746-V40027,MVL USA JV LLC,26 Sep 2025,RFQ,Wms A.,"ORD-6746 BIOT-121.55 N4008424F4084 X019 QN7003 - REPAIRS TO BASE POOL, F-105, WON1587110, DG",T&amp;C Support For Chlorinator System,Building Materials,Various,135,USD,Rahul N.,Order
320,RFQ-7139-V40042,"MVL USA, INC",26 Sep 2025,RFQ,V-trust I.S.,"ORD-7139 RMI-127 W9128A24C0012 Air Traffic Control Tower &amp; Terminal, Kwajalein Island, U.S. Army Garrison - Kwajalein Atoll (USAG-KA), Republic Of The Marshall Islands And  RMI-125 W9128A23C0010 FY23 MCA PN 080242 Medical Clinic, U.S. Army Garrison, Kwajalein Atoll, Republic Of The Marshall Islands (RMI)",Pre-Shipment Inspection - JFV981267- SYM5300THBFS 430C-10B Concrete Pump Truck-8,Building Materials,Various,268,USD,Marman I.,Order
321,Q-1005-V7254,MV LLC,25 Sep 2025,IQ,Ra I.S.,Supply &amp; Delivery Of Epoxy Coated Rebar-RA-Diego Garcia,Supply &amp; Delivery Of Epoxy Coated Rebar-RA-Diego Garcia,Building Materials,Various,215556,USD, ,Quotation
322,RFQ-7139-V4354,"MVL USA, INC",25 Sep 2025,RFQ,Rock-n-rescue ,"ORD-7139 RMI-127 W9128A24C0012 Air Traffic Control Tower &amp; Terminal, Kwajalein Island, U.S. Army Garrison - Kwajalein Atoll (USAG-KA), Republic Of The Marshall Islands",RESCUE KIT,Misc.,Various,2771.98,USD,Shah F.,Order
323,RFQ-1005-V7253,MACRO,25 Sep 2025,RFQ,Arcelor M.P.,W912ER25C0001-MVL BNB Project,Sheet Piles,Building Materials,Various,116775,AED,Rahul N.,Order
324,RFQ-7208-A5302,MVL USA JV LLC,25 Sep 2025,RFQ,Bm M.E.,"ORD-7208 BIOT-121.76 N4008424F4725 REPAIRS TO CHRIMP FACILITY 724 (QS60400) &amp; FACILITY 725 (QS6041), NSFDG (X029)",Paints And Coatings,Paints,Architectural,51177.28,USD,Lince M.,Order
325,RFQ-7139-T1002,"MVL USA, INC",25 Sep 2025,RFQ,Global S.L.,"ORD-7139 RMI-127 W9128A24C0012 Air Traffic Control Tower &amp; Terminal, Kwajalein Island, U.S. Army Garrison - Kwajalein Atoll (USAG-KA), Republic Of The Marshall Islands",Spares For Data Logger- Custom Tools,Tools,Tools,873.75,USD,Shah F.,Order
326,Q-7864-V4351,MVL USA JV LLC,25 Sep 2025,IQ,Kbr ,Environmental Training Courses - Subcontract No. DG-H-IOT-SC288 (PO No. P000126954),Environmental Training Courses - Subcontract No. DG-H-IOT-SC288 (PO No. P000126954),Misc.,Various,4025,USD, ,Waiting
327,RFQ-1005-V7252,MACRO,24 Sep 2025,RFQ,Steelforce M.T.,W912ER25C0001-MVL BNB Project,Sheet Piles,Building Materials,Various,127575,AED,Rahul N.,Waiting
328,Q-1005-V7251,"MVL USA, INC",24 Sep 2025,IQ,Us A.,FA7000025Q0085-Supply &amp; Delivery Of Portable Stadium Flooring-USAF-CO,FA7000025Q0085-Supply &amp; Delivery Of Portable Stadium Flooring-USAF-CO,Building Materials,Various,1680500,USD, ,Quotation
329,Q-1005-V4501,MV LLC,24 Sep 2025,IQ,Ra I.S.,Supply &amp; Delivery Of Project Signage- RA International,Supply &amp; Delivery Of Project Signage- RA International,Misc.,Various,0,USD, ,Quotation
330,RFQ-5532-M4042,MVL USA JV LLC,24 Sep 2025,RFQ,Evangel I.M.,BIOT-121 N4008421D0082/N4008421R0079 AEC DB DBB MACC,Inner Tubes For Telehandler Tire - MR - Inner Tube For Telehandler - MW- Jess Co,Machine / Equipments,Mechanical,250,USD,Marman I.,Order
331,RFQ-6705-S9104,"MVL USA, INC",24 Sep 2025,RFQ,Cal-cert C.,"ORD-6705 RMI-125 W9128A23C0010 FY23 MCA PN 080242 Medical Clinic, U.S. Army Garrison, Kwajalein Atoll, Republic Of The Marshall Islands (RMI)",Calibration-Batching Plant And Few Lab Items,Services,Services,6361,USD,Shah F.,Order
332,RFQ-6705-V40136,"MVL USA, INC",24 Sep 2025,RFQ,Lowes ,"ORD-6705 RMI-125 W9128A23C0010 FY23 MCA PN 080242 Medical Clinic, U.S. Army Garrison, Kwajalein Atoll, Republic Of The Marshall Islands (RMI)",12000 BTU Mini Split AC Unit,Building Materials,Various,2581.19,USD,Shah F.,Order
333,RFQ-1569-O100,"MVL USA, INC",23 Sep 2025,RFQ,Managed S.L.,MVL Group Office Related POs,Microsoft 365 G5 GCC &ndash; Annual Subscription Licenses (Pro-Rated) - Inv - 113948,Computer Peripherals,Office Assets,583.78,USD,Marman I.,Order
334,RFQ-6705-V40135,"MVL USA, INC",23 Sep 2025,RFQ,Framaco I.I.,"RMI-125 W9128A23C0010 FY23 MCA PN 080242 Medical Clinic, U.S. Army Garrison, Kwajalein Atoll, Republic Of The Marshall Islands (RMI)",CMU WALL ACCESSORIES,Building Materials,Various,59329.12,USD,Vinith B.,Order
335,Q-1005-V7250,MV LLC,23 Sep 2025,IQ,"American E.,.",19NP4025Q4166-Supply &amp; Delivery Of IT &amp; Telecom Accessories-US Embassy-Nepal,19NP4025Q4166-Supply &amp; Delivery Of IT &amp; Telecom Accessories-US Embassy-Nepal,Building Materials,Various,52000,USD,Shinso M.,Waiting
336,Q-1005-V7249,MV LLC,23 Sep 2025,IQ,Tricom S.,W912ER25C0001- Supply &amp; Delivery Of Sheet Pile SP 111w-BNB-Lebanon,W912ER25C0001- Supply &amp; Delivery Of Sheet Pile SP 111w-BNB-Lebanon,Building Materials,Various,44100,USD, ,Quotation
337,RFQ-7208-V40017,MACRO,22 Sep 2025,RFQ,Isam K.T.,"ORD-7208 BIOT-121.76 N4008424F4725 REPAIRS TO CHRIMP FACILITY 724 (QS60400) &amp; FACILITY 725 (QS6041), NSFDG (X029)",Misc. Metals - IKK,Building Materials,Various,61560.2,AED,Lince M.,Order
338,RFQ-7139-T1001,"MVL USA, INC",22 Sep 2025,RFQ,Lascar E.I.,"ORD-7139 RMI-127 W9128A24C0012 Air Traffic Control Tower &amp; Terminal, Kwajalein Island, U.S. Army Garrison - Kwajalein Atoll (USAG-KA), Republic Of The Marshall Islands",Custom Tools,Tools,Tools,873.75,USD,Shah F.,Cancled
339,RFQ-5829-S9104,MACRO,22 Sep 2025,RFQ,Al H.L.,"ORD-5829 UAE-123R W912ER22C0026 P-960 Triton Operational Facility, United Arab Emirates",- Trial Mix Test Requirements Per Specification 32 13 14.13,Services,Services,4914,AED,Marman I.,Cancled
340,RFQ-6705-V40134,"MVL USA, INC",22 Sep 2025,RFQ,Dateline E.I.,"ORD-6705 RMI-125 W9128A23C0010 FY23 MCA PN 080242 Medical Clinic, U.S. Army Garrison, Kwajalein Atoll, Republic Of The Marshall Islands (RMI)",Disinfection Materials,Building Materials,Various,198.51,USD,Shah F.,Cancled
341,RFQ-6705-V40133,"MVL USA, INC",22 Sep 2025,RFQ,Dateline E.I.,"ORD-6705 RMI-125 W9128A23C0010 FY23 MCA PN 080242 Medical Clinic, U.S. Army Garrison, Kwajalein Atoll, Republic Of The Marshall Islands (RMI)",Disinfection Materials,Building Materials,Various,198.51,USD,Shah F.,Order
342,RFQ-7139-V40041,"MVL USA, INC",22 Sep 2025,RFQ,Dateline E.I.,"ORD-7139 RMI-127 W9128A24C0012 Air Traffic Control Tower &amp; Terminal, Kwajalein Island, U.S. Army Garrison - Kwajalein Atoll (USAG-KA), Republic Of The Marshall Islands",#30 - Roofing Felt,Building Materials,Various,2113.31,USD,Vinith B.,Waiting
343,RFQ-6705-V40132,"MVL USA, INC",22 Sep 2025,RFQ,Tsang B.C.,"ORD-6705 RMI-125 W9128A23C0010 FY23 MCA PN 080242 Medical Clinic, U.S. Army Garrison, Kwajalein Atoll, Republic Of The Marshall Islands (RMI)","Hinge,Lumber,Plywood",Building Materials,Various,19809,USD,Shah F.,Order
344,RFQ-7139-M4014,"MVL USA, INC",22 Sep 2025,RFQ,Evangel I.M.,"ORD-7139 RMI-127 W9128A24C0012 Air Traffic Control Tower &amp; Terminal, Kwajalein Island, U.S. Army Garrison - Kwajalein Atoll (USAG-KA), Republic Of The Marshall Islands And  RMI-125 W9128A23C0010 FY23 MCA PN 080242 Medical Clinic, U.S. Army Garrison, Kwajalein Atoll, Republic Of The Marshall Islands (RMI)",3RD BATCH - SANY STC500C5-8 50-ton Truck Crane WITH 2 YEAR SPARE PARTS,Machine / Equipments,Mechanical,124000,USD,Marman I.,Order
345,RFQ-1569-O99,MACRO,22 Sep 2025,RFQ,Rivyv T.,It Department,Freshservice Licenses &amp; Implementation (- Freshservice + Freddy AI Quotation - S00091),Computer Peripherals,Office Assets,12848,USD,Marman I.,Order
346,RFQ-6705-V40131,"MVL USA, INC",20 Sep 2025,RFQ,V-trust I.S.,"ORD-7139 RMI-127 W9128A24C0012 Air Traffic Control Tower &amp; Terminal, Kwajalein Island, U.S. Army Garrison - Kwajalein Atoll (USAG-KA), Republic Of The Marshall Islands And  RMI-125 W9128A23C0010 FY23 MCA PN 080242 Medical Clinic, U.S. Army Garrison, Kwajalein Atoll, Republic Of The Marshall Islands (RMI)",Pre-Shipment Inspection - JFV948479 - SAC200C8-8,Building Materials,Various,268,USD,Marman I.,Order
347,RFQ-5532-V40085,MVL USA JV LLC,20 Sep 2025,RFQ,V-trust I.S.,BIOT-121 N4008421D0082/N4008421R0079 AEC DB DBB MACC,Pre-Shipment Inspection - JFV948479 - SAC200C8-8,Building Materials,Various,268,USD,Marman I.,Order
348,Q-1005-V4500,MV LLC,18 Sep 2025,IQ,"American E.,.",19NP4025Q9708-Supply &amp; Delivery Of UPS &amp; Accessories-US Embassy Nepal,19NP4025Q9708-Supply &amp; Delivery Of UPS &amp; Accessories-US Embassy Nepal,Misc.,Various,123515.2,USD,Shinso M.,Waiting
349,Q-1005-V4499,MV LLC,18 Sep 2025,IQ,"American E.,.",19NP4025Q4150-Supply &amp; Delivery Of Ipads-US Embassy Nepal,19NP4025Q4150-Supply &amp; Delivery Of Ipads-US Embassy Nepal,Misc.,Various,45008,USD,Shinso M.,Waiting
350,Q-1005-O9,MACRO,18 Sep 2025,IQ,Fao ,2025-FRURT-133646-Supply &amp; Delivery Of Laptops-FAO Tanzania,2025-FRURT-133646-Supply &amp; Delivery Of Laptops-FAO Tanzania,Computer Peripherals,Office Assets,37400,USD,Shinso M.,Waiting
351,RFQ-5532-V40084,MV LLC,18 Sep 2025,RFQ,Leeds S.C.,BIOT-121 N4008421D0082/N4008421R0079 AEC DB DBB MACC,Aggregates - Additional Qty,Building Materials,Various,266620,USD,Rahul N.,Order
352,RFQ-5532-V40083,MVL USA JV LLC,18 Sep 2025,RFQ,V-trust I.S.,BIOT-121 N4008421D0082/N4008421R0079 AEC DB DBB MACC,JFV957761 - Pre-Shipment Inspection RFPO-5532-M4038-1 Item# HELI 5ton  CPCD50,Building Materials,Various,268,USD,Marman I.,Order
353,Q-1005-V7248,MV LLC,18 Sep 2025,IQ,Jsk D.S.,Supply &amp; Delivery Of Epoxy Coated Rebar-JSK-Diego Garcia,Supply &amp; Delivery Of Epoxy Coated Rebar-JSK-Diego Garcia,Building Materials,Various,3441,USD,Darlene A.,Quotation
354,RFQ-6705-V40130,MACRO,18 Sep 2025,RFQ,Bmet B.M.,"RMI-125 W9128A23C0010 FY23 MCA PN 080242 Medical Clinic, U.S. Army Garrison, Kwajalein Atoll, Republic Of The Marshall Islands (RMI)",Gypsum Drywall And Supports,Building Materials,Various,13440.5,AED,Vinith B.,Order
355,RFQ-5503-A5206,MVL Greece,18 Sep 2025,RFQ,Salzer G.,ORD-5503 GRE-121 N6247022C0002 Communication Center - Souda Bay,Supervisor Deployment For Project P25-0784 (Offer Ref. 2025-31366),Doors,Architectural,19850,EURO,Marman I.,Order
356,Q-1005-M7120,MV LLC,17 Sep 2025,IQ,Us E.-.,"19PK3325Q1026-Supply &amp; Delivery Of Dehumidifier-US Embassy, Pakistan","19PK3325Q1026-Supply &amp; Delivery Of Dehumidifier-US Embassy, Pakistan",Mechanical Items,Mechanical,15000,USD,Shinso M.,Waiting
357,RFQ-6718-V40033,MVL USA JV LLC,17 Sep 2025,RFQ,Jet F.S.,"BIOT-121.48 N4008424F4064 EPROJECT 1718005 QC2011 REPLACE ADRF PUMPS 7, 8, AND 9, F-409",Pump Control Station,Building Materials,Various,35240.13,USD,Rahul N.,Order
358,RFQ-7139-M4013,"MVL USA, INC",17 Sep 2025,RFQ,Evangel I.M.,"ORD-6705 RMI-125 W9128A23C0010 FY23 MCA PN 080242 Medical Clinic, U.S. Army Garrison, Kwajalein Atoll, Republic Of The Marshall Islands (RMI) And  ORD-7139 RMI-127 W9128A24C0012 Air Traffic Control Tower &amp; Terminal, Kwajalein Island, U.S. Army Garrison - Kwajalein Atoll (USAG-KA), Republic Of The Marshall Islands",3rd  Bartch - DONGFENG 375HP 6x4 Tractor Truck And 3 Axles 40Ton 40ft Container Flatbed Semi-trailer With 2 Years Spare Parts,Machine / Equipments,Mechanical,66300,USD,Marman I.,Order
359,RFQ-6705-V40129,"MVL USA, INC",17 Sep 2025,RFQ,Bmet B.M.,"RMI-125 W9128A23C0010 FY23 MCA PN 080242 Medical Clinic, U.S. Army Garrison, Kwajalein Atoll, Republic Of The Marshall Islands (RMI)",Gypsum Dry Wall And Support For Building 729,Building Materials,Various,10619.69,AED,Vinith B.,Order
360,RFQ-5683-A5205,MVL USA JV LLC,17 Sep 2025,RFQ,Techtrade S.,"BIOT-121.10 N4008422F4478 / N4008421R0079 X010 CONSTRUCT STORAGE ROOM &amp;amp; RENOVATE BREAKROOMS, F-937 &amp; F-938",Fusible Link For Overhead Coiling Doors,Doors,Architectural,241.63,USD,Rahul N.,Order
361,RFQ-6705-V40128,"MVL USA, INC",16 Sep 2025,RFQ,Kelly &.H.,"RMI-125 W9128A23C0010 FY23 MCA PN 080242 Medical Clinic, U.S. Army Garrison, Kwajalein Atoll, Republic Of The Marshall Islands (RMI)",Lighting Fixtures And Toggle Switch For Building 729,Building Materials,Various,294.6,USD,Vinith B.,Order
362,RFQ-7139-M4012,"MVL USA, INC",16 Sep 2025,RFQ,Aimix G.C.,"ORD-7139 RMI-127 W9128A24C0012 Air Traffic Control Tower &amp; Terminal, Kwajalein Island, U.S. Army Garrison - Kwajalein Atoll (USAG-KA), Republic Of The Marshall Islands",ATCT - 9m3 Dust Suppression Truck - Ref - AM25E09170056602,Machine / Equipments,Mechanical,24600,USD,Marman I.,Order
363,RFQ-7039-V40024,MVL USA JV LLC,16 Sep 2025,RFQ,White C.S.,"ORD-7039 BIOT-121.60 N4008424F4507 EProject 1693634 REPAIR SPP F1SA AND F2S OVERHEAD FEEDERS, RM20-1216",Sika Splicing Iron And Marmac Butyl,Building Materials,Various,6448.61,USD,Lince M.,Order
364,RFQ-5829-E6822,MACRO,16 Sep 2025,RFQ,Gems S.L.,"ORD-5829 UAE-123R W912ER22C0026 P-960 Triton Operational Facility, United Arab Emirates",Procurement Support - Supply Of Dimmer Controller And Lighting Control Panel   - Ref.L_5717/25_DM_R3,Electrical,Electrical,203002.59,AED,Marman I.,Order
365,RFQ-6705-V40127,"MVL USA, INC",12 Sep 2025,RFQ,Kelly &.H.,"ORD-6705 RMI-125 W9128A23C0010 FY23 MCA PN 080242 Medical Clinic, U.S. Army Garrison, Kwajalein Atoll, Republic Of The Marshall Islands (RMI)",Mandrel &amp; Plugs,Building Materials,Various,2548.76,USD,Shah F.,Order
366,RFQ-6852-V40034,MVL USA JV LLC,12 Sep 2025,RFQ,Arabian E.C.,BIOT-121.35 N4008424F4221 QC8067-Repair To Fuel Piping System. F#408 NSF DG,Film For Liner,Building Materials,Various,6156,USD,Rahul N.,Order
367,RFQ-5532-V40082,MVL USA JV LLC,11 Sep 2025,RFQ,Leeds S.C.,BIOT-121 N4008421D0082/N4008421R0079 AEC DB DBB MACC,Aggregates - Additional Qty,Building Materials,Various,266620,USD,Rahul N.,Order
368,RFQ-7864-V40001,MACRO,11 Sep 2025,RFQ,Mannington M.I.,BIOT-121.93 REPAIR OF WINDOWS AND FLOORING AT F-1565 AND F-115 (Task - X060),Wall Base &amp; Adhesive,Building Materials,Various,820,USD,Rahul N.,Order
369,RFQ-5532-M4041,MVL USA JV LLC,11 Sep 2025,RFQ,Aimix G.C.,BIOT-121 N4008421D0082/N4008421R0079 AEC DB DBB MACC,9M3 Concrete Mixer Truck With Spare Parts As Per Approved Quotation AM25E09100056602,Machine / Equipments,Mechanical,101736,USD,Marman I.,Order
370,RFQ-7139-M4011,"MVL USA, INC",11 Sep 2025,RFQ,Aimix G.C.,"ORD-6705 RMI-125 W9128A23C0010 FY23 MCA PN 080242 Medical Clinic, U.S. Army Garrison, Kwajalein Atoll, Republic Of The Marshall Islands (RMI) And  ORD-7139 RMI-127 W9128A24C0012 Air Traffic Control Tower &amp; Terminal, Kwajalein Island, U.S. Army Garrison - Kwajalein Atoll (USAG-KA), Republic Of The Marshall Islands",9M3 Concrete Mixer Truck With Spare Parts As Per Approved Quotation M25E09110056601,Machine / Equipments,Mechanical,101736,USD,Marman I.,Order
371,RFQ-6705-V40126,"MVL USA, INC",11 Sep 2025,RFQ,American I.S.,"RMI-125 W9128A23C0010 FY23 MCA PN 080242 Medical Clinic, U.S. Army Garrison, Kwajalein Atoll, Republic Of The Marshall Islands (RMI)",PVC Pipes And C900 Pipes And C907 Fittings For Water &amp; Fire Water Network,Building Materials,Various,18014.62,USD,Vinith B.,Order
372,RFQ-7139-M4010,"MVL USA, INC",11 Sep 2025,RFQ,Evangel I.M.,"ORD-6705 RMI-125 W9128A23C0010 FY23 MCA PN 080242 Medical Clinic, U.S. Army Garrison, Kwajalein Atoll, Republic Of The Marshall Islands (RMI) And  ORD-7139 RMI-127 W9128A24C0012 Air Traffic Control Tower &amp; Terminal, Kwajalein Island, U.S. Army Garrison - Kwajalein Atoll (USAG-KA), Republic Of The Marshall Islands",3RD BATCH OF HEAVY EQUIPMENTS FOR KWAJALEIN,Machine / Equipments,Mechanical,92200,USD,Marman I.,Order
373,RFQ-6705-E6833,"MVL USA, INC",11 Sep 2025,RFQ,Tic L.E.,"ORD-6705 RMI-125 W9128A23C0010 FY23 MCA PN 080242 Medical Clinic, U.S. Army Garrison, Kwajalein Atoll, Republic Of The Marshall Islands (RMI)","Batch Plant -Heat Shrink Termination With Terminal Lugs , Nuts, Bolts, Washer",Electrical,Electrical,1613.42,USD,Shah F.,Order
374,RFQ-6705-M4105,"MVL USA, INC",10 Sep 2025,RFQ,Jubaili B.,"RMI-125 W9128A23C0010 FY23 MCA PN 080242 Medical Clinic, U.S. Army Garrison, Kwajalein Atoll, Republic Of The Marshall Islands (RMI)",315 KVA Genset - JP300 Silent Type.,Mechanical Items,Mechanical,190000.83,AED,Shinso M.,Order
375,RFQ-6705-V40125,"MVL USA, INC",10 Sep 2025,RFQ,Ej U.I.,"ORD-6705 RMI-125 W9128A23C0010 FY23 MCA PN 080242 Medical Clinic, U.S. Army Garrison, Kwajalein Atoll, Republic Of The Marshall Islands (RMI)",Frame &amp; Cover For Cleanout (Storm &amp; Sewer),Building Materials,Various,4813.84,USD,Shah F.,Order
376,RFQ-7027-M4102A,MVL USA JV LLC,09 Sep 2025,RFQ,S.k.m. A.C.,"BIOT-121.63 N4008424F4424 QC3010 REPLACE HVAC SYSTEM, F-161 (NGIS 19) - X020",Spares For PACU Testing,Mechanical Items,Mechanical,1250,AED,Rahul N.,Order
377,RFQ-5829-M4001,MACRO,09 Sep 2025,RFQ,Tengzhou H.M.,"ORD-5829 UAE-123R W912ER22C0026 P-960 Triton Operational Facility, United Arab Emirates",AIR FIELD PAVEMENT - ZPL-300Y Truss Screed (6.5m Type)  AS PER APPROVED QUOTATION -   HK2025091603-UAE,Machine / Equipments,Mechanical,7800,USD,Marman I.,Order
378,RFQ-7139-M4009,"MVL USA, INC",09 Sep 2025,RFQ,Tengzhou H.M.,"ORD-7139 RMI-127 W9128A24C0012 Air Traffic Control Tower &amp; Terminal, Kwajalein Island, U.S. Army Garrison - Kwajalein Atoll (USAG-KA), Republic Of The Marshall Islands",AIR FIELD PAVEMENT - ZPL-300Y Truss Screed (6.5m Type)  AS PER APPROVED QUOTATION -  HK2025090206-UAE,Machine / Equipments,Mechanical,3980,USD,Marman I.,Cancled
379,RFQ-7139-E6819,"MVL USA, INC",09 Sep 2025,RFQ,Tic L.E.,"ORD-7139 RMI-127 W9128A24C0012 Air Traffic Control Tower &amp; Terminal, Kwajalein Island, U.S. Army Garrison - Kwajalein Atoll (USAG-KA), Republic Of The Marshall Islands",ATCT-Electrical Items For Site Temporary Power,Electrical,Electrical,20605.02,USD,Shah F.,Order
380,RFQ-6542-V40043,"MVL USA, INC",08 Sep 2025,RFQ,Kelly &.H.,"JPN-124 FA890323C0031 Renovate Bldgs 111, 116 And 119 At Okinawa, Japan.---$1-5M Renovation Project In Okinawa",Breakers,Building Materials,Various,58.08,USD,Rahul N.,Order
381,RFQ-6852-V40033,MACRO,08 Sep 2025,RFQ,Fastener P.L.,BIOT-121.35 N4008424F4221 QC8067-Repair To Fuel Piping System. F#408 NSF DG,"Bolts, Nuts And Washers",Building Materials,Various,9688,AED,Rahul N.,Order
382,RFQ-7039-V40023,MACRO,08 Sep 2025,RFQ,Petrocoat C.C.,"ORD-7039 BIOT-121.60 N4008424F4507 EProject 1693634 REPAIR SPP F1SA AND F2S OVERHEAD FEEDERS, RM20-1216",Sika Waterbar,Building Materials,Various,65513,AED,Lince M.,Order
383,Q-1005-V7247,MACRO,04 Sep 2025,IQ,Unicef ,2025/FRZAM/FRZAM/133535-Supply &amp; Delivery Of Life Jacket-UNICEF,2025/FRZAM/FRZAM/133535-Supply &amp; Delivery Of Life Jacket-UNICEF,Building Materials,Various,10400,USD,Shinso M.,Waiting
384,RFQ-5683-O2,MACRO,04 Sep 2025,RFQ,Techtrade M.E.,"BIOT-121.10 N4008422F4478 / N4008421R0079 X010 CONSTRUCT STORAGE ROOM &amp;amp; RENOVATE BREAKROOMS, F-937 &amp; F-938",Fusible Link For Overhead Coiling Doors,Computer Peripherals,Office Assets,253.71,USD,Rahul N.,Order
385,RFQ-5683-A5204,MVL USA JV LLC,04 Sep 2025,RFQ,Qmi B.M.,"BIOT-121.10 N4008422F4478 / N4008421R0079 X010 CONSTRUCT STORAGE ROOM &amp;amp; RENOVATE BREAKROOMS, F-937 &amp;amp; F-938 (X010)",Door Glazing,Doors,Architectural,2120,USD,Rahul N.,Order
386,RFQ-5829-A5303,MACRO,04 Sep 2025,RFQ,Sas e.B.,"ORD-5829 UAE-123R W912ER22C0026 P-960 Triton Operational Facility, United Arab Emirates",URGENT REQUEST FOR INTERNAL PAINT B M ULTRA SPEC 500 LATEX PRIMER GL,Paints,Architectural,2100,AED,Marman I.,Order
387,RFQ-5532-V40081,MVL USA JV LLC,04 Sep 2025,RFQ,Odores M.L.,BIOT-121 N4008421D0082/N4008421R0079 AEC DB DBB MACC,Vinyl Tiles,Building Materials,Various,1504.7,USD,Rahul N.,Order
388,RFQ-7139-M4008,"MVL USA, INC",04 Sep 2025,RFQ,Guam A.,"ORD-7139 RMI-127 W9128A24C0012 Air Traffic Control Tower &amp; Terminal, Kwajalein Island, U.S. Army Garrison - Kwajalein Atoll (USAG-KA), Republic Of The Marshall Islands",Model: F-150 Crew Cab Pickup &ndash; Short Bed Year: 2020 - Condition: Used VIN - 1FTEW1EB7LKE67798,Machine / Equipments,Mechanical,34995,USD,Marman I.,Order
389,Q-1005-V7246,MV LLC,04 Sep 2025,IQ,Tricom S.,W912ER25C0001- Supply &amp; Delivery Of Ductile Iron Pipe &amp; Fittings-BNB-Lebanon,W912ER25C0001- Supply &amp; Delivery Of Ductile Iron Pipe &amp; Fittings-BNB-Lebanon,Building Materials,Various,36537.17,USD, ,Quotation
390,RFQ-6705-S9103,"MVL USA, INC",04 Sep 2025,RFQ,Aashto r.,"ORD-6705 RMI-125 W9128A23C0010 FY23 MCA PN 080242 Medical Clinic, U.S. Army Garrison, Kwajalein Atoll, Republic Of The Marshall Islands (RMI)",Proficiency Sample Program (PSP) For Kwaj-lab,Services,Services,665,USD,Shah F.,Order
391,RFQ-5695-V40020,MACRO,04 Sep 2025,RFQ,Fastener P.L.,"BIOT-121.16 N4008422F4476 QC1018 REPAIR BOLLARDS, POL PIER",Threaded Rod For Pull Test,Building Materials,Various,14150,AED,Rahul N.,Order
392,RFQ-6705-E6832,"MVL USA, INC",04 Sep 2025,RFQ,Tic L.E.,"ORD-6705 RMI-125 W9128A23C0010 FY23 MCA PN 080242 Medical Clinic, U.S. Army Garrison, Kwajalein Atoll, Republic Of The Marshall Islands (RMI)",Medical Clinic(Batch Plant)-Electrical Items,Electrical,Electrical,117777.85,USD,Shah F.,Order
393,RFQ-7027-M4102,MVL USA JV LLC,04 Sep 2025,RFQ,S.k.m. A.C.,"BIOT-121.63 N4008424F4424 QC3010 REPLACE HVAC SYSTEM, F-161 (NGIS 19) - X020",Spares For PACU Testing,Mechanical Items,Mechanical,1312.5,AED,Rahul N.,Order
394,RFQ-6705-V40124,"MVL USA, INC",04 Sep 2025,RFQ,Tsang B.C.,"ORD-6705 RMI-125 W9128A23C0010 FY23 MCA PN 080242 Medical Clinic, U.S. Army Garrison, Kwajalein Atoll, Republic Of The Marshall Islands (RMI)",Building 729 -Metal Studs And Plastic Items For The Temporary Protection,Building Materials,Various,764,USD,Shah F.,Order
395,Q-1005-V7245,MV LLC,03 Sep 2025,IQ,Tricom S.,W912ER25C0001- Supply &amp; Delivery Of HDPE Pipe &amp; Fittings-BNB-Lebanon,W912ER25C0001- Supply &amp; Delivery Of HDPE Pipe &amp; Fittings-BNB-Lebanon,Building Materials,Various,13690.82,USD, ,Quotation
396,RFQ-6705-V40123,"MVL USA, INC",03 Sep 2025,RFQ,Kelly &.H.,"RMI-125 W9128A23C0010 FY23 MCA PN 080242 Medical Clinic, U.S. Army Garrison, Kwajalein Atoll, Republic Of The Marshall Islands (RMI)",PVC Caoted Metal Conduits,Building Materials,Various,27207.16,USD,Vinith B.,Order
397,RFQ-7039-V40022,MVL USA JV LLC,03 Sep 2025,RFQ,Odores M.L.,"BIOT-121.60 N4008424F4507 EProject 1693634 REPAIR SPP F1SA AND F2S OVERHEAD FEEDERS, RM20-1216 (Task-X025)",Vinyl Tiles,Building Materials,Various,1504.7,USD,Rahul N.,Order
398,RFQ-7139-V40040,"MVL USA, INC",03 Sep 2025,RFQ,Lowes ,"ORD-7139 RMI-127 W9128A24C0012 Air Traffic Control Tower &amp; Terminal, Kwajalein Island, U.S. Army Garrison - Kwajalein Atoll (USAG-KA), Republic Of The Marshall Islands",Tarps &amp;  Nylon Rope,Building Materials,Various,5164.88,USD,Shah F.,Order
399,RFQ-6746-V40026,MVL USA JV LLC,02 Sep 2025,RFQ,The S.C.,"BIOT-121.55 N4008424F4084 X019 QN7003 - REPAIRS TO BASE POOL, F-105, WON1587110, DG",Paints And Coatings (re-order),Building Materials,Various,7273.8,USD,Lince M.,Order
400,RFQ-6705-E6831,"MVL USA, INC",02 Sep 2025,RFQ,Graybar E.C.,"RMI-125 W9128A23C0010 FY23 MCA PN 080242 Medical Clinic, U.S. Army Garrison, Kwajalein Atoll, Republic Of The Marshall Islands (RMI)",Outlet Box And Covers,Electrical,Electrical,113.83,USD,Vinith B.,Order
401,RFQ-6705-V40122,"MVL USA, INC",02 Sep 2025,RFQ,Dateline E.I.,"RMI-125 W9128A23C0010 FY23 MCA PN 080242 Medical Clinic, U.S. Army Garrison, Kwajalein Atoll, Republic Of The Marshall Islands (RMI)",SIKADUR 32 &amp; TAR GRD CTE BLACK PAINT,Building Materials,Various,654.5,USD,Vinith B.,Order
402,RFQ-7139-V40039,"MVL USA, INC",02 Sep 2025,RFQ,Ej U.I.,"ORD-7139 RMI-127 W9128A24C0012 Air Traffic Control Tower &amp; Terminal, Kwajalein Island, U.S. Army Garrison - Kwajalein Atoll (USAG-KA), Republic Of The Marshall Islands",Manhole Cleanout Assembly,Building Materials,Various,1469.7,USD,Vinith B.,Waiting
403,Q-1005-V7244,MV LLC,02 Sep 2025,IQ,Tricom S.,W912ER25C0001- Supply &amp; Delivery Of HD Gal Angle With Top Edge Stud -BNB-Lebanon,W912ER25C0001- Supply &amp; Delivery Of HD Gal Angle With Top Edge Stud -BNB-Lebanon,Building Materials,Various,153384,USD, ,Quotation
404,Q-1005-V7243,MV LLC,02 Sep 2025,IQ,Ra I.S.,Supply &amp; Delivery Of Epoxy Coated Rebar-RA-Diego Garcia,Supply &amp; Delivery Of Epoxy Coated Rebar-RA-Diego Garcia,Building Materials,Various,1485,USD,Darlene A.,Quotation
405,RFQ-7073-V40012,MVL USA JV LLC,02 Sep 2025,RFQ,Unitech D.P.,BIOT-121.68 N4008424F4583 QC3078 Repairs To Concrete Water Tanks (X026),DI Pipes &amp; Fittings,Building Materials,Various,7050.57,USD,Rahul N.,Order
406,RFQ-5695-V40019,MACRO,02 Sep 2025,RFQ,Fastener P.L.,"BIOT-121.16 N4008422F4476 QC1018 REPAIR BOLLARDS, POL PIER (X016)",Threaded Rod For Pull Test,Building Materials,Various,12106,AED,Rahul N.,Order
407,RFQ-5829-V40035,MACRO,01 Sep 2025,RFQ,Rmb G.R.,"ORD-5829 UAE-123R W912ER22C0026 P-960 Triton Operational Facility, United Arab Emirates",Air Field Pavement Macro Concrete Mix For Triton Project 2500742 REV1,Building Materials,Various,1268904,AED,Marman I.,Order
408,RFQ-7073-V40011,MVL USA JV LLC,29 Aug 2025,RFQ,Puget S.P.,BIOT-121.68 N4008424F4583 QC3078 Repairs To Concrete Water Tanks (Task - X026),Vibration Hose,Building Materials,Various,65328,USD,Rahul N.,Order
409,RFQ-7208-V40016,MVL USA JV LLC,29 Aug 2025,RFQ,Integrated C.S.,"BIOT-121.76 N4008424F4725 REPAIRS TO CHRIMP FACILITY 724 (QS6040) &amp; FACILITY 725 (QS6041) ,NSFDG (Task - X029)",Metal Wall Louvers,Building Materials,Various,74306.29,USD,Rahul N.,Order
410,RFQ-6705-E6830,"MVL USA, INC",28 Aug 2025,RFQ,Tic L.E.,"ORD-6705 RMI-125 W9128A23C0010 FY23 MCA PN 080242 Medical Clinic, U.S. Army Garrison, Kwajalein Atoll, Republic Of The Marshall Islands (RMI)",Cable Lugs For Batch Plant,Electrical,Electrical,2797.24,USD,Shah F.,Order
411,RFQ-6705-V40121,"MVL USA, INC",27 Aug 2025,RFQ,Humboldt M.C.,"ORD-6705 RMI-125 W9128A23C0010 FY23 MCA PN 080242 Medical Clinic, U.S. Army Garrison, Kwajalein Atoll, Republic Of The Marshall Islands (RMI)",Medical Laboratory-Additional Items,Building Materials,Various,7239.25,USD,Shah F.,Order
412,RFQ-6705-M4025,"MVL USA, INC",27 Aug 2025,RFQ,Evangel I.M.,"ORD-6705 RMI-125 W9128A23C0010 FY23 MCA PN 080242 Medical Clinic, U.S. Army Garrison, Kwajalein Atoll, Republic Of The Marshall Islands (RMI) And  ORD-7139 RMI-127 W9128A24C0012 Air Traffic Control Tower &amp; Terminal, Kwajalein Island, U.S. Army Garrison - Kwajalein Atoll (USAG-KA), Republic Of The Marshall Islands",SANY 43m Concrete Pump Truck - Model: SYM5300THBFS 430C-10B,Machine / Equipments,Mechanical,160300,USD,Marman I.,Order
413,Q-1005-M7119,MV LLC,27 Aug 2025,IQ,"U.s. E.,.",PR15520510-Supply &amp; Delivery Of AES 6100 Alarm Kits-US Embassy Nigeria,PR15520510-Supply &amp; Delivery Of AES 6100 Alarm Kits-US Embassy Nigeria,Mechanical Items,Mechanical,63736,USD,Shinso M.,Quotation
414,RFQ-6705-E6829,"MVL USA, INC",27 Aug 2025,RFQ,Tic L.E.,"ORD-6705 RMI-125 W9128A23C0010 FY23 MCA PN 080242 Medical Clinic, U.S. Army Garrison, Kwajalein Atoll, Republic Of The Marshall Islands (RMI)",Batch Plant Temporary Generator-Electrical Items,Electrical,Electrical,16014.17,USD,Shah F.,Order
415,RFQ-7139-S9131,"MVL USA, INC",26 Aug 2025,RFQ,Ozler F.a.,"ORD-7139 RMI-127 W9128A24C0012 Air Traffic Control Tower &amp; Terminal, Kwajalein Island, U.S. Army Garrison - Kwajalein Atoll (USAG-KA), Republic Of The Marshall Islands",Formwork And Scafflding Materials For ATCT Terminal Building,Subcontract,Services,120213.98,USD,Vinith B.,Order
416,RFQ-5829-V40034,MACRO,26 Aug 2025,RFQ,Dutco T.L.,"ORD-5829 UAE-123R W912ER22C0026 P-960 Triton Operational Facility, United Arab Emirates",Procurement Support Al Fikree - Penstocks For Triton Operational Facility,Building Materials,Various,92131.2,AED,Marman I.,Order
417,RFQ-1569-O98,MACRO,25 Aug 2025,RFQ,Midway C.T.,MVL Group Office Related POs,Dell Desktops &amp; Samsung Monitors &ndash; QTN-25/01451,Computer Peripherals,Office Assets,11135.25,AED,Marman I.,Cancled
418,RFQ-6542-V40042,"MVL USA, INC",25 Aug 2025,RFQ,Integrated C.S.,"JPN-124 FA890323C0031 Renovate Bldgs 111, 116 And 119 At Okinawa, Japan.",Kitchen Sink And Fitting.,Building Materials,Various,1132,USD,Shinso M.,Order
419,RFQ-7139-E6818,"MVL USA, INC",25 Aug 2025,RFQ,Al G.S.,"ORD-7139 RMI-127 W9128A24C0012 Air Traffic Control Tower &amp; Terminal, Kwajalein Island, U.S. Army Garrison - Kwajalein Atoll (USAG-KA), Republic Of The Marshall Islands","Main Distribution Board ,Panel Boards For ATCT Electrical Temporary",Electrical,Electrical,16596.39,AED,Shah F.,Order
420,Q-1005-V7242,MV LLC,22 Aug 2025,IQ,Ra I.S.,Supply &amp; Delivery Of Epoxy Coated Rebar-ECC-Diego Garcia,Epoxy Coated Rebar-ECC-Diego Garcia,Building Materials,Various,1320,USD,Darlene A.,Waiting
421,Q-1005-V7241,MICRON,22 Aug 2025,IQ,Ra I.S.,Supply &amp; Delivery Of Epoxy Coated Rebar-ECC-Diego Garcia,16mm Epoxy Coated Rebars X 5.8 Mtr ASTM A615 Grade 60. Coating Grade ASTM A775,Building Materials,Various,1320,USD, ,Cancled
422,RFQ-7120-V40004,"MVL USA, INC",21 Aug 2025,RFQ,Kelly &.H.,"JPN-138 W912HV24C0009 FY24 AC Repair For Server Rooms, Building 101, Camp Zama, Japan",Disconnect Switches,Building Materials,Various,6195.19,USD,Rahul N.,Order
423,RFQ-7120-V40003,MVL USA JV LLC,21 Aug 2025,RFQ,Kelly &.H.,"JPN-138 W912HV24C0009 FY24 AC Repair For Server Rooms, Building 101, Camp Zama, Japan",Disconnect Switches,Building Materials,Various,6195.19,USD,Rahul N.,Order
424,RFQ-7139-M4102,"MVL USA, INC",21 Aug 2025,RFQ,Jiangsu R.E.,"ORD-7139 RMI-127 W9128A24C0012 Air Traffic Control Tower &amp; Terminal, Kwajalein Island, U.S. Army Garrison - Kwajalein Atoll (USAG-KA), Republic Of The Marshall Islands",Load Break Switch(HV Switch),Mechanical Items,Mechanical,14000,USD,Vinith B.,Order
425,RFQ-1569-V4426,MACRO,20 Aug 2025,RFQ,Green F.T.,MVL Group Office Related POs,Plan Swift 11 Measurements &amp; QTY Takeoff Software -  Perpetual License - Raunaque Afroz,Misc.,Various,8610,AED,Marman I.,Order
426,RFQ-6705-E6828,"MVL USA, INC",20 Aug 2025,RFQ,Tic L.E.,"RMI-125 W9128A23C0010 FY23 MCA PN 080242 Medical Clinic, U.S. Army Garrison, Kwajalein Atoll, Republic Of The Marshall Islands (RMI)",MV And LV Terminal Lugs,Electrical,Electrical,2192.91,USD,Vinith B.,Order
427,RFQ-7864-V40000,MVL USA JV LLC,20 Aug 2025,RFQ,Adelta C.,BIOT-121.93 REPAIR OF WINDOWS AND FLOORING AT F-1565 AND F-115 (X060),Rubber Base,Building Materials,Various,2737.99,USD,Rahul N.,Order
428,RFQ-7039-V40021,MVL USA JV LLC,20 Aug 2025,RFQ,Crossweld M.T.,"BIOT-121.60 N4008424F4507 EProject 1693634 REPAIR SPP F1SA AND F2S OVERHEAD FEEDERS, RM20-1216 (X025)",Pulling Iron For Telecom Handhole,Building Materials,Various,8184,USD,Rahul N.,Order
429,RFQ-7073-V40010,MVL USA JV LLC,19 Aug 2025,RFQ,Dateline E.I.,BIOT-121.68 N4008424F4583 QC3078 Repairs To Concrete Water Tanks -308 &amp; 1503 (X026),Epoxy Adhesive,Building Materials,Various,2035.46,USD,Rahul N.,Order
430,RFQ-6718-E6807,MVL USA JV LLC,19 Aug 2025,RFQ,Wesco D.I.,"BIOT-121.48 N4008424F4064 EPROJECT 1718005 QC2011 REPLACE ADRF PUMPS 7, 8, AND 9, F-409",Glands,Electrical,Electrical,7704,USD,Rahul N.,Order
431,RFQ-5532-E6805,MVL USA JV LLC,19 Aug 2025,RFQ,Benfield E.I.,BIOT-121 N4008421D0082/N4008421R0079 AEC DB DBB MACC,Additional Electrical Materials - Batchplant,Electrical,Electrical,9754.1,USD,Rahul N.,Order
432,RFQ-6705-S9102,"MVL USA, INC",19 Aug 2025,RFQ,Rodelio M.,"ORD-6705 RMI-125 W9128A23C0010 FY23 MCA PN 080242 Medical Clinic, U.S. Army Garrison, Kwajalein Atoll, Republic Of The Marshall Islands (RMI)",Services Rendered By ACI Certified Lab Tech For MTC Lab Accreditation,Services,Services,8000,USD,Shah F.,Order
433,RFQ-1569-14592,MACRO,19 Aug 2025,RFQ,Eurofire F.&.,MVL Group Office Related POs,"Supply &amp; Installation - Fire Protection System For Unit 1807, One Lake Plaza, JLT,",Fit Out Project,Architectural,46200,AED,Marman I.,Order
434,RFQ-6705-V40120,"MVL USA, INC",19 Aug 2025,RFQ,Kelly &.H.,"RMI-125 W9128A23C0010 FY23 MCA PN 080242 Medical Clinic, U.S. Army Garrison, Kwajalein Atoll, Republic Of The Marshall Islands (RMI)",1'' Rigid Metal Conduits And Fittings,Building Materials,Various,208.29,USD,Vinith B.,Order
435,RFQ-7139-S9130,"MVL USA, INC",18 Aug 2025,RFQ,Big T.S.,"ORD-7139 RMI-127 W9128A24C0012 Air Traffic Control Tower &amp; Terminal, Kwajalein Island, U.S. Army Garrison - Kwajalein Atoll (USAG-KA), Republic Of The Marshall Islands",Canopy Storage Shelter,Subcontract,Services,111700,USD,Shah F.,Order
436,RFQ-5503-S9101,MACRO,18 Aug 2025,RFQ,Tuv S.M.,ORD-5503 GRE-121 N6247022C0002 Communication Center - Souda Bay,Pre-Shipment Inspection Aluminum Windows And Curtain Walls,Services,Services,745.5,USD,Marman I.,Order
437,RFQ-5503-S9100,MVL Greece,18 Aug 2025,RFQ,Tuv S.M.,ORD-5503 GRE-121 N6247022C0002 Communication Center - Souda Bay,Pre-Shipment Inspection Aluminum Windows And Curtain Walls,Services,Services,630,EURO, ,Cancled
438,RFQ-7139-T1000,"MVL USA, INC",18 Aug 2025,RFQ,Americana S.,"ORD-7139 RMI-127 W9128A24C0012 Air Traffic Control Tower &amp; Terminal, Kwajalein Island, U.S. Army Garrison - Kwajalein Atoll (USAG-KA), Republic Of The Marshall Islands",Custom Tools,Tools,Tools,5176,USD,Shah F.,Order
439,RFQ-7139-V4353,"MVL USA, INC",18 Aug 2025,RFQ,Foshan S.M.,"ORD-7139 RMI-127 W9128A24C0012 Air Traffic Control Tower &amp; Terminal, Kwajalein Island, U.S. Army Garrison - Kwajalein Atoll (USAG-KA), Republic Of The Marshall Islands",PORTABLE TOILET,Misc.,Various,5850,USD,Shah F.,Order
440,RFQ-5532-V40080,MVL USA JV LLC,18 Aug 2025,RFQ,Zhengzhou Y.C.,BIOT-121 N4008421D0082/N4008421R0079 AEC DB DBB MACC,Material Request #MR-25 - MR - WireSaw Machine Parts And Consumables - Aldrin,Building Materials,Various,860,USD,Marman I.,Order
441,RFQ-6705-V40119,"MVL USA, INC",12 Aug 2025,RFQ,France M.G.,"RMI-125 W9128A23C0010 FY23 MCA PN 080242 Medical Clinic, U.S. Army Garrison, Kwajalein Atoll, Republic Of The Marshall Islands (RMI)",Stainless Steel 316Door For Building 729,Building Materials,Various,2722,USD,Vinith B.,Order
442,Q-1005-M7118,MV LLC,12 Aug 2025,IQ,Us E.T.,PR15485062-Supply &amp; Delivery Of Office Printers-US Embassy Dar Es Salaam,PR15485062-Supply &amp; Delivery Of Office Printers-US Embassy Dar Es Salaam,Mechanical Items,Mechanical,15000,USD,Shinso M.,Waiting
443,RFQ-5695-V40018,MVL USA JV LLC,11 Aug 2025,RFQ,Powerfit I.P.,"BIOT-121.16 N4008422F4476 QC1018 REPAIR BOLLARDS, POL PIER",Welding Rods,Building Materials,Various,3062,USD,Rahul N.,Order
444,RFQ-6705-V40118,"MVL USA, INC",11 Aug 2025,RFQ,Kelly &.H.,"RMI-125 W9128A23C0010 FY23 MCA PN 080242 Medical Clinic, U.S. Army Garrison, Kwajalein Atoll, Republic Of The Marshall Islands (RMI)",Receptacles And Device Plates,Building Materials,Various,18.77,USD,Vinith B.,Order
445,RFQ-5532-V4373,MVL USA JV LLC,11 Aug 2025,RFQ,Onmuse (.S.,BIOT-121 N4008421D0082/N4008421R0079 AEC DB DBB MACC,Material Request #MR-62 - MR- Additional Bed Bunk And Mattress - MCamp 2 - Rona,Misc.,Various,12780,USD,Marman I.,Order
446,RFQ-7139-E6817,"MVL USA, INC",11 Aug 2025,RFQ,Wesco D.I.,"RMI-125 W9128A23C0010 FY23 MCA PN 080242 Medical Clinic, U.S. Army Garrison, Kwajalein Atoll, Republic Of The Marshall Islands (RMI)",Non-Metallic Cable Rack And Arms With Hardwares,Electrical,Electrical,8219.64,USD,Vinith B.,Order
447,RFQ-5503-A5205,MVL Greece,10 Aug 2025,RFQ,Petroutsos B.L.,ORD-5503 GRE-121 N6247022C0002 Communication Center - Souda Bay,Sch&uuml;co ADS 80 FR60 Fire-resistant Fixed Window With Anodized (CO) Finish And Pilkington Pyrostop 60-351 EI60 Glazing,Doors,Architectural,23560,EURO,Marman I.,Order
448,RFQ-6852-E6801,MVL USA JV LLC,08 Aug 2025,RFQ,Wesco D.I.,BIOT-121.35 N4008424F4221 QC8067-Repair To Fuel Piping System. F#408 NSF DG,Connectors And Pull Box,Electrical,Electrical,9761.16,USD,Rahul N.,Order
449,RFQ-7139-V40038,"MVL USA, INC",08 Aug 2025,RFQ,Smithbridge G.,"ORD-7139 RMI-127 W9128A24C0012 Air Traffic Control Tower &amp; Terminal, Kwajalein Island, U.S. Army Garrison - Kwajalein Atoll (USAG-KA), Republic Of The Marshall Islands",Slags For Concrete Mix,Building Materials,Various,88358.05,USD,Vinith B.,Order
450,RFQ-7139-S9101,"MVL USA, INC",07 Aug 2025,RFQ,Modulus M.S.,"ORD-7139 RMI-127 W9128A24C0012 Air Traffic Control Tower &amp; Terminal, Kwajalein Island, U.S. Army Garrison - Kwajalein Atoll (USAG-KA), Republic Of The Marshall Islands","Quantity Verification Inspection For Accommodation Units, WC-shower Containers, And Laundry Containers.",Services,Services,700,USD,Marman I.,Order
451,RFQ-7139-S9100,MACRO,07 Aug 2025,RFQ,Modulus M.S.,"ORD-7139 RMI-127 W9128A24C0012 Air Traffic Control Tower &amp; Terminal, Kwajalein Island, U.S. Army Garrison - Kwajalein Atoll (USAG-KA), Republic Of The Marshall Islands","Quantity Verification Inspection For Accommodation Units, WC-shower Containers, And Laundry Containers.",Services,Services,700,USD,Marman I.,Order
452,Q-1005-M7117,MV LLC,07 Aug 2025,IQ,U.s. C.G.,"PR15493397-Supply &amp; Delivery Of Exhaust Fans-US Consulate Chennai,India","PR15493397-Supply &amp; Delivery Of Exhaust Fans-US Consulate Chennai,India",Mechanical Items,Mechanical,66558,USD,Shinso M.,Waiting
453,Q-1005-L4183,MACRO,07 Aug 2025,IQ,Fao ,2025/FRZAM/FRZAM/133324-Supply Of Motor Vehicle-FAO-Zambia,2025/FRZAM/FRZAM/133324-Supply Of Motor Vehicle-FAO-Zambia,Transportation,Logistics,42500,USD,Shinso M.,Waiting
454,RFQ-5503-A5204,MVL Greece,07 Aug 2025,RFQ,Salzer G.,ORD-5503 GRE-121 N6247022C0002 Communication Center - Souda Bay,Provision Of 3 Skilled Workers For Detailed Frame Measurements,Doors,Architectural,2364,EURO,Marman I.,Order
455,RFQ-6705-E6827,"MVL USA, INC",06 Aug 2025,RFQ,Wesco D.I.,"ORD-6705 RMI-125 W9128A23C0010 FY23 MCA PN 080242 Medical Clinic, U.S. Army Garrison, Kwajalein Atoll, Republic Of The Marshall Islands (RMI)",Additional PVC Conduits And Fittings For Building 729,Electrical,Electrical,2054.87,USD,Shah F.,Order
456,RFQ-6705-V40117,"MVL USA, INC",06 Aug 2025,RFQ,Dateline E.I.,"RMI-125 W9128A23C0010 FY23 MCA PN 080242 Medical Clinic, U.S. Army Garrison, Kwajalein Atoll, Republic Of The Marshall Islands (RMI)",Snap Ties And Tie Wedge,Building Materials,Various,637.23,USD,Vinith B.,Order
457,RFQ-7208-A5301,MACRO,06 Aug 2025,RFQ,Bm M.E.,"BIOT-121.76 N4008424F4725 REPAIRS TO CHRIMP FACILITY 724 (QS6040) &amp; FACILITY 725 (QS6041) ,NSFDG (X029)",Paints And Coatings,Paints,Architectural,51177.28,USD,Rahul N.,Order
458,RFQ-7039-V40019B,MVL USA JV LLC,06 Aug 2025,RFQ,Underground D.I.,"ORD-7039 BIOT-121.60 N4008424F4507 EProject 1693634 REPAIR SPP F1SA AND F2S OVERHEAD FEEDERS, RM20-1216",Cable Racks (Electrical And Telecom),Building Materials,Various,304337.81,USD,Rahul N.,Order
459,Q-1005-V7240,MV LLC,06 Aug 2025,IQ,Jsk D.S.,Supply &amp; Delivery Of Epoxy Coated Rebar-JSK-F-939-Diego Garcia,Supply &amp; Delivery Of Epoxy Coated Rebar-JSK-F-939-Diego Garcia,Building Materials,Various,3300,USD, ,Quotation
460,RFQ-7139-S9127,"MVL USA, INC",06 Aug 2025,RFQ,Ozler F.a.,"ORD-7139 RMI-127 W9128A24C0012 Air Traffic Control Tower &amp; Terminal, Kwajalein Island, U.S. Army Garrison - Kwajalein Atoll (USAG-KA), Republic Of The Marshall Islands",FORMWORK AND SCAFFOLDING,Subcontract,Services,202856.77,USD,Vinith B.,Order
461,RFQ-6542-V40041,"MVL USA, INC",05 Aug 2025,RFQ,Integrated C.S.,"JPN-124 FA890323C0031 Renovate Bldgs 111, 116 And 119 At Okinawa, Japan.",Timer Switch And HOA Controller.,Building Materials,Various,1657.99,USD,Shinso M.,Order
462,Q-6542-V40040,"MVL USA, INC",05 Aug 2025,IQ,International O.f.,"JPN-124 FA890323C0031 Renovate Bldgs 111, 116 And 119 At Okinawa, Japan.",Timer Switch And HOA Controller.,Building Materials,Various,1657.99,USD, ,Cancled
463,RFQ-6705-M4024,"MVL USA, INC",05 Aug 2025,RFQ,Komplet A.,"ORD-6705 RMI-125 W9128A23C0010 FY23 MCA PN 080242 Medical Clinic, U.S. Army Garrison, Kwajalein Atoll, Republic Of The Marshall Islands (RMI)",Crusher And Screener + Screens,Machine / Equipments,Mechanical,341376.19,USD,Shah F.,Order
464,RFQ-6705-O2,MACRO,05 Aug 2025,RFQ,Allcad S.L.,"ORD-6705 RMI-125 W9128A23C0010 FY23 MCA PN 080242 Medical Clinic, U.S. Army Garrison, Kwajalein Atoll, Republic Of The Marshall Islands (RMI)",Bluebeam Core Annual Subscription - &nbsp;John Paul Ottarson,Computer Peripherals,Office Assets,971.25,AED,Marman I.,Order
465,RFQ-7139-V40037,"MVL USA, INC",04 Aug 2025,RFQ,Squires L.C.,"ORD-7139 RMI-127 W9128A24C0012 Air Traffic Control Tower &amp; Terminal, Kwajalein Island, U.S. Army Garrison - Kwajalein Atoll (USAG-KA), Republic Of The Marshall Islands",Hydrotite CJ Waterstop,Building Materials,Various,11335.69,USD,Vinith B.,Order
466,RFQ-6952-V40021,MVL USA JV LLC,04 Aug 2025,RFQ,Dateline E.I.,"BIOT-121.62 N4008424F4368 QC3005 - PROVIDE SUPPORT TO NMCB TO CONSTRUCT NEW CONCRETE PAD, NEW TFS F-980A, DG (X020)",Joint Sealant,Building Materials,Various,3806.5,USD,Rahul N.,Order
467,RFQ-6705-E6826,"MVL USA, INC",04 Aug 2025,RFQ,Al G.S.,"ORD-6705 RMI-125 W9128A23C0010 FY23 MCA PN 080242 Medical Clinic, U.S. Army Garrison, Kwajalein Atoll, Republic Of The Marshall Islands (RMI)","Main Distribution Board,Panel Boards For Batch Plant",Electrical,Electrical,101508.81,AED,Shah F.,Order
468,RFQ-5532-V40079,MVL USA JV LLC,04 Aug 2025,RFQ,Black C.C.,BIOT-121 N4008421D0082/N4008421R0079 AEC DB DBB MACC,Concrete &amp; Equipment Rental,Building Materials,Various,109811.58,USD,Rahul N.,Order
469,RFQ-7139-V40036,"MVL USA, INC",04 Aug 2025,RFQ,Dateline E.I.,"ORD-7139 RMI-127 W9128A24C0012 Air Traffic Control Tower &amp; Terminal, Kwajalein Island, U.S. Army Garrison - Kwajalein Atoll (USAG-KA), Republic Of The Marshall Islands",MECHANIC TOOLS,Building Materials,Various,32410.31,USD,Shah F.,Order
470,RFQ-7139-V40035,"MVL USA, INC",04 Aug 2025,RFQ,Uline ,"ORD-7139 RMI-127 W9128A24C0012 Air Traffic Control Tower &amp; Terminal, Kwajalein Island, U.S. Army Garrison - Kwajalein Atoll (USAG-KA), Republic Of The Marshall Islands",BULK BAGS SKID LOT,Building Materials,Various,2116.22,USD,Shah F.,Order
471,RFQ-7208-V40015,MVL USA JV LLC,01 Aug 2025,RFQ,Dateline E.I.,"BIOT-121.76 N4008424F4725 REPAIRS TO CHRIMP FACILITY 724 (QS6040) &amp; FACILITY 725 (QS6041) ,NSFDG (X029)",Emergency Eyewash &amp; Shower,Building Materials,Various,33839.75,USD,Rahul N.,Order
472,RFQ-5532-M4040,MVL USA JV LLC,01 Aug 2025,RFQ,Meka ,BIOT-121 N4008421D0082/N4008421R0079 AEC DB DBB MACC,MEKA&rsquo;s Installation Service For Concrete Batching PPlants And Crushing And Screening Systems,Machine / Equipments,Mechanical,9250,EURO,Marman I.,Order
473,RFQ-7120-V40002,"MVL USA, INC",31 Jul 2025,RFQ,Kelly &.H.,"JPN-138 W912HV24C0009 FY24 AC Repair For Server Rooms, Building 101, Camp Zama, Japan",Circuit Breakers,Building Materials,Various,16616.26,USD,Shinso M.,Order
474,RFQ-5532-O2,MACRO,31 Jul 2025,RFQ,Midway C.T.,BIOT-121 N4008421D0082/N4008421R0079 AEC DB DBB MACC,"2 Units Lenovo E16 &ndash; (English Keyboard) Intel Core Ultra 7 255H, 32GB DDR5, 1TB SSD M.2, Integrated Graphics, 16.0 Inch WUXGA",Computer Peripherals,Office Assets,6510,AED,Marman I.,Order
475,Q-1005-V7239,MV LLC,31 Jul 2025,IQ,Ra I.S.,Supply &amp; Delivery Of Scaffolding Material Rental-RA-Diego Garcia,Supply &amp; Delivery Of Scaffolding Material Rental-RA-Diego Garcia,Building Materials,Various,4800,USD, ,Quotation
476,RFQ-6718-E6806,MVL USA JV LLC,31 Jul 2025,RFQ,Wesco D.I.,"BIOT-121.48 N4008424F4064 EPROJECT 1718005 QC2011 REPLACE ADRF PUMPS 7, 8, AND 9, F-409",Additional Electrical Items,Electrical,Electrical,3897.67,USD,Rahul N.,Order
477,RFQ-6705-V40116,"MVL USA, INC",30 Jul 2025,RFQ,Crossweld M.T.,"RMI-125 W9128A23C0010 FY23 MCA PN 080242 Medical Clinic, U.S. Army Garrison, Kwajalein Atoll, Republic Of The Marshall Islands (RMI)",Pulling Iron And Omega Channel,Building Materials,Various,2199,USD,Vinith B.,Order
478,RFQ-6705-V40115,"MVL USA, INC",30 Jul 2025,RFQ,American I.S.,"RMI-125 W9128A23C0010 FY23 MCA PN 080242 Medical Clinic, U.S. Army Garrison, Kwajalein Atoll, Republic Of The Marshall Islands (RMI)",PVC Sch40 &amp; Sch80 Fittings For LSA,Building Materials,Various,25586.17,USD,Shah F.,Order
479,RFQ-7505-V40001,MVL USA JV LLC,30 Jul 2025,RFQ,Adelta C.,"BIOT-121.77 N4008425F4142 REPAIR BASKETBALL COURT FLOORING, F-115 (X057)",Rubber Base &amp; Adhesive,Building Materials,Various,9209.08,USD,Rahul N.,Order
480,RFQ-7212-V40003,"MVL USA, INC",30 Jul 2025,RFQ,Integrated C.S.,"JPN-143 W912HV24C0010 FY23 OMA, Convert Vehicle Storage Warehouse, B122-S1",Unit Heater,Building Materials,Various,994,USD,Rahul N.,Order
481,RFQ-6705-M4023,"MVL USA, INC",30 Jul 2025,RFQ,Evangel I.M.,"ORD-7139 RMI-127 W9128A24C0012 Air Traffic Control Tower &amp; Terminal, Kwajalein Island, U.S. Army Garrison - Kwajalein Atoll (USAG-KA), Republic Of The Marshall Islands And  RMI-125 W9128A23C0010 FY23 MCA PN 080242 Medical Clinic, U.S. Army Garrison, Kwajalein Atoll, Republic Of The Marshall Islands (RMI)",SANY 200ton All Terrain Crane SAC2000C8-8 - As Per Attached Documents,Machine / Equipments,Mechanical,396500,USD,Marman I.,Order
482,RFQ-6705-E6825,"MVL USA, INC",30 Jul 2025,RFQ,Tic L.E.,"ORD-6705 RMI-125 W9128A23C0010 FY23 MCA PN 080242 Medical Clinic, U.S. Army Garrison, Kwajalein Atoll, Republic Of The Marshall Islands (RMI)",(COSA &amp; LSA)-Terminal Lugs,Electrical,Electrical,10645.32,USD,Shah F.,Order
483,RFQ-7139-E6816,"MVL USA, INC",30 Jul 2025,RFQ,Tic L.E.,"ORD-7139 RMI-127 W9128A24C0012 Air Traffic Control Tower &amp; Terminal, Kwajalein Island, U.S. Army Garrison - Kwajalein Atoll (USAG-KA), Republic Of The Marshall Islands",(COSA &amp; LSA)- Terminal Lugs,Electrical,Electrical,8162,USD,Shah F.,Order
484,RFQ-6705-V40114,"MVL USA, INC",29 Jul 2025,RFQ,Dateline E.I.,"RMI-125 W9128A23C0010 FY23 MCA PN 080242 Medical Clinic, U.S. Army Garrison, Kwajalein Atoll, Republic Of The Marshall Islands (RMI)",Waterstop And Steel Stakes,Building Materials,Various,1092.07,USD,Vinith B.,Order
485,RFQ-6705-E6824,"MVL USA, INC",29 Jul 2025,RFQ,Wesco D.I.,"RMI-125 W9128A23C0010 FY23 MCA PN 080242 Medical Clinic, U.S. Army Garrison, Kwajalein Atoll, Republic Of The Marshall Islands (RMI)",Polymer Handhole For Electrical,Electrical,Electrical,8856.48,USD,Vinith B.,Order
486,RFQ-1569-O97,MACRO,29 Jul 2025,RFQ,Rivyv T.,MVL Group Office Related POs,(3) RiB Candy ITWO Annual Subscriptions - MVL Dubai Office Proposal Team,Computer Peripherals,Office Assets,6810,USD,Marman I.,Order
487,RFQ-6705-V40113,"MVL USA, INC",29 Jul 2025,RFQ,Dateline E.I.,"ORD-6705 RMI-125 W9128A23C0010 FY23 MCA PN 080242 Medical Clinic, U.S. Army Garrison, Kwajalein Atoll, Republic Of The Marshall Islands (RMI)",Mechanic Shop Tools List,Building Materials,Various,23808.23,USD,Shah F.,Order
488,RFQ-6705-V40112,"MVL USA, INC",29 Jul 2025,RFQ,Tsang B.C.,"ORD-6705 RMI-125 W9128A23C0010 FY23 MCA PN 080242 Medical Clinic, U.S. Army Garrison, Kwajalein Atoll, Republic Of The Marshall Islands (RMI)",Diamond Steel Plates,Building Materials,Various,440,USD,Shah F.,Order
489,RFQ-5532-M4039,MVL USA JV LLC,28 Jul 2025,RFQ,Fastwin G.C.,BIOT-121 N4008421D0082/N4008421R0079 AEC DB DBB MACC,Nissan Navara (8 Units Each) Accessories And  Maxus V80 Spare Parts,Machine / Equipments,Mechanical,3622.12,USD,Marman I.,Order
490,RFQ-7139-V40034,"MVL USA, INC",28 Jul 2025,RFQ,Sign K.I.,"ORD-7139 RMI-127 W9128A24C0012 Air Traffic Control Tower &amp; Terminal, Kwajalein Island, U.S. Army Garrison - Kwajalein Atoll (USAG-KA), Republic Of The Marshall Islands",Laboratory Signage,Building Materials,Various,220,USD,Shah F.,Order
491,RFQ-5532-M4038,MVL USA JV LLC,26 Jul 2025,RFQ,Evangel I.M.,BIOT-121 N4008421D0082/N4008421R0079 AEC DB DBB MACC,Material Request #MR-61 - MR- 1-unit 5Ton Forklift For Laydown 1 And 2,Machine / Equipments,Mechanical,19974,USD,Marman I.,Order
492,RFQ-5828-O2,MACRO,26 Jul 2025,RFQ,Allcad S.L.,"ORD-5828 USA-155 PHASE 2 W912HN22D4000- SATOC SC, NC, GA",2 UNITS Bluebeam Core Annual Subscription - Jonathan Clapper And Eric Van Gieson,Computer Peripherals,Office Assets,1942.5,AED,Marman I.,Order
493,RFQ-6705-V4358,"MVL USA, INC",26 Jul 2025,RFQ,Hd S.&.,"ORD-7139 RMI-127 W9128A24C0012 Air Traffic Control Tower &amp; Terminal, Kwajalein Island, U.S. Army Garrison - Kwajalein Atoll (USAG-KA), Republic Of The Marshall Islands And  RMI-125 W9128A23C0010 FY23 MCA PN 080242 Medical Clinic, U.S. Army Garrison, Kwajalein Atoll, Republic Of The Marshall Islands (RMI)",PVC Sheet &amp; PVC Banner As Per Attached Designs,Misc.,Various,900,USD,Marman I.,Order
494,Q-1005-V7238,MV LLC,25 Jul 2025,IQ,Weston S.,Supply &amp; Delivery Of Rib Type Roof Panel-Weston Solutions-,Supply &amp; Delivery Of Rib Type Roof Panel-Weston Solutions-,Building Materials,Various,69060,USD, ,Waiting
495,Q-1005-M4088,MACRO,24 Jul 2025,IQ,Unops ,RFQ/2025/58446-Supply &amp; Delivery Of Ultrasound Scanners To Kenya-UNOPS,RFQ/2025/58446-Supply &amp; Delivery Of Ultrasound Scanners To Kenya-UNOPS,Machine / Equipments,Mechanical,461640,USD,Shinso M.,Waiting
496,RFQ-6705-V40111,"MVL USA, INC",24 Jul 2025,RFQ,Kelly &.H.,"RMI-125 W9128A23C0010 FY23 MCA PN 080242 Medical Clinic, U.S. Army Garrison, Kwajalein Atoll, Republic Of The Marshall Islands (RMI)",Warning Tape - Potable Water,Building Materials,Various,76.84,USD,Vinith B.,Order
497,RFQ-7139-E6815,"MVL USA, INC",24 Jul 2025,RFQ,Tic L.E.,"ORD-7139 RMI-127 W9128A24C0012 Air Traffic Control Tower &amp; Terminal, Kwajalein Island, U.S. Army Garrison - Kwajalein Atoll (USAG-KA), Republic Of The Marshall Islands","ATCT LSA-Electrical PVC Coated Conduits &amp; Fittings, Power &amp; Lighting Devices",Electrical,Electrical,201791.22,USD,Shah F.,Order
498,RFQ-7139-V40033,"MVL USA, INC",24 Jul 2025,RFQ,Kelly &.H.,"ORD-7139 RMI-127 W9128A24C0012 Air Traffic Control Tower &amp; Terminal, Kwajalein Island, U.S. Army Garrison - Kwajalein Atoll (USAG-KA), Republic Of The Marshall Islands",Warning Tape For Electrical,Building Materials,Various,230.52,USD,Vinith B.,Order
499,RFQ-7139-E6814,"MVL USA, INC",24 Jul 2025,RFQ,Tic L.E.,"ORD-7139 RMI-127 W9128A24C0012 Air Traffic Control Tower &amp; Terminal, Kwajalein Island, U.S. Army Garrison - Kwajalein Atoll (USAG-KA), Republic Of The Marshall Islands",ATCT LSA-Electrical Cables,Electrical,Electrical,66130.89,USD,Shah F.,Order
500,RFQ-6705-O1,MACRO,24 Jul 2025,RFQ,Allcad S.L.,"ORD-6705 RMI-125 W9128A23C0010 FY23 MCA PN 080242 Medical Clinic, U.S. Army Garrison, Kwajalein Atoll, Republic Of The Marshall Islands (RMI)",Bluebeam Core Annual Subscription - Dindo Ninal (Mechanical QC),Computer Peripherals,Office Assets,971.25,AED,Marman I.,Order
501,RFQ-5532-M4105,MVL USA JV LLC,24 Jul 2025,RFQ,Watercare P.P.,BIOT-121 N4008421D0082/N4008421R0079 AEC DB DBB MACC,MR-26 MR  Batch Plant Waterline Water Connection Relon,Mechanical Items,Mechanical,2472.05,USD,Marman I.,Order
502,RFQ-6168-A5206,MVL USA JV LLC,23 Jul 2025,RFQ,Lakshmi M.T.,"BIOT-121.37 N4008423F4277 REPAIRS TO ORDNANCE OPERATIONS, F-541",Master Key System,Doors,Architectural,11080,AED,Rahul N.,Order
503,RFQ-6705-V40110,"MVL USA, INC",23 Jul 2025,RFQ,Lowes ,"ORD-6705 RMI-125 W9128A23C0010 FY23 MCA PN 080242 Medical Clinic, U.S. Army Garrison, Kwajalein Atoll, Republic Of The Marshall Islands (RMI)",LSA-FRP Board And Accessories,Building Materials,Various,12329.31,USD,Shah F.,Order
504,RFQ-6705-V40109,"MVL USA, INC",22 Jul 2025,RFQ,Al R.S.,"RMI-125 W9128A23C0010 FY23 MCA PN 080242 Medical Clinic, U.S. Army Garrison, Kwajalein Atoll, Republic Of The Marshall Islands (RMI)",Tongue And Groove For EMH,Building Materials,Various,0,USD, ,Waiting
505,RFQ-6705-S9032,"MVL USA, INC",22 Jul 2025,RFQ,Acp I.,"ORD-6705 RMI-125 W9128A23C0010 FY23 MCA PN 080242 Medical Clinic, U.S. Army Garrison, Kwajalein Atoll, Republic Of The Marshall Islands (RMI)",ELECTRONIC MARKER BALL,Construction,Services,3522.32,USD,Shah F.,Order
506,RFQ-6705-E6823,"MVL USA, INC",22 Jul 2025,RFQ,Tic L.E.,"ORD-6705 RMI-125 W9128A23C0010 FY23 MCA PN 080242 Medical Clinic, U.S. Army Garrison, Kwajalein Atoll, Republic Of The Marshall Islands (RMI)","LSA Medical-bolt ,nuts Washer For Terminal Lugs",Electrical,Electrical,349,USD,Shah F.,Order
507,RFQ-7120-S9102,MACRO,21 Jul 2025,RFQ,Tuv S.M.,"JPN-138 W912HV24C0009 FY24 AC Repair For Server Rooms, Building 101, Camp Zama, Japan",TPI For CRAC Unit,Services,Services,719.25,EURO, ,Order
508,RFQ-6705-V40108,"MVL USA, INC",21 Jul 2025,RFQ,Humboldt M.C.,"ORD-6705 RMI-125 W9128A23C0010 FY23 MCA PN 080242 Medical Clinic, U.S. Army Garrison, Kwajalein Atoll, Republic Of The Marshall Islands (RMI)",LAB TESTING TOOLS AND EQUIPMENTS,Building Materials,Various,11560,USD,Shah F.,Order
509,RFQ-6705-M4022,"MVL USA, INC",21 Jul 2025,RFQ,Kelly &.H.,"ORD-6705 RMI-125 W9128A23C0010 FY23 MCA PN 080242 Medical Clinic, U.S. Army Garrison, Kwajalein Atoll, Republic Of The Marshall Islands (RMI)",Medical Clinic-Duct Sealant,Machine / Equipments,Mechanical,2976,USD,Shah F.,Order
510,RFQ-7139-E6813,"MVL USA, INC",21 Jul 2025,RFQ,Shanghai Y.E.,"ORD-7139 RMI-127 W9128A24C0012 Air Traffic Control Tower &amp; Terminal, Kwajalein Island, U.S. Army Garrison - Kwajalein Atoll (USAG-KA), Republic Of The Marshall Islands",Eaton-Dead Break Elbow Connectors,Electrical,Electrical,1110,USD,Shah F.,Order
511,RFQ-7139-V40032,"MVL USA, INC",21 Jul 2025,RFQ,Uline ,"ORD-7139 RMI-127 W9128A24C0012 Air Traffic Control Tower &amp; Terminal, Kwajalein Island, U.S. Army Garrison - Kwajalein Atoll (USAG-KA), Republic Of The Marshall Islands",PLASTIC DRUM &amp; BULK BAGS SKID LOT,Building Materials,Various,2038.87,USD,Shah F.,Order
512,Q-1005-V7237,MICRON,18 Jul 2025,IQ,National R.L.,ORD - 1005 MVL Trading,DARLENE APUYOD SAMPLE,Building Materials,Various,110,USD,Darlene A.,Waiting
513,Q-1005-V7236,MV LLC,17 Jul 2025,IQ,Ra I.S.,Supply &amp; Delivery Of Epoxy Coated Rebar-RA-Diego Garcia,Supply &amp; Delivery Of Epoxy Coated Rebar-RA-Diego Garcia,Building Materials,Various,1320,USD, ,Waiting
514,RFQ-6705-V40107,"MVL USA, INC",17 Jul 2025,RFQ,Dateline E.I.,"RMI-125 W9128A23C0010 FY23 MCA PN 080242 Medical Clinic, U.S. Army Garrison, Kwajalein Atoll, Republic Of The Marshall Islands (RMI)","SIKATOP SEAL 107, SIMPSON STRONG BOLT",Building Materials,Various,2389.61,USD,Vinith B.,Order
515,RFQ-6952-V40014A,MVL USA JV LLC,16 Jul 2025,RFQ,Integrated C.S.,"BIOT-121.62 N4008424F4368 QC3005 - PROVIDE SUPPORT TO NMCB TO CONSTRUCT NEW CONCRETE PAD, NEW TFS F-980A, DG (X020)",Metal Wall Louvers,Building Materials,Various,15881.7,USD,Rahul N.,Order
516,RFQ-6852-V40032,MVL USA JV LLC,16 Jul 2025,RFQ,Black C.C.,BIOT-121.35 N4008424F4221 QC8067-Repair To Fuel Piping System. F#408 NSF DG,Concrete &amp; Equipment Supply And Field Testing,Building Materials,Various,82799.5,USD,Rahul N.,Order
517,RFQ-6852-V40031,MVL USA JV LLC,16 Jul 2025,RFQ,Jet F.S.,BIOT-121.35 N4008424F4221 QC8067-Repair To Fuel Piping System. F#408 NSF DG,"Fuel Transfer Pump, Valves And Controls (with Deviations From Original Offer)",Building Materials,Various,77147.89,USD,Rahul N.,Order
518,RFQ-6852-V40030,MVL USA JV LLC,16 Jul 2025,RFQ,Jet F.S.,BIOT-121.35 N4008424F4221 QC8067-Repair To Fuel Piping System. F#408 NSF DG,"Fuel Transfer Pump, Valves And Tank Level &amp; Pump Controls (with No Deviations From Original Offer)",Building Materials,Various,204602.48,USD,Rahul N.,Order
519,RFQ-1569-V4270,MACRO,16 Jul 2025,RFQ,Blue C.F.,MVL Group Office Related POs,4 Units Of CH-229 B Mesh Chairs,Building Materials,Various,1680,AED,Marman I.,Order
520,RFQ-6718-V40032,MVL USA JV LLC,16 Jul 2025,RFQ,Black C.C.,"BIOT-121.48 N4008424F4064 EPROJECT 1718005 QC2011 REPLACE ADRF PUMPS 7, 8, AND 9, F-409",Concrete &amp; Equipment Supply And Field Testing,Building Materials,Various,82799.5,USD,Rahul N.,Order
521,RFQ-7139-V40031,"MVL USA, INC",16 Jul 2025,RFQ,Nanjing G.S.,"ORD-7139 RMI-127 W9128A24C0012 Air Traffic Control Tower &amp; Terminal, Kwajalein Island, U.S. Army Garrison - Kwajalein Atoll (USAG-KA), Republic Of The Marshall Islands",Sheet Pile,Building Materials,Various,67454.4,USD,Vinith B.,Order
522,RFQ-6841-M4104,MVL USA JV LLC,16 Jul 2025,RFQ,S.k.m. A.C.,"BIOT-121.54 N4008424F4212 QS6063 - REPLACE AC UNIT, UPH-23, F-171, WO#1575078",Technician For Startup &amp; Commissioning Of PACU Units,Mechanical Items,Mechanical,33600,USD,Rahul N.,Order
523,Q-1005-V7235,MACRO,15 Jul 2025,IQ,Fao ,MVLTrading - Supply Of The Office Furniture.,Office Furniture,Building Materials,Various,66034,USD,Shinso M.,Waiting
524,RFQ-6852-V40029,MVL USA JV LLC,15 Jul 2025,RFQ,App M.,BIOT-121.35 N4008424F4221 QC8067-Repair To Fuel Piping System. F#408 NSF DG,Hex Nuts &amp; PTFE Washers,Building Materials,Various,881.52,USD,Rahul N.,Order
525,RFQ-6852-V40028,MVL USA JV LLC,15 Jul 2025,RFQ,Leeds S.C.,BIOT-121.35 N4008424F4221 QC8067-Repair To Fuel Piping System. F#408 NSF,Epoxy Adhesive,Building Materials,Various,4040,USD,Rahul N.,Order
526,RFQ-6705-M4021,"MVL USA, INC",15 Jul 2025,RFQ,Evangel I.M.,"RMI-125 W9128A23C0010 FY23 MCA PN 080242 Medical Clinic, U.S. Army Garrison, Kwajalein Atoll, Republic Of The Marshall Islands (RMI)",Spare Parts &ndash; FOTON 4x2 2-Ton Cargo Truck,Machine / Equipments,Mechanical,515,USD,Marman I.,Order
527,RFQ-7073-V40009,MVL USA JV LLC,15 Jul 2025,RFQ,Keller A.I.,ORD- 7073 BIOT-121.68 N4008424F4583 QC3078 Repairs To Concrete Water Tanks (X026),Level Transducer,Building Materials,Various,1755.45,USD,Lince M.,Order
528,RFQ-5829-E6821,MACRO,15 Jul 2025,RFQ,Al M.C.,"ORD-5829 UAE-123R W912ER22C0026 P-960 Triton Operational Facility, United Arab Emirates",Al Fikree Procurement Support - Wires LSF And Heat Resistnat Cables - MSC REF: MSD2500135,Electrical,Electrical,196098,AED,Marman I.,Order
529,RFQ-6705-V40106,"MVL USA, INC",14 Jul 2025,RFQ,Kelly &.H.,"RMI-125 W9128A23C0010 FY23 MCA PN 080242 Medical Clinic, U.S. Army Garrison, Kwajalein Atoll, Republic Of The Marshall Islands (RMI)","Liquid Tight Conduits And Fittings, Warning Tapes &amp; GROUND ROD CLAMP, PVC COATED BEND",Building Materials,Various,1129.36,USD,Vinith B.,Order
530,RFQ-5193-V40016,MACRO,14 Jul 2025,RFQ,Petra A.C.,"(KSA 126) W912ER21C0014 KHAMIS SIMULATOR FACILITY, KSA",LEAK TEST ONLY FOR PASC 55 - E 1774/0005 PASC 55,Building Materials,Various,2300,SAR,Marman I.,Order
531,RFQ-7414-V4351,MACRO,14 Jul 2025,RFQ,The U.W.,"ORD-7414 LEB-127 W912ER25C0001 Restore Beirut Naval Base (BNB), Beirut Naval Base, Lebanon",MVL Vest Logo Printing - Lebanon,Misc.,Various,472.5,AED,Marman I.,Order
532,RFQ-5532-V40078,MVL USA JV LLC,14 Jul 2025,RFQ,Leeds S.C.,BIOT-121 N4008421D0082/N4008421R0079 AEC DB DBB MACC,Label Engraver,Building Materials,Various,6120,USD,Rahul N.,Order
533,RFQ-7139-E6812,"MVL USA, INC",14 Jul 2025,RFQ,Tic L.E.,"ORD-7139 RMI-127 W9128A24C0012 Air Traffic Control Tower &amp; Terminal, Kwajalein Island, U.S. Army Garrison - Kwajalein Atoll (USAG-KA), Republic Of The Marshall Islands",Underground PVC Pipes And Fittings,Electrical,Electrical,15458.73,USD,Shah F.,Order
534,RFQ-5532-V4372,MACRO,14 Jul 2025,RFQ,Green F.T.,BIOT-121 N4008421D0082/N4008421R0079 AEC DB DBB MACC,Danace Aquino  - Plan Swift 11 Measurements &amp; QTY Takeoff Software Perpetual Software License,Misc.,Various,8610,AED,Marman I.,Order
535,RFQ-7139-E6811,"MVL USA, INC",11 Jul 2025,RFQ,Benfield E.I.,"ORD-7139 RMI-127 W9128A24C0012 Air Traffic Control Tower &amp; Terminal, Kwajalein Island, U.S. Army Garrison - Kwajalein Atoll (USAG-KA), Republic Of The Marshall Islands",Heat Shrink Live End Seal,Electrical,Electrical,4900,USD,Vinith B.,Order
536,RFQ-1569-O96,MACRO,10 Jul 2025,RFQ,Kyoto T.,MVL Group Office Related POs,Supply And Installation Of Ubiquiti UniFi Access G3 Starter Kit Pro,Computer Peripherals,Office Assets,12232.5,AED,Marman I.,Order
537,RFQ-6705-E6822,"MVL USA, INC",10 Jul 2025,RFQ,Tic L.E.,"ORD-6705 RMI-125 W9128A23C0010 FY23 MCA PN 080242 Medical Clinic, U.S. Army Garrison, Kwajalein Atoll, Republic Of The Marshall Islands (RMI)",Termination Kits And Fire Tape,Electrical,Electrical,2621.97,USD,Shah F.,Order
538,RFQ-7139-E6810,"MVL USA, INC",10 Jul 2025,RFQ,Tic L.E.,"ORD-7139 RMI-127 W9128A24C0012 Air Traffic Control Tower &amp; Terminal, Kwajalein Island, U.S. Army Garrison - Kwajalein Atoll (USAG-KA), Republic Of The Marshall Islands",Pull Line And  Fire Electric Tape,Electrical,Electrical,2637.58,USD,Shah F.,Order
539,RFQ-7073-S9073,MACRO,10 Jul 2025,RFQ,Stoncor M.E.,ORD- 7073 BIOT-121.68 N4008424F4583 QC3078 Repairs To Concrete Water Tanks (X026),Fiber Reinforced Plastic Ladder,Subcontract,Services,68058,AED,Lince M.,Order
540,RFQ-6718-V40031,MVL USA JV LLC,10 Jul 2025,RFQ,The S.C.,"BIOT-121.48 N4008424F4064 EPROJECT 1718005 QC2011 REPLACE ADRF PUMPS 7, 8, AND 9, F-409",Primer (Part B),Building Materials,Various,4100.18,USD,Rahul N.,Order
541,Q-1005-M7116,MACRO,10 Jul 2025,IQ,Fao ,"MVL Trading - Procurement, Delivery And Installation Of Micro Solar Dryer -  2025/FAAFG/FAAFG/131999",Micro Solar Dryers,Mechanical Items,Mechanical,4957606,USD,Shinso M.,Waiting
542,RFQ-7073-V40008,MVL USA JV LLC,10 Jul 2025,RFQ,The S.C.,ORD- 7073 BIOT-121.68 N4008424F4583 QC3078 Repairs To Concrete Water Tanks (X026),Paints And Coatings For Tank F-308,Building Materials,Various,3996.79,USD,Lince M.,Order
543,RFQ-1569-O95,"MVL USA, INC",10 Jul 2025,RFQ,Managed S.L.,MVL Group Office Related POs,INTERNAL PO - Microsoft 365 GCC G5 - Annual Subscription Licenses (P1YA) - Pro-Rated(6/30/25-1/29/26) - 112147,Computer Peripherals,Office Assets,1764.55,USD,Marman I.,Order
544,RFQ-7139-E6809,"MVL USA, INC",09 Jul 2025,RFQ,Tic L.E.,"ORD-7139 RMI-127 W9128A24C0012 Air Traffic Control Tower &amp; Terminal, Kwajalein Island, U.S. Army Garrison - Kwajalein Atoll (USAG-KA), Republic Of The Marshall Islands",Milwaukee Crimping Dies -ATCT For Shutdown Use,Electrical,Electrical,2784.34,USD,Shah F.,Order
545,RFQ-6705-E6821,"MVL USA, INC",09 Jul 2025,RFQ,Tic L.E.,"ORD-6705 RMI-125 W9128A23C0010 FY23 MCA PN 080242 Medical Clinic, U.S. Army Garrison, Kwajalein Atoll, Republic Of The Marshall Islands (RMI)",Greenlee Crimping Dies -Medical Clinic For Shutdown Use.,Electrical,Electrical,1767.67,USD,Shah F.,Order
546,RFQ-5828-O1,MACRO,09 Jul 2025,RFQ,Allcad S.L.,"ORD-5828 USA-155 PHASE 2 W912HN22D4000- SATOC SC, NC, GA",Bluebeam Core Annual Subscription - Quotation # VPS250709175,Computer Peripherals,Office Assets,971.25,AED,Marman I.,Order
547,RFQ-5503-A5203,MVL Greece,09 Jul 2025,RFQ,Salzer G.,ORD-5503 GRE-121 N6247022C0002 Communication Center - Souda Bay,"FREE ISSUED - W2 Aluminum Window W1-F, W2-F",Doors,Architectural,13908,EURO,Marman I.,Order
548,RFQ-6705-V40105,"MVL USA, INC",08 Jul 2025,RFQ,Dateline E.I.,"RMI-125 W9128A23C0010 FY23 MCA PN 080242 Medical Clinic, U.S. Army Garrison, Kwajalein Atoll, Republic Of The Marshall Islands (RMI)",B729 Substation Room- Electrical Items,Building Materials,Various,8278.99,USD,Shah F.,Order
549,RFQ-5193-V40015,MACRO,07 Jul 2025,RFQ,Petra A.C.,"(KSA 126) W912ER21C0014 KHAMIS SIMULATOR FACILITY, KSA","WARRANTY - INSPECTION FOR PASC4 55 5 Units, PPH4 60 2 Units, PPH4 40 1 Unit,PSU 20 4 Units And Petra 20 4 Units",Building Materials,Various,6325,SAR,Marman I.,Order
550,RFQ-7120-S9101,MACRO,07 Jul 2025,RFQ,Tuv S.M.,"JPN-138 W912HV24C0009 FY24 AC Repair For Server Rooms, Building 101, Camp Zama, Japan",TPI For CRAC Unit,Services,Services,719.25,EURO,Rahul N.,Order
551,RFQ-7139-V40030,"MVL USA, INC",07 Jul 2025,RFQ,Dateline E.I.,"ORD-7139 RMI-127 W9128A24C0012 Air Traffic Control Tower &amp; Terminal, Kwajalein Island, U.S. Army Garrison - Kwajalein Atoll (USAG-KA), Republic Of The Marshall Islands",GEOMEMBRANE LINER &amp; WEED CONTROL FABRIC,Building Materials,Various,7065.73,USD,Vinith B.,Order
552,RFQ-7139-V40029,"MVL USA, INC",07 Jul 2025,RFQ,Dateline E.I.,"ORD-7139 RMI-127 W9128A24C0012 Air Traffic Control Tower &amp; Terminal, Kwajalein Island, U.S. Army Garrison - Kwajalein Atoll (USAG-KA), Republic Of The Marshall Islands",TRAFFIC SIGNAGES,Building Materials,Various,7618.37,USD,Vinith B.,Order
553,RFQ-7505-V40000,MACRO,07 Jul 2025,RFQ,Arb A.&.,"BIOT-121.77 N4008425F4142 REPAIR BASKETBALL COURT FLOORING, F-115 (Task-X057)",Door Threshold,Building Materials,Various,4410,AED,Rahul N.,Order
554,RFQ-6705-E6820,"MVL USA, INC",04 Jul 2025,RFQ,High V.I.,"RMI-125 W9128A23C0010 FY23 MCA PN 080242 Medical Clinic, U.S. Army Garrison, Kwajalein Atoll, Republic Of The Marshall Islands (RMI)",Hipot Tester,Electrical,Electrical,11615,USD,Vinith B.,Order
555,RFQ-6705-V40104,"MVL USA, INC",03 Jul 2025,RFQ,American I.S.,"RMI-125 W9128A23C0010 FY23 MCA PN 080242 Medical Clinic, U.S. Army Garrison, Kwajalein Atoll, Republic Of The Marshall Islands (RMI)",PVC Sch40 Fittings For LSA,Building Materials,Various,33064.51,USD,Vinith B.,Order
556,RFQ-6542-V40039,"MVL USA, INC",03 Jul 2025,RFQ,H&m M.C.,"JPN-124 FA890323C0031 Renovate Bldgs 111, 116 And 119 At Okinawa, Japan.---$1-5M Renovation Project In Okinawa",SS Sheet,Building Materials,Various,1668,USD,Rahul N.,Order
557,RFQ-7139-V40028,"MVL USA, INC",02 Jul 2025,RFQ,Dateline E.I.,"ORD-7139 RMI-127 W9128A24C0012 Air Traffic Control Tower &amp; Terminal, Kwajalein Island, U.S. Army Garrison - Kwajalein Atoll (USAG-KA), Republic Of The Marshall Islands",Wire Tie For Reinforcement,Building Materials,Various,4133.48,USD,Vinith B.,Order
558,RFQ-6718-V40030,MVL USA JV LLC,02 Jul 2025,RFQ,Jet F.S.,"BIOT-121.48 N4008424F4064 EPROJECT 1718005 QC2011 REPLACE ADRF PUMPS 7, 8, AND 9, F-409",GFME Items - Filter Materials,Building Materials,Various,13538.79,USD,Rahul N.,Order
559,RFQ-6718-V40029,MVL USA JV LLC,02 Jul 2025,RFQ,Jet F.S.,"BIOT-121.48 N4008424F4064 EPROJECT 1718005 QC2011 REPLACE ADRF PUMPS 7, 8, AND 9, F-409",GFME Items - Equipment,Building Materials,Various,65019.91,USD,Rahul N.,Order
560,RFQ-7212-V40002,MACRO,02 Jul 2025,RFQ,T S.S.,"ORD-7212 JPN-143 W912HV24C0010 FY23 OMA, Convert Vehicle Storage Warehouse, B122-S1",Fall Protection Rescue Kit,Building Materials,Various,5775,AED,Shinso M.,Order
561,Q-1005-V7234,MV LLC,02 Jul 2025,IQ,Jsk D.S.,MVL - Trading Supply &amp; Delivery Of Epoxy Coated Rebar-JSK-DG,Epoxy Coated Rebar-JSK-DG,Building Materials,Various,2400,USD,Shinso M.,Quotation
562,RFQ-6705-E6819,"MVL USA, INC",02 Jul 2025,RFQ,Wesco D.I.,"RMI-125 W9128A23C0010 FY23 MCA PN 080242 Medical Clinic, U.S. Army Garrison, Kwajalein Atoll, Republic Of The Marshall Islands (RMI)",LSA Electrical- MV CABLES,Electrical,Electrical,8087.27,USD,Shah F.,Order
563,RFQ-7139-V40027,"MVL USA, INC",02 Jul 2025,RFQ,Kelly &.H.,"ORD-7139 RMI-127 W9128A24C0012 Air Traffic Control Tower &amp; Terminal, Kwajalein Island, U.S. Army Garrison - Kwajalein Atoll (USAG-KA), Republic Of The Marshall Islands",COSA-Lug Terminal,Building Materials,Various,875.9,USD,Shah F.,Order
564,RFQ-7208-M4103,MVL USA JV LLC,02 Jul 2025,RFQ,Jgb I.G.,"ORD-7208 BIOT-121.76 N4008424F4725 REPAIRS TO CHRIMP FACILITY 724 (QS60400) &amp; FACILITY 725 (QS6041), NSFDG (X029)",Exhaust Fans,Mechanical Items,Mechanical,153684,AED,Lince M.,Order
565,Q-1005-M7115,MACRO,01 Jul 2025,IQ,Fao -.R.,MVL - Trading Supply Of The Reverse Osmosis Drinking Water System - 2025/FNIRQ/FNIRQ/132697,Reverse Osmosis Drinking Water System,Mechanical Items,Mechanical,48000,USD,Shinso M.,Waiting
566,RFQ-5532-S9084,MVL USA JV LLC,01 Jul 2025,RFQ,Summit F.C.,BIOT-121 N4008421D0082/N4008421R0079 AEC DB DBB MACC,Smoke Detector And Base,Subcontract,Services,10650,USD,Rahul N.,Order
567,RFQ-7139-E6808,"MVL USA, INC",01 Jul 2025,RFQ,Tic L.E.,"ORD-7139 RMI-127 W9128A24C0012 Air Traffic Control Tower &amp; Terminal, Kwajalein Island, U.S. Army Garrison - Kwajalein Atoll (USAG-KA), Republic Of The Marshall Islands",FIRE PROOF TAPE AND PULL ROPE,Electrical,Electrical,2673.66,USD,Vinith B.,Order
568,RFQ-6705-E6818,"MVL USA, INC",01 Jul 2025,RFQ,Tic L.E.,"RMI-125 W9128A23C0010 FY23 MCA PN 080242 Medical Clinic, U.S. Army Garrison, Kwajalein Atoll, Republic Of The Marshall Islands (RMI)",Wires,Electrical,Electrical,1582,USD,Vinith B.,Order
569,RFQ-7208-V40014,MVL USA JV LLC,01 Jul 2025,RFQ,Leminar A.C.,"ORD-7208 BIOT-121.76 N4008424F4725 REPAIRS TO CHRIMP FACILITY 724 (QS60400) &amp; FACILITY 725 (QS6041), NSFDG (X029)",Ductwork And Accessories,Building Materials,Various,64412.46,USD,Lince M.,Order
570,RFQ-1569-V4425,MACRO,01 Jul 2025,RFQ,Green F.T.,MVL Group Office Related POs,Nayana Ragesh  - Plan Swift 11 Measurements &amp; QTY Takeoff Software Perpetual Software License,Misc.,Various,8610,AED,Marman I.,Order
571,RFQ-6705-V40103,"MVL USA, INC",01 Jul 2025,RFQ,Dateline E.I.,"RMI-125 W9128A23C0010 FY23 MCA PN 080242 Medical Clinic, U.S. Army Garrison, Kwajalein Atoll, Republic Of The Marshall Islands (RMI)",Wire Ties For Reinforcement,Building Materials,Various,2495.13,USD,Vinith B.,Order
572,RFQ-5829-V40033,MACRO,01 Jul 2025,RFQ,Akshtech T.W.,"ORD-5829 UAE-123R W912ER22C0026 P-960 Triton Operational Facility, United Arab Emirates",Tar Emirates Back Charged - 150x150x600mm Mild Steel Beam Mould,Building Materials,Various,3900,BHD,Marman I.,Order
573,RFQ-6718-V40028,MVL USA JV LLC,30 Jun 2025,RFQ,Hidayath H.I.,"BIOT-121.48 N4008424F4064 EPROJECT 1718005 QC2011 REPLACE ADRF PUMPS 7, 8, AND 9, F-409",HSS For Electrical Supports,Building Materials,Various,3497,USD,Rahul N.,Order
574,RFQ-6718-V40027,MACRO,30 Jun 2025,RFQ,Isam K.T.,"BIOT-121.48 N4008424F4064 EPROJECT 1718005 QC2011 REPLACE ADRF PUMPS 7, 8, AND 9, F-409",Hangers &amp; Supports (for Electrical),Building Materials,Various,6976.37,AED,Rahul N.,Order
575,Q-1005-V7233,MV LLC,30 Jun 2025,IQ,"American E.,.",MVL - Trading Supply Of The 4 Person Camping Tent.,4 Person Camping Tent - MPR0539366,Building Materials,Various,34020,USD,Shinso M.,Waiting
576,RFQ-1005-V7232,MACRO,30 Jun 2025,RFQ,Astronergy N.E.,MVL Trading,DC Cable For Solar Panel,Building Materials,Various,70848,USD,Rahul N.,Order
577,RFQ-7139-V40026,"MVL USA, INC",30 Jun 2025,RFQ,Home D.U.,"RMI-127 W9128A24C0012 Air Traffic Control Tower &amp; Terminal, Kwajalein Island, U.S. Army Garrison - Kwajalein Atoll (USAG-KA), Republic Of The Marshall Islands",ATCT-Tools,Building Materials,Various,5015.3,USD,Shah F.,Order
578,Q-1005-O8,MV LLC,30 Jun 2025,IQ,American E.N.,MVL - Trading Supply Of The MRU-CISCO 9300L,MRU-CISCO 9300L,Computer Peripherals,Office Assets,56320,USD,Shinso M.,Waiting
579,RFQ-6705-V40102,"MVL USA, INC",30 Jun 2025,RFQ,Tic L.E.,"RMI-125 W9128A23C0010 FY23 MCA PN 080242 Medical Clinic, U.S. Army Garrison, Kwajalein Atoll, Republic Of The Marshall Islands (RMI)",LSA Additional Electrical Items,Building Materials,Various,10088.73,USD,Shah F.,Order
580,RFQ-7208-V40013,MACRO,30 Jun 2025,RFQ,Al B.A.,"BIOT-121.76 N4008424F4725 REPAIRS TO CHRIMP FACILITY 724 (QS6040) &amp; FACILITY 725 (QS6041) ,NSFDG (X029)",PVC Coated Rigid Metallic Pipes &amp; Fittings,Building Materials,Various,207794.81,AED, ,Order
581,RFQ-7027-V40009,MVL USA JV LLC,30 Jun 2025,RFQ,Odores M.L.,"BIOT-121.63 N4008424F4424 QC3010 REPLACE HVAC SYSTEM, F-161 (NGIS 19) - X021",Acoustic Ceiling Tiles,Building Materials,Various,3991.14,USD,Rahul N.,Order
582,RFQ-5532-M4037,MVL USA JV LLC,30 Jun 2025,RFQ,Evangel I.M.,BIOT-121 N4008421D0082/N4008421R0079 AEC DB DBB MACC,Dongfeng 190HP Truck Mounted With XCMG 6.3 Ton Crane - DG And Spare Parts With Tires,Machine / Equipments,Mechanical,46852,USD,Marman I.,Order
583,RFQ-6705-V40101,"MVL USA, INC",30 Jun 2025,RFQ,Tsang B.C.,"RMI-125 W9128A23C0010 FY23 MCA PN 080242 Medical Clinic, U.S. Army Garrison, Kwajalein Atoll, Republic Of The Marshall Islands (RMI)",Batch Plant Laboratory- SS304 Welded Wire Mesh,Building Materials,Various,490,USD,Shah F.,Order
584,RFQ-7139-E6807,"MVL USA, INC",26 Jun 2025,RFQ,Wesco D.I.,"RMI-127 W9128A24C0012 Air Traffic Control Tower &amp; Terminal, Kwajalein Island, U.S. Army Garrison - Kwajalein Atoll (USAG-KA), Republic Of The Marshall Islands",ATCT Shutdown - Balance Materials,Electrical,Electrical,2804,USD,Shah F.,Order
585,RFQ-6168-A5205,MACRO,26 Jun 2025,RFQ,Lakshmi M.T.,"BIOT-121.37 N4008423F4277 REPAIRS TO ORDNANCE OPERATIONS, F-541",Master Key System,Doors,Architectural,11080,AED,Rahul N.,Order
586,RFQ-6705-V40100,"MVL USA, INC",26 Jun 2025,RFQ,Holbrook P.S.,"RMI-125 W9128A23C0010 FY23 MCA PN 080242 Medical Clinic, U.S. Army Garrison, Kwajalein Atoll, Republic Of The Marshall Islands (RMI)",PVC Pipes And Fittings For Sanitary Sewer,Building Materials,Various,4457.58,USD,Vinith B.,Order
587,RFQ-5683-O1,MACRO,26 Jun 2025,RFQ,Techtrade M.E.,"BIOT-121.10 N4008422F4478 / N4008421R0079 X010 CONSTRUCT STORAGE ROOM &amp; RENOVATE BREAKROOMS, F-937 &amp;F-938",Sensing Edge For Overhead Coiling Doors,Computer Peripherals,Office Assets,2257.5,USD,Rahul N.,Order
588,Q-1005-M7114,MV LLC,26 Jun 2025,IQ,Tricom S.,W912ER25C0001- Supply &amp; Delivery Of Water Storage Tanks-BNB-Lebanon,W912ER25C0001- Supply &amp; Delivery Of Water Storage Tanks-BNB-Lebanon,Mechanical Items,Mechanical,0,USD, ,Waiting
589,Q-1005-E7108,MV LLC,26 Jun 2025,IQ,Tricom S.,W912ER25C0001- Supply &amp; Delivery Of Electrical Panel Board-BNB-Lebanon,W912ER25C0001- Supply &amp; Delivery Of Electrical Panel Board-BNB-Lebanon,Electrical,Electrical,0,USD, ,Waiting
590,Q-1005-E7107,MV LLC,26 Jun 2025,IQ,Tricom S.,W912ER25C0001- Supply &amp; Delivery Of Manual Transfer Switch(MTS)-BNB-Lebanon,W912ER25C0001- Supply &amp; Delivery Of Manual Transfer Switch(MTS)-BNB-Lebanon,Electrical,Electrical,73500,USD, ,Quotation
591,Q-1005-E7106,MV LLC,26 Jun 2025,IQ,Tricom S.,W912ER25C0001- Supply &amp; Delivery Of Main Distribution Switch Board-BNB-Lebanon,W912ER25C0001- Supply &amp; Delivery Of Main Distribution Switch Board-BNB-Lebanon,Electrical,Electrical,115000,USD, ,Quotation
592,RFQ-7208-V40012,MVL USA JV LLC,25 Jun 2025,RFQ,Solatube I.I.,"ORD-7208 BIOT-121.76 N4008424F4725 REPAIRS TO CHRIMP FACILITY 724 (QS60400) &amp; FACILITY 725 (QS6041), NSFDG (X029)",Skylights,Building Materials,Various,39631.78,USD,Lince M.,Order
593,RFQ-7120-S9100,MACRO,25 Jun 2025,RFQ,Tuv S.M.,"JPN-138 W912HV24C0009 FY24 AC Repair For Server Rooms, Building 101, Camp Zama, Japan",TPI For CRAC Unit,Services,Services,719.25,EURO,Rahul N.,Order
594,RFQ-6705-E6817,"MVL USA, INC",25 Jun 2025,RFQ,Tic L.E.,"RMI-125 W9128A23C0010 FY23 MCA PN 080242 Medical Clinic, U.S. Army Garrison, Kwajalein Atoll, Republic Of The Marshall Islands (RMI)",LSA-Terminal Lugs For  HV Switch For Transformer,Electrical,Electrical,1272,USD,Shah F.,Order
595,RFQ-6746-M4107,MVL USA JV LLC,25 Jun 2025,RFQ,Harrington I.P.,"BIOT-121.55 N4008424F4084 X019 QN7003 - REPAIRS TO BASE POOL, F-105, WON1587110, DG",Additional PVC Fittings,Mechanical Items,Mechanical,338.18,USD,Rahul N.,Order
596,RFQ-6705-M4020,"MVL USA, INC",25 Jun 2025,RFQ,Evangel I.M.,"RMI-125 W9128A23C0010 FY23 MCA PN 080242 Medical Clinic, U.S. Army Garrison, Kwajalein Atoll, Republic Of The Marshall Islands (RMI)","One Spare Set (8 Tires) For The 15-ton Wheel Excavator, Model JH9150, Tire Model 9.00-20",Machine / Equipments,Mechanical,3320,USD,Marman I.,Order
597,RFQ-6852-V40027,MACRO,25 Jun 2025,RFQ,Isam K.T.,BIOT-121.35 N4008424F4221 QC8067-Repair To Fuel Piping System. F#408 NSF DG,SS Pipe,Building Materials,Various,4430,AED,Rahul N.,Order
598,RFQ-7208-V40011,MVL USA JV LLC,24 Jun 2025,RFQ,Acudor P.I.,"BIOT-121.76 N4008424F4725 REPAIRS TO CHRIMP FACILITY 724 (QS6040) &amp; FACILITY 725 (QS6041) ,NSFDG",Access Doors,Building Materials,Various,6684,USD,Rahul N.,Order
599,RFQ-6680-A5201,MACRO,24 Jun 2025,RFQ,Lakshmi M.T.,"JPN-127 W912HV23B0011 Repair Kitchen Ducts, Various Locations Japan.",Lightweight Steel Door,Doors,Architectural,2850,AED,Shinso M.,Order
600,RFQ-7039-V40020,MVL USA JV LLC,24 Jun 2025,RFQ,Leeds S.C.,"ORD-7039 BIOT-121.60 N4008424F4507 EProject 1693634 REPAIR SPP F1SA AND F2S OVERHEAD FEEDERS, RM20-1216",NEW UN APPROVED - 1000 L INTERMEDIATE BULK CONTAINER (IBC),Building Materials,Various,1580,USD,Marman I.,Order
601,RFQ-7139-M4007,"MVL USA, INC",24 Jun 2025,RFQ,Hull W.,"RMI-127 W9128A24C0012 Air Traffic Control Tower &amp; Terminal, Kwajalein Island, U.S. Army Garrison - Kwajalein Atoll (USAG-KA), Republic Of The Marshall Islands",HULL 500 Series 500-Gallon Fuel Trailer AS PER ATTACHED QUOTATION,Machine / Equipments,Mechanical,17710,USD,Marman I.,Order
602,RFQ-1569-14361,MACRO,23 Jun 2025,RFQ,Keen E.T.,MVL Group Office Related Pos,MVL Office Fit-Out (Unit #1806) &ndash; Separate Application For Drawing Preparation And Approvals.,Fit Out Project,Architectural,15750,AED,Marman I.,Order
603,RFQ-6705-V40099,"MVL USA, INC",23 Jun 2025,RFQ,White C.S.,"RMI-125 W9128A23C0010 FY23 MCA PN 080242 Medical Clinic, U.S. Army Garrison, Kwajalein Atoll, Republic Of The Marshall Islands (RMI)",5GAL WB CURE AND SEAL + SURFACE GRIP &amp; SPECHARD INTRASEAL,Building Materials,Various,843.29,USD,Vinith B.,Order
604,Q-1005-M7113,MV LLC,23 Jun 2025,IQ,Us E.M.,"PR15369982-Supply &amp; Delivery Of Submersible Storm Pump Motor-US Embassy, Manila","PR15369982-Supply &amp; Delivery Of Submersible Storm Pump Motor-US Embassy, Manila",Mechanical Items,Mechanical,37017,USD, ,Waiting
605,Q-1005-M7112,MV LLC,23 Jun 2025,IQ,Tricom S.,W912ER25C0001- Supply &amp; Delivery Of Fuel Tank And Accessories-BNB-Lebanon,W912ER25C0001- Supply &amp; Delivery Of Fuel Tank And Accessories-BNB-Lebanon,Mechanical Items,Mechanical,0,USD, ,Waiting
606,RFQ-6705-V40098,"MVL USA, INC",23 Jun 2025,RFQ,Dateline E.I.,"RMI-125 W9128A23C0010 FY23 MCA PN 080242 Medical Clinic, U.S. Army Garrison, Kwajalein Atoll, Republic Of The Marshall Islands (RMI)",HYDROTITE WATERSTOP WITH ADHESIVE,Building Materials,Various,10783.04,USD,Vinith B.,Order
607,RFQ-7039-M4001,MACRO,23 Jun 2025,RFQ,Spillco L.,"ORD-7039 BIOT-121.60 N4008424F4507 EProject 1693634 REPAIR SPP F1SA AND F2S OVERHEAD FEEDERS, RM20-1216",IBC COMPOSITE PALLET BASE - SPILLCO 1000 LITERS CAPACITY,Machine / Equipments,Mechanical,3937.5,AED,Marman I.,Cancled
608,RFQ-6705-M4019,"MVL USA, INC",23 Jun 2025,RFQ,Henan X.E.,"RMI-125 W9128A23C0010 FY23 MCA PN 080242 Medical Clinic, U.S. Army Garrison, Kwajalein Atoll, Republic Of The Marshall Islands (RMI)",Rain Cover Oxford Cloth + Transparent Pvc,Machine / Equipments,Mechanical,800,USD,Marman I.,Order
609,RFQ-6705-E6816,"MVL USA, INC",23 Jun 2025,RFQ,Tic L.E.,"RMI-125 W9128A23C0010 FY23 MCA PN 080242 Medical Clinic, U.S. Army Garrison, Kwajalein Atoll, Republic Of The Marshall Islands (RMI)",LSA And COSA -Electrical Additional Items,Electrical,Electrical,8610,USD,Shah F.,Order
610,RFQ-7139-E6806,"MVL USA, INC",23 Jun 2025,RFQ,Giatec S.I.,"RMI-127 W9128A24C0012 Air Traffic Control Tower &amp; Terminal, Kwajalein Island, U.S. Army Garrison - Kwajalein Atoll (USAG-KA), Republic Of The Marshall Islands",Smart Rock 3ER Wireless Sensor,Electrical,Electrical,3430,USD,Shah F.,Order
611,RFQ-6705-V40097,"MVL USA, INC",23 Jun 2025,RFQ,Home D.U.,"RMI-125 W9128A23C0010 FY23 MCA PN 080242 Medical Clinic, U.S. Army Garrison, Kwajalein Atoll, Republic Of The Marshall Islands (RMI)",COSA Materials,Building Materials,Various,2601.8,USD,Shah F.,Order
612,RFQ-6705-E6815,"MVL USA, INC",23 Jun 2025,RFQ,Al G.S.,"RMI-125 W9128A23C0010 FY23 MCA PN 080242 Medical Clinic, U.S. Army Garrison, Kwajalein Atoll, Republic Of The Marshall Islands (RMI)",Panelboard For LAB,Electrical,Electrical,11005.52,AED,Shah F.,Order
613,Q-1005-M4087,MV LLC,20 Jun 2025,IQ,Us E.-.,Supply Of The Box Truck.,Box Truck,Machine / Equipments,Mechanical,42000,USD,Shinso M.,Waiting
614,RFQ-1569-T1000,MACRO,19 Jun 2025,RFQ,Jasim A.Z.,MVL -Group,Vehicle Brake Pads,Tools,Tools,273,AED,Shahbas A.S.,Waiting
615,Q-1005-V7231,MACRO,19 Jun 2025,IQ,Unicef ,LITB-2025-9197888-Supply &amp; Delivery Of Megaphones-Unicef-Pakistan,LITB-2025-9197888-Supply &amp; Delivery Of Megaphones-Unicef-Pakistan,Building Materials,Various,44262.9,USD,Shinso M.,Cancled
616,Q-1005-V4498,MACRO,19 Jun 2025,IQ,Iom -.U.,RFQ.MW10-Supply &amp; Delivery Of Marine Patrol Boat-IOM Malawi,RFQ.MW10-Supply &amp; Delivery Of Marine Patrol Boat-IOM Malawi,Misc.,Various,170793,USD,Shinso M.,Cancled
617,RFQ-5532-M4036,MACRO,19 Jun 2025,RFQ,Scales G.T.,BIOT-121 N4008421D0082/N4008421R0079 AEC DB DBB MACC,MR-48 - Mettler Toledo Mild Steel Floor Scale PFA220-EE3000 With IND231 Ref - 00005671 SI/OEM,Machine / Equipments,Mechanical,6825,AED,Marman I.,Order
618,RFQ-5532-T1003,MACRO,19 Jun 2025,RFQ,Ali A.&.,BIOT-121 N4008421D0082/N4008421R0079 AEC DB DBB MACC,MR-49 - MR - Electrical Tools (FLUKE) For QC Department - Mark,Tools,Tools,37212,AED,Marman I.,Order
619,RFQ-5532-V40077,MVL USA JV LLC,19 Jun 2025,RFQ,Leeds S.C.,BIOT-121 N4008421D0082/N4008421R0079 AEC DB DBB MACC,Cement And Aggregates For Concrete Design Mix  - REF - QU-0653,Building Materials,Various,333.14,USD,Marman I.,Order
620,RFQ-6705-M4104,"MVL USA, INC",18 Jun 2025,RFQ,Jiangsu R.E.,"RMI-125 W9128A23C0010 FY23 MCA PN 080242 Medical Clinic, U.S. Army Garrison, Kwajalein Atoll, Republic Of The Marshall Islands (RMI)",350 Kva Oil Type Transformer For Batch Plant,Mechanical Items,Mechanical,31200,USD,Shah F.,Order
621,RFQ-7139-V40025,"MVL USA, INC",17 Jun 2025,RFQ,Holbrook P.S.,"ORD-7139 RMI-127 W9128A24C0012 Air Traffic Control Tower &amp; Terminal, Kwajalein Island, U.S. Army Garrison - Kwajalein Atoll (USAG-KA), Republic Of The Marshall Islands",SDR35 Pipe And Fittings For Sanitary Sewer,Building Materials,Various,3286.14,USD,Vinith B.,Order
622,RFQ-6705-E6814,"MVL USA, INC",17 Jun 2025,RFQ,Wesco D.I.,"RMI-125 W9128A23C0010 FY23 MCA PN 080242 Medical Clinic, U.S. Army Garrison, Kwajalein Atoll, Republic Of The Marshall Islands (RMI)",Live End Cap,Electrical,Electrical,1045.66,USD,Vinith B.,Order
623,RFQ-7139-V40024,"MVL USA, INC",17 Jun 2025,RFQ,Kelly &.H.,"ORD-7139 RMI-127 W9128A24C0012 Air Traffic Control Tower &amp; Terminal, Kwajalein Island, U.S. Army Garrison - Kwajalein Atoll (USAG-KA), Republic Of The Marshall Islands",Warning Tapes,Building Materials,Various,753.86,USD,Vinith B.,Order
624,RFQ-6705-V40096A,"MVL USA, INC",17 Jun 2025,RFQ,Kelly &.H.,"RMI-125 W9128A23C0010 FY23 MCA PN 080242 Medical Clinic, U.S. Army Garrison, Kwajalein Atoll, Republic Of The Marshall Islands (RMI)",Circuit Breaker And Warning Tape,Building Materials,Various,377.36,USD,Vinith B.,Order
625,RFQ-5532-M4035,MACRO,17 Jun 2025,RFQ,Elcometer L.,BIOT-121 N4008421D0082/N4008421R0079 AEC DB DBB MACC,Elcometer Machine And Accessories,Machine / Equipments,Mechanical,28022.4,AED,Marman I.,Order
626,RFQ-7039-M4000,MACRO,17 Jun 2025,RFQ,Abdullah H.I.,"ORD-7039 BIOT-121.60 N4008424F4507 EProject 1693634 REPAIR SPP F1SA AND F2S OVERHEAD FEEDERS, RM20-1216",Miller BIG BLUE 450 DUO CST With Trailer &amp; Accessories,Machine / Equipments,Mechanical,144816,AED,Marman I.,Order
627,RFQ-7039-M4101,MVL USA JV LLC,17 Jun 2025,RFQ,Wuxi P.M.,"ORD-7039 BIOT-121.60 N4008424F4507 EProject 1693634 REPAIR SPP F1SA AND F2S OVERHEAD FEEDERS, RM20-1216",CONCRETE MIXER - PME-CM400 AND POWER WASHER - 3WZ-3600JN,Mechanical Items,Mechanical,3867,USD,Marman I.,Order
628,RFQ-6705-V40096,"MVL USA, INC",17 Jun 2025,RFQ,Kelly &.H.,"RMI-125 W9128A23C0010 FY23 MCA PN 080242 Medical Clinic, U.S. Army Garrison, Kwajalein Atoll, Republic Of The Marshall Islands (RMI)",Circuit Breaker And Warning Tape,Building Materials,Various,600.61,USD,Vinith B.,Order
629,Q-1005-V7230,MV LLC,17 Jun 2025,IQ,Jsk D.S.,Supply &amp; Delivery Of Epoxy Coated Rebar-JSK-DG,Supply &amp; Delivery Of Epoxy Coated Rebar-JSK-DG,Building Materials,Various,2100,USD, ,Quotation
630,RFQ-5829-A5302,MACRO,17 Jun 2025,RFQ,Sas e.B.,"ORD-5829 UAE-123R W912ER22C0026 P-960 Triton Operational Facility, United Arab Emirates","Free Issued - Interior Paints  - Pump House And Facility D &ndash; 1,087 Sqm",Paints,Architectural,56511,AED,Marman I.,Order
631,RFQ-1569-14326,MACRO,16 Jun 2025,RFQ,Keen E.T.,MVL Group Office Related Pos,Dubai Civil Defence (DCD) Submission Drawing Preparation And Approval Service Charge.,Fit Out Project,Architectural,3675,AED,Marman I.,Order
632,RFQ-6705-E6813,"MVL USA, INC",16 Jun 2025,RFQ,Tic L.E.,"RMI-125 W9128A23C0010 FY23 MCA PN 080242 Medical Clinic, U.S. Army Garrison, Kwajalein Atoll, Republic Of The Marshall Islands (RMI)",LSA-Medical Clinic-Electrical Additional Items,Electrical,Electrical,10303.76,USD,Shah F.,Order
633,RFQ-6705-V40095,"MVL USA, INC",16 Jun 2025,RFQ,Carpet M.&.,"RMI-125 W9128A23C0010 FY23 MCA PN 080242 Medical Clinic, U.S. Army Garrison, Kwajalein Atoll, Republic Of The Marshall Islands (RMI)",LSA - Interlocking Vinyl Tiles With Transition Strips,Building Materials,Various,56212.28,USD,Shah F.,Order
634,RFQ-5532-V40076,MACRO,16 Jun 2025,RFQ,Cresco M.E.,BIOT-121 N4008421D0082/N4008421R0079 AEC DB DBB MACC,1/2 Inch PPR Female Adaptor PN20 SDR6,Building Materials,Various,627.9,AED,Marman I.,Cancled
635,RFQ-6705-V40094,"MVL USA, INC",16 Jun 2025,RFQ,White C.S.,"RMI-125 W9128A23C0010 FY23 MCA PN 080242 Medical Clinic, U.S. Army Garrison, Kwajalein Atoll, Republic Of The Marshall Islands (RMI)",Fire Extinguisher,Building Materials,Various,9610.6,USD,Shah F.,Order
636,RFQ-5532-M4034,MACRO,16 Jun 2025,RFQ,Spectrum W.M.,BIOT-121 N4008421D0082/N4008421R0079 AEC DB DBB MACC,Hypertherm Equipment And  Accessories - X-035 - X-048 And X-025 - AA - Jeff Lumapag,Machine / Equipments,Mechanical,25480,AED,Marman I.,Order
637,RFQ-5532-M4033,MACRO,16 Jun 2025,RFQ,Elcometer L.,BIOT-121 N4008421D0082/N4008421R0079 AEC DB DBB MACC,Elcometer Machine And Accessories,Machine / Equipments,Mechanical,26307.75,AED,Marman I.,Cancled
638,RFQ-6705-M4018,"MVL USA, INC",16 Jun 2025,RFQ,Henan X.E.,"RMI-125 W9128A23C0010 FY23 MCA PN 080242 Medical Clinic, U.S. Army Garrison, Kwajalein Atoll, Republic Of The Marshall Islands (RMI)",For Henan Xun HU Gulf Carts - Spare Parts,Machine / Equipments,Mechanical,2148.5,USD,Marman I.,Order
639,RFQ-5193-V40014,MACRO,13 Jun 2025,RFQ,National F.F.,(KSA 127) W912ER21C0015 AL KHARJ WAREHOUSE,DOOR HARDWARE SET   AL KHARJ - REF - NAFF/EXP/ADD/151020,Building Materials,Various,898,USD,Marman I.,Order
640,Q-1005-V7229,MV LLC,12 Jun 2025,IQ,Ra I.S.,Supply &amp; Delivery Of Epoxy Coated Rebar-RA International-DG,Supply &amp; Delivery Of Epoxy Coated Rebar-RA International-DG,Building Materials,Various,10258.5,USD, ,Quotation
641,Q-1005-M7111,MV LLC,12 Jun 2025,IQ,Us E.N.,191N65-25Q-0079-Supply &amp; Delivery Of Split Type Air Conditioner-US Embassy-Newdelhi,191N65-25Q-0079-Supply &amp; Delivery Of Split Type Air Conditioner-US Embassy-Newdelhi,Mechanical Items,Mechanical,77200,USD,Shinso M.,Waiting
642,RFQ-7139-V40023,"MVL USA, INC",12 Jun 2025,RFQ,Tsang B.C.,"RMI-127 W9128A24C0012 Air Traffic Control Tower &amp; Terminal, Kwajalein Island, U.S. Army Garrison - Kwajalein Atoll (USAG-KA), Republic Of The Marshall Islands",LSA -Water &amp; Sewer Items,Building Materials,Various,33450.85,USD,Shah F.,Order
643,RFQ-5829-E6820,MACRO,12 Jun 2025,RFQ,Excel E.T.,"ORD-5829 UAE-123R W912ER22C0026 P-960 Triton Operational Facility, United Arab Emirates",AL FIKREE PROCUREMENT SUPPORT - Conduit Sealing Fittings And Sealing Compounds - Ref.:E2025000425,Electrical,Electrical,10180.55,AED,Marman I.,Order
644,RFQ-5829-V40032,MACRO,12 Jun 2025,RFQ,Labtech M.e.,"ORD-5829 UAE-123R W912ER22C0026 P-960 Triton Operational Facility, United Arab Emirates","Beam Form, Concrete, 6 Inch X 6 Inch X 24 Inch  SKU : H-3010 - Uotation No: LME-011765R1",Building Materials,Various,55125,AED,Marman I.,Order
645,RFQ-6705-E6812,"MVL USA, INC",12 Jun 2025,RFQ,Tic L.E.,"RMI-125 W9128A23C0010 FY23 MCA PN 080242 Medical Clinic, U.S. Army Garrison, Kwajalein Atoll, Republic Of The Marshall Islands (RMI)",LSA-Hilti Additional Items,Electrical,Electrical,6069.8,USD,Shah F.,Order
646,RFQ-5532-V40075,MVL USA JV LLC,12 Jun 2025,RFQ,Leeds S.C.,BIOT-121 N4008421D0082/N4008421R0079 AEC DB DBB MACC,Used 40-Foot SOC HC Containers,Building Materials,Various,49950,USD,Marman I.,Order
647,RFQ-7039-V40019A,MVL USA JV LLC,12 Jun 2025,RFQ,Underground D.I.,"ORD-7039 BIOT-121.60 N4008424F4507 EProject 1693634 REPAIR SPP F1SA AND F2S OVERHEAD FEEDERS, RM20-1216",Cable Racks (Electrical And Telecom),Building Materials,Various,386978,USD,Lince M.,Order
648,RFQ-5829-E6819,MACRO,12 Jun 2025,RFQ,Excel E.T.,"ORD-5829 UAE-123R W912ER22C0026 P-960 Triton Operational Facility, United Arab Emirates",AL FIKREE - PROCUREMENT SUPPORT -  Explosion Proof Wiring Accessories,Electrical,Electrical,318087,AED,Marman I.,Order
649,RFQ-6705-V40093,"MVL USA, INC",11 Jun 2025,RFQ,Geo-engineering &.T.,"RMI-125 W9128A23C0010 FY23 MCA PN 080242 Medical Clinic, U.S. Army Garrison, Kwajalein Atoll, Republic Of The Marshall Islands (RMI)",ASTM Testing For CMU Masonry Blocks &amp; Soil Testing For Batch Plant,Building Materials,Various,2890.16,USD,Shah F.,Order
650,RFQ-7139-V4352,"MVL USA, INC",11 Jun 2025,RFQ,Onmuse (.S.,"ORD-7139 RMI-127 W9128A24C0012 Air Traffic Control Tower &amp; Terminal, Kwajalein Island, U.S. Army Garrison - Kwajalein Atoll (USAG-KA), Republic Of The Marshall Islands",Appliances For Living Units,Misc.,Various,42500,USD,Vinith B.,Order
651,RFQ-6705-V40092,"MVL USA, INC",11 Jun 2025,RFQ,Pacific I.I.,"RMI-125 W9128A23C0010 FY23 MCA PN 080242 Medical Clinic, U.S. Army Garrison, Kwajalein Atoll, Republic Of The Marshall Islands (RMI)",WASH SAND WITH SLING BAG,Building Materials,Various,5316,USD,Shah F.,Order
652,RFQ-5532-V40074,MACRO,10 Jun 2025,RFQ,Cresco M.E.,BIOT-121 N4008421D0082/N4008421R0079 AEC DB DBB MACC,"Drain Pipes (DIEGO GARCIA PROJECT, TASK NO.-Mancamp) - QT-4020326 REV-02",Building Materials,Various,13774.42,AED,Marman I.,Order
653,Q-1005-V4497,MVL USA JV LLC,10 Jun 2025,IQ,Guam M.S.,Supply &amp; Delivery Of Blood Test Kit - GMSi-Diego Garcia,Supply &amp; Delivery Of Blood Test Kit - GMSi-Diego Garcia,Misc.,Various,625,USD, ,Waiting
654,RFQ-5532-V40073,MACRO,10 Jun 2025,RFQ,Extol I.F.,BIOT-121 N4008421D0082/N4008421R0079 AEC DB DBB MACC,"IT Materials (DIEGO GARCIA PROJECT, TASK NO.-Mancamp) - Q-X3550-R1",Building Materials,Various,87342.65,AED,Marman I.,Order
655,RFQ-1569-O94,"MVL USA, INC",10 Jun 2025,RFQ,Managed S.L.,MVL Group Office Related POs,"Microsoft 365 GCC G5 (Governmental Community Cloud Pricing) (Invoices 111336, 110731, And 109824)",Computer Peripherals,Office Assets,12505.07,USD,Marman I.,Order
656,RFQ-7139-V40022,"MVL USA, INC",10 Jun 2025,RFQ,Dateline E.I.,"ORD-7139 RMI-127 W9128A24C0012 Air Traffic Control Tower &amp; Terminal, Kwajalein Island, U.S. Army Garrison - Kwajalein Atoll (USAG-KA), Republic Of The Marshall Islands",EPS39 GEOFOAM(Low Compressible Fill Material),Building Materials,Various,3603.6,USD,Vinith B.,Order
657,RFQ-6646-S9100A,"MVL USA, INC",10 Jun 2025,RFQ,Carswell B.S.,ORD-6646-USA-155.01 W912HN23F3016 Replace Various Main Post Roofs,Electrical Service,Services,Services,18532,USD,Lince M.,Order
658,RFQ-6705-V40091,"MVL USA, INC",10 Jun 2025,RFQ,V-trust I.S.,"RMI-125 W9128A23C0010 FY23 MCA PN 080242 Medical Clinic, U.S. Army Garrison, Kwajalein Atoll, Republic Of The Marshall Islands (RMI)","PRESHIPMENT INSPECTION AS PER LIST PROVIDED - MARSHALL ISLANDS HEAVY MACHINES AND EQUIPMENTS WITH SPARE PARTS - -JFV640506, JFV640534, JFV640583, JFV569388, JFV640583",Building Materials,Various,1608,USD,Marman I.,Order
659,Q-1005-M7110,MV LLC,09 Jun 2025,IQ,Us E.D.,PR15344307-Supply &amp; Deliver Of Compressors-US Embassy Djibouti,PR15344307-Supply &amp; Deliver Of Compressors-US Embassy Djibouti,Mechanical Items,Mechanical,13300,USD,Shinso M.,Waiting
660,RFQ-7139-E6801A,"MVL USA, INC",09 Jun 2025,RFQ,Tic L.E.,"RMI-127 W9128A24C0012 Air Traffic Control Tower &amp; Terminal, Kwajalein Island, U.S. Army Garrison - Kwajalein Atoll (USAG-KA), Republic Of The Marshall Islands",COSA-Electrical Items,Electrical,Electrical,69268.44,USD,Shah F.,Order
661,RFQ-1005-M7109,"MVL USA, INC",09 Jun 2025,RFQ,Oiltrak S.L.,Supply Of The FCX Solid State Frequency Converter - MVL Trading,FCX Solid State Frequency Converter,Mechanical Items,Mechanical,1445528,USD,Arun N.,Order
662,RFQ-1005-M7108,"MVL USA, INC",09 Jun 2025,RFQ,Oiltrak S.L.,Frequency Converter - MVL Trading,Frequency Converter,Mechanical Items,Mechanical,0,USD, ,Cancled
663,RFQ-5829-R1509,MACRO,04 Jun 2025,RFQ,Diamondlease L.,"ORD-5829 UAE-123R W912ER22C0026 P-960 Triton Operational Facility, United Arab Emirates",Nissan Sunny 1.5L SV SY2 2023 ExFleet - 3 Months Rental,Rental,Rental,5213.25,AED,Marman I.,Order
664,RFQ-7414-P4800,MACRO,04 Jun 2025,RFQ,Farnas G.T.,"ORD-7414 LEB-127 W912ER25C0001 Restore Beirut Naval Base (BNB), Beirut Naval Base, Lebanon",Personal Protective Equipment (PPE) For Projects In Lebanon,PPE,Protection,2911.65,AED,Marman I.,Order
665,RFQ-5829-V40031,MACRO,04 Jun 2025,RFQ,Unitech D.P.,"ORD-5829 UAE-123R W912ER22C0026 P-960 Triton Operational Facility, United Arab Emirates",Candor Procurement Support -  - SUPPLY OF DOWEL BARS,Building Materials,Various,38730.4,AED,Marman I.,Order
666,RFQ-7039-V40019,MVL USA JV LLC,04 Jun 2025,RFQ,Underground D.I.,"ORD-7039 BIOT-121.60 N4008424F4507 EProject 1693634 REPAIR SPP F1SA AND F2S OVERHEAD FEEDERS, RM20-1216",Cable Racks (Electrical And Telecom),Building Materials,Various,305360,USD,Lince M.,Order
667,RFQ-7039-V40018,MVL USA JV LLC,04 Jun 2025,RFQ,Crossweld M.T.,"ORD-7039 BIOT-121.60 N4008424F4507 EProject 1693634 REPAIR SPP F1SA AND F2S OVERHEAD FEEDERS, RM20-1216",EMH Pulling Iron,Building Materials,Various,13710.08,USD,Lince M.,Order
668,RFQ-5532-V40072,MVL USA JV LLC,04 Jun 2025,RFQ,Shandong J.E.,BIOT-121 N4008421D0082/N4008421R0079 AEC DB DBB MACC,66 -units Exhaust Fan For MVL Man Camp  Phase2,Building Materials,Various,2838,USD,Marman I.,Order
669,Q-1005-L4181,MACRO,04 Jun 2025,IQ,Unicef ,LITB-2025-9197550-Supply &amp; Delivery Of Cargo Trucks-Unicef Sierra Leone,LITB-2025-9197550-Supply &amp; Delivery Of Cargo Trucks-Unicef Sierra Leone,Transportation,Logistics,101260,USD,Shinso M.,Waiting
670,RFQ-6705-V40090,"MVL USA, INC",04 Jun 2025,RFQ,Tsang B.C.,"RMI-125 W9128A23C0010 FY23 MCA PN 080242 Medical Clinic, U.S. Army Garrison, Kwajalein Atoll, Republic Of The Marshall Islands (RMI)",Common Nails,Building Materials,Various,360,USD,Shah F.,Order
671,RFQ-6705-V40089,"MVL USA, INC",04 Jun 2025,RFQ,Home D.U.,"RMI-125 W9128A23C0010 FY23 MCA PN 080242 Medical Clinic, U.S. Army Garrison, Kwajalein Atoll, Republic Of The Marshall Islands (RMI)",Spray Paint,Building Materials,Various,399.9,USD,Shah F.,Order
672,RFQ-7139-S9031,"MVL USA, INC",03 Jun 2025,RFQ,Foshan L.F.,"RMI-127 W9128A24C0012 Air Traffic Control Tower &amp; Terminal, Kwajalein Island, U.S. Army Garrison - Kwajalein Atoll (USAG-KA), Republic Of The Marshall Islands",Heavy Duty Canopy With Heavy-duty Rope And U Bolt,Construction,Services,2522.14,USD,Shah F.,Order
673,RFQ-7139-M4006,"MVL USA, INC",03 Jun 2025,RFQ,Hangzhou C.P.,"RMI-127 W9128A24C0012 Air Traffic Control Tower &amp; Terminal, Kwajalein Island, U.S. Army Garrison - Kwajalein Atoll (USAG-KA), Republic Of The Marshall Islands",AIR COMPRESSOR,Machine / Equipments,Mechanical,15714,USD,Shah F.,Order
674,RFQ-7139-E6805,"MVL USA, INC",03 Jun 2025,RFQ,Al G.S.,"RMI-127 W9128A24C0012 Air Traffic Control Tower &amp; Terminal, Kwajalein Island, U.S. Army Garrison - Kwajalein Atoll (USAG-KA), Republic Of The Marshall Islands",LSA -PANEL BOARDS,Electrical,Electrical,249546.44,AED,Shah F.,Order
675,RFQ-7139-E6804,"MVL USA, INC",03 Jun 2025,RFQ,Al G.S.,"RMI-127 W9128A24C0012 Air Traffic Control Tower &amp; Terminal, Kwajalein Island, U.S. Army Garrison - Kwajalein Atoll (USAG-KA), Republic Of The Marshall Islands",COSA -PANEL BOARDS,Electrical,Electrical,15520.39,AED,Shah F.,Order
676,RFQ-7139-E6803,"MVL USA, INC",03 Jun 2025,RFQ,Wesco D.I.,"ORD-7139 RMI-127 W9128A24C0012 Air Traffic Control Tower &amp; Terminal, Kwajalein Island, U.S. Army Garrison - Kwajalein Atoll (USAG-KA), Republic Of The Marshall Islands",Live End Cap For Power Shut Down Work,Electrical,Electrical,3136.99,USD,Vinith B.,Order
677,Q-1005-V4496,MV LLC,03 Jun 2025,IQ,Weston S.,Mancamp - Accomodation &amp; Services-Weston Solutions-DG,Mancamp - Accomodation &amp; Services-Weston Solutions-DG,Misc.,Various,4160,USD, ,Waiting
678,RFQ-7139-M4005,"MVL USA, INC",03 Jun 2025,RFQ,Kaufman T.L.,"RMI-127 W9128A24C0012 Air Traffic Control Tower &amp; Terminal, Kwajalein Island, U.S. Army Garrison - Kwajalein Atoll (USAG-KA), Republic Of The Marshall Islands",TRAILER GVWR 12000 - FAW-6K-20D - AS PER ATTACHED QUOTATION 879119,Machine / Equipments,Mechanical,6720,USD,Marman I.,Order
679,RFQ-6746-M4106,MVL USA JV LLC,03 Jun 2025,RFQ,Harrington I.P.,"BIOT-121.55 N4008424F4084 X019 QN7003 - REPAIRS TO BASE POOL, F-105, WON1587110, DG",Additional PVC Fittings,Mechanical Items,Mechanical,3147.84,USD,Rahul N.,Order
680,Q-1005-E7105,MACRO,03 Jun 2025,IQ,Us E.N.,191N6525Q0073-Supply &amp; Delivery Of UPS-US Embassy India,191N6525Q0073-Supply &amp; Delivery Of UPS-US Embassy India,Electrical,Electrical,56760,USD,Shinso M.,Waiting
681,Q-1005-M4086,MACRO,03 Jun 2025,IQ,"American E.,.",PR15319234-Supply &amp; Delivery Of Water Tanker Truck-US Embassy Nepal,PR15319234-Supply &amp; Delivery Of Water Tanker Truck-US Embassy Nepal,Machine / Equipments,Mechanical,91000,USD,Shinso M.,Waiting
682,RFQ-7139-E6802,"MVL USA, INC",02 Jun 2025,RFQ,Tic L.E.,"RMI-127 W9128A24C0012 Air Traffic Control Tower &amp; Terminal, Kwajalein Island, U.S. Army Garrison - Kwajalein Atoll (USAG-KA), Republic Of The Marshall Islands",LSA-Electrical Items,Electrical,Electrical,237333.56,USD,Shah F.,Cancled
683,RFQ-7039-V40017,MACRO,02 Jun 2025,RFQ,Isam K.T.,"ORD-7039 BIOT-121.60 N4008424F4507 EProject 1693634 REPAIR SPP F1SA AND F2S OVERHEAD FEEDERS, RM20-1216","Plumbing Supports And Hangers, Anchor Rod",Building Materials,Various,8622.58,AED,Lince M.,Order
684,RFQ-6852-V40026,MVL USA JV LLC,02 Jun 2025,RFQ,Arabian E.C.,BIOT-121.35 N4008424F4221 QC8067-Repair To Fuel Piping System. F#408 NSF DG,Tech Rep &amp; Site Supervisor For Installation Support,Building Materials,Various,53000,USD,Rahul N.,Order
685,RFQ-6852-V40025,MVL USA JV LLC,02 Jun 2025,RFQ,Arabian E.C.,BIOT-121.35 N4008424F4221 QC8067-Repair To Fuel Piping System. F#408 NSF DG,Fuel Impermeable Liner,Building Materials,Various,28857,USD,Rahul N.,Order
686,RFQ-7139-E6801,"MVL USA, INC",02 Jun 2025,RFQ,Tic L.E.,"RMI-127 W9128A24C0012 Air Traffic Control Tower &amp; Terminal, Kwajalein Island, U.S. Army Garrison - Kwajalein Atoll (USAG-KA), Republic Of The Marshall Islands",COSA-Electrical Items,Electrical,Electrical,66586.69,USD,Shah F.,Order
687,RFQ-5829-E6818A,MACRO,02 Jun 2025,RFQ,Dubai C.C.,"ORD-5829 UAE-123R W912ER22C0026 P-960 Triton Operational Facility, United Arab Emirates",Procurement Support - LV Cables,Electrical,Electrical,4168613.75,AED,Lince M.,Order
688,Q-1005-M7107,MV LLC,29 May 2025,IQ,United S.S.,Supply &amp; Delivery Of Window Air Conditioner-USSDG-Diego Garcia,Supply &amp; Delivery Of Window Air Conditioner-USSDG-Diego Garcia,Mechanical Items,Mechanical,7200,USD, ,Waiting
689,RFQ-7208-M4102,MVL USA JV LLC,29 May 2025,RFQ,Morex I.,"ORD-7208 BIOT-121.76 N4008424F4725 REPAIRS TO CHRIMP FACILITY 724 (QS60400) &amp; FACILITY 725 (QS6041), NSFDG (X029)",Ball Valve,Mechanical Items,Mechanical,1012.36,USD,Lince M.,Order
690,RFQ-5695-V40017,MVL USA JV LLC,29 May 2025,RFQ,Powerfit I.P.,"BIOT-121.16 N4008422F4476 QC1018 REPAIR BOLLARDS, POL PIER",Hardware,Building Materials,Various,20876.06,SGD,Rahul N.,Order
691,RFQ-6705-V40088,"MVL USA, INC",29 May 2025,RFQ,American I.S.,"RMI-125 W9128A23C0010 FY23 MCA PN 080242 Medical Clinic, U.S. Army Garrison, Kwajalein Atoll, Republic Of The Marshall Islands (RMI)",PVC DWV Pipes And Fittings For Sanitary Waste And Storm Drain Under SOG,Building Materials,Various,22460.08,USD,Vinith B.,Order
692,RFQ-5532-V40071,MVL USA JV LLC,29 May 2025,RFQ,Humboldt M.C.,BIOT-121 N4008421D0082/N4008421R0079 AEC DB DBB MACC,Additional Laboratory Tools (for Concrete Laboratory),Building Materials,Various,60581.75,USD,Rahul N.,Order
693,RFQ-7039-E6806,MVL USA JV LLC,29 May 2025,RFQ,Wesco D.I.,"ORD-7039 BIOT-121.60 N4008424F4507 EProject 1693634 REPAIR SPP F1SA AND F2S OVERHEAD FEEDERS, RM20-1216",Grounding And Pull Rope (Telecom),Electrical,Electrical,98527.65,USD,Lince M.,Order
694,Q-1005-V7228,MV LLC,29 May 2025,IQ,Jsk D.S.,Supply &amp; Delivery Of Epoxy Coated Rebar &amp; Miscellaneous Items-JSK-DG,Supply &amp; Delivery Of Epoxy Coated Rebar &amp; Miscellaneous Items-JSK-DG,Building Materials,Various,2250,USD, ,Quotation
695,Q-1005-V4495,MACRO,29 May 2025,IQ,Fao ,2025/FRSSD/FRSSD/132363-Supply &amp; Delivery Of Office Furniture-South Sudan,2025/FRSSD/FRSSD/132363-Supply &amp; Delivery Of Office Furniture-South Sudan,Misc.,Various,18300,USD,Shinso M.,Waiting
696,Q-1005-V4494,MACRO,29 May 2025,IQ,Unops (.,RFQ/2025/57552-Supply &amp; Delivery Of ICT Equipment-Somalia,RFQ/2025/57552-Supply &amp; Delivery Of ICT Equipment-Somalia,Misc.,Various,54995,USD,Shinso M.,Waiting
697,RFQ-6705-V40087,"MVL USA, INC",29 May 2025,RFQ,Home D.U.,"RMI-125 W9128A23C0010 FY23 MCA PN 080242 Medical Clinic, U.S. Army Garrison, Kwajalein Atoll, Republic Of The Marshall Islands (RMI)",COSA Roofing Materials,Building Materials,Various,1378.1,USD,Shah F.,Order
698,RFQ-5532-V40070,MACRO,28 May 2025,RFQ,Al H.P.,BIOT-121 N4008421D0082/N4008421R0079 AEC DB DBB MACC,Drain Pipes &amp; Fittings,Building Materials,Various,15647.1,AED,Rahul N.,Waiting
699,RFQ-6705-V40086,"MVL USA, INC",28 May 2025,RFQ,Kelly &.H.,"RMI-125 W9128A23C0010 FY23 MCA PN 080242 Medical Clinic, U.S. Army Garrison, Kwajalein Atoll, Republic Of The Marshall Islands (RMI)",RCS Conduits And Fittings,Building Materials,Various,18825.96,USD,Vinith B.,Order
700,Q-1005-V4493,MVL Lebanon,28 May 2025,IQ,Unrwa ,ITB-34250000025-Supply &amp; Delivery Of Furniture-UNRWA-Lebanon,ITB-34250000025-Supply &amp; Delivery Of Furniture-UNRWA-Lebanon,Misc.,Various,236230.2,USD,Shinso M.,Waiting
701,RFQ-7039-V40016,MACRO,28 May 2025,RFQ,Fastener P.L.,"ORD-7039 BIOT-121.60 N4008424F4507 EProject 1693634 REPAIR SPP F1SA AND F2S OVERHEAD FEEDERS, RM20-1216",Anchor Bolts,Building Materials,Various,5446.2,AED,Lince M.,Order
702,RFQ-7039-E6805,MVL USA JV LLC,27 May 2025,RFQ,Bahra A.C.,"ORD-7039 BIOT-121.60 N4008424F4507 EProject 1693634 REPAIR SPP F1SA AND F2S OVERHEAD FEEDERS, RM20-1216",Spacers - Telecom,Electrical,Electrical,139825,SAR,Lince M.,Order
703,RFQ-7208-V40010,MVL USA JV LLC,26 May 2025,RFQ,Kelly &.H.,"BIOT-121.76 N4008424F4725 REPAIRS TO CHRIMP FACILITY 724 (QS6040) &amp; FACILITY 725 (QS6041) ,NSFD {X029}",Electrical Materials,Building Materials,Various,46782,USD,Rahul N.,Order
704,RFQ-7208-V40009,MACRO,26 May 2025,RFQ,Extol I.F.,"BIOT-121.76 N4008424F4725 REPAIRS TO CHRIMP FACILITY 724 (QS6040) &amp; FACILITY 725 (QS6041) ,NSFDG {X029}",Ground  Items,Building Materials,Various,1044,AED,Rahul N.,Order
705,RFQ-7044-E6800,MVL USA JV LLC,26 May 2025,RFQ,Benfield E.I.,"BIOT-121.64 N4008424F4506 QP9003-REPLACE FIRE ALARM SYSTEM, FACILITY 960 {X022}",Panel Board,Electrical,Electrical,10468,USD,Rahul N.,Order
706,RFQ-5581-A5202,MACRO,26 May 2025,RFQ,Lakshmi M.T.,"BIOT-121.02 N4008421R0001-X004, EProject 1701534 REPLACE FSS FIRE PROTECTION FOAM SYSTEM FROM F-410 TO TANK 1-11 {X004}",Non Tempered Glass,Doors,Architectural,2415,AED,Rahul N.,Order
707,RFQ-5581-A5201A,MVL USA JV LLC,23 May 2025,RFQ,Lakshmi M.T.,"BIOT-121.02 N4008421R0001-X004, EProject 1701534 REPLACE FSS FIRE PROTECTION FOAM SYSTEM FROM F-410 TO TANK 1-11",Annealed Glass,Doors,Architectural,2300,AED,Rahul N.,Cancled
708,Q-1005-C6057,MV LLC,23 May 2025,IQ,United S.S.,Supply &amp; Deliver Of Fire Extinguisher-USSDG,Supply &amp; Deliver Of Fire Extinguisher-USSDG,Chemicals,Chemicals,1340,USD, ,Waiting
709,RFQ-6705-V40085,"MVL USA, INC",22 May 2025,RFQ,Indigo P.S.,"RMI-125 W9128A23C0010 FY23 MCA PN 080242 Medical Clinic, U.S. Army Garrison, Kwajalein Atoll, Republic Of The Marshall Islands (RMI)",Manhole Cover And Frame,Building Materials,Various,1218.44,USD,Vinith B.,Order
710,RFQ-5532-V40067A,MVL USA JV LLC,22 May 2025,RFQ,Kelly &.H.,BIOT-121 N4008421D0082/N4008421R0079 AEC DB DBB MACC,Electrical Materials,Building Materials,Various,6776.8,USD,Rahul N.,Order
711,RFQ-5695-V40016,MVL USA JV LLC,22 May 2025,RFQ,Zhengzhou Y.C.,"BIOT-121.16 N4008422F4476 QC1018 REPAIR BOLLARDS, POL PIER",Pulley For Wiresaw Machine,Building Materials,Various,973,USD,Rahul N.,Order
712,RFQ-7139-V40021,"MVL USA, INC",22 May 2025,RFQ,White C.S.,"ORD-7139 RMI-127 W9128A24C0012 Air Traffic Control Tower &amp; Terminal, Kwajalein Island, U.S. Army Garrison - Kwajalein Atoll (USAG-KA), Republic Of The Marshall Islands",3.5GAL TRI-POXY COATED STEEL CONCRETE SPRAYER,Building Materials,Various,414.24,USD,Vinith B.,Order
713,RFQ-7039-V40015,MVL USA JV LLC,22 May 2025,RFQ,Element C.T.,"BIOT-121.60 N4008424F4507 EProject 1693634 REPAIR SPP F1SA AND F2S OVERHEAD FEEDERS, RM20-1216 {X025}",Concrete Mix - Design &amp; Testing,Building Materials,Various,76825,SGD,Rahul N.,Order
714,RFQ-6705-V40084,"MVL USA, INC",22 May 2025,RFQ,Kelly &.H.,"RMI-125 W9128A23C0010 FY23 MCA PN 080242 Medical Clinic, U.S. Army Garrison, Kwajalein Atoll, Republic Of The Marshall Islands (RMI)",Ground Rod And Accessories,Building Materials,Various,2236.48,USD,Vinith B.,Order
715,RFQ-7139-V40020,"MVL USA, INC",22 May 2025,RFQ,Al S.F.,"ORD-7139 RMI-127 W9128A24C0012 Air Traffic Control Tower &amp; Terminal, Kwajalein Island, U.S. Army Garrison - Kwajalein Atoll (USAG-KA), Republic Of The Marshall Islands.",Office Furniture - ATCT LSA,Building Materials,Various,72692,AED,Shinso M.,Order
716,RFQ-5532-V40069,MVL USA JV LLC,21 May 2025,RFQ,Element C.T.,BIOT-121 N4008421D0082/N4008421R0079 AEC DB DBB MACC,Concrete Mix - Design &amp; Testing,Building Materials,Various,76825,SGD,Rahul N.,Order
717,RFQ-6718-V40026,MVL USA JV LLC,21 May 2025,RFQ,The S.C.,"BIOT-121.48 N4008424F4064 EPROJECT 1718005 QC2011 REPLACE ADRF PUMPS 7, 8, AND 9, F-409",Primer For External Use On CS Pipes,Building Materials,Various,1009.52,USD,Rahul N.,Order
718,RFQ-7073-V40007,MACRO,21 May 2025,RFQ,Fastener P.L.,ORD- 7073 BIOT-121.68 N4008424F4583 QC3078 Repairs To Concrete Water Tanks (X026),Bolts And Nuts,Building Materials,Various,9249.44,AED,Lince M.,Order
719,RFQ-5532-V40068,MACRO,21 May 2025,RFQ,Cresco M.E.,BIOT-121 N4008421D0082/N4008421R0079 AEC DB DBB MACC,Drain Pipes &amp; Fittings,Building Materials,Various,13275.47,AED,Rahul N.,Order
720,RFQ-7039-E6802B,MVL USA JV LLC,21 May 2025,RFQ,Oman C.I.,"ORD-7039 BIOT-121.60 N4008424F4507 EProject 1693634 REPAIR SPP F1SA AND F2S OVERHEAD FEEDERS, RM20-1216",MV Cables,Electrical,Electrical,1815495.75,USD,Lince M.,Order
721,RFQ-7039-V40014,MVL USA JV LLC,20 May 2025,RFQ,National P.&.,"BIOT-121.60 N4008424F4507 EProject 1693634 REPAIR SPP F1SA AND F2S OVERHEAD FEEDERS, RM20-1216 (X025)",PVC Pipes &amp; Fittings - For Telecom,Building Materials,Various,537139,AED,Rahul N.,Order
722,RFQ-5532-V40067,MVL USA JV LLC,20 May 2025,RFQ,Kelly &.H.,BIOT-121 N4008421D0082/N4008421R0079 AEC DB DBB MACC,Electrical Materials,Building Materials,Various,6694.54,USD,Rahul N.,Order
723,RFQ-7039-E6804,MVL USA JV LLC,20 May 2025,RFQ,Wesco D.I.,"ORD-7039 BIOT-121.60 N4008424F4507 EProject 1693634 REPAIR SPP F1SA AND F2S OVERHEAD FEEDERS, RM20-1216",Conduit Sealant And Tool,Electrical,Electrical,23794.81,USD,Lince M.,Order
724,RFQ-6718-S9104,MVL USA JV LLC,20 May 2025,RFQ,Black C.C.,"BIOT-121.48 N4008424F4064 EPROJECT 1718005 QC2011 REPLACE ADRF PUMPS 7, 8, AND 9, F-409",Concrete Supply &amp; Material Testing,Services,Services,126766.3,USD,Rahul N.,Order
725,Q-1005-V4492,MV LLC,20 May 2025,IQ,Ra I.S.,Supply &amp; Delivery Of Phenolic Board-RA International-DG,Supply &amp; Delivery Of Phenolic Board-RA International-DG,Misc.,Various,2000,USD, ,Waiting
726,RFQ-6705-V40083,"MVL USA, INC",20 May 2025,RFQ,Builders C.,"RMI-125 W9128A23C0010 FY23 MCA PN 080242 Medical Clinic, U.S. Army Garrison, Kwajalein Atoll, Republic Of The Marshall Islands (RMI)",Vinyl Tile For Medical Clinic Concrete Laboratory,Building Materials,Various,5613,USD,Shah F.,Order
727,RFQ-7098-E6802,MVL USA JV LLC,19 May 2025,RFQ,Cooper C.L.,"ORD-7098 BIOT-121.69 N4008424F4613_eProject 1735497 QC2090- REPAIR TAXIWAY SIGNS, F-200044",Taxiway Lighting,Electrical,Electrical,141409.56,USD,Lince M.,Order
728,RFQ-7208-V40008,MVL USA JV LLC,19 May 2025,RFQ,Leeds S.C.,"ORD-7208 BIOT-121.76 N4008424F4725 REPAIRS TO CHRIMP FACILITY 724 (QS60400) &amp; FACILITY 725 (QS6041), NSFDG (X029)",Sika Anchor Fix 3001,Building Materials,Various,4175,USD,Lince M.,Order
729,RFQ-7039-V40013,MVL USA JV LLC,15 May 2025,RFQ,Larson E.L.,"BIOT-121.60 N4008424F4507 EProject 1693634 REPAIR SPP F1SA AND F2S OVERHEAD FEEDERS, RM20-1216 {TASK - X025}",Pad Mounted Transformer,Building Materials,Various,96598.13,USD,Rahul N.,Order
730,RFQ-7039-V40012,MVL USA JV LLC,15 May 2025,RFQ,Humboldt M.C.,"BIOT-121.60 N4008424F4507 EProject 1693634 REPAIR SPP F1SA AND F2S OVERHEAD FEEDERS, RM20-1216 (X025)",Additional Laboratory Tools (for Concrete Laboratory),Building Materials,Various,58919.75,USD,Rahul N.,Order
731,RFQ-7039-V40011,MVL USA JV LLC,15 May 2025,RFQ,Leeds S.C.,"BIOT-121.60 N4008424F4507 EProject 1693634 REPAIR SPP F1SA AND F2S OVERHEAD FEEDERS, RM20-1216 [X025]",Fire Extinguishers,Building Materials,Various,900,USD,Rahul N.,Order
732,RFQ-7073-V40006,MVL USA JV LLC,15 May 2025,RFQ,Skyhigh L.&.,ORD- 7073 BIOT-121.68 N4008424F4583 QC3078 Repairs To Concrete Water Tanks (X026),Exterior Metal Ladder,Building Materials,Various,22061,USD,Lince M.,Order
733,RFQ-7039-V40010,MVL USA JV LLC,14 May 2025,RFQ,Unitech D.P.,"ORD-7039 BIOT-121.60 N4008424F4507 EProject 1693634 REPAIR SPP F1SA AND F2S OVERHEAD FEEDERS, RM20-1216",Manhole Frames And Covers,Building Materials,Various,65800.32,USD,Lince M.,Order
734,RFQ-6542-V40038,"MVL USA, INC",14 May 2025,RFQ,Heely-brown C.,"JPN-124 FA890323C0031 Renovate Bldgs 111, 116 And 119 At Okinawa, Japan.---$1-5M Renovation Project In Okinawa",Roofing Materials (Hazardous),Building Materials,Various,13660.62,USD,Rahul N.,Order
735,RFQ-6542-V40037,"MVL USA, INC",14 May 2025,RFQ,Heely-brown C.,"JPN-124 FA890323C0031 Renovate Bldgs 111, 116 And 119 At Okinawa, Japan.---$1-5M Renovation Project In Okinawa",Roofing Materials (Hazardous),Building Materials,Various,0,USD, ,Cancled
736,RFQ-6542-V40036,"MVL USA, INC",14 May 2025,RFQ,Heely-brown C.,"JPN-124 FA890323C0031 Renovate Bldgs 111, 116 And 119 At Okinawa, Japan.---$1-5M Renovation Project In Okinawa",Roofing Materials,Building Materials,Various,20823.89,USD,Rahul N.,Order
737,RFQ-6705-V40082,"MVL USA, INC",14 May 2025,RFQ,Dateline E.I.,"RMI-125 W9128A23C0010 FY23 MCA PN 080242 Medical Clinic, U.S. Army Garrison, Kwajalein Atoll, Republic Of The Marshall Islands (RMI)",BUTYL SEALANT,Building Materials,Various,703.12,USD,Vinith B.,Order
738,RFQ-5532-V40066,MVL USA JV LLC,14 May 2025,RFQ,Leeds S.C.,BIOT-121 N4008421D0082/N4008421R0079 AEC DB DBB MACC,Aggregates And Cement - June Vessel,Building Materials,Various,154050,USD,Rahul N.,Order
739,RFQ-6705-V40081,"MVL USA, INC",14 May 2025,RFQ,The Q.C.,"RMI-125 W9128A23C0010 FY23 MCA PN 080242 Medical Clinic, U.S. Army Garrison, Kwajalein Atoll, Republic Of The Marshall Islands (RMI)",Non-Shrink General Purpose Grout,Building Materials,Various,787.88,USD,Vinith B.,Order
740,RFQ-6705-V40080,"MVL USA, INC",14 May 2025,RFQ,Dateline E.I.,"RMI-125 W9128A23C0010 FY23 MCA PN 080242 Medical Clinic, U.S. Army Garrison, Kwajalein Atoll, Republic Of The Marshall Islands (RMI)",SPONGE RUBBER EXPANSION JOINT,Building Materials,Various,11924.25,USD,Vinith B.,Order
741,RFQ-7139-V40019,"MVL USA, INC",14 May 2025,RFQ,Nucor R.F.,"ORD-7139 RMI-127 W9128A24C0012 Air Traffic Control Tower &amp; Terminal, Kwajalein Island, U.S. Army Garrison - Kwajalein Atoll (USAG-KA), Republic Of The Marshall Islands",Epoxy Coated Rebar Up To SOG(Slab On Grade),Building Materials,Various,143074,USD,Vinith B.,Order
742,RFQ-7139-V40018,"MVL USA, INC",13 May 2025,RFQ,Stego I.L.,"ORD-7139 RMI-127 W9128A24C0012 Air Traffic Control Tower &amp; Terminal, Kwajalein Island, U.S. Army Garrison - Kwajalein Atoll (USAG-KA), Republic Of The Marshall Islands",Vapor Barrier,Building Materials,Various,8640,USD,Vinith B.,Order
743,RFQ-6705-V40079,"MVL USA, INC",13 May 2025,RFQ,The Q.C.,"RMI-125 W9128A23C0010 FY23 MCA PN 080242 Medical Clinic, U.S. Army Garrison, Kwajalein Atoll, Republic Of The Marshall Islands (RMI)",Corefill And Non-Shrink Grout,Building Materials,Various,71765.9,USD,Vinith B.,Order
744,Q-1005-V4491,MV LLC,13 May 2025,IQ,Guam M.S.,Supply &amp; Delivery Of Blood Test Kit - GMSi-Diego Garcia,Supply &amp; Delivery Of Blood Test Kit - GMSi-Diego Garcia,Misc.,Various,625,USD, ,Waiting
745,RFQ-7208-M4101,MVL USA JV LLC,12 May 2025,RFQ,Harrington I.P.,"ORD-7208 BIOT-121.76 N4008424F4725 REPAIRS TO CHRIMP FACILITY 724 (QS60400) &amp; FACILITY 725 (QS6041), NSFDG (X029)",PVC Pipes And Fittings,Mechanical Items,Mechanical,787.2,USD,Lince M.,Order
746,RFQ-6705-E6811,"MVL USA, INC",12 May 2025,RFQ,Tic L.E.,"RMI-125 W9128A23C0010 FY23 MCA PN 080242 Medical Clinic, U.S. Army Garrison, Kwajalein Atoll, Republic Of The Marshall Islands (RMI)",LSA-Electrical Additional Items-Medical Clinic,Electrical,Electrical,50693.25,USD,Shah F.,Order
747,RFQ-5532-V40065,MVL USA JV LLC,12 May 2025,RFQ,Leeds S.C.,BIOT-121 N4008421D0082/N4008421R0079 AEC DB DBB MACC,SS Drains,Building Materials,Various,485,USD,Rahul N.,Order
748,RFQ-6705-V40078,"MVL USA, INC",12 May 2025,RFQ,Kelly &.H.,"RMI-125 W9128A23C0010 FY23 MCA PN 080242 Medical Clinic, U.S. Army Garrison, Kwajalein Atoll, Republic Of The Marshall Islands (RMI)",NEMA 4X Junction Box And Warning Tape,Building Materials,Various,2146.25,USD,Vinith B.,Order
749,RFQ-7208-V40007,MACRO,12 May 2025,RFQ,Matco I.L.,"BIOT-121.76 N4008424F4725 REPAIRS TO CHRIMP FACILITY 724 (QS6040) &amp; FACILITY 725 (QS6041) ,NSFDG (X029)",Conduit Supports (fort Electrical),Building Materials,Various,67842.6,AED,Rahul N.,Order
750,RFQ-7073-V40005,MVL USA JV LLC,12 May 2025,RFQ,Skyhigh L.&.,ORD- 7073 BIOT-121.68 N4008424F4583 QC3078 Repairs To Concrete Water Tanks (X026),Guardrail System,Building Materials,Various,21065,USD,Lince M.,Order
751,RFQ-6705-E6808B,"MVL USA, INC",12 May 2025,RFQ,Tic L.E.,"RMI-125 W9128A23C0010 FY23 MCA PN 080242 Medical Clinic, U.S. Army Garrison, Kwajalein Atoll, Republic Of The Marshall Islands (RMI)","Kwaj EMT Conduits &amp; Fittings, Wires, Tools Etc. - COSA",Electrical,Electrical,63913.04,USD,Shah F.,Order
752,RFQ-6705-V40077,"MVL USA, INC",09 May 2025,RFQ,Holbrook P.S.,"RMI-125 W9128A23C0010 FY23 MCA PN 080242 Medical Clinic, U.S. Army Garrison, Kwajalein Atoll, Republic Of The Marshall Islands (RMI)",SDR -35 PVC Pipes And Fittings For Sanitary Sewer,Building Materials,Various,2657.49,USD,Vinith B.,Waiting
753,RFQ-6841-V40017,MACRO,09 May 2025,RFQ,Al B.A.,"BIOT-121.54 N4008424F4212 QS6063 - REPLACE AC UNIT, UPH-23, F-171, WO#1575078",Conduit &amp; Coupler,Building Materials,Various,23846.08,AED,Rahul N.,Order
754,RFQ-6705-V40076,"MVL USA, INC",09 May 2025,RFQ,Holbrook P.S.,"RMI-125 W9128A23C0010 FY23 MCA PN 080242 Medical Clinic, U.S. Army Garrison, Kwajalein Atoll, Republic Of The Marshall Islands (RMI)",Corrugated HDPE Pipes And Fittings For Storm Water Utility,Building Materials,Various,20770.54,USD,Vinith B.,Order
755,RFQ-7044-V40001,MVL USA JV LLC,09 May 2025,RFQ,Kelly &.H.,"BIOT-121.64 N4008424F4506 QP9003-REPLACE FIRE ALARM SYSTEM, FACILITY 960 (X020)",Electrical Materials,Building Materials,Various,1226.82,USD,Rahul N.,Order
756,RFQ-6542-V40035,"MVL USA, INC",09 May 2025,RFQ,Integrated C.S.,"JPN-124 FA890323C0031 Renovate Bldgs 111, 116 And 119 At Okinawa, Japan.",Greenheck Digital Wall Timer Switch.,Building Materials,Various,345,USD,Shinso M.,Order
757,Q-1005-L4180,MACRO,09 May 2025,IQ,Us E.A.,PR15305956-Supply &amp; Delivery Of SUV-US Embassy-Abu Dhabi,PR15305956-Supply &amp; Delivery Of SUV-US Embassy-Abu Dhabi,Transportation,Logistics,310605.75,AED, ,Waiting
758,RFQ-6746-V40025,MVL USA JV LLC,08 May 2025,RFQ,Puget S.P.,"BIOT-121.55 N4008424F4084 X019 QN7003 - REPAIRS TO BASE POOL, F-105, WON1587110",Plumbing Fittings,Building Materials,Various,576.99,USD,Rahul N.,Order
759,RFQ-7139-V40017,"MVL USA, INC",08 May 2025,RFQ,Dateline E.I.,"ORD-7139 RMI-127 W9128A24C0012 Air Traffic Control Tower &amp; Terminal, Kwajalein Island, U.S. Army Garrison - Kwajalein Atoll (USAG-KA), Republic Of The Marshall Islands",Traffic Signages,Building Materials,Various,5987.65,USD,Vinith B.,Order
760,RFQ-6705-V40075,"MVL USA, INC",08 May 2025,RFQ,Smithbridge G.,"RMI-125 W9128A23C0010 FY23 MCA PN 080242 Medical Clinic, U.S. Army Garrison, Kwajalein Atoll, Republic Of The Marshall Islands (RMI)","Aggregates, Cement, Admixtures",Building Materials,Various,375468.12,USD,Vinith B.,Order
761,RFQ-6746-V40024,MVL USA JV LLC,08 May 2025,RFQ,Leeds S.C.,"BIOT-121.55 N4008424F4084 X019 QN7003 - REPAIRS TO BASE POOL, F-105, WON1587110",Backer Rods,Building Materials,Various,505,USD,Rahul N.,Order
762,RFQ-7139-M4004,"MVL USA, INC",08 May 2025,RFQ,Bigfoot C.C.,"RMI-127 W9128A24C0012 Air Traffic Control Tower &amp; Terminal, Kwajalein Island, U.S. Army Garrison - Kwajalein Atoll (USAG-KA), Republic Of The Marshall Islands",ATCT -Concrete Buckets For Crane,Machine / Equipments,Mechanical,15820.02,USD,Shah F.,Order
763,RFQ-6746-V40023,MVL USA JV LLC,07 May 2025,RFQ,White C.S.,"BIOT-121.55 N4008424F4084 X019 QN7003 - REPAIRS TO BASE POOL, F-105, WON1587110, DG",Joint Sealants And Primer,Building Materials,Various,3479.49,USD,Rahul N.,Order
764,RFQ-6705-V40066A,"MVL USA, INC",07 May 2025,RFQ,Angelus B.C.,"RMI-125 W9128A23C0010 FY23 MCA PN 080242 Medical Clinic, U.S. Army Garrison, Kwajalein Atoll, Republic Of The Marshall Islands (RMI)","LSA - CMU Blocks, Mortar &amp; Admixture For Mortar",Building Materials,Various,130617,USD,Shah F.,Order
765,Q-1005-M4085,MACRO,07 May 2025,IQ,Unicef ,LITB-2025-9196981-Supply &amp; Delivery Of Megaphone-Sierra Leone-UNICEF,LITB-2025-9196981-Supply &amp; Delivery Of Megaphone-Sierra Leone-UNICEF,Machine / Equipments,Mechanical,63000,USD,Shinso M.,Waiting
766,RFQ-6705-V40074A,"MVL USA, INC",07 May 2025,RFQ,Home D.U.,"RMI-125 W9128A23C0010 FY23 MCA PN 080242 Medical Clinic, U.S. Army Garrison, Kwajalein Atoll, Republic Of The Marshall Islands (RMI)",COSA-Concrete Lab Materials,Building Materials,Various,25042.76,USD,Shah F.,Order
767,RFQ-7139-V40016,"MVL USA, INC",06 May 2025,RFQ,Nucor R.F.,"ORD-7139 RMI-127 W9128A24C0012 Air Traffic Control Tower &amp; Terminal, Kwajalein Island, U.S. Army Garrison - Kwajalein Atoll (USAG-KA), Republic Of The Marshall Islands",PO For Shop Drawing (Detailing) For ATCT,Building Materials,Various,30935,USD,Vinith B.,Order
768,RFQ-6705-V40074,"MVL USA, INC",06 May 2025,RFQ,Home D.U.,"RMI-125 W9128A23C0010 FY23 MCA PN 080242 Medical Clinic, U.S. Army Garrison, Kwajalein Atoll, Republic Of The Marshall Islands (RMI)",COSA-Concrete Lab Materials,Building Materials,Various,25042.76,USD,Shah F.,Order
769,RFQ-6705-V40073,"MVL USA, INC",06 May 2025,RFQ,Home D.U.,"RMI-125 W9128A23C0010 FY23 MCA PN 080242 Medical Clinic, U.S. Army Garrison, Kwajalein Atoll, Republic Of The Marshall Islands (RMI)",COSA Electrical PVC Mouldings,Building Materials,Various,2344.44,USD,Shah F.,Order
770,RFQ-6705-E6810,"MVL USA, INC",06 May 2025,RFQ,Tic L.E.,"RMI-125 W9128A23C0010 FY23 MCA PN 080242 Medical Clinic, U.S. Army Garrison, Kwajalein Atoll, Republic Of The Marshall Islands (RMI)","PVC Schd. 80 , Fittings, Consumables &amp; Tools",Electrical,Electrical,15187.46,USD,Shah F.,Order
771,RFQ-7039-E6802A,MVL USA JV LLC,05 May 2025,RFQ,Oman C.I.,"ORD-7039 BIOT-121.60 N4008424F4507 EProject 1693634 REPAIR SPP F1SA AND F2S OVERHEAD FEEDERS, RM20-1216",MV Cables,Electrical,Electrical,1963585.75,USD,Lince M.,Order
772,RFQ-7027-V40008,MACRO,05 May 2025,RFQ,Isam K.T.,"BIOT-121.63 N4008424F4424 QC3010 REPLACE HVAC SYSTEM, F-161 (NGIS 19) - X021",Hangers &amp; Supports (for Electrical),Building Materials,Various,48770.7,AED,Rahul N.,Order
773,RFQ-6705-E6808A,"MVL USA, INC",05 May 2025,RFQ,Tic L.E.,"RMI-125 W9128A23C0010 FY23 MCA PN 080242 Medical Clinic, U.S. Army Garrison, Kwajalein Atoll, Republic Of The Marshall Islands (RMI)","Kwaj EMT Conduits &amp; Fittings, Wires, Tools Etc. - COSA",Electrical,Electrical,70464.14,USD,Shah F.,Order
774,RFQ-7212-V40001,"MVL USA, INC",05 May 2025,RFQ,Integrated C.S.,"JPN-143 W912HV24C0010 FY23 OMA, Convert Vehicle Storage Warehouse, B122-S1",Exhaust Fans,Building Materials,Various,20761.48,USD,Rahul N.,Order
775,RFQ-7139-V40015,"MVL USA, INC",05 May 2025,RFQ,Tsang B.C.,"RMI-127 W9128A24C0012 Air Traffic Control Tower &amp; Terminal, Kwajalein Island, U.S. Army Garrison - Kwajalein Atoll (USAG-KA), Republic Of The Marshall Islands",ATCT-Steel Plates,Building Materials,Various,5290,USD,Shah F.,Order
776,RFQ-6705-V40072,"MVL USA, INC",05 May 2025,RFQ,Monje ,"RMI-125 W9128A23C0010 FY23 MCA PN 080242 Medical Clinic, U.S. Army Garrison, Kwajalein Atoll, Republic Of The Marshall Islands (RMI)",ELEC PULLING TOOLS,Building Materials,Various,8457.38,USD,Shah F.,Order
777,RFQ-6705-E6809,"MVL USA, INC",02 May 2025,RFQ,Tic L.E.,"RMI-125 W9128A23C0010 FY23 MCA PN 080242 Medical Clinic, U.S. Army Garrison, Kwajalein Atoll, Republic Of The Marshall Islands (RMI)",3M Fire Proofing Tape,Electrical,Electrical,10084.1,USD, ,Order
778,RFQ-7039-V40009,MVL USA JV LLC,02 May 2025,RFQ,Kelly &.H.,"BIOT-121.60 N4008424F4507 EProject 1693634 REPAIR SPP F1SA AND F2S OVERHEAD FEEDERS, RM20-1216 (X025)",Fire Extinguishers,Building Materials,Various,1500.7,USD,Rahul N.,Order
779,RFQ-7098-E6801,MVL USA JV LLC,02 May 2025,RFQ,Wesco D.I.,"ORD-7098 BIOT-121.69 N4008424F4613_eProject 1735497 QC2090- REPAIR TAXIWAY SIGNS, F-200044",Conduits And Grounding,Electrical,Electrical,12291.36,USD,Lince M.,Order
780,RFQ-7073-V40004,MVL USA JV LLC,01 May 2025,RFQ,Filpro S.P.,ORD- 7073 BIOT-121.68 N4008424F4583 QC3078 Repairs To Concrete Water Tanks (X026),Level Sight Indicator,Building Materials,Various,3159,USD,Lince M.,Order
781,RFQ-1005-S9107,MACRO,01 May 2025,RFQ,Tuv S.M.,MVL Trading,Third Party Inspection Of Epoxy Rebar,Services,Services,147,USD,Rahul N.,Order
782,RFQ-7039-S9100,MACRO,01 May 2025,RFQ,Tuv S.M.,"BIOT-121.60 N4008424F4507 EProject 1693634 REPAIR SPP F1SA AND F2S OVERHEAD FEEDERS, RM20-1216",Third Party Inspection Of Galvanized Rebar,Services,Services,147,USD,Rahul N.,Order
783,RFQ-1569-O93,MACRO,01 May 2025,RFQ,Kyoto T.,MVL Group Office Related POs,Supply And Installation Of IT Equipment's And Office Electricals,Computer Peripherals,Office Assets,63000,AED,Marman I.,Order
784,RFQ-6746-E6801,MVL USA JV LLC,01 May 2025,RFQ,Benfield E.I.,"BIOT-121.55 N4008424F4084 X019 QN7003 - REPAIRS TO BASE POOL, F-105, WON1587110, DG",LB Fitting,Electrical,Electrical,507.8,USD,Rahul N.,Order
785,RFQ-6705-E6808,"MVL USA, INC",01 May 2025,RFQ,Tic L.E.,"RMI-125 W9128A23C0010 FY23 MCA PN 080242 Medical Clinic, U.S. Army Garrison, Kwajalein Atoll, Republic Of The Marshall Islands (RMI)","Kwaj EMT Conduits &amp; Fittings, Wires, Tools Etc. - COSA",Electrical,Electrical,70464.14,USD,Shah F.,Order
786,RFQ-5532-V40064,MACRO,01 May 2025,RFQ,Extol I.F.,BIOT-121 N4008421D0082/N4008421R0079 AEC DB DBB MACC,BUSHING ITCC RB1075,Building Materials,Various,222,AED,Marman I.,Order
787,RFQ-7098-E6800,MVL USA JV LLC,01 May 2025,RFQ,Oman C.I.,"ORD-7098 BIOT-121.69 N4008424F4613_eProject 1735497 QC2090- REPAIR TAXIWAY SIGNS, F-200044",Cables,Electrical,Electrical,6120.72,USD,Lince M.,Order
788,RFQ-1569-O92,MACRO,01 May 2025,RFQ,Rivyv T.,MVL Group Office Related POs,25 Units Of Acronis Cyber Protect Cloud - 2025 And 25 Units Adv Backup Microsoft 365 Backup - WL - Microsoft 365 Seat,Computer Peripherals,Office Assets,1518.56,USD,Marman I.,Waiting
789,RFQ-7039-E6803,MACRO,30 Apr 2025,RFQ,Eaton F.,"BIOT-121.60 N4008424F4507 EProject 1693634 REPAIR SPP F1SA AND F2S OVERHEAD FEEDERS, RM20-1216",Pad Mounted Switchgear,Electrical,Electrical,2995518,AED,Rahul N.,Order
790,RFQ-5532-M4032,MVL USA JV LLC,29 Apr 2025,RFQ,Evangel I.M.,BIOT-121 N4008421D0082/N4008421R0079 AEC DB DBB MACC,Leg Cylinder Seal. PART # 860568548 For XCMG Truck Mounted Crane,Machine / Equipments,Mechanical,325,USD,Marman I.,Order
791,RFQ-7139-V40014,"MVL USA, INC",29 Apr 2025,RFQ,Tools P.,"RMI-127 W9128A24C0012 Air Traffic Control Tower &amp; Terminal, Kwajalein Island, U.S. Army Garrison - Kwajalein Atoll (USAG-KA), Republic Of The Marshall Islands",Hilti Tools &amp; Accessories,Building Materials,Various,12264.88,USD,Shah F.,Order
792,RFQ-6705-V40071,"MVL USA, INC",29 Apr 2025,RFQ,Rapid S.(.,"RMI-125 W9128A23C0010 FY23 MCA PN 080242 Medical Clinic, U.S. Army Garrison, Kwajalein Atoll, Republic Of The Marshall Islands (RMI)",Scaffolding,Building Materials,Various,22637.69,USD,Shah F.,Order
793,RFQ-7208-V40006,MVL USA JV LLC,28 Apr 2025,RFQ,Dateline E.I.,"ORD-7208 BIOT-121.76 N4008424F4725 REPAIRS TO CHRIMP FACILITY 724 (QS60400) &amp; FACILITY 725 (QS6041), NSFDG",Wire Mesh,Building Materials,Various,565.1,USD,Lince M.,Order
794,RFQ-7044-V40000,MVL USA JV LLC,28 Apr 2025,RFQ,Kelly &.H.,"BIOT-121.64 N4008424F4506 QP9003-REPLACE FIRE ALARM SYSTEM, FACILITY 960",Hangers And Support,Building Materials,Various,1668.68,USD,Rahul N.,Order
795,RFQ-6705-M4017,"MVL USA, INC",28 Apr 2025,RFQ,Zhengzhou H.M.,"RMI-125 W9128A23C0010 FY23 MCA PN 080242 Medical Clinic, U.S. Army Garrison, Kwajalein Atoll, Republic Of The Marshall Islands (RMI)",Concrete-Grout Pump,Machine / Equipments,Mechanical,13238,USD,Shah F.,Order
796,RFQ-6952-V40020,MACRO,28 Apr 2025,RFQ,Extol I.F.,"ORD-6952 BIOT-121.62 N4008424F4368 QC3005-PROVIDE SUPPORT TO NMCB TO CONSTRUCT NEW CONCRETE PAD, NEW TFS F-980A, DG",Hangers And Supports,Building Materials,Various,14672,AED,Lince M.,Order
797,RFQ-7208-V40005,MACRO,28 Apr 2025,RFQ,Crossweld M.T.,"ORD-7208 BIOT-121.76 N4008424F4725 REPAIRS TO CHRIMP FACILITY 724 (QS60400) &amp; FACILITY 725 (QS6041), NSFDG",Welded Mesh,Building Materials,Various,1908.9,AED,Lince M.,Order
798,RFQ-1569-V4269,MACRO,28 Apr 2025,RFQ,Blue C.F.,MVL Group Office Related POs,SUPPLY AND INSTALLATION 1804-1805 LOUNGE AREA,Building Materials,Various,25976.96,AED,Marman I.,Order
799,RFQ-1569-V4268,MACRO,28 Apr 2025,RFQ,Blue C.F.,MVL Group Office Related POs,SUPPLY AND INSTALLATION OF OFFICE FURNITURES 1804 1805 And 1807,Building Materials,Various,134400,AED,Marman I.,Order
800,RFQ-1005-V4490,MACRO,25 Apr 2025,RFQ,Foshan S.M.,MVL - Nigeria,Containers,Misc.,Various,67450,USD,Rahul N.,Order
801,RFQ-6841-V40016,MACRO,25 Apr 2025,RFQ,Matco I.L.,"BIOT-121.54 N4008424F4212 QS6063 - REPLACE AC UNIT, UPH-23, F-171, WO#1575078",Conduit Supports (for Electrical),Building Materials,Various,22344,AED,Rahul N.,Order
802,RFQ-7073-V40003,MVL USA JV LLC,25 Apr 2025,RFQ,Scott &.F.,ORD- 7073 BIOT-121.68 N4008424F4583 QC3078 Repairs To Concrete Water Tanks (X026),Screen Mesh,Building Materials,Various,266,USD,Lince M.,Order
803,RFQ-1569-O91,MACRO,25 Apr 2025,RFQ,Raqmiyat L.,MVL Group Office Related POs,NISTCMMC Project Implementation - 2025 -ZIA Transformation Edition ZPA Essentials Edition Both With Premium Support 45 Licenses,Computer Peripherals,Office Assets,31856.72,USD,Marman I.,Order
804,RFQ-5503-A5202,MVL Greece,24 Apr 2025,RFQ,Salzer G.,ORD-5503 GRE-121 N6247022C0002 Communication Center - Souda Bay,FREE ISSUED -  ALUMINIUM WINDOWS W2 - AS PER APPROVED DOCUMENTS,Doors,Architectural,20896,EURO,Marman I.,Order
805,RFQ-5829-E6818,MACRO,24 Apr 2025,RFQ,Dubai C.C.,"ORD-5829 UAE-123R W912ER22C0026 P-960 Triton Operational Facility, United Arab Emirates",Procurement Support - LV Cables,Electrical,Electrical,4035265.25,AED,Lince M.,Order
806,RFQ-6705-V40070,"MVL USA, INC",24 Apr 2025,RFQ,Lowes ,"RMI-125 W9128A23C0010 FY23 MCA PN 080242 Medical Clinic, U.S. Army Garrison, Kwajalein Atoll, Republic Of The Marshall Islands (RMI)",Quickrete- Cement &amp; Sand,Building Materials,Various,2538.99,USD,Shah F.,Order
807,RFQ-6705-V40069,"MVL USA, INC",24 Apr 2025,RFQ,Ultimate F.I.,"RMI-125 W9128A23C0010 FY23 MCA PN 080242 Medical Clinic, U.S. Army Garrison, Kwajalein Atoll, Republic Of The Marshall Islands (RMI)",Kwajalein Medical Clinic - Chain Link Fence,Building Materials,Various,12743.64,USD,Shah F.,Order
808,RFQ-7208-V40004,MVL USA JV LLC,23 Apr 2025,RFQ,Leeds S.C.,"ORD-7208 BIOT-121.76 N4008424F4725 REPAIRS TO CHRIMP FACILITY 724 (QS60400) &amp; FACILITY 725 (QS6041), NSFDG","Quicseal,stocryl",Building Materials,Various,1911,USD,Lince M.,Order
809,RFQ-5532-V40063,MACRO,23 Apr 2025,RFQ,Extol I.F.,BIOT-121 N4008421D0082/N4008421R0079 AEC DB DBB MACC,Bushing ITCC RBI075 And Plug For Exhaust Fan  3-Pin 15A 125V Plug,Building Materials,Various,2647,AED,Marman I.,Order
810,RFQ-6168-A5204,MVL USA JV LLC,22 Apr 2025,RFQ,Lakshmi M.T.,"BIOT-121.37 N4008423F4277 REPAIRS TO ORDNANCE OPERATIONS, F-541",Master Key System (for 1nos Door),Doors,Architectural,11820,USD,Rahul N.,Waiting
811,RFQ-6705-V40068,"MVL USA, INC",22 Apr 2025,RFQ,Tsang B.C.,"RMI-125 W9128A23C0010 FY23 MCA PN 080242 Medical Clinic, U.S. Army Garrison, Kwajalein Atoll, Republic Of The Marshall Islands (RMI)",LSA-Misc Pipe Utilities,Building Materials,Various,19578.78,USD,Shah F.,Order
812,RFQ-6705-V40067,"MVL USA, INC",22 Apr 2025,RFQ,Home D.U.,"RMI-125 W9128A23C0010 FY23 MCA PN 080242 Medical Clinic, U.S. Army Garrison, Kwajalein Atoll, Republic Of The Marshall Islands (RMI)",LSA - Misc Tools For LSA Installation,Building Materials,Various,663.5,USD,Shah F.,Order
813,RFQ-1569-V4424,MACRO,22 Apr 2025,RFQ,Office M.D.,MVL Group Office Related POs,OFFICE FURNITURES 1804 1805 And 1807,Misc.,Various,198241.53,AED,Marman I.,Cancled
814,RFQ-1569-14086,MACRO,22 Apr 2025,RFQ,Getmax ,MVL Group Office Related POs,Supply And Installation Of IT Equipment's And Office Electricals,Fit Out Project,Architectural,60523.22,AED,Marman I.,Cancled
815,RFQ-5581-A5201,MVL USA JV LLC,21 Apr 2025,RFQ,Lakshmi M.T.,"BIOT-121.02 N4008421R0001-X004, EProject 1701534 REPLACE FSS FIRE PROTECTION FOAM SYSTEM FROM F-410 TO TANK 1-11",Annealed Glass,Doors,Architectural,2300,AED,Rahul N.,Order
816,RFQ-6718-V40025,MVL USA JV LLC,21 Apr 2025,RFQ,Hilong P.P.,"BIOT-121.48 N4008424F4064 EPROJECT 1718005 QC2011 REPLACE ADRF PUMPS 7, 8, AND 9, F-409",Internal Coating Of CS Pipes &amp; Fittings,Building Materials,Various,1802,USD,Rahul N.,Order
817,RFQ-6718-V40024,MACRO,21 Apr 2025,RFQ,Technopro M.E.,"BIOT-121.48 N4008424F4064 EPROJECT 1718005 QC2011 REPLACE ADRF PUMPS 7, 8, AND 9, F-409",CS Pipes &amp; Fittings,Building Materials,Various,5064.63,AED,Rahul N.,Order
818,RFQ-6718-V40023,MACRO,21 Apr 2025,RFQ,Smith I.G.,"BIOT-121.48 N4008424F4064 EPROJECT 1718005 QC2011 REPLACE ADRF PUMPS 7, 8, AND 9, F-409",Gaskets,Building Materials,Various,5850,AED,Rahul N.,Order
819,RFQ-6718-V40022,MVL USA JV LLC,21 Apr 2025,RFQ,App M.,"BIOT-121.48 N4008424F4064 EPROJECT 1718005 QC2011 REPLACE ADRF PUMPS 7, 8, AND 9, F-409",Spectacle Blinds,Building Materials,Various,4044.03,USD,Rahul N.,Order
820,RFQ-6841-E6802,MVL USA JV LLC,21 Apr 2025,RFQ,Wesco D.I.,"BIOT-121.54 N4008424F4212 QS6063 - REPLACE AC UNIT, UPH-23, F-171, WO#1575078",Connector,Electrical,Electrical,906.75,USD,Rahul N.,Order
821,RFQ-6841-V40015,MVL USA JV LLC,21 Apr 2025,RFQ,Al B.A.,"BIOT-121.54 N4008424F4212 QS6063 - REPLACE AC UNIT, UPH-23, F-171, WO#1575078",Conduit &amp; Coupler,Building Materials,Various,23846.08,AED,Rahul N.,Order
822,RFQ-6718-V40021,MACRO,21 Apr 2025,RFQ,Fastener P.L.,"BIOT-121.48 N4008424F4064 EPROJECT 1718005 QC2011 REPLACE ADRF PUMPS 7, 8, AND 9, F-409","SS Nut, Washer &amp; Sheet",Building Materials,Various,11662,AED,Rahul N.,Order
823,RFQ-6841-V40014,MVL USA JV LLC,21 Apr 2025,RFQ,Matco I.L.,"BIOT-121.54 N4008424F4212 QS6063 - REPLACE AC UNIT, UPH-23, F-171, WO#1575078",Conduit Supports (for Electrical),Building Materials,Various,21280,AED,Rahul N.,Order
824,RFQ-1569-O90,MACRO,21 Apr 2025,RFQ,Rivyv T.,MVL Group Office Related POs,RiB Candy ITWO Annual Subscription - Lebanon Office,Computer Peripherals,Office Assets,2270,USD,Marman I.,Order
825,RFQ-6705-E6807,"MVL USA, INC",21 Apr 2025,RFQ,Al G.S.,"RMI-125 W9128A23C0010 FY23 MCA PN 080242 Medical Clinic, U.S. Army Garrison, Kwajalein Atoll, Republic Of The Marshall Islands (RMI)",COSA -PANEL BOARDS,Electrical,Electrical,43285.94,AED,Shah F.,Order
826,RFQ-6705-V40066,"MVL USA, INC",21 Apr 2025,RFQ,Angelus B.C.,"RMI-125 W9128A23C0010 FY23 MCA PN 080242 Medical Clinic, U.S. Army Garrison, Kwajalein Atoll, Republic Of The Marshall Islands (RMI)","LSA - CMU Blocks, Mortar &amp; Admixture For Mortar",Building Materials,Various,120136.23,USD,Shah F.,Order
827,RFQ-1569-O89,MACRO,21 Apr 2025,RFQ,Rivyv T.,MVL Group Office Related POs,Acronis Cyber Protect Cloud - 2025,Computer Peripherals,Office Assets,6462.5,USD,Marman I.,Order
828,RFQ-1569-O88,MACRO,21 Apr 2025,RFQ,Rivyv T.,MVL Group Office Related POs,Adv Backup Microsoft 365 Backup - 2025,Computer Peripherals,Office Assets,8800,USD,Marman I.,Order
829,RFQ-1569-14069,MACRO,21 Apr 2025,RFQ,Keen E.T.,MVL Group Office Related POs,"FITOUT -  MVL OFFICE 1804, 1805, AND 1807",Fit Out Project,Architectural,113100.75,AED,Marman I.,Order
830,RFQ-6705-V40065,"MVL USA, INC",21 Apr 2025,RFQ,Dateline E.I.,"ORD-6705 RMI-125 W9128A23C0010 FY23 MCA PN 080242 Medical Clinic, U.S. Army Garrison, Kwajalein Atoll, Republic Of The Marshall Islands (RMI)",COSA And LSA Flooring Ideas,Building Materials,Various,52203.46,USD,Shah F.,Order
831,RFQ-5695-E6802,MACRO,18 Apr 2025,RFQ,Max T.E.,"BIOT-121.16 N4008422F4476 QC1018 REPAIR BOLLARDS, POL PIER",Rebar Couplers (Additional Qty),Electrical,Electrical,155700,AED,Rahul N.,Order
832,RFQ-5657-E6803,MACRO,18 Apr 2025,RFQ,Max T.E.,,Rebar Couplers (Additional Qty),Electrical,Electrical,155700,AED,Rahul N.,Cancled
833,RFQ-6705-V40064,"MVL USA, INC",16 Apr 2025,RFQ,Nucor R.F.,"RMI-125 W9128A23C0010 FY23 MCA PN 080242 Medical Clinic, U.S. Army Garrison, Kwajalein Atoll, Republic Of The Marshall Islands (RMI)",Concrete Deformed Reinforcing (Epoxy Coated) Steel For Foundation/Manhole,Building Materials,Various,34864.33,USD,Shah F.,Order
834,RFQ-6718-V40020,MVL USA JV LLC,16 Apr 2025,RFQ,Smith I.G.,"BIOT-121.48 N4008424F4064 EPROJECT 1718005 QC2011 REPLACE ADRF PUMPS 7, 8, AND 9, F-409",Gaskets [Additional Materials For Sequencing &amp; Testing],Building Materials,Various,5850,AED,Rahul N.,Order
835,RFQ-5829-V40030,MACRO,16 Apr 2025,RFQ,Baniyas C.P.,"ORD-5829 UAE-123R W912ER22C0026 P-960 Triton Operational Facility, United Arab Emirates",Candor Procurement Support - PRECAST MANHOLE AS PER APPROVED QUOTATION CM/Q/021/0425/bp,Building Materials,Various,124845,AED,Marman I.,Order
836,RFQ-6705-V40063,"MVL USA, INC",16 Apr 2025,RFQ,Home D.U.,"RMI-125 W9128A23C0010 FY23 MCA PN 080242 Medical Clinic, U.S. Army Garrison, Kwajalein Atoll, Republic Of The Marshall Islands (RMI)",Misc Items For LSA Medical,Building Materials,Various,8389.12,USD,Shah F.,Order
837,RFQ-7139-O1,MACRO,16 Apr 2025,RFQ,Visual P.S.,"ORD-7139 RMI-127 W9128A24C0012 Air Traffic Control Tower &amp; Terminal, Kwajalein Island, U.S. Army Garrison - Kwajalein Atoll (USAG-KA), Republic Of The Marshall Islands",BLUEBEAM CORE ANNUAL SUBSCRIPTION -  Romualdo Sanchez,Computer Peripherals,Office Assets,1023.75,AED,Marman I.,Order
838,RFQ-7208-V40003,MVL USA JV LLC,16 Apr 2025,RFQ,White C.S.,"ORD-7208 BIOT-121.76 N4008424F4725 REPAIRS TO CHRIMP FACILITY 724 (QS60400) &amp; FACILITY 725 (QS6041), NSFDG","Civil Materials X026,X027,X029",Building Materials,Various,13309.45,USD,Lince M.,Order
839,RFQ-7139-V4202,"MVL USA, INC",16 Apr 2025,RFQ,Treysan P.S.,"ORD-7139 RMI-127 W9128A24C0012 Air Traffic Control Tower &amp; Terminal, Kwajalein Island, U.S. Army Garrison - Kwajalein Atoll (USAG-KA), Republic Of The Marshall Islands","ATCT - ACCOMODATION UNITS, WC-SHOWER CONTAINER, AND LAUNDRY CONTAINER",Containers,Various,672285,USD,Marman I.,Order
840,Q-1005-V4489,MV LLC,15 Apr 2025,IQ,Us E.T.,PR15253887-Supply &amp; Delivery Of Plastic Pallets-US Embassy-Dar Es Salaam,PR15253887-Supply &amp; Delivery Of Plastic Pallets-US Embassy-Dar Es Salaam,Misc.,Various,13600,USD, ,Waiting
841,Q-1005-V4488,MACRO,15 Apr 2025,IQ,Unicef ,LITB-9196772-Supply &amp; Delivery Of Tablet With Covers-UNICEF Zambia,LITB-9196772-Supply &amp; Delivery Of Tablet With Covers-UNICEF Zambia,Misc.,Various,72900,USD,Shinso M.,Waiting
842,Q-1005-M7106,MV LLC,15 Apr 2025,IQ,U.s. C.G.,PR-15246781-Supply &amp; Delivery Of Air Conditioning Units-US Consulate Chennai,PR-15246781-Supply &amp; Delivery Of Air Conditioning Units-US Consulate Chennai,Mechanical Items,Mechanical,36450,USD,Shinso M.,Waiting
843,Q-1005-L4179,MV LLC,15 Apr 2025,IQ,Us E.G.,PR15208915-Supply &amp; Delivery Of Fuel Distribution Tanker Truck-US Embassy Guniea,PR15208915-Supply &amp; Delivery Of Fuel Distribution Tanker Truck-US Embassy Guniea,Transportation,Logistics,41800,USD,Shinso M.,Waiting
844,Q-1005-S9053,MV LLC,15 Apr 2025,IQ,Ra I.S.,Supply &amp; Delivery Of Epoxy Coated Rebar-RA International-DG,Supply &amp; Delivery Of Epoxy Coated Rebar-RA International-DG,Construction,Services,3600,USD, ,Quotation
845,RFQ-6705-V40062,"MVL USA, INC",14 Apr 2025,RFQ,Tsang B.C.,"RMI-125 W9128A23C0010 FY23 MCA PN 080242 Medical Clinic, U.S. Army Garrison, Kwajalein Atoll, Republic Of The Marshall Islands (RMI)",Metal Roofing &amp; Accessories,Building Materials,Various,29953.5,USD,Shah F.,Order
846,RFQ-7039-V40008,MVL USA JV LLC,14 Apr 2025,RFQ,National P.&.,"BIOT-121.60 N4008424F4507 EProject 1693634 REPAIR SPP F1SA AND F2S OVERHEAD FEEDERS, RM20-1216 (X025)",PVC Pipes &amp; Fittings,Building Materials,Various,939350.31,AED,Rahul N.,Order
847,RFQ-1005-O7,MACRO,14 Apr 2025,RFQ,Peace C.,MVL Trading - 30 Dell Latitude 5420 XCTO Laptops,Supply And Delivery Of 30 Dell Latitude 5420 XCTO Laptops,Computer Peripherals,Office Assets,33600,USD,Shinso M.,Waiting
848,RFQ-6705-V40061,"MVL USA, INC",14 Apr 2025,RFQ,Monje ,"ORD-6705 RMI-125 W9128A23C0010 FY23 MCA PN 080242 Medical Clinic, U.S. Army Garrison, Kwajalein Atoll, Republic Of The Marshall Islands (RMI)",Block Saw &amp; Saw Blade,Building Materials,Various,8048.24,USD,Shah F.,Order
849,RFQ-6705-V40057A,"MVL USA, INC",14 Apr 2025,RFQ,Dateline E.I.,"ORD-6705 RMI-125 W9128A23C0010 FY23 MCA PN 080242 Medical Clinic, U.S. Army Garrison, Kwajalein Atoll, Republic Of The Marshall Islands (RMI)",Supply Of Simpson Hangers,Building Materials,Various,278.07,USD,Shah F.,Order
850,RFQ-6841-V40013,MACRO,11 Apr 2025,RFQ,Metal a.M.,"BIOT-121.54 N4008424F4212 QS6063 - REPLACE AC UNIT, UPH-23, F-171, WO#1575078",Supports For Conduits,Building Materials,Various,20086.5,AED,Rahul N.,Order
851,RFQ-6705-E6806,"MVL USA, INC",10 Apr 2025,RFQ,Wesco D.I.,"RMI-125 W9128A23C0010 FY23 MCA PN 080242 Medical Clinic, U.S. Army Garrison, Kwajalein Atoll, Republic Of The Marshall Islands (RMI)",LSA-Electrical Items-Medical Clinic,Electrical,Electrical,194759.23,USD,Shah F.,Order
852,RFQ-7027-V40007,MACRO,10 Apr 2025,RFQ,Delta D.A.,"BIOT-121.63 N4008424F4424 QC3010 REPLACE HVAC SYSTEM, F-161 (NGIS 19)-X021",Insulated Flexible Duct,Building Materials,Various,4309.2,AED,Rahul N.,Order
853,RFQ-1569-R1507,MACRO,10 Apr 2025,RFQ,New S.O.,MVL Group Office Related POs,SHARP MX-3051 TONERS BLACK AND MAGENTA,Rental,Rental,1207.5,AED,Marman I.,Order
854,RFQ-5581-V40013,MVL USA JV LLC,10 Apr 2025,RFQ,The S.C.,"BIOT-121.02 N4008421R0001-X004, EProject 1701534 REPLACE FSS FIRE PROTECTION FOAM SYSTEM FROM F-410 TO TANK 1-11",Paints - For Repainting Of Pipes,Building Materials,Various,1460.4,USD,Rahul N.,Order
855,RFQ-7139-V40013,"MVL USA, INC",09 Apr 2025,RFQ,Dateline E.I.,"ORD-7139 RMI-127 W9128A24C0012 Air Traffic Control Tower &amp; Terminal, Kwajalein Island, U.S. Army Garrison - Kwajalein Atoll (USAG-KA), Republic Of The Marshall Islands",Formwork Materials,Building Materials,Various,12809.48,USD,Vinith B.,Order
856,RFQ-6542-V40034A,MACRO,09 Apr 2025,RFQ,Bmet B.M.,"JPN-124 FA890323C0031 Renovate Bldgs 111, 116 And 119 At Okinawa, Japan.---$1-5M Renovation Project In Okinawa",Suspensions For Acoustic Ceiling Tiles,Building Materials,Various,3683.94,AED,Rahul N.,Order
857,RFQ-6542-V40034,MACRO,09 Apr 2025,RFQ,Bmet B.M.,"JPN-124 FA890323C0031 Renovate Bldgs 111, 116 And 119 At Okinawa, Japan.---$1-5M Renovation Project In Okinawa",Suspensions For Acoustic Ceiling Tiles,Building Materials,Various,3683.94,AED,Rahul N.,Order
858,RFQ-6542-V40033,MACRO,09 Apr 2025,RFQ,National F.F.,"JPN-124 FA890323C0031 Renovate Bldgs 111, 116 And 119 At Okinawa, Japan.",UL Listed Fire Extinguisher,Building Materials,Various,1980,AED,Shinso M.,Order
859,RFQ-7208-V40002,MACRO,09 Apr 2025,RFQ,Hira I.L.,"ORD-7208 BIOT-121.76 N4008424F4725 REPAIRS TO CHRIMP FACILITY 724 (QS60400) &amp; FACILITY 725 (QS6041), NSFDG",Flexible Duct Connector,Building Materials,Various,477.82,AED,Lince M.,Cancled
860,RFQ-6705-V40059,"MVL USA, INC",09 Apr 2025,RFQ,Sign K.I.,"RMI-125 W9128A23C0010 FY23 MCA PN 080242 Medical Clinic, U.S. Army Garrison, Kwajalein Atoll, Republic Of The Marshall Islands (RMI)",Vinyl And Aluminum Sign Labels,Building Materials,Various,1280,USD,Shah F.,Order
861,RFQ-7139-M4003,"MVL USA, INC",08 Apr 2025,RFQ,Electric C.S.,"RMI-127 W9128A24C0012 Air Traffic Control Tower &amp; Terminal, Kwajalein Island, U.S. Army Garrison - Kwajalein Atoll (USAG-KA), Republic Of The Marshall Islands",New Electric Club Car Transporter 4 Passenger Cart As Per Approved Quotation,Machine / Equipments,Mechanical,41567.65,USD,Marman I.,Order
862,RFQ-7139-M4002,"MVL USA, INC",08 Apr 2025,RFQ,Shandong R.E.,"RMI-127 W9128A24C0012 Air Traffic Control Tower &amp; Terminal, Kwajalein Island, U.S. Army Garrison - Kwajalein Atoll (USAG-KA), Republic Of The Marshall Islands",Customised Trash Compactor Station,Machine / Equipments,Mechanical,19995,USD,Shinso M.,Order
863,RFQ-7139-V40012,"MVL USA, INC",08 Apr 2025,RFQ,White C.S.,"ORD-7139 RMI-127 W9128A24C0012 Air Traffic Control Tower &amp; Terminal, Kwajalein Island, U.S. Army Garrison - Kwajalein Atoll (USAG-KA), Republic Of The Marshall Islands",CONCRETE CURING MATERIAL - CURE AND SEAL SPECHCHEM,Building Materials,Various,1399.98,USD,Vinith B.,Order
864,RFQ-6705-V40058,"MVL USA, INC",08 Apr 2025,RFQ,White C.S.,"RMI-125 W9128A23C0010 FY23 MCA PN 080242 Medical Clinic, U.S. Army Garrison, Kwajalein Atoll, Republic Of The Marshall Islands (RMI)",FORM RELEASE SPECCHEM,Building Materials,Various,584.98,USD,Vinith B.,Order
865,Q-1005-L4178,MV LLC,08 Apr 2025,IQ,Us E.T.,PR15187122-Ashgabat Post Procurement Of SUV-US Embassy Turkmenistan,PR15187122-Ashgabat Post Procurement Of SUV-US Embassy Turkmenistan,Transportation,Logistics,87982,USD,Shinso M.,Waiting
866,RFQ-6952-V40019,MVL USA JV LLC,08 Apr 2025,RFQ,Big T.M.,"BIOT-121.62 N4008424F4368 QC3005 - PROVIDE SUPPORT TO NMCB TO CONSTRUCT NEW CONCRETE PAD, NEW TFS F-980A, DG",Techrep For Installation,Building Materials,Various,30600,USD,Rahul N.,Order
867,RFQ-7039-E6802,MVL USA JV LLC,07 Apr 2025,RFQ,Oman C.I.,"ORD-7039 BIOT-121.60 N4008424F4507 EProject 1693634 REPAIR SPP F1SA AND F2S OVERHEAD FEEDERS, RM20-1216",MV Cables,Electrical,Electrical,2061332.75,USD,Lince M.,Order
868,RFQ-6705-V40056B,"MVL USA, INC",07 Apr 2025,RFQ,Tsang B.C.,"ORD-6705 RMI-125 W9128A23C0010 FY23 MCA PN 080242 Medical Clinic, U.S. Army Garrison, Kwajalein Atoll, Republic Of The Marshall Islands (RMI)",CONSTRUCTION MATERIALS,Building Materials,Various,1460,USD,Shah F.,Order
869,RFQ-6705-V40056A,"MVL USA, INC",07 Apr 2025,RFQ,Dateline E.I.,"ORD-6705 RMI-125 W9128A23C0010 FY23 MCA PN 080242 Medical Clinic, U.S. Army Garrison, Kwajalein Atoll, Republic Of The Marshall Islands (RMI)",SIMPSON HANGERS,Building Materials,Various,4026.67,USD,Shah F.,Cancled
870,RFQ-6705-V40056,"MVL USA, INC",07 Apr 2025,RFQ,Tsang B.C.,"ORD-6705 RMI-125 W9128A23C0010 FY23 MCA PN 080242 Medical Clinic, U.S. Army Garrison, Kwajalein Atoll, Republic Of The Marshall Islands (RMI)",CONSTRUCTION MATERIALS,Building Materials,Various,1460,USD,Shah F.,Order
871,RFQ-7073-V40002,MACRO,07 Apr 2025,RFQ,Rawlplug M.E.,ORD- 7073 BIOT-121.68 N4008424F4583 QC3078 Repairs To Concrete Water Tanks (X026),Threaded Rods,Building Materials,Various,3990,AED,Lince M.,Order
872,RFQ-6952-V40018,MACRO,04 Apr 2025,RFQ,Al S.T.,"BIOT-121.62 N4008424F4368 QC3005 - PROVIDE SUPPORT TO NMCB TO CONSTRUCT NEW CONCRETE PAD, NEW TFS F-980A, DG (X020)",Consumables,Building Materials,Various,8220.87,AED,Rahul N.,Order
873,RFQ-7139-V40010A,"MVL USA, INC",04 Apr 2025,RFQ,Monje ,"ORD-7139 RMI-127 W9128A24C0012 Air Traffic Control Tower &amp; Terminal, Kwajalein Island, U.S. Army Garrison - Kwajalein Atoll (USAG-KA), Republic Of The Marshall Islands",Tripod And Accessories,Building Materials,Various,11065.37,USD,Vinith B.,Order
874,RFQ-6705-V40055,"MVL USA, INC",03 Apr 2025,RFQ,Dateline E.I.,"RMI-125 W9128A23C0010 FY23 MCA PN 080242 Medical Clinic, U.S. Army Garrison, Kwajalein Atoll, Republic Of The Marshall Islands (RMI)",Concrete Saw And Items,Building Materials,Various,5119.25,USD,Vinith B.,Order
875,RFQ-6542-V40032,Yamauchi Gumi,03 Apr 2025,RFQ,Bmet B.M.,"JPN-124 FA890323C0031 Renovate Bldgs 111, 116 And 119 At Okinawa, Japan.---$1-5M Renovation Project In Okinawa",Suspensions For Acoustic Ceiling Tiles,Building Materials,Various,956.01,USD,Rahul N.,Order
876,RFQ-7139-V40011,"MVL USA, INC",03 Apr 2025,RFQ,Dateline E.I.,"ORD-7139 RMI-127 W9128A24C0012 Air Traffic Control Tower &amp; Terminal, Kwajalein Island, U.S. Army Garrison - Kwajalein Atoll (USAG-KA), Republic Of The Marshall Islands",Concrete Tools And Equipments,Building Materials,Various,44732.15,USD,Vinith B.,Order
877,RFQ-7139-V4201,"MVL USA, INC",03 Apr 2025,RFQ,Treysan P.S.,"ORD-7139 RMI-127 W9128A24C0012 Air Traffic Control Tower &amp; Terminal, Kwajalein Island, U.S. Army Garrison - Kwajalein Atoll (USAG-KA), Republic Of The Marshall Islands",SUPPLY OF OFFICE BUILDING CONTAINER AND STORAGE CONTAINER- AS PER APPROVED DOCUMENTS,Containers,Various,154367,USD,Marman I.,Order
878,RFQ-1569-O87,MACRO,03 Apr 2025,RFQ,Visual P.S.,MVL Group Office Related POs,Bluebeam Core - Annual Subscription - Ramjo Ballonado,Computer Peripherals,Office Assets,1023.75,AED,Marman I.,Order
879,RFQ-6705-V40054,"MVL USA, INC",02 Apr 2025,RFQ,White C.S.,"RMI-125 W9128A23C0010 FY23 MCA PN 080242 Medical Clinic, U.S. Army Garrison, Kwajalein Atoll, Republic Of The Marshall Islands (RMI)",CONCRETE CURING MATERIAL -  WB CURE AND SEAL SPECCHEM,Building Materials,Various,3699.96,USD,Vinith B.,Order
880,RFQ-5532-V40062,MACRO,02 Apr 2025,RFQ,Extol I.F.,BIOT-121 N4008421D0082/N4008421R0079 AEC DB DBB MACC,ELECTRICAL MATERIALS - B - MANCAMP 2,Building Materials,Various,50647.95,AED,Marman I.,Order
881,RFQ-5532-E6804,MVL USA JV LLC,02 Apr 2025,RFQ,Al G.S.,BIOT-121 N4008421D0082/N4008421R0079 AEC DB DBB MACC,PANELBOARDS FOR MAN CAMP 2 AS PER APPROVED GA DRAWING,Electrical,Electrical,61902.58,AED,Marman I.,Order
882,RFQ-6542-V40031,MVL USA JV LLC,02 Apr 2025,RFQ,Bmet B.M.,"JPN-124 FA890323C0031 Renovate Bldgs 111, 116 And 119 At Okinawa, Japan.---$1-5M Renovation Project In Okinawa",Suspensions For Acoustic Ceiling Tiles,Building Materials,Various,956.01,USD,Rahul N.,Order
883,RFQ-5532-V40061,MVL USA JV LLC,31 Mar 2025,RFQ,V-trust I.S.,BIOT-121 N4008421D0082/N4008421R0079 AEC DB DBB MACC,Pre-Shipment Inspection - JFV382520 And JFV382611,Building Materials,Various,670,USD,Marman I.,Order
884,RFQ-5829-R1508,MACRO,28 Mar 2025,RFQ,Mena E.A.,"ORD-5829 UAE-123R W912ER22C0026 P-960 Triton Operational Facility, United Arab Emirates","Rental Shuttle Bus With Driver Brand New, Period Of Performance 1 Year 5 Days A Week And 12 Hours Duty/day",Rental,Rental,163800,AED,Marman I.,Order
885,RFQ-1569-O86,MACRO,28 Mar 2025,RFQ,Allcad S.L.,MVL Group Office Related POs,Bluebeam Core - Annual Subscription (Elizarde Serrano),Computer Peripherals,Office Assets,1081.5,AED,Marman I.,Order
886,RFQ-6705-M4103,"MVL USA, INC",27 Mar 2025,RFQ,Jiangsu R.E.,"RMI-125 W9128A23C0010 FY23 MCA PN 080242 Medical Clinic, U.S. Army Garrison, Kwajalein Atoll, Republic Of The Marshall Islands (RMI)",150Kva Dry Type Transformer,Mechanical Items,Mechanical,9600,USD,Vinith B.,Order
887,RFQ-7139-M4101,"MVL USA, INC",27 Mar 2025,RFQ,Jiangsu R.E.,"ORD-7139 RMI-127 W9128A24C0012 Air Traffic Control Tower &amp; Terminal, Kwajalein Island, U.S. Army Garrison - Kwajalein Atoll (USAG-KA), Republic Of The Marshall Islands",750KVA Dry Type Transformer,Mechanical Items,Mechanical,24140,USD,Vinith B.,Order
888,RFQ-6705-E6805,"MVL USA, INC",27 Mar 2025,RFQ,Al G.S.,"RMI-125 W9128A23C0010 FY23 MCA PN 080242 Medical Clinic, U.S. Army Garrison, Kwajalein Atoll, Republic Of The Marshall Islands (RMI)","Panel Board &amp; Distribution Boards, And MDB",Electrical,Electrical,207236.86,AED,Vinith B.,Order
889,RFQ-7039-F7000,MVL USA JV LLC,27 Mar 2025,RFQ,Mvl F.B.,"BIOT-121.62 N4008424F4368 QC3005 - PROVIDE SUPPORT TO NMCB TO CONSTRUCT NEW CONCRETE PAD, NEW TFS F-980A, DG (Task - X020)",Plywood / Shim Supports,Firestop/ DC 315,Fire,21021.01,AED,Rahul N.,Order
890,RFQ-6852-V40024,MVL USA JV LLC,27 Mar 2025,RFQ,Cra T.L.,BIOT-121.35 N4008424F4221 QC8067-Repair To Fuel Piping System. F#408 NSF DG,Fabrication Materials For Level Switch Chamber,Building Materials,Various,2387.06,USD,Rahul N.,Order
891,RFQ-1005-V7227,MVL USA JV LLC,27 Mar 2025,RFQ,Hariom I.&.,MVL Trading -Supply Order For The Epoxy Coated Rebars,Epoxy Coated Rebars,Building Materials,Various,23420,USD,Shinso M.,Order
892,RFQ-5657-V40017,MVL USA JV LLC,27 Mar 2025,RFQ,White C.S.,"BIOT-121.17 N4008422F4422 X017 1638204, QF9006 &amp; REPAIRS TO SEWAGE LIFT STATIONS",Grout &amp; Mortar,Building Materials,Various,724.79,USD,Rahul N.,Order
893,RFQ-6952-V40017,MVL USA JV LLC,27 Mar 2025,RFQ,Big T.M.,"BIOT-121.62 N4008424F4368 QC3005 - PROVIDE SUPPORT TO NMCB TO CONSTRUCT NEW CONCRETE PAD, NEW TFS F-980A, DG (X020)",Technical Representative For TFS Installation,Building Materials,Various,9800,USD,Rahul N.,Waiting
894,RFQ-5532-S9102,MVL USA JV LLC,27 Mar 2025,RFQ,Advanced C.T.,BIOT-121 N4008421D0082/N4008421R0079 AEC DB DBB MACC,ACI CERTIFICATIONS AND TRAINING 1ST VISIT AS PER ATTACHED QUOTATION,Services,Services,9000,USD,Marman I.,Order
895,RFQ-6718-E6805,MVL USA JV LLC,26 Mar 2025,RFQ,Wesco D.I.,"BIOT-121.48 N4008424F4064 EPROJECT 1718005 QC2011 REPLACE ADRF PUMPS 7, 8, AND 9, F-409",Glands,Electrical,Electrical,7514.16,USD,Rahul N.,Order
896,Q-1005-V7226,MV LLC,26 Mar 2025,IQ,Jsk D.S.,F-148-Supply &amp; Delivery Epoxy Coated Rebars-JSK DG,F-148-Supply &amp; Delivery Epoxy Coated Rebars-JSK DG,Building Materials,Various,24605,USD, ,Quotation
897,RFQ-6705-M4016,"MVL USA, INC",26 Mar 2025,RFQ,Vince H.C.,"RMI-125 W9128A23C0010 FY23 MCA PN 080242 Medical Clinic, U.S. Army Garrison, Kwajalein Atoll, Republic Of The Marshall Islands (RMI)",HCA 400 WITH 10 INCH X 33 FEET SCREW FEEDER AUXILIARY SILO FEEDER  SACK CEMENT FEEDER WITH SUPER SACK HOPPER SERVICE ASSIST IN KWAJALEIN ATOLL FOR HCA INSTALLATION (7) SEVEN DAYS - Quote Number: 25022,Machine / Equipments,Mechanical,200539,USD,Marman I.,Order
898,RFQ-6952-V40016,MACRO,25 Mar 2025,RFQ,Arb A.&.,"BIOT-121.62 N4008424F4368 QC3005 - PROVIDE SUPPORT TO NMCB TO CONSTRUCT NEW CONCRETE PAD, NEW TFS F-980A, DG",Aluminium Doors For TFS,Building Materials,Various,14280,AED,Rahul N.,Order
899,RFQ-6952-V40015,MVL USA JV LLC,25 Mar 2025,RFQ,Arb A.&.,,Aluminium Doors For TFS,Building Materials,Various,13600,AED, ,Waiting
900,RFQ-6542-V40030,Yamauchi Gumi,25 Mar 2025,RFQ,Bmet B.M.,"JPN-124 FA890323C0031 Renovate Bldgs 111, 116 And 119 At Okinawa, Japan.---$1-5M Renovation Project In Okinawa",Suspensions For Acoustic Ceiling,Building Materials,Various,20550.87,AED,Rahul N.,Order
901,RFQ-6705-V40053,"MVL USA, INC",25 Mar 2025,RFQ,Smithbridge G.,"RMI-125 W9128A23C0010 FY23 MCA PN 080242 Medical Clinic, U.S. Army Garrison, Kwajalein Atoll, Republic Of The Marshall Islands (RMI)",#67 Rock(Coarse Aggregate ),Building Materials,Various,16490.88,USD,Vinith B.,Order
902,RFQ-6705-V40052,"MVL USA, INC",25 Mar 2025,RFQ,Dateline E.I.,"RMI-125 W9128A23C0010 FY23 MCA PN 080242 Medical Clinic, U.S. Army Garrison, Kwajalein Atoll, Republic Of The Marshall Islands (RMI)",Formwork Ply And Accessories,Building Materials,Various,7328.8,USD,Vinith B.,Order
903,RFQ-7139-V40010,"MVL USA, INC",25 Mar 2025,RFQ,Monje ,"ORD-7139 RMI-127 W9128A24C0012 Air Traffic Control Tower &amp; Terminal, Kwajalein Island, U.S. Army Garrison - Kwajalein Atoll (USAG-KA), Republic Of The Marshall Islands",Tripod And Accessories,Building Materials,Various,10720.96,USD,Vinith B.,Order
904,RFQ-3734-E6803,MACRO,25 Mar 2025,RFQ,Jubaili B.,(QTR 193) - W912ER21C0005 - USACE TRANS REGIONAL LOGISTICS COMPLEX (TRLC),2 Units Of MAINTENANCE FREE BATTERY N100 (100AH As Per Attached Quotation QUO-0029154 /REV: 0,Electrical,Electrical,1160,QAR,Marman I.,Order
905,RFQ-1569-V4423,MACRO,24 Mar 2025,RFQ,Greetly ,MVL Group Office Related POs,GREETLY ESSENTIAL SOFTWARE (2 YEARS) - INVOICE NO. 11872,Misc.,Various,1700,USD,Marman I.,Order
906,RFQ-6952-V40014,MVL USA JV LLC,24 Mar 2025,RFQ,Integrated C.S.,"BIOT-121.62 N4008424F4368 QC3005 - PROVIDE SUPPORT TO NMCB TO CONSTRUCT NEW CONCRETE PAD, NEW TFS F-980A, DG (X020)",Metal Wall Louvers,Building Materials,Various,15047.2,USD,Rahul N.,Order
907,RFQ-6705-M4014,"MVL USA, INC",24 Mar 2025,RFQ,Leica G.I.,"RMI-125 W9128A23C0010 FY23 MCA PN 080242 Medical Clinic, U.S. Army Garrison, Kwajalein Atoll, Republic Of The Marshall Islands (RMI)","DS2000-4, 4 Wheel Radar Utility Detector, And Accessories",Machine / Equipments,Mechanical,20820.71,USD,Marman I.,Order
908,Q-1005-L4177,MV LLC,21 Mar 2025,IQ,Iom -.U.,SO42000001536​-Supply &amp; Delivery Of Garbage Collection Trucks-IOM Somalia,SO42000001536​-Supply &amp; Delivery Of Garbage Collection Trucks-IOM Somalia,Transportation,Logistics,104000,USD,Shinso M.,Waiting
909,RFQ-6705-V40051,"MVL USA, INC",20 Mar 2025,RFQ,Stego I.L.,"RMI-125 W9128A23C0010 FY23 MCA PN 080242 Medical Clinic, U.S. Army Garrison, Kwajalein Atoll, Republic Of The Marshall Islands (RMI)",Stego Vapor Barrier &amp; Stego Tape,Building Materials,Various,6695,USD,Vinith B.,Order
910,Q-1005-V4487,MV LLC,20 Mar 2025,IQ,"American E.,.",PR15186638-Supply &amp; Delivery Of Satellite Phons-US Embassy Nepal,PR15186638-Supply &amp; Delivery Of Satellite Phons-US Embassy Nepal,Misc.,Various,19700,USD,Shinso M.,Waiting
911,Q-1005-M4084,MV LLC,20 Mar 2025,IQ,U.s. E.a.,PR152029190-Supply &amp; Delivery Of IT Equipment's-US Embassy Nigeria,PR152029190-Supply &amp; Delivery Of IT Equipment's-US Embassy Nigeria,Machine / Equipments,Mechanical,14500,USD,Shinso M.,Waiting
912,RFQ-6542-V40027B,Yamauchi Gumi,20 Mar 2025,RFQ,Acrefine E.S.,"JPN-124 FA890323C0031 Renovate Bldgs 111, 116 And 119 At Okinawa, Japan.---$1-5M Renovation Project In Okinawa",Seismic Bracing Kit,Building Materials,Various,240,USD,Rahul N.,Order
913,RFQ-6705-S9101,"MVL USA, INC",20 Mar 2025,RFQ,Cal-cert C.,"RMI-125 W9128A23C0010 FY23 MCA PN 080242 Medical Clinic, U.S. Army Garrison, Kwajalein Atoll, Republic Of The Marshall Islands (RMI)",RMI-125 LAB EQUIPMENTS CALIBRATION,Services,Services,10950,USD,Marman I.,Order
914,RFQ-6705-V40050,"MVL USA, INC",19 Mar 2025,RFQ,Tsang B.C.,"RMI-125 W9128A23C0010 FY23 MCA PN 080242 Medical Clinic, U.S. Army Garrison, Kwajalein Atoll, Republic Of The Marshall Islands (RMI)","Silt Fence, Filter Fabric &amp; GI Flat Tube",Building Materials,Various,6830,USD,Vinith B.,Order
915,RFQ-6705-V40049,"MVL USA, INC",19 Mar 2025,RFQ,Home D.U.,"RMI-125 W9128A23C0010 FY23 MCA PN 080242 Medical Clinic, U.S. Army Garrison, Kwajalein Atoll, Republic Of The Marshall Islands (RMI)",Electrical Materials,Building Materials,Various,70892.91,USD,Vinith B.,Order
916,RFQ-7212-V40000,"MVL USA, INC",18 Mar 2025,RFQ,Blue L.T.,"ORD-7212 JPN-143 W912HV24C0010 FY23 OMA, Convert Vehicle Storage Warehouse, B122-S1",Reduced Pressure Zone Backflow Preventer Valve.,Building Materials,Various,500,USD,Shinso M.,Order
917,RFQ-6705-V40045A,"MVL USA, INC",18 Mar 2025,RFQ,Tsang B.C.,"RMI-125 W9128A23C0010 FY23 MCA PN 080242 Medical Clinic, U.S. Army Garrison, Kwajalein Atoll, Republic Of The Marshall Islands (RMI)",PVC Sch40 Pipes And Fittings For Sewer,Building Materials,Various,43875.5,USD,Vinith B.,Order
918,RFQ-6705-V40048,"MVL USA, INC",18 Mar 2025,RFQ,Home D.U.,"RMI-125 W9128A23C0010 FY23 MCA PN 080242 Medical Clinic, U.S. Army Garrison, Kwajalein Atoll, Republic Of The Marshall Islands (RMI)",VARIOUS BUILDING MATERIIALS AND EQUIPMENT - QUOTE - H1710-822355 -,Building Materials,Various,36673.73,USD,Marman I.,Order
919,RFQ-7139-V40009,"MVL USA, INC",18 Mar 2025,RFQ,Home D.U.,"ORD-7139 RMI-127 W9128A24C0012 Air Traffic Control Tower &amp; Terminal, Kwajalein Island, U.S. Army Garrison - Kwajalein Atoll (USAG-KA), Republic Of The Marshall Islands","Scaffold, Tools &amp; Accessories",Building Materials,Various,14496.07,USD,Vinith B.,Order
920,RFQ-5532-M4104,MVL USA JV LLC,18 Mar 2025,RFQ,Jiangsu R.E.,BIOT-121 N4008421D0082/N4008421R0079 AEC DB DBB MACC,750 Kva 3 PHASE PAD MOUNTED TRANSFORMER AS PER APPROVED ATTACHED DOCUMENTS,Mechanical Items,Mechanical,41440,USD,Marman I.,Order
921,RFQ-5695-S9091,MACRO,17 Mar 2025,RFQ,Stoncor M.E.,"BIOT-121.16 N4008422F4476 QC1018 REPAIR BOLLARDS, POL PIER",Paints For Bollards,Subcontract,Services,12987.45,AED,Rahul N.,Order
922,RFQ-6705-V40047,"MVL USA, INC",17 Mar 2025,RFQ,Home D.U.,"RMI-125 W9128A23C0010 FY23 MCA PN 080242 Medical Clinic, U.S. Army Garrison, Kwajalein Atoll, Republic Of The Marshall Islands (RMI)",VARIOUS BUILDING MATERIIALS AND EQUIPMENT - QUOTE -  H1710-821497,Building Materials,Various,9503.7,USD,Marman I.,Order
923,RFQ-6841-V40012,MVL USA JV LLC,14 Mar 2025,RFQ,Ductmate I.I.,"ORD-6841 BIOT-121.54 N4008424F4212 QS6063 - REPLACE AC UNIT, UPH-23, F-171, WO#1575078",Duct Access Doors,Building Materials,Various,87.32,USD,Rahul N.,Order
924,RFQ-6746-V40022,MVL USA JV LLC,14 Mar 2025,RFQ,Dateline E.I.,"ORD-6746 BIOT-121.55 N4008424F4084 X019 QN7003 - REPAIRS TO BASE POOL, F-105, WON",Misc. Items For Al Windows,Building Materials,Various,544.64,USD,Lince M.,Order
925,RFQ-5193-E6806A,MACRO,13 Mar 2025,RFQ,Delta B.C.,"(KSA 126) W912ER21C0014 KHAMIS SIMULATOR FACILITY, KSA",SUPPLY AND INSTALLATION OF TYPE THREE PHASE AUTO-TRANSFORMER WITH CAPACITY 50 KVA AS PER PROJECT REQUIRED SPECIFICATIONS,Electrical,Electrical,40250,SAR,Marman I.,Order
926,RFQ-6705-V40046,"MVL USA, INC",13 Mar 2025,RFQ,Tsang B.C.,"RMI-125 W9128A23C0010 FY23 MCA PN 080242 Medical Clinic, U.S. Army Garrison, Kwajalein Atoll, Republic Of The Marshall Islands (RMI)",VARIOUS BUILDING MATERIALS AND PORTABLE WELDING MACHINE,Building Materials,Various,13185,USD,Marman I.,Order
927,RFQ-7139-V4351,"MVL USA, INC",13 Mar 2025,RFQ,Copy E.,"ORD-7139 RMI-127 W9128A24C0012 Air Traffic Control Tower &amp; Terminal, Kwajalein Island, U.S. Army Garrison - Kwajalein Atoll (USAG-KA), Republic Of The Marshall Islands","MFC L8900 CDW Color Laser ALL IN ONE Printer, GMP-GHQ320 P3 Pouch Laminator And Engineering Accessories",Misc.,Various,15584,USD,Marman I.,Order
928,RFQ-6705-V40045,"MVL USA, INC",12 Mar 2025,RFQ,Tsang B.C.,"RMI-125 W9128A23C0010 FY23 MCA PN 080242 Medical Clinic, U.S. Army Garrison, Kwajalein Atoll, Republic Of The Marshall Islands (RMI)",PVC Sch40 Pipes And Fittings For Sewer,Building Materials,Various,60676,USD,Vinith B.,Order
929,RFQ-7139-V40008,"MVL USA, INC",12 Mar 2025,RFQ,Al S.F.,"ORD-7139 RMI-127 W9128A24C0012 Air Traffic Control Tower &amp; Terminal, Kwajalein Island, U.S. Army Garrison - Kwajalein Atoll (USAG-KA), Republic Of The Marshall Islands",Layout Office Furniture - ATCT  COSA.,Building Materials,Various,34232,AED,Shinso M.,Order
930,RFQ-6542-V40027A,Yamauchi Gumi,12 Mar 2025,RFQ,Acrefine E.S.,"JPN-124 FA890323C0031 Renovate Bldgs 111, 116 And 119 At Okinawa, Japan.---$1-5M Renovation Project In Okinawa",Seismic Bracing Kit,Building Materials,Various,180,GBP,Rahul N.,Order
931,RFQ-6718-E6804,MVL USA JV LLC,12 Mar 2025,RFQ,Tic L.E.,"BIOT-121.48 N4008424F4064 EPROJECT 1718005 QC2011 REPLACE ADRF PUMPS 7, 8, AND 9, F-409",SS Connectors,Electrical,Electrical,13469.28,USD, ,Waiting
932,Q-1005-V7225,MV LLC,12 Mar 2025,IQ,"U.s. E.,.",PR15185551-Supply &amp; Delivery Of Duvets For Welcome Kits-US Embassy-Egypt,PR15185551-Supply &amp; Delivery Of Duvets For Welcome Kits-US Embassy-Egypt,Building Materials,Various,27200,USD,Shinso M.,Waiting
933,RFQ-6542-V40029,MACRO,12 Mar 2025,RFQ,Arb A.&.,"JPN-124 FA890323C0031 Renovate Bldgs 111, 116 And 119 At Okinawa, Japan",Aluminum Store Front Window,Building Materials,Various,12967.5,USD, ,Cancled
934,RFQ-6542-V40028,MACRO,12 Mar 2025,RFQ,Arb A.&.,"JPN-124 FA890323C0031 Renovate Bldgs 111, 116 And 119 At Okinawa, Japan",Aluminum Store Front Window,Building Materials,Various,12967.5,AED,Shinso M.,Order
935,RFQ-6705-V40044,"MVL USA, INC",12 Mar 2025,RFQ,Tsang B.C.,"RMI-125 W9128A23C0010 FY23 MCA PN 080242 Medical Clinic, U.S. Army Garrison, Kwajalein Atoll, Republic Of The Marshall Islands (RMI)","GI Flat Tube, Flat Bars &amp; Accessories.",Building Materials,Various,24450,USD,Vinith B.,Order
936,RFQ-6680-V40002,"MVL USA, INC",12 Mar 2025,RFQ,Integrated C.S.,"JPN-127 W912HV23B0011 Repair Kitchen Ducts, Various Locations, Japan",Belt Drive Centrifugal Inline Fan,Building Materials,Various,2541.16,USD,Shinso M.,Order
937,RFQ-6718-V40019,MVL USA JV LLC,11 Mar 2025,RFQ,Jet F.S.,"BIOT-121.48 N4008424F4064 EPROJECT 1718005 QC2011 REPLACE ADRF PUMPS 7, 8, AND 9, F-409",Spare Parts For Pump Startup &amp; Alignment,Building Materials,Various,4620,USD,Rahul N.,Order
938,RFQ-6852-V40023,MVL USA JV LLC,11 Mar 2025,RFQ,Jet F.S.,BIOT-121.35 N4008424F4221 QC8067-Repair To Fuel Piping System. F#408 NSF DG,Spare Parts For Pump Startup &amp; Alignment,Building Materials,Various,4620,USD,Rahul N.,Order
939,RFQ-7139-V40007,"MVL USA, INC",11 Mar 2025,RFQ,Tsang B.C.,"ORD-7139 RMI-127 W9128A24C0012 Air Traffic Control Tower &amp; Terminal, Kwajalein Island, U.S. Army Garrison - Kwajalein Atoll (USAG-KA), Republic Of The Marshall Islands","Welding Machine And Accessories, Lumber, Ply, Etc",Building Materials,Various,23848.1,USD,Vinith B.,Order
940,RFQ-7139-V40006,"MVL USA, INC",11 Mar 2025,RFQ,Tsang B.C.,"ORD-7139 RMI-127 W9128A24C0012 Air Traffic Control Tower &amp; Terminal, Kwajalein Island, U.S. Army Garrison - Kwajalein Atoll (USAG-KA), Republic Of The Marshall Islands",Temporary Chain Link Fence,Building Materials,Various,46174.96,USD,Vinith B.,Order
941,RFQ-5532-S9101,MACRO,11 Mar 2025,RFQ,Tuv S.M.,BIOT-121 N4008421D0082/N4008421R0079 AEC DB DBB MACC,PRE-SHIPMENT INSPECTION AGAINST BATCHING PLANT SPARE PARTS,Services,Services,1733.79,AED, ,Order
942,RFQ-6542-V40027,Yamauchi Gumi,11 Mar 2025,RFQ,Acrefine E.S.,"JPN-124 FA890323C0031 Renovate Bldgs 111, 116 And 119 At Okinawa, Japan.---$1-5M Renovation Project In Okinawa",Seismic Bracing Kit,Building Materials,Various,144,GBP,Rahul N.,Order
943,Q-1005-V4486,MV LLC,11 Mar 2025,IQ,"U.s. E.,.",PR15185557-Supply &amp; Delivery Of Queen Size Duvets-US Embassy-Egypt,PR15185557-Supply &amp; Delivery Of Queen Size Duvets-US Embassy-Egypt,Misc.,Various,16800,USD,Shinso M.,Waiting
944,RFQ-1569-O85,"MVL USA, INC",11 Mar 2025,RFQ,Managed S.L.,MVL Group Office Related POs,Microsoft 365 GCC G5 (Governmental Community Cloud Pricing),Computer Peripherals,Office Assets,5920.3,USD,Marman I.,Order
945,RFQ-6705-V40043,"MVL USA, INC",10 Mar 2025,RFQ,Tsang B.C.,"RMI-125 W9128A23C0010 FY23 MCA PN 080242 Medical Clinic, U.S. Army Garrison, Kwajalein Atoll, Republic Of The Marshall Islands (RMI)","PVC Pipes And Fittings, Gate Valves Etc.",Building Materials,Various,37755.98,USD,Vinith B.,Order
946,RFQ-7039-E6801,MVL USA JV LLC,10 Mar 2025,RFQ,Wesco D.I.,"ORD-7039 BIOT-121.60 N4008424F4507 EProject 1693634 REPAIR SPP F1SA AND F2S OVERHEAD FEEDERS, RM20-1216","Grounding &amp; Bonding, Pullrope",Electrical,Electrical,118228.36,USD,Lince M.,Order
947,RFQ-6718-E6803A,MVL USA JV LLC,10 Mar 2025,RFQ,Wesco D.I.,"BIOT-121.48 N4008424F4064 EPROJECT 1718005 QC2011 REPLACE ADRF PUMPS 7, 8, AND 9, F-409",Cable,Electrical,Electrical,19096.8,USD,Rahul N.,Order
948,RFQ-6705-V40042,"MVL USA, INC",10 Mar 2025,RFQ,V-trust I.S.,"RMI-125 W9128A23C0010 FY23 MCA PN 080242 Medical Clinic, U.S. Army Garrison, Kwajalein Atoll, Republic Of The Marshall Islands (RMI)",PRE SHIPMENT INSPECTION OF FOTON TRUCK - JFV349123,Building Materials,Various,268,USD,Marman I.,Order
949,RFQ-6841-S9100,MACRO,10 Mar 2025,RFQ,Tuv S.M.,"BIOT-121.54 N4008424F4212 QS6063 - REPLACE AC UNIT, UPH-23, F-171, WO#1575078",Third Party Inspection &amp; Witnessing The Performance Test Of Package AC Unit,Services,Services,1260,AED,Rahul N.,Order
950,RFQ-6952-V40012A,MVL USA JV LLC,07 Mar 2025,RFQ,Big T.M.,"BIOT-121.62 N4008424F4368 QC3005 - PROVIDE SUPPORT TO NMCB TO CONSTRUCT NEW CONCRETE PAD, NEW TFS F-980A, DG (Task - X020)",Tensile Fabric Structure,Building Materials,Various,128500,USD,Rahul N.,Order
951,RFQ-6542-V40026,"MVL USA, INC",06 Mar 2025,RFQ,Dateline E.I.,"JPN-124 FA890323C0031 Renovate Bldgs 111, 116 And 119 At Okinawa, Japan.",Aluminum Awning Window.,Building Materials,Various,13108.5,USD,Shinso M.,Order
952,RFQ-5193-E6805,MACRO,05 Mar 2025,RFQ,International B.R.,"(KSA 126) W912ER21C0014 KHAMIS SIMULATOR FACILITY, KSA",UPS MODIFICATION,Electrical,Electrical,8050,SAR,Marman I.,Order
953,Q-1005-E7104,MV LLC,05 Mar 2025,IQ,"Us E.,.",19AJ2025Q0004-Supply &amp; Delivery Of Step-Down Transformer-US Embassy Baku,19AJ2025Q0004-Supply &amp; Delivery Of Step-Down Transformer-US Embassy Baku,Electrical,Electrical,20000,USD,Shinso M.,Waiting
954,RFQ-6705-E6804,"MVL USA, INC",04 Mar 2025,RFQ,Emsi I.,"RMI-125 W9128A23C0010 FY23 MCA PN 080242 Medical Clinic, U.S. Army Garrison, Kwajalein Atoll, Republic Of The Marshall Islands (RMI)",Dry Type Transformers,Electrical,Electrical,122856.16,USD, ,Order
955,RFQ-6705-V40041,"MVL USA, INC",04 Mar 2025,RFQ,Al S.F.,"RMI-125 W9128A23C0010 FY23 MCA PN 080242 Medical Clinic, U.S. Army Garrison, Kwajalein Atoll, Republic Of The Marshall Islands (RMI)",LSA Office Furniture,Building Materials,Various,157270,AED,Shinso M.,Order
956,RFQ-5695-V40015,MACRO,03 Mar 2025,RFQ,Misar T.C.,"BIOT-121.16 N4008422F4476 QC1018 REPAIR BOLLARDS, POL PIER",Consumables For Painting Works,Building Materials,Various,997.5,AED,Rahul N.,Order
957,Q-1005-V7224,MV LLC,03 Mar 2025,IQ,Zetech O.S.,MVL Trading - Supply Of The Lifting Magnet.,Lifting Magnet,Building Materials,Various,13698,USD,Shinso M.,Waiting
958,RFQ-6705-V40040,"MVL USA, INC",03 Mar 2025,RFQ,Sign K.I.,"RMI-125 W9128A23C0010 FY23 MCA PN 080242 Medical Clinic, U.S. Army Garrison, Kwajalein Atoll, Republic Of The Marshall Islands (RMI)",Aluminum Sign,Building Materials,Various,2476,USD,Vinith B.,Order
959,RFQ-5829-E6817,MACRO,03 Mar 2025,RFQ,Andrea T.S.,"ORD-5829 UAE-123R W912ER22C0026 P-960 Triton Operational Facility, United Arab Emirates","10 KVA UPS And 15 KVA UPS - Supply, Start Up, Testing And Commisioning",Electrical,Electrical,138915,AED,Marman I.,Order
960,RFQ-6705-V40039,"MVL USA, INC",28 Feb 2025,RFQ,White C.S.,"RMI-125 W9128A23C0010 FY23 MCA PN 080242 Medical Clinic, U.S. Army Garrison, Kwajalein Atoll, Republic Of The Marshall Islands (RMI)",Fire Extinguishers,Building Materials,Various,3847.5,USD,Vinith B.,Order
961,RFQ-7139-V40005,"MVL USA, INC",27 Feb 2025,RFQ,Lowes ,"ORD-7139 RMI-127 W9128A24C0012 Air Traffic Control Tower &amp; Terminal, Kwajalein Island, U.S. Army Garrison - Kwajalein Atoll (USAG-KA), Republic Of The Marshall Islands",Lumber For Misc. Work,Building Materials,Various,7940.13,USD,Vinith B.,Order
962,RFQ-1005-V7223,MVL USA JV LLC,27 Feb 2025,RFQ,Hariom I.&.,MVL Trading -Supply Order For The Epoxy Coated Rebars,Epoxy Coated Rebars,Building Materials,Various,20357,USD,Shinso M.,Order
963,RFQ-6718-E6803,MVL USA JV LLC,26 Feb 2025,RFQ,Wesco D.I.,"BIOT-121.48 N4008424F4064 EPROJECT 1718005 QC2011 REPLACE ADRF PUMPS 7, 8, AND 9, F-409",Cable,Electrical,Electrical,16249.8,USD, ,Order
964,RFQ-6705-M4013,"MVL USA, INC",26 Feb 2025,RFQ,Guam A.,"ORD-7139 RMI-127 W9128A24C0012 Air Traffic Control Tower &amp; Terminal, Kwajalein Island, U.S. Army Garrison - Kwajalein Atoll (USAG-KA), Republic Of The Marshall Islands","Used 2017 GMC 4WD SLE QUICKSILVER METALLIC 51,864  MILES",Machine / Equipments,Mechanical,31490,USD,Marman I.,Order
965,RFQ-5532-V40059,MACRO,26 Feb 2025,RFQ,Sodamco E.F.,BIOT-121 N4008421D0082/N4008421R0079 AEC DB DBB MACC,Admixtures,Building Materials,Various,74208.75,AED,Rahul N.,Order
966,RFQ-7139-V40004,"MVL USA, INC",26 Feb 2025,RFQ,Tsang B.C.,"RMI-127 W9128A24C0012 Air Traffic Control Tower &amp; Terminal, Kwajalein Island, U.S. Army Garrison - Kwajalein Atoll (USAG-KA), Republic Of The Marshall Islands",PVC Pipes And Fittings,Building Materials,Various,774.56,USD,Vinith B.,Order
967,RFQ-1005-V4485,MACRO,26 Feb 2025,RFQ,Smile C.,MVL Trading,PVC Plastic Sticker - 8.8 * 6.4 Cm With Matt Lamination,Misc.,Various,708.75,AED,Marman I.,Order
968,RFQ-6952-V40013,MVL USA JV LLC,25 Feb 2025,RFQ,Leeds S.C.,"BIOT-121.62 N4008424F4368 QC3005 - PROVIDE SUPPORT TO NMCB TO CONSTRUCT NEW CONCRETE PAD, NEW TFS F-980A, DG",Pine Lumber And Marine Plywood,Building Materials,Various,20950,USD,Rahul N.,Order
969,RFQ-6705-V40038,"MVL USA, INC",25 Feb 2025,RFQ,Home D.U.,"RMI-125 W9128A23C0010 FY23 MCA PN 080242 Medical Clinic, U.S. Army Garrison, Kwajalein Atoll, Republic Of The Marshall Islands (RMI)",Lawn Moving Items,Building Materials,Various,8201.7,USD,Vinith B.,Order
970,RFQ-7139-V40003,"MVL USA, INC",25 Feb 2025,RFQ,Home D.U.,"ORD-7139 RMI-127 W9128A24C0012 Air Traffic Control Tower &amp; Terminal, Kwajalein Island, U.S. Army Garrison - Kwajalein Atoll (USAG-KA), Republic Of The Marshall Islands",Tools And Accessories,Building Materials,Various,2905.86,USD,Vinith B.,Order
971,RFQ-5532-V40058,MVL USA JV LLC,25 Feb 2025,RFQ,Extol I.F.,BIOT-121 N4008421D0082/N4008421R0079 AEC DB DBB MACC,ELECTRICAL MATERIALS NEEDED FOR INSTALLATION OF BATCHING PLANT,Building Materials,Various,195135,AED,Marman I.,Order
972,RFQ-7073-V40001A,MVL USA JV LLC,24 Feb 2025,RFQ,Kelly &.H.,ORD- 7073 BIOT-121.68 N4008424F4583 QC3078 Repairs To Concrete Water Tanks (X026),Electrical Materials,Building Materials,Various,13184.49,USD,Lince M.,Order
973,RFQ-7139-M4001,MACRO,24 Feb 2025,RFQ,Three C.S.,"ORD-7139 RMI-127 W9128A24C0012 Air Traffic Control Tower &amp; Terminal, Kwajalein Island, U.S. Army Garrison - Kwajalein Atoll (USAG-KA), Republic Of The Marshall Islands",SOKKIA SURVEYING EQUIPMENTS - ATCT,Machine / Equipments,Mechanical,119962.5,AED,Marman I.,Order
974,RFQ-7073-V40001,MVL USA JV LLC,24 Feb 2025,RFQ,Kelly &.H.,ORD- 7073 BIOT-121.68 N4008424F4583 QC3078 Repairs To Concrete Water Tanks (X026),Electrical Materials,Building Materials,Various,13184.49,USD,Lince M.,Order
975,RFQ-6542-A5203,Yamauchi Gumi,21 Feb 2025,RFQ,K.walters G.I.,"JPN-124 FA890323C0031 Renovate Bldgs 111, 116 And 119 At Okinawa, Japan.","Typhoon Rated Door, Frames &amp; Hardware's.",Doors,Architectural,53854.2,USD,Mahesh B.,Order
976,Q-1005-L4176,MV LLC,21 Feb 2025,IQ,U.s E.L.,19ZA6025Q0003-Supply &amp; Delivery Of Vehicles-US Embassy Zambia,19ZA6025Q0003-Supply &amp; Delivery Of Vehicles-US Embassy Zambia,Transportation,Logistics,587656.06,USD,Shinso M.,Waiting
977,RFQ-6705-V40037,"MVL USA, INC",20 Feb 2025,RFQ,V-trust I.S.,"RMI-125 W9128A23C0010 FY23 MCA PN 080242 Medical Clinic, U.S. Army Garrison, Kwajalein Atoll, Republic Of The Marshall Islands (RMI)","PRE- SHIPMENT INSPECTION OF TELEHANDLER, WHEEL EXCAVATOR, DUMP TRUCK, AND SKID LOADER AS PER ATTACHED LIST",Building Materials,Various,1072,USD,Marman I.,Order
978,RFQ-1569-O84,MACRO,20 Feb 2025,RFQ,Allcad S.L.,MVL Group Office Related POs,Bluebeam Core - Annual Subscription (MR. BOB CANIA),Computer Peripherals,Office Assets,1081.5,AED,Marman I.,Order
979,RFQ-6705-V40036,"MVL USA, INC",19 Feb 2025,RFQ,Dateline E.I.,"RMI-125 W9128A23C0010 FY23 MCA PN 080242 Medical Clinic, U.S. Army Garrison, Kwajalein Atoll, Republic Of The Marshall Islands (RMI)",Tools And Equipment,Building Materials,Various,5398.85,USD,Vinith B.,Order
980,RFQ-6705-M4012,"MVL USA, INC",19 Feb 2025,RFQ,Evangel I.M.,"ORD-7139 RMI-127 W9128A24C0012 Air Traffic Control Tower &amp; Terminal, Kwajalein Island, U.S. Army Garrison - Kwajalein Atoll (USAG-KA), Republic Of The Marshall Islands And RMI-125 W9128A23C0010 FY23 MCA PN 080242 Medical Clinic, U.S. Army Garrison, Kwajalein Atoll, Republic Of The Marshall Islands (RMI)",2ND REQUIREMENT OF HEAVY EQUIPMENTS (MEDICAL AND ATCT),Machine / Equipments,Mechanical,277191,USD,Marman I.,Order
981,RFQ-5193-A5207,MVL Italy,19 Feb 2025,RFQ,Lakshmi M.T.,(KSA 127) W912ER21C0015 AL KHARJ WAREHOUSE,REPLACEMENT HANDLE FOR WINDOWS - AL KHARJ PROJECT,Doors,Architectural,2130,AED,Marman I.,Order
982,RFQ-6705-V40035,"MVL USA, INC",19 Feb 2025,RFQ,Dateline E.I.,"RMI-125 W9128A23C0010 FY23 MCA PN 080242 Medical Clinic, U.S. Army Garrison, Kwajalein Atoll, Republic Of The Marshall Islands (RMI)",Simpson Strong Tie &amp; Hilti Injectable Mortar,Building Materials,Various,52366.07,USD,Vinith B.,Order
983,RFQ-5532-V40057,MACRO,19 Feb 2025,RFQ,Sodamco S.A.,BIOT-121 N4008421D0082/N4008421R0079 AEC DB DBB MACC,Admixtures,Building Materials,Various,74208.75,AED,Rahul N.,Order
984,RFQ-6705-M4011,"MVL USA, INC",19 Feb 2025,RFQ,Henan X.E.,"ORD-7139 RMI-127 W9128A24C0012 Air Traffic Control Tower &amp; Terminal, Kwajalein Island, U.S. Army Garrison - Kwajalein Atoll (USAG-KA), Republic Of The Marshall Islands And RMI-125 W9128A23C0010 FY23 MCA PN 080242 Medical Clinic, U.S. Army Garrison, Kwajalein Atoll, Republic Of The Marshall Islands (RMI)",Golf Carts For Kwajalein (Medical And ATCT),Machine / Equipments,Mechanical,33360,USD,Marman I.,Order
985,Q-1005-V7222,MV LLC,19 Feb 2025,IQ,U.s. E.A.,"PR15052393-Supply &amp; Delivery Of Voltage Regulator-US Embassy, Ethiopia","PR15052393-Supply &amp; Delivery Of Voltage Regulator-US Embassy, Ethiopia",Building Materials,Various,57060,USD,Shinso M.,Waiting
986,RFQ-7139-V40002,"MVL USA, INC",18 Feb 2025,RFQ,Sign K.I.,"ORD-7139 RMI-127 W9128A24C0012 Air Traffic Control Tower &amp; Terminal, Kwajalein Island, U.S. Army Garrison - Kwajalein Atoll (USAG-KA), Republic Of The Marshall Islands",Signages,Building Materials,Various,1280,USD,Vinith B.,Order
987,RFQ-7208-V4352,MVL USA JV LLC,18 Feb 2025,RFQ,Sher A.S.,"BIOT-121.76 N4008424F4725 REPAIRS TO CHRIMP FACILITY 724 (QS6040) &amp; FACILITY 725 (QS6041) ,NSFDG - X029",Scaffolding,Misc.,Various,129948,AED,Rahul N.,Order
988,RFQ-7027-S9100,MACRO,18 Feb 2025,RFQ,Tuv S.M.,"BIOT-121.63 N4008424F4424 QC3010 REPLACE HVAC SYSTEM, F-161 (NGIS 19)",Third Party Inspection &amp; Witnessing The Performance Test Of PACKAGE AC Unit,Services,Services,1260,AED,Rahul N.,Order
989,RFQ-1569-O83,MACRO,18 Feb 2025,RFQ,Rivyv T.,MVL Group Office Related POs,NISTCMMC Project Implementation - Acronis Advance Management,Computer Peripherals,Office Assets,587.5,USD,Marman I.,Order
990,RFQ-7139-V40001A,"MVL USA, INC",18 Feb 2025,RFQ,Tsang B.C.,"ORD-7139 RMI-127 W9128A24C0012 Air Traffic Control Tower &amp; Terminal, Kwajalein Island, U.S. Army Garrison - Kwajalein Atoll (USAG-KA), Republic Of The Marshall Islands &amp; ORD-6705 RMI-125 W9128A23C0010 FY23 MCA PN 080242 Medical Clinic, U.S. Army Garrison, Kwajalein Atoll, Republic Of The Marshall Islands (RMI)","Fence Accessories, Rebars &amp; Scaffolding Items",Building Materials,Various,21874,USD,Vinith B.,Order
991,RFQ-7139-V40001,"MVL USA, INC",18 Feb 2025,RFQ,Tsang B.C.,"ORD-7139 RMI-127 W9128A24C0012 Air Traffic Control Tower &amp; Terminal, Kwajalein Island, U.S. Army Garrison - Kwajalein Atoll (USAG-KA), Republic Of The Marshall Islands",Fence Accessories,Building Materials,Various,3300,USD,Vinith B.,Order
992,RFQ-6705-V40034,"MVL USA, INC",17 Feb 2025,RFQ,White C.S.,"RMI-125 W9128A23C0010 FY23 MCA PN 080242 Medical Clinic, U.S. Army Garrison, Kwajalein Atoll, Republic Of The Marshall Islands (RMI)",Electrical &amp; Carpenter Tools,Building Materials,Various,8507.33,USD,Vinith B.,Order
993,RFQ-7139-V40000,"MVL USA, INC",17 Feb 2025,RFQ,White C.S.,"ORD-7139 RMI-127 W9128A24C0012 Air Traffic Control Tower &amp; Terminal, Kwajalein Island, U.S. Army Garrison - Kwajalein Atoll (USAG-KA), Republic Of The Marshall Islands",Safety Tools And Equip,Building Materials,Various,9516.49,USD,Vinith B.,Order
994,RFQ-5829-S9103,MACRO,17 Feb 2025,RFQ,Tuv S.M.,"ORD-5829 UAE-123R W912ER22C0026 P-960 Triton Operational Facility, United Arab Emirates",Third Party Inspection For Pad Mounted Transformers.,Services,Services,1010.62,USD,Marman I.,Order
995,RFQ-6705-V40033,"MVL USA, INC",17 Feb 2025,RFQ,Dateline E.I.,"RMI-125 W9128A23C0010 FY23 MCA PN 080242 Medical Clinic, U.S. Army Garrison, Kwajalein Atoll, Republic Of The Marshall Islands (RMI)","Gardner Bender (EMT,RIGID,IMC Conduits)",Building Materials,Various,6941.18,USD,Vinith B.,Order
996,Q-1005-V7221,MACRO,14 Feb 2025,IQ,Unicef ,ICT Equipment For Zanzibar,ICT Equipment.,Building Materials,Various,1039561.19,USD,Shinso M.,Waiting
997,RFQ-7073-V40000,MVL USA JV LLC,13 Feb 2025,RFQ,White C.S.,ORD- 7073 BIOT-121.68 N4008424F4583 QC3078 Repairs To Concrete Water Tanks (X026),Pressure Washer,Building Materials,Various,4954.94,USD,Lince M.,Order
998,RFQ-6705-V4357,"MVL USA, INC",13 Feb 2025,RFQ,Onmuse (.S.,"RMI-125 W9128A23C0010 FY23 MCA PN 080242 Medical Clinic, U.S. Army Garrison, Kwajalein Atoll, Republic Of The Marshall Islands (RMI)",COSA - APPLIANCES,Misc.,Various,46350,USD,Marman I.,Order
999,RFQ-6705-V40032,"MVL USA, INC",11 Feb 2025,RFQ,Muddy F.L.,"RMI-125 W9128A23C0010 FY23 MCA PN 080242 Medical Clinic, U.S. Army Garrison, Kwajalein Atoll, Republic Of The Marshall Islands (RMI)",MFX Gridlock (E) Bicycle,Building Materials,Various,11750,USD,Vinith B.,Order
1000,RFQ-6705-V40031,"MVL USA, INC",11 Feb 2025,RFQ,Lowes ,"RMI-125 W9128A23C0010 FY23 MCA PN 080242 Medical Clinic, U.S. Army Garrison, Kwajalein Atoll, Republic Of The Marshall Islands (RMI)",Paslode Framing Nailer And Nails,Building Materials,Various,1933.63,USD,Vinith B.,Order
1001,RFQ-5532-M4031,MVL USA JV LLC,11 Feb 2025,RFQ,Fastwin G.C.,BIOT-121 N4008421D0082/N4008421R0079 AEC DB DBB MACC,2ND REQUIREMENT AGAINST MAXUS V80 SPARE PARTS,Machine / Equipments,Mechanical,5218.26,USD,Marman I.,Order
1002,RFQ-5532-V40056,MVL USA JV LLC,11 Feb 2025,RFQ,Leeds S.C.,BIOT-121 N4008421D0082/N4008421R0079 AEC DB DBB MACC,Aggregates And Cement - February Vessel,Building Materials,Various,7257,USD,Rahul N.,Order
1003,RFQ-6705-E6803,"MVL USA, INC",11 Feb 2025,RFQ,Tic L.E.,"RMI-125 W9128A23C0010 FY23 MCA PN 080242 Medical Clinic, U.S. Army Garrison, Kwajalein Atoll, Republic Of The Marshall Islands (RMI)",MV Cable Y Splice And Connector,Electrical,Electrical,27697.8,USD,Vinith B.,Order
1004,RFQ-7039-E6800,MVL USA JV LLC,10 Feb 2025,RFQ,Bahra A.C.,"ORD-7039 BIOT-121.60 N4008424F4507 EProject 1693634 REPAIR SPP F1SA AND F2S OVERHEAD FEEDERS, RM20-1216",Spacers,Electrical,Electrical,398601,SAR,Lince M.,Order
1005,RFQ-5532-M4030,MVL USA JV LLC,10 Feb 2025,RFQ,Fastwin G.C.,BIOT-121 N4008421D0082/N4008421R0079 AEC DB DBB MACC,1ST REQUIREMENT AGAINST MAXUS V80 SPARE PARTS,Machine / Equipments,Mechanical,478.45,USD,Marman I.,Order
1006,RFQ-7208-V4351,MACRO,07 Feb 2025,RFQ,Sher A.S.,"BIOT-121.76 N4008424F4725 REPAIRS TO CHRIMP FACILITY 724 (QS6040) &amp; FACILITY 725 (QS6041) ,NSFDG - X029",Scaffolding,Misc.,Various,136445.41,AED,Rahul N.,Order
1007,Q-1005-E7103,MV LLC,07 Feb 2025,IQ,Tricom S.,Supply &amp; Delivery Of Electrical Wires &amp; Cable-LEB 127 - Construction To Repair The Beirut Naval Base Project,Supply &amp; Delivery Of Electrical Wires &amp; Cable-LEB 127 - Construction To Repair The Beirut Naval Base Project,Electrical,Electrical,0,USD, ,Waiting
1008,RFQ-7120-V40001,"MVL USA, INC",07 Feb 2025,RFQ,Vertiv C.,"JPN-138 W912HV24C0009 FY24 AC Repair For Server Rooms, Building 101, Camp Zama, Japan",Computer Room Air Conditioning (CRAC) Units - Permanent,Building Materials,Various,197127.58,USD,Rahul N.,Order
1009,RFQ-5532-S9100,MVL Italy,07 Feb 2025,RFQ,Tuv S.M.,BIOT-121 N4008421D0082/N4008421R0079 AEC DB DBB MACC,"PRE-SHIPMENT INSPECTION OF Man Camp Orders  5532-V40041-2, 5532-V40040-2 (ROOFING MATERIALS",Services,Services,1260,AED, ,Order
1010,RFQ-7120-V40000,"MVL USA, INC",06 Feb 2025,RFQ,Vertiv C.,"JPN-138 W912HV24C0009 FY24 AC Repair For Server Rooms, Building 101, Camp Zama, Japan",Computer Room Air Conditioning (CRAC) Units - Temporary,Building Materials,Various,74727.15,USD,Rahul N.,Order
1011,RFQ-6680-V40001,"MVL USA, INC",06 Feb 2025,RFQ,Rnk I.,"JPN-127 W912HV23B0011 Repair Kitchen Ducts, Various Locations, Japan",Belt Drive Centrifugal Inline Fan,Building Materials,Various,2970,USD,Shinso M.,Order
1012,Q-1005-M4083,MV LLC,06 Feb 2025,IQ,U.s. E.A.,PR15121461-Supply &amp; Delivery Of Articulate Boom Lift-US Embassy Ethiopia,PR15121461-Supply &amp; Delivery Of Articulate Boom Lift-US Embassy Ethiopia,Machine / Equipments,Mechanical,164810,USD,Shinso M.,Waiting
1013,Q-1005-L4175,MV LLC,06 Feb 2025,IQ,Internation T.C.,2024-64-Supply Of 4x4 Vehicle-Rep Of Guinea,2024-64-Supply Of 4x4 Vehicle-Rep Of Guinea,Transportation,Logistics,50272,USD,Shinso M.,Waiting
1014,RFQ-7039-V40006C,MVL USA JV LLC,06 Feb 2025,RFQ,National P.&.,"BIOT-121.60 N4008424F4507 EProject 1693634 REPAIR SPP F1SA AND F2S OVERHEAD FEEDERS, RM20-1216 (X025)",PVC Pipes &amp; Fittings,Building Materials,Various,915262.25,AED,Rahul N.,Order
1015,RFQ-5829-V40029,MACRO,06 Feb 2025,RFQ,Usg M.E.,"ORD-5829 UAE-123R W912ER22C0026 P-960 Triton Operational Facility, United Arab Emirates",ACOUSTICAL CEILING SYSTEM - AS PER APPROVED ATTACHED SUBMITTAL,Building Materials,Various,41779.34,AED,Marman I.,Waiting
1016,RFQ-5829-V40028,MACRO,06 Feb 2025,RFQ,Usg M.E.,"ORD-5829 UAE-123R W912ER22C0026 P-960 Triton Operational Facility, United Arab Emirates",GYPSUM BOARD AS PER ATTACHED APPROVED SUBMITTAL,Building Materials,Various,150519.55,AED,Marman I.,Waiting
1017,RFQ-7027-S9073,MVL USA JV LLC,06 Feb 2025,RFQ,Summit F.C.,"BIOT-121.63 N4008424F4424 QC3010 REPLACE HVAC SYSTEM, F-161 (NGIS 19) - X021",Duct Smoke Detector,Subcontract,Services,1350,USD,Rahul N.,Order
1018,Q-1005-M4082,MV LLC,06 Feb 2025,IQ,"U.s. E.,.","PR15099652-Supply &amp; Delivery Of Transformers-US Embassy, Uganda","PR15099652-Supply &amp; Delivery Of Transformers-US Embassy, Uganda",Machine / Equipments,Mechanical,354200,USD,Shinso M.,Waiting
1019,Q-1005-L4174,MACRO,05 Feb 2025,IQ,"U.s. E.,.","PR15049853-Supply &amp; Delivery Of Vehicle Sedan-US Embassy, Nigeria -","PR15049853-Supply &amp; Delivery Of Vehicle Sedan-US Embassy, Nigeria",Transportation,Logistics,89464,USD,Shinso M.,Waiting
1020,RFQ-6645-V40004,"MVL USA, INC",05 Feb 2025,RFQ,Heely-brown C.,"ORD-6645-USA-155.02 W912HN23F3014 Roofs B-2408, 2873,2818,2785,8789/ ORD-6646-USA-155.01 W912HN23F3016 Replace Various Main Post Roofs",Building Materials,Building Materials,Various,225179.77,USD,Lince M.,Order
1021,RFQ-1569-V4422,MACRO,05 Feb 2025,RFQ,Printek S.,MVL Group Office Related POs,SHARP MX3051 - BLACK AND CYAN TONER,Misc.,Various,871.5,AED,Marman I.,Order
1022,RFQ-1569-O82,MACRO,04 Feb 2025,RFQ,Rivyv T.,MVL Group Office Related POs,MVL - Candy Training,Computer Peripherals,Office Assets,4500,AED,Marman I.,Order
1023,RFQ-6168-V40077,MVL USA JV LLC,04 Feb 2025,RFQ,Odores M.L.,"BIOT-121.37 N4008423F4277 REPAIRS TO ORDNANCE OPERATIONS, F-541","Adhesives For VCT (X010, X049, X037)",Building Materials,Various,739.61,USD,Rahul N.,Order
1024,RFQ-5829-S9177,MACRO,04 Feb 2025,RFQ,Aasa M.E.,"UAE-123R - W912ER22C0026 TRITON Operations Facility, Al Dhafra Air Base, UAE",Extension Of Rental Equipment,Subcontract,Services,44100,AED, ,Waiting
1025,Q-1005-L4173,"MVL USA, INC",04 Feb 2025,IQ,Us E.T.,"PR15099941-Supply &amp; Delivery Of High-reach Truck-US Embassy, Thailand","PR15099941-Supply &amp; Delivery Of High-reach Truck-US Embassy, Thailand",Transportation,Logistics,43000,USD,Shinso M.,Waiting
1026,RFQ-7073-S9072,MVL USA JV LLC,04 Feb 2025,RFQ,Bureau V.N.,"BIOT-121.68/26 N4008424F4583 - X026 REPAIRS TO CONCRETE WATER TANK F-1655, F-308 &amp; F-1505",Lead Bulk Sampling,Subcontract,Services,388.5,USD, ,Waiting
1027,RFQ-7208-V40001,MVL USA JV LLC,04 Feb 2025,RFQ,Angelus B.C.,"ORD-7208 BIOT-121.76 N4008424F4725 REPAIRS TO CHRIMP FACILITY 724 (QS60400) &amp; FACILITY 725 (QS6041), NSFDG",CMU Blocks,Building Materials,Various,1755.21,USD,Lince M.,Order
1028,RFQ-5829-V40027,MACRO,04 Feb 2025,RFQ,Extol I.T.,"ORD-5829 UAE-123R W912ER22C0026 P-960 Triton Operational Facility, United Arab Emirates",ADDITIONAL FIXTURE F2 LIGHTING (APRON LIGHTING) Model: 93926741,Building Materials,Various,10689,AED,Marman I.,Order
1029,RFQ-7208-V40000,MVL USA JV LLC,03 Feb 2025,RFQ,Dateline E.I.,"ORD-7208 BIOT-121.76 N4008424F4725 REPAIRS TO CHRIMP FACILITY 724 (QS60400) &amp; FACILITY 725 (QS6041), NSFDG",Mortar And Grout,Building Materials,Various,2954.94,USD,Lince M.,Order
1030,Q-1005-V4205,MACRO,03 Feb 2025,IQ,Us E.-.,RFQ-19PK3325Q1006-Supply Of Heavy-Duty Steel Shelving-US Embassy-Pakistan,RFQ-19PK3325Q1006-Supply Of Heavy-Duty Steel Shelving-US Embassy-Pakistan,Containers,Various,28860,USD,Arun N.,Waiting
1031,RFQ-6542-A5202,Yamauchi Gumi,03 Feb 2025,RFQ,K.walters G.I.,"JPN-124 FA890323C0031 Renovate Bldgs 111, 116 And 119 At Okinawa, Japan.","Typhoon Rated Door, Frames &amp; Hardware's.",Doors,Architectural,46777.2,USD,Mahesh B.,Order
1032,RFQ-7039-V40006B,MVL USA JV LLC,03 Feb 2025,RFQ,National P.&.,"BIOT-121.60 N4008424F4507 EProject 1693634 REPAIR SPP F1SA AND F2S OVERHEAD FEEDERS, RM20-1216 (X025)",PVC Pipes &amp; Fittings,Building Materials,Various,909512.25,AED,Rahul N.,Order
1033,Q-1005-M4081,MV LLC,31 Jan 2025,IQ,Usaid S.S.,72066825Q00014-00001-Supply Of Transformers-USAID South Sudan,72066825Q00014-00001-Supply Of Transformers-USAID South Sudan,Machine / Equipments,Mechanical,64030,USD,Shinso M.,Waiting
1034,Q-1005-L4172,MV LLC,31 Jan 2025,IQ,"U.s. E.,.","PR15026918-Supply &amp; Delivery Of Medium SUV-US Embassy, Egypt","PR15026918-Supply &amp; Delivery Of Medium SUV-US Embassy, Egypt",Transportation,Logistics,143497.06,USD,Shinso M.,Waiting
1035,RFQ-1569-O81,MACRO,31 Jan 2025,RFQ,Rivyv T.,MVL Group Office Related POs,Oracle EPPM 6 Training Online (Mrs. Hayat Team),Computer Peripherals,Office Assets,400,USD,Marman I.,Order
1036,RFQ-7039-V40007,MVL USA JV LLC,30 Jan 2025,RFQ,Hariom I.&.,"ORD-7039 BIOT-121.60 N4008424F4507 EProject 1693634 REPAIR SPP F1SA AND F2S OVERHEAD FEEDERS, RM20-1216",Galvanized Rebars,Building Materials,Various,113386.51,USD,Shinso M.,Order
1037,RFQ-6544-E6802,MVL USA JV LLC,30 Jan 2025,RFQ,Wesco D.I.,BIOT-121.49 N4008423F4678 QC2025 REPAIRS TO FACILITY 824,Additonal Materials,Electrical,Electrical,2343.9,USD, ,Order
1038,RFQ-5829-V40026,MACRO,30 Jan 2025,RFQ,Gmark M.E.,"ORD-5829 UAE-123R W912ER22C0026 P-960 Triton Operational Facility, United Arab Emirates","CHW PIPES, FITTINGS, INSULATION, CONTROL VALVES, NUTS, BOLTS, GASKETS - AL FIKREE PROCUREMENT SUPPORT",Building Materials,Various,465620.78,AED,Marman I.,Order
1039,RFQ-6852-V40022,MACRO,30 Jan 2025,RFQ,Isam K.T.,BIOT-121.35 N4008424F4221 QC8067-Repair To Fuel Piping System. F#408 NSF DG,Hardware For Civil Works Fabrications (Balance),Building Materials,Various,4006,AED,Rahul N.,Order
1040,RFQ-6718-E6802,MVL USA JV LLC,29 Jan 2025,RFQ,Wesco D.I.,"BIOT-121.48 N4008424F4064 EPROJECT 1718005 QC2011 REPLACE ADRF PUMPS 7, 8, AND 9, F-409",Electrical Materials,Electrical,Electrical,50607.51,USD,Rahul N.,Order
1041,RFQ-6718-E6801A,MVL USA JV LLC,29 Jan 2025,RFQ,Wesco I.,"BIOT-121.48 N4008424F4064 EPROJECT 1718005 QC2011 REPLACE ADRF PUMPS 7, 8, AND 9, F-409",Electrical Materials,Electrical,Electrical,0,USD,Rahul N.,Waiting
1042,RFQ-1569-V4421,MACRO,29 Jan 2025,RFQ,Crystal A.F.,MVL Group Office Related POs,"3D RESIN REPLICA CUT OUT STUCK ON DOUBLE BLACK RESIN BASE W/PRINTING, SIZE - 22CM T.H",Misc.,Various,4725,AED,Marman I.,Order
1043,RFQ-6705-V40030,"MVL USA, INC",29 Jan 2025,RFQ,Nucor R.F.,"RMI-125 W9128A23C0010 FY23 MCA PN 080242 Medical Clinic, U.S. Army Garrison, Kwajalein Atoll, Republic Of The Marshall Islands (RMI)",Epoxy Coated Rebars For LSA,Building Materials,Various,28549.92,USD,Vinith B.,Order
1044,RFQ-6705-V40029,"MVL USA, INC",29 Jan 2025,RFQ,Nucor R.F.,"RMI-125 W9128A23C0010 FY23 MCA PN 080242 Medical Clinic, U.S. Army Garrison, Kwajalein Atoll, Republic Of The Marshall Islands (RMI)",Shop Drawing For A934 Rebar,Building Materials,Various,13000,USD,Vinith B.,Order
1045,RFQ-6705-V40028,"MVL USA, INC",29 Jan 2025,RFQ,Monje ,"RMI-125 W9128A23C0010 FY23 MCA PN 080242 Medical Clinic, U.S. Army Garrison, Kwajalein Atoll, Republic Of The Marshall Islands (RMI)",Masonry Tools,Building Materials,Various,36151.89,USD,Vinith B.,Order
1046,RFQ-6542-E6812,Yamauchi Gumi,29 Jan 2025,RFQ,Emsi I.,"JPN-124 FA890323C0031 Renovate Bldgs 111, 116 And 119 At Okinawa, Japan.",Telecommunications Grounding Busbar,Electrical,Electrical,802.72,USD,Shinso M.,Order
1047,RFQ-7039-V40006A,MVL USA JV LLC,28 Jan 2025,RFQ,National P.&.,"BIOT-121.60 N4008424F4507 EProject 1693634 REPAIR SPP F1SA AND F2S OVERHEAD FEEDERS, RM20-1216 (X025)",PVC Pipes &amp; Fittings,Building Materials,Various,741324,AED,Rahul N.,Order
1048,Q-1005-V7220,MACRO,28 Jan 2025,IQ,Fao ,Procurement Of Bicycles To FAO Mozambique,Procurement Of Bicycles To FAO Mozambique,Building Materials,Various,290510,USD,Shinso M.,Waiting
1049,RFQ-6544-E6801,MVL USA JV LLC,28 Jan 2025,RFQ,Benfield E.I.,BIOT-121.49 N4008423F4678 QC2025 REPAIRS TO FACILITY 824,Electrical Items,Electrical,Electrical,1681.67,USD,Rahul N.,Order
1050,RFQ-6544-E6800,MVL USA JV LLC,28 Jan 2025,RFQ,Tic L.E.,BIOT-121.49 N4008423F4678 QC2025 REPAIRS TO FACILITY 824,Electrical Materials,Electrical,Electrical,27355.99,USD,Rahul N.,Order
1051,RFQ-1569-O80,"MVL USA, INC",27 Jan 2025,RFQ,Managed S.L.,MVL Group Office Related POs,Microsoft 365 GCC G5 (Governmental Community Cloud Pricing),Computer Peripherals,Office Assets,150480,USD,Marman I.,Order
1052,RFQ-7205-M4101,"MVL USA, INC",27 Jan 2025,RFQ,Al K.A.,"ORD-7205 KUW-129.71 W5J9JE24F0015 Weather Shelter 4, Project #1 Camp Buering, Kuwait, ORD-7204 KUW-129.73 W5J9JE24F0017 Weather Shelter 3, Project  #3, Camp Buering Kuwait, And ORD-7198 KUW-129.70 W5J9JE24F0016 Weather Shelter #5 Project #2 Camp Buering, Kuwait",3 Nos-Carrier R410a- 50UA135  (Gross Cooling Cap 125.5  KW),Mechanical Items,Mechanical,55400,KWD,Marman I.,Order
1053,RFQ-1569-O79,MACRO,24 Jan 2025,RFQ,Al K.C.,MVL Group Office Related POs,Grandstream IP Phone GXP1782,Computer Peripherals,Office Assets,971.25,AED,Marman I.,Order
1054,RFQ-6718-E6801,MVL USA JV LLC,24 Jan 2025,RFQ,Wesco I.,"BIOT-121.48 N4008424F4064 EPROJECT 1718005 QC2011 REPLACE ADRF PUMPS 7, 8, AND 9, F-409",Electrical Materials,Electrical,Electrical,50607.51,USD,Rahul N.,Order
1055,RFQ-5695-S9102,MVL USA JV LLC,24 Jan 2025,RFQ,Mirai C.L.,"BIOT-121.16 N4008422F4476 QC1018 REPAIR BOLLARDS, POL PIER",Welding Tests,Services,Services,1450,USD,Rahul N.,Order
1056,RFQ-3734-S9100,MACRO,24 Jan 2025,RFQ,Golf I.C.,(QTR 193) W912ER21C0015 - AEC TRANS REGIONAL LOGISTICS COMPLEX,1 Day Service Charges For Pumps Functional Check And Technical Report Against TRLC Chilled Water Pumps,Services,Services,3500,QAR,Marman I.,Order
1057,Q-1005-V7219,MV LLC,23 Jan 2025,IQ,"American E.,.",19NP4025Q9110-Supply &amp; Delivery Of Diesel Fuel Tank-US Embassy Nepal,19NP4025Q9110-Supply &amp; Delivery Of Diesel Fuel Tank-US Embassy Nepal,Building Materials,Various,25600,USD,Shinso M.,Waiting
1058,RFQ-6705-E6802,"MVL USA, INC",23 Jan 2025,RFQ,Emsi I.,"RMI-125 W9128A23C0010 FY23 MCA PN 080242 Medical Clinic, U.S. Army Garrison, Kwajalein Atoll, Republic Of The Marshall Islands (RMI)",Low Voltage Cables For Building 729,Electrical,Electrical,13317.4,USD,Vinith B.,Order
1059,RFQ-5829-R1507,MACRO,23 Jan 2025,RFQ,Diamondlease L.,"ORD-5829 UAE-123R W912ER22C0026 P-960 Triton Operational Facility, United Arab Emirates",Nissan Sunny 1.5L SV SY2 2023 ExFleet - 2 Months Rental,Rental,Rental,3685.5,AED,Marman I.,Order
1060,RFQ-6705-V40027,"MVL USA, INC",23 Jan 2025,RFQ,Monje ,"RMI-125 W9128A23C0010 FY23 MCA PN 080242 Medical Clinic, U.S. Army Garrison, Kwajalein Atoll, Republic Of The Marshall Islands (RMI)",Plumbing Tools,Building Materials,Various,6875.88,USD,Vinith B.,Order
1061,Q-1005-M7105,MV LLC,23 Jan 2025,IQ,Best M.S.,Supply &amp; Delivery Of Exhaust Fan-JPN 127,Supply &amp; Delivery Of Exhaust Fan-JPN 127,Mechanical Items,Mechanical,6500,USD,Shinso M.,Waiting
1062,RFQ-6852-V40021,MACRO,23 Jan 2025,RFQ,Isam K.T.,BIOT-121.35 N4008424F4221 QC8067-Repair To Fuel Piping System. F#408 NSF DG,Fabricated Civil Supports,Building Materials,Various,96330,AED,Rahul N.,Order
1063,RFQ-5532-V40055,MACRO,23 Jan 2025,RFQ,Stars P.S.,BIOT-121 N4008421D0082/N4008421R0079 AEC DB DBB MACC,Vertical WATER TANK 1500 US GALLON Polyethylene 3 Layer,Building Materials,Various,3780,AED,Marman I.,Order
1064,RFQ-6542-V40019B,Yamauchi Gumi,22 Jan 2025,RFQ,Blue L.T.,"JPN-124 FA890323C0031 Renovate Bldgs 111, 116 And 119 At Okinawa, Japan.---$1-5M Renovation Project In Okinawa",Floor Drain &amp; Cleanouts,Building Materials,Various,946,USD,Rahul N.,Order
1065,RFQ-5532-V40054,MVL USA JV LLC,22 Jan 2025,RFQ,Leeds S.C.,BIOT-121 N4008421D0082/N4008421R0079 AEC DB DBB MACC,Man Camp 2 - Sewer And Waterline - (G) Best Weld 717-21 PVC Heavy Duty Clear Cement 473ml,Building Materials,Various,1800,USD,Marman I.,Order
1066,Q-1005-E7102,MV LLC,22 Jan 2025,IQ,Ihs T.N.,Supply &amp; Delivery Of Pad Mounted Transformers-IHS Tower,Supply &amp; Delivery Of Pad Mounted Transformers-IHS Tower,Electrical,Electrical,0,USD, ,Waiting
1067,Q-1005-V7218,MV LLC,21 Jan 2025,IQ,Ecolog I.F.,Supply &amp; Delivery Of Folding &amp; Flat Pack Containers-Egypt,Supply &amp; Delivery Of Folding &amp; Flat Pack Containers-Egypt,Building Materials,Various,0,USD, ,Waiting
1068,RFQ-7039-V40006,MVL USA JV LLC,21 Jan 2025,RFQ,National P.&.,"BIOT-121.60 N4008424F4507 EProject 1693634 REPAIR SPP F1SA AND F2S OVERHEAD FEEDERS, RM20-1216 (X025)",PVC Pipes &amp; Fittings,Building Materials,Various,741269.25,AED,Rahul N.,Order
1069,RFQ-6841-V40011,MACRO,21 Jan 2025,RFQ,Kinetics M.E.,,Vibration Isolators &amp; Pads,Building Materials,Various,4822.86,AED, ,Waiting
1070,RFQ-6841-V40010,MACRO,21 Jan 2025,RFQ,Fine T.T.,"BIOT-121.54 N4008424F4212 QS6063 - REPLACE AC UNIT, UPH-23, F-171, WO#1575078",Vacuum Cleaner And Hose,Building Materials,Various,3196.2,AED,Rahul N.,Order
1071,RFQ-6841-V40009,MACRO,21 Jan 2025,RFQ,Kinetics M.E.,"BIOT-121.54 N4008424F4212 QS6063 - REPLACE AC UNIT, UPH-23, F-171, WO#1575078",Vibration Isolators &amp; Pads,Building Materials,Various,4822.86,AED,Rahul N.,Order
1072,RFQ-6841-V40008,MACRO,21 Jan 2025,RFQ,Misar T.C.,"BIOT-121.54 N4008424F4212 QS6063 - REPLACE AC UNIT, UPH-23, F-171, WO#1575078",Duct Hardware,Building Materials,Various,2429.7,AED,Rahul N.,Order
1073,RFQ-6542-V40019A,Yamauchi Gumi,21 Jan 2025,RFQ,Blue L.T.,"JPN-124 FA890323C0031 Renovate Bldgs 111, 116 And 119 At Okinawa, Japan.---$1-5M Renovation Project In Okinawa",Floor Sinks,Building Materials,Various,421.45,USD,Rahul N.,Order
1074,RFQ-5532-M4029,MVL USA JV LLC,21 Jan 2025,RFQ,Evangel I.M.,BIOT-121 N4008421D0082/N4008421R0079 AEC DB DBB MACC,"SPARE PARTS - Backhoe XCMG 1.0m3 4WD Backhoe Loader WZ30- 25 ENGINE NO.: BY7G1P00044 CHASSIS NO.: XUG0WZ30JPCA00804 PIN: XUG0WZ30JPCA00804, HELI FORKLIFT And Dong Feng Truck Crane",Machine / Equipments,Mechanical,7329.3,USD,Marman I.,Order
1075,RFQ-7139-E6800,"MVL USA, INC",21 Jan 2025,RFQ,Emsi I.,"ORD-7139 RMI-127 W9128A24C0012 Air Traffic Control Tower &amp; Terminal, Kwajalein Island, U.S. Army Garrison - Kwajalein Atoll (USAG-KA), Republic Of The Marshall Islands",MV Cable For Demolition Work,Electrical,Electrical,5976,USD,Vinith B.,Order
1076,Q-1005-L4171,MACRO,20 Jan 2025,IQ,Fao ,2025-FAPNG-FAPNG-130644-Supply Of Fiberglass Boats-FAO-Papua New Guinea,2025-FAPNG-FAPNG-130644-Supply Of Fiberglass Boats-FAO-Papua New Guinea,Transportation,Logistics,349462.16,USD,Shinso M.,Waiting
1077,RFQ-6544-V40013,MVL USA JV LLC,17 Jan 2025,RFQ,H&m M.C.,BIOT-121.49 N4008423F4678 QC2025 REPAIRS TO FACILITY 824,Fabricated Stainless Steel Material,Building Materials,Various,2446,USD,Rahul N.,Order
1078,RFQ-6705-E6801,"MVL USA, INC",16 Jan 2025,RFQ,Emsi I.,"RMI-125 W9128A23C0010 FY23 MCA PN 080242 Medical Clinic, U.S. Army Garrison, Kwajalein Atoll, Republic Of The Marshall Islands (RMI)",PVC Conduits And Fittings For Building -729,Electrical,Electrical,7904.15,USD,Vinith B.,Order
1079,Q-1005-L4170,MACRO,16 Jan 2025,IQ,"U.s. E.,.",PR15006411-Supply &amp; Delivery Of Vehicle-US Embassy-Egypt,PR15006411-Supply &amp; Delivery Of Vehicle-US Embassy-Egypt,Transportation,Logistics,56784,USD,Shinso M.,Waiting
1080,Q-1005-V7217,MV LLC,16 Jan 2025,IQ,Us E.N.,Supply &amp; Delivery Of Fan Coil Units-US Embassy India -191N6525Q0020,Supply &amp; Delivery Of Fan Coil Units-US Embassy India -191N6525Q0020,Building Materials,Various,58039.3,USD,Shinso M.,Waiting
1081,Q-1005-V7216,MACRO,16 Jan 2025,IQ,Fao ,2025-FRSSD-FRSSD-130669-Procurement Of Fuel-Efficient Stoves-South Sudan,2025-FRSSD-FRSSD-130669-Procurement Of Fuel-Efficient Stoves-South Sudan,Building Materials,Various,97000,USD,Shinso M.,Waiting
1082,RFQ-7039-V40005,MVL USA JV LLC,16 Jan 2025,RFQ,Hariom I.&.,"ORD-7039 BIOT-121.60 N4008424F4507 EProject 1693634 REPAIR SPP F1SA AND F2S OVERHEAD FEEDERS, RM20-1216",Galvanized Rebars,Building Materials,Various,25734.6,USD,Shinso M.,Order
1083,RFQ-6544-V40012,MVL USA JV LLC,16 Jan 2025,RFQ,Heely-brown C.,BIOT-121.49 N4008423F4678 QC2025 REPAIRS TO FACILITY 824,Roofing Materials,Building Materials,Various,9249.28,USD,Rahul N.,Order
1084,RFQ-1569-V4420,MACRO,16 Jan 2025,RFQ,Printek S.,MVL Group Office Related POs,SHARP MX3051 - 1 SET OF TONERS,Misc.,Various,1995,AED,Marman I.,Order
1085,RFQ-6542-A5201A,Yamauchi Gumi,14 Jan 2025,RFQ,Vulcan I.L.,"JPN-124 FA890323C0031 Renovate Bldgs 111, 116 And 119 At Okinawa, Japan.---$1-5M Renovation Project In Okinawa",Non-fire Rated Steel Door,Doors,Architectural,5950.95,USD,Rahul N.,Order
1086,RFQ-6705-V40026,"MVL USA, INC",14 Jan 2025,RFQ,Dateline E.I.,"RMI-125 W9128A23C0010 FY23 MCA PN 080242 Medical Clinic, U.S. Army Garrison, Kwajalein Atoll, Republic Of The Marshall Islands (RMI)","Ceiling, Floor &amp; Wall Insulation For LSA",Building Materials,Various,32974.86,USD,Vinith B.,Order
1087,RFQ-7010-V40005,MACRO,14 Jan 2025,RFQ,Isam K.T.,"BIOT-121.65 N4008424R8904 QC2035 REPAIR TO RADAR TOWER, F-8000 (X023)",Ladder Consumables - Angles &amp; Strip,Building Materials,Various,4541.25,AED,Rahul N.,Order
1088,RFQ-6542-E6811,Yamauchi Gumi,14 Jan 2025,RFQ,Benfield E.I.,"JPN-124 FA890323C0031 Renovate Bldgs 111, 116 And 119 At Okinawa, Japan.---$1-5M Renovation Project In Okinawa","Switches, Dimmers, Occupancy Sensors, Power Banks Incld. Plates [FOR BLDG B119]",Electrical,Electrical,977.22,USD,Rahul N.,Order
1089,RFQ-6542-E6810,Yamauchi Gumi,14 Jan 2025,RFQ,Benfield E.I.,"JPN-124 FA890323C0031 Renovate Bldgs 111, 116 And 119 At Okinawa, Japan.---$1-5M Renovation Project In Okinawa","Switches, Dimmers, Occupancy Sensors, Power Banks Incld. Plates [FOR BLDG B111,B116]",Electrical,Electrical,2134.48,USD,Rahul N.,Order
1090,RFQ-6542-V40009B,Yamauchi Gumi,14 Jan 2025,RFQ,Westex G.I.,"JPN-124 FA890323C0031 Renovate Bldgs 111, 116 And 119 At Okinawa, Japan.---$1-5M Renovation Project In Okinawa",Receptacles (WP &amp; Non-WP) With Cover [FOR BLDG B119],Building Materials,Various,0,USD,Rahul N.,Waiting
1091,RFQ-6542-V40009A,Yamauchi Gumi,14 Jan 2025,RFQ,Westex G.I.,"JPN-124 FA890323C0031 Renovate Bldgs 111, 116 And 119 At Okinawa, Japan.---$1-5M Renovation Project In Okinawa",Receptacles (WP &amp; Non-WP) With Cover,Building Materials,Various,1865,USD,Rahul N.,Order
1092,RFQ-5695-V40014,MVL USA JV LLC,14 Jan 2025,RFQ,Zhengzhou Y.C.,"BIOT-121.16 N4008422F4476 QC1018 REPAIR BOLLARDS, POL PIER",DIAMOND WIRE SAW - AS PER ATTACHED QUOTATION,Building Materials,Various,4722,USD,Marman I.,Order
1093,RFQ-5532-V40053,MVL USA JV LLC,13 Jan 2025,RFQ,V-trust I.S.,BIOT-121 N4008421D0082/N4008421R0079 AEC DB DBB MACC,"PRESHIPMENT INSPECTION OF 5532-M4024-1_PO_1ST PRIORITY (DUMP TRUCK, WHEEL LOADER XC948, 15 TON CRAWLER EXCAVATOR, AND ROAD ROLLER)",Building Materials,Various,1072,USD,Marman I.,Order
1094,RFQ-6841-V40007,MVL USA JV LLC,10 Jan 2025,RFQ,The S.C.,"BIOT-121.54 N4008424F4212 QS6063 - REPLACE AC UNIT, UPH-23, F-171, WO#1575078",Duct Paints,Building Materials,Various,1029.24,USD,Rahul N.,Order
1095,RFQ-5532-V40052,MVL USA JV LLC,10 Jan 2025,RFQ,Leeds S.C.,BIOT-121 N4008421D0082/N4008421R0079 AEC DB DBB MACC,Aggregates And Cement - January Vessel,Building Materials,Various,18974,USD,Rahul N.,Order
1096,RFQ-6852-V40020,MVL USA JV LLC,10 Jan 2025,RFQ,Jet F.S.,BIOT-121.35 N4008424F4221 QC8067-Repair To Fuel Piping System. F#408 NSF DG,Camlock With Dust Cap,Building Materials,Various,2787.07,USD,Rahul N.,Order
1097,RFQ-6841-V40006,MACRO,08 Jan 2025,RFQ,Grace L.L.,"BIOT-121.54 N4008424F4212 QS6063 - REPLACE AC UNIT, UPH-23, F-171, WO#1575078",Equipment Tagging,Building Materials,Various,472.5,AED,Rahul N.,Order
1098,RFQ-6841-T1000,MACRO,08 Jan 2025,RFQ,Anbi G.T.,"BIOT-121.54 N4008424F4212 QS6063 - REPLACE AC UNIT, UPH-23, F-171, WO#1575078",Duct Accessories,Tools,Tools,1585.5,AED,Rahul N.,Order
1099,RFQ-6705-V40025,"MVL USA, INC",08 Jan 2025,RFQ,Dateline E.I.,"RMI-125 W9128A23C0010 FY23 MCA PN 080242 Medical Clinic, U.S. Army Garrison, Kwajalein Atoll, Republic Of The Marshall Islands (RMI)",Small Tools For LSA/COSA,Building Materials,Various,1254.57,USD,Vinith B.,Order
1100,RFQ-6746-V40021,MVL USA JV LLC,08 Jan 2025,RFQ,The S.C.,"ORD-6746 BIOT-121.55 N4008424F4084 X019 QN7003 - REPAIRS TO BASE POOL, F-105, WON",Non Slip Aggregate,Building Materials,Various,1070.9,USD,Lince M.,Order
1101,RFQ-6542-V40025,Yamauchi Gumi,08 Jan 2025,RFQ,Shark C.I.,"JPN-124 FA890323C0031 Renovate Bldgs 111, 116 And 119 At Okinawa, Japan.",Wall And Kitchen Cabinet,Building Materials,Various,7076,USD,Shinso M.,Order
1102,RFQ-6705-V40024,"MVL USA, INC",08 Jan 2025,RFQ,Monje ,"RMI-125 W9128A23C0010 FY23 MCA PN 080242 Medical Clinic, U.S. Army Garrison, Kwajalein Atoll, Republic Of The Marshall Islands (RMI)",Portable Generator,Building Materials,Various,4372.15,USD,Vinith B.,Order
1103,RFQ-7010-V40004A,MACRO,08 Jan 2025,RFQ,Isam K.T.,"BIOT-121.65 N4008424R8904 QC2035 REPAIR TO RADAR TOWER, F-8000 (TASK - X023)",Ladder - Consumables (Nut/bolt/washer),Building Materials,Various,259.25,AED,Rahul N.,Order
1104,RFQ-7027-V40005B,MACRO,08 Jan 2025,RFQ,Firmac I.L.,"BIOT-121.63 N4008424F4424 QC3010 REPLACE HVAC SYSTEM, F-161 (NGIS 19) - X021",Duct And Accessories,Building Materials,Various,10874.07,AED,Rahul N.,Order
1105,RFQ-6718-E6800,MVL USA JV LLC,07 Jan 2025,RFQ,Wesco I.,"BIOT-121.48 N4008424F4064 EPROJECT 1718005 QC2011 REPLACE ADRF PUMPS 7, 8, AND 9, F-409",Grounding Materials,Electrical,Electrical,6658.87,USD,Rahul N.,Order
1106,RFQ-6852-V40019A,MVL USA JV LLC,07 Jan 2025,RFQ,App M.,BIOT-121.35 N4008424F4221 QC8067-Repair To Fuel Piping System. F#408 NSF DG,U-Bolt &amp; Friction Pads,Building Materials,Various,16696.33,USD,Rahul N.,Order
1107,RFQ-5657-M4105,MVL USA JV LLC,06 Jan 2025,RFQ,Zoeller P.C.,"BIOT-121.17 N4008422F4422 X017 1638204, QF9006 &amp;ndash; REPAIRS TO SEWAGE LIFT STATIONS",Replacement Of Submersible Pump,Mechanical Items,Mechanical,5721.56,USD,Rahul N.,Order
1108,RFQ-6952-V40012,MVL USA JV LLC,06 Jan 2025,RFQ,Big T.M.,"BIOT-121.62 N4008424F4368 QC3005 - PROVIDE SUPPORT TO NMCB TO CONSTRUCT NEW CONCRETE PAD, NEW TFS F-980A, DG (Task - X020)",Tensile Fabric Structure,Building Materials,Various,124700,USD,Rahul N.,Order
1109,RFQ-7039-V40004,MVL USA JV LLC,06 Jan 2025,RFQ,White C.S.,"ORD-7039 BIOT-121.60 N4008424F4507 EProject 1693634 REPAIR SPP F1SA AND F2S OVERHEAD FEEDERS, RM20-1216","Civil Items - Sikaflex, Euchlid, Stego, WR Meadows",Building Materials,Various,11459.47,USD,Lince M.,Order
1110,RFQ-1569-O78,MACRO,06 Jan 2025,RFQ,Rivyv T.,MVL Group Office Related POs,Acronis Cyber Protect Cloud,Computer Peripherals,Office Assets,800,USD,Rahul N.,Order
1111,RFQ-6852-V40018A,MACRO,06 Jan 2025,RFQ,Isam K.T.,BIOT-121.35 N4008424F4221 QC8067-Repair To Fuel Piping System. F#408 NSF DG,Hardware For Civil Works Fabrications,Building Materials,Various,2796.72,AED,Rahul N.,Order
1112,Q-1005-S9106,MV LLC,06 Jan 2025,IQ,Parsons G.S.,Supply &amp; Delivery Of Prefabricated Containers-Parsons-Marshall Islands,Supply &amp; Delivery Of Prefabricated Containers-Parsons-Marshall Islands,Services,Services,1046000,USD, ,Waiting
1113,Q-1005-L4169,MV LLC,03 Jan 2025,IQ,Fa5209 3.C.,FA520925Q0007-Purchase Of Pick-up Trucks-Yokota Air Base Japan,FA520925Q0007-Purchase Of Pick-up Trucks-Yokota Air Base Japan,Transportation,Logistics,76560000,USD, ,Waiting
1114,RFQ-7027-V40006,MACRO,24 Dec 2024,RFQ,Kinetics M.E.,"BIOT-121.63 N4008424F4424 QC3010 REPLACE HVAC SYSTEM, F-161 (NGIS 19) - X021",Vibration Pads For PACU,Building Materials,Various,187.74,AED,Rahul N.,Order
1115,RFQ-7010-V40004,MACRO,24 Dec 2024,RFQ,Isam K.T.,"BIOT-121.65 N4008424R8904 QC2035 REPAIR TO RADAR TOWER, F-8000 (TASK - X023)",Ladder - Consumables (Nut/bolt/washer),Building Materials,Various,216.82,AED,Rahul N.,Order
1116,RFQ-7010-V40003,MVL USA JV LLC,24 Dec 2024,RFQ,Oasis M.M.,"BIOT-121.65 N4008424R8904 QC2035 REPAIR TO RADAR TOWER, F-8000 (X023)",Steel Platform Decking,Building Materials,Various,13213,AED,Rahul N.,Order
1117,RFQ-7010-V40002,MVL USA JV LLC,24 Dec 2024,RFQ,Skyhigh L.&.,"BIOT-121.65 N4008424R8904 QC2035 REPAIR TO RADAR TOWER, F-8000 (X023)","Fixed Ladder , Guard Rail &amp; Ladder Safety Device",Building Materials,Various,35600,USD,Rahul N.,Order
1118,RFQ-6705-M4102,"MVL USA, INC",24 Dec 2024,RFQ,Jiangsu R.E.,"RMI-125 W9128A23C0010 FY23 MCA PN 080242 Medical Clinic, U.S. Army Garrison, Kwajalein Atoll, Republic Of The Marshall Islands (RMI)",750KVA Oil Type Transformer,Mechanical Items,Mechanical,41440,USD,Vinith B.,Order
1119,RFQ-7039-V40003,MVL USA JV LLC,24 Dec 2024,RFQ,Kelly &.H.,"ORD-7039 BIOT-121.60 N4008424F4507 EProject 1693634 REPAIR SPP F1SA AND F2S OVERHEAD FEEDERS, RM20-1216","Sealant, Warning Tape",Building Materials,Various,3235,USD,Lince M.,Order
1120,RFQ-6542-A5201,Yamauchi Gumi,23 Dec 2024,RFQ,Vulcan I.L.,"JPN-124 FA890323C0031 Renovate Bldgs 111, 116 And 119 At Okinawa, Japan.---$1-5M Renovation Project In Okinawa",Non-fire Rated Steel Door,Doors,Architectural,21840,USD,Rahul N.,Order
1121,RFQ-7027-V40005A,MACRO,19 Dec 2024,RFQ,Firmac I.L.,"BIOT-121.63 N4008424F4424 QC3010 REPLACE HVAC SYSTEM, F-161 (NGIS 19) - X021",Duct And Accessories,Building Materials,Various,10874.07,AED,Rahul N.,Order
1122,RFQ-6841-V40005A,MACRO,19 Dec 2024,RFQ,Firmac I.L.,"BIOT-121.54 N4008424F4212 QS6063 - REPLACE AC UNIT, UPH-23, F-171, WO#1575078",Duct And Accessories,Building Materials,Various,3062.37,AED,Rahul N.,Order
1123,RFQ-6852-V40019,MVL USA JV LLC,19 Dec 2024,RFQ,App M.,BIOT-121.35 N4008424F4221 QC8067-Repair To Fuel Piping System. F#408 NSF DG,U-Bolt &amp; Friction Pads,Building Materials,Various,12305.93,USD,Rahul N.,Order
1124,RFQ-6705-M4101,"MVL USA, INC",19 Dec 2024,RFQ,Turtle ,"RMI-125 W9128A23C0010 FY23 MCA PN 080242 Medical Clinic, U.S. Army Garrison, Kwajalein Atoll, Republic Of The Marshall Islands (RMI)",New Unit Substation And 2Primary Switches,Mechanical Items,Mechanical,276922,USD,Vinith B.,Order
1125,RFQ-6705-V40023A,"MVL USA, INC",19 Dec 2024,RFQ,Kelly &.H.,"RMI-125 W9128A23C0010 FY23 MCA PN 080242 Medical Clinic, U.S. Army Garrison, Kwajalein Atoll, Republic Of The Marshall Islands (RMI)",PSS 1 &amp; 2,Building Materials,Various,0,USD, ,Cancled
1126,RFQ-6705-V40023,"MVL USA, INC",19 Dec 2024,RFQ,Kelly &.H.,"RMI-125 W9128A23C0010 FY23 MCA PN 080242 Medical Clinic, U.S. Army Garrison, Kwajalein Atoll, Republic Of The Marshall Islands (RMI)",PSS 1 &amp; 2,Building Materials,Various,0,USD, ,Cancled
1127,RFQ-5532-V40051,MVL USA JV LLC,18 Dec 2024,RFQ,V-trust I.S.,BIOT-121 N4008421D0082/N4008421R0079 AEC DB DBB MACC,Third Party Inspection - 50 Ton Truck Crane - JFUD72300- And Spare Parts,Building Materials,Various,268,USD,Marman I.,Order
1128,RFQ-7039-V40002,MACRO,18 Dec 2024,RFQ,Al M.P.,"ORD-7039 BIOT-121.60 N4008424F4507 EProject 1693634 REPAIR SPP F1SA AND F2S OVERHEAD FEEDERS, RM20-1216","Curing Material, Non Shrink Grout",Building Materials,Various,6931.5,AED,Lince M.,Order
1129,RFQ-5532-M4028,MVL USA JV LLC,16 Dec 2024,RFQ,Evangel I.M.,BIOT-121 N4008421D0082/N4008421R0079 AEC DB DBB MACC,XCMG 50 TON TRUCK CRANE MDOEL QY50KD - With Two Years Wearing Spare Parts,Machine / Equipments,Mechanical,141735,USD,Marman I.,Order
1130,RFQ-1569-O77,MACRO,16 Dec 2024,RFQ,Allcad S.L.,MVL Group Office Related POs,BLUEBEAM CORE &ndash; ANNUAL SUBSCRIPTION,Computer Peripherals,Office Assets,2163,AED,Marman I.,Order
1131,RFQ-1569-O76,MACRO,16 Dec 2024,RFQ,Al K.C.,MVL Group Office Related POs,SERVER UPGRADE EQUIPMENTS,Computer Peripherals,Office Assets,1984.5,AED,Marman I.,Order
1132,Q-1005-V4484,MVL USA JV LLC,13 Dec 2024,IQ,Ra ,Tapping Phone Lines For DG,Tapping Phone Lines For DG,Misc.,Various,7000,USD, ,Order
1133,RFQ-7198-V40001,"MVL USA, INC",12 Dec 2024,RFQ,Emirates I.P.,"ORD-7198 KUW-129.70 W5J9JE24F0016 Weather Shelter #5 Project #2 Camp Buering, Kuwait",Supply Of Roof And Wall Panel Weather Shelter 5- As Per Approved Submittal,Building Materials,Various,99063.95,USD,Marman I.,Order
1134,RFQ-7205-V40001,"MVL USA, INC",12 Dec 2024,RFQ,Emirates I.P.,"ORD-7205 KUW-129.71 W5J9JE24F0015 Weather Shelter 4, Project #1 Camp Buering, Kuwait",Supply Of Roof And Wall Panel Weather Shelter 4- As Per Aprroved Submittal,Building Materials,Various,99063.95,USD,Marman I.,Order
1135,RFQ-7204-V40001,"MVL USA, INC",12 Dec 2024,RFQ,Emirates I.P.,"ORD-7204 KUW-129.73 W5J9JE24F0017 Weather Shelter 3, Project  #3, Camp Buering Kuwait",Supply Of Roof And Wall Panel Weather Shelter 3- As Per Aprroved Submittal,Building Materials,Various,99063.95,USD,Marman I.,Order
1136,RFQ-1005-S9105,MACRO,12 Dec 2024,RFQ,Tuv S.M.,Third Party Inspection Charges For The Reinforced Bar,Pre-shipment Inspection - Reinforced Bar,Services,Services,147,USD,Shinso M.,Order
1137,RFQ-5829-V40025,MACRO,12 Dec 2024,RFQ,Oasis M.M.,"ORD-5829 UAE-123R W912ER22C0026 P-960 Triton Operational Facility, United Arab Emirates",Facility B Steel Grating And Frame - As Per Approved Submittal And Subject To Approved Drawing,Building Materials,Various,29610,AED,Marman I.,Waiting
1138,Q-1005-V7215,MACRO,12 Dec 2024,IQ,Unops (.,ITB/2024/55027-Reinforcement Rebars-UNOPS-Sudan,ITB/2024/55027-Reinforcement Rebars-UNOPS-Sudan,Building Materials,Various,0,USD, ,Waiting
1139,Q-1005-L4168,MACRO,12 Dec 2024,IQ,Unicef ,LITB-2024-9194811-Supply &amp; Delivery Cargo Truck For DPRK-China,LITB-2024-9194811-Supply &amp; Delivery Cargo Truck For DPRK-China,Transportation,Logistics,462000,USD,Shinso M.,Waiting
1140,RFQ-6542-V40024,MACRO,11 Dec 2024,RFQ,Smart C.D.,"JPN-124 FA890323C0031 Renovate Bldgs 111, 116 And 119 At Okinawa, Japan.",Toilet Compartments,Building Materials,Various,9000.32,AED,Shinso M.,Order
1141,RFQ-5503-V40013,MVL Greece,11 Dec 2024,RFQ,Formula T.S.,ORD-5503 GRE-121 N6247022C0002 Communication Center - Souda Bay,MVL QUALTIY CONTROL RAPIDROP PIV GATE VALVES - AS PER APPROVED QUOTATION,Building Materials,Various,3543.3,EURO,Marman I.,Order
1142,RFQ-6746-V40020,MACRO,11 Dec 2024,RFQ,Saleh Z.A.,"ORD-6746 BIOT-121.55 N4008424F4084 X019 QN7003 - REPAIRS TO BASE POOL, F-105, WON",Gate Valves And Check Valves,Building Materials,Various,41388.5,SAR,Lince M.,Order
1143,Q-1005-M7104,MACRO,10 Dec 2024,IQ,Us E.-.,"PR14993605-Supply &amp; Delivery Of Air Filters For Air Cleaners-US Embassy, Dhaka","PR14993605-Supply &amp; Delivery Of Air Filters For Air Cleaners-US Embassy, Dhaka",Mechanical Items,Mechanical,116000,USD,Shinso M.,Waiting
1144,Q-1005-E7101,MACRO,10 Dec 2024,IQ,Unicef ,"LRFQ-2024-9194710-Supply &amp; Delivery Of Megaphone-Accra, Ghana","LRFQ-2024-9194710-Supply &amp; Delivery Of Megaphone-Accra, Ghana",Electrical,Electrical,661500,INR,Shinso M.,Waiting
1145,RFQ-7139-S9080,"MVL USA, INC",10 Dec 2024,RFQ,Oyo C.P.,"RMI-127 W9128A24C0012 Air Traffic Control Tower &amp; Terminal, Kwajalein Atoll, Republic Of The Marshall Islands",Geotechnical Engg Services,Subcontract,Services,350600,USD, ,Waiting
1146,RFQ-7205-E6801,"MVL USA, INC",09 Dec 2024,RFQ,Bait A.F.,"ORD-7205 KUW-129.71 W5J9JE24F0015 Weather Shelter 4, Project #1 Camp Buering, Kuwait, ORD-7204 KUW-129.73 W5J9JE24F0017 Weather Shelter 3, Project  #3, Camp Buering Kuwait, And ORD-7198 KUW-129.70 W5J9JE24F0016 Weather Shelter #5 Project #2 Camp Buering, Kuwait","Weather Shelter 3, 4 And 5 - LIGHTING FIXTURES - INTERNAL AND EXTERNAL - AS PER ATATCHED APPROVED SUBMITTALS",Electrical,Electrical,23186,KWD,Marman I.,Order
1147,RFQ-5829-V40024,MACRO,09 Dec 2024,RFQ,Lomeq T.S.,"ORD-5829 UAE-123R W912ER22C0026 P-960 Triton Operational Facility, United Arab Emirates",Supply Of Fixed Bollards As Per Approved Submittal,Building Materials,Various,44152.5,AED,Marman I.,Order
1148,Q-1005-V7214,MV LLC,06 Dec 2024,IQ,Jsk D.S.,Supply &amp; Delivery Of Galvanised Rebar-JSK Diego Garcia,Supply &amp; Delivery Of Galvanised Rebar-JSK Diego Garcia,Building Materials,Various,26482,USD,Mahesh B.,Waiting
1149,RFQ-6705-V40022,"MVL USA, INC",06 Dec 2024,RFQ,Lowes ,RMI-125 W9128A23C0010 FY23 MCA PN 080242 MEDICAL CLINIC,Outdoor Carport Tent,Building Materials,Various,2210,USD,Shinso M.,Order
1150,Q-1005-V7213,MV LLC,05 Dec 2024,IQ,Jsk D.S.,F-408(Foam)-Supply &amp; Delivery Of Epoxy Coated Rebars-ASTM Standard,F-408(Foam)-Supply &amp; Delivery Of Epoxy Coated Rebars-ASTM Standard,Building Materials,Various,16037.15,USD,Mahesh B.,Order
1151,RFQ-6718-S9103,MACRO,05 Dec 2024,RFQ,Tuv S.M.,"BIOT-121.48 N4008424F4064 EPROJECT 1718005 QC2011 REPLACE ADRF PUMPS 7, 8, AND 9, F-409",Third Party Inspection X048 - Visual Inspection - Internal Coating Of CS Pipes &amp; Fittings,Services,Services,1050,AED,Lince M.,Order
1152,RFQ-6705-M4009,"MVL USA, INC",05 Dec 2024,RFQ,Henan X.E.,"RMI-125 W9128A23C0010 FY23 MCA PN 080242 Medical Clinic, U.S. Army Garrison, Kwajalein Atoll, Republic Of The Marshall Islands (RMI)",Golf Cart 8-seater Model - GM-6D+2,Machine / Equipments,Mechanical,16060,USD,Marman I.,Order
1153,RFQ-6705-M4008A,"MVL USA, INC",05 Dec 2024,RFQ,Evangel I.M.,"RMI-125 W9128A23C0010 FY23 MCA PN 080242 Medical Clinic, U.S. Army Garrison, Kwajalein Atoll, Republic Of The Marshall Islands (RMI)",KWAJALEIN HEAVY MACHINERIES PRIORITY 1,Machine / Equipments,Mechanical,200507.59,USD,Marman I.,Order
1154,RFQ-6408-V40023,MVL USA JV LLC,05 Dec 2024,RFQ,The S.C.,"BIOT-121.41 N4008423F4520 REPLACE SPLIT-TYPE A/C UNITS, UPH 2, DIEGO GARCIA, BIOT",Retouch Paints X041,Building Materials,Various,2976.78,USD,Lince M.,Order
1155,RFQ-6746-A5301,MACRO,04 Dec 2024,RFQ,Bm M.E.,"ORD-6746 BIOT-121.55 N4008424F4084 X019 QN7003 - REPAIRS TO BASE POOL, F-105, WON",High Performance Coating,Paints,Architectural,29020,USD,Lince M.,Order
1156,RFQ-5657-V40016,MVL USA JV LLC,04 Dec 2024,RFQ,Fluids S.,"BIOT-121.17 N4008422F4422 X017 1638204, QF9006 &amp;ndash; REPAIRS TO SEWAGE LIFT STATIONS","Start-Up, Testing, And Commissioning Of Sewage Pumping Systems (SIX LIFT STATIONS)",Building Materials,Various,20052,USD,Marman I.,Order
1157,RFQ-7027-V40005,MACRO,04 Dec 2024,RFQ,Firmac I.L.,"BIOT-121.63 N4008424F4424 QC3010 REPLACE HVAC SYSTEM, F-161 (NGIS 19) - X021",Duct And Accessories,Building Materials,Various,6070.38,AED,Lince M.,Order
1158,RFQ-6841-V40005,MACRO,29 Nov 2024,RFQ,Firmac I.L.,"BIOT-121.54 N4008424F4212 QS6063 - REPLACE AC UNIT, UPH-23, F-171, WO#1575078",Duct And Accessories,Building Materials,Various,2916.54,AED,Lince M.,Order
1159,RFQ-5829-S9102,MACRO,28 Nov 2024,RFQ,Ohio G.C.,"ORD-5829 UAE-123R W912ER22C0026 P-960 Triton Operational Facility, United Arab Emirates",Collection And Removal Of Sewage Tanker Waste,Services,Services,3675,AED,Marman I.,Order
1160,RFQ-6746-V40019,MACRO,28 Nov 2024,RFQ,Winters I.,"ORD-6746 BIOT-121.55 N4008424F4084 X019 QN7003 - REPAIRS TO BASE POOL, F-105, WON",Pressure Gauge,Building Materials,Various,2555,AED,Lince M.,Order
1161,RFQ-5532-V40050,MVL USA JV LLC,27 Nov 2024,RFQ,Leeds S.C.,BIOT-121 N4008421D0082/N4008421R0079 AEC DB DBB MACC,MEDICINES AND ACCESSORIES - DIEGO GARCIA,Building Materials,Various,2415,USD,Marman I.,Order
1162,RFQ-5503-A5201,MVL Greece,27 Nov 2024,RFQ,Salzer G.,ORD-5503 GRE-121 N6247022C0002 Communication Center - Souda Bay,"FREE ISSUED - ALUMINIUM DOORS AND ALUMINIUM WINDOWS (W1, W3, W4, W5)",Doors,Architectural,299528,EURO,Marman I.,Order
1163,RFQ-5829-V40023,MACRO,26 Nov 2024,RFQ,Al F.T.,"ORD-5829 UAE-123R W912ER22C0026 P-960 Triton Operational Facility, United Arab Emirates",PROCUREMENT SUPPORT - TRITON - VALVES - AS PER APPROVED SUBMITTAL,Building Materials,Various,158436.59,AED,Marman I.,Order
1164,RFQ-6705-V40021,"MVL USA, INC",26 Nov 2024,RFQ,Dateline E.I.,"RMI-125 W9128A23C0010 FY23 MCA PN 080242 Medical Clinic, U.S. Army Garrison, Kwajalein Atoll, Republic Of The Marshall Islands (RMI)",Doug Fir Treated Lumber &amp; Common Nails,Building Materials,Various,8553.14,USD,Vinith B.,Order
1165,RFQ-3734-M4106,MVL Qatar,26 Nov 2024,RFQ,Carrier S.C.,(QTR 193) W912ER21C0015 - AEC TRANS REGIONAL LOGISTICS COMPLEX,INSPECTION - 30XB CHILLER  1 &amp; 3,Mechanical Items,Mechanical,5000,QAR,Marman I.,Order
1166,RFQ-5532-V40048,MACRO,25 Nov 2024,RFQ,Cresco M.E.,BIOT-121 N4008421D0082/N4008421R0079 AEC DB DBB MACC,ADDITIONAL MATERIALS FOR SEWER AND WATERLINES - F,Building Materials,Various,5048.4,AED,Marman I.,Order
1167,Q-1005-M4080,"MVL USA, INC",25 Nov 2024,IQ,Usace -.T.,W912ER25R0011-Procurement &amp; Delivery Of FCX Unit &amp; Spare Parts-Egypt,W912ER25R0011-Procurement &amp; Delivery Of FCX Unit &amp; Spare Parts-Egypt,Machine / Equipments,Mechanical,812733.88,USD, ,Order
1168,RFQ-6705-V40020,"MVL USA, INC",25 Nov 2024,RFQ,Muddy F.L.,"RMI-125 W9128A23C0010 FY23 MCA PN 080242 Medical Clinic, U.S. Army Garrison, Kwajalein Atoll, Republic Of The Marshall Islands (RMI)",MFX Gridlock (E) Bicycle,Building Materials,Various,11750,USD,Vinith B.,Order
1169,RFQ-1005-S9104,MACRO,25 Nov 2024,RFQ,Bureau V.,Third Party Inspection Services - Supply Order For The ID Card Printer And Accessories,Third Party Inspection Services,Services,Services,972.46,AED,Shinso M.,Order
1170,RFQ-7010-V40001,MVL USA JV LLC,25 Nov 2024,RFQ,Skyhigh L.&.,"BIOT-121.65 N4008424R8904 QC2035 REPAIR TO RADAR TOWER, F-8000","Ladder, Ladder Safety Device, Guardrail System",Building Materials,Various,34486.22,USD,Lince M.,Order
1171,RFQ-5829-A5203,MACRO,25 Nov 2024,RFQ,Lakshmi M.T.,"ORD-5829 UAE-123R W912ER22C0026 P-960 Triton Operational Facility, United Arab Emirates",FREE ISSUED - TRITON Hollow Metal Steel Doors And Blast Doors - AS PER APPROVED SUBMITTAL,Doors,Architectural,1230517.38,AED,Marman I.,Order
1172,RFQ-6746-V40018,MVL USA JV LLC,25 Nov 2024,RFQ,The S.C.,"ORD-6746 BIOT-121.55 N4008424F4084 X019 QN7003 - REPAIRS TO BASE POOL, F-105, WON",Paints And Coatings,Building Materials,Various,19822.67,USD,Lince M.,Order
1173,Q-1005-M4079,Yamauchi Gumi,22 Nov 2024,IQ,Gsa-fas-gss-sop ,47QSCC24Q5006-Supply &amp; Delivery Of Electric Forklift-GSA,47QSCC24Q5006-Supply &amp; Delivery Of Electric Forklift-GSA,Machine / Equipments,Mechanical,22348,USD, ,Waiting
1174,Q-1005-V7212,MV LLC,22 Nov 2024,IQ,Jsk D.S.,Supply &amp; Delivery Of Galvanized Reinforcement Bar-JSK-Diego Garcia,Supply &amp; Delivery Of Galvanized Reinforcement Bar-JSK-Diego Garcia,Building Materials,Various,1956,USD, ,Waiting
1175,RFQ-5532-M4027,MVL USA JV LLC,22 Nov 2024,RFQ,Meka ,BIOT-121 N4008421D0082/N4008421R0079 AEC DB DBB MACC,CONCRETE BATCHING PLANT RECOMMENDED SPARE LIST 100D DRY PLANT,Machine / Equipments,Mechanical,22500,EURO,Marman I.,Order
1176,Q-1005-V7211,MV LLC,22 Nov 2024,IQ,Ra I.S.,"Supply &amp; Delivery Of Cement, Type II ASTM C150 Standard- Diego Garcia","Supply &amp; Delivery Of Cement, Type II ASTM C150 Standard- Diego Garcia",Building Materials,Various,29315,USD, ,Waiting
1177,RFQ-1569-O75,MVL Italy,21 Nov 2024,RFQ,Rivyv T.,MVL Group Office Related POs,ZIA/ ZPA Implementation - NIST / CMMC Implementation,Computer Peripherals,Office Assets,10000,USD,Marman I.,Order
1178,RFQ-6481-M4001,"MVL USA, INC",20 Nov 2024,RFQ,Generex A.o.,ORD-6481 QAT-203.23 FA570223F0081 20-0137 Repair Air Field Lighting,Fod Boss Sweeper - As Per Approved Quotation,Machine / Equipments,Mechanical,8750,USD,Marman I.,Order
1179,Q-1005-V7210,MV LLC,20 Nov 2024,IQ,Ra I.S.,Supply &amp; Delivery Of Epoxy Coated Rebars-RA-Diego Garcia,Supply &amp; Delivery Of Epoxy Coated Rebars-RA-Diego Garcia,Building Materials,Various,50964.35,USD, ,Waiting
1180,RFQ-6705-V40019,"MVL USA, INC",20 Nov 2024,RFQ,Humboldt M.C.,"RMI-125 W9128A23C0010 FY23 MCA PN 080242 Medical Clinic, U.S. Army Garrison, Kwajalein Atoll, Republic Of The Marshall Islands (RMI)",Lab Testing Equipments,Building Materials,Various,88974.55,USD,Vinith B.,Order
1181,RFQ-7098-V40000,MVL USA JV LLC,20 Nov 2024,RFQ,Dateline E.I.,"ORD-7098 BIOT-121.69 N4008424F4613_eProject 1735497 QC2090- REPAIR TAXIWAY SIGNS, F-200044","Backer Rod - X055, X027 And X026",Building Materials,Various,838.31,USD,Lince M.,Order
1182,RFQ-6542-V40023,MACRO,20 Nov 2024,RFQ,Kbe G.(.,"JPN-124 FA890323C0031 Renovate Bldgs 111, 116 And 119 At Okinawa, Japan.---$1-5M Renovation Project In Okinawa",Motorized Dampers,Building Materials,Various,1646.15,AED,Shinso M.,Order
1183,RFQ-5829-V40022,MACRO,20 Nov 2024,RFQ,Ducast F.-.,"ORD-5829 UAE-123R W912ER22C0026 P-960 Triton Operational Facility, United Arab Emirates",Pump Room Drain Trench Grating - As Per Approved Submittal,Building Materials,Various,12012,AED,Marman I.,Order
1184,Q-1005-V7209,MV LLC,19 Nov 2024,IQ,Jsk D.S.,Supply &amp; Delivery Of Epoxy Coated Rebars-ASTM Standard,Supply &amp; Delivery Of Epoxy Coated Rebars-ASTM Standard,Building Materials,Various,16037.15,USD, ,Waiting
1185,RFQ-6168-V40076,MVL USA JV LLC,19 Nov 2024,RFQ,Scott &.F.,"BIOT-121.37 N4008423F4277 REPAIRS TO ORDNANCE OPERATIONS, F-541",HDG Channel,Building Materials,Various,7488,USD,Rahul N.,Order
1186,RFQ-5581-M4001,MVL USA JV LLC,19 Nov 2024,RFQ,Jjs T.S.,"BIOT-121.02 N4008421R0001-X004, EProject 1701534 REPLACE FSS FIRE PROTECTION FOAM SYSTEM FROM F-410 TO TANK 1-11",Benzene Direct Reading Meter - As Per Attached Approved Quotation,Machine / Equipments,Mechanical,7373,USD,Marman I.,Order
1187,RFQ-6718-V40018,MVL USA JV LLC,19 Nov 2024,RFQ,The S.C.,"BIOT-121.48 N4008424F4064 EPROJECT 1718005 QC2011 REPLACE ADRF PUMPS 7, 8, AND 9, F-409",External Paints For CS Pipes,Building Materials,Various,9630.22,USD,Rahul N.,Order
1188,RFQ-6746-V40017,MACRO,19 Nov 2024,RFQ,Isam K.T.,"ORD-6746 BIOT-121.55 N4008424F4084 X019 QN7003 - REPAIRS TO BASE POOL, F-105, WON",Plumbing Supports And Hangers,Building Materials,Various,5492.11,AED,Lince M.,Order
1189,RFQ-6852-E6800,MVL USA JV LLC,19 Nov 2024,RFQ,Benfield E.I.,BIOT-121.35 N4008424F4221 QC8067-Repair To Fuel Piping System. F#408 NSF DG,Explosion Proof Flexible Coupling,Electrical,Electrical,14885.1,USD,Rahul N.,Order
1190,RFQ-6746-V40016,MACRO,19 Nov 2024,RFQ,Al M.B.,"ORD-6746 BIOT-121.55 N4008424F4084 X019 QN7003 - REPAIRS TO BASE POOL, F-105, WON",Flexible Connector,Building Materials,Various,1864.8,AED,Lince M.,Order
1191,RFQ-6852-V40018,MACRO,18 Nov 2024,RFQ,Isam K.T.,BIOT-121.35 N4008424F4221 QC8067-Repair To Fuel Piping System. F#408 NSF DG,Hardware For Civil Works Fabrications,Building Materials,Various,18320.18,AED,Rahul N.,Order
1192,RFQ-6746-V40015,MACRO,18 Nov 2024,RFQ,Smith I.G.,"ORD-6746 BIOT-121.55 N4008424F4084 X019 QN7003 - REPAIRS TO BASE POOL, F-105, WON",Gaskets,Building Materials,Various,18496,AED,Lince M.,Order
1193,RFQ-6168-V40075,MVL USA JV LLC,18 Nov 2024,RFQ,Sustainable S.L.,"BIOT-121.37 N4008423F4277 REPAIRS TO ORDNANCE OPERATIONS, F-541",Toilet Compartments,Building Materials,Various,6267.71,USD,Rahul N.,Order
1194,RFQ-6746-V40014,MACRO,18 Nov 2024,RFQ,Fastener P.L.,"ORD-6746 BIOT-121.55 N4008424F4084 X019 QN7003 - REPAIRS TO BASE POOL, F-105, WON","Hardware - Bolt, Nut, Washer",Building Materials,Various,7320.88,AED,Lince M.,Order
1195,Q-1005-V7208,MACRO,15 Nov 2024,IQ,Unicef ,LRFQ-2024-9194255-Supply Of Megaphones-UNICEF,LRFQ-2024-9194255-Supply Of Megaphones-UNICEF,Building Materials,Various,24200,USD,Shinso M.,Waiting
1196,RFQ-6718-M4001,MACRO,14 Nov 2024,RFQ,Abdullah H.I.,"BIOT-121.48 N4008424F4064 EPROJECT 1718005 QC2011 REPLACE ADRF PUMPS 7, 8, AND 9, F-409",MILLER WELDING MACHINE AND GENERATOR AS PER ATATCHED APPROVED DATA SHEETS,Machine / Equipments,Mechanical,198560,AED,Marman I.,Order
1197,RFQ-6542-V40022,Yamauchi Gumi,14 Nov 2024,RFQ,Salsbury I.,"JPN-124 FA890323C0031 Renovate Bldgs 111, 116 And 119 At Okinawa, Japan.",Metal Locker,Building Materials,Various,2090,USD,Shinso M.,Order
1198,RFQ-7027-V40004,MVL USA JV LLC,14 Nov 2024,RFQ,V-trust I.S.,"BIOT-121.63 N4008424F4424 QC3010 REPLACE HVAC SYSTEM, F-161 (NGIS 19)",Pre-Shipment Inspection,Building Materials,Various,268,USD,Shinso M.,Order
1199,RFQ-6746-V40013,MACRO,14 Nov 2024,RFQ,Gulf O.&.,"ORD-6746 BIOT-121.55 N4008424F4084 X019 QN7003 - REPAIRS TO BASE POOL, F-105, WON",Sight Glass,Building Materials,Various,4500,AED,Lince M.,Order
1200,Q-1005-M4078,MACRO,14 Nov 2024,IQ,"U.s. E.,.",PR14942238MD-Supply Of Blueair Filter 500/600 Series-US Embassy-Egypt,PR14942238MD-Supply Of Blueair Filter 500/600 Series-US Embassy-Egypt,Machine / Equipments,Mechanical,84750,USD,Shinso M.,Waiting
1201,Q-1005-P4255,MV LLC,14 Nov 2024,IQ,American C.G.,19GE5025Q0002-Supply &amp; Delivery Of Uniforms For ISF-Lebonan,19GE5025Q0002-Supply &amp; Delivery Of Uniforms For ISF-Lebanon,PPE,Protection,0,USD, ,Waiting
1202,RFQ-6705-M4007,"MVL USA, INC",14 Nov 2024,RFQ,Troxler E.L.,"RMI-125 W9128A23C0010 FY23 MCA PN 080242 Medical Clinic, U.S. Army Garrison, Kwajalein Atoll, Republic Of The Marshall Islands (RMI)",SUPPLY AND DELIVERY OF Kit - 4590 EGauge 12/2 W/Acc,Machine / Equipments,Mechanical,22200,USD,Marman I.,Order
1203,RFQ-6746-V40012,MVL USA JV LLC,13 Nov 2024,RFQ,Tic L.E.,"ORD-6746 BIOT-121.55 N4008424F4084 X019 QN7003 - REPAIRS TO BASE POOL, F-105, WON",Water Meter,Building Materials,Various,3124.95,USD,Lince M.,Order
1204,RFQ-6542-E6809,Yamauchi Gumi,13 Nov 2024,RFQ,Tic L.E.,"JPN-124 FA890323C0031 Renovate Bldgs 111, 116 And 119 At Okinawa, Japan.---$1-5M Renovation Project In Okinawa","Interior Light Fittings (Type -A1,A1E,SE,X3,X4)",Electrical,Electrical,22455,USD,Rahul N.,Order
1205,RFQ-5829-E6816,MACRO,13 Nov 2024,RFQ,Excel E.T.,"ORD-5829 UAE-123R W912ER22C0026 P-960 Triton Operational Facility, United Arab Emirates",Procurement Support - Single Core PVC/LSF Wires (Make: MESC) &amp; Heat-resistant Flexible Wires (Make : TEKAB),Electrical,Electrical,212430.75,AED,Marman I.,Waiting
1206,RFQ-5829-V40021,MACRO,13 Nov 2024,RFQ,Extol I.T.,"ORD-5829 UAE-123R W912ER22C0026 P-960 Triton Operational Facility, United Arab Emirates",External Lighting Fixtures As Per Attached Submittal,Building Materials,Various,250082.56,AED,Marman I.,Order
1207,RFQ-6542-E6808,Yamauchi Gumi,12 Nov 2024,RFQ,Benfield E.I.,"JPN-124 FA890323C0031 Renovate Bldgs 111, 116 And 119 At Okinawa, Japan.---$1-5M Renovation Project In Okinawa",Disconnect Switch For Garbage Disposal,Electrical,Electrical,284.9,USD,Rahul N.,Order
1208,RFQ-7039-V40001,MVL USA JV LLC,12 Nov 2024,RFQ,Leeds S.C.,"ORD-7039 BIOT-121.60 N4008424F4507 EProject 1693634 REPAIR SPP F1SA AND F2S OVERHEAD FEEDERS, RM20-1216",Quicseal 713,Building Materials,Various,16140,USD,Lince M.,Order
1209,RFQ-6168-V40074,MVL USA JV LLC,12 Nov 2024,RFQ,Acudor P.I.,"BIOT-121.37 N4008423F4277 REPAIRS TO ORDNANCE OPERATIONS, F-541",Access Doors,Building Materials,Various,2041,USD,Rahul N.,Order
1210,RFQ-6705-V40018,"MVL USA, INC",12 Nov 2024,RFQ,Lowes ,"RMI-125 W9128A23C0010 FY23 MCA PN 080242 Medical Clinic, U.S. Army Garrison, Kwajalein Atoll, Republic Of The Marshall Islands (RMI)",Concrete Mix &amp; 4cu Ft Mixer,Building Materials,Various,6912.24,USD,Vinith B.,Order
1211,RFQ-6705-V40017,"MVL USA, INC",11 Nov 2024,RFQ,Saygan G.S.,"RMI-125 W9128A23C0010 FY23 MCA PN 080242 Medical Clinic, U.S. Army Garrison, Kwajalein Atoll, Republic Of The Marshall Islands (RMI)",Epoxy Coated Rebars No 4 And No.6,Building Materials,Various,25195.58,USD,Vinith B.,Order
1212,RFQ-6705-V40016,"MVL USA, INC",11 Nov 2024,RFQ,Dateline E.I.,"RMI-125 W9128A23C0010 FY23 MCA PN 080242 Medical Clinic, U.S. Army Garrison, Kwajalein Atoll, Republic Of The Marshall Islands (RMI)","OSB, Wall Board, Doug Fir Lumber",Building Materials,Various,29972.1,USD,Vinith B.,Order
1213,RFQ-7198-E6800,"MVL USA, INC",11 Nov 2024,RFQ,Gulf F.T.,"ORD-7198 KUW-129.70 W5J9JE24F0016 Weather Shelter #5 Project #2 Camp Buering, Kuwait",Low Velocity Fan Weather Shelter 5 As Per Approved Submittal,Electrical,Electrical,22465.95,USD,Marman I.,Order
1214,RFQ-7205-E6800,"MVL USA, INC",11 Nov 2024,RFQ,Gulf F.T.,"ORD-7205 KUW-129.71 W5J9JE24F0015 Weather Shelter 4, Project #1 Camp Buering, Kuwait",Low Velocity Fan Weather Shelter 4 As Per Approved Submittal,Electrical,Electrical,22465.95,USD,Marman I.,Order
1215,RFQ-7204-E6800,"MVL USA, INC",11 Nov 2024,RFQ,Gulf F.T.,"ORD-7204 KUW-129.73 W5J9JE24F0017 Weather Shelter 3, Project  #3, Camp Buering Kuwait",Low Velocity Fan Weather Shelter 3 As Per Approved Submittal,Electrical,Electrical,22465.95,USD,Marman I.,Order
1216,RFQ-6542-V40021,Yamauchi Gumi,11 Nov 2024,RFQ,Larson E.L.,"JPN-124 FA890323C0031 Renovate Bldgs 111, 116 And 119 At Okinawa, Japan.---$1-5M Renovation Project In Okinawa",Explosion Proof Photocell,Building Materials,Various,1098.94,USD,Rahul N.,Order
1217,RFQ-6542-V40018A,Yamauchi Gumi,11 Nov 2024,RFQ,Extol I.F.,"JPN-124 FA890323C0031 Renovate Bldgs 111, 116 And 119 At Okinawa, Japan.---$1-5M Renovation Project In Okinawa",Exterior Light Fittings,Building Materials,Various,20557,USD,Rahul N.,Order
1218,RFQ-6542-V40020,MVL USA JV LLC,11 Nov 2024,RFQ,Larson E.L.,"JPN-124 FA890323C0031 Renovate Bldgs 111, 116 And 119 At Okinawa, Japan.---$1-5M Renovation Project In Okinawa",Explosion Proof Photocell,Building Materials,Various,1098.94,USD, ,Waiting
1219,Q-1005-M4077,MACRO,10 Nov 2024,IQ,Unicef K.,Toyota Land Cruiser Ambulances.,Toyota Land Cruiser LC78 4X4 Ambulance - LITB-2024- 9193755,Machine / Equipments,Mechanical,165000,USD,Shinso M.,Waiting
1220,RFQ-6746-V40011,MVL USA JV LLC,08 Nov 2024,RFQ,Mapei C.,"ORD-6746 BIOT-121.55 N4008424F4084 X019 QN7003 - REPAIRS TO BASE POOL, F-105, WON","Tile Grout, Cleaner, Bond Coat",Building Materials,Various,16131.91,USD,Lince M.,Order
1221,RFQ-6718-S9102,MACRO,08 Nov 2024,RFQ,Tuv S.M.,"BIOT-121.48 N4008424F4064 EPROJECT 1718005 QC2011 REPLACE ADRF PUMPS 7, 8, AND 9, F-409",TPI - CS Pipes &amp; Fittings (small Sized) &amp; SS Fittings,Services,Services,1050,AED,Rahul N.,Order
1222,RFQ-5829-E6815,MACRO,08 Nov 2024,RFQ,Al Z.G.,"ORD-5829 UAE-123R W912ER22C0026 P-960 Triton Operational Facility, United Arab Emirates",PROCUREMENT SUPPORT - LV CABLES - AS PER ATTACHED SUBMITTAL,Electrical,Electrical,4545155,AED,Marman I.,Order
1223,RFQ-6852-V40017,MACRO,07 Nov 2024,RFQ,Fastener P.L.,BIOT-121.35 N4008424F4221 QC8067-Repair To Fuel Piping System. F#408 NSF DG,SS Hardware For Square Section,Building Materials,Various,826.56,AED,Rahul N.,Order
1224,Q-1005-V7207,MACRO,07 Nov 2024,IQ,Iom -.U.,4200732979-Supply Of Vacuum Flask-IOM Ukrainee,4200732979-Supply Of Vacuum Flask-IOM Ukraine,Building Materials,Various,169650,USD,Shinso M.,Waiting
1225,RFQ-6952-E6800,MVL USA JV LLC,07 Nov 2024,RFQ,Benfield E.I.,"ORD-6952 BIOT-121.62 N4008424F4368 QC3005-PROVIDE SUPPORT TO NMCB TO CONSTRUCT NEW CONCRETE PAD, NEW TFS F-980A, DG",Panel Board,Electrical,Electrical,2857.14,USD,Lince M.,Order
1226,RFQ-6718-V40017,MVL USA JV LLC,06 Nov 2024,RFQ,App M.,"BIOT-121.48 N4008424F4064 EPROJECT 1718005 QC2011 REPLACE ADRF PUMPS 7, 8, AND 9, F-409",U-Bolt Set With Friction Pads,Building Materials,Various,5578.04,USD,Rahul N.,Order
1227,RFQ-6841-M4103,MVL USA JV LLC,06 Nov 2024,RFQ,S.k.m. A.C.,"BIOT-121.54 N4008424F4212 QS6063 - REPLACE AC UNIT, UPH-23, F-171, WO#1575078",Packaged Air Conditioning Unit (PACU),Mechanical Items,Mechanical,140000,AED,Rahul N.,Order
1228,RFQ-6705-V40015,"MVL USA, INC",06 Nov 2024,RFQ,White C.S.,"RMI-125 W9128A23C0010 FY23 MCA PN 080242 Medical Clinic, U.S. Army Garrison, Kwajalein Atoll, Republic Of The Marshall Islands (RMI)",Hand Tools,Building Materials,Various,6684.8,USD,Vinith B.,Order
1229,RFQ-6705-V40014,"MVL USA, INC",06 Nov 2024,RFQ,Parsons ,"RMI-125 W9128A23C0010 FY23 MCA PN 080242 Medical Clinic, U.S. Army Garrison, Kwajalein Atoll, Republic Of The Marshall Islands (RMI)",SUPPLY AND DELIVERY OF 90 CUBIC YARDS OF BATCH CONDRETE,Building Materials,Various,21610,USD,Marman I.,Order
1230,Q-1005-V7206,MACRO,05 Nov 2024,IQ,380 E.C.,MVL Trading - Packing Materials,Packing Materials,Building Materials,Various,9103.5,AED,Shinso M.,Waiting
1231,RFQ-6718-V40015B,MVL USA JV LLC,05 Nov 2024,RFQ,Hidayath H.I.,"BIOT-121.48 N4008424F4064 EPROJECT 1718005 QC2011 REPLACE ADRF PUMPS 7, 8, AND 9, F-409",Square Hollow Sections (SHS),Building Materials,Various,123500,AED,Rahul N.,Order
1232,RFQ-5532-M4026,MVL USA JV LLC,05 Nov 2024,RFQ,Meka ,BIOT-121 N4008421D0082/N4008421R0079 AEC DB DBB MACC,MEKA 100 DRY CONCRETE BATCHING PLANT,Machine / Equipments,Mechanical,215500,EURO,Marman I.,Order
1233,Q-1005-V4204,MACRO,05 Nov 2024,IQ,Fao ,2024/FRSOM/1295760Procurment Of Milk Container-Somalia,2024/FRSOM/1295760Procurment Of Milk Container-Somalia,Containers,Various,178596,USD,Shinso M.,Waiting
1234,RFQ-6718-V40016,MVL USA JV LLC,04 Nov 2024,RFQ,Jet F.S.,"BIOT-121.48 N4008424F4064 EPROJECT 1718005 QC2011 REPLACE ADRF PUMPS 7, 8, AND 9, F-409","AAV, PRV &amp; Cam Lock",Building Materials,Various,5850.34,USD,Rahul N.,Order
1235,RFQ-6852-V40016,MVL USA JV LLC,04 Nov 2024,RFQ,Jet F.S.,,"AAV, PRV &amp; Cam Lock",Building Materials,Various,5850.34,USD, ,Waiting
1236,RFQ-6852-V40012A,MVL USA JV LLC,04 Nov 2024,RFQ,Benfield E.I.,BIOT-121.35 N4008424F4221 QC8067-Repair To Fuel Piping System. F#408 NSF DG,Electrical Materials,Building Materials,Various,150000,USD,Rahul N.,Order
1237,RFQ-5532-V40047,MACRO,04 Nov 2024,RFQ,Cresco M.E.,BIOT-121 N4008421D0082/N4008421R0079 AEC DB DBB MACC,ADDITIONAL MATERIALS FOR SEWER AND WATERLINES - E,Building Materials,Various,3102.75,AED,Marman I.,Order
1238,RFQ-6746-V40010A,MACRO,04 Nov 2024,RFQ,Extol I.F.,"ORD-6746 BIOT-121.55 N4008424F4084 X019 QN7003 - REPAIRS TO BASE POOL, F-105, WON1587110, DG",Hangers And Supports,Building Materials,Various,12310,AED,Lince M.,Order
1239,RFQ-6718-V40015A,MVL USA JV LLC,01 Nov 2024,RFQ,Hidayath H.I.,"BIOT-121.48 N4008424F4064 EPROJECT 1718005 QC2011 REPLACE ADRF PUMPS 7, 8, AND 9, F-409",Square Hollow Sections (SHS),Building Materials,Various,101500,AED,Rahul N.,Order
1240,RFQ-6718-V40015,MVL USA JV LLC,01 Nov 2024,RFQ,Hidayath H.I.,"BIOT-121.48 N4008424F4064 EPROJECT 1718005 QC2011 REPLACE ADRF PUMPS 7, 8, AND 9, F-409",Square Hollow Sections (SHS),Building Materials,Various,99000,AED,Rahul N.,Order
1241,RFQ-7027-E6801,MVL USA JV LLC,01 Nov 2024,RFQ,Tic L.E.,"BIOT-121.63 N4008424F4424 QC3010 REPLACE HVAC SYSTEM, F-161 (NGIS 19) - X021",Electrical Materials,Electrical,Electrical,31200,USD,Rahul N.,Order
1242,RFQ-7027-E6800,MVL USA JV LLC,01 Nov 2024,RFQ,Benfield E.I.,"BIOT-121.63 N4008424F4424 QC3010 REPLACE HVAC SYSTEM, F-161 (NGIS 19) - X021",PVC Coated Pipes &amp; Fittings,Electrical,Electrical,17000,USD,Rahul N.,Order
1243,Q-1005-V7205,MACRO,01 Nov 2024,IQ,American E.H.,Supply &amp; Delivery Of Blueair Filter,Supply &amp; Delivery Of Blueair Filter - U.S. Embassy Hanoi,Building Materials,Various,12400,USD,Shinso M.,Waiting
1244,RFQ-1005-V7204,MACRO,31 Oct 2024,RFQ,Fantastic E.F.,MVL Trading - Supply Of The Smoke Stop 400 Series Air Filters,Smoke Stop 400 Series Air Filters,Building Materials,Various,29767.5,AED,Shinso M.,Order
1245,RFQ-5829-A5202,MACRO,31 Oct 2024,RFQ,Lakshmi M.T.,"ORD-5829 UAE-123R W912ER22C0026 P-960 Triton Operational Facility, United Arab Emirates",FREE ISSUED - TRITON STEEL DOORS - AS PER APPROVED SUBMITTAL,Doors,Architectural,1208992.38,AED,Marman I.,Order
1246,RFQ-6718-V40014,MACRO,30 Oct 2024,RFQ,Isam K.T.,"BIOT-121.48 N4008424F4064 EPROJECT 1718005 QC2011 REPLACE ADRF PUMPS 7, 8, AND 9, F-409",Pipe Supports,Building Materials,Various,46404,AED, ,Order
1247,RFQ-5683-V40020,MVL USA JV LLC,30 Oct 2024,RFQ,Scott &.F.,"BIOT-121.10 N4008422F4478 / N4008421R0079 X010 CONSTRUCT STORAGE ROOM &amp;amp; RENOVATE BREAKROOMS, F-937 &amp; F-938",Roofing Sheets,Building Materials,Various,5918.15,USD,Rahul N.,Order
1248,RFQ-6542-E6807,Yamauchi Gumi,30 Oct 2024,RFQ,Tic L.E.,"JPN-124 FA890323C0031 Renovate Bldgs 111, 116 And 119 At Okinawa, Japan.",Thermostatric Mixing Valve,Electrical,Electrical,5194.91,USD,Shinso M.,Order
1249,RFQ-5532-F7002,MVL USA JV LLC,30 Oct 2024,RFQ,Mvl F.B.,BIOT-121 N4008421D0082/N4008421R0079 AEC DB DBB MACC,"SUPPLY OF PRIMERS, TOP COAT AND THINNERS",Firestop/ DC 315,Fire,5042.54,AED,Marman I.,Order
1250,RFQ-5829-A5301,MACRO,29 Oct 2024,RFQ,Sas e.B.,"ORD-5829 UAE-123R W912ER22C0026 P-960 Triton Operational Facility, United Arab Emirates",FREE ISUUED - EXTERIOR PAINTS - TRITON AS PER APPROVED SUBMITTALS,Paints,Architectural,19199.25,AED,Marman I.,Order
1251,RFQ-5829-V40020,MACRO,29 Oct 2024,RFQ,Sas e.B.,"ORD-5829 UAE-123R W912ER22C0026 P-960 Triton Operational Facility, United Arab Emirates",FREE ISUUED - INTERIOR PAINTS - TRITON AS PER APPROVED SUBMITTALS,Building Materials,Various,204729,AED,Marman I.,Order
1252,RFQ-6852-A5301,MVL USA JV LLC,28 Oct 2024,RFQ,The S.C.,BIOT-121.35 N4008424F4221 QC8067-Repair To Fuel Piping System. F#408 NSF DG,Paints &amp; Coatings,Paints,Architectural,6610.51,USD, ,Order
1253,RFQ-6705-V4356,"MVL USA, INC",28 Oct 2024,RFQ,Foshan I.T.,"RMI-125 W9128A23C0010 FY23 MCA PN 080242 Medical Clinic, U.S. Army Garrison, Kwajalein Atoll, Republic Of The Marshall Islands (RMI)",Supply Of Lumber - Kwajalein Consumables,Misc.,Various,5785,USD,Marman I.,Order
1254,RFQ-5683-V40019,MVL USA JV LLC,25 Oct 2024,RFQ,Scott &.F.,"BIOT-121.10 N4008422F4478 / N4008421R0079 X010 CONSTRUCT STORAGE ROOM &amp;amp; RENOVATE BREAKROOMS, F-937 &amp; F-938",Roofing Sheets (for F938),Building Materials,Various,25301.95,USD, ,Order
1255,RFQ-6718-M4101,MVL USA JV LLC,25 Oct 2024,RFQ,Morex I.,"BIOT-121.48 N4008424F4064 EPROJECT 1718005 QC2011 REPLACE ADRF PUMPS 7, 8, AND 9, F-409",Ball &amp; Check Valves,Mechanical Items,Mechanical,29556.6,USD,Rahul N.,Order
1256,RFQ-6841-E6801,MVL USA JV LLC,25 Oct 2024,RFQ,Tic L.E.,"BIOT-121.54 N4008424F4212 QS6063 - REPLACE AC UNIT, UPH-23, F-171, WO#1575078",Conduit &amp; Fittings,Electrical,Electrical,7786.32,USD,Rahul N.,Order
1257,RFQ-6841-E6800,MVL USA JV LLC,25 Oct 2024,RFQ,Benfield E.I.,"BIOT-121.54 N4008424F4212 QS6063 - REPLACE AC UNIT, UPH-23, F-171, WO#1575078",Electrical Materials,Electrical,Electrical,26500,USD,Rahul N.,Order
1258,RFQ-6705-V40013,"MVL USA, INC",25 Oct 2024,RFQ,White C.S.,"RMI-125 W9128A23C0010 FY23 MCA PN 080242 Medical Clinic, U.S. Army Garrison, Kwajalein Atoll, Republic Of The Marshall Islands (RMI)",Stud Plate,Building Materials,Various,763.12,USD,Vinith B.,Order
1259,RFQ-5695-M4103,MVL USA JV LLC,24 Oct 2024,RFQ,Zhengzhou Y.C.,"BIOT-121.16 N4008422F4476 QC1018 REPAIR BOLLARDS, POL PIER",Electric Core Driling Machine - Model :YG-400G 110V 60 Hz With Accessories,Mechanical Items,Mechanical,5631,USD,Marman I.,Order
1260,Q-1005-M4076,MACRO,24 Oct 2024,IQ,Iom -.U.,RFQPROC#2024-0913-Supply &amp; Delivery Of Mobile Toilets-Lebonan,Supply &amp; Delivery Of Mobile Toilets-Lebanon,Machine / Equipments,Mechanical,44090,USD,Shinso M.,Waiting
1261,RFQ-6168-S9101,MACRO,23 Oct 2024,RFQ,Tuv S.M.,"BIOT-121.37 N4008423F4277 REPAIRS TO ORDNANCE OPERATIONS, F-541",TPI For Steel Door &amp; Frames,Services,Services,456.75,USD,Rahul N.,Order
1262,RFQ-1005-V7203,MV LLC,23 Oct 2024,RFQ,Hariom I.&.,MVL Trading -Supply Order For The Epoxy Coated Rebars.,Epoxy Coated Rebars.,Building Materials,Various,23027.2,USD,Shinso M.,Order
1263,RFQ-5503-S9089,MVL Greece,23 Oct 2024,RFQ,Rssi B.L.,ORD-5503 GRE-121 N6247022C0002 Communication Center - Souda Bay,FREE ISSUED - Supply And Delivery Of VEHICLE BARRIERS &amp; PERIMETER SECURITY - As Per Approved Documents,Subcontract,Services,158817.16,USD,Marman I.,Order
1264,RFQ-6718-V40013,MVL USA JV LLC,22 Oct 2024,RFQ,Cra T.L.,"BIOT-121.48 N4008424F4064 EPROJECT 1718005 QC2011 REPLACE ADRF PUMPS 7, 8, AND 9, F-409",CS Pipes And Fittings (small Sized),Building Materials,Various,6689.5,USD,Rahul N.,Order
1265,RFQ-6746-V40010,MACRO,22 Oct 2024,RFQ,Extol I.F.,"ORD-6746 BIOT-121.55 N4008424F4084 X019 QN7003 - REPAIRS TO BASE POOL, F-105, WON1587110, DG",Hangers And Supports,Building Materials,Various,10035,AED,Lince M.,Order
1266,RFQ-6852-V40015,MACRO,22 Oct 2024,RFQ,Isam K.T.,BIOT-121.35 N4008424F4221 QC8067-Repair To Fuel Piping System. F#408 NSF DG,Supports For Electrical Items,Building Materials,Various,32770.8,AED,Rahul N.,Order
1267,RFQ-6852-V40014,MVL USA JV LLC,22 Oct 2024,RFQ,Fastener P.L.,BIOT-121.35 N4008424F4221 QC8067-Repair To Fuel Piping System. F#408 NSF DG,Hardware,Building Materials,Various,20350.68,AED,Rahul N.,Order
1268,RFQ-5532-V40046,MACRO,22 Oct 2024,RFQ,Metal a.M.,BIOT-121 N4008421D0082/N4008421R0079 AEC DB DBB MACC,"PACKING, CONTAINER LOADING AND LASHING FOR ORDERS 5532-V40040 AND 5532-V40041",Building Materials,Various,30870,AED,Marman I.,Order
1269,Q-1005-T6971,MACRO,22 Oct 2024,IQ,Unhcr ,"ITB/ZIMHA/2024/001-Supply Of Disposable Sanitary Items-UNHCR, Zimbabwe","Supply Of Disposable Sanitary Items-UNHCR, Zimbabwe",Tools,Tools,45000,USD,Shinso M.,Waiting
1270,Q-1005-V7202,MACRO,22 Oct 2024,IQ,"American C.,.",PR14934317-Supply &amp; Delivery Of BlueAir Filter-US Consulate Dubai,Supply &amp; Delivery Of BlueAir Filter-US Consulate Dubai,Building Materials,Various,46147.5,AED,Shinso M.,Order
1271,RFQ-6542-V40019,Yamauchi Gumi,21 Oct 2024,RFQ,Blue L.T.,"JPN-124 FA890323C0031 Renovate Bldgs 111, 116 And 119 At Okinawa, Japan.---$1-5M Renovation Project In Okinawa","Floor Drain, Cleanouts And Sinks",Building Materials,Various,1249,USD, ,Waiting
1272,RFQ-6705-V40012,"MVL USA, INC",21 Oct 2024,RFQ,Dateline E.I.,"RMI-125 W9128A23C0010 FY23 MCA PN 080242 Medical Clinic, U.S. Army Garrison, Kwajalein Atoll, Republic Of The Marshall Islands (RMI)",Lumber For LSA,Building Materials,Various,25605.76,USD,Vinith B.,Order
1273,RFQ-6542-E6806,Yamauchi Gumi,21 Oct 2024,RFQ,Tic L.E.,"JPN-124 FA890323C0031 Renovate Bldgs 111, 116 And 119 At Okinawa, Japan.---$1-5M Renovation Project In Okinawa",Special (Dryer) Receptacle,Electrical,Electrical,146.72,USD,Rahul N.,Order
1274,RFQ-6542-V40018,Yamauchi Gumi,21 Oct 2024,RFQ,Extol I.F.,"JPN-124 FA890323C0031 Renovate Bldgs 111, 116 And 119 At Okinawa, Japan.---$1-5M Renovation Project In Okinawa",Exterior Light Fittings,Building Materials,Various,74121,AED,Rahul N.,Order
1275,RFQ-6542-E6805,MVL USA JV LLC,21 Oct 2024,RFQ,Tic L.E.,"JPN-124 FA890323C0031 Renovate Bldgs 111, 116 And 119 At Okinawa, Japan.---$1-5M Renovation Project In Okinawa",Special (Dryer) Receptacle,Electrical,Electrical,146.72,USD, ,Cancled
1276,RFQ-1569-O74,MACRO,21 Oct 2024,RFQ,Black B.T.,MVL Group Office Related POs,NISTCMMC Project Implementation - Additional 20 MS Licenses,Computer Peripherals,Office Assets,47964,AED,Marman I.,Order
1277,RFQ-5695-V40013A,MACRO,18 Oct 2024,RFQ,Sodamco S.A.,"BIOT-121.16 N4008422F4476 QC1018 REPAIR BOLLARDS, POL PIER",Silica Fume,Building Materials,Various,281468.25,AED,Rahul N.,Order
1278,RFQ-6952-V40011,MACRO,18 Oct 2024,RFQ,Al B.A.,"ORD-6952 BIOT-121.62 N4008424F4368 QC3005-PROVIDE SUPPORT TO NMCB TO CONSTRUCT NEW CONCRETE PAD, NEW TFS F-980A, DG",Conduits And Fittings,Building Materials,Various,6969.14,AED,Lince M.,Order
1279,RFQ-6952-A5301,MACRO,17 Oct 2024,RFQ,Bm M.E.,"ORD-6952 BIOT-121.62 N4008424F4368 QC3005-PROVIDE SUPPORT TO NMCB TO CONSTRUCT NEW CONCRETE PAD, NEW TFS F-980A, DG",Paints And Coatings,Paints,Architectural,6141,USD,Lince M.,Order
1280,RFQ-6852-V40013,MACRO,17 Oct 2024,RFQ,Smith I.G.,BIOT-121.35 N4008424F4221 QC8067-Repair To Fuel Piping System. F#408 NSF DG,Gaskets,Building Materials,Various,23419.4,AED,Rahul N.,Order
1281,RFQ-6705-V40011,MACRO,17 Oct 2024,RFQ,Rig S.F.,"ORD - 6705 RMI-125 W9128A23C0010 PY23 MCA PN 080242 Medical Clinic, U.S. Army Garrison, Kwajalein Atoll, Republic Of The Marshal: Islands (RMI)",SAFETY MATERIAL - KWAJALEIN,Building Materials,Various,13605,AED,Marman I.,Cancled
1282,Q-1005-V7201,MACRO,17 Oct 2024,IQ,Us E.A.,PR14926115-Supply &amp; Delivery Of Blueair Filter-US Embassy Abu Dhabi,Supply &amp; Delivery Of Blueair Filter-US Embassy Abu Dhabi,Building Materials,Various,35280,AED,Shinso M.,Waiting
1283,RFQ-5829-E6814,MACRO,17 Oct 2024,RFQ,Arabian G.S.,"ORD-5829 UAE-123R W912ER22C0026 P-960 Triton Operational Facility, United Arab Emirates",Supply Of Low Voltage Motor Control Center,Electrical,Electrical,94048.5,AED,Marman I.,Order
1284,RFQ-5695-V40013,MACRO,17 Oct 2024,RFQ,Sodamco S.A.,"BIOT-121.16 N4008422F4476 QC1018 REPAIR BOLLARDS, POL PIER",Silica Fume,Building Materials,Various,268065,AED,Rahul N.,Order
1285,RFQ-6852-V40012,MVL USA JV LLC,16 Oct 2024,RFQ,Kelly &.H.,BIOT-121.35 N4008424F4221 QC8067-Repair To Fuel Piping System. F#408 NSF DG,Electrical Materials,Building Materials,Various,180387.69,USD,Rahul N.,Order
1286,RFQ-6852-V40011,MVL USA JV LLC,16 Oct 2024,RFQ,Al B.A.,BIOT-121.35 N4008424F4221 QC8067-Repair To Fuel Piping System. F#408 NSF DG,Rigid &amp; Flexible Conduits &amp; Fittings,Building Materials,Various,151708.45,AED,Rahul N.,Order
1287,RFQ-6718-V40010A,MVL Italy,16 Oct 2024,RFQ,Smith I.G.,"BIOT-121.48 N4008424F4064 EPROJECT 1718005 QC2011 REPLACE ADRF PUMPS 7, 8, AND 9, F-409",Gaskets,Building Materials,Various,32172.4,AED,Rahul N.,Order
1288,RFQ-5532-V40045,MACRO,16 Oct 2024,RFQ,Extol I.F.,BIOT-121 N4008421D0082/N4008421R0079 AEC DB DBB MACC,Man Camp #01 Construction - Electrical Materials For Units&amp; Common,Building Materials,Various,25072.5,AED,Marman I.,Order
1289,RFQ-6952-V40010,MVL USA JV LLC,16 Oct 2024,RFQ,Hariom I.&.,"ORD-6952 BIOT-121.62 N4008424F4368 QC3005 - PROVIDE SUPPORT TO NMCB TO CONSTRUCT NEW CONCRETE PAD, NEW TFS F-980A, DG",Rebar And Dowel Bars,Building Materials,Various,22821.58,USD,Shinso M.,Order
1290,RFQ-6705-V4355,MACRO,16 Oct 2024,RFQ,Smile C.,"ORD - 6705 RMI-125 W9128A23C0010 PY23 MCA PN 080242 Medical Clinic, U.S. Army Garrison, Kwajalein Atoll, Republic Of The Marshal: Islands (RMI)",Magnet Sticker (45 Cm By 15 Cm) And Vinyl Sticker (10 Cm By 2.5 Cm),Misc.,Various,976.5,AED,Marman I.,Order
1291,Q-1005-L4167,MACRO,16 Oct 2024,IQ,Unicef ,"LITB-2024-9193258 - Supply &amp; Delivery Of  Mobile Clinic Vehicle-UNICEF, South Africa","Supply &amp; Delivery Of  Mobile Clinic Vehicle-UNICEF, South Africa",Transportation,Logistics,194000,USD,Shinso M.,Waiting
1292,RFQ-6718-V40007A,MVL USA JV LLC,16 Oct 2024,RFQ,Advance P.&.,"BIOT-121.48 N4008424F4064 EPROJECT 1718005 QC2011 REPLACE ADRF PUMPS 7, 8, AND 9, F-409",Flange Protectors &amp; Flange Isolation Kits,Building Materials,Various,20246.55,USD,Rahul N.,Order
1293,RFQ-6718-V40012,MVL USA JV LLC,15 Oct 2024,RFQ,Fastener P.L.,"BIOT-121.48 N4008424F4064 EPROJECT 1718005 QC2011 REPLACE ADRF PUMPS 7, 8, AND 9, F-409",Hardware,Building Materials,Various,17680.4,AED,Rahul N.,Order
1294,RFQ-7204-S9073,"MVL USA, INC",15 Oct 2024,RFQ,Dalal S.I.,"ORD-7204 KUW-129.73 W5J9JE24F0017 Weather Shelter 3, Project  #3, Camp Buering Kuwait","KUW-129.73 Weather Sheter #3 Project 3 Supply, Design, And Fabrication Of Metal Building System (Weather Shelter)",Subcontract,Services,110000,USD,Marman I.,Order
1295,RFQ-7198-S9072,"MVL USA, INC",15 Oct 2024,RFQ,Dalal S.I.,"ORD-7198 KUW-129.70 W5J9JE24F0016 Weather Shelter #5 Project #2 Camp Buering, Kuwait","KUW-129.70 Weather Sheter #5 Project 2 Supply, Design, And Fabrication Of Metal Building System (Weather Shelter)",Subcontract,Services,110000,USD,Marman I.,Order
1296,RFQ-6168-S9100,MACRO,15 Oct 2024,RFQ,Tuv S.M.,"BIOT-121.37 N4008423F4277 REPAIRS TO ORDNANCE OPERATIONS, F-541",TPI For Blast Rated Aluminum Windows,Services,Services,1050,AED,Rahul N.,Order
1297,RFQ-7205-S9073,"MVL USA, INC",15 Oct 2024,RFQ,Dalal S.I.,"ORD-7205 KUW-129.71 W5J9JE24F0015 Weather Shelter 4, Project #1 Camp Buering, Kuwait","KUW-129.71 Weather Sheter #4 Project 1 Supply, Design, And Fabrication Of Metal Building System (Weather Shelter)",Subcontract,Services,110000,USD,Marman I.,Order
1298,RFQ-6852-V40010,MVL USA JV LLC,14 Oct 2024,RFQ,Scott &.F.,BIOT-121.35 N4008424F4221 QC8067-Repair To Fuel Piping System. F#408 NSF,Mechanical Modular Seal,Building Materials,Various,1072,USD,Rahul N.,Order
1299,RFQ-6718-V40011,MVL USA JV LLC,14 Oct 2024,RFQ,Cra T.L.,"BIOT-121.48 N4008424F4064 EPROJECT 1718005 QC2011 REPLACE ADRF PUMPS 7, 8, AND 9, F-409",SS Fittings,Building Materials,Various,798,USD,Rahul N.,Order
1300,RFQ-6718-V40010,MVL Italy,14 Oct 2024,RFQ,Smith I.G.,"BIOT-121.48 N4008424F4064 EPROJECT 1718005 QC2011 REPLACE ADRF PUMPS 7, 8, AND 9, F-409",Gaskets,Building Materials,Various,31948.4,AED,Rahul N.,Order
1301,RFQ-6542-V40016,Yamauchi Gumi,14 Oct 2024,RFQ,Ruskin T.G.,"JPN-124 FA890323C0031 Renovate Bldgs 111, 116 And 119 At Okinawa, Japan",Egg Crate Grille,Building Materials,Various,394.6,USD,Shinso M.,Order
1302,RFQ-6841-V40004,MVL USA JV LLC,14 Oct 2024,RFQ,Ductmate I.I.,"ORD-6841 BIOT-121.54 N4008424F4212 QS6063 - REPLACE AC UNIT, UPH-23, F-171, WO#1575078",Duct Access Doors,Building Materials,Various,87.32,USD,Rahul N.,Order
1303,RFQ-6542-V40015,"MVL USA, INC",14 Oct 2024,RFQ,Mapei C.,"JPN-124 FA890323C0031 Renovate Bldgs 111, 116 And 119 At Okinawa, Japan.---$1-5M Renovation Project In Okinawa",Crack Repairing Epoxy Grout,Building Materials,Various,4060.97,USD,Shinso M.,Order
1304,Q-1005-V7200,MVL Lebanon,14 Oct 2024,IQ,Fao ,2024/FNLEB/129298-Prtnting ID Cards-FAO-Lebanon,2024/FNLEB/129298-Prtnting ID Cards-FAO-Lebanon,Building Materials,Various,26475,USD,Shinso M.,Waiting
1305,RFQ-7027-M4101,MVL USA JV LLC,10 Oct 2024,RFQ,S.k.m. A.C.,"BIOT-121.63 N4008424F4424 QC3010 REPLACE HVAC SYSTEM, F-161 (NGIS 19) - X021",Packaged Air Conditioning Unit (PACU),Mechanical Items,Mechanical,208000,AED,Rahul N.,Order
1306,RFQ-6952-V40009,MACRO,10 Oct 2024,RFQ,Extol I.F.,"ORD-6952 BIOT-121.62 N4008424F4368 QC3005-PROVIDE SUPPORT TO NMCB TO CONSTRUCT NEW CONCRETE PAD, NEW TFS F-980A, DG",Wires And Cables,Building Materials,Various,9187,AED,Lince M.,Order
1307,RFQ-6841-M4102,MVL USA JV LLC,10 Oct 2024,RFQ,Ruskin (.C.,"BIOT-121.54 N4008424F4212 QS6063 - REPLACE AC UNIT, UPH-23, F-171, WO#1575078",VAV Air Terminal Units,Mechanical Items,Mechanical,68636,USD,Rahul N.,Order
1308,RFQ-7027-M4001,MVL USA JV LLC,10 Oct 2024,RFQ,Zero T.H.,"BIOT-121.63 N4008424F4424 QC3010 REPLACE HVAC SYSTEM, F-161 (NGIS 19)",Customized Flexible Duct,Machine / Equipments,Mechanical,840,USD,Shinso M.,Order
1309,RFQ-5532-V40044,MVL USA JV LLC,10 Oct 2024,RFQ,Power P.F.,BIOT-121 N4008421D0082/N4008421R0079 AEC DB DBB MACC,Man Camp #02 Construction - Sewer And Waterline - D,Building Materials,Various,76352.17,AED,Marman I.,Order
1310,RFQ-6952-V40008,MVL USA JV LLC,09 Oct 2024,RFQ,Kelly &.H.,"ORD-6952 BIOT-121.62 N4008424F4368 QC3005-PROVIDE SUPPORT TO NMCB TO CONSTRUCT NEW CONCRETE PAD, NEW TFS F-980A, DG","Electrical Materials (Splices &amp; Connectors,switches,outlet Boxes,conduits,wires &amp; Cables, UG Structures,Grounding)",Building Materials,Various,16974.72,USD,Lince M.,Order
1311,RFQ-6746-V40009,MVL USA JV LLC,09 Oct 2024,RFQ,Puget S.P.,"ORD-6746 BIOT-121.55 N4008424F4084 X019 QN7003 - REPAIRS TO BASE POOL, F-105, WON1587110, DG",Pipes And Fittings (Charlotte And Spears),Building Materials,Various,19599.39,USD,Lince M.,Order
1312,RFQ-6718-V40008,MACRO,09 Oct 2024,RFQ,Saeed S.K.,"BIOT-121.48 N4008424F4064 EPROJECT 1718005 QC2011 REPLACE ADRF PUMPS 7, 8, AND 9, F-409",Sample Connection,Building Materials,Various,1732.5,AED,Rahul N.,Order
1313,RFQ-6852-V40009,MACRO,09 Oct 2024,RFQ,Isam K.T.,BIOT-121.35 N4008424F4221 QC8067-Repair To Fuel Piping System. F#408 NSF DG,Escutcheon Plate,Building Materials,Various,1680,AED,Rahul N.,Order
1314,RFQ-6542-M4101,Yamauchi Gumi,08 Oct 2024,RFQ,Excel F.G.,"JPN-124 FA890323C0031 Renovate Bldgs 111, 116 And 119 At Okinawa, Japan.",Sanitary Sewer Lift Station,Mechanical Items,Mechanical,74304,USD,Shinso M.,Order
1315,RFQ-6705-V40009,"MVL USA, INC",08 Oct 2024,RFQ,Dateline E.I.,"RMI-125 W9128A23C0010 FY23 MCA PN 080242 Medical Clinic, U.S. Army Garrison, Kwajalein Atoll, Republic Of The Marshall Islands (RMI)",Epoxy Coated Steel Rebars,Building Materials,Various,14026.41,USD,Vinith B.,Order
1316,RFQ-6646-V40003,"MVL USA, INC",07 Oct 2024,RFQ,Heely-brown C.,ORD-6646-USA-155.01 W912HN23F3016 Replace Various Main Post Roofs,"PVC Materials Bldg 2784, 2747",Building Materials,Various,52897.51,USD,Lince M.,Order
1317,RFQ-6645-V40003,"MVL USA, INC",07 Oct 2024,RFQ,Heely-brown C.,"ORD-6645-USA-155.02 W912HN23F3014 Roofs B-2408, 2873,2818,2785,8789",PVC Roofing Materials- Bldg 2408,Building Materials,Various,425028.38,USD,Lince M.,Order
1318,RFQ-6952-V40007,MVL USA JV LLC,07 Oct 2024,RFQ,Extol I.F.,"ORD-6952 BIOT-121.62 N4008424F4368 QC3005-PROVIDE SUPPORT TO NMCB TO CONSTRUCT NEW CONCRETE PAD, NEW TFS F-980A, DG",Wires And Cables,Building Materials,Various,9187,AED,Lince M.,Order
1319,RFQ-6746-V40008,MVL USA JV LLC,07 Oct 2024,RFQ,Blue L.T.,"ORD-6746 BIOT-121.55 N4008424F4084 X019 QN7003 - REPAIRS TO BASE POOL, F-105, WON1587110, DG",Backflow Preventer,Building Materials,Various,1179.5,USD,Lince M.,Order
1320,RFQ-6542-V40014,Yamauchi Gumi,04 Oct 2024,RFQ,Kelly &.H.,"JPN-124 FA890323C0031 Renovate Bldgs 111, 116 And 119 At Okinawa, Japan.---$1-5M Renovation Project In Okinawa",Enclosed Circuit Breaker,Building Materials,Various,585,USD,Rahul N.,Order
1321,RFQ-7027-V40003,MVL USA JV LLC,04 Oct 2024,RFQ,Scott &.F.,"BIOT-121.63 N4008424F4424 QC3010 REPLACE HVAC SYSTEM, F-161 (NGIS 19)",Adhesives For Duct Insulation,Building Materials,Various,596,USD,Rahul N.,Order
1322,RFQ-6746-V40007,MVL USA JV LLC,04 Oct 2024,RFQ,Odores M.L.,"ORD-6746 BIOT-121.55 N4008424F4084 X019 QN7003 - REPAIRS TO BASE POOL, F-105, WON1587110, DG",Porcelain Tiles,Building Materials,Various,45324.34,USD,Lince M.,Order
1323,RFQ-6746-M4105,MACRO,02 Oct 2024,RFQ,M.a.h.y. K.&.,"BIOT-121.55 N4008424F4084 X019 QN7003 - REPAIRS TO BASE POOL, F-105, WON1587110, DG",Control Panels For Plumbing Circulating Pumps,Mechanical Items,Mechanical,21000,AED,Rahul N.,Order
1324,RFQ-6746-M4104,MVL Italy,02 Oct 2024,RFQ,M.a.h.y. K.&.,"BIOT-121.55 N4008424F4084 X019 QN7003 - REPAIRS TO BASE POOL, F-105, WON1587110, DG",Control Panels For Plumbing Circulating Pumps,Mechanical Items,Mechanical,20000,AED, ,Cancled
1325,RFQ-6746-V40006,MVL USA JV LLC,02 Oct 2024,RFQ,Daltile C.,"ORD-6746 BIOT-121.55 N4008424F4084 X019 QN7003 - REPAIRS TO BASE POOL, F-105, WON1587110, DG",Mosaic Tiles,Building Materials,Various,13117.58,USD,Lince M.,Order
1326,RFQ-6705-V40008,"MVL USA, INC",02 Oct 2024,RFQ,Lowes ,"RMI-125 W9128A23C0010 FY23 MCA PN 080242 Medical Clinic, U.S. Army Garrison, Kwajalein Atoll, Republic Of The Marshall Islands (RMI)",Construction/Building Materials For COSA,Building Materials,Various,50581.9,USD,Vinith B.,Order
1327,Q-1005-T6970,MV LLC,02 Oct 2024,IQ,Iom -.U.,31-2024-Supply &amp; Delivery Of Baby Supplies &amp; Miscellaneous Goods-Germany,31-2024-Supply &amp; Delivery Of Baby Supplies &amp; Miscellaneous Goods-Germany,Tools,Tools,84220,EURO,Shinso M.,Waiting
1328,RFQ-6852-V40008,MVL USA JV LLC,01 Oct 2024,RFQ,Jet F.S.,BIOT-121.35 N4008424F4221 QC8067-Repair To Fuel Piping System. F#408 NSF DG,Pump Control System,Building Materials,Various,7192.5,USD,Rahul N.,Order
1329,RFQ-6852-V40007,MVL USA JV LLC,01 Oct 2024,RFQ,Jet F.S.,BIOT-121.35 N4008424F4221 QC8067-Repair To Fuel Piping System. F#408 NSF DG,"Fuel Transfer Pump, Valves And Tank Level Controls",Building Materials,Various,252104.08,USD,Rahul N.,Order
1330,RFQ-6952-V40006,MVL USA JV LLC,01 Oct 2024,RFQ,Kelly &.H.,"BIOT-121.62 N4008424F4368 QC3005 - PROVIDE SUPPORT TO NMCB TO CONSTRUCT NEW CONCRETE PAD, NEW TFS F-980A, DG",Light Fittings,Building Materials,Various,5075,USD,Rahul N.,Order
1331,RFQ-6542-V40013,Yamauchi Gumi,30 Sep 2024,RFQ,Mapei C.,"JPN-124 FA890323C0031 Renovate Bldgs 111, 116 And 119 At Okinawa, Japan.---$1-5M Renovation Project In Okinawa",Crack Repairing Epoxy Grout,Building Materials,Various,4060.97,USD,Shinso M.,Order
1332,RFQ-1569-O73,MACRO,30 Sep 2024,RFQ,Raqmiyat L.,MVL Group Office Related POs,NISTCMMC Project Implementation - 2024 -ZIA Transformation Edition ZPA Essentials Edition Both With Premium Support,Computer Peripherals,Office Assets,194666.34,USD,Marman I.,Order
1333,RFQ-6542-V40012,Yamauchi Gumi,30 Sep 2024,RFQ,Kelly &.H.,"JPN-124 FA890323C0031 Renovate Bldgs 111, 116 And 119 At Okinawa, Japan.---$1-5M Renovation Project In Okinawa",Panel-L,Building Materials,Various,2150,USD,Rahul N.,Order
1334,RFQ-6841-V40003A,MVL USA JV LLC,27 Sep 2024,RFQ,Scott &.F.,"BIOT-121.54 N4008424F4212 QS6063 - REPLACE AC UNIT, UPH-23, F-171, WO#1575078",Duct Cladding Materials &amp; Accessories,Building Materials,Various,5072.4,USD,Rahul N.,Order
1335,Q-1005-V7199,MVL Lebanon,27 Sep 2024,IQ,Unicef ,LITB-2024-9193179-Supply Of Emergency NFI-UNICEF,LITB-2024-9193179-Supply Of Emergency NFI-UNICEF,Building Materials,Various,549000,USD,Shinso M.,Waiting
1336,RFQ-6746-M4103,MVL USA JV LLC,26 Sep 2024,RFQ,Morex I.,"ORD-6746 BIOT-121.55 N4008424F4084 X019 QN7003 - REPAIRS TO BASE POOL, F-105, WON1587110, DG",Plumbing Valves,Mechanical Items,Mechanical,12555.03,USD,Lince M.,Order
1337,RFQ-6852-V40005B,MVL USA JV LLC,26 Sep 2024,RFQ,Kelly &.H.,BIOT-121.35 N4008424F4221 QC8067-Repair To Fuel Piping System. F#408 NSF DG,Earthing &amp; Grounding Materials,Building Materials,Various,11857.55,USD,Rahul N.,Order
1338,RFQ-6852-V40006,MVL USA JV LLC,26 Sep 2024,RFQ,Enventrol ,ORD-6852 BIOT-121.35 N4008424F4221 QC8067-Repair To Fuel Piping System. F#408 NSF DG,Welding Electrodes,Building Materials,Various,2313.4,USD,Rahul N.,Order
1339,RFQ-6645-V40002,"MVL USA, INC",26 Sep 2024,RFQ,O’donnell M.D.,"ORD-6645-USA-155.02 W912HN23F3014 Roofs B-2408, 2873,2818,2785,8789",Steel Decking Building 2408,Building Materials,Various,21740.4,USD,Lince M.,Order
1340,RFQ-4814-A5212,MACRO,26 Sep 2024,RFQ,Lakshmi M.T.,(QTR 193)  W912ER21C0005 - USACE TRANS REGIONAL LOGISTICS COMPLEX (TRLC),Supply And Delivery Of ASSA Abloy Operator &ndash; Entrance Aluminum Windows,Doors,Architectural,35000,AED,Marman I.,Order
1341,RFQ-6746-A5201,MVL USA JV LLC,25 Sep 2024,RFQ,Lakshmi M.T.,"BIOT-121.55 N4008424F4084 X019 QN7003 - REPAIRS TO BASE POOL, F-105, WON1587110, DG",Aluminium Windows,Doors,Architectural,4760.71,USD,Rahul N.,Order
1342,RFQ-5829-E6813,MACRO,25 Sep 2024,RFQ,Arabian G.S.,"ORD-5829 UAE-123R W912ER22C0026 P-960 Triton Operational Facility, United Arab Emirates",LV PANELBOARDS - AS PER APPROVED SUBMITTAL,Electrical,Electrical,844273.5,AED,Marman I.,Order
1343,RFQ-6544-V40011,MVL USA JV LLC,25 Sep 2024,RFQ,Dateline E.I.,BIOT-121.49 N4008423F4678 QC2025 REPAIRS TO FACILITY 824,Blast Windows,Building Materials,Various,70750,AED,Rahul N.,Order
1344,RFQ-6542-E6804,Yamauchi Gumi,25 Sep 2024,RFQ,Tic L.E.,"JPN-124 FA890323C0031 Renovate Bldgs 111, 116 And 119 At Okinawa, Japan.---$1-5M Renovation Project In Okinawa",Special Receptacles,Electrical,Electrical,114.45,USD, ,Waiting
1345,RFQ-6542-E6803,Yamauchi Gumi,25 Sep 2024,RFQ,Benfield E.I.,"JPN-124 FA890323C0031 Renovate Bldgs 111, 116 And 119 At Okinawa, Japan.---$1-5M Renovation Project In Okinawa",Wall Switch For Exhaust Fan,Electrical,Electrical,262.6,USD,Rahul N.,Order
1346,RFQ-1005-V7198,MACRO,24 Sep 2024,RFQ,Gulf C.S.,MVL Trading - Supply Of TATE Raised Floor System,TATE Raised Floor System,Building Materials,Various,19618.2,AED,Shinso M.,Order
1347,RFQ-7027-V40002,MACRO,24 Sep 2024,RFQ,Delta D.A.,"BIOT-121.63 N4008424F4424 QC3010 REPLACE HVAC SYSTEM, F-161 (NGIS 19)-X021",Insulated Flexible Duct And Duct Connector,Building Materials,Various,2409.75,AED,Rahul N.,Order
1348,RFQ-1005-M4075,"MVL USA, INC",24 Sep 2024,RFQ,Contec I.P.,"MVL Trading - Supply Of The Daikin Split Air Conditioner, 1.5 Ton, PR12657851","Daikin Split Air Conditioner, 1.5 Ton",Machine / Equipments,Mechanical,4570000,INR,Shinso M.,Order
1349,RFQ-6542-A5301,Yamauchi Gumi,24 Sep 2024,RFQ,Sherwin W.P.,"JPN-124 FA890323C0031 Renovate Bldgs 111, 116 And 119 At Okinawa, Japan.---$1-5M Renovation Project In Okinawa",Floor Coating Paints,Paints,Architectural,689.72,USD,Shinso M.,Order
1350,RFQ-6542-V40011,Yamauchi Gumi,24 Sep 2024,RFQ,Mannington M.I.,"JPN-124 FA890323C0031 Renovate Bldgs 111, 116 And 119 At Okinawa, Japan.---$1-5M Renovation Project In Okinawa",Wall Base &amp; Wall Base Adhesive,Building Materials,Various,1065,USD,Shinso M.,Order
1351,RFQ-5532-M4103,MVL USA JV LLC,24 Sep 2024,RFQ,Henan Y.M.,BIOT-121 N4008421D0082/N4008421R0079 AEC DB DBB MACC,2ND PRIORITY DG HEAVY EQUIPMENTS B,Mechanical Items,Mechanical,107565,USD,Marman I.,Waiting
1352,RFQ-5532-M4025,MVL USA JV LLC,24 Sep 2024,RFQ,Evangel I.M.,BIOT-121 N4008421D0082/N4008421R0079 AEC DB DBB MACC,2ND PRIORITY DG HEAVY EQUIPMENTS A,Machine / Equipments,Mechanical,150600,USD,Marman I.,Waiting
1353,RFQ-5532-M4024,MVL USA JV LLC,24 Sep 2024,RFQ,Evangel I.M.,BIOT-121 N4008421D0082/N4008421R0079 AEC DB DBB MACC,1ST PRIORITY DG HEAVY EQUIPMENTS,Machine / Equipments,Mechanical,284598,USD,Marman I.,Order
1354,RFQ-7103-M4101,MVL USA JV LLC,24 Sep 2024,RFQ,Harrington I.P.,ORD-7103 BIOT-121.66 N4008424F4645 QC2110 REPLACE DISPLAY FREEZER UNITS F-133 WON1808952,Condensate Pipes And Fittings,Mechanical Items,Mechanical,356.92,USD,Lince M.,Order
1355,RFQ-6718-S9101,MACRO,23 Sep 2024,RFQ,Tuv S.M.,"BIOT-121.48 N4008424F4064 EPROJECT 1718005 QC2011 REPLACE ADRF PUMPS 7, 8, AND 9, F-409",TPI For CS Pipes &amp; Fittings,Services,Services,1050,AED,Rahul N.,Order
1356,RFQ-6746-M4102,MACRO,23 Sep 2024,RFQ,M.a.h.y. K.&.,"BIOT-121.55 N4008424F4084 X019 QN7003 - REPAIRS TO BASE POOL, F-105, WON1587110, DG",Control Panel For Plumbing Circulating Pumps,Mechanical Items,Mechanical,10500,AED, ,Waiting
1357,RFQ-7103-V40004,MVL USA JV LLC,23 Sep 2024,RFQ,Bmet B.M.,ORD-7103 BIOT-121.66 N4008424F4645 QC2110 REPLACE DISPLAY FREEZER UNITS F-133 WON1808952,Acoustic Tiles,Building Materials,Various,3397.56,AED,Lince M.,Order
1358,RFQ-6705-V40007,"MVL USA, INC",23 Sep 2024,RFQ,Builders F.C.,"RMI-125 W9128A23C0010 FY23 MCA PN 080242 Medical Clinic, U.S. Army Garrison, Kwajalein Atoll, Republic Of The Marshall Islands (RMI)",Fence Slats Brown,Building Materials,Various,11715,USD,Vinith B.,Order
1359,RFQ-5532-F7001,MVL USA JV LLC,22 Sep 2024,RFQ,Mvl F.B.,BIOT-121 N4008421D0082/N4008421R0079 AEC DB DBB MACC,Man Camp #01 Construction - Trusses And Roofing Materials B,Firestop/ DC 315,Fire,19285.68,AED,Marman I.,Order
1360,RFQ-5532-V40041,MVL USA JV LLC,22 Sep 2024,RFQ,Matco I.L.,BIOT-121 N4008421D0082/N4008421R0079 AEC DB DBB MACC,Man Camp #01 Construction - Trusses And Roofing Materials A,Building Materials,Various,66819.5,AED,Marman I.,Order
1361,RFQ-5829-V40019,MACRO,21 Sep 2024,RFQ,Leminar A.C.,"ORD-5829 UAE-123R W912ER22C0026 P-960 Triton Operational Facility, United Arab Emirates",Procurement Support - GI Rectangular Duct With Insulation As Per Approved Submittal,Building Materials,Various,459767.47,AED,Marman I.,Order
1362,RFQ-5532-F7000,MVL USA JV LLC,19 Sep 2024,RFQ,Mvl F.B.,BIOT-121 N4008421D0082/N4008421R0079 AEC DB DBB MACC,Man Camp #02 Construction - Trusses And Roofing Materials B,Firestop/ DC 315,Fire,58411.49,AED,Marman I.,Order
1363,RFQ-5532-V40040,MVL USA JV LLC,19 Sep 2024,RFQ,Matco I.L.,BIOT-121 N4008421D0082/N4008421R0079 AEC DB DBB MACC,Man Camp #02 Construction - Trusses And Roofing Materials A,Building Materials,Various,200703,AED,Marman I.,Order
1364,RFQ-7103-V40003,MVL USA JV LLC,19 Sep 2024,RFQ,Kelly &.H.,ORD-7103 BIOT-121.66 N4008424F4645 QC2110 REPLACE DISPLAY FREEZER UNITS F-133 WON1808952,Circuit Breaker,Building Materials,Various,870,USD,Lince M.,Order
1365,RFQ-6746-V40005,MVL USA JV LLC,18 Sep 2024,RFQ,Wms A.,"ORD-6746 BIOT-121.55 N4008424F4084 X019 QN7003 - REPAIRS TO BASE POOL, F-105, WON1587110, DG",Chlorinator System,Building Materials,Various,9339.55,USD,Lince M.,Order
1366,RFQ-6542-E6802,Yamauchi Gumi,18 Sep 2024,RFQ,Tic L.E.,"JPN-124 FA890323C0031 Renovate Bldgs 111, 116 And 119 At Okinawa, Japan.",Expansion Tank,Electrical,Electrical,323.74,USD,Shinso M.,Order
1367,RFQ-5532-V40039,MVL USA JV LLC,18 Sep 2024,RFQ,Extol I.F.,BIOT-121 N4008421D0082/N4008421R0079 AEC DB DBB MACC,Man Camp #02 Construction - Electrical Materials For Units&amp; Common,Building Materials,Various,324962.5,AED,Marman I.,Order
1368,RFQ-6705-S9100,"MVL USA, INC",18 Sep 2024,RFQ,Ambyth S.&.,"RMI-125 W9128A23C0010 FY23 MCA PN 080242 Medical Clinic, U.S. Army Garrison, Kwajalein Atoll, Republic Of The Marshall Islands (RMI)",Shipping Arrangements,Services,Services,1368.42,USD,Vinith B.,Order
1369,Q-1005-M4074,MV LLC,18 Sep 2024,IQ,Iom -.U.,4200738387-Supply &amp; Delivery Of Passport Reader-IOM Ukraine,4200738387-Supply &amp; Delivery Of Passport Reader-IOM Ukraine,Machine / Equipments,Mechanical,286875,USD,Mahesh B.,Waiting
1370,RFQ-7103-V40002,MVL USA JV LLC,17 Sep 2024,RFQ,The S.C.,ORD-7103 BIOT-121.66 N4008424F4645 QC2110 REPLACE DISPLAY FREEZER UNITS F-133 WON1808952,Paints And Coatings,Building Materials,Various,2846.51,USD,Lince M.,Order
1371,Q-1005-M4073,MACRO,17 Sep 2024,IQ,Us A.,FA491124SC001-Supply Of Bladder Tanker-Prince Sultan Air Base-Saudi,FA491124SC001-Supply Of Bladder Tanker-Prince Sultan Air Base-Saudi,Machine / Equipments,Mechanical,210000,USD, ,Waiting
1372,RFQ-6646-V40002,"MVL USA, INC",16 Sep 2024,RFQ,Mcelroy M.,ORD-6646-USA-155.01 W912HN23F3016 Replace Various Main Post Roofs,Metal Framing- Building 2749,Building Materials,Various,13491.26,USD,Lince M.,Order
1373,RFQ-7103-V40001,MVL USA JV LLC,16 Sep 2024,RFQ,White C.S.,ORD-7103 BIOT-121.66 N4008424F4645 QC2110 REPLACE DISPLAY FREEZER UNITS F-133 WON1808952,Civil Materials,Building Materials,Various,1698.36,USD,Lince M.,Order
1374,RFQ-5532-V40038,MACRO,16 Sep 2024,RFQ,Power P.F.,BIOT-121 N4008421D0082/N4008421R0079 AEC DB DBB MACC,Man Camp #02 Construction - Sewer And Waterline - C,Building Materials,Various,9781.8,AED,Marman I.,Order
1375,RFQ-5532-M4023,MVL USA JV LLC,16 Sep 2024,RFQ,Troxler E.L.,BIOT-121 N4008421D0082/N4008421R0079 AEC DB DBB MACC,SUPPLY AND DELIVERY OF Kit - 4590 EGauge 12/2 W/Acc,Machine / Equipments,Mechanical,22513.8,USD,Marman I.,Order
1376,RFQ-6168-V40073A,MVL USA JV LLC,12 Sep 2024,RFQ,Scott &.F.,"BIOT-121.37 N4008423F4277 REPAIRS TO ORDNANCE OPERATIONS, F-541",Duct Cladding Materials,Building Materials,Various,2753.27,USD,Rahul N.,Order
1377,Q-1005-M4072,MV LLC,12 Sep 2024,IQ,Us E.M.,"19RP3824Q0209-Supply &amp; Delivery Of Laundry Applicance-US Embassy, Manila","19RP3824Q0209-Supply &amp; Delivery Of Laundry Applicance-US Embassy, Manila",Machine / Equipments,Mechanical,192241,USD, ,Waiting
1378,RFQ-6746-V40004,MVL USA JV LLC,12 Sep 2024,RFQ,Guam G.I.,"BIOT-121.55 N4008424F4084 X019 QN7003 - REPAIRS TO BASE POOL, F-105, WON1587110, DG","FRP DOOR, FRAME AND HARDWARE",Building Materials,Various,39957.46,USD,Rahul N.,Order
1379,RFQ-7103-V40000,MACRO,12 Sep 2024,RFQ,Isam K.T.,ORD-7103 BIOT-121.66 N4008424F4645 QC2110 REPLACE DISPLAY FREEZER UNITS F-133 WON1808952,Supports And Clamps,Building Materials,Various,357,AED,Lince M.,Order
1380,RFQ-6705-V40006,"MVL USA, INC",12 Sep 2024,RFQ,Home D.U.,"RMI-125 W9128A23C0010 FY23 MCA PN 080242 Medical Clinic, U.S. Army Garrison, Kwajalein Atoll, Republic Of The Marshall Islands (RMI)",Building Materials For COSA,Building Materials,Various,74955.93,USD,Vinith B.,Order
1381,RFQ-6841-V40003,MVL USA JV LLC,11 Sep 2024,RFQ,Scott &.F.,"BIOT-121.54 N4008424F4212 QS6063 - REPLACE AC UNIT, UPH-23, F-171, WO#1575078",Duct Cladding Materials &amp; Accessories,Building Materials,Various,4435.4,USD,Rahul N.,Order
1382,RFQ-7027-V40001,MVL USA JV LLC,11 Sep 2024,RFQ,Scott &.F.,"BIOT-121.63 N4008424F4424 QC3010 REPLACE HVAC SYSTEM, F-161 (NGIS 19) (X021)",Duct Cladding &amp; Accessories,Building Materials,Various,17601,USD,Rahul N.,Order
1383,RFQ-6841-V40001,MACRO,11 Sep 2024,RFQ,Kepco B.M.,"BIOT-121.54 N4008424F4212 QS6063 - REPLACE AC UNIT, UPH-23, F-171, WO#1575078",Duct Insulation - Board &amp; Flexible Type,Building Materials,Various,7875.13,AED, ,Order
1384,RFQ-6841-V40000,MACRO,10 Sep 2024,RFQ,Prime A.I.,"BIOT-121.54 N4008424F4212 QS6063 - REPLACE AC UNIT, UPH-23, F-171, WO#1575078",Manual Volume Control Dampers,Building Materials,Various,2900.1,AED,Rahul N.,Order
1385,RFQ-6168-V40072,MACRO,10 Sep 2024,RFQ,Astic G.T.,"BIOT-121.37 N4008423F4277 REPAIRS TO ORDNANCE OPERATIONS, F-541",Duct Insulation Board &amp; Accessories,Building Materials,Various,7091.28,AED,Rahul N.,Order
1386,RFQ-7039-V40000,MACRO,10 Sep 2024,RFQ,Ykm I.(.,"BIOT-121.60 N4008424F4507 EProject 1693634 REPAIR SPP F1SA AND F2S OVERHEAD FEEDERS, RM20-1216",Tie Wires,Building Materials,Various,19698,AED,Rahul N.,Order
1387,RFQ-7027-V40000A,MACRO,10 Sep 2024,RFQ,Isam K.T.,"BIOT-121.63 N4008424F4424 QC3010 REPLACE HVAC SYSTEM, F-161 (NGIS 19) -X021",HVAC PACU Base Stand And Duct Supports,Building Materials,Various,15055.57,AED,Rahul N.,Order
1388,RFQ-6705-V4354,"MVL USA, INC",10 Sep 2024,RFQ,Foshan I.T.,"ORD - 6705 RMI-125 W9128A23C0010 PY23 MCA PN 080242 Medical Clinic, U.S. Army Garrison, Kwajalein Atoll, Republic Of The Marshal: Islands (RMI)",Kwajalein COSA Office Furniture,Misc.,Various,7874.29,USD,Marman I.,Order
1389,RFQ-6542-V40010,Yamauchi Gumi,10 Sep 2024,RFQ,Kelly &.H.,"JPN-124 FA890323C0031 Renovate Bldgs 111, 116 And 119 At Okinawa, Japan.---$1-5M Renovation Project In Okinawa",Panel Boards,Building Materials,Various,17460,USD,Rahul N.,Order
1390,Q-1005-V7197,MV LLC,09 Sep 2024,IQ,Ra I.S.,Supply &amp; Delivery Of EPOXY Coated Rebars-RA-Diego Garcia,Supply &amp; Delivery Of EPOXY Coated Rebars-RA-Diego Garcia,Building Materials,Various,105309,USD,Mahesh B.,Waiting
1391,Q-1005-V7196,MV LLC,09 Sep 2024,IQ,Jsk D.S.,Supply &amp; Delivery Of Epoxy Coated Rebars-BS Standard,Supply &amp; Delivery Of Epoxy Coated Rebars-BS Standard,Building Materials,Various,1040,USD,Mahesh B.,Order
1392,RFQ-5532-A5351,MACRO,09 Sep 2024,RFQ,Publika B.&.,BIOT-121 N4008421D0082/N4008421R0079 AEC DB DBB MACC,Man Camp #02 - Diego Garcia - Sewer And Waterline - Fixture,Sanitary and Toilet Accessories,Architectural,9366,AED,Marman I.,Order
1393,RFQ-5829-S9101,MACRO,09 Sep 2024,RFQ,Tuv S.M.,"ORD-5829 UAE-123R W912ER22C0026 P-960 Triton Operational Facility, United Arab Emirates","TPI Visit At Piller Germany, Abgunst 24, 37520 Osterode , Germany",Services,Services,661.5,EURO,Marman I.,Order
1394,RFQ-1005-V4483,MACRO,09 Sep 2024,RFQ,Smile C.,MVL Trading,Printing: Sticker PVC Plastic Sticker With Lamination - 8.8X6.4cm - 1000pcs AS PER SAMPLE PROVIDED,Misc.,Various,708.75,AED,Marman I.,Waiting
1395,RFQ-6841-M4101,MVL USA JV LLC,06 Sep 2024,RFQ,Ferguson E.L.,"BIOT-121.54 N4008424F4212 QS6063 - REPLACE AC UNIT, UPH-23, F-171, WO#1575078",Condensate Drain Pipes &amp; Fittings,Mechanical Items,Mechanical,452.42,USD,Rahul N.,Order
1396,Q-1005-L4166,MACRO,06 Sep 2024,IQ,American E.C.,19CY6024Q0031-Supply &amp; Delivery Of Vehicles-US Embassy-Cyprus,19CY6024Q0031-Supply &amp; Delivery Of Vehicles-US Embassy-Cyprus,Transportation,Logistics,85910,EURO,Arun N.,Waiting
1397,RFQ-6542-V40009,Yamauchi Gumi,05 Sep 2024,RFQ,Westex G.I.,"JPN-124 FA890323C0031 Renovate Bldgs 111, 116 And 119 At Okinawa, Japan.---$1-5M Renovation Project In Okinawa",Receptacles (WP And Non-WP),Building Materials,Various,1694.43,USD,Rahul N.,Order
1398,RFQ-6952-V40005,MVL USA JV LLC,05 Sep 2024,RFQ,White C.S.,"BIOT-121.62 N4008424F4368 QC3005 - PROVIDE SUPPORT TO NMCB TO CONSTRUCT NEW CONCRETE PAD, NEW TFS F-980A, DG",Civil Materials,Building Materials,Various,24790.62,USD,Rahul N.,Order
1399,RFQ-6542-V40008A,Yamauchi Gumi,05 Sep 2024,RFQ,Larson E.L.,"JPN-124 FA890323C0031 Renovate Bldgs 111, 116 And 119 At Okinawa, Japan.---$1-5M Renovation Project In Okinawa",Explosion Proof Receptacles,Building Materials,Various,3657.05,USD,Rahul N.,Order
1400,RFQ-6718-S9100,MACRO,05 Sep 2024,RFQ,Tuv S.M.,"BIOT-121.48 N4008424F4064 EPROJECT 1718005 QC2011 REPLACE ADRF PUMPS 7, 8, AND 9, F-409",TPI For SS Pipes &amp; Fittings,Services,Services,1155,AED,Rahul N.,Order
1401,Q-1005-V7195,MACRO,05 Sep 2024,IQ,American E.N.,PR 2796134  - HYGIENE SUPPLIES,PR 2796134  - HYGIENE SUPPLIES,Building Materials,Various,120000,USD,Shinso M.,Waiting
1402,RFQ-5829-E6812,MACRO,04 Sep 2024,RFQ,Excel E.T.,"ORD-5829 UAE-123R W912ER22C0026 P-960 Triton Operational Facility, United Arab Emirates","Procurement Support Cable Trays With Accessories And Cable Ladders With Accessories, Round Radial  With Accessories",Electrical,Electrical,225822.45,AED,Marman I.,Order
1403,RFQ-5829-A5201,MACRO,04 Sep 2024,RFQ,Techtradedoors T.L.,"ORD-5829 UAE-123R W912ER22C0026 P-960 Triton Operational Facility, United Arab Emirates",Supply And Installation Of Overhead Coiling Door,Doors,Architectural,237361.53,AED,Marman I.,Waiting
1404,RFQ-5532-V4370,MVL USA JV LLC,03 Sep 2024,RFQ,Onmuse (.S.,BIOT-121 N4008421D0082/N4008421R0079 AEC DB DBB MACC,Man Camp #02 - Diego Garcia - CONEX FURNITURE AND APPLIANCES,Misc.,Various,100793.22,USD,Marman I.,Order
1405,RFQ-5532-V40034,MACRO,02 Sep 2024,RFQ,Power P.F.,BIOT-121 N4008421D0082/N4008421R0079 AEC DB DBB MACC,Man Camp #02 Construction - Sewer And Waterline - B,Building Materials,Various,21120.03,AED,Marman I.,Order
1406,RFQ-5532-V40033,MACRO,02 Sep 2024,RFQ,Cresco M.E.,BIOT-121 N4008421D0082/N4008421R0079 AEC DB DBB MACC,Man Camp #02 Construction - Sewer And Waterline - A,Building Materials,Various,15771.3,AED,Marman I.,Order
1407,Q-1005-L4165,Yamauchi Gumi,02 Sep 2024,IQ,Navfac F.E.,N4008424Q0012-Supply &amp; Delivery Of Vehicles-NAVFAC-Japan,N4008424Q0012-Supply &amp; Delivery Of Vehicles-NAVFAC-Japan,Transportation,Logistics,138654208,USD,Mahesh B.,Waiting
1408,RFQ-5532-V4369,MVL USA JV LLC,02 Sep 2024,RFQ,Foshan S.M.,BIOT-121 N4008421D0082/N4008421R0079 AEC DB DBB MACC,Man Camp #02 - Diego Garcia - ADDITIONAL 24 SET OF FOLDING CONTAINER HOUSE,Misc.,Various,51200,USD,Marman I.,Order
1409,RFQ-6952-V40004,MACRO,02 Sep 2024,RFQ,Isam K.T.,"ORD-6952 BIOT-121.62 N4008424F4368 QC3005-PROVIDE SUPPORT TO NMCB TO CONSTRUCT NEW CONCRETE PAD, NEW TFS F-980A, DG",Misc Metal Fabrications,Building Materials,Various,3263.72,AED,Lince M.,Order
1410,RFQ-5532-V40032,MVL USA JV LLC,02 Sep 2024,RFQ,V-trust I.S.,BIOT-121 N4008421D0082/N4008421R0079 AEC DB DBB MACC,PRE-SHIPMENT INSPECTION OF Dongfeng Captain 125 HP 4*2 5 Ton Dump Truck And 1 Year Spare PArts,Building Materials,Various,268,USD,Marman I.,Order
1411,RFQ-6718-V40005,MACRO,30 Aug 2024,RFQ,Al M.P.,"BIOT-121.48 N4008424F4064 EPROJECT 1718005 QC2011 REPLACE ADRF PUMPS 7, 8, AND 9, F-409",Curing Compounds,Building Materials,Various,1045.8,AED,Rahul N.,Order
1412,RFQ-6952-V40003,MVL USA JV LLC,30 Aug 2024,RFQ,Leeds S.C.,"BIOT-121.62 N4008424F4368 QC3005 - PROVIDE SUPPORT TO NMCB TO CONSTRUCT NEW CONCRETE PAD, NEW TFS F-980A, DG",Civil Materials,Building Materials,Various,16864,USD,Rahul N.,Order
1413,RFQ-6542-V40008,Yamauchi Gumi,29 Aug 2024,RFQ,Larson E.L.,"JPN-124 FA890323C0031 Renovate Bldgs 111, 116 And 119 At Okinawa, Japan.---$1-5M Renovation Project In Okinawa",Explosion Proof Receptacles,Building Materials,Various,3419.45,USD, ,Order
1414,RFQ-7103-E6800,MVL USA JV LLC,29 Aug 2024,RFQ,Tic L.E.,ORD-7103 BIOT-121.66 N4008424F4645 QC2110 REPLACE DISPLAY FREEZER UNITS F-133 WON1808952,Electrical Items,Electrical,Electrical,23320.21,USD,Lince M.,Order
1415,RFQ-6481-S9100,MACRO,29 Aug 2024,RFQ,Tuv S.M.,ORD-6481 QAT-203.23 FA570223F0081 20-0137 Repair Air Field Lighting,INSPECTION OF RUNWAY LIGHTS - QAT-203.23 - AS PER ATTACHED INSPECTION SCOPE,Services,Services,682.5,EURO,Marman I.,Order
1416,RFQ-6746-V40003,MVL USA JV LLC,28 Aug 2024,RFQ,White C.S.,"BIOT-121.55 N4008424F4084 X019 QN7003 - REPAIRS TO BASE POOL, F-105, WON1587110, DG",Sealing Materials For Joints In Rigid Pavement,Building Materials,Various,3045.96,USD,Rahul N.,Order
1417,RFQ-5829-E6811,MACRO,28 Aug 2024,RFQ,Arabian G.S.,"ORD-5829 UAE-123R W912ER22C0026 P-960 Triton Operational Facility, United Arab Emirates",Supply And Delivery Of MDB &amp; EMDB,Electrical,Electrical,570244.5,AED,Marman I.,Order
1418,RFQ-1005-O6,MACRO,27 Aug 2024,RFQ,Al T.D.,MVL Trading - ID Card Printer And Accessories.,Pre Printed Cards,Computer Peripherals,Office Assets,11550,AED,Shinso M.,Order
1419,RFQ-6718-V40004A,MVL USA JV LLC,27 Aug 2024,RFQ,Hilong P.P.,"BIOT-121.48 N4008424F4064 EPROJECT 1718005 QC2011 REPLACE ADRF PUMPS 7, 8, AND 9, F-409",Internal Coating Of CS Pipes &amp; Fittings,Building Materials,Various,56542,USD,Rahul N.,Order
1420,RFQ-6746-E6800,MVL USA JV LLC,27 Aug 2024,RFQ,City E.S.,"ORD-6746 BIOT-121.55 N4008424F4084 X019 QN7003 - REPAIRS TO BASE POOL, F-105, WON1587110, DG","Circuit Breaker, Conduits, Backbox",Electrical,Electrical,16848.84,USD,Lince M.,Order
1421,RFQ-1569-O72,MACRO,26 Aug 2024,RFQ,Arab L.G.,MVL Group Office Related POs,"THINKPAD E16, I5-1335U 16 GB DDR4 1 TB SSD - Mr. Zafar Laptop",Computer Peripherals,Office Assets,2710.05,AED,Marman I.,Order
1422,RFQ-7027-M4000,MVL USA JV LLC,26 Aug 2024,RFQ,Zero T.C.,"BIOT-121.63 N4008424F4424 QC3010 REPLACE HVAC SYSTEM, F-161 (NGIS 19)",Rooftop PACU Units,Machine / Equipments,Mechanical,29611,USD,Shinso M.,Order
1423,Q-1005-S9052,MV LLC,26 Aug 2024,IQ,Usda-fs ,USDA-Supply &amp; Delivery Of Fish Tanks-ME,USDA-Supply &amp; Delivery Of Fish Tanks-ME,Construction,Services,255644,USD,Mahesh B.,Waiting
1424,RFQ-6746-V40002,MVL USA JV LLC,26 Aug 2024,RFQ,Extol I.F.,"ORD-6746 BIOT-121.55 N4008424F4084 X019 QN7003 - REPAIRS TO BASE POOL, F-105, WON1587110, DG",Wires - Bahra,Building Materials,Various,12517.2,AED,Lince M.,Order
1425,RFQ-6542-V40007A,Yamauchi Gumi,23 Aug 2024,RFQ,Cortem G.F.,"JPN-124 FA890323C0031 Renovate Bldgs 111, 116 And 119 At Okinawa, Japan.---$1-5M Renovation Project In Okinawa",Disconnect Switches - Explosion Proof,Building Materials,Various,2000,EURO,Rahul N.,Order
1426,RFQ-6718-V40003,MACRO,22 Aug 2024,RFQ,Fine T.T.,"BIOT-121.48 N4008424F4064 EPROJECT 1718005 QC2011 REPLACE ADRF PUMPS 7, 8, AND 9, F-409",Welding Rods,Building Materials,Various,19624.5,AED,Rahul N.,Order
1427,RFQ-6952-V40002,MVL USA JV LLC,22 Aug 2024,RFQ,Kelly &.H.,"BIOT-121.62 N4008424F4368 QC3005 - PROVIDE SUPPORT TO NMCB TO CONSTRUCT NEW CONCRETE PAD, NEW TFS F-980A, DG",Electrical Warning Tape,Building Materials,Various,6095,USD,Rahul N.,Order
1428,Q-1005-M4071,MACRO,22 Aug 2024,IQ,Us E.J.,19-J010-24-Q-0029-Supply &amp; Delivery Of IPhone 15- US Embassy Jordan,19-J010-24-Q-0029-Supply &amp; Delivery Of IPhone 15- US Embassy Jordan,Machine / Equipments,Mechanical,92000,USD,Mahesh B.,Waiting
1429,Q-1005-L4164,MV LLC,22 Aug 2024,IQ,U.s E.C.,PR12783897-Supply &amp; Delivery Of  SUV-Cameroon,PR12783897-Supply &amp; Delivery Of  SUV-Cameroon,Transportation,Logistics,93750,USD,Shinso M.,Waiting
1430,RFQ-6952-V40001,MVL USA JV LLC,22 Aug 2024,RFQ,Extol I.T.,"ORD-6952 BIOT-121.62 N4008424F4368 QC3005-PROVIDE SUPPORT TO NMCB TO CONSTRUCT NEW CONCRETE PAD, NEW TFS F-980A, DG",Conduits And Raceways,Building Materials,Various,31370.3,AED,Lince M.,Order
1431,RFQ-6542-E6801A,Yamauchi Gumi,22 Aug 2024,RFQ,Tic L.E.,"JPN-124 FA890323C0031 Renovate Bldgs 111, 116 And 119 At Okinawa, Japan.---$1-5M Renovation Project In Okinawa",Disconnect Switches &amp; Int. Light Fittings,Electrical,Electrical,17423.89,USD,Rahul N.,Order
1432,RFQ-5532-V40031,MVL USA JV LLC,21 Aug 2024,RFQ,V-trust I.S.,BIOT-121 N4008421D0082/N4008421R0079 AEC DB DBB MACC (Laydown Area),"Pre-Shipment Inspection - Telehandler, Accessories, And  Telehandler Spare Parts",Building Materials,Various,268,USD,Marman I.,Order
1433,RFQ-5829-V40018,MACRO,21 Aug 2024,RFQ,Oasis M.M.,"ORD-5829 UAE-123R W912ER22C0026 P-960 Triton Operational Facility, United Arab Emirates",Steel Grating And Frame - As Per Approved Submittal And Subject To Approved Drawing,Building Materials,Various,1468309.5,AED,Marman I.,Order
1434,RFQ-6746-V40001,MVL USA JV LLC,21 Aug 2024,RFQ,Kelly &.H.,"ORD-6746 BIOT-121.55 N4008424F4084 X019 QN7003 - REPAIRS TO BASE POOL, F-105, WON1587110, DG",Omni Cable,Building Materials,Various,290,USD,Lince M.,Order
1435,RFQ-6952-V40000,MVL USA JV LLC,21 Aug 2024,RFQ,Kelly &.H.,"ORD-6952 BIOT-121.62 N4008424F4368 QC3005-PROVIDE SUPPORT TO NMCB TO CONSTRUCT NEW CONCRETE PAD, NEW TFS F-980A, DG","Flexible Conduit, Switches, Receptacles, Device Plates",Building Materials,Various,388,USD,Lince M.,Order
1436,RFQ-6542-E6801,Yamauchi Gumi,20 Aug 2024,RFQ,Tic L.E.,"JPN-124 FA890323C0031 Renovate Bldgs 111, 116 And 119 At Okinawa, Japan.---$1-5M Renovation Project In Okinawa",Disconnect Switches,Electrical,Electrical,7064.49,USD,Rahul N.,Order
1437,RFQ-5829-E6810,MACRO,20 Aug 2024,RFQ,Abdulla A.M.,"ORD-5829 UAE-123R W912ER22C0026 P-960 Triton Operational Facility, United Arab Emirates","Supply Of 11kV RMU, TRM (2F+1T) VRN2a With 200/100/1A CT And Including Motor Actuators On Ring Switches",Electrical,Electrical,64050,AED,Marman I.,Order
1438,RFQ-6852-V40004,MVL USA JV LLC,20 Aug 2024,RFQ,Bio-safety S.P.,BIOT-121.35 N4008424F4221 QC8067-Repair To Fuel Piping System. F#408 NSF,Portable Eye Wash Station,Building Materials,Various,425,SGD,Rahul N.,Order
1439,Q-1005-L4163,MACRO,20 Aug 2024,IQ,U.s. E.R.,19SA7024Q0022-Supply &amp; Delivery Of Full-Size SUV-US Embassy Saudi,19SA7024Q0022-Supply &amp; Delivery Of Full-Size SUV-US Embassy Saudi,Transportation,Logistics,450800,SAR, ,Waiting
1440,Q-1005-V7194,MACRO,20 Aug 2024,IQ,Us E.A.,PR12802601 - Materials Required-DT Office Reconfiguration,PR12802601 - Materials Required-DT Office Reconfiguration,Building Materials,Various,60821.99,AED,Shinso M.,Waiting
1441,Q-1005-V7193,MACRO,20 Aug 2024,IQ,Us E.A.,PR12781281 - Materials For DT Office Reconfiguration,PR12781281 - Materials For DT Office Reconfiguration,Building Materials,Various,9418.5,AED,Shinso M.,Waiting
1442,Q-1005-V7192,MACRO,20 Aug 2024,IQ,Us E.A.,PR12781281 - Materials For DT Office Reconfiguration,PR12781281 - Materials For DT Office Reconfiguration,Building Materials,Various,24407.25,AED,Shinso M.,Order
1443,RFQ-5695-E6801A,MVL USA JV LLC,19 Aug 2024,RFQ,Tic L.E.,"BIOT-121.16 N4008422F4476 QC1018 REPAIR BOLLARDS, POL PIER",Rebar Coating,Electrical,Electrical,1290,USD,Rahul N.,Order
1444,Q-1005-M4070,MACRO,16 Aug 2024,IQ,Fao ,2024/FNIRQ/FNIRQ/128134-Procurement Of Heating Incubator-Iraq,2024/FNIRQ/FNIRQ/128134-Procurement Of Heating Incubator-Ira,Machine / Equipments,Mechanical,138500,USD,Shinso M.,Waiting
1445,Q-1005-L4162,MACRO,16 Aug 2024,IQ,U.s. E.R.,19SA7024Q0021-Supply &amp; Delivery Of Mid-Size SUV-US Embassy Saudi,19SA7024Q0021-Supply &amp; Delivery Of Mid-Size SUV-US Embassy Saudi,Transportation,Logistics,277864.16,SAR,Mahesh B.,Waiting
1446,RFQ-5829-V40017,MACRO,15 Aug 2024,RFQ,Extol I.T.,"ORD-5829 UAE-123R W912ER22C0026 P-960 Triton Operational Facility, United Arab Emirates",Interior Lighting Fixture - As Per Attached Approved Submittal,Building Materials,Various,526603.31,AED,Marman I.,Order
1447,RFQ-5581-M4000,MVL USA JV LLC,14 Aug 2024,RFQ,"Repss, I.","BIOT-121.02 N4008421R0001-X004, EProject 1701534 REPLACE FSS FIRE PROTECTION FOAM SYSTEM FROM F-410 TO TANK 1-11",Benzene Direct Reading Meter - As Per Attached Quotation,Machine / Equipments,Mechanical,7811.28,USD,Marman I.,Order
1448,RFQ-6645-S9077,"MVL USA, INC",14 Aug 2024,RFQ,Ortiz C.G.,"ORD-6645-USA-155.02 W912HN23F3014 Roofs B-2408, 2873,2818,2785,8789",Sheet Metal Building 2873,Subcontract,Services,15660,USD,Lince M.,Order
1449,RFQ-6646-S9075,"MVL USA, INC",14 Aug 2024,RFQ,Ortiz C.G.,ORD-6646-USA-155.01 W912HN23F3016 Replace Various Main Post Roofs,Sheet Metal Building 2747,Subcontract,Services,26112,USD,Lince M.,Order
1450,RFQ-5532-V4368,MVL USA JV LLC,13 Aug 2024,RFQ,Foshan S.M.,BIOT-121 N4008421D0082/N4008421R0079 AEC DB DBB MACC (Laydown Area),Folding Container House - As Per Approved Drawing And Quotation,Misc.,Various,88100,USD,Marman I.,Order
1451,Q-1005-L4161,MV LLC,12 Aug 2024,IQ,U.s E.L.,Supply And Delivery Of One Recovery Tow Truck - 19ZA6024PR12719977,Supply And Delivery Of One Recovery Tow Truck - 19ZA6024PR12719977,Transportation,Logistics,56400,USD,Shinso M.,Waiting
1452,RFQ-7010-V40000,MACRO,08 Aug 2024,RFQ,Isam K.T.,"BIOT-121.65 N4008424R8904 QC2035 REPAIR TO RADAR TOWER, F-8000","Cable Tray, Eye Wash Support &amp; SS Plates",Building Materials,Various,5087.04,AED,Rahul N.,Order
1453,RFQ-6746-M4101,MACRO,08 Aug 2024,RFQ,M.a.h.y. K.&.,"BIOT-121.55 N4008424F4084 X019 QN7003 - REPAIRS TO BASE POOL, F-105, WON1587110, DG",Water Pumps,Mechanical Items,Mechanical,55402.2,AED,Rahul N.,Order
1454,RFQ-5429-V40000,MACRO,08 Aug 2024,RFQ,Acec s.,ORD - 429 LEB-122 W912ER21C0021 Aquora National Traing And Operational Center (ANTOC) For A Design Bid Build Contract,GENERAL REQUIREMENTS FOR SUPPLY AND INSTALLATION AS PER BOQ,Building Materials,Various,313669.69,USD,Marman I.,Order
1455,Q-1005-T6969,MACRO,08 Aug 2024,IQ,American E.N.,"PR12533672-Supply Of Cisco 9300L Switches-American Embassy, Nairobi","PR12533672-Supply Of Cisco 9300L Switches-American Embassy, Nairobi",Tools,Tools,113618.4,USD,Shinso M.,Waiting
1456,RFQ-6544-A5202,MVL USA JV LLC,07 Aug 2024,RFQ,Lakshmi M.T.,BIOT-121.49 N4008423F4678 QC2025 REPAIRS TO FACILITY 824,Steel Door &amp; Hardware,Doors,Architectural,29500,AED,Rahul N.,Order
1457,RFQ-6705-M4006,"MVL USA, INC",07 Aug 2024,RFQ,Vince H.C.,"ORD - 6705 RMI-125 W9128A23C0010 PY23 MCA PN 080242 Medical Clinic, U.S. Army Garrison, Kwajalein Atoll, Republic Of The Marshal: Islands (RMI)",HS4-12400C MOBILE BATCH PLANT - AS PER ATTACHED APPROVED QUOTATION,Machine / Equipments,Mechanical,511208,USD,Marman I.,Order
1458,RFQ-6542-V40006,Yamauchi Gumi,07 Aug 2024,RFQ,Odores M.L.,"JPN-124 FA890323C0031 Renovate Bldgs 111, 116 And 119 At Okinawa, Japan.---$1-5M Renovation Project In Okinawa",Acoustic Tiles,Building Materials,Various,5320.51,USD,Rahul N.,Order
1459,RFQ-5829-S9100,MACRO,07 Aug 2024,RFQ,Tuv S.M.,"ORD-5829 UAE-123R W912ER22C0026 P-960 Triton Operational Facility, United Arab Emirates",Third Party Inspection - Frequency Converter@Italy,Services,Services,490,EURO,Marman I.,Order
1460,RFQ-5829-E6809,MACRO,07 Aug 2024,RFQ,Excel E.T.,"ORD-5829 UAE-123R W912ER22C0026 P-960 Triton Operational Facility, United Arab Emirates","Procurement Support IMC, EMT &amp; RMC Conduits And Accessories - As Per Approved Submittals",Electrical,Electrical,282232.41,AED,Marman I.,Order
1461,Q-1005-T6968,MACRO,07 Aug 2024,IQ,Iom -.U.,RFQ-22421-Supply Of IT Equipment-IOM Iraq,RFQ-22421-Supply Of IT Equipment-IOM Iraq,Tools,Tools,473820352,USD, ,Waiting
1462,RFQ-6718-V40001B,MVL USA JV LLC,06 Aug 2024,RFQ,Cra T.L.,"BIOT-121.48 N4008424F4064 EPROJECT 1718005 QC2011 REPLACE ADRF PUMPS 7, 8, AND 9, F-409",SS Pipes &amp; Fittings,Building Materials,Various,40915.79,USD,Rahul N.,Order
1463,RFQ-6718-V40002A,MACRO,06 Aug 2024,RFQ,Technopro M.E.,"BIOT-121.48 N4008424F4064 EPROJECT 1718005 QC2011 REPLACE ADRF PUMPS 7, 8, AND 9, F-409",CS Pipes &amp; Fittings,Building Materials,Various,39289.19,AED,Rahul N.,Order
1464,Q-1005-V7191,MACRO,06 Aug 2024,IQ,"American C.,.","PR12785207-Supply &amp; Delivery Of Blue Air Filter-US Consulate, Dubai","PR12785207-Supply &amp; Delivery Of Blue Air Filter-US Consulate, Dubai",Building Materials,Various,46462.5,AED,Shinso M.,Waiting
1465,RFQ-5829-E6808,MACRO,05 Aug 2024,RFQ,United T.E.,"ORD-5829 UAE-123R W912ER22C0026 P-960 Triton Operational Facility, United Arab Emirates","Supply Of TRANSFORMER - U S/S 2000kVA,11kV /415V, 3Ph, 50Hz",Electrical,Electrical,101700,USD,Marman I.,Order
1466,RFQ-6746-V40000,MVL USA JV LLC,03 Aug 2024,RFQ,Leeds S.C.,"BIOT-121.55 N4008424F4084 X019 QN7003 - REPAIRS TO BASE POOL, F-105, WON1587110, DG",Epoxy Grout,Building Materials,Various,5400,USD,Rahul N.,Waiting
1467,RFQ-6852-V40002,MACRO,03 Aug 2024,RFQ,Ykm I.(.,,Tie Wires,Building Materials,Various,5197.5,AED, ,Waiting
1468,RFQ-6852-V40001,MACRO,03 Aug 2024,RFQ,Ykm I.(.,BIOT-121.35 N4008424F4221 QC8067-Repair To Fuel Piping System. F#408 NSF DG,Tie Wires,Building Materials,Various,5197.5,AED,Rahul N.,Order
1469,RFQ-6168-V40071,MVL USA JV LLC,02 Aug 2024,RFQ,Kelly &.H.,"BIOT-121.37 N4008423F4277 REPAIRS TO ORDNANCE OPERATIONS, F-541",Electrical Materials (BOQ-2&amp;3),Building Materials,Various,16385.64,USD,Rahul N.,Order
1470,RFQ-6852-V40000,MVL USA JV LLC,02 Aug 2024,RFQ,Cra T.L.,BIOT-121.35 N4008424F4221 QC8067-Repair To Fuel Piping System. F#408 NSF DG,SS Pipes &amp; Fittings,Building Materials,Various,139360.09,USD,Rahul N.,Order
1471,Q-1005-T6967,MACRO,02 Aug 2024,IQ,U.s. E.A.,PR1272774-Supply &amp; Delivery Of IT Equipment's-US Embassy ADDIS ABABA,PR1272774-Supply &amp; Delivery Of IT Equipment's-US Embassy ADDIS ABABA,Tools,Tools,208922,USD,Shinso M.,Waiting
1472,RFQ-1569-V4267,MACRO,01 Aug 2024,RFQ,Hk P.,MVL Group Office Realted POs,Desktop Computer Alternative Solution,Building Materials,Various,429.6,USD,Marman I.,Order
1473,RFQ-1569-O71,MACRO,31 Jul 2024,RFQ,Midway C.T.,MVL Group Office Related POs,DELL OPTIPLEX 7010 I5 13TH GEN 16 GB RAM 1 TB SSD 4GB VGA GT730 - Mr. Bala Desktop Replacement,Computer Peripherals,Office Assets,2205,AED,Marman I.,Order
1474,RFQ-6544-A5201,MVL USA JV LLC,29 Jul 2024,RFQ,Lakshmi M.T.,BIOT-121.49 N4008423F4678 QC2025 REPAIRS TO FACILITY 824,Steel Doors,Doors,Architectural,29500,AED, ,Order
1475,RFQ-5695-S9101,MVL USA JV LLC,29 Jul 2024,RFQ,Mirai C.L.,"BIOT-121.16 N4008422F4476 QC1018 REPAIR BOLLARDS, POL PIER",Testing Services For Metal Plate,Services,Services,1100,USD,Rahul N.,Order
1476,RFQ-6168-V40070,MACRO,29 Jul 2024,RFQ,Al O.T.,"BIOT-121.37 N4008423F4277 REPAIRS TO ORDNANCE OPERATIONS, F-541",Pipe For Hand Rail Of Stairs,Building Materials,Various,661.5,AED,Rahul N.,Order
1477,Q-1005-M7103,MACRO,29 Jul 2024,IQ,Us E.A.,PR12754490-Supply &amp; Delivery Air Purifier Filters-US Consulate Dubai,PR12754490-Supply &amp; Delivery Air Purifier Filters-US Consulate Dubai,Mechanical Items,Mechanical,40320,AED,Shinso M.,Waiting
1478,Q-1005-V7190,MACRO,28 Jul 2024,IQ,U.s. E.A.,Supply And Delivery Of Office Furniture.,Office Furniture.,Building Materials,Various,13360,USD,Shinso M.,Waiting
1479,Q-1005-L4160,MACRO,25 Jul 2024,IQ,"American C.,.",19TC1224Q0004-Supply &amp; Delivery Of Passenger SUV-US Consulate-Dubai,19TC1224Q0004-Supply &amp; Delivery Of Passenger SUV-US Consulate-Dubai,Transportation,Logistics,294000,AED,Shinso M.,Waiting
1480,RFQ-6168-V40069,MVL USA JV LLC,25 Jul 2024,RFQ,Rukin A.B.,"BIOT-121.37 N4008423F4277 REPAIRS TO ORDNANCE OPERATIONS, F-541",Bollards / Pipe Guards,Building Materials,Various,560,AED,Rahul N.,Order
1481,RFQ-5829-V40016,MACRO,25 Jul 2024,RFQ,Extol I.T.,"ORD-5829 UAE-123R W912ER22C0026 P-960 Triton Operational Facility, United Arab Emirates",External Lighting Fixtures Samples As Per Attached Submittal,Building Materials,Various,22459.73,AED,Marman I.,Order
1482,RFQ-6168-V40068,MVL USA JV LLC,25 Jul 2024,RFQ,Odores M.L.,"BIOT-121.37 N4008423F4277 REPAIRS TO ORDNANCE OPERATIONS, F-541","Additional VCT And Adhesives (X010, X049, X037)",Building Materials,Various,2290.68,USD,Rahul N.,Order
1483,RFQ-6168-V40067,MVL USA JV LLC,25 Jul 2024,RFQ,Scott &.F.,"BIOT-121.37 N4008423F4277 REPAIRS TO ORDNANCE OPERATIONS, F-541",Expansion Anchor (for Stairs),Building Materials,Various,638,USD,Rahul N.,Order
1484,RFQ-6168-T1001,MACRO,25 Jul 2024,RFQ,Hilti E.L.,,Stud Anchors (for Bollards),Tools,Tools,446.6,USD, ,Waiting
1485,RFQ-6168-M4103,MVL USA JV LLC,25 Jul 2024,RFQ,S.k.m. A.C.,"BIOT-121.37 N4008423F4277 REPAIRS TO ORDNANCE OPERATIONS, F-541",PACU Spares,Mechanical Items,Mechanical,705,AED,Rahul N.,Order
1486,RFQ-6168-V40065,MVL USA JV LLC,24 Jul 2024,RFQ,Technofab S.F.,"BIOT-121.37 N4008423F4277 REPAIRS TO ORDNANCE OPERATIONS, F-541",Steps (for Stairs),Building Materials,Various,7840,AED,Rahul N.,Order
1487,RFQ-6168-V40064,MACRO,24 Jul 2024,RFQ,Isam K.T.,"BIOT-121.37 N4008423F4277 REPAIRS TO ORDNANCE OPERATIONS, F-541",Materials For Stairs &amp; Mezzanine,Building Materials,Various,34233.68,AED,Rahul N.,Order
1488,RFQ-6542-V40005,Yamauchi Gumi,24 Jul 2024,RFQ,Blue L.T.,"JPN-124 FA890323C0031 Renovate Bldgs 111, 116 And 119 At Okinawa, Japan.---$1-5M Renovation Project In Okinawa","Water Closets, Urinals, Lavatories",Building Materials,Various,2125.55,USD,Rahul N.,Order
1489,RFQ-1005-V7189,MACRO,23 Jul 2024,RFQ,Fantastic E.F.,"PR12674633-Supply &amp; Delivery Of Air Purifier Filters-US Embassy, Abu Dhabi","Air Purifier Filters-US Embassy, Abu Dhabi",Building Materials,Various,16960,AED,Shinso M.,Order
1490,RFQ-5581-V40012A,MVL USA JV LLC,23 Jul 2024,RFQ,Leeds S.C.,"BIOT-121.02 N4008421R0001-X004, EProject 1701534 REPLACE FSS FIRE PROTECTION FOAM SYSTEM FROM F-410 TO TANK 1-11",Adhesive For Wear Pad For Metallic Pipes,Building Materials,Various,3660,USD,Rahul N.,Order
1491,RFQ-6680-V40000,Yamauchi Gumi,23 Jul 2024,RFQ,Ductmate I.I.,"JPN-127 W912HV23B0011 Repair Kitchen Ducts, Various Locations, Japan",Duct Access Door,Building Materials,Various,34506,USD,Shinso M.,Order
1492,Q-1005-T6966,MV LLC,23 Jul 2024,IQ,Usda-fs ,127EAV24Q0078-Purchase Of Seedling Protection Tubes-Santa Fe National Forest,127EAV24Q0078-Purchase Of Seedling Protection Tubes-Santa Fe National Forest,Tools,Tools,222509,USD,Mahesh B.,Waiting
1493,RFQ-6168-E6806,MVL USA JV LLC,19 Jul 2024,RFQ,Tic L.E.,"BIOT-121.37 N4008423F4277 REPAIRS TO ORDNANCE OPERATIONS, F-541","Electrical Materials (Pipes, Fittings And Hardware)",Electrical,Electrical,65000,USD,Rahul N.,Order
1494,RFQ-5193-A5206,MACRO,18 Jul 2024,RFQ,Al K.M.,"(KSA 126) W912ER21C0014 KHAMIS SIMULATOR FACILITY, KSA",Aluminium Series Fix Window As Per Specification Provided,Doors,Architectural,11747.25,SAR,Marman I.,Order
1495,Q-1005-L4159,MACRO,16 Jul 2024,IQ,"U.s. E.,.",PR12678133-Supply &amp; Delivery Of One Toyota Coaster-US Embassy Egypt,PR12678133-Supply &amp; Delivery Of One Toyota Coaster-US Embassy Egypt,Transportation,Logistics,66500,USD,Shinso M.,Waiting
1496,RFQ-6542-V40004,Yamauchi Gumi,15 Jul 2024,RFQ,Kelly &.H.,"JPN-124 FA890323C0031 Renovate Bldgs 111, 116 And 119 At Okinawa, Japan",Transformers - JPN 124,Building Materials,Various,3800,USD,Rahul N.,Order
1497,RFQ-1005-V7188,MACRO,15 Jul 2024,RFQ,Sharp M.E.,MVL Trading -Supply Of Air Purifiers Q-1005-M7083,Air Purifiers Q-1005-M7083,Building Materials,Various,53286,USD,Shinso M.,Order
1498,Q-1005-M7102,MV LLC,15 Jul 2024,IQ,Us E.N.,191N6524Q0098-Supply Of Split Air Conditioners-US Embassy New Delhi,191N6524Q0098-Supply Of Split Air Conditioners-US Embassy New Delhi,Mechanical Items,Mechanical,66000,USD,Shinso M.,Order
1499,RFQ-6168-V40063,MVL USA JV LLC,11 Jul 2024,RFQ,Lockmasters I.,"BIOT-121.37 N4008423F4277 REPAIRS TO ORDNANCE OPERATIONS, F-541",Door Locks,Building Materials,Various,2150.2,USD,Rahul N.,Order
1500,RFQ-6168-V40062,MVL USA JV LLC,11 Jul 2024,RFQ,Isam K.T.,"BIOT-121.37 N4008423F4277 REPAIRS TO ORDNANCE OPERATIONS, F-541",Stairs &amp; Mezzanine Materials,Building Materials,Various,34371.28,AED, ,Waiting
1501,RFQ-6646-V40001,"MVL USA, INC",11 Jul 2024,RFQ,Heely-brown C.,ORD-6646-USA-155.01 W912HN23F3016 Replace Various Main Post Roofs,PVC Material - Bldg 2747,Building Materials,Various,34848.94,USD,Lince M.,Order
1502,RFQ-1569-O70,MVL Nepal,10 Jul 2024,RFQ,Rivyv T.,MVL Group Office Related POs,RiB Candy ITwo Subscription Fee For 6 Months,Computer Peripherals,Office Assets,12510,AED,Marman I.,Order
1503,RFQ-6705-V40005,"MVL USA, INC",10 Jul 2024,RFQ,Kelly &.H.,"RMI-125 W9128A23C0010 FY23 MCA PN 080242 Medical Clinic, U.S. Army Garrison, Kwajalein Atoll, Republic Of The Marshall Islands (RMI)",Unit Substation With Primary Switches,Building Materials,Various,296960,USD,Vinith B.,Order
1504,Q-1005-E7100,MACRO,10 Jul 2024,IQ,Us E.A.,"PR12674633-Supply &amp; Delivery Of Air Purifier Filters-US Embassy, Abu Dhabi","PR12674633-Supply &amp; Delivery Of Air Purifier Filters-US Embassy, Abu Dhabi",Electrical,Electrical,41160,AED,Shinso M.,Order
1505,RFQ-6424-V40001,MVL USA JV LLC,09 Jul 2024,RFQ,White C.S.,"BIOT-121.46 N4008423F4547 EPROJECT 1641181, QF9010 &ndash; REPAIR TAXIWAY LIGHTING SYSTEM AFL, F-200051, NSF, DG",Joint Sealant,Building Materials,Various,627.75,USD,Rahul N.,Order
1506,RFQ-6544-V40010,MACRO,09 Jul 2024,RFQ,Titanium B.A.,BIOT-121.49 N4008423F4678 QC2025 REPAIRS TO FACILITY 824,Consumables For Window Sill,Building Materials,Various,1058.92,AED,Rahul N.,Order
1507,RFQ-6544-V40009,MVL USA JV LLC,09 Jul 2024,RFQ,Leeds S.C.,BIOT-121.49 N4008423F4678 QC2025 REPAIRS TO FACILITY 824,Adhesive For Window Sill,Building Materials,Various,1800,USD,Rahul N.,Order
1508,RFQ-5532-P4800,MACRO,09 Jul 2024,RFQ,Orient U.(.,BIOT-121 N4008421D0082/N4008421R0079 AEC DB DBB MACC (Laydown Area),MVL Bromgrove Dri-Fit Polo Shirts,PPE,Protection,2800,AED,Marman I.,Order
1509,RFQ-5532-M4020,MVL USA JV LLC,09 Jul 2024,RFQ,Evangel I.M.,BIOT-121 N4008421D0082/N4008421R0079 AEC DB DBB MACC (Laydown Area),Drum Handler SDLC1,Machine / Equipments,Mechanical,350,USD,Marman I.,Order
1510,RFQ-6168-V40023A,MVL USA JV LLC,08 Jul 2024,RFQ,France M.G.,"BIOT-121.37 N4008423F4277 REPAIRS TO ORDNANCE OPERATIONS, F-541",Hardware Items For Steel Doors &amp; Frames,Building Materials,Various,16482.6,USD,Rahul N.,Order
1511,RFQ-6168-V40017B,MVL USA JV LLC,08 Jul 2024,RFQ,France M.,"BIOT-121.37 N4008423F4277 REPAIRS TO ORDNANCE OPERATIONS, F-541",Steel Doors &amp; Frames,Building Materials,Various,28168.61,USD,Rahul N.,Order
1512,RFQ-6069-V40002B,MVL USA JV LLC,08 Jul 2024,RFQ,Bmet B.M.,"BIOT-121.19 N4008423F4078 INSTL FIRE PROTECTION/SPRINKLER SYS, SPP, WO 13392",Acoustical Ceilings,Building Materials,Various,3218.94,AED,Rahul N.,Order
1513,RFQ-5695-V40011,MVL USA JV LLC,08 Jul 2024,RFQ,Technofab S.F.,"BIOT-121.16 N4008422F4476 QC1018 REPAIR BOLLARDS, POL PIER",Tie Rod Accessories,Building Materials,Various,16470,AED,Rahul N.,Order
1514,RFQ-1569-V4419,MACRO,08 Jul 2024,RFQ,Printek S.,MVL Group Office Related POs,SHARP MX61FT CYAN TONER CART And SHARP MX61FT YELLOW TONER CART,Misc.,Various,1102.5,AED,Marman I.,Order
1515,RFQ-6705-P4800,MACRO,08 Jul 2024,RFQ,Orient U.(.,"RMI-125 W9128A23C0010 FY23 MCA PN 080242 Medical Clinic, U.S. Army Garrison, Kwajalein Atoll, Republic Of The Marshall Islands (RMI)",MVL - KWAJALEIN Black &amp; White Dri-Fit Polo,PPE,Protection,840,AED,Marman I.,Order
1516,Q-1005-V7187,MACRO,05 Jul 2024,IQ,Us E.N.,Supply Of True HEPA Particle Filter,191N65-24-Q-0093 - Supply Of True HEPA Particle Filter,Building Materials,Various,54500,USD,Shinso M.,Waiting
1517,RFQ-6168-V40061,MVL USA JV LLC,02 Jul 2024,RFQ,Kelly &.H.,"BIOT-121.37 N4008423F4277 REPAIRS TO ORDNANCE OPERATIONS, F-541",Light Fittings,Building Materials,Various,14349,USD,Rahul N.,Order
1518,Q-1005-V7186,MV LLC,01 Jul 2024,IQ,Jsk D.S.,Supply Of The Epoxy Coated Reinforcing Bars.,Epoxy Coated Reinforcing Bars.,Building Materials,Various,50607,USD,Shinso M.,Waiting
1519,Q-1005-V7185,MV LLC,28 Jun 2024,IQ,U.s. E.a.,"Supply Of AES 6100 STD Alarm System-US Embassy, Nigeria","PR12536311 - Supply Of AES 6100 STD Alarm System-US Embassy, Nigeria",Building Materials,Various,119320,USD,Shinso M.,Waiting
1520,Q-1005-V7184,MV LLC,26 Jun 2024,IQ,"American E.,.","Supply Of The Boots, PR#12627170","Boots, PR#12627170",Building Materials,Various,17176,USD,Shinso M.,Waiting
1521,RFQ-5829-V40007A,MACRO,26 Jun 2024,RFQ,Power P.F.,"ORD-5829 UAE-123R W912ER22C0026 P-960 Triton Operational Facility, United Arab Emirates",Electrical Duct Pipe,Building Materials,Various,807521.38,AED,Lince M.,Order
1522,RFQ-5532-M4019,MVL USA JV LLC,25 Jun 2024,RFQ,Evangel I.M.,BIOT-121 N4008421D0082/N4008421R0079 AEC DB DBB MACC (Laydown Area),TELEHANDLER TH14440 AND DONGFENG CAPTAIN 125 HP 4BY2 5 TON DUMP TRUCK,Machine / Equipments,Mechanical,77596,USD,Marman I.,Order
1523,RFQ-6542-V40003,Yamauchi Gumi,24 Jun 2024,RFQ,Westex G.I.,"JPN-124 FA890323C0031 Renovate Bldgs 111, 116 And 119 At Okinawa, Japan.",SWITCHES &amp; RECEPTACLES,Building Materials,Various,7240.97,USD,Rahul N.,Order
1524,RFQ-6542-V40002,Yamauchi Gumi,24 Jun 2024,RFQ,Kelly &.H.,"JPN-124 FA890323C0031 Renovate Bldgs 111, 116 And 119 At Okinawa, Japan.",Interior Light Fitting,Building Materials,Various,375,USD,Rahul N.,Order
1525,RFQ-6542-V40001,Yamauchi Gumi,24 Jun 2024,RFQ,Rnk I.,"JPN-124 FA890323C0031 Renovate Bldgs 111, 116 And 119 At Okinawa, Japan.",Exhaust Fans,Building Materials,Various,43206,USD,Rahul N.,Order
1526,RFQ-6168-V40060,MVL USA JV LLC,24 Jun 2024,RFQ,Blue L.T.,"BIOT-121.37 N4008423F4277 REPAIRS TO ORDNANCE OPERATIONS, F-541",Plumbing Fixtures,Building Materials,Various,3048.7,USD,Rahul N.,Order
1527,RFQ-6542-E6800,Yamauchi Gumi,24 Jun 2024,RFQ,Tic L.E.,"JPN-124 FA890323C0031 Renovate Bldgs 111, 116 And 119 At Okinawa, Japan.",WATER HEATERS,Electrical,Electrical,8586.72,USD,Shinso M.,Order
1528,RFQ-6542-V40000,Yamauchi Gumi,24 Jun 2024,RFQ,Blue L.T.,"JPN-124 FA890323C0031 Renovate Bldgs 111, 116 And 119 At Okinawa, Japan",TOILET ACCESSORIES - JPN-124,Building Materials,Various,3281.14,USD,Shinso M.,Order
1529,RFQ-5532-M4018,MVL USA JV LLC,21 Jun 2024,RFQ,Evangel I.M.,BIOT-121 N4008421D0082/N4008421R0079 AEC DB DBB MACC (Laydown Area),HELI CPCD85 FORKLIFT SPARE PARTS,Machine / Equipments,Mechanical,3118.6,USD,Marman I.,Order
1530,Q-1005-L4158,MACRO,20 Jun 2024,IQ,Unicef ,LITB-2024-9190738-Supply &amp; Delivery Of Vehicle-UNICEF Ukraine,LITB-2024-9190738-Supply &amp; Delivery Of Vehicle-UNICEF Ukraine,Transportation,Logistics,137630,USD,Shinso M.,Waiting
1531,RFQ-6646-V40000A,"MVL USA, INC",19 Jun 2024,RFQ,Heely-brown C.,ORD-6646 USA-155.01 W912HN23F3014 FF-23013-3J Replace Various Main Post Roofs,Roofing Materials - Building 2873,Building Materials,Various,38461.51,USD,Lince M.,Order
1532,RFQ-6645-V40000A,"MVL USA, INC",19 Jun 2024,RFQ,Heely-brown C.,"ORD-6645-USA-155.02 W912HN23F3016 FF-23014-3J Replace Roofs Bldgs. 2408,2785,2818 &amp; 2873",Roofing Materials - Building 2747,Building Materials,Various,156499.98,USD,Lince M.,Order
1533,RFQ-5532-V40030,MVL USA JV LLC,19 Jun 2024,RFQ,Humboldt M.C.,BIOT-121 N4008421D0082/N4008421R0079 AEC DB DBB MACC,Testing Equipment,Building Materials,Various,97313.69,USD,Rahul N.,Order
1534,RFQ-6645-V40001A,"MVL USA, INC",19 Jun 2024,RFQ,Heely-brown C.,"ORD-6645-USA-155.02 W912HN23F3016 FF-23014-3J Replace Roofs Bldgs. 2408,2785,2818 &amp; 2873",Roofing Materials- Building 2784,Building Materials,Various,321383.38,USD,Lince M.,Order
1535,RFQ-6168-E6805,MVL USA JV LLC,14 Jun 2024,RFQ,Tic L.E.,"BIOT-121.37 N4008423F4277 REPAIRS TO ORDNANCE OPERATIONS, F-541",Wires,Electrical,Electrical,14506.5,USD,Rahul N.,Order
1536,RFQ-5622-V40003,MVL USA JV LLC,13 Jun 2024,RFQ,Dateline E.I.,BIOT-121.05 N4008422F4312 REPAIR RUNWAY EDGE LIGHTING SYSTEM,Flexible Loop Sealant,Building Materials,Various,7281.83,USD,Rahul N.,Order
1537,Q-1005-M7101,MV LLC,12 Jun 2024,IQ,Us E.D.,"Supply And Delivery Of The Cargo Van, PR# 19SG2024Q0023","Cargo Van,PR# 19SG2024Q0023",Mechanical Items,Mechanical,60000,USD,Shinso M.,Waiting
1538,RFQ-4814-V40013,MACRO,11 Jun 2024,RFQ,Hk P.,(QTR 193)  W912ER21C0005 - USACE TRANS REGIONAL LOGISTICS COMPLEX (TRLC),ANALOGUE TELEPHONE,Building Materials,Various,310,USD,Lince M.,Order
1539,RFQ-4814-A5211,MACRO,11 Jun 2024,RFQ,Techtradedoors T.L.,(QTR 193)  W912ER21C0005 - USACE TRANS REGIONAL LOGISTICS COMPLEX (TRLC),Photo Eye Sensor,Doors,Architectural,2500,QAR,Lince M.,Order
1540,RFQ-1005-V7183,MACRO,11 Jun 2024,RFQ,Ningbo U.E.,MVL Trading - Supply Of Megaphone.,"Megaphone, ITB # LITB-2024-9189764",Building Materials,Various,14790,USD,Shinso M.,Order
1541,RFQ-4814-V40012,MACRO,11 Jun 2024,RFQ,Supreme T.,(QTR 193)  W912ER21C0005 - USACE TRANS REGIONAL LOGISTICS COMPLEX (TRLC),Occupancy Sensor,Building Materials,Various,14280,QAR,Lince M.,Order
1542,RFQ-6705-E6800,"MVL USA, INC",10 Jun 2024,RFQ,Emsi I.,"RMI-125 W9128A23C0010 FY23 MCA PN 080242 Medical Clinic, U.S. Army Garrison, Kwajalein Atoll, Republic Of The Marshall Islands (RMI)",Medium Voltage Cable,Electrical,Electrical,25400,USD,Vinith B.,Order
1543,Q-1005-T6965,MV LLC,10 Jun 2024,IQ,Usda-fs ,1284LL24Q0062-Supply &amp; Delivery Of Tree Planting Supplies-USDA,1284LL24Q0062-Supply &amp; Delivery Of Tree Planting Supplies-USDA,Tools,Tools,255911.36,USD,Mahesh B.,Waiting
1544,Q-1005-V4482,MV LLC,10 Jun 2024,IQ,U.s. E.a.,PR12587951-Supply &amp; Delivery Of Spill Containment Drum Shed-US Embassy Nigeria,PR12587951-Supply &amp; Delivery Of Spill Containment Drum Shed-US Embassy Nigeria,Misc.,Various,37016,USD, ,Waiting
1545,Q-1005-T6964,MV LLC,10 Jun 2024,IQ,Usda-fs ,127EAU24Q0082-Supply Of Coconino Tree Shelter-USDA,127EAU24Q0082-Supply Of Coconino Tree Shelter-USDA,Tools,Tools,47520,USD,Mahesh B.,Waiting
1546,Q-1005-T6963,MV LLC,10 Jun 2024,IQ,Usda-fs ,1240BK24Q0091-Supply &amp; Delivery Of Heavy-Duty Wood Picnic Tables-USDA FA,1240BK24Q0091-Supply &amp; Delivery Of Heavy-Duty Wood Picnic Tables-USDA FA,Tools,Tools,46290,USD, ,Waiting
1547,RFQ-6168-V40059,MACRO,10 Jun 2024,RFQ,Tuv S.M.,"BIOT-121.37 N4008423F4277 REPAIRS TO ORDNANCE OPERATIONS, F-541","Witnessing The Performance Test , FAT &amp; TPI Of The Package AC Unit.",Building Materials,Various,1260,AED,Rahul N.,Order
1548,Q-1005-M4069,MACRO,08 Jun 2024,IQ,Us E.-.,PR# 19QA1024Q0034 -SUPPLY AND DELIVERY (TEN) BRAND NEW 6 SEATERS GOLF CARTS,PR# 19QA1024Q0034 -SUPPLY AND DELIVERY (TEN) BRAND NEW 6 SEATERS GOLF CARTS,Machine / Equipments,Mechanical,75000,USD,Shinso M.,Waiting
1549,RFQ-6168-V40058,MVL USA JV LLC,07 Jun 2024,RFQ,Rukin A.B.,"BIOT-121.37 N4008423F4277 REPAIRS TO ORDNANCE OPERATIONS, F-541",SS Canopy (Ready To Install),Building Materials,Various,67000,AED,Rahul N.,Order
1550,Q-1005-M4068,MV LLC,07 Jun 2024,IQ,Us A.,FA487724QA305-Supply Of Sonmez London 360 Discover M Tent Kit-US Navy,FA487724QA305-Supply Of Sonmez London 360 Discover M Tent Kit-US Navy,Machine / Equipments,Mechanical,163000,USD,Mahesh B.,Waiting
1551,Q-1005-M4067,MV LLC,07 Jun 2024,IQ,Usda ,12639524Q0179-Supply &amp; Delivery Of Feral Swine Net Trap System-USDA,12639524Q0179-Supply &amp; Delivery Of Feral Swine Net Trap System-USDA,Machine / Equipments,Mechanical,300000,USD,Mahesh B.,Waiting
1552,RFQ-5581-V40011,MVL USA JV LLC,05 Jun 2024,RFQ,Precision M.I.,"BIOT-121.02 N4008421R0001-X004, EProject 1701534 REPLACE FSS FIRE PROTECTION FOAM SYSTEM FROM F-410 TO TANK 1-11",Wear Pads For Metallic Pipes,Building Materials,Various,72464,AED,Rahul N.,Order
1553,Q-1005-T6962,MV LLC,05 Jun 2024,IQ,Usda-fs ,12639524Q0181-Supply &amp; Delivery Of Trail Cameras For Wildlife Services MN,12639524Q0181-Supply &amp; Delivery Of Trail Cameras For Wildlife Services MN,Tools,Tools,114300,USD,Mahesh B.,Waiting
1554,Q-1005-M4066,MACRO,05 Jun 2024,IQ,Unicef ,LRFQ-2024-9190431-Supply Of Smart Phones-Zambia,LRFQ-2024-9190431-Supply Of Smart Phones-Zambia,Machine / Equipments,Mechanical,30624,USD,Shinso M.,Waiting
1555,RFQ-5153-C6055,MPG JV,04 Jun 2024,RFQ,Gcp I.S.,"ITA-121 N6247021C0003 P-759, Family Housing New Construction Villaggio SW And Camp Ederle North - Vicenza, Italy",3rd Order For Air Barrier Materials For Percassi,Chemicals,Chemicals,173750.94,EURO,Marman I.,Order
1556,RFQ-5829-A5101,MACRO,04 Jun 2024,RFQ,Almi I.F.,"ORD-5829 UAE-123R W912ER22C0026 P-960 Triton Operational Facility, United Arab Emirates",Procurement Support - Water Meter,Accessories / Connection for Sandwich Panel,Architectural,91767.9,AED,Lince M.,Order
1557,Q-1005-E7099,MACRO,04 Jun 2024,IQ,"American E.,.","PR12475462-Supply &amp; Delivery Of LED Ceiling Lights-US Embassy, Nepal","PR12475462-Supply &amp; Delivery Of LED Ceiling Lights-US Embassy, Nepal",Electrical,Electrical,10900,USD,Shinso M.,Waiting
1558,Q-1005-M4065,MACRO,03 Jun 2024,IQ,U.s. E.A.,PR12576752-Supply &amp; Delivery Of Tires- US Embassy Addis Ababa,PR12576752-Supply &amp; Delivery Of Tires- US Embassy Addis Ababa,Machine / Equipments,Mechanical,19540,USD,Shinso M.,Waiting
1559,RFQ-6168-E6804A,MVL USA JV LLC,03 Jun 2024,RFQ,Tic L.E.,"BIOT-121.37 N4008423F4277 REPAIRS TO ORDNANCE OPERATIONS, F-541",Electrical Wires &amp; Cables,Electrical,Electrical,13850.3,USD,Rahul N.,Order
1560,Q-1005-T6961,MV LLC,03 Jun 2024,IQ,American E.N.,"PR12560838-Supply &amp; Delivery Of IPhone 15 Pro - US Embassy, Nairobi","PR12560838-Supply &amp; Delivery Of IPhone 15 Pro - US Embassy, Nairobi",Tools,Tools,175200,USD,Shinso M.,Waiting
1561,Q-1005-V7182,MACRO,31 May 2024,IQ,U.s. E.B.,PR12561360-BUJ/STATE/FAC: NEC Specialized Welding M/C And Tools &ndash; 7904,PR12561360-BUJ/STATE/FAC: NEC Specialized Welding M/C And Tools &ndash; 7904,Building Materials,Various,18473.6,USD,Shinso M.,Waiting
1562,Q-1005-L4157,MACRO,30 May 2024,IQ,Peace C.,PC-367-24-1030-Supply &amp; Delivery Of The Vehicles-Nepal,PC-367-24-1030-Supply &amp; Delivery Of The Vehicles-Nepal,Transportation,Logistics,255100,USD,Shinso M.,Waiting
1563,RFQ-6646-S9100,"MVL USA, INC",30 May 2024,RFQ,Carswell B.S.,ORD-6646-USA-155.01 W912HN23F3016 Replace Various Main Post Roofs,Electrical Service,Services,Services,17590,USD,Lince M.,Order
1564,RFQ-1005-E7098,MACRO,29 May 2024,RFQ,International B.R.,"(KSA 126) W912ER21C0014 KHAMIS SIMULATOR FACILITY, KSA",Testing &amp; Commissiong Of UPS System,Electrical,Electrical,36800,SAR,Marman I.,Order
1565,RFQ-5829-V40015,MACRO,29 May 2024,RFQ,Rig S.F.,"ORD-5829 UAE-123R W912ER22C0026 P-960 Triton Operational Facility, United Arab Emirates",KARAM PN 652QR RESCUE KIT (AS PER ATTACHED QUOTATION),Building Materials,Various,3675,AED,Marman I.,Order
1566,RFQ-5532-M4017,MVL USA JV LLC,29 May 2024,RFQ,Fastwin G.C.,BIOT-121 N4008421D0082/N4008421R0079 AEC DB DBB MACC,Maxus  V80  Sliding Door And Accessories,Machine / Equipments,Mechanical,312.96,USD,Marman I.,Order
1567,RFQ-6645-S9104,"MVL USA, INC",29 May 2024,RFQ,Booth P.C.,"ORD-6645-USA-155.02 W912HN23F3014 Roofs B-2408, 2873,2818,2785,8789",Mechanical Works,Services,Services,144185,USD,Lince M.,Order
1568,Q-1005-V4203,MACRO,29 May 2024,IQ,Iom -.U.,UA1-2024-LTA-008-Supply &amp; Deliver Of Garbage Containers-IOM-Ukraine,UA1-2024-LTA-008-Supply &amp; Deliver Of Garbage Containers-IOM-Ukraine,Containers,Various,0,USD, ,Waiting
1569,RFQ-1569-V4418,MACRO,29 May 2024,RFQ,Al S.V.,MVL Group Office Related POs,JUNE 2024 - INGREDIENTS - VEROMATIC SILEO Espresso Coffee Machine,Misc.,Various,1437.45,AED,Marman I.,Order
1570,RFQ-5829-V40014,MACRO,29 May 2024,RFQ,Majid B.B.,"ORD-5829 UAE-123R W912ER22C0026 P-960 Triton Operational Facility, United Arab Emirates","Procurement Support - Floor Drains, Floor Cleanouts",Building Materials,Various,79300.41,AED,Lince M.,Order
1571,RFQ-5532-M4016,MVL USA JV LLC,29 May 2024,RFQ,Evangel I.M.,BIOT-121 N4008421D0082/N4008421R0079 AEC DB DBB MACC (Laydown Area),Dongfeng 190 HP Truck Mounted Xcmg 6.3-ton Crane - Propeller Shaft Center Bearing (Part No. 2202N74-083-A) Via Courier,Machine / Equipments,Mechanical,290,USD,Marman I.,Order
1572,RFQ-1569-O69,MACRO,28 May 2024,RFQ,Rivyv T.,MVL Group Office Related POs,Beyond Trust Implementation And Support - NISTCMMC Project Implementation - 2024,Computer Peripherals,Office Assets,3500,AED,Marman I.,Order
1573,RFQ-6069-T1000,MVL USA JV LLC,27 May 2024,RFQ,Ali A.&.,"BIOT-121.19 N4008423F4078 INSTL FIRE PROTECTION/SPRINKLER SYS, SPP, WO 13392",Threading Machine &amp; Accessories,Tools,Tools,56865,AED,Rahul N.,Order
1574,RFQ-6408-E6800,MVL USA JV LLC,27 May 2024,RFQ,Tic L.E.,"BIOT-121.41 N4008423F4520 REPLACE SPLIT-TYPE A/C UNITS, UPH 2, DIEGO GARCIA, BIOT",Thermostat Cables,Electrical,Electrical,1525.21,USD,Rahul N.,Order
1575,RFQ-5657-V40015,MVL USA JV LLC,27 May 2024,RFQ,White C.S.,"BIOT-121.17 N4008422F4422 X017 1638204, QF9006 &amp;ndash; REPAIRS TO SEWAGE LIFT STATIONS",Mortar &amp; Grout,Building Materials,Various,2855.66,USD,Rahul N.,Order
1576,Q-1005-V7181,MACRO,27 May 2024,IQ,Iom -.U.,RFQ-4200670805-Supply &amp; Delivery Of Laboratory Equipment's-IOM Kenya,RFQ-4200670805-Supply &amp; Delivery Of Laboratory Equipment's-IOM Kenya,Building Materials,Various,79186,USD,Shinso M.,Waiting
1577,RFQ-1005-E7095,MACRO,27 May 2024,RFQ,International B.R.,"(KSA 126) W912ER21C0014 KHAMIS SIMULATOR FACILITY, KSA",UPS Balance Spares,Electrical,Electrical,3763.38,SAR,Marman I.,Order
1578,RFQ-6168-M4000,MVL USA JV LLC,23 May 2024,RFQ,Cleantech G.F.,"BIOT-121.37 N4008423F4277 REPAIRS TO ORDNANCE OPERATIONS, F-541 / BIOT-121 N4008421D0082/N4008421R0079 AEC DB DBB MACC (Laydown Area)",MODEL THERMIC 5H WITH ACCESSORIES,Machine / Equipments,Mechanical,13160,AED,Marman I.,Order
1579,RFQ-4814-A5210,MACRO,23 May 2024,RFQ,Lakshmi M.T.,(QTR 193)  W912ER21C0005 - USACE TRANS REGIONAL LOGISTICS COMPLEX (TRLC),Supply And Delivery Of Blast Proof Glass (Door NO 128B),Doors,Architectural,13850,AED,Marman I.,Order
1580,Q-1005-L4156,MACRO,23 May 2024,IQ,American E.-.,PR12504750-Supply Of SUV Vehicles-US Embassy Kuwait,PR12504750-Supply Of SUV Vehicles-US Embassy Kuwait,Transportation,Logistics,55336,KWD, ,Waiting
1581,RFQ-6705-M4005,"MVL USA, INC",22 May 2024,RFQ,Henan X.E.,"ORD - 6705 RMI-125 W9128A23C0010 PY23 MCA PN 080242 Medical Clinic, U.S. Army Garrison, Kwajalein Atoll, Republic Of The Marshal: Islands (RMI)",50 UNITS OF BUNK BED AS PER APPROVED DRAWING,Machine / Equipments,Mechanical,4150,USD,Marman I.,Order
1582,RFQ-4814-A5209,MACRO,22 May 2024,RFQ,Vulcan I.L.,(QTR 193)  W912ER21C0005 - USACE TRANS REGIONAL LOGISTICS COMPLEX (TRLC),FM200 Room - Fire Rated Wooden Door Order - Modification TRLC,Doors,Architectural,5932.5,AED,Marman I.,Order
1583,RFQ-5213-A5203,MACRO,22 May 2024,RFQ,Idt I.D.,"(KSA 127) W912ER21C0015 - AL KHARJ WAREHOUSE, KSA",RECTIFICATION/REPAIR OF OVERHEAD COILING DOOR INAL KHARJ-KSA,Doors,Architectural,1725,SAR,Marman I.,Order
1584,RFQ-1569-O68,MACRO,22 May 2024,RFQ,Kyoto T.,MVL Group Office Related POs,CUBICLE EXTENSION 1803 TECHNICAL TEAM,Computer Peripherals,Office Assets,1572.9,AED,Marman I.,Order
1585,Q-1005-M4064,MV LLC,22 May 2024,IQ,Us A.,FA527024QA082-Supply &amp; Delivery Of 18 CES Fans-US Airforce Japan,FA527024QA082-Supply &amp; Delivery Of 18 CES Fans-US Airforce Japan,Machine / Equipments,Mechanical,52998,USD,Mahesh B.,Waiting
1586,RFQ-6168-V40057,MACRO,22 May 2024,RFQ,Welspun G.B.,"BIOT-121.37 N4008423F4277 REPAIRS TO ORDNANCE OPERATIONS, F-541",Carpets,Building Materials,Various,5347.83,USD,Rahul N.,Order
1587,RFQ-5532-V4367,MVL USA JV LLC,22 May 2024,RFQ,Foshan S.M.,BIOT-121 N4008421D0082/N4008421R0079 AEC DB DBB MACC (Laydown Area),HDPE PORTABLE TOILET - AS PER APPROVED SPECIFICATION,Misc.,Various,11888,USD,Marman I.,Order
1588,RFQ-5829-A5351,MACRO,21 May 2024,RFQ,Publika B.&.,"ORD-5829 UAE-123R W912ER22C0026 P-960 Triton Operational Facility, United Arab Emirates",Procurement Support - Sanitaryware And Accessories,Sanitary and Toilet Accessories,Architectural,93664.2,AED,Lince M.,Order
1589,RFQ-6705-V40000B,"MVL USA, INC",20 May 2024,RFQ,Benfield E.I.,"RMI-125 W9128A23C0010 FY23 MCA PN 080242 Medical Clinic, U.S. Army Garrison, Kwajalein Atoll, Republic Of The Marshall Islands (RMI)",Unit Substation And Primary Selective Switches,Building Materials,Various,227872.95,USD,Vinith B.,Order
1590,Q-1005-E7094,MV LLC,20 May 2024,IQ,Department o.t.,N61331-24-T-KS32-Supply &amp; Delivery Of High Bay Lights-US Navy,N61331-24-T-KS32-Supply &amp; Delivery Of High Bay Lights-US Navy,Electrical,Electrical,141500,USD,Mahesh B.,Waiting
1591,RFQ-5532-V4365,MVL USA JV LLC,20 May 2024,RFQ,Twothousand M.C.,BIOT-121 N4008421D0082/N4008421R0079 AEC DB DBB MACC (Laydown Area),ICE MAKING MACHINE - TT-SK-098F Ice Maker,Misc.,Various,1766,USD,Marman I.,Order
1592,RFQ-5657-V40014,MVL USA JV LLC,17 May 2024,RFQ,White C.S.,"BIOT-121.17 N4008422F4422 X017 1638204, QF9006 &amp; REPAIRS TO SEWAGE LIFT STATIONS",Mortar Mix And Grout,Building Materials,Various,2855.66,USD,Rahul N.,Order
1593,RFQ-5657-V40013,MVL USA JV LLC,17 May 2024,RFQ,Benfield E.I.,"BIOT-121.17 N4008422F4422 X017 1638204, QF9006 &amp;ndash; REPAIRS TO SEWAGE LIFT STATIONS",Conduit Fitting,Building Materials,Various,3006,USD,Rahul N.,Order
1594,RFQ-5683-V40018,MVL USA JV LLC,17 May 2024,RFQ,Leeds S.C.,"BIOT-121.10 N4008422F4478 / N4008421R0079 X010 CONSTRUCT STORAGE ROOM &amp; RENOVATE BREAKROOMS, F-937 &amp; F-938",Touch Up Paint (for Doors &amp; Windows),Building Materials,Various,424,USD,Rahul N.,Order
1595,Q-1005-T6960,MACRO,16 May 2024,IQ,Fao ,TRN-2024-FRSOM-FRSOM-127046-Supply &amp; Delivery Of HDPE Water Pipes-FAO Somalia,TRN-2024-FRSOM-FRSOM-127046-Supply &amp; Delivery Of HDPE Water Pipes-FAO Somalia,Tools,Tools,236700,USD,Shinso M.,Waiting
1596,Q-1005-E7093,MV LLC,14 May 2024,IQ,American E.N.,"PR12533672-Supply Of Cisco 9300L Switches-American Embassy, Nairobi","PR12533672-Supply Of Cisco 9300L Switches-American Embassy, Nairobi",Electrical,Electrical,61300,USD,Shinso M.,Waiting
1597,RFQ-1569-O67,MACRO,13 May 2024,RFQ,Dnv B.A.,NISTCMMC Project Implementation - 2024,NISTCMMC Project Implementation - 2024 - MVL NIST SP 800 171 Advisory Services,Computer Peripherals,Office Assets,54000,AED,Marman I.,Order
1598,Q-1005-L4155,MV LLC,13 May 2024,IQ,International O.f.,2024-ION TCHAD-07-Supply &amp; Delivery Of 4 Soft-skinned Vehicles-IOM Chad,2024-ION TCHAD-07-Supply &amp; Delivery Of 4 Soft-skinned Vehicles-IOM Chad,Transportation,Logistics,149771,USD,Shinso M.,Waiting
1599,Q-1005-M4063,MV LLC,13 May 2024,IQ,Usda-fs C.,1284LL24Q0047-Purchase Of 3 X 40 Shipping Containers(Conex)-IDAHO,1284LL24Q0047-Purchase Of 3 X 40 Shipping Containers(Conex)-IDAHO,Machine / Equipments,Mechanical,0,USD,Mahesh B.,Waiting
1600,RFQ-6544-V40008,MVL USA JV LLC,13 May 2024,RFQ,Scott &.F.,BIOT-121.49 N4008423F4678 QC2025 REPAIRS TO FACILITY 824,Mechanical Support Materials For Window AC,Building Materials,Various,3953.25,USD,Rahul N.,Order
1601,Q-1005-M4062,MACRO,13 May 2024,IQ,"American C.,.","MPR0451126-Purchase Of Equipment For Q-Flow-US Conusulate,Dubai","MPR0451126-Purchase Of Equipment For Q-Flow-US Conusulate,Dubai",Machine / Equipments,Mechanical,24812.55,AED,Shinso M.,Waiting
1602,Q-1005-M4061,MACRO,13 May 2024,IQ,"American C.,.",MPR0451128-Purchase Of Accessories For Q-Flow-US Consulate Dubai,MPR0451128-Purchase Of Accessories For Q-Flow-US Consulate Dubai,Machine / Equipments,Mechanical,4373.25,AED,Shinso M.,Waiting
1603,Q-1005-E7092,MV LLC,10 May 2024,IQ,Norfolk N.S.,N4215824QE039-Supply &amp; Delivery Of LED Portable Work Light-NAVSEA-Virginia,N4215824QE039-Supply &amp; Delivery Of LED Portable Work Light-NAVSEA-Virginia,Electrical,Electrical,32250,USD,Mahesh B.,Waiting
1604,RFQ-5532-M4015,MVL USA JV LLC,09 May 2024,RFQ,Fastwin G.C.,BIOT-121 N4008421D0082/N4008421R0079 AEC DB DBB MACC (Laydown Area),DIEGO GARCIA - Great Wall Wingle7 (Pick-up) -Parts For Preventive Maintenance,Machine / Equipments,Mechanical,735.48,USD,Marman I.,Order
1605,RFQ-5695-V40010,MVL USA JV LLC,09 May 2024,RFQ,Technofab S.F.,"BIOT-121.16 N4008422F4476 QC1018 REPAIR BOLLARDS, POL PIER",Formwork &amp; Temporary Bracing Materials,Building Materials,Various,186400,AED,Rahul N.,Order
1606,RFQ-1569-V4417,MACRO,08 May 2024,RFQ,Al S.V.,MVL Group Office Related POs,Supply And Installation Of VEROMATIC SILEO Espresso Coffee Machine With Cabinet,Misc.,Various,4075.05,AED,Marman I.,Order
1607,Q-1005-L4154,MACRO,08 May 2024,IQ,Us E.T.,PR12508825-GSO-Motorpool Purchase Of Hybrid SUV- U.S. Embassy Dar Es Salaam,PR12508825-GSO-Motorpool Purchase Of Hybrid SUV- U.S. Embassy Dar Es Salaam,Transportation,Logistics,43000,USD,Shinso M.,Waiting
1608,Q-1005-M4060,MACRO,08 May 2024,IQ,Unicef ,LITB-2024-9189764-Supply &amp; Delivery Of Mega Phones-UNICEF,LITB-2024-9189764-Supply &amp; Delivery Of Mega Phones-UNICEF,Machine / Equipments,Mechanical,26100,USD,Shinso M.,Order
1609,Q-1005-V4481,MV LLC,08 May 2024,IQ,Department o.t.,N0040624Q0530-Supply Of Fire Resistant Coveralls-US Navy Japan,N0040624Q0530-Supply Of Fire Resistant Coveralls-US Navy Japan,Misc.,Various,218876,USD,Mahesh B.,Waiting
1610,RFQ-6705-V40004,"MVL USA, INC",08 May 2024,RFQ,Scott &.F.,"RMI-125 W9128A23C0010 FY23 MCA PN 080242 Medical Clinic, U.S. Army Garrison, Kwajalein Atoll, Republic Of The Marshall Islands (RMI)",Reheat Coil,Building Materials,Various,2532,USD,Vinith B.,Order
1611,RFQ-6705-V40003,"MVL USA, INC",08 May 2024,RFQ,Rig S.F.,"ORD - 6705 RMI-125 W9128A23C0010 PY23 MCA PN 080242 Medical Clinic, U.S. Army Garrison, Kwajalein Atoll, Republic Of The Marshal: Islands (RMI)",6705 - Kwajalein Atoll - Supply Of PPE And Safety Equipment,Building Materials,Various,5195,AED,Marman I.,Order
1612,Q-1005-T6959,MACRO,07 May 2024,IQ,"American C.,.","PR12546077-Supply &amp; Delivery Of I-Phone-American Consulate, Dubai","PR12546077-Supply &amp; Delivery Of I-Phone-American Consulate, Dubai",Tools,Tools,49770,AED,Shinso M.,Waiting
1613,RFQ-6168-V40055,MACRO,07 May 2024,RFQ,Misar T.C.,"BIOT-121.37 N4008423F4277 REPAIRS TO ORDNANCE OPERATIONS, F-541",Accessories For Metal Cabinet,Building Materials,Various,1434.19,AED,Rahul N.,Order
1614,RFQ-6705-M4004,"MVL USA, INC",07 May 2024,RFQ,Henan X.E.,"ORD - 6705 RMI-125 W9128A23C0010 PY23 MCA PN 080242 Medical Clinic, U.S. Army Garrison, Kwajalein Atoll, Republic Of The Marshal: Islands (RMI)",6-SEATER GOLF CART - MODEL GM-6D,Machine / Equipments,Mechanical,4850,USD,Marman I.,Order
1615,RFQ-6168-M4102,MVL USA JV LLC,07 May 2024,RFQ,Ferguson E.L.,"BIOT-121.37 N4008423F4277 REPAIRS TO ORDNANCE OPERATIONS, F-541",Drain And Condensate Pipes &amp; Fittings,Mechanical Items,Mechanical,348.18,USD,Rahul N.,Order
1616,RFQ-6168-V40054,MVL USA JV LLC,06 May 2024,RFQ,Scott &.F.,"BIOT-121.37 N4008423F4277 REPAIRS TO ORDNANCE OPERATIONS, F-541",Metal Cabinet,Building Materials,Various,5784.69,USD,Rahul N.,Order
1617,RFQ-5581-V40010,MACRO,06 May 2024,RFQ,Grace L.L.,"BIOT-121.02 N4008421R0001-X004, EProject 1701534 REPLACE FSS FIRE PROTECTION FOAM SYSTEM FROM F-410 TO TANK 1-11",Escutcheon,Building Materials,Various,7917,AED,Rahul N.,Order
1618,Q-1005-M4059,MV LLC,06 May 2024,IQ,"Us E.,.",19ES60-24-Q-0035-Supply &amp; Delivery Of Bunk Beds &amp; Mattresses-El Savador,19ES60-24-Q-0035-Supply &amp; Delivery Of Bunk Beds &amp; Mattresses-El Savador,Machine / Equipments,Mechanical,200250,USD,Shinso M.,Waiting
1619,RFQ-4814-V40011,MACRO,06 May 2024,RFQ,Abc P.W.,(QTR 193)  W912ER21C0005 - USACE TRANS REGIONAL LOGISTICS COMPLEX (TRLC),Carpenter Dark Tiles,Building Materials,Various,33633.74,QAR,Marman I.,Order
1620,RFQ-6645-V40001,"MVL USA, INC",03 May 2024,RFQ,Heely-brown C.,"ORD-6645-USA-155.02 W912HN23F3016 FF-23014-3J Replace Roofs Bldgs. 2408,2785,2818 &amp; 2873",Roofing Materials- Building 2784,Building Materials,Various,285532.75,USD,Lince M.,Order
1621,Q-1005-L4153,MACRO,03 May 2024,IQ,Iom -.U.,ITB/ET10/001/2024-Supply Of 60 Seater Bus-IOM-Ethiopia,ITB/ET10/001/2024-Supply Of 60 Seater Bus-IOM-Ethiopia,Transportation,Logistics,308900,USD,Shinso M.,Waiting
1622,RFQ-6645-V40000,"MVL USA, INC",02 May 2024,RFQ,Heely-brown C.,"ORD-6645-USA-155.02 W912HN23F3016 FF-23014-3J Replace Roofs Bldgs. 2408,2785,2818 &amp; 2873",Roofing Materials - Building 2747,Building Materials,Various,141552.98,USD,Lince M.,Order
1623,RFQ-6646-V40000,"MVL USA, INC",02 May 2024,RFQ,Heely-brown C.,ORD-6646 USA-155.01 W912HN23F3014 FF-23013-3J Replace Various Main Post Roofs,Roofing Materials - Building 2873,Building Materials,Various,34189.15,USD,Lince M.,Order
1624,RFQ-5829-R1506,MACRO,02 May 2024,RFQ,New S.O.,"ORD-5829 UAE-123R W912ER22C0026 P-960 Triton Operational Facility, United Arab Emirates",SHARP BP-20C20T Printer Repair,Rental,Rental,897.75,AED,Marman I.,Order
1625,RFQ-6408-V40022,MACRO,01 May 2024,RFQ,Isam K.T.,"BIOT-121.41 N4008423F4520 REPLACE SPLIT-TYPE A/C UNITS, UPH 2, DIEGO GARCIA, BIOT",Supports For Refrigerant Pipes &amp; Insulation,Building Materials,Various,18895.8,AED,Rahul N.,Order
1626,Q-1005-L4152,MACRO,01 May 2024,IQ,Iom -.U.,RFQ-BI-PROC 24/074-Supply &amp; Delivery Of 60 Seater Bus-IOM Burundi,RFQ-BI-PROC 24/074-Supply &amp; Delivery Of 60 Seater Bus-IOM Burundi,Transportation,Logistics,104000,USD,Shinso M.,Waiting
1627,RFQ-5829-M4107,MACRO,01 May 2024,RFQ,Al F.A.,"ORD-5829 UAE-123R W912ER22C0026 P-960 Triton Operational Facility, United Arab Emirates",Procurement Support - Air Compressors,Mechanical Items,Mechanical,585900,AED,Lince M.,Order
1628,RFQ-1569-O66,MACRO,01 May 2024,RFQ,Al K.C.,MVL Group Office Ralated POs,DESKTOP For Jailani Mohaideen,Computer Peripherals,Office Assets,2535.75,AED,Marman I.,Order
1629,RFQ-5532-V40029,MACRO,30 Apr 2024,RFQ,Tuv S.M.,BIOT-121 N4008421D0082/N4008421R0079 AEC DB DBB MACC (Laydown Area),TPI For Generator,Building Materials,Various,1050,AED,Rahul N.,Order
1630,RFQ-1569-O65,MACRO,30 Apr 2024,RFQ,Rivyv T.,NISTCMMC Project Implementation,"(NISTCMMC Project Implementation) -INTRANET DEVELOPMENT, TESTING, AND IMPLEMENTATION - FOR ALL MVL EMPLOYEES",Computer Peripherals,Office Assets,900,USD,Marman I.,Order
1631,RFQ-1005-E7091,MACRO,30 Apr 2024,RFQ,International B.R.,"(KSA 126) W912ER21C0014 KHAMIS SIMULATOR FACILITY, KSA",IBR - UPS - SPARES - KHAMIS 126,Electrical,Electrical,7693.5,SAR,Marman I.,Order
1632,RFQ-5622-E6801,MVL USA JV LLC,30 Apr 2024,RFQ,Cooper C.L.,BIOT-121.05 N4008422F4312 REPAIR RUNWAY EDGE LIGHTING SYSTEM,Secondary Cable For Transformer,Electrical,Electrical,9640.06,USD,Rahul N.,Order
1633,RFQ-6408-V40021,MACRO,29 Apr 2024,RFQ,Firmac I.L.,"BIOT-121.41 N4008423F4520 REPLACE SPLIT-TYPE A/C UNITS, UPH 2, DIEGO GARCIA, BIOT",Duct Works,Building Materials,Various,9066.56,AED,Rahul N.,Order
1634,Q-1005-M7100,MACRO,29 Apr 2024,IQ,Fao ,2024/FAAFG/FAAFG/126264-Supply &amp; Delivery Of Micro Solar Dryers-FAO Afghanistan,2024/FAAFG/FAAFG/126264-Supply &amp; Delivery Of Micro Solar Dryers-FAO Afghanistan,Mechanical Items,Mechanical,2655500,USD,Shinso M.,Waiting
1635,Q-1005-M4058,MVL Nepal,29 Apr 2024,IQ,Fao ,2024/FAAFG/FAAFG/126264-Supply &amp; Delivery Of Micro Solar Dryers-FAO Afghanistan,2024/FAAFG/FAAFG/126264-Supply &amp; Delivery Of Micro Solar Dryers-FAO Afghanista,Machine / Equipments,Mechanical,0,USD, ,Cancled
1636,RFQ-6705-M4003,"MVL USA, INC",29 Apr 2024,RFQ,Lamphere C.L.,"RMI-125 W9128A23C0010 FY23 MCA PN 080242 Medical Clinic, U.S. Army Garrison, Kwajalein Atoll, Republic Of The Marshall Islands (RMI)","Supply, Delivery And Maintenance Of 2 Tractors And Drill Machine",Machine / Equipments,Mechanical,109268,USD, ,Order
1637,RFQ-5655-V40006,MVL USA JV LLC,26 Apr 2024,RFQ,Scott &.F.,"BIOT-121.12 N4008422F4366/N4008421R0079 X012 EPROJECT 1575276 REPLACE AC UNITS, UNACCOMPANIED PERSONNEL HOURSING (UPH) 28",Air Filters,Building Materials,Various,885.6,USD,Rahul N.,Order
1638,RFQ-5683-C5203C,MVL USA JV LLC,26 Apr 2024,RFQ,Lakshmi M.T.,"BIOT-121.10 N4008422F4478 / N4008421R0079 X010 CONSTRUCT STORAGE ROOM &amp; RENOVATE BREAKROOMS, F-937 &amp; F-938",Keys &amp; Key Cabinet For Doors,Doors,Architectural,4620,AED,Rahul N.,Order
1639,RFQ-6168-A5203,MVL USA JV LLC,25 Apr 2024,RFQ,Lakshmi M.T.,"BIOT-121.37 N4008423F4277 REPAIRS TO ORDNANCE OPERATIONS, F-541",Aluminium Windows,Doors,Architectural,180000,AED,Rahul N.,Order
1640,RFQ-5657-V40012,MVL USA JV LLC,25 Apr 2024,RFQ,App M.,"BIOT-121.17 N4008422F4422 X017 1638204, QF9006 &amp; REPAIRS TO SEWAGE LIFT STATIONS",Pipe Fittings,Building Materials,Various,5351.5,USD,Rahul N.,Order
1641,Q-1005-M4057,MV LLC,25 Apr 2024,IQ,Department o.t.,FA524024QM047-Supply &amp; Delivery Of Aircraft Portable Air Stairs-US Airforce Guam,FA524024QM047-Supply &amp; Delivery Of Aircraft Portable Air Stairs-US Airforce Guam,Machine / Equipments,Mechanical,0,USD, ,Waiting
1642,RFQ-6544-V40007,MVL USA JV LLC,24 Apr 2024,RFQ,"Tri-west, L.",BIOT-121.49 N4008423F4678 QC2025 REPAIRS TO FACILITY 824,VCT &amp; Accessories,Building Materials,Various,962.5,USD,Rahul N.,Order
1643,RFQ-6168-V40053,MVL USA JV LLC,24 Apr 2024,RFQ,Foundation B.M.,"BIOT-121.37 N4008423F4277 REPAIRS TO ORDNANCE OPERATIONS, F-541",Anchor Screw (for Canopy),Building Materials,Various,872.14,USD,Rahul N.,Order
1644,RFQ-6168-V40052,MACRO,24 Apr 2024,RFQ,Isam K.T.,"BIOT-121.37 N4008423F4277 REPAIRS TO ORDNANCE OPERATIONS, F-541",Supports For Refrigerant Pipes &amp; Insulation,Building Materials,Various,18895.8,AED,Rahul N.,Order
1645,RFQ-6168-V40051,MACRO,24 Apr 2024,RFQ,Dutco T.L.,"BIOT-121.37 N4008423F4277 REPAIRS TO ORDNANCE OPERATIONS, F-541","Plumbing Hose Bib, Vacuum Breaker And Ball Valve",Building Materials,Various,674.1,AED,Rahul N.,Order
1646,RFQ-6168-V40050,MVL USA JV LLC,23 Apr 2024,RFQ,Dateline E.I.,"BIOT-121.37 N4008423F4277 REPAIRS TO ORDNANCE OPERATIONS, F-541","Grout, Mortar &amp; Adhesive",Building Materials,Various,628.32,USD,Rahul N.,Order
1647,RFQ-6168-V40049,MACRO,23 Apr 2024,RFQ,X-calibur E.L.,"BIOT-121.37 N4008423F4277 REPAIRS TO ORDNANCE OPERATIONS, F-541",Tile Adhesive,Building Materials,Various,700.35,AED,Rahul N.,Order
1648,RFQ-1569-O64,MACRO,23 Apr 2024,RFQ,Al K.C.,MVL Group Office Related POs,2 DESKTOPS AND 4 MONITORS FOR NEW JOINEE (Arun Nair) (Nizamuddin Z),Computer Peripherals,Office Assets,6373.5,AED,Marman I.,Order
1649,RFQ-1005-S9078,MACRO,22 Apr 2024,RFQ,Al S.I.,"(KSA 126) W912ER21C0014 KHAMIS SIMULATOR FACILITY, KSA",Repeater Panel,Subcontract,Services,14076,SAR,Marman I.,Order
1650,RFQ-5829-V40013,MACRO,16 Apr 2024,RFQ,Al B.&.,"ORD-5829 UAE-123R W912ER22C0026 P-960 Triton Operational Facility, United Arab Emirates",Procurement Support - Central Emergency Lighting Systems,Building Materials,Various,228375,AED,Lince M.,Order
1651,RFQ-5829-V40012,MACRO,15 Apr 2024,RFQ,Galvacoat I.,"ORD-5829 UAE-123R W912ER22C0026 P-960 Triton Operational Facility, United Arab Emirates",Procurement Support - High Mast Poles,Building Materials,Various,55125,AED,Lince M.,Order
1652,RFQ-5657-M4104,MVL USA JV LLC,15 Apr 2024,RFQ,Zoeller P.C.,"BIOT-121.17 N4008422F4422 X017 1638204, QF9006 &amp; REPAIRS TO SEWAGE LIFT STATIONS",Temporary Grinder Pump,Mechanical Items,Mechanical,0,USD,Rahul N.,Order
1653,RFQ-6408-V40020,MACRO,05 Apr 2024,RFQ,Isam K.T.,"BIOT-121.41 N4008423F4520 REPLACE SPLIT-TYPE A/C UNITS, UPH 2, DIEGO GARCIA, BIOT",Additional Supports,Building Materials,Various,762.2,AED,Rahul N.,Order
1654,RFQ-6408-V40019,MACRO,05 Apr 2024,RFQ,Firmac I.L.,"BIOT-121.41 N4008423F4520 REPLACE SPLIT-TYPE A/C UNITS, UPH 2, DIEGO GARCIA, BIOT",HVAC Ducts,Building Materials,Various,6659.54,AED,Rahul N.,Order
1655,RFQ-6069-V40001,MVL USA JV LLC,05 Apr 2024,RFQ,The S.C.,"BIOT-121.19 N4008423F4078 INSTL FIRE PROTECTION/SPRINKLER SYS, SPP, WO 13392",Paints (for Fire Pro Pipes Only),Building Materials,Various,4519.66,USD,Rahul N.,Order
1656,RFQ-6408-V40018,MACRO,05 Apr 2024,RFQ,Isam K.T.,"BIOT-121.41 N4008423F4520 REPLACE SPLIT-TYPE A/C UNITS, UPH 2, DIEGO GARCIA, BIOT",Supports For Refrigerant Pipes,Building Materials,Various,35641.93,AED, ,Waiting
1657,RFQ-6544-V40006A,MVL USA JV LLC,05 Apr 2024,RFQ,Kelly &.H.,BIOT-121.49 X016 N4008423F4678 QC2025 REPAIRS TO FACILITY 824,Electrical Materials,Building Materials,Various,13853.29,USD,Rahul N.,Order
1658,RFQ-1569-V4415,MACRO,05 Apr 2024,RFQ,Printek S.,MVL Group Office Related POs,SHARP MX61FT YELLOW TONER CART,Misc.,Various,551.25,AED,Marman I.,Order
1659,RFQ-6408-V40017,MVL USA JV LLC,05 Apr 2024,RFQ,Scott &.F.,"BIOT-121.41 N4008423F4520 REPLACE SPLIT-TYPE A/C UNITS, UPH 2, DIEGO GARCIA, BIOT",Aluminum Cladding Coated White,Building Materials,Various,1226,USD,Vinith B.,Order
1660,Q-1005-M7099,MACRO,04 Apr 2024,IQ,"American C.,.",PR12474180-Supply &amp; Delivery Of Air Filter-US Consulate Dubai,PR12474180-Supply &amp; Delivery Of Air Filter-US Consulate Dubai,Mechanical Items,Mechanical,40950,AED, ,Waiting
1661,RFQ-6168-E6804,MVL USA JV LLC,04 Apr 2024,RFQ,Tic L.E.,"BIOT-121.37 N4008423F4277 REPAIRS TO ORDNANCE OPERATIONS, F-541",Electrical Wires &amp; Cables,Electrical,Electrical,18510.5,USD,Rahul N.,Order
1662,RFQ-6424-V40000,MVL USA JV LLC,03 Apr 2024,RFQ,Dateline E.I.,"BIOT-121.46 X046 EPROJECT 1641181, QF9010 &amp;ndash; REPAIR TAXIWAY LIGHTING SYSTEM AFL, F-200051, NSF, DG",Rebars And Expansion Board,Building Materials,Various,3627.24,USD,Rahul N.,Order
1663,RFQ-6168-V40048A,MVL USA JV LLC,03 Apr 2024,RFQ,Westex G.I.,"BIOT-121.37 N4008423F4277 REPAIRS TO ORDNANCE OPERATIONS, F-541",Electrical Wires &amp; Cables,Building Materials,Various,18518,USD,Rahul N.,Order
1664,RFQ-1005-V4480,MACRO,03 Apr 2024,RFQ,Smile C.,MVL TRADING,A5 STICKERS FOR TRADING ORDER,Misc.,Various,504,AED,Marman I.,Order
1665,RFQ-6408-V40016,MACRO,02 Apr 2024,RFQ,Bin D.G.,"BIOT-121.41 N4008423F4520 REPLACE SPLIT-TYPE A/C UNITS, UPH 2, DIEGO GARCIA, BIOT","Vapor Barrier Coating, Adhesive And Sealant",Building Materials,Various,14781.48,AED,Vinith B.,Order
1666,RFQ-5657-E6802,MACRO,01 Apr 2024,RFQ,Max T.E.,"BIOT-121.17 N4008422F4422 X017 1638204, QF9006 &amp;ndash; REPAIRS TO SEWAGE LIFT STATIONS",Steel Enclosure For Pumps,Electrical,Electrical,34068,AED,Rahul N.,Order
1667,RFQ-5657-E6801,MVL Italy,01 Apr 2024,RFQ,Max T.E.,,Enclsoures,Electrical,Electrical,0,USD, ,Waiting
1668,RFQ-6544-V40006,MVL USA JV LLC,01 Apr 2024,RFQ,Kelly &.H.,BIOT-121.49 X016 N4008423F4678 QC2025 REPAIRS TO FACILITY 824,Electrical Materials,Building Materials,Various,15926.59,USD,Rahul N.,Order
1669,RFQ-5829-E6806,MACRO,01 Apr 2024,RFQ,Avcond G.T.,"ORD-5829 UAE-123R W912ER22C0026 P-960 Triton Operational Facility, United Arab Emirates",Procurement Support - 400Hz PSP &amp; CABLE ASSEMBLY,Electrical,Electrical,419904.44,AED,Lince M.,Order
1670,RFQ-1569-V4414,MACRO,01 Apr 2024,RFQ,Bafco T.L.,MVL Group Office Related POs,4 WORKING STATIONS WITH PEDESTAL (AYMAN'S TECHNICAL TEAM),Misc.,Various,14871.15,AED,Marman I.,Order
1671,RFQ-5829-V40011,MACRO,30 Mar 2024,RFQ,Rig S.F.,"ORD-5829 UAE-123R W912ER22C0026 P-960 Triton Operational Facility, United Arab Emirates",SAFETY PPE FOR TRITON 30/3/2024,Building Materials,Various,1380.75,AED,Marman I.,Order
1672,RFQ-5655-E6803,MVL USA JV LLC,30 Mar 2024,RFQ,Tic L.E.,"BIOT-121.12 N4008422F4366/N4008421R0079 X012 EPROJECT 1575276 REPLACE AC UNITS, UNACCOMPANIED PERSONNEL HOURSING (UPH) 28",GE Spectra RMS 600V 250A 3 Pole Circuit Breaker And Circuit Breaker Rating Plug Rated For 200A,Electrical,Electrical,1044.1,USD,Marman I.,Order
1673,Q-1005-V7180,MV LLC,29 Mar 2024,IQ,Department o.t.,FA468624Q0013-Supply Of Guard Shacks-US Airforce-CA,FA468624Q0013-Supply Of Guard Shacks-US Airforce-CA,Building Materials,Various,29998,USD, ,Waiting
1674,RFQ-5829-E6805,MACRO,28 Mar 2024,RFQ,Gems S.L.,"ORD-5829 UAE-123R W912ER22C0026 P-960 Triton Operational Facility, United Arab Emirates",Procurement Support - Air Field Lighting,Electrical,Electrical,519750,AED,Lince M.,Order
1675,RFQ-5829-E6804,MACRO,28 Mar 2024,RFQ,Tecon L.L.,"ORD-5829 UAE-123R W912ER22C0026 P-960 Triton Operational Facility, United Arab Emirates",Procurement Support - Earthing And Lightning Protection Material,Electrical,Electrical,614247.88,AED,Lince M.,Order
1676,RFQ-4814-A5208,MACRO,28 Mar 2024,RFQ,Lakshmi M.T.,(QTR 193)  W912ER21C0005 - USACE TRANS REGIONAL LOGISTICS COMPLEX (TRLC),ALUMINIUM BLAST DOORS - ASSA ABLOY AUTOMATIC OPENERS MALFUNCTIONING RECTIFICATION BACK CHARGED TO ANCD,Doors,Architectural,14351.33,AED,Marman I.,Order
1677,RFQ-6645-S9103A,"MVL USA, INC",28 Mar 2024,RFQ,Aaa C.B.,"ORD-6645-USA-155.02 W912HN23F3016 FF-23014-3J Replace Roofs Bldgs. 2408,2785,2818 &amp; 2873",Jobsite Trailer Plumbing Service,Services,Services,3292.09,USD,Lince M.,Order
1678,RFQ-6544-V40005,MACRO,27 Mar 2024,RFQ,Mannington M.I.,BIOT-121.49 X016 N4008423F4678 QC2025 REPAIRS TO FACILITY 824,Wall Base &amp; Accessories,Building Materials,Various,492,USD,Rahul N.,Order
1679,RFQ-6408-V40015,MACRO,25 Mar 2024,RFQ,Isam K.T.,"BIOT-121.41 N4008423F4520 REPLACE SPLIT-TYPE A/C UNITS, UPH 2, DIEGO GARCIA, BIOT",HVAC Duct Supports,Building Materials,Various,8293.74,AED,Rahul N.,Order
1680,RFQ-6544-V40004,MVL USA JV LLC,25 Mar 2024,RFQ,Dateline E.I.,BIOT-121.49 X016 N4008423F4678 QC2025 REPAIRS TO FACILITY 824,Mortar Mix (Type N),Building Materials,Various,261.55,USD,Rahul N.,Order
1681,RFQ-6069-V40000,MVL USA JV LLC,25 Mar 2024,RFQ,The S.C.,"BIOT-121.19 N4008423F4078 INSTL FIRE PROTECTION/SPRINKLER SYS, SPP, WO 13392","Paints (for Interior And Exterior CMU, Drywall And Metals)",Building Materials,Various,2766.09,USD,Rahul N.,Order
1682,RFQ-5695-T1001,MACRO,25 Mar 2024,RFQ,Hilti E.L.,"BIOT-121.16 N4008422F4476 QC1018 REPAIR BOLLARDS, POL PIER",Formwork Tools,Tools,Tools,62157.9,AED,Rahul N.,Order
1683,RFQ-5695-T1000,MVL USA JV LLC,25 Mar 2024,RFQ,Layher F.,"BIOT-121.16 N4008422F4476 QC1018 REPAIR BOLLARDS, POL PIER",MultiDirectional Scaffold,Tools,Tools,465300.91,AED,Rahul N.,Order
1684,RFQ-5532-M4013,MVL USA JV LLC,21 Mar 2024,RFQ,Evangel I.M.,BIOT-121 N4008421D0082/N4008421R0079 AEC DB DBB MACC,Motor Running Capacitor For The Wasser Tek Threading Machine,Machine / Equipments,Mechanical,117.5,USD,Marman I.,Order
1685,RFQ-1005-V4479,MACRO,21 Mar 2024,RFQ,Smile C.,MVL Trading -Supply Of Air Purifiers Q-1005-M7083,"Printing:Sticker A5 Size Vinyl Sticker With Matt Lamination - 500pcs, Full Cutting",Misc.,Various,840,AED,Marman I.,Order
1686,RFQ-5532-V40028,MVL USA JV LLC,20 Mar 2024,RFQ,V-trust I.S.,BIOT-121 N4008421D0082/N4008421R0079 AEC DB DBB MACC,Pre-Shipment Inspection Of Mobile Lighting Tower,Building Materials,Various,268,USD,Rahul N.,Order
1687,RFQ-5532-V40003A,MVL USA JV LLC,20 Mar 2024,RFQ,V-trust I.S.,BIOT-121 N4008421D0082/ N4008421R0079 AEC DB DBB MACC,Pre-Shipment Inspection,Building Materials,Various,268,USD,Rahul N.,Waiting
1688,Q-1005-V7179,MV LLC,19 Mar 2024,IQ,Usda-fs C.,127EAV24Q022-Supply Of Tree Shelters-Lincoln National Forest-NM,127EAV24Q022-Supply Of Tree Shelters-Lincoln National Forest-NM,Building Materials,Various,529840,USD, ,Waiting
1689,RFQ-1005-S9077,MACRO,19 Mar 2024,RFQ,Al S.I.,"(KSA 126) W912ER21C0014 KHAMIS SIMULATOR FACILITY, KSA",KSA - 126 - ACCON - SPARES - AISSOL - KHAMIS,Subcontract,Services,22143.25,SAR,Marman I.,Order
1690,RFQ-5683-V40012D,MVL USA JV LLC,18 Mar 2024,RFQ,Dateline E.I.,"BIOT-121.10 N4008422F4478 / N4008421R0079 X010 CONSTRUCT STORAGE ROOM &amp; RENOVATE BREAKROOMS, F-937 &amp; F-938",Manufactured Wood Casework,Building Materials,Various,44902.55,USD,Rahul N.,Order
1691,Q-1005-M4056,MACRO,15 Mar 2024,IQ,Us E.T.,PR12402870 - GSO - MOTORPOOL CARGO VAN PURCHASE FOR WAREHOUSE,PR12402870 - GSO - MOTORPOOL CARGO VAN PURCHASE FOR WAREHOUSE,Machine / Equipments,Mechanical,113200,USD,Shinso M.,Waiting
1692,Q-1005-T6958,MV LLC,14 Mar 2024,IQ,"U.s. E.,.",PR12382509-Supply Of Ground Resistance Meter - US Embassy Uganda,PR12382509-Supply Of Ground Resistance Meter - US Embassy Uganda,Tools,Tools,16270,USD,Shinso M.,Waiting
1693,RFQ-6705-V4353,MACRO,14 Mar 2024,RFQ,Sams G.T.,"ORD - 6705 RMI-125 W9128A23C0010 PY23 MCA PN 080242 Medical Clinic, U.S. Army Garrison, Kwajalein Atoll, Republic Of The Marshal: Islands (RMI)",SAMPLE SAFETY SHOE - TO BE REFUNDED AFET A WEEK,Misc.,Various,210,AED, ,Waiting
1694,RFQ-6544-V40003,MVL USA JV LLC,13 Mar 2024,RFQ,The S.C.,BIOT-121.49 X016 N4008423F4678 QC2025 REPAIRS TO FACILITY 824,Paints,Building Materials,Various,3093.95,USD,Rahul N.,Order
1695,RFQ-6544-V40002A,MVL USA JV LLC,13 Mar 2024,RFQ,Kelly &.H.,BIOT-121.49 X016 N4008423F4678 QC2025 REPAIRS TO FACILITY 824,Electrical Panel Boards,Building Materials,Various,6775,USD,Rahul N.,Order
1696,Q-1005-V7178,MACRO,13 Mar 2024,IQ,"American C.,.",Dyson Purifier Cool Gen1 Purifying Fan White &ndash; TP10,Dyson Purifier Cool Gen1 Purifying Fan White &ndash; TP10,Building Materials,Various,4704,AED,Shinso M.,Waiting
1697,Q-1005-V7177,MACRO,13 Mar 2024,IQ,Us E.-.,19QA1024Q0019-Supply &amp; Installation Of Gym Rubber Floor Mats-US Embassy Qatar,19QA1024Q0019-Supply &amp; Installation Of Gym Rubber Floor Mats-US Embassy Qatar,Building Materials,Various,70200,QAR,Shinso M.,Waiting
1698,RFQ-6408-V40012,MVL USA JV LLC,13 Mar 2024,RFQ,Extol I.T.,"BIOT-121.41 N4008423F4520 REPLACE SPLIT-TYPE A/C UNITS, UPH 2, DIEGO GARCIA, BIOT",Electrical Fittings,Building Materials,Various,1361.2,AED,Shinso M.,Order
1699,Q-1005-T6957,MACRO,12 Mar 2024,IQ,Us E.N.,191N6524Q0028-Supply &amp; Delivery Of Camera-US Embassy Delhi,191N6524Q0028-Supply &amp; Delivery Of Camera-US Embassy Delhi,Tools,Tools,76206,USD,Shinso M.,Waiting
1700,Q-1005-M4055,MV LLC,11 Mar 2024,IQ,U.s. E.D.,"PR12217547-Supply Of Night Vision Video Equipment-US Embassy, Dominican Republic","PR12217547-Supply Of Night Vision Video Equipment-US Embassy, Dominican Republic",Machine / Equipments,Mechanical,242367.05,USD,Shinso M.,Waiting
1701,RFQ-5695-V40006A,MVL USA JV LLC,11 Mar 2024,RFQ,Tic L.E.,"BIOT-121.16 N4008422F4476 QC1018 REPAIR BOLLARDS, POL PIER",Rebar Couplers,Building Materials,Various,27500,USD,Rahul N.,Order
1702,RFQ-1569-O63,MACRO,11 Mar 2024,RFQ,Kaspertech G.T.,MVL Group Office Related POs,LAPTOP LENOVO THINKPAD - NALEEF,Computer Peripherals,Office Assets,3699.99,AED,Marman I.,Order
1703,Q-1005-M4054,MACRO,09 Mar 2024,IQ,Fao ,Milk Storage And Cooling Tanks. ITB No  2024/FETUR/FETUR/126035,Milk Storage And Cooling Tanks. ITB No  2024/FETUR/FETUR/126035,Machine / Equipments,Mechanical,289000,USD,Shinso M.,Waiting
1704,Q-1005-M4053,MV LLC,07 Mar 2024,IQ,Department o.t.,FA524024QM022-Supply Of Aircraft Portable Air Stairs-Guam,FA524024QM022-Supply Of Aircraft Portable Air Stairs-Guam,Machine / Equipments,Mechanical,56200,USD,Mahesh B.,Waiting
1705,Q-1005-L4151,MACRO,07 Mar 2024,IQ,"U.s. E.,.","PR-12379087-Supply Of Toyota Coaster-US Embassy, Egypt","PR-12379087-Supply Of Toyota Coaster-US Embassy, Egypt",Transportation,Logistics,66985,USD,Shinso M.,Waiting
1706,Q-1005-L4150,MACRO,07 Mar 2024,IQ,"U.s. E.,.",PR12379148-Supply Of Toyota Coaster-US Embassy Egypt,PR12379148-Supply Of Toyota Coaster-US Embassy Egypt,Transportation,Logistics,66985,USD,Shinso M.,Waiting
1707,Q-1005-M4052,MV LLC,07 Mar 2024,IQ,Us E.S.,"PR12366637-Body Camers &amp; Flashlights For Pen Police - US Embassy, Costa Rica","Body Camers &amp; Flashlights For Pen Police - US Embassy, Costa Rica - PR12366637",Machine / Equipments,Mechanical,21525,USD,Shinso M.,Waiting
1708,RFQ-5829-E6803,MACRO,06 Mar 2024,RFQ,Arabian G.S.,"ORD-5829 UAE-123R W912ER22C0026 P-960 Triton Operational Facility, United Arab Emirates",ATS AND MTS,Electrical,Electrical,424436.25,AED,Lince M.,Order
1709,RFQ-5532-V40027,MVL USA JV LLC,06 Mar 2024,RFQ,V-trust I.S.,BIOT-121 N4008421D0082/N4008421R0079 AEC DB DBB MACC,PRE-SHIPMENT INSPECTION OF ORDER 5695-M4102 AND 5532-M4102,Building Materials,Various,402,USD,Marman I.,Order
1710,RFQ-6408-V40011,MVL USA JV LLC,06 Mar 2024,RFQ,Extol I.T.,"BIOT-121.41 N4008423F4520 REPLACE SPLIT-TYPE A/C UNITS, UPH 2, DIEGO GARCIA, BIOT",Electrical Cables And Fittings,Building Materials,Various,63818.15,AED,Shinso M.,Order
1711,RFQ-5410-V40004,"MVL USA, INC",06 Mar 2024,RFQ,Gibraltar P.S.,(KUW-135) GE5019R0095 REPLACEMENT OF EXISTING ANTI-RAM HYDRAULIC VEHICLE BARRIER AT US EMBASSY KUWAIT,KWDOS SUPPORT KUWAIT,Building Materials,Various,24730,USD,Marman I.,Order
1712,Q-1005-L4149,MACRO,04 Mar 2024,IQ,Iom -.U.,Supply Of Toyota Land Cruiser Units-TRU Project-IOM South Sudan - RFQ - 4200625271,"Supply Of Toyota Land Cruiser Units-TRU Project-IOM South Sudan, RFQ - 4200625271",Transportation,Logistics,112920,USD,Shinso M.,Waiting
1713,Q-1005-M7098,MACRO,04 Mar 2024,IQ,U.s. E.a.,"Supply Of Air Conditioners-US Embassy Nigeria, PR12339293","Supply Of Air Conditioners-US Embassy Nigeria ,PR12339293",Mechanical Items,Mechanical,21600,USD,Shinso M.,Waiting
1714,RFQ-6645-S9102,"MVL USA, INC",04 Mar 2024,RFQ,Carswell B.S.,"ORD-6645-USA-155.02 W912HN23F3016 FF-23014-3J Replace Roofs Bldgs. 2408,2785,2818 &amp; 2873",Trailer Connection / T Pole,Services,Services,7206,USD,Lince M.,Order
1715,RFQ-5829-V4356,MACRO,04 Mar 2024,RFQ,Printek S.,"ORD-5829 UAE-123R W912ER22C0026 P-960 Triton Operational Facility, United Arab Emirates",BACK UP PRINTER - HP 5225n - 1 Set Of Toners.,Misc.,Various,3570,AED,Marman I.,Order
1716,RFQ-1569-V4413,MACRO,04 Mar 2024,RFQ,Crystal A.F.,MVL Group Office Related POs,Trophy - Georgia 2024 MVL Family,Misc.,Various,5460,AED,Marman I.,Order
1717,Q-1005-V7176,MV LLC,01 Mar 2024,IQ,U.s. E.A.,"IPhone 13, 6.1-inch Display, 128GB.PR12314229","IPhone 13, 6.1-inch Display, 128GB. PR12314229",Building Materials,Various,20100,USD,Shinso M.,Waiting
1718,Q-1005-V7175,MV LLC,01 Mar 2024,IQ,"U.s. E.,.","Tandem Copeland Compressors, PR12339375","Tandem Copeland Compressors, PR12339375",Building Materials,Various,23200,USD,Shinso M.,Waiting
1719,Q-1005-V7174,MACRO,29 Feb 2024,IQ,"American C.,.","Scotsman Ice Maker, PR12353286","Scotsman Ice Maker, PR12353286",Building Materials,Various,8925,AED,Shinso M.,Waiting
1720,Q-1005-V7173,MACRO,28 Feb 2024,IQ,"U.s. E.,.","Supply Of The Apple I Phone 14 Plus, PR#12310785","Apple I Phone 14 Plus, PR#12310785",Building Materials,Various,18736,USD,Shinso M.,Waiting
1721,Q-1005-V7172,MV LLC,27 Feb 2024,IQ,Tetra T.E.,RFQ-ENCS-2024-024-Preinsulated Bonded Pipe &amp; Valves-Ukraine,RFQ-ENCS-2024-024-Preinsulated Bonded Pipe &amp; Valves-Ukraine,Building Materials,Various,0,USD,Mahesh B.,Waiting
1722,RFQ-5683-V40012C,MVL USA JV LLC,27 Feb 2024,RFQ,Dateline E.I.,"BIOT-121.10 N4008422F4478 / N4008421R0079 X010 CONSTRUCT STORAGE ROOM &amp; RENOVATE BREAKROOMS, F-937 &amp; F-938",Manufactured Wood Casework,Building Materials,Various,24575.4,USD,Rahul N.,Order
1723,RFQ-5829-V40010,MACRO,27 Feb 2024,RFQ,Emirates P.P.,"ORD-5829 UAE-123R W912ER22C0026 P-960 Triton Operational Facility, United Arab Emirates",Procurement Support - External Chilled Water Pre-Insulated Pipes And Fittings,Building Materials,Various,120750,AED,Lince M.,Order
1724,RFQ-5829-E6802,MACRO,27 Feb 2024,RFQ,Arabian G.S.,"ORD-5829 UAE-123R W912ER22C0026 P-960 Triton Operational Facility, United Arab Emirates",Capacitor Bank 450KVAR - As Per Approved Submittal,Electrical,Electrical,60868.5,AED,Marman I.,Order
1725,Q-1005-L4148,MACRO,27 Feb 2024,IQ,"U.s. E.,.",PR12331822-Supply Of Vehicles-US Embassy Nigeria,PR12331822-Supply Of Vehicles-US Embassy Nigeria,Transportation,Logistics,157254,USD,Shinso M.,Waiting
1726,RFQ-5683-V40017A,MVL USA JV LLC,26 Feb 2024,RFQ,City E.S.,"BIOT-121.10 N4008422F4478 / N4008421R0079 X010 CONSTRUCT STORAGE ROOM &amp; RENOVATE BREAKROOMS, F-937 &amp; F-938",Enclosed Circuit Breaker,Building Materials,Various,4361.38,USD,Rahul N.,Order
1727,RFQ-5683-V40012B,MVL USA JV LLC,26 Feb 2024,RFQ,Dateline E.I.,"BIOT-121.10 N4008422F4478 / N4008421R0079 X010 CONSTRUCT STORAGE ROOM &amp; RENOVATE BREAKROOMS, F-937 &amp; F-938",Manufactured Wood Casework,Building Materials,Various,23069.52,USD,Rahul N.,Order
1728,RFQ-1569-V4412,MACRO,26 Feb 2024,RFQ,Promotional L.,MVL Group Office Related POs,SOUVENIR PASSPORT - AS PER APPROVED DESIGN,Misc.,Various,2379.3,AED,Marman I.,Order
1729,RFQ-5829-V40009,MACRO,23 Feb 2024,RFQ,Al H.P.,"ORD-5829 UAE-123R W912ER22C0026 P-960 Triton Operational Facility, United Arab Emirates",CPVC &amp; PVC PIPES &amp; FITTINGS,Building Materials,Various,233370.44,AED,Lince M.,Order
1730,RFQ-5532-M4012,MACRO,22 Feb 2024,RFQ,Bahmani G.T.,BIOT-121 N4008421D0082/N4008421R0079 AEC DB DBB MACC,Generator (for Laydown Yard),Machine / Equipments,Mechanical,42315,AED,Rahul N.,Order
1731,RFQ-5683-V40017,MVL USA JV LLC,22 Feb 2024,RFQ,Westex G.I.,"BIOT-121.10 N4008422F4478 / N4008421R0079 X010 CONSTRUCT STORAGE ROOM &amp; RENOVATE BREAKROOMS, F-937 &amp; F-938",Enclosed Circuit Breaker,Building Materials,Various,3971.1,USD,Rahul N.,Order
1732,Q-1005-M4051,MV LLC,22 Feb 2024,IQ,"Nps, I.-.",140P1224Q0027-Supply &amp; Delivery Of Fish Cleaner Units-Colorado,140P1224Q0027-Supply &amp; Delivery Of Fish Cleaner Units-Colorado,Machine / Equipments,Mechanical,576200,USD,Mahesh B.,Waiting
1733,RFQ-5829-V40008,MACRO,22 Feb 2024,RFQ,Abu D.P.,"ORD-5829 UAE-123R W912ER22C0026 P-960 Triton Operational Facility, United Arab Emirates",Procurement Support - GRP Pipes And Fittings,Building Materials,Various,135874.2,AED,Lince M.,Order
1734,RFQ-5532-M4102,MVL USA JV LLC,22 Feb 2024,RFQ,Henan Y.M.,BIOT-121 N4008421D0082/N4008421R0079 AEC DB DBB MACC,YG-5*10 National Standard 10 M2 5 Cores Cable,Mechanical Items,Mechanical,640,USD,Marman I.,Order
1735,RFQ-5829-V40007,MACRO,21 Feb 2024,RFQ,Power P.F.,"ORD-5829 UAE-123R W912ER22C0026 P-960 Triton Operational Facility, United Arab Emirates",Procurement Support - Electrical Duct Pipe,Building Materials,Various,807520.38,AED,Lince M.,Order
1736,RFQ-5532-M4011,MVL USA JV LLC,21 Feb 2024,RFQ,Evangel I.M.,BIOT-121 N4008421D0082/N4008421R0079 AEC DB DBB MACC,Maxus V80 Blower Resistor,Machine / Equipments,Mechanical,35,USD,Marman I.,Order
1737,Q-1005-M7097,MV LLC,20 Feb 2024,IQ,Bureau o.A.,19BE1022Q5006-Supply &amp; Delivery Of Step-Down Transformers-ELSO American Embassy,19BE1022Q5006-Supply &amp; Delivery Of Step-Down Transformers-ELSO American Embassy,Mechanical Items,Mechanical,2395200,USD, ,Waiting
1738,RFQ-5655-E6802,MVL USA JV LLC,20 Feb 2024,RFQ,Tic L.E.,"BIOT-121.12 N4008422F4366/N4008421R0079 X012 EPROJECT 1575276 REPLACE AC UNITS, UNACCOMPANIED PERSONNEL HOURSING (UPH) 28",Safety Switch,Electrical,Electrical,3968.42,USD,Rahul N.,Order
1739,Q-1005-T6956,MACRO,20 Feb 2024,IQ,American E.H.,PR12261508-Supply Of First Aid Kits-American Embassy Hanoi,PR12261508-Supply Of First Aid Kits-American Embassy Hanoi,Tools,Tools,49600,USD,Shinso M.,Waiting
1740,RFQ-5503-V40012,MVL Greece,20 Feb 2024,RFQ,Onenet D.S.,ORD-5503 GRE-121 N6247022C0002 Communication Center - Souda Bay,Power Distribution Units,Building Materials,Various,294624,EURO,Lince M.,Order
1741,RFQ-5829-R1505,MACRO,20 Feb 2024,RFQ,Star W.G.,"ORD-5829 UAE-123R W912ER22C0026 P-960 Triton Operational Facility, United Arab Emirates",Mobile Crane 100 Ton - Monthly Rental,Rental,Rental,264600,AED,Marman I.,Order
1742,RFQ-1005-V7171,MACRO,19 Feb 2024,RFQ,Unitech D.P.,"(KSA 126) W912ER21C0014 KHAMIS SIMULATOR FACILITY, KSA",DI Fittings,Building Materials,Various,2166.15,USD,Lince M.,Order
1743,RFQ-5193-V40013,MACRO,19 Feb 2024,RFQ,Tuv S.M.,"(KSA 126) W912ER21C0014 KHAMIS SIMULATOR FACILITY, KSA",INSPECTION OF STEEL DOORS NAFFCO,Building Materials,Various,1050,AED,Lince M.,Order
1744,Q-1005-M7096,MACRO,16 Feb 2024,IQ,U.s. E.A.,PR12338022-Supply Of Blue Air Purifier Replacement Filter 200 Serious-Ethiopia,PR12338022-Supply Of Blue Air Purifier Replacement Filter 200 Serious-Ethiopia,Mechanical Items,Mechanical,20300,USD,Shinso M.,Waiting
1745,Q-1005-V4478,MACRO,16 Feb 2024,IQ,Peace C.Z.,RFQ-FY24-0270-Delivery Of Medical Supplies-Zambia,RFQ-FY24-0270-Delivery Of Medical Supplies-Zambia,Misc.,Various,205351.34,USD,Shinso M.,Waiting
1746,Q-1005-E7090,MACRO,16 Feb 2024,IQ,Us E.N.,PR12313062-Supply Of Lighting Fixture-American Consulate-Mumbai,PR12313062-Supply Of Lighting Fixture-American Consulate-Mumbai,Electrical,Electrical,126880,USD,Shinso M.,Waiting
1747,RFQ-5695-S9100,MVL USA JV LLC,15 Feb 2024,RFQ,Mirai C.L.,"BIOT-121.16 N4008422F4476 QC1018 REPAIR BOLLARDS, POL PIER",Testing Services For Welded Rebar,Services,Services,900,USD,Rahul N.,Order
1748,RFQ-6408-V40010,MVL USA JV LLC,15 Feb 2024,RFQ,Scott &.F.,"BIOT-121.41 N4008423F4520 REPLACE SPLIT-TYPE A/C UNITS, UPH 2, DIEGO GARCIA, BIOT","Air Handling Units And Air Cooled Condensing Units,X041",Building Materials,Various,88220,USD,Shinso M.,Order
1749,RFQ-6505-V40000,MACRO,15 Feb 2024,RFQ,Rig S.F.,ORD-6505 UAE-135AP FA570623F0013 DHAF 17-0007 Install Cathodic Protection,Cathodic Protection Project - Safety Equipment's,Building Materials,Various,786.45,AED,Marman I.,Order
1750,Q-1005-L4147,MACRO,15 Feb 2024,IQ,"U.s. E.,.",PR12293324-Supply Of Toyota Coaster Bus-US Embassy Egypt,PR12293324-Supply Of Toyota Coaster Bus-US Embassy Egypt,Transportation,Logistics,67836,USD,Shinso M.,Waiting
1751,Q-1005-O5,MACRO,15 Feb 2024,IQ,"U.s. E.,.","Supply Of The  IPhone And Accessories, PR12310890","IPhone And Accessories, PR12310890",Computer Peripherals,Office Assets,24120,USD,Shinso M.,Waiting
1752,Q-1005-V7170,MACRO,15 Feb 2024,IQ,Us D.-.,W519TC-24-R-2032-Supply &amp; Delivery Of Office Furniture-US Army KSA,W519TC-24-R-2032-Supply &amp; Delivery Of Office Furniture-US Army KSA,Building Materials,Various,0,USD,Mahesh B.,Waiting
1753,RFQ-6408-V40009,MACRO,15 Feb 2024,RFQ,Leminar A.C.,"BIOT-121.41 N4008423F4520 REPLACE SPLIT-TYPE A/C UNITS, UPH 2, DIEGO GARCIA, BIOT",Duct Insulation Material,Building Materials,Various,3171,AED,Vinith B.,Order
1754,Q-1005-L4146,Yamauchi Gumi,15 Feb 2024,IQ,Mcipac R.C.,M6740024Q0011- Supply Of Non-Tactical Vehicles-Trucks-Okinawa,M6740024Q0011- Supply Of Non-Tactical Vehicles-Trucks-Okinawa,Transportation,Logistics,1339744640,USD,Mahesh B.,Waiting
1755,Q-1005-M4049,MACRO,14 Feb 2024,IQ,"U.s. E.,.","Supply Of Vehicles, PR12235166","Vehicles, PR12235166",Machine / Equipments,Mechanical,267499.97,USD,Shinso M.,Waiting
1756,Q-1005-L4145,MVL Nepal,14 Feb 2024,IQ,"U.s. E.,.",PR12235166-Supply Of Vehicles-U.S Embassy Uganda,PR12235166-Supply Of Vehicles-U.S Embassy Uganda,Transportation,Logistics,0,USD, ,Cancled
1757,RFQ-5532-M4010,MVL USA JV LLC,13 Feb 2024,RFQ,Evangel I.M.,BIOT-121 N4008421D0082/ N4008421R0079 AEC DB DBB MACC,Mobile Lighting Tower (Equipment),Machine / Equipments,Mechanical,8750,USD,Rahul N.,Order
1758,Q-1005-L4144,Yamauchi Gumi,13 Feb 2024,IQ,Mcipac R.C.,M6740024Q0011- Supply Of Non-Tactical Vehicles-Trucks-Okinawa,M6740024Q0011- Supply Of Non-Tactical Vehicles-Trucks-Okinawa,Transportation,Logistics,380518752,USD, ,Waiting
1759,RFQ-5532-V40026,MACRO,13 Feb 2024,RFQ,Cresco M.E.,BIOT-121 N4008421D0082/N4008421R0079 AEC DB DBB MACC,CPVC Pipes &amp; Fittings (for Hot Water Lines),Building Materials,Various,4111.54,AED,Rahul N.,Order
1760,Q-1005-T6955,MACRO,13 Feb 2024,IQ,Unicef ,LITB-2024-9188277-Purchase Of Aluminum Toilet And Shower Chairs For Gaza Response-Egypt,LITB-2024-9188277-Purchase Of Aluminum Toilet And Shower Chairs For Gaza Response-Egypt,Tools,Tools,287500,USD,Shinso M.,Waiting
1761,RFQ-6705-M4002,"MVL USA, INC",13 Feb 2024,RFQ,Henan X.E.,"ORD - 6705 RMI-125 W9128A23C0010 PY23 MCA PN 080242 Medical Clinic, U.S. Army Garrison, Kwajalein Atoll, Republic Of The Marshal: Islands (RMI)",Packing And Transportation Cost - China To Busan,Machine / Equipments,Mechanical,1800,USD,Marman I.,Order
1762,Q-1005-S9103,MV LLC,12 Feb 2024,IQ,Tetra T.E.,RFQ-UESP-2024-Supply &amp; Delivery Of Concrete Pole-Ukraine,RFQ-UESP-2024-Supply &amp; Delivery Of Concrete Pole-Ukraine,Services,Services,0,USD, ,Waiting
1763,Q-1005-V7169,MV LLC,09 Feb 2024,IQ,U.s F.S.,12048924Q0009-Supply &amp; Delivery Of Wooden Picnic Tables-Idaho-USA,12048924Q0009-Supply &amp; Delivery Of Wooden Picnic Tables-Idaho-USA,Building Materials,Various,302736,USD, ,Waiting
1764,RFQ-6168-V40047,MVL USA JV LLC,09 Feb 2024,RFQ,Scott &.F.,"BIOT-121.37 N4008423F4277 REPAIRS TO ORDNANCE OPERATIONS, F-541",SST For Duct Penetrations,Building Materials,Various,2955.31,USD,Rahul N.,Order
1765,Q-1005-E7089,MACRO,08 Feb 2024,IQ,"American C.,.",Supply Of Electrical Items - PR12351996,Supply Of Electrical Items - PR12351996,Electrical,Electrical,15445.5,AED,Shinso M.,Waiting
1766,RFQ-5683-A5203,MVL USA JV LLC,08 Feb 2024,RFQ,Lakshmi M.T.,"BIOT-121.10 N4008422F4478 / N4008421R0079 X010 CONSTRUCT STORAGE ROOM &amp; RENOVATE BREAKROOMS, F-937 &amp; F-938",Key Set For Doors,Doors,Architectural,1545,AED,Rahul N.,Order
1767,RFQ-6705-V40001,"MVL USA, INC",08 Feb 2024,RFQ,Kelly &.H.,"RMI-125 W9128A23C0010 FY23 MCA PN 080242 Medical Clinic, U.S. Army Garrison, Kwajalein Atoll, Republic Of The Marshall Islands (RMI)",Automatic Transfer Switches - ABB,Building Materials,Various,98215,USD,Vinith B.,Order
1768,RFQ-6408-V40008,MACRO,08 Feb 2024,RFQ,Al H.P.,"BIOT-121.41 N4008423F4520 REPLACE SPLIT-TYPE A/C UNITS, UPH 2, DIEGO GARCIA, BIOT",PVC Cement And Cleaner,Building Materials,Various,409.5,AED,Vinith B.,Order
1769,RFQ-6645-S9101,"MVL USA, INC",08 Feb 2024,RFQ,Flint E.,"ORD-6645-USA-155.02 W912HN23F3016 FF-23014-3J Replace Roofs Bldgs. 2408,2785,2818 &amp; 2873",OH Power And 200A Meter Base,Services,Services,3817,USD,Lince M.,Order
1770,RFQ-1005-V7168,MACRO,08 Feb 2024,RFQ,Odores M.L.,"(KSA 126) W912ER21C0014 KHAMIS SIMULATOR FACILITY, KSA",Fabric Mesh,Building Materials,Various,14240.4,USD,Lince M.,Order
1771,Q-1005-M4048,MV LLC,08 Feb 2024,IQ,Usda-fs C.,"1240LS24Q0010-Supply Of Trail Bridge-Idaho,USA","1240LS24Q0010-Supply Of Trail Bridge-Idaho,USA",Machine / Equipments,Mechanical,235592,USD, ,Waiting
1772,RFQ-1569-O62,MACRO,08 Feb 2024,RFQ,Black B.T.,MVL Group Office Related POs,Professional Services Of BT RS As Per Approved Proposal - NIST/CMMC Project Implementation,Computer Peripherals,Office Assets,29520.75,AED,Marman I.,Order
1773,RFQ-6168-V40046,MACRO,07 Feb 2024,RFQ,Prime T.T.,"BIOT-121.37 N4008423F4277 REPAIRS TO ORDNANCE OPERATIONS, F-541",Wall &amp; Floor Tiles,Building Materials,Various,3125.3,AED,Rahul N.,Order
1774,RFQ-5213-V40020,MACRO,07 Feb 2024,RFQ,Khaldoon F.F.,"Al Kharj Warehouse, Saudi Arabia",Workbench And Storage,Building Materials,Various,51359,SAR,Lince M.,Order
1775,RFQ-6645-S9100,"MVL USA, INC",07 Feb 2024,RFQ,Columbus W.W.,"ORD-6645-USA-155.02 W912HN23F3016 FF-23014-3J Replace Roofs Bldgs. 2408,2785,2818 &amp; 2873",Water/Sewer Connection,Services,Services,2650,USD,Lince M.,Order
1776,RFQ-1005-V7167,MACRO,07 Feb 2024,RFQ,Kad D.C.,"(KSA 126) W912ER21C0014 KHAMIS SIMULATOR FACILITY, KSA",Supply And Delivery Of Backfill Materials And ABC Materials -7/2/2024,Building Materials,Various,44723.5,SAR,Marman I.,Order
1777,RFQ-1005-V7166,MACRO,07 Feb 2024,RFQ,Gulf I.G.,"(KSA 126) W912ER21C0014 KHAMIS SIMULATOR FACILITY, KSA",Supply And Delivery Of Backfill Materials And ABC Materials,Building Materials,Various,18768,SAR,Marman I.,Order
1778,RFQ-5657-V40011,MVL USA JV LLC,06 Feb 2024,RFQ,Powerfit I.P.,"BIOT-121.17 N4008422F4422 X017 1638204, QF9006 &amp; REPAIRS TO SEWAGE LIFT STATIONS",Expansion Joints,Building Materials,Various,1780,SGD,Rahul N.,Order
1779,RFQ-6408-V40007,MVL USA JV LLC,06 Feb 2024,RFQ,Scott &.F.,"BIOT-121.41 N4008423F4520 REPLACE SPLIT-TYPE A/C UNITS, UPH 2, DIEGO GARCIA, BIOT",Flexible Duct Connector,Building Materials,Various,2383.02,USD,Vinith B.,Order
1780,RFQ-1005-A5220,MACRO,06 Feb 2024,RFQ,Lakshmi M.T.,"(KSA 126) W912ER21C0014 KHAMIS SIMULATOR FACILITY, KSA",Toilet Doors And Hardware,Doors,Architectural,12750,AED,Lince M.,Order
1781,RFQ-4814-V40010,MACRO,06 Feb 2024,RFQ,Lockmasters I.,(QTR 193)  W912ER21C0005 - USACE TRANS REGIONAL LOGISTICS COMPLEX (TRLC),Kaba Simplex Lock,Building Materials,Various,1702.56,USD,Marman I.,Order
1782,RFQ-5683-V40016,MVL USA JV LLC,05 Feb 2024,RFQ,Kelly &.H.,"BIOT-121.10 N4008422F4478 / N4008421R0079 X010 CONSTRUCT STORAGE ROOM &amp; RENOVATE BREAKROOMS, F-937 &amp; F-938",Additional Electrical Materials,Building Materials,Various,13028.03,USD,Rahul N.,Order
1783,RFQ-1005-V7165,MACRO,05 Feb 2024,RFQ,Gulf S.S.,"(KSA 126) W912ER21C0014 KHAMIS SIMULATOR FACILITY, KSA",Disconnect Switch,Building Materials,Various,24667.5,SAR,Lince M.,Order
1784,RFQ-5695-E6801,MVL USA JV LLC,05 Feb 2024,RFQ,Tic L.E.,"BIOT-121.16 N4008422F4476 QC1018 REPAIR BOLLARDS, POL PIER",Rebar Coating,Electrical,Electrical,1290,USD,Rahul N.,Order
1785,Q-1005-M7095,MV LLC,05 Feb 2024,IQ,Us E.H.,PR12278845-Supply Of Deluxe Alarm Kit-US Embassy Haiti,PR12278845-Supply Of Deluxe Alarm Kit-US Embassy Haiti,Mechanical Items,Mechanical,122513.6,USD,Shinso M.,Waiting
1786,RFQ-5193-V40012,MACRO,05 Feb 2024,RFQ,Dormakaba M.E.,"(KSA 126) W912ER21C0014 KHAMIS SIMULATOR FACILITY, KSA",Master Keying And Marking System,Building Materials,Various,8459.33,AED,Lince M.,Order
1787,Q-1005-E7088,MV LLC,05 Feb 2024,IQ,Department O.A.,FA441924Q0021-Supply &amp; Delivery Of Flightline Headlamps-OK,FA441924Q0021-Supply &amp; Delivery Of Flightline Headlamps-OK,Electrical,Electrical,133000,USD, ,Waiting
1788,Q-1005-M7094,MACRO,05 Feb 2024,IQ,"U.s. E.,.","PR12275207-Supply Of AES 6100 STD Alarm System-US Embassy, Nigeria","PR12275207-Supply Of AES6100 STD Alarm System-US Embassy, Nigeria",Mechanical Items,Mechanical,120880,USD,Shinso M.,Waiting
1789,Q-1005-M7093,MACRO,02 Feb 2024,IQ,Iomyaoundé ,Two 70 Seater Buses - 01/CMR/YDE/2024/Jan,Two 70 Seater Buses,Mechanical Items,Mechanical,208000,USD,Shinso M.,Waiting
1790,RFQ-1005-M7092,MACRO,02 Feb 2024,RFQ,U.s.embassy K.,Deep Sea Panels 7320MKII AMF,Deep Sea Panels 7320MKII AMF,Mechanical Items,Mechanical,9300,USD,Shinso M.,Waiting
1791,RFQ-5657-E6800,MVL USA JV LLC,02 Feb 2024,RFQ,Wesco I.,"BIOT-121.17 N4008422F4422 X017 1638204, QF9006 &amp; REPAIRS TO SEWAGE LIFT STATIONS",Steel Enclosures For Pumps,Electrical,Electrical,4871.16,USD,Rahul N.,Order
1792,RFQ-6646-R1500,"MVL USA, INC",01 Feb 2024,RFQ,Williams S.I.,ORD-6646 USA-155.01 W912HN23F3014 FF-23013-3J Replace Various Main Post Roofs,Jobsite Trailer,Rental,Rental,34547.02,USD,Lince M.,Order
1793,RFQ-1569-R1506,MACRO,31 Jan 2024,RFQ,New S.O.,MVL Group Office Related POs,(REPAIR) Supply And Installation Of Consumables  SHARP MX-3051 Machine With SN#  15125288,Rental,Rental,3780,AED,Marman I.,Order
1794,Q-1005-L4142,MACRO,31 Jan 2024,IQ,International O.f.,RFQ-4200601978-Toyota Land Cruiser-ECRP II Project-IOM South Sudan,RFQ-4200601978-Toyota Land Cruiser-ECRP II Project-IOM South Sudan,Transportation,Logistics,343200,USD,Shinso M.,Waiting
1795,RFQ-6168-V40045,MACRO,30 Jan 2024,RFQ,Isam K.T.,"BIOT-121.37 N4008423F4277 REPAIRS TO ORDNANCE OPERATIONS, F-541",HVAC Duct Supports,Building Materials,Various,13804.82,AED,Rahul N.,Order
1796,Q-1005-V7164,MACRO,30 Jan 2024,IQ,"American C.,.","Supply Of USG Ceiling Tile, PR12302798","USG Ceiling Tiles, PR12302798",Building Materials,Various,61626.6,AED,Shinso M.,Waiting
1797,Q-1005-V7163,MACRO,30 Jan 2024,IQ,"American C.,.","USG Ceiling Tile, Part No # 56099","USG Ceiling Tile, PR12302902",Building Materials,Various,16128,AED,Shinso M.,Waiting
1798,RFQ-5410-V40002,"MVL USA, INC",30 Jan 2024,RFQ,Gibraltar P.S.,(KUW-135) GE5019R0095 REPLACEMENT OF EXISTING ANTI-RAM HYDRAULIC VEHICLE BARRIER AT US EMBASSY KUWAIT,Modification P00004 To Contract No. 19GE5021C0001  - Traffic Lights LED 24vdc,Building Materials,Various,5668.57,USD,Marman I.,Order
1799,Q-1005-E7087,MACRO,29 Jan 2024,IQ,Us E.-.,PR12235417-Supply Of Electrical Panel Board-US Embassy-Pakistan,PR12235417-Supply Of Electrical Panel Board-US Embassy-Pakistan,Electrical,Electrical,10670,USD, ,Waiting
1800,RFQ-1569-O61,MACRO,29 Jan 2024,RFQ,Kaspertech G.T.,MVL Group Office Related POs,LENOVO LAPTOP - For Mr. Richard Gonzales And Mr. Ferdinand Rayke (replacementt),Computer Peripherals,Office Assets,6399.98,AED,Marman I.,Order
1801,RFQ-6705-V40000,"MVL USA, INC",29 Jan 2024,RFQ,Benfield E.I.,"RMI-125 W9128A23C0010 FY23 MCA PN 080242 Medical Clinic, U.S. Army Garrison, Kwajalein Atoll, Republic Of The Marshall Islands (RMI)",Unit Substation And Primary Selective Switches,Building Materials,Various,219000,USD,Vinith B.,Order
1802,RFQ-5695-V40008,MVL USA JV LLC,29 Jan 2024,RFQ,The L.G.,"BIOT-121.16 N4008422F4476 QC1018 REPAIR BOLLARDS, POL PIER",Rebar Couplers,Building Materials,Various,27289,USD,Rahul N.,Order
1803,RFQ-4814-V40009,MACRO,26 Jan 2024,RFQ,Westex G.I.,(QTR 193)  W912ER21C0005 - USACE TRANS REGIONAL LOGISTICS COMPLEX (TRLC),CABLE RACKS ACCESSORIES,Building Materials,Various,15122,USD,Marman I.,Order
1804,RFQ-6544-V40001,MVL USA JV LLC,25 Jan 2024,RFQ,White C.S.,BIOT-121.49 N4008423F4678 QC2025 REPAIRS TO FACILITY 824,Mortar Mix,Building Materials,Various,524.92,USD,Rahul N.,Order
1805,Q-1005-E7086,MACRO,25 Jan 2024,IQ,Us E.N.,"191N6524Q0020-Supply Of HEPA Filters Of BlueAir Air Purifier-US Embassy, India","191N6524Q0020-Supply Of HEPA Filters Of BlueAir Air Purifier-US Embassy, India",Electrical,Electrical,56500,USD,Shinso M.,Waiting
1806,RFQ-1569-O60,MACRO,24 Jan 2024,RFQ,Kyoto T.,MVL Group Office Related POs,LENOVO LAPTOP - For Mr. Franklin P. Waje,Computer Peripherals,Office Assets,3328.5,AED,Marman I.,Order
1807,Q-1005-E7085,MACRO,24 Jan 2024,IQ,Us E.-.,PR12198248-Supply Of Dual Head Emergency Light-US Embassy-Pakistan,PR12198248-Supply Of Dual Head Emergency Light-US Embassy-Pakistan,Electrical,Electrical,7150,USD,Mahesh B.,Waiting
1808,RFQ-5532-M4009,MVL USA JV LLC,24 Jan 2024,RFQ,Evangel I.M.,BIOT-121 N4008421D0082/N4008421R0079 AEC DB DBB MACC,Backhoe Loader - Consumables - PMS And Forklinf Relays,Machine / Equipments,Mechanical,733,USD,Marman I.,Order
1809,RFQ-1005-V7162,MACRO,23 Jan 2024,RFQ,Euro S.L.,"(KSA 126) W912ER21C0014 KHAMIS SIMULATOR FACILITY, KSA",Supply Of Manual Roller Blinds - Sunscreen Fabric: Natte 380 002002 And Blackout Fabric: Snow 4898,Building Materials,Various,3700.2,AED,Marman I.,Order
1810,Q-1005-M7091,MACRO,23 Jan 2024,IQ,American E.H.,"PR12247369 Supply Of Air Purifier &amp; Filters-American Embassy,Vietnam","PR12247369 Supply Of Air Purifier &amp; Filters-American Embassy,Vietnam",Mechanical Items,Mechanical,78370,USD,Shinso M.,Waiting
1811,RFQ-5695-V40007A,MVL USA JV LLC,22 Jan 2024,RFQ,White C.S.,"BIOT-121.16 N4008422F4476 QC1018 REPAIR BOLLARDS, POL PIER",Concrete Curing Compound,Building Materials,Various,319.38,USD,Rahul N.,Order
1812,RFQ-1005-V7161,MACRO,22 Jan 2024,RFQ,Odores M.L.,"(KSA 126) W912ER21C0014 KHAMIS SIMULATOR FACILITY, KSA",Cable Ladder &amp; Retaining Posts,Building Materials,Various,17024.61,USD,Lince M.,Order
1813,RFQ-1005-V7160,MACRO,22 Jan 2024,RFQ,Fantastic E.F.,MVL Trading  Q-1005-M7085,Blue Air Smoke Stop 400 Series Air Filters,Building Materials,Various,17745,AED,Shinso M.,Order
1814,RFQ-6705-M4001,"MVL USA, INC",22 Jan 2024,RFQ,Henan X.E.,"ORD - 6705 RMI-125 W9128A23C0010 PY23 MCA PN 080242 Medical Clinic, U.S. Army Garrison, Kwajalein Atoll, Republic Of The Marsha; Islands (RMI)",KWAJALEIN GOLF CARTS - GM-4 WITH CARGO As Per Approved Submittal,Machine / Equipments,Mechanical,9820,USD,Marman I.,Order
1815,RFQ-1005-V7159,MACRO,22 Jan 2024,RFQ,Gulf S.S.,"(KSA 126) W912ER21C0014 KHAMIS SIMULATOR FACILITY, KSA",Balance Switches And Sockets,Building Materials,Various,38704.4,SAR,Lince M.,Order
1816,RFQ-5829-T1001,MACRO,22 Jan 2024,RFQ,Anaum M.E.,"ORD-5829 UAE-123R W912ER22C0026 P-960 Triton Operational Facility, United Arab Emirates",ExtechLT300 Light Meter - With Calibration,Tools,Tools,976.5,AED,Marman I.,Order
1817,RFQ-5213-R1501,MACRO,22 Jan 2024,RFQ,Sky P.T.,(KSA 127) W912ER21C0015 AL KHARJ WAREHOUSE,8 Inch Diesel Dewatering Pumps HP200 For Rental With Technician For 10 Days (27/1/2024),Rental,Rental,44275,SAR,Marman I.,Order
1818,RFQ-1569-V4411,MACRO,22 Jan 2024,RFQ,Printek S.,MVL Group Office Rrelated POs,1 SET OF TONERS FOR Sharp MX - 3051,Misc.,Various,1953,AED,Marman I.,Order
1819,RFQ-5153-C6054,MPG JV,22 Jan 2024,RFQ,Gcp I.S.,"ITA-121 N6247021C0003 P-759, Family Housing New Construction Villaggio SW And Camp Ederle North - Vicenza, Italy",2nd Order For PAB VPL 50RS UV Stable Drum 131307 And Perm-A-Barrier NPS Strips - 6 Feet X 109 Feet  117966,Chemicals,Chemicals,212766.39,EURO,Marman I.,Order
1820,RFQ-5829-R1504,MACRO,22 Jan 2024,RFQ,New S.O.,"ORD-5829 UAE-123R W912ER22C0026 P-960 Triton Operational Facility, United Arab Emirates",SET OF TONERS FOR SHARP BP-20C20T Machine With SN#35104871,Rental,Rental,1737.75,AED,Marman I.,Order
1821,Q-1005-M7090,MACRO,18 Jan 2024,IQ,"American C.,.",PR12301814-Supply ,PR12301814-Supply &amp; Delivery Of Air Filter- US Consulate Dubsi,Mechanical Items,Mechanical,27300,AED,Shinso M.,Order
1822,RFQ-6168-V40044,MVL USA JV LLC,18 Jan 2024,RFQ,Blue L.T.,"BIOT-121.37 N4008423F4277 REPAIRS TO ORDNANCE OPERATIONS, F-541",Toilet Accessories,Building Materials,Various,3794.99,USD,Rahul N.,Order
1823,RFQ-6408-V40006,MVL USA JV LLC,18 Jan 2024,RFQ,Scott &.F.,"BIOT-121.41 N4008423F4520 REPLACE SPLIT-TYPE A/C UNITS, UPH 2, DIEGO GARCIA, BIOT","Refrigerant Valves And Accessories, Copper Pipe And Fittings, SS Jacketig",Building Materials,Various,10648.96,USD,Vinith B.,Order
1824,RFQ-5532-M4008,MVL USA JV LLC,17 Jan 2024,RFQ,Evangel I.M.,BIOT-121 N4008421D0082/N4008421R0079 AEC DB DBB MACC,Passenger Van And Trolley,Machine / Equipments,Mechanical,51825,USD,Shinso M.,Order
1825,RFQ-5657-M4103,MVL USA JV LLC,17 Jan 2024,RFQ,Zoeller P.C.,"BIOT-121.17 N4008422F4422 X017 1638204, QF9006 &amp;ndash; REPAIRS TO SEWAGE LIFT STATIONS",Capacitor For The Pump Motors,Mechanical Items,Mechanical,302.4,USD,Rahul N.,Order
1826,Q-1005-M4047,MACRO,17 Jan 2024,IQ,Us E.T.,PR12260464-Supply Of Diesel Generator-US Embassy Tanzania,PR12260464-Supply Of Diesel Generator-US Embassy Tanzani,Machine / Equipments,Mechanical,41553,USD,Shinso M.,Waiting
1827,RFQ-5683-S9077,MVL USA JV LLC,16 Jan 2024,RFQ,Summit F.C.,"BIOT-121.10 N4008422F4478 / N4008421R0079 X010 CONSTRUCT STORAGE ROOM &amp; RENOVATE BREAKROOMS, F-937 &amp; F-938",Fire Protection Materials,Subcontract,Services,5900,USD,Rahul N.,Order
1828,RFQ-6408-V40005,MVL USA JV LLC,16 Jan 2024,RFQ,Scott &.F.,"BIOT-121.41 N4008423F4520 REPLACE SPLIT-TYPE A/C UNITS, UPH 2, DIEGO GARCIA, BIOT","Refrigerant Valves, Accessories, Copper Pipe &amp; Fittings",Building Materials,Various,0,USD,Vinith B.,Waiting
1829,RFQ-5829-E6801,MACRO,16 Jan 2024,RFQ,Site &.P.,"ORD-5829 UAE-123R W912ER22C0026 P-960 Triton Operational Facility, United Arab Emirates",Generator,Electrical,Electrical,945000,AED,Lince M.,Order
1830,RFQ-6408-V40004,MACRO,16 Jan 2024,RFQ,Al H.P.,"BIOT-121.41 N4008423F4520 REPLACE SPLIT-TYPE A/C UNITS, UPH 2, DIEGO GARCIA, BIOT",PVC SCH40 Pipes And Fittings,Building Materials,Various,796.95,AED,Vinith B.,Order
1831,Q-1005-M7089,MACRO,16 Jan 2024,IQ,U.s E.S.,PR12233946-Supply Of Dehumidifier &amp; Filters - U.S Embassy Srilanka,PR12233946-Supply Of Dehumidifier &amp; Filters - U.S Embassy Srilanka,Mechanical Items,Mechanical,28250,USD,Shinso M.,Waiting
1832,RFQ-6408-V40003,MACRO,16 Jan 2024,RFQ,Bin D.G.,"BIOT-121.41 N4008423F4520 REPLACE SPLIT-TYPE A/C UNITS, UPH 2, DIEGO GARCIA, BIOT",KFLEX ST Rubber Plain Pipe Insulation,Building Materials,Various,2169.47,AED,Vinith B.,Order
1833,RFQ-6408-V40002,MVL USA JV LLC,16 Jan 2024,RFQ,Scott &.F.,"BIOT-121.41 N4008423F4520 REPLACE SPLIT-TYPE A/C UNITS, UPH 2, DIEGO GARCIA, BIOT",Type 316 Stainless Steel Jacketing,Building Materials,Various,1616,USD,Vinith B.,Order
1834,Q-1005-M4046,MACRO,16 Jan 2024,IQ,Usaid S.S.,RFQ-72066824Q00012-Procurement Of Residential Appliance-South Sudan,RFQ-72066824Q00012-Procurement Of Residential Appliance-South Sudan,Machine / Equipments,Mechanical,21906,USD,Shinso M.,Waiting
1835,RFQ-6544-V40000,MVL USA JV LLC,15 Jan 2024,RFQ,Scott &.F.,BIOT-121.49 X016 N4008423F4678 QC2025 REPAIRS TO FACILITY 824,Air Conditioning Unit,Building Materials,Various,1579,USD,Rahul N.,Order
1836,Q-1005-E7084,MV LLC,15 Jan 2024,IQ,Dla M.P.,SPMYM224Q0595-Supply &amp; Delivery Of Rechargeable Flash Lights- Washington ST,SPMYM224Q0595-Supply &amp; Delivery Of Rechargeable Flash Lights- Washington ST,Electrical,Electrical,44573.75,USD,Mahesh B.,Waiting
1837,RFQ-6408-M4103,MACRO,15 Jan 2024,RFQ,Century M.S.,"BIOT-121.41 N4008423F4520 REPLACE SPLIT-TYPE A/C UNITS, UPH 2, DIEGO GARCIA, BIOT",Air Diffuser &amp; Return Air Grilles,Mechanical Items,Mechanical,2646,AED,Vinith B.,Order
1838,RFQ-1005-V7158,MACRO,15 Jan 2024,RFQ,Oman G.C.,"(KSA 126) W912ER21C0014 KHAMIS SIMULATOR FACILITY, KSA",KHAMIS STAINLESS STEEL LADDER MODIFICATIONS,Building Materials,Various,9315,SAR,Marman I.,Order
1839,RFQ-6168-V40038A,MVL USA JV LLC,12 Jan 2024,RFQ,Bmet B.M.,"BIOT-121.37 N4008423F4277 REPAIRS TO ORDNANCE OPERATIONS, F-541",Gypsum Ceiling (Wet &amp; Dry Areas),Building Materials,Various,9294.8,AED,Rahul N.,Order
1840,RFQ-5532-V40025,MVL USA JV LLC,11 Jan 2024,RFQ,Kelly &.H.,BIOT-121 N4008421D0082/N4008421R0079 AEC DB DBB MACC,Additional MEP Materials For Man Camp,Building Materials,Various,3194.5,USD,Rahul N.,Order
1841,Q-1005-V7157,MACRO,11 Jan 2024,IQ,Us E.S.,Supply Of The Harmsco Filter,Harmsco Filters,Building Materials,Various,26000,USD,Shinso M.,Waiting
1842,RFQ-6408-M4102,MACRO,10 Jan 2024,RFQ,Century M.S.,"BIOT-121.41 N4008423F4520 REPLACE SPLIT-TYPE A/C UNITS, UPH 2, DIEGO GARCIA, BIOT",Dampers With Access Doors,Mechanical Items,Mechanical,1383.06,AED,Vinith B.,Order
1843,RFQ-5695-V40007,MVL USA JV LLC,10 Jan 2024,RFQ,White C.S.,"BIOT-121.16 N4008422F4476 QC1018 REPAIR BOLLARDS, POL PIER",Concrete Curing Compound,Building Materials,Various,319.38,USD, ,Order
1844,RFQ-5683-E6803A,MVL USA JV LLC,10 Jan 2024,RFQ,Tic L.E.,"BIOT-121.10 N4008422F4478 / N4008421R0079 X010 CONSTRUCT STORAGE ROOM &amp; RENOVATE BREAKROOMS, F-937 &amp; F-938",Dutch Doors &amp; Frames,Electrical,Electrical,13182.57,USD,Rahul N.,Order
1845,RFQ-5657-V40010,MVL USA JV LLC,09 Jan 2024,RFQ,Benfield E.I.,"BIOT-121.17 N4008422F4422 X017 1638204, QF9006 &amp; REPAIRS TO SEWAGE LIFT STATIONS",Enclosures,Building Materials,Various,1171.8,USD,Rahul N.,Order
1846,RFQ-5532-V40024,MVL USA JV LLC,09 Jan 2024,RFQ,Extol I.T.,BIOT-121 N4008421D0082/N4008421R0079 AEC DB DBB MACC,Additional Boxes &amp; Covers,Building Materials,Various,1580,AED,Rahul N.,Order
1847,RFQ-5532-V4364,MVL USA JV LLC,09 Jan 2024,RFQ,Wafrah A.F.,BIOT-121 N4008421D0082/N4008421R0079 AEC DB DBB MACC,DOUBLE CAB 4X4 PICK UP,Misc.,Various,34000,USD,Rahul N.,Order
1848,RFQ-5683-E6804,MVL USA JV LLC,08 Jan 2024,RFQ,City E.S.,"BIOT-121.10 N4008422F4478 / N4008421R0079 X010 CONSTRUCT STORAGE ROOM &amp; RENOVATE BREAKROOMS, F-937 &amp; F-938",Additional Electrical Materials,Electrical,Electrical,10863.23,USD,Rahul N.,Waiting
1849,RFQ-5213-S9108,MACRO,08 Jan 2024,RFQ,Titanit -.A.,"KSA-127 W912ER21C0015 Al Kharj Warehouse, Kingdom Of Saudi Arabia",Rental Of 200 KVA Generator,Subcontract,Services,4175.88,USD, ,Waiting
1850,Q-1005-E7083,MACRO,04 Jan 2024,IQ,Us E.-.,19PK3324Q1016-Supply &amp; Delivery Of Lighting Fixtures-US Embassy,19PK3324Q1016-Supply &amp; Delivery Of Lighting Fixtures-US Embassy,Electrical,Electrical,13000,USD, ,Waiting
1851,Q-1005-E7082,MACRO,04 Jan 2024,IQ,Us E.-.,19PK3324Q1018-Supply &amp; Delivery Of LED Vapor Tight Fixture Strips-US Embassy,19PK3324Q1018-Supply &amp; Delivery Of LED Vapor Tight Fixture Strips-US Embassy,Electrical,Electrical,9975,USD, ,Waiting
1852,RFQ-6168-V40043,MACRO,04 Jan 2024,RFQ,Ate I.B.,"BIOT-121.37 N4008423F4277 REPAIRS TO ORDNANCE OPERATIONS, F-541",L-corner Beads For Gypsum Partition,Building Materials,Various,52.5,AED, ,Waiting
1853,RFQ-5213-V40019,MACRO,04 Jan 2024,RFQ,Precision S.C.,"Al Kharj Warehouse, Saudi Arabia",Fire Hydrant,Building Materials,Various,13175.55,SAR,Lince M.,Order
1854,RFQ-5695-V40006,MVL USA JV LLC,03 Jan 2024,RFQ,Nvent E.p.,"BIOT-121.16 N4008422F4476 QC1018 REPAIR BOLLARDS, POL PIER",Rebar Couplers,Building Materials,Various,27640,USD, ,Order
1855,RFQ-5683-V40015,MACRO,03 Jan 2024,RFQ,Tuv S.M.,"BIOT-121.10 N4008422F4478 / N4008421R0079 X010 CONSTRUCT STORAGE ROOM &amp;amp; RENOVATE BREAKROOMS, F-937 &amp;amp; F-938",THIRD PARTY INSPECTION Of Steel Sliding Windows And Aluminum Flush Doors &amp; Frames,Building Materials,Various,1050,AED, ,Order
1856,RFQ-6168-V40042,MACRO,03 Jan 2024,RFQ,Mannington M.I.,"BIOT-121.37 N4008423F4277 REPAIRS TO ORDNANCE OPERATIONS, F-541",Wall Base &amp; Accessories,Building Materials,Various,2840,USD,Rahul N.,Order
1857,RFQ-6168-V40041,MVL USA JV LLC,03 Jan 2024,RFQ,Mannington M.I.,"BIOT-121.37 N4008423F4277 REPAIRS TO ORDNANCE OPERATIONS, F-541",Wall Base &amp; Accessories,Building Materials,Various,2840,USD, ,Waiting
1858,RFQ-5213-V40018,MACRO,02 Jan 2024,RFQ,Contractors S.C.,"Al Kharj Warehouse, Saudi Arabia","SENTRY GATE VALVES, VALVE BOX",Building Materials,Various,9085,SAR,Lince M.,Order
1859,RFQ-6168-T1000,MVL Italy,02 Jan 2024,RFQ,Hilti E.L.,"BIOT-121.37 N4008423F4277 REPAIRS TO ORDNANCE OPERATIONS, F-541",Stud Anchors,Tools,Tools,1534.05,AED, ,Order
1860,RFQ-6705-V4352,"MVL USA, INC",02 Jan 2024,RFQ,Foshan S.M.,"RMI -125 MEDICAL CLINIC, KWAJALEIN ATOLL, MARSHALL ISLANDS",Folding Container House.,Misc.,Various,224200,USD,Shinso M.,Order
1861,RFQ-5193-V40010A,MACRO,02 Jan 2024,RFQ,National F.F.,"(KSA 126) W912ER21C0014 KHAMIS SIMULATOR FACILITY, KSA",NAFFCO Steel Door Hardware,Building Materials,Various,20093.19,USD,Lince M.,Order
1862,RFQ-6705-V4351,MACRO,02 Jan 2024,RFQ,Foshan S.M.,"RMI -125 MEDICAL CLINIC, KWAJALEIN ATOLL, MARSHALL ISLANDS",Supply Of Folding Container House,Misc.,Various,224200,USD,Shinso M.,Order
1863,RFQ-6168-V40040,MACRO,02 Jan 2024,RFQ,Mannington M.I.,"BIOT-121.37 N4008423F4277 REPAIRS TO ORDNANCE OPERATIONS, F-541",Wall Base &amp; Accessories,Building Materials,Various,2850,USD,Rahul N.,Order
1864,RFQ-6168-V40039,MVL USA JV LLC,29 Dec 2023,RFQ,Mannington M.I.,"BIOT-121.37 N4008423F4277 REPAIRS TO ORDNANCE OPERATIONS, F-541",Wall Base &amp; Accessories,Building Materials,Various,2850,USD, ,Order
1865,RFQ-5213-V40017,MACRO,29 Dec 2023,RFQ,Unitech D.P.,"Al Kharj Warehouse, Saudi Arabia",Ductile Iron Pipes And Fittings,Building Materials,Various,19470.65,USD,Lince M.,Order
1866,RFQ-1192-V4341,FIRESTOP,27 Dec 2023,RFQ,Fujairah R.F.,MVL FIRESTOP BLDG MATL TRDDG LLC,SLAB WITHOUT FACING (SXXX) Density 160KgM3 Thickness 50mm Size1.2 MtrX 0.6 Mtr = Quantity 500 Sheets,Building Materials,Various,13173.3,AED,Marman I.,Order
1867,RFQ-1192-R1511,FIRESTOP,27 Dec 2023,RFQ,Class W.C.,MLV FIRESTOP BLDG MATL TRDG LLC,NISSAN SUNNY 1.5L 2024YM,Rental,Rental,2940,AED,Marman I.,Order
1868,RFQ-5655-E6801,MVL USA JV LLC,26 Dec 2023,RFQ,Tic L.E.,"BIOT-121.12 N4008422F4366/N4008421R0079 X012 EPROJECT 1575276 REPLACE AC UNITS, UNACCOMPANIED PERSONNEL HOURSING (UPH) 28",Wiring Materials,Electrical,Electrical,10080.8,USD,Rahul N.,Order
1869,RFQ-6168-E6803,MVL USA JV LLC,26 Dec 2023,RFQ,Tic L.E.,"BIOT-121.37 N4008423F4277 REPAIRS TO ORDNANCE OPERATIONS, F-541",Wiring Materials,Electrical,Electrical,10080.8,USD, ,Cancled
1870,RFQ-5829-E6800,MACRO,26 Dec 2023,RFQ,Avcond G.T.,"ORD-5829 UAE-123R W912ER22C0026 P-960 Triton Operational Facility, United Arab Emirates",Frequency Converter,Electrical,Electrical,2125401.5,AED,Lince M.,Order
1871,RFQ-1005-E7067A,MACRO,21 Dec 2023,RFQ,Alc A.L.,"(KSA 126) W912ER21C0014 KHAMIS SIMULATOR FACILITY, KSA",Lighting Control System - Emergency Lighting,Electrical,Electrical,751962,SAR,Lince M.,Order
1872,RFQ-5695-M4102,MVL USA JV LLC,21 Dec 2023,RFQ,Henan Y.M.,"BIOT-121.16 N4008422F4476 QC1018 REPAIR BOLLARDS, POL PIER",BIOT-121.16 N4008422F4476 QC1018 - HYDRAULIC WIRE SAW AND ELECTRIC CORE DRILL,Mechanical Items,Mechanical,22113,USD,Marman I.,Order
1873,Q-1005-E7081,MACRO,20 Dec 2023,IQ,Us A.-.,Supply &amp; Delivery Of Sealed Lead Acid Battery-Camp Arifjan,Supply &amp; Delivery Of Sealed Lead Acid Battery-Camp Arifjan,Electrical,Electrical,8020,USD, ,Waiting
1874,RFQ-1005-M7088,MACRO,20 Dec 2023,RFQ,Kbe S.A.,"(KSA 126) W912ER21C0014 KHAMIS SIMULATOR FACILITY, KSA",Balance Diffusers And Grilles,Mechanical Items,Mechanical,3555.55,SAR,Lince M.,Order
1875,Q-1005-A5219,MV LLC,19 Dec 2023,IQ,American C.G.,PR12147997-Supply &amp; Delivery Of HOPPE Aluminum Window Handle-US Consulate,PR12147997-Supply &amp; Delivery Of HOPPE Aluminum Window Handle-US Consulate,Doors,Architectural,65600,USD, ,Waiting
1876,RFQ-1005-E7080A,MACRO,18 Dec 2023,RFQ,Tic L.E.,"(KSA 126) W912ER21C0014 KHAMIS SIMULATOR FACILITY, KSA",Soval Operating Nut For 802 Series Part # ON-GV-ULFM-A,Electrical,Electrical,128.32,USD,Marman I.,Order
1877,RFQ-6168-V40038,MVL USA JV LLC,18 Dec 2023,RFQ,Bmet B.M.,"BIOT-121.37 N4008423F4277 REPAIRS TO ORDNANCE OPERATIONS, F-541",Gypsum Ceiling (Wet &amp; Dry Areas),Building Materials,Various,7045.49,AED,Rahul N.,Order
1878,RFQ-6168-V40037,MVL USA JV LLC,18 Dec 2023,RFQ,Bmet B.M.,"Diego Garcia, Indian Ocean",Gypsum Partition &amp; Supports,Building Materials,Various,20794.61,AED,Rahul N.,Order
1879,Q-1005-M7087,MACRO,18 Dec 2023,IQ,"American C.,.","PR12242884 Supply &amp; Delivery Of Smoke Stop Filters-US Consulate,Dubai","PR12242884-Supply &amp; Delivery Of Smoke Stop Filters-US Consulate,Dubai",Mechanical Items,Mechanical,8064,AED,Shinso M.,Waiting
1880,RFQ-5683-S9076,MVL USA JV LLC,18 Dec 2023,RFQ,Summit F.C.,"BIOT-121.10 N4008422F4478 / N4008421R0079 X010 CONSTRUCT STORAGE ROOM &amp; RENOVATE BREAKROOMS, F-937 &amp; F-938",Fire Alarm Materials,Subcontract,Services,3500,USD,Rahul N.,Order
1881,RFQ-1005-V7156,MACRO,18 Dec 2023,RFQ,Contractors S.C.,"(KSA 126) W912ER21C0014 KHAMIS SIMULATOR FACILITY, KSA",SENTRY NRS GATE VALVE 6 INCH AND 8 INCH,Building Materials,Various,6440,SAR,Marman I.,Order
1882,RFQ-1192-V4340,FIRESTOP,18 Dec 2023,RFQ,Krystal C.C.,MVL FIRESTOP BLDG MATL TRDG LLC,18mm Commercial Ply Putty Smooth Finish,Building Materials,Various,3675,AED,Marman I.,Order
1883,RFQ-5683-E6803,MVL USA JV LLC,15 Dec 2023,RFQ,Tic L.E.,"BIOT-121.10 N4008422F4478 / N4008421R0079 X010 CONSTRUCT STORAGE ROOM &amp; RENOVATE BREAKROOMS, F-937 &amp; F-938",Dutch Doors &amp; Frames,Electrical,Electrical,11996.23,USD,Rahul N.,Order
1884,RFQ-6168-E6802,MVL USA JV LLC,15 Dec 2023,RFQ,Tic L.E.,"BIOT-121.37 N4008423F4277 REPAIRS TO ORDNANCE OPERATIONS, F-541",Dutch Doors &amp; Frames,Electrical,Electrical,11996.23,USD, ,Waiting
1885,Q-1005-M4045,MACRO,15 Dec 2023,IQ,Unhcr ,RFQ/HCR/PZU/2023/24-Supply &amp; Delivery 60kVA Generator-Port Sudan,"RFQ/HCR/PZU/2023/24- Supply, Delivery, Installation And Commissioning Of 60KVA Generator To Port Sudan.",Machine / Equipments,Mechanical,21850,USD,Shinso M.,Waiting
1886,Q-1005-L4141,MACRO,15 Dec 2023,IQ,"American C.,.",Supply &amp; Delivery Of 7-8 Seater Passenger SUV- PR12167179,"Supply &amp; Delivery Of 7-8 Seater Passenger SUV-U.S. Consulate General, Dubai - PR12167179",Transportation,Logistics,294000,AED,Shinso M.,Waiting
1887,RFQ-5532-E6803,MACRO,14 Dec 2023,RFQ,Alpha L.T.,BIOT-121 N4008421D0082/ N4008421R0079 AEC DB DBB MACC,DIEGO GARCIA - CABLES FOR TELEPHONE LINE AND FIBER OPTIC FOR OFFICE INTERNET CONNECTION,Electrical,Electrical,46315.45,AED,Marman I.,Order
1888,Q-1005-M7086,MACRO,14 Dec 2023,IQ,American E.-.,"Supply Of Full Size SUV, Chevrolet Tahoe.","Full Size SUV, RFQ- PR12117276",Mechanical Items,Mechanical,20479,KWD,Shinso M.,Waiting
1889,RFQ-6168-V40035A,MACRO,13 Dec 2023,RFQ,Al H.P.,"BIOT-121.37 N4008423F4277 REPAIRS TO ORDNANCE OPERATIONS, F-541",PVC Straight Pipes &amp; Fittings,Building Materials,Various,1126.12,AED,Rahul N.,Order
1890,RFQ-1005-V7155,MACRO,13 Dec 2023,RFQ,Cosmos G.T.,MVL Trading -Supply Of Air Purifiers Q-1005-M7083,Air Purifiers,Building Materials,Various,148174,USD,Shinso M.,Order
1891,RFQ-5410-E6800,MACRO,13 Dec 2023,RFQ,Tic L.E.,(KUW-135) GE5019R0095 REPLACEMENT OF EXISTING ANTI-RAM HYDRAULIC VEHICLE BARRIER AT US EMBASSY KUWAIT,Siemens - Molded Case Circuit Breaker,Electrical,Electrical,947.89,USD,Marman I.,Order
1892,RFQ-5695-V40005,MVL USA JV LLC,12 Dec 2023,RFQ,Dateline E.I.,"BIOT-121.16 N4008422F4476 QC1018 REPAIR BOLLARDS, POL PIER",32mm Rebars,Building Materials,Various,1545.11,USD, ,Order
1893,RFQ-5695-V40004,MVL USA JV LLC,12 Dec 2023,RFQ,Dateline E.I.,"BIOT-121.16 N4008422F4476 QC1018 REPAIR BOLLARDS, POL PIER",Joint Sealant,Building Materials,Various,1030.38,USD, ,Order
1894,RFQ-6168-V40036,MACRO,12 Dec 2023,RFQ,Cresco M.E.,"BIOT-121.37 N4008423F4277 REPAIRS TO ORDNANCE OPERATIONS, F-541",CPVC Pipes &amp; Fittings,Building Materials,Various,206.88,AED,Rahul N.,Order
1895,RFQ-5193-V40011,MACRO,12 Dec 2023,RFQ,Dormakaba M.E.,"(KSA 126) W912ER21C0014 KHAMIS SIMULATOR FACILITY, KSA",Dormakaba Steel Door Hardware,Building Materials,Various,45500.45,AED,Lince M.,Order
1896,Q-1005-M4044,MACRO,11 Dec 2023,IQ,United N.C.,"Procurement Of Generators ,ITB - LITB-2023-918705","Procurement Of Generators, ITB - LITB-2023-918705",Machine / Equipments,Mechanical,73021,USD,Shinso M.,Waiting
1897,RFQ-6168-V40033,MVL USA JV LLC,11 Dec 2023,RFQ,"Tri-west, L.","BIOT-121.37 N4008423F4277 REPAIRS TO ORDNANCE OPERATIONS, F-541",VCT &amp; Adhesive,Building Materials,Various,6050,USD,Rahul N.,Order
1898,RFQ-1569-O59,MACRO,08 Dec 2023,RFQ,Kyoto T.,MVL Group Office Related POs,MVL OFFICE NETWORK UPGRADE - NISTCMMC Project Implementation - UNIFI 48 PORT SWITCH:USW-PRO-48- POE.,Computer Peripherals,Office Assets,4011,AED,Marman I.,Order
1899,RFQ-5683-V40014A,MACRO,08 Dec 2023,RFQ,Metal a.M.,"BIOT-121.10 N4008422F4478 / N4008421R0079 X010 CONSTRUCT STORAGE ROOM &amp; RENOVATE BREAKROOMS, F-937 &amp; F-938",Purlins &amp; Hardware For Overhead Coiling Door,Building Materials,Various,1902.6,AED,Rahul N.,Order
1900,RFQ-6168-V40032,MVL USA JV LLC,07 Dec 2023,RFQ,Kelly &.H.,"BIOT-121.37 N4008423F4277 REPAIRS TO ORDNANCE OPERATIONS, F-541",Light Fitting Samples,Building Materials,Various,1121.5,USD,Rahul N.,Order
1901,Q-1005-V7154,MACRO,07 Dec 2023,IQ,Consulate G.o.,"Supply Of  AquaGuard Eye Wash,PR12214742",Supply Of  AquaGuard Eye Wash,Building Materials,Various,5670,AED,Shinso M.,Waiting
1902,RFQ-5532-V40023,MACRO,07 Dec 2023,RFQ,Technos M.L.,BIOT-121 N4008421D0082/ N4008421R0079 AEC DB DBB MACC,Pneumatic Accessories - Diego Garcia General Use,Building Materials,Various,875.7,AED,Marman I.,Order
1903,RFQ-5213-R1500,MACRO,07 Dec 2023,RFQ,Sky P.T.,(KSA 127) W912ER21C0015 AL KHARJ WAREHOUSE,8 Inch Diesel Dewatering Pumps HP200 For Rental With Technician,Rental,Rental,44275,SAR,Marman I.,Order
1904,RFQ-5683-E6802,MVL USA JV LLC,07 Dec 2023,RFQ,City E.S.,"BIOT-121.10 N4008422F4478 / N4008421R0079 X010 CONSTRUCT STORAGE ROOM &amp; RENOVATE BREAKROOMS, F-937 &amp; F-938",Additional Electrical Materials,Electrical,Electrical,10864.1,USD,Rahul N.,Order
1905,RFQ-1005-V7153,MACRO,07 Dec 2023,RFQ,Fantastic E.F.,MVL Trading  Q-1005-M7085,Supply Of Air Purifier And Air Filter,Building Materials,Various,10750,USD,Shinso M.,Order
1906,RFQ-6168-V40031,MVL USA JV LLC,06 Dec 2023,RFQ,Tic L.E.,"BIOT-121.37 N4008423F4277 REPAIRS TO ORDNANCE OPERATIONS, F-541",Electrical Panel Boards,Building Materials,Various,14405.25,USD,Rahul N.,Order
1907,RFQ-5684-V40004,MVL USA JV LLC,06 Dec 2023,RFQ,Kelly &.H.,"BIOT-121.11 N4008421R0079 - X011 1634252, QP9015 - REPAIR FIRE PROTECTION SYSTEM, FACILITY 917",Electrical Materials,Building Materials,Various,0,USD,Rahul N.,Order
1908,RFQ-1005-V7152,MACRO,06 Dec 2023,RFQ,Modernity T.f.,"(KSA 126) W912ER21C0014 KHAMIS SIMULATOR FACILITY, KSA",Raised Access Flooring,Building Materials,Various,23805,SAR,Lince M.,Quotation
1909,RFQ-1569-O58,MACRO,05 Dec 2023,RFQ,Rivyv T.,MVL Group Office Related POs,NISTCMMC Project Implementation - MVL Microsoft 365 Suite Implementation Project,Computer Peripherals,Office Assets,10500,USD,Marman I.,Order
1910,RFQ-1569-O57,MACRO,05 Dec 2023,RFQ,Kaspertech G.T.,MVL Group Office Related POs,LAPTOP FOR PROGRAM MANAGER - JAMES SHEEHAN,Computer Peripherals,Office Assets,3350.03,AED,Marman I.,Order
1911,RFQ-1005-V7151,MACRO,05 Dec 2023,RFQ,Construction S.(.,"(KSA 126) W912ER21C0014 KHAMIS SIMULATOR FACILITY, KSA",BLACK NON- REFLECTIVE CUBICLE TRACK SURFACE MOUNTED FLAT-GRID CEILING WITH ACCESSORIES,Building Materials,Various,9992.41,USD,Marman I.,Order
1912,Q-1005-S9076,MACRO,04 Dec 2023,IQ,Food a.A.,ITB# 2023/FRSOM/FRSOM/124591 Procurement Of ID Card Printer System For Fisherfolk Registration,ITB# 2023/FRSOM/FRSOM/124591 Procurement Of ID Card Printer System For Fisherfolk Registration,Subcontract,Services,72894,USD,Shinso M.,Order
1913,Q-1005-V7149,MACRO,01 Dec 2023,IQ,"U.s. E.,.","Key Watcher System For Motor Pool Vehicles, RFQ# PR12126166 FM","Key Watcher System For Motor Pool Vehicles, RFQ# PR12126166 FM",Building Materials,Various,47334,USD,Shinso M.,Waiting
1914,RFQ-1569-O56,MACRO,01 Dec 2023,RFQ,Kyoto T.,MVL Group Office Related POs,MVL OFFICE NETWORK UPGRADE - NISTCMMC Project Implementation,Computer Peripherals,Office Assets,44938.95,AED,Marman I.,Order
1915,RFQ-5829-R1503,MACRO,01 Dec 2023,RFQ,New S.O.,"ORD-5829 UAE-123R W912ER22C0026 P-960 Triton Operational Facility, United Arab Emirates",BLACK TONER FOR BP-20C20T - 1/12/2023,Rental,Rental,262.5,AED,Marman I.,Order
1916,RFQ-1005-S9102,MACRO,01 Dec 2023,RFQ,Mtb Q.C.,Supply &amp; Delivery Of Vehicle Exhaust System-Al Udeid Air Base,TPI - CWI INSPECTOR HOUR(S) DATED: 07/13/23 (DH-01)  MILEAGE  - FOR  1005-M7055,Services,Services,1105.25,USD,Marman I.,Order
1917,RFQ-5193-E6803,MACRO,29 Nov 2023,RFQ,Tic L.E.,"(KSA 126) W912ER21C0014 KHAMIS SIMULATOR FACILITY, KSA",STEEL DOOR HARDWARE SAMPLES,Electrical,Electrical,5444.32,USD,Lince M.,Order
1918,RFQ-5153-C6053,MVL Italy,29 Nov 2023,RFQ,Gcp I.S.,"ITA-121 N6247021C0003 P-759, Family Housing New Construction Villaggio SW And Camp Ederle North - Vicenza, Italy",2nd Order Via Ship WATER PROOFING SYSTEMS GCP_C.RE ARMY FAMILY - CASERMA EDERLE (VI),Chemicals,Chemicals,164100,EURO,Marman I.,Waiting
1919,RFQ-1192-V4339,FIRESTOP,28 Nov 2023,RFQ,Cms -.G.,MVL FIRESTOP BLDG MATL TRDG LLC,"Saudi Rockwool Unfaced Slab Insulation 50mm, 64 Kg/m3 1.2X0.6 M - ORDER DATE - 28112023",Building Materials,Various,2612.74,AED,Marman I.,Order
1920,RFQ-1005-V7148,MACRO,28 Nov 2023,RFQ,Precision S.C.,"(KSA 126) W912ER21C0014 KHAMIS SIMULATOR FACILITY, KSA","(QTN Ref. : R23-A135-1) - Fire Hydrant, Dry Barrel, Model: K-401-D, UL/FM, Bury Depth 4 Ft,  Flanged, Size 6 INCH, KOPLER - K-401-D-6 INCH",Building Materials,Various,14743,SAR,Marman I.,Order
1921,RFQ-1005-V7147,MACRO,28 Nov 2023,RFQ,Contractors S.C.,"(KSA 126) W912ER21C0014 KHAMIS SIMULATOR FACILITY, KSA","QT OHA-23-235 Rev02 - VALVE BOX, POST INDICATOR, GATE VALVE, AND ACCESSORIES",Building Materials,Various,17480,SAR,Marman I.,Order
1922,RFQ-1192-V4338,FIRESTOP,28 Nov 2023,RFQ,Fujairah R.F.,MVL FIRESTOP BLDG MATL TRDG LLC,SLAB WITHOUT FACING (SXXX) Density: 160Kg/M3 Thickness: 50mm Size:1.2 MtrX 0.6 Mtr = Quantity: 500 Sheets,Building Materials,Various,13173.3,AED,Marman I.,Order
1923,Q-1005-S9075,MACRO,28 Nov 2023,IQ,U.s C.G.,19PK4024Q5002 &ndash; PR12142267- Supply Of Micron Filters For Water Treatment,19PK4024Q5002 &ndash; PR12142267- Supply Of Micron Filters For Water Treatment,Subcontract,Services,40280,USD,Shinso M.,Waiting
1924,RFQ-5153-C6052,MVL Italy,28 Nov 2023,RFQ,Gcp I.S.,"ITA-121 N6247021C0003 P-759, Family Housing New Construction Villaggio SW And Camp Ederle North - Vicenza, Italy",WATER PROOFING SYSTEMS GCP_C.RE ARMY FAMILY - CASERMA EDERLE (VI),Chemicals,Chemicals,99045.67,EURO,Marman I.,Order
1925,Q-1005-M7085,MACRO,27 Nov 2023,IQ,Us E.A.,"Supply Of Air Purifier And Air Filter, RFQ# PR12188312 /PR12188341","Supply Of Air Purifier And Air Filter, RFQ# PR12188312 /PR12188341",Mechanical Items,Mechanical,58275,AED,Shinso M.,Order
1926,RFQ-1005-V7146,MACRO,27 Nov 2023,RFQ,Gulf S.S.,"(KSA 126) W912ER21C0014 KHAMIS SIMULATOR FACILITY, KSA",Grounding Kit For Switches,Building Materials,Various,3297.62,SAR,Lince M.,Order
1927,Q-1005-M4043,MACRO,27 Nov 2023,IQ,International O.f.,MV23-001 - Supply Of Fully Equipped Ambulances For Velana And Gan International Airport In Maldives.,Supply Of Fully Equipped Ambulances For Velana And Gan International Airport In Maldives.,Machine / Equipments,Mechanical,107400,USD,Shinso M.,Waiting
1928,RFQ-1005-V7145,MACRO,27 Nov 2023,RFQ,Unitech D.P.,"(KSA 126) W912ER21C0014 KHAMIS SIMULATOR FACILITY, KSA",Ductile Iron Pipe &amp; Fittings,Building Materials,Various,33027.68,USD,Lince M.,Order
1929,RFQ-1569-O55,MACRO,24 Nov 2023,RFQ,Black B.T.,MVL Group Office Related POs,License Cost Of Microsoft GCC. Quantity230 -  NIST/CMMC Project Implementation,Computer Peripherals,Office Assets,535500,AED,Marman I.,Order
1930,RFQ-5683-V40013,MACRO,24 Nov 2023,RFQ,Tuv S.M.,"BIOT-121.10 N4008422F4478 / N4008421R0079 X010 CONSTRUCT STORAGE ROOM &amp; RENOVATE BREAKROOMS, F-937 &amp; F-938",TPI For Overhead Coiling Doors,Building Materials,Various,800.1,USD,Rahul N.,Order
1931,RFQ-4814-E6802A,MACRO,23 Nov 2023,RFQ,Tic L.E.,(QTR 193)  W912ER21C0005 - USACE TRANS REGIONAL LOGISTICS COMPLEX (TRLC),Gentex Horn Strobe - As Per Attached Approved Data Sheet,Electrical,Electrical,1288.34,USD,Marman I.,Order
1932,RFQ-6168-V40030,MVL USA JV LLC,23 Nov 2023,RFQ,The S.C.,"BIOT-121.37 N4008423F4277 REPAIRS TO ORDNANCE OPERATIONS, F-541",Paints,Building Materials,Various,17895.01,USD,Rahul N.,Order
1933,RFQ-1192-V4337,FIRESTOP,23 Nov 2023,RFQ,Cms -.G.,MVL FIRESTOP BLDG MATL TRDG LLC,"Saudi Rockwool Unfaced Slab Insulation 50mm, 64 Kg/m3 1.2X0.6 M",Building Materials,Various,2612.74,AED,Marman I.,Order
1934,RFQ-6168-M4101,MVL USA JV LLC,23 Nov 2023,RFQ,S.k.m. A.C.,"BIOT-121.37 N4008423F4277 REPAIRS TO ORDNANCE OPERATIONS, F-541",Packaged Units (PACU),Mechanical Items,Mechanical,94500,AED,Rahul N.,Order
1935,RFQ-1569-O54,MACRO,23 Nov 2023,RFQ,Kyoto T.,MVL Group Office Related POs,NIST / CMMC Project - Crucial P3 4TBM.2 PCIe Gen4 NVME -,Computer Peripherals,Office Assets,4173.75,AED,Marman I.,Order
1936,RFQ-5503-V40011,MVL Greece,23 Nov 2023,RFQ,Onenet D.S.,ORD-5503 GRE-121 N6247022C0002 Communication Center - Souda Bay,RACKS,Building Materials,Various,548568.94,EURO,Lince M.,Order
1937,RFQ-5684-V40003A,MVL USA JV LLC,22 Nov 2023,RFQ,Kelly &.H.,"BIOT-121.11 N4008421R0079 - X011 1634252, QP9015 - REPAIR FIRE PROTECTION SYSTEM, FACILITY 917",Additional Electrical Materials,Building Materials,Various,3815.65,USD,Rahul N.,Order
1938,RFQ-6168-V40029,MACRO,22 Nov 2023,RFQ,Madar E.F.,"BIOT-121.37 N4008423F4277 REPAIRS TO ORDNANCE OPERATIONS, F-541","Epoxy Coated Rebars For Doweled Joint, Blank Off, Spall, Metal Cabinet",Building Materials,Various,1810.62,AED,Rahul N.,Order
1939,Q-1005-S9101,MACRO,22 Nov 2023,IQ,"U.s. E.,.",PR12056679 -HANDHELD AND VEHICLE MOBILE RADIO,PR12056679 -HANDHELD AND VEHICLE MOBILE RADIO,Services,Services,91755,USD,Shinso M.,Waiting
1940,Q-1005-E7079,MV LLC,21 Nov 2023,IQ,"U.s. E.,.",RFQ-PR12117300-CATERPILLAR GENERATOR PARTS REPLENISHMENT,RFQ-PR12117300-CATERPILLAR GENERATOR PARTS REPLENISHMENT,Electrical,Electrical,32270,USD, ,Waiting
1941,RFQ-5193-V40009,MACRO,20 Nov 2023,RFQ,Keyless S.S.,"(KSA 126) W912ER21C0014 KHAMIS SIMULATOR FACILITY, KSA",Key Control Cabinet (SAM) &amp; Exterior Emergency Key Cabinets,Building Materials,Various,72375.31,AED,Lince M.,Order
1942,RFQ-6168-V40027,MVL USA JV LLC,20 Nov 2023,RFQ,Scott &.F.,"BIOT-121.37 N4008423F4277 REPAIRS TO ORDNANCE OPERATIONS, F-541",Bracing Materials For CMU Wall,Building Materials,Various,4230.78,USD,Rahul N.,Order
1943,RFQ-1005-V7144,MACRO,20 Nov 2023,RFQ,Euro S.L.,"(KSA 126) W912ER21C0014 KHAMIS SIMULATOR FACILITY, KSA",Supply Only Of Manual Roller Blinds,Building Materials,Various,2949.45,AED,Marman I.,Waiting
1944,RFQ-5829-M4104A,MACRO,16 Nov 2023,RFQ,Cool T.,"ORD-5829 UAE-123R W912ER22C0026 P-960 Triton Operational Facility, United Arab Emirates","UAE -123 Triton -FAHU, AHU, FCU -Cool Technologies",Mechanical Items,Mechanical,577500.06,AED,Marman I.,Order
1945,RFQ-1005-F7063,MACRO,15 Nov 2023,RFQ,Mvl F.B.,"(KSA 126) W912ER21C0014 KHAMIS SIMULATOR FACILITY, KSA",Pre-coating &amp; Finishing Services With Putty For Plywood `( 2.4 M X 1.2 M ) 25 Units Of Boards.,Firestop/ DC 315,Fire,4200,AED,Marman I.,Order
1946,RFQ-1192-R1510,FIRESTOP,15 Nov 2023,RFQ,New S.O.,MVL FIRESTOP BLDG MATL TRDG LLC,Full-Service Maintenance Agreement # 10109/SAJ/23 M/C Ref: DXB-025393,Rental,Rental,5197.5,AED,Marman I.,Order
1947,RFQ-6168-V40026,MACRO,15 Nov 2023,RFQ,Adhwa A.Z.,"BIOT-121.37 N4008423F4277 REPAIRS TO ORDNANCE OPERATIONS, F-541",Cladding For Pipe Work,Building Materials,Various,6300,AED,Rahul N.,Order
1948,Q-1005-E7078,MACRO,15 Nov 2023,IQ,Unrwa ,ITB#GD/015/2023-Supply Of Mobile Generators-Lebonan,ITB#GD/015/2023-Supply Of Mobile Generators-Lebonan,Electrical,Electrical,99000,USD,Shinso M.,Waiting
1949,RFQ-5655-M4101,MVL USA JV LLC,14 Nov 2023,RFQ,Oriflow ,"PROJECT: BIOT-121.12 N4008422F4366/N4008421R0079 X012 PROJECT 1575276 REPLACE AC UNITS, UNACCOMPANIED PERSONNEL HOUSING (UPH) 28",COBRA-DIG-SET-VF D-115V - AS PER ATTACHED APPROVED DATA SHEET,Mechanical Items,Mechanical,6700,USD,Marman I.,Order
1950,RFQ-1192-V4459,FIRESTOP,14 Nov 2023,RFQ,Grand S.C.,MVL FIRESTOP BLDG MATL TRDG LLC,STATIONARY REQUIREMENTS 14/11/2023,Misc.,Various,625.27,AED,Marman I.,Order
1951,Q-1005-E7077,MV LLC,13 Nov 2023,IQ,U.s. E.A.,PR12118392-Supply Of Electrical Items-Addis Ababa,PR12118392-Supply Of Electrical Items-Addis Ababa,Electrical,Electrical,15562.75,USD, ,Waiting
1952,Q-1005-M4042,MACRO,09 Nov 2023,IQ,Usace ,NI-W5J9JE24R0006-Sources Sought-Pop-Up Guard Towers (Ballistic-Rated)-Kuwait,NI-W5J9JE24R0006-Sources Sought-Pop-Up Guard Towers (Ballistic-Rated)-Kuwait,Machine / Equipments,Mechanical,2094000,USD,Arun N.,Waiting
1953,Q-1005-M4041,MACRO,09 Nov 2023,IQ,U.s. D.o.,NI-6973GH-23-R-00202-Supply Of Remote Video Surveillance System Upgrade Acquisition Of 80&rsquo; And 120&rsquo; Relocatable Towers-OK,NI-6973GH-23-R-00202-Supply Of Remote Video Surveillance System Upgrade Acquisition Of 80&rsquo; And 120&rsquo; Relocatable Towers-OK,Machine / Equipments,Mechanical,8308184,USD,Arun N.,Waiting
1954,Q-1005-M4040,MV LLC,09 Nov 2023,IQ,U.s. F.&.,Supply &amp; Delivery Of Storm Rated Equipment Tent Storage-Hawai,Supply &amp; Delivery Of Storm Rated Equipment Tent Storage-Hawai,Machine / Equipments,Mechanical,113837,USD, ,Waiting
1955,Q-1005-S9074,MACRO,09 Nov 2023,IQ,United N.C.,"ITB No# LITB-2023-9186128, Supply Of Vital Signs Monitoring Trolley","ITB No# LITB-2023-9186128, Supply Of Vital Signs Monitoring Trolley",Subcontract,Services,528000,USD,Shinso M.,Waiting
1956,Q-1005-S9073,MACRO,07 Nov 2023,IQ,Iom-cssm ,"ITB No# PROC/ITB/CSSM/001/2023, Supply And Delivery Of 7 Soft-skinned Vehicles IOM-CSSM Ghana, Togo And Benin","ITB No# PROC/ITB/CSSM/001/2023, Supply And Delivery Of 7 Soft-skinned Vehicles IOM-CSSM Ghana, Togo And Benin",Subcontract,Services,373900,USD,Shinso M.,Waiting
1957,Q-1005-S9072,MACRO,06 Nov 2023,IQ,American E.N.,RFQ No# PR12102129 - HYGIENE SUPPLIES,Hygiene Supplies For The Thin Sanitary Pads,Subcontract,Services,27189,USD,Shinso M.,Waiting
1958,RFQ-1005-M7084,MACRO,06 Nov 2023,RFQ,Ali M.A.,"(KSA 126) W912ER21C0014 KHAMIS SIMULATOR FACILITY, KSA",Manual Air Vent,Mechanical Items,Mechanical,128.8,SAR,Lince M.,Order
1959,RFQ-5622-V40002,MACRO,03 Nov 2023,RFQ,Grace L.L.,BIOT-121.05 N4008422F4312 REPAIR RUNWAY EDGE LIGHTING SYSTEM,Steel Tags,Building Materials,Various,1890,AED,Rahul N.,Order
1960,Q-1005-O4,MACRO,03 Nov 2023,IQ,Us E.P.,PR No# 19HA7024Q0001 &ndash; Uninterruptible Power Supply (UPS),Supply And Delivery Of The Uninterruptible Power Supply (UPS),Computer Peripherals,Office Assets,24900,USD,Shinso M.,Waiting
1961,RFQ-5503-E6801,MVL Greece,02 Nov 2023,RFQ,Tic L.E.,ORD-5503 GRE-121 N6247022C0002 Communication Center - Souda Bay,Baseboard Heater (Hydronic Type),Electrical,Electrical,17345.7,USD,Lince M.,Order
1962,RFQ-5655-T1002,MACRO,02 Nov 2023,RFQ,Anaum M.E.,"PROJECT: BIOT-121.12 N4008422F4366/N4008421R0079 X012 PROJECT 1575276 REPLACE AC UNITS, UNACCOMPANIED PERSONNEL HOUSING (UPH) 28",RACU X-012 TESTING EQUIPMENT - ANAUM,Tools,Tools,3703.5,AED,Marman I.,Order
1963,RFQ-5193-A5205,MACRO,02 Nov 2023,RFQ,Architectural M.D.,"(KSA 126) W912ER21C0014 KHAMIS SIMULATOR FACILITY, KSA",Plastic Caps Matching The Frame 250 PCS And Manufacturer Labels 42 Pcs,Doors,Architectural,1732.5,AED,Marman I.,Order
1964,RFQ-6168-V40024A,MVL USA JV LLC,01 Nov 2023,RFQ,Greenheck F.C.,"BIOT-121.37 N4008423F4277 REPAIRS TO ORDNANCE OPERATIONS, F-541",HVAC Exhaust Fan Units,Building Materials,Various,3456,USD,Rahul N.,Order
1965,RFQ-5655-T1001,MACRO,01 Nov 2023,RFQ,Anbi G.T.,"PROJECT: BIOT-121.12 N4008422F4366/N4008421R0079 X012 PROJECT 1575276 REPLACE AC UNITS, UNACCOMPANIED PERSONNEL HOUSING (UPH) 28",RACU X-012 TESTING EQUIPMENT - ANBI,Tools,Tools,13685.01,AED,Marman I.,Order
1966,RFQ-5655-T1000,MACRO,01 Nov 2023,RFQ,Ali A.&.,"BIOT-121.12 N4008422F4366/N4008421R0079 X012 EPROJECT 1575276 REPLACE AC UNITS, UNACCOMPANIED PERSONNEL HOURSING (UPH) 28",RACU X-012 TESTING EQUIPMENT - AAB TOOLS,Tools,Tools,4924.5,AED,Marman I.,Order
1967,RFQ-5532-V4363,MACRO,01 Nov 2023,RFQ,The U.W.,BIOT-121 N4008421D0082/ N4008421R0079 AEC DB DBB MACC,MVL Bromgrove Shirts - 1/11/2023,Misc.,Various,1386,AED,Marman I.,Order
1968,RFQ-6168-V40025,MACRO,01 Nov 2023,RFQ,Tuv S.M.,"BIOT-121.37 N4008423F4277 REPAIRS TO ORDNANCE OPERATIONS, F-541",THIRD PARTY INSPECTION Of DOORS &amp; FRAMES,Building Materials,Various,1050,AED,Rahul N.,Order
1969,RFQ-1005-V7143,MACRO,01 Nov 2023,RFQ,United S.F.,"(KSA 126) W912ER21C0014 KHAMIS SIMULATOR FACILITY, KSA",WORK BENCHES AS PER APPROVED SUBMITTAL,Building Materials,Various,78500,USD,Marman I.,Order
1970,RFQ-5684-V40002A,MVL USA JV LLC,31 Oct 2023,RFQ,Bmet B.M.,"BIOT-121.11 N4008421R0079 - X011 1634252, QP9015 - REPAIR FIRE PROTECTION SYSTEM, FACILITY 917",Gypsum Ceiling &amp; Supports,Building Materials,Various,6698.18,USD,Rahul N.,Order
1971,RFQ-6168-V40024,MVL USA JV LLC,31 Oct 2023,RFQ,Greenheck F.C.,"BIOT-121.37 N4008423F4277 REPAIRS TO ORDNANCE OPERATIONS, F-541",HVAC Exhaust Fan Units,Building Materials,Various,3334,USD, ,Order
1972,RFQ-6168-E6801,MVL USA JV LLC,31 Oct 2023,RFQ,Tic L.E.,"BIOT-121.37 N4008423F4277 REPAIRS TO ORDNANCE OPERATIONS, F-541",Water Heater,Electrical,Electrical,973.29,USD,Rahul N.,Order
1973,RFQ-5532-V40019A,MVL USA JV LLC,31 Oct 2023,RFQ,Extol I.T.,BIOT-121 N4008421D0082/N4008421R0079 AEC DB DBB MACC,Electrical Materials For Moody Office And Camp,Building Materials,Various,56124.6,AED,Rahul N.,Order
1974,Q-1005-M4039,MV LLC,31 Oct 2023,IQ,Nippo C.,Supply &amp; Delivery Of Double Wall Storage Tank-Japan,Supply &amp; Delivery Of Double Wall Storage Tank-Japan,Machine / Equipments,Mechanical,196589,USD, ,Waiting
1975,RFQ-1192-M4103,FIRESTOP,31 Oct 2023,RFQ,Century M.S.,MVL FIRESTOP BLDG TRDG LLC,"Saudi Rockwool Unfaced Slab Insulation 50mm, 64 Kg/m3 1.2X0.6 M",Mechanical Items,Mechanical,5225.47,AED,Marman I.,Order
1976,RFQ-6168-V40023,MVL USA JV LLC,30 Oct 2023,RFQ,France M.G.,"BIOT-121.37 N4008423F4277 REPAIRS TO ORDNANCE OPERATIONS, F-541",Hardware Items For Steel Doors &amp; Frames,Building Materials,Various,19726,USD, ,Order
1977,RFQ-1192-V4336,FIRESTOP,30 Oct 2023,RFQ,Cms -.G.,MVL FIRESTOP BLDG MATL TRDG LLC,"Saudi Rockwool Slab Insulation With Unfaced, Thickness: 50 Mm, Density:  64 Kg/m3 X 1.2 M X 0.6 M .",Building Materials,Various,5225.47,AED,Marman I.,Waiting
1978,RFQ-5829-V4355,MACRO,30 Oct 2023,RFQ,Buildact F.L.,"ORD-5829 UAE-123R W912ER22C0026 P-960 Triton Operational Facility, United Arab Emirates",ACI Concrete Transportation Construction Inspector   Training &amp; Certification,Misc.,Various,20632.5,AED,Marman I.,Order
1979,RFQ-5532-M4007,MVL USA JV LLC,30 Oct 2023,RFQ,Evangel I.M.,BIOT-121 N4008421D0082/ N4008421R0079 AEC DB DBB MACC,Batch Spare Part Of DONGFENG Truck Mounted  Crane,Machine / Equipments,Mechanical,1639,USD,Marman I.,Order
1980,RFQ-5532-V40022,MVL USA JV LLC,30 Oct 2023,RFQ,Kelly &.H.,BIOT-121 N4008421D0082/N4008421R0079 AEC DB DBB MACC,Wires,Building Materials,Various,8601,USD,Rahul N.,Order
1981,RFQ-5532-M4006,MACRO,30 Oct 2023,RFQ,Elcometer L.,"PROJECT: BIOT-121.16 N4008422F4476 QC1018 REPAIR BOLLARDS, POL PIER (X-016), DIEGO GARCIA, INDIAN OCEAN.",Elcometer Equipments,Machine / Equipments,Mechanical,10242.75,AED,Marman I.,Order
1982,RFQ-1005-V7142,MACRO,30 Oct 2023,RFQ,Tuv S.M.,"(KSA 126) W912ER21C0014 KHAMIS SIMULATOR FACILITY, KSA","2nd TPI Visit At Vendor &ndash; Petraa, KSA (remote Location) - Above Rate Is Inclusive Of Food, Accommodation, And Transportation.",Building Materials,Various,411.6,USD,Marman I.,Order
1983,Q-1005-M7083,MACRO,30 Oct 2023,IQ,Unicef ,LITB-2023-9186194-Procurement Of Air And Humidity Purifiers For Unicef Offices-Pakistan,LITB-2023-9186194-Procurement Of Air And Humidity Purifiers For Unicef Offices-Pakistan,Mechanical Items,Mechanical,202540,USD, ,Order
1984,Q-1005-L4140,MV LLC,27 Oct 2023,IQ,Usace ,Solicitation:W912ES24Q0005-Supply &amp; Delivery Of Aluminum Hull Boats &amp; Trailer-USACE,Solicitation:W912ES24Q0005-Supply &amp; Delivery Of Aluminum Hull Boats &amp; Trailer-USACE,Transportation,Logistics,214376,USD, ,Waiting
1985,RFQ-1192-V4335,FIRESTOP,27 Oct 2023,RFQ,Fujairah R.F.,MVL FIRESTOP BLDG MATL TRDG LLC,SLAB WITHOUT FACING (SXXX) Density: 160Kg/M3 Thickness: 50mm Size:1.2 MtrX 0.6 Mtr,Building Materials,Various,13173.3,AED,Marman I.,Order
1986,RFQ-1005-E7076,MACRO,27 Oct 2023,RFQ,Tic L.E.,"(KSA 126) W912ER21C0014 KHAMIS SIMULATOR FACILITY, KSA",BACKFLOW PREVENTER - 1 INCH,Electrical,Electrical,1270.03,USD,Lince M.,Order
1987,RFQ-5684-V40002,MVL USA JV LLC,26 Oct 2023,RFQ,Bmet B.M.,"BIOT-121.11 N4008421R0079 - X011 1634252, QP9015 - REPAIR FIRE PROTECTION SYSTEM, FACILITY 917",Gypsum Ceiling &amp; Supports,Building Materials,Various,6214.58,USD,Rahul N.,Order
1988,RFQ-6168-V40021,MVL USA JV LLC,26 Oct 2023,RFQ,Misar T.C.,"BIOT-121.37 N4008423F4277 REPAIRS TO ORDNANCE OPERATIONS, F-541",Hardware For Acoustic Tiles,Building Materials,Various,191.36,AED,Rahul N.,Order
1989,RFQ-6168-V40020,MVL Italy,26 Oct 2023,RFQ,Middle E.S.,"BIOT-121.37 N4008423F4277 REPAIRS TO ORDNANCE OPERATIONS, F-541",XXX,Building Materials,Various,0,AED, ,Waiting
1990,RFQ-1005-V7141,MACRO,26 Oct 2023,RFQ,National F.F.,"(KSA 126) W912ER21C0014 KHAMIS SIMULATOR FACILITY, KSA",SINGLE DOOR FIRE EXTINGUISHER CABINET SURFACED MOUNTED MODEL NUMBER: NF/800 FRC/ S SERIES PAINTED IN RED RAL 3000,Building Materials,Various,19872,SAR, ,Waiting
1991,RFQ-5829-M4000,MACRO,26 Oct 2023,RFQ,Geco E.E.,"ORD-5829 UAE-123R W912ER22C0026 P-960 Triton Operational Facility, United Arab Emirates","TS07 2 INCH R500, TOTAL STATION (AUTO HEIGHT MODULE) AND Leica NA524 Automatic Optical Level With Accessories",Machine / Equipments,Mechanical,52500,AED,Marman I.,Order
1992,RFQ-5829-M4105,MACRO,26 Oct 2023,RFQ,Al T.E.,"ORD-5829 UAE-123R W912ER22C0026 P-960 Triton Operational Facility, United Arab Emirates",Chilled Water Pumps And Pressurization Unit,Mechanical Items,Mechanical,81900,AED,Lince M.,Order
1993,RFQ-6168-V40019,MVL USA JV LLC,25 Oct 2023,RFQ,Faisal J.I.,"BIOT-121.37 N4008423F4277 REPAIRS TO ORDNANCE OPERATIONS, F-541","Diffusers, Registers And Grilles",Building Materials,Various,3528.7,AED, ,Order
1994,Q-1005-S9100,MACRO,25 Oct 2023,IQ,"Unfpa, M.",ITB#UNFPA/MMR/ITB/23/001-Supply &amp; Delivery Of Laptops &amp; Docking Stations-Myanmar,ITB#UNFPA/MMR/ITB/23/001-Supply &amp; Delivery Of Laptops &amp; Docking Stations-Myanmar,Services,Services,144200,USD, ,Waiting
1995,RFQ-5193-E6802,MACRO,25 Oct 2023,RFQ,Aklaniat T.L.,"(KSA 126) W912ER21C0014 KHAMIS SIMULATOR FACILITY, KSA","19 INCH HD CABLE MANAGEMENT 1U, 075 OFR, STAGGERED, BLACK",Electrical,Electrical,362.25,SAR,Marman I.,Order
1996,RFQ-5655-V40005,MVL USA JV LLC,24 Oct 2023,RFQ,Scott &.F.,"BIOT-121.12 N4008422F4366/N4008421R0079 X012 EPROJECT 1575276 REPLACE AC UNITS, UNACCOMPANIED PERSONNEL HOURSING (UPH) 28",Chiller Base,Building Materials,Various,11121,USD,Rahul N.,Order
1997,RFQ-5695-V40003,MVL USA JV LLC,24 Oct 2023,RFQ,Scott &.F.,"BIOT-121.16 N4008422F4476 QC1018 REPAIR BOLLARDS, POL PIER",Chiller Base,Building Materials,Various,11121,USD,Rahul N.,Order
1998,RFQ-1005-V7140,MACRO,24 Oct 2023,RFQ,Saleh Z.A.,"(KSA 126) W912ER21C0014 KHAMIS SIMULATOR FACILITY, KSA",Ball Valve,Building Materials,Various,248.4,SAR,Lince M.,Order
1999,RFQ-1569-O53,MACRO,24 Oct 2023,RFQ,Kyoto T.,MVL Group Office Realtaed POs,DESK DELL Opti 7000 MT Ci7 12700  32GB 1TBSSD 4GB GRAPHICS DOS 1YR  PRO SUPPORT 2 MOTNITORS DELL SE2722H,Computer Peripherals,Office Assets,3929.1,AED,Marman I.,Order
2000,RFQ-1192-V4458,FIRESTOP,24 Oct 2023,RFQ,Smile C.,MVL FIRESTOP BLDG MATERIALS TRDG LLC,"Delivery Note Books A4 Size (21X29.7cm) 1+3ply (W+Y+P+B) 4 Color, Numbering 10 Books Printing",Misc.,Various,603.75,AED,Marman I.,Order
2001,RFQ-1005-V7139,MACRO,23 Oct 2023,RFQ,Gulf I.G.,"(KSA 126) W912ER21C0014 KHAMIS SIMULATOR FACILITY, KSA",Soil (Rip-Rap) Supply,Building Materials,Various,6334.2,SAR,Marman I.,Order
2002,RFQ-5503-V40010,MVL Greece,23 Oct 2023,RFQ,Onenet D.S.,ORD-5503 GRE-121 N6247022C0002 Communication Center - Souda Bay,Static Uninterruptable Power Supply (UPS),Building Materials,Various,388616,EURO,Lince M.,Order
2003,RFQ-6168-V40018A,MVL USA JV LLC,23 Oct 2023,RFQ,France M.,"BIOT-121.37 N4008423F4277 REPAIRS TO ORDNANCE OPERATIONS, F-541",Hardware Items For Steel Doors &amp; Frames,Building Materials,Various,19726,USD, ,Order
2004,RFQ-1005-M7082,MACRO,23 Oct 2023,RFQ,Ali M.A.,"(KSA 126) W912ER21C0014 KHAMIS SIMULATOR FACILITY, KSA",Plumbing Valves,Mechanical Items,Mechanical,2650.75,SAR,Lince M.,Order
2005,RFQ-1005-V7138,MACRO,23 Oct 2023,RFQ,National F.F.,"(KSA 126) W912ER21C0014 KHAMIS SIMULATOR FACILITY, KSA",REPAINTING OF FIRE EXTINGUISHERS CABINET MODEL:NF/800FRC/RA SERIES,Building Materials,Various,3312,SAR,Marman I.,Order
2006,RFQ-1569-O52,MACRO,22 Oct 2023,RFQ,Kyoto T.,MVL Group Office Related POs,COMMERCIAL TV 55 INCHES WITH WALL BRACKET,Computer Peripherals,Office Assets,2184,AED,Marman I.,Order
2007,RFQ-5829-R1502,MACRO,20 Oct 2023,RFQ,New S.O.,"ORD-5829 UAE-123R W912ER22C0026 P-960 Triton Operational Facility, United Arab Emirates",SHARP BP-20C20T SET OF TONERS,Rental,Rental,1475.25,AED,Marman I.,Order
2008,RFQ-6168-V40018,MVL USA JV LLC,20 Oct 2023,RFQ,France M.,"BIOT-121.37 N4008423F4277 REPAIRS TO ORDNANCE OPERATIONS, F-541",Hardware Items For Steel Doors &amp; Frames,Building Materials,Various,2232,USD, ,Order
2009,Q-1005-L4139,MACRO,20 Oct 2023,IQ,Internation T.C.,"RFQ#2200260091-Supply Of 3nos Of 4x4 Vehcile-Banjul, Gambia","RFQ#2200260091-Supply Of 3nos Of 4x4 Vehcile-Banjul, Gambia",Transportation,Logistics,188091,USD, ,Waiting
2010,RFQ-6168-V40016,MVL USA JV LLC,20 Oct 2023,RFQ,Scott &.F.,"BIOT-121.37 N4008423F4277 REPAIRS TO ORDNANCE OPERATIONS, F-541",Roof Fall Protection,Building Materials,Various,3984.38,USD,Rahul N.,Order
2011,Q-4814-V4363,MVL Qatar,19 Oct 2023,IQ,Lakshmi M.T.,TRLC,TRLC Project Materials,Misc.,Various,3023,QAR, ,Order
2012,Q-4814-V4362,MVL Qatar,19 Oct 2023,IQ,Lakshmi M.T.,,TPI Done,Misc.,Various,5750,AED, ,Order
2013,Q-1005-L4138,MV LLC,19 Oct 2023,IQ,Iom -.U.,"RFQ-MD068-23-Supply Of Petrol Vehicles-IOM, Moldova","RFQ-MD068-23-Supply Of Petrol Vehicles-IOM, Moldova",Transportation,Logistics,167902,USD, ,Waiting
2014,RFQ-1192-F12604,FIRESTOP,19 Oct 2023,RFQ,International C.T.,MVL Firestop Bldg Material Trdg LLC,Order No. INCA-20231019-12,Firestop/ DC 315,Fire,57368,USD,Marman I.,Order
2015,RFQ-5683-V40012A,MVL USA JV LLC,19 Oct 2023,RFQ,Dateline E.I.,"BIOT-121.10 N4008422F4478 / N4008421R0079 X010 CONSTRUCT STORAGE ROOM &amp; RENOVATE BREAKROOMS, F-937 &amp; F-938",Manufactured Wood Casework,Building Materials,Various,12245.99,USD,Rahul N.,Order
2016,RFQ-6168-E6800,MVL USA JV LLC,18 Oct 2023,RFQ,Tic L.E.,"BIOT-121.37 N4008423F4277 REPAIRS TO ORDNANCE OPERATIONS, F-541",Water Heater,Electrical,Electrical,705.04,USD, ,Order
2017,RFQ-6408-M4101,MACRO,18 Oct 2023,RFQ,Century M.S.,"X041 N4008423F4520 REPLACE SPLIT TYPE AC UNITS, UPH2, US Navy Support Facility DIEGO GARCIA, B.I.O.T","Supply Of Air Diffusers, Registers &amp; Grilles, Fire Damper",Mechanical Items,Mechanical,3396.12,AED, ,Order
2018,RFQ-5829-V40006,MACRO,18 Oct 2023,RFQ,Geco E.E.,"ORD-5829 UAE-123R W912ER22C0026 P-960 Triton Operational Facility, United Arab Emirates","Leica Flexline Manual Total Station - TS07 2 Inch, R500",Building Materials,Various,51460.5,AED,Marman I.,Waiting
2019,RFQ-6168-V40015,MACRO,17 Oct 2023,RFQ,Roma E.(.,"BIOT-121.37 N4008423F4277 REPAIRS TO ORDNANCE OPERATIONS, F-541",Steel Wire Rope For Acoustic Ceilings,Building Materials,Various,2811.38,AED,Rahul N.,Order
2020,RFQ-1569-O51,MACRO,17 Oct 2023,RFQ,Kyoto T.,MVL Group Office Related POs,2 DESKTOP AND 4 MONITORS,Computer Peripherals,Office Assets,7858.2,AED,Marman I.,Order
2021,RFQ-5193-V40008,MACRO,13 Oct 2023,RFQ,National F.F.,"(KSA 126) W912ER21C0014 KHAMIS SIMULATOR FACILITY, KSA",STEEL DOORS WITH FRAMES,Building Materials,Various,7992.94,USD,Lince M.,Order
2022,Q-1005-M4038,MV LLC,13 Oct 2023,IQ,Department O.A.,"Solicitation#FA822723R1118-Supply Of Heavy Duty Trailer - Tilt Trailer - Minot AFB , ND","Solicitation#FA822723R1118-Supply Of Heavy Duty Trailer - Tilt Trailer - Minot AFB , ND",Machine / Equipments,Mechanical,64800,USD, ,Waiting
2023,RFQ-6168-V40013,MVL USA JV LLC,12 Oct 2023,RFQ,Bmet B.M.,"BIOT-121.37 N4008423F4277 REPAIRS TO ORDNANCE OPERATIONS, F-541",Acoustic Tiles &amp; Supports,Building Materials,Various,38600.96,AED,Rahul N.,Order
2024,RFQ-1005-V7136,MACRO,12 Oct 2023,RFQ,Al S.I.,"(KSA 126) W912ER21C0014 KHAMIS SIMULATOR FACILITY, KSA",Wet Sprinkler System - QN202300624-R03-MVL,Building Materials,Various,51896.05,SAR,Marman I.,Order
2025,RFQ-6408-V40001,MACRO,12 Oct 2023,RFQ,Prime A.I.,"BIOT-121.41 N4008423F4520 REPLACE SPLIT-TYPE A/C UNITS, UPH 2, DIEGO GARCIA, BIOT",Volume Dampers,Building Materials,Various,253.89,AED, ,Order
2026,RFQ-6408-V40000,MACRO,12 Oct 2023,RFQ,Kinetics M.E.,"BIOT-121.41 N4008423F4520 REPLACE SPLIT-TYPE A/C UNITS, UPH 2, DIEGO GARCIA, BIOT","Vibration Rubber Pad , Size 125mm X 125mm X 12mm",Building Materials,Various,330.75,AED, ,Order
2027,RFQ-1005-V7135,MACRO,12 Oct 2023,RFQ,Isam K.&.,"(KSA 126) W912ER21C0014 KHAMIS SIMULATOR FACILITY, KSA",CABLE TRAY ACCESSORIES,Building Materials,Various,9222.74,SAR,Marman I.,Order
2028,Q-1005-M4037,MACRO,12 Oct 2023,IQ,International O.f.,RFQ#NG30-23-0869-Supply Of Gym Equipment For IOM,RFQ#NG30-23-0869-Supply Of Gym Equipment For IOM,Machine / Equipments,Mechanical,42601.8,USD, ,Waiting
2029,RFQ-1005-V7134,MACRO,12 Oct 2023,RFQ,Al D.B.,"(KSA 126) W912ER21C0014 KHAMIS SIMULATOR FACILITY, KSA",FIRE RETARDANT PLYWOOD 4X8X18MM - PYROGUARD,Building Materials,Various,24192,AED,Marman I.,Order
2030,RFQ-5213-S9103,MACRO,11 Oct 2023,RFQ,Gandhi A.P.,(KSA 127) W912ER21C0015 AL KHARJ WAREHOUSE,Al Kharj - Spare Parts For Loading Dock Leveler,Subcontract,Services,345,USD,Marman I.,Order
2031,RFQ-1005-V7133,MACRO,10 Oct 2023,RFQ,Jeraisy R.H.,"(KSA 126) W912ER21C0014 KHAMIS SIMULATOR FACILITY, KSA",Supply And Installation Of Furniture At MVL Project Khamis Mushait,Building Materials,Various,255234.45,SAR,Marman I.,Order
2032,Q-1005-E7075,MV LLC,10 Oct 2023,IQ,Unicef ,Supply &amp; Delivery Of Voltage Stabilizer-LITB-2023-9185588-Zimbabwe,Supply &amp; Delivery Of Voltage Stabilizer-LITB-2023-9185588-Zimbabwe,Electrical,Electrical,0,USD, ,Waiting
2033,RFQ-4814-A5207A,MACRO,09 Oct 2023,RFQ,Vulcan I.L.,(QTR 193)  W912ER21C0005 - USACE TRANS REGIONAL LOGISTICS COMPLEX (TRLC),Supply And Delivery Of Master Key System &amp; Key Cabinet,Doors,Architectural,27273.75,AED,Marman I.,Order
2034,RFQ-1005-E7074,MACRO,09 Oct 2023,RFQ,Electric h.,"(KSA 126) W912ER21C0014 KHAMIS SIMULATOR FACILITY, KSA","CONDUIT RIGID STEEL, CONNECTOR RGD COMPR. STEEL, And CHANNEL CLAMP RGD AS PER ATTACHED QUOTATION",Electrical,Electrical,19447.21,SAR, ,Order
2035,Q-1005-T6954,MACRO,08 Oct 2023,IQ,"U.s. E.,.",Supply Of Water Distiller Parts-Solicitation No : 19GH1023Q0055-U.S. Embassy ACCRA,Supply Of Water Distiller Parts-Solicitation No : 19GH1023Q0055-U.S. Embassy ACCRA,Tools,Tools,124572.4,USD, ,Waiting
2036,RFQ-5657-A5201,MVL USA JV LLC,06 Oct 2023,RFQ,Lakshmi M.T.,"BIOT-121.17 N4008422F4422 X017 1638204, QF9006 &amp;ndash; REPAIRS TO SEWAGE LIFT STATIONS",Aluminum Flush Door,Doors,Architectural,10800,AED,Rahul N.,Order
2037,RFQ-5683-A5202,MVL USA JV LLC,06 Oct 2023,RFQ,Lakshmi M.T.,"BIOT-121.10 N4008422F4478 / N4008421R0079 X010 CONSTRUCT STORAGE ROOM &amp;amp; RENOVATE BREAKROOMS, F-937 &amp;amp; F-938",Steel Sliding Windows,Doors,Architectural,60800,AED,Rahul N.,Order
2038,Q-5683-V40011,MVL USA JV LLC,06 Oct 2023,IQ,Lakshmi M.T.,,Steel Sliding Windows,Building Materials,Various,91200,AED, ,Waiting
2039,RFQ-5683-V40010,MACRO,06 Oct 2023,RFQ,Roma E.(.,"BIOT-121.10 N4008422F4478 / N4008421R0079 X010 CONSTRUCT STORAGE ROOM &amp; RENOVATE BREAKROOMS, F-937 &amp; F-938",Galv. Wire Rope Hanger For Acoustic Tiles Suspension,Building Materials,Various,1428,AED,Rahul N.,Order
2040,Q-1005-L4137,MV LLC,05 Oct 2023,IQ,Winrock I.,Supply Of 4x4 Vehicles-USAID Upper Lempa Watershed Project-RFQ:10003-23-006,Supply Of 4x4 Vehicles-USAID Upper Lempa Watershed Project-RFQ:10003-23-006,Transportation,Logistics,126353,USD, ,Waiting
2041,RFQ-5532-O1,MACRO,05 Oct 2023,RFQ,Kaspertech G.T.,BIOT-121 N4008421D0082/N4008421R0079 AEC DB DBB MACC,LAP LENOVO I7 - Raghu Bandari- Safety Manager,Computer Peripherals,Office Assets,3200,AED,Marman I.,Order
2042,RFQ-1005-F7062,MACRO,05 Oct 2023,RFQ,Mvl F.B.,"(KSA 126) W912ER21C0014 KHAMIS SIMULATOR FACILITY, KSA",Supply And Application Of DC333 Intumescent Fireproof Paint,Firestop/ DC 315,Fire,16800,AED,Marman I.,Order
2043,Q-1005-V7131,MACRO,05 Oct 2023,IQ,"U.s. E.,.",Solicitation#19GH1023Q0054-Supply Of Painting Items-U.S. Embassy ACCRA,Solicitation#19GH1023Q0054-Supply Of Painting Items-U.S. Embassy ACCRA,Building Materials,Various,41532,USD, ,Waiting
2044,RFQ-1005-V7130,MACRO,05 Oct 2023,RFQ,Al D.B.,"(KSA 126) W912ER21C0014 KHAMIS SIMULATOR FACILITY, KSA",FIRE RETARDANT PLYWOOD 4X8X18MM - PYROGUARD,Building Materials,Various,24192,AED,Marman I.,Waiting
2045,RFQ-1005-V7129,MACRO,05 Oct 2023,RFQ,Tuv S.M.,"(KSA 126) W912ER21C0014 KHAMIS SIMULATOR FACILITY, KSA","TPI Visit At Vendor &ndash; Petraa, KSA (remote Location) - Above Rate Is Inclusive Of Food, Accommodation, And Transportation.",Building Materials,Various,411.6,USD,Marman I.,Order
2046,RFQ-1005-E7073,MACRO,05 Oct 2023,RFQ,Electric h.,"(KSA 126) W912ER21C0014 KHAMIS SIMULATOR FACILITY, KSA",LV Cables (BAHRA - As Per Attached Data Sheet),Electrical,Electrical,38669.96,SAR,Marman I.,Order
2047,RFQ-1005-V7128,MACRO,05 Oct 2023,RFQ,Wissam A.K.,"(KSA 126) W912ER21C0014 KHAMIS SIMULATOR FACILITY, KSA","SUPPLY, DELIVERY AND INSTALLATION OF KIT CLADDING BRIGHT WHITE",Building Materials,Various,9458.75,SAR,Marman I.,Order
2048,RFQ-1005-V7127,MACRO,04 Oct 2023,RFQ,Gulf S.S.,"(KSA 126) W912ER21C0014 KHAMIS SIMULATOR FACILITY, KSA","Switches, Sockets,Disconnect Switches",Building Materials,Various,45121.6,SAR,Lince M.,Order
2049,RFQ-5532-V4362A,MACRO,04 Oct 2023,RFQ,Sher A.S.,BIOT-121 N4008421D0082/N4008421R0079 AEC DB DBB MACC,"Scaffolding Material To X019,X037 &amp; X049",Misc.,Various,37255.57,AED,Vinith B.,Order
2050,RFQ-1005-A6940,MACRO,04 Oct 2023,RFQ,Al G.C.,"(KSA 126) W912ER21C0014 KHAMIS SIMULATOR FACILITY, KSA",Toilet Accessories,Sanitary and Toilet Accessories,Architectural,20848.35,SAR,Lince M.,Order
2051,RFQ-5532-V4362,MACRO,04 Oct 2023,RFQ,Sher A.S.,BIOT-121 N4008421D0082/N4008421R0079 AEC DB DBB MACC,"Scaffolding Material To X019,X037 &amp; X049",Misc.,Various,37255.57,AED, ,Order
2052,RFQ-5532-V40021,MACRO,03 Oct 2023,RFQ,Servetech M.E.,BIOT-121 N4008421D0082/N4008421R0079 AEC DB DBB MACC,Plumbing Materials For Moody MVL Office And Clinic,Building Materials,Various,1843.75,AED,Rahul N.,Order
2053,RFQ-5532-V40020,MACRO,03 Oct 2023,RFQ,Cresco M.E.,BIOT-121 N4008421D0082/N4008421R0079 AEC DB DBB MACC,Plumbing Materials For Moody MVL Office And Clinic,Building Materials,Various,1358.17,AED,Rahul N.,Order
2054,RFQ-5532-V4361,MACRO,03 Oct 2023,RFQ,Sher A.S.,BIOT-121 N4008421D0082/N4008421R0079 AEC DB DBB MACC,Supply Of Scaffolding Material,Misc.,Various,1.05,AED,Vinith B.,Waiting
2055,RFQ-1005-V7126,MACRO,03 Oct 2023,RFQ,Saudicast- T.I.,"(KSA 126) W912ER21C0014 KHAMIS SIMULATOR FACILITY, KSA",Telecommunication Manhole Cover,Building Materials,Various,9362.73,SAR,Lince M.,Order
2056,RFQ-5829-M4103A,MACRO,03 Oct 2023,RFQ,Leminar A.C.,"ORD-5829 UAE-123R W912ER22C0026 P-960 Triton Operational Facility, United Arab Emirates",Static Uninterruptable Power Supply (UPS),Mechanical Items,Mechanical,138915,AED,Lince M.,Order
2057,RFQ-5695-E6800,MVL USA JV LLC,03 Oct 2023,RFQ,Tic L.E.,"BIOT-121.16 N4008422F4476 QC1018 REPAIR BOLLARDS, POL PIER",29mm Rebars,Electrical,Electrical,19392.75,USD,Rahul N.,Order
2058,RFQ-5532-V40019,MVL USA JV LLC,02 Oct 2023,RFQ,Extol I.T.,BIOT-121 N4008421D0082/N4008421R0079 AEC DB DBB MACC,Electrical Materials For Moody Office And Camp,Building Materials,Various,70768.6,AED,Rahul N.,Order
2059,RFQ-1192-V4457,FIRESTOP,02 Oct 2023,RFQ,Grand S.C.,MVL FIRESTOP BLDG MATL TRDG LLC,FS  STATIONARY REQUIREMENTS 2102023,Misc.,Various,308.18,AED,Marman I.,Order
2060,RFQ-1005-A5307,MACRO,02 Oct 2023,RFQ,Jazeera P.,"(KSA 126) W912ER21C0014 KHAMIS SIMULATOR FACILITY, KSA",Jazeera Cool Roof,Paints,Architectural,24270.75,SAR,Marman I.,Order
2061,RFQ-1005-M7081,MACRO,02 Oct 2023,RFQ,Diversified L.F.,"(KSA 126) W912ER21C0014 KHAMIS SIMULATOR FACILITY, KSA",Mechanical Sleeves,Mechanical Items,Mechanical,34900.2,SAR,Lince M.,Order
2062,Q-1005-E7072,MV LLC,02 Oct 2023,IQ,"U.s. E.,.",Supply Of Transformers-PR12017778-US Embassy Uganda,Supply Of Transformers-PR12017778-US Embassy Uganda,Electrical,Electrical,218600,USD, ,Waiting
2063,RFQ-1005-V7125,MACRO,02 Oct 2023,RFQ,Al S.I.,"(KSA 126) W912ER21C0014 KHAMIS SIMULATOR FACILITY, KSA",FIRE ALARM SYSTEM (QN202300623-R02),Building Materials,Various,161649.75,SAR,Marman I.,Order
2064,RFQ-1005-V7124,MACRO,02 Oct 2023,RFQ,Al S.I.,"(KSA 126) W912ER21C0014 KHAMIS SIMULATOR FACILITY, KSA",FM200 And Pre-Action Systems (QN202300621-RO2),Building Materials,Various,343850,SAR,Marman I.,Order
2065,RFQ-1005-V7123,MACRO,02 Oct 2023,RFQ,Al S.I.,"(KSA 126) W912ER21C0014 KHAMIS SIMULATOR FACILITY, KSA",BALANCE FIRE ALARM MATERIALS (QN202300648-R01),Building Materials,Various,8050,SAR,Marman I.,Order
2066,RFQ-5532-M4005,MACRO,28 Sep 2023,RFQ,Falcon G.L.,BIOT-121 N4008421D0082/N4008421R0079 AEC DB DBB MACC,ACI Material Requirements - Equipments,Machine / Equipments,Mechanical,6809.25,AED,Marman I.,Order
2067,RFQ-6424-E6800,MVL USA JV LLC,25 Sep 2023,RFQ,Cooper C.L.,"BIOT-121.46 X046 EPROJECT 1641181, QF9010 &amp;ndash; REPAIR TAXIWAY LIGHTING SYSTEM AFL, F-200051, NSF, DG",EDGE LIGHTS &amp; SPARES,Electrical,Electrical,600190.62,USD,Rahul N.,Order
2068,RFQ-1005-V7122,MACRO,21 Sep 2023,RFQ,Gulf S.S.,"(KSA 126) W912ER21C0014 KHAMIS SIMULATOR FACILITY, KSA",Bonding Ribbon,Building Materials,Various,11614.86,SAR,Lince M.,Order
2069,RFQ-5532-V40018,MACRO,21 Sep 2023,RFQ,Cresco M.E.,BIOT-121 N4008421D0082/N4008421R0079 AEC DB DBB MACC,CPVC Pipes,Building Materials,Various,2289.17,AED, ,Order
2070,RFQ-1005-E7071,MACRO,21 Sep 2023,RFQ,Tic L.E.,"(KSA 126) W912ER21C0014 KHAMIS SIMULATOR FACILITY, KSA",Back Flow Preventer,Electrical,Electrical,2151.69,USD,Lince M.,Order
2071,RFQ-5657-V40009,MACRO,21 Sep 2023,RFQ,Tuv S.M.,"BIOT-121.17 N4008422F4422 X017 1638204, QF9006 &ndash; REPAIRS TO SEWAGE LIFT STATIONS",THIRD PARTY INSPECTION OF PUMPS,Building Materials,Various,970.2,USD,Rahul N.,Order
2072,RFQ-1192-V4334,FIRESTOP,21 Sep 2023,RFQ,Cms -.G.,MVL FIRESTOP BLDG MATL TRDG LLC,"SAUDI ROCKWOOL SLAB INSULATION UNFACED THICKNESS-50MM , DENSITY : 64KG/M3 1.2 X 0.6M",Building Materials,Various,2612.74,AED,Marman I.,Order
2073,RFQ-5532-M4101,MACRO,20 Sep 2023,RFQ,Teko G.T.,BIOT-121 N4008421D0082/N4008421R0079 AEC DB DBB MACC,"MAXX-SPAC 12MB 110V , 12000  BTU, 1.0 Ton Capacity SplitType Air  Conditioner",Mechanical Items,Mechanical,22082.1,AED,Marman I.,Order
2074,RFQ-5695-V40002,MVL USA JV LLC,19 Sep 2023,RFQ,White C.S.,"BIOT-121.16 N4008422F4476 QC1018 REPAIR BOLLARDS, POL PIER",Rebar Couplers,Building Materials,Various,31548.2,USD,Rahul N.,Order
2075,RFQ-1005-V7121,MACRO,19 Sep 2023,RFQ,Gulf S.S.,"(KSA 126) W912ER21C0014 KHAMIS SIMULATOR FACILITY, KSA",Various Electrical Materials,Building Materials,Various,38196.95,SAR,Lince M.,Order
2076,RFQ-5657-V40008,MVL USA JV LLC,19 Sep 2023,RFQ,Tuv S.M.,"BIOT-121.17 N4008422F4422 X017 1638204, QF9006 &ndash; REPAIRS TO SEWAGE LIFT STATIONS",THIRD PARTY INSPECTION OF PUMPS,Building Materials,Various,924,USD,Rahul N.,Order
2077,Q-1005-T6953,MACRO,19 Sep 2023,IQ,Usaid U.,Solicitation#72012123R00014-Supply Of Survival Backpack Items,Solicitation#72012123R00014-Supply Of Survival Backpack Items,Tools,Tools,0,USD, ,Waiting
2078,RFQ-5829-O3,MACRO,19 Sep 2023,RFQ,Kaspertech G.T.,"ORD-5829 UAE-123R W912ER22C0026 P-960 Triton Operational Facility, United Arab Emirates",1 UNIT OF DESKTOP AND 2 27 INCH MONITORS,Computer Peripherals,Office Assets,3885,AED,Marman I.,Order
2079,Q-1005-V7120,MACRO,19 Sep 2023,IQ,Usaid S.S.,REQ-72066823Q00119-Procurment Of Recumbent Exercise Bikes,REQ-72066823Q00119-Procurment Of Recumbent Exercise Bikes,Building Materials,Various,16644,USD, ,Waiting
2080,Q-1005-L4136,MACRO,18 Sep 2023,IQ,Us E.-.,Supply &amp; Delivery Of Two Full Size Four-Wheel Drive  Vehicles.RFQ-19QA1022Q0049,Supply &amp; Delivery Of Two Full Size Four-Wheel Drive  Vehicles.RFQ-19QA1022Q0049,Transportation,Logistics,472340,USD, ,Waiting
2081,Q-1005-L4135,MACRO,18 Sep 2023,IQ,American E.N.,PR11947343-Supply &amp; Delivery Of Service Parts Order ICASS-Nairobi,PR11947343-Supply &amp; Delivery Of Service Parts Order ICASS-Nairobi,Transportation,Logistics,21293.05,USD, ,Waiting
2082,RFQ-1428-V4355,MACRO,18 Sep 2023,RFQ,Krossover G.T.,ORD-1428 MW-OCS,MW-OCS GIVEAWAYS 9-2023,Misc.,Various,2835,AED,Marman I.,Order
2083,RFQ-5532-M4004,MVL USA JV LLC,18 Sep 2023,RFQ,Evangel I.M.,BIOT-121 N4008421D0082/N4008421R0079 AEC DB DBB MACC,Oil Filter For 9m  Lighting Vehicle  4TN4000,Machine / Equipments,Mechanical,93,USD,Marman I.,Order
2084,Q-1005-L4134,MACRO,15 Sep 2023,IQ,Us E.-.,RFQ-19QA1023Q0048-Supply &amp; Delivery - 3 Ton Forklift With Diesel Engine-Qatar,RFQ-19QA1023Q0048-Supply &amp; Delivery - 3 Ton Forklift With Diesel Engine-Qatar,Transportation,Logistics,97180,QAR, ,Waiting
2085,Q-1005-L4133,MACRO,15 Sep 2023,IQ,Us E.-.,Supply &amp; Delivery Of Two Full Size Four-Wheel Drive  Vehicles.RFQ-19QA1022Q0042,Supply &amp; Delivery Of Two Full Size Four-Wheel Drive  Vehicles.RFQ-19QA1022Q0042,Transportation,Logistics,699886,QAR, ,Waiting
2086,Q-1005-E7070,MACRO,15 Sep 2023,IQ,502nd C.S.,Supply &amp; Delivery Of Guardian Angel Lights-RFQ-FA3016-23-U-0335,Supply &amp; Delivery Of Guardian Angel Lights-RFQ-FA3016-23-U-0335,Electrical,Electrical,106335,USD, ,Waiting
2087,Q-1005-V7119,MACRO,15 Sep 2023,IQ,"U.s. E.,.","PR11967469-Supply Of Tools- U.S. Embassy Abuja, Nigeria","PR11967469-Supply Of Tools- U.S. Embassy Abuja, Nigeria",Building Materials,Various,20027.4,USD, ,Waiting
2088,Q-1005-E7069,MACRO,15 Sep 2023,IQ,U.s. C.G.,Supply Of Transformers For The U.S. Consulate General Chennai - PR11912544,Supply Of Transformers For The U.S. Consulate General Chennai - PR11912544,Electrical,Electrical,13168.8,USD, ,Waiting
2089,RFQ-6168-V40012,MACRO,14 Sep 2023,RFQ,Prime A.I.,"BIOT-121.37 N4008423F4277 REPAIRS TO ORDNANCE OPERATIONS, F-541",Manual Volume Dampers,Building Materials,Various,3465,AED,Rahul N.,Order
2090,Q-1005-M7080,MACRO,13 Sep 2023,IQ,"U.s. E.,.",Supply &amp; Delivery Of BLUEAIR PARTICLE FILTER 500/600 SERIES,Supply &amp; Delivery Of BLUEAIR PARTICLE FILTER 500/600 SERIES,Mechanical Items,Mechanical,87000,USD, ,Waiting
2091,Q-1005-V7118,MACRO,12 Sep 2023,IQ,American E.N.,"Supply Of Acoustic Ceiling Tiles-Nairobi, Kenya","Supply Of Acoustic Ceiling Tiles-Nairobi, Kenya",Building Materials,Various,28672.2,USD,Shinso M.,Waiting
2092,RFQ-5503-V40008A,MVL Greece,12 Sep 2023,RFQ,Zarifopoulos S.,ORD-5503 GRE-121 N6247022C0002 Communication Center - Souda Bay,Clean Agent Components,Building Materials,Various,88698.69,EURO,Lince M.,Order
2093,RFQ-1005-V7111A,MACRO,11 Sep 2023,RFQ,Bitumat C.L.,"(KSA 126) W912ER21C0014 KHAMIS SIMULATOR FACILITY, KSA",Granule Bitumen,Building Materials,Various,43191.7,SAR,Lince M.,Order
2094,RFQ-1192-V4333,FIRESTOP,11 Sep 2023,RFQ,Fujairah R.F.,MVL FIRESTOP BLDG MATL TRDG LLC,Rockwool SLAB WITHOUT FACING (SXXX) Density: 160Kg/M3 Thickness: 50mm Size:1200 X 600 X 50 Mm - 500 Sheets/360 Sqm,Building Materials,Various,13173.3,SAR,Marman I.,Order
2095,RFQ-1005-M7079,MACRO,11 Sep 2023,RFQ,Abeer M.A.,"(KSA 126) W912ER21C0014 KHAMIS SIMULATOR FACILITY, KSA",Duct Supporting Angles,Mechanical Items,Mechanical,13373.29,SAR,Lince M.,Order
2096,RFQ-1005-V7117,MACRO,08 Sep 2023,RFQ,Gulf I.G.,"(KSA 126) W912ER21C0014 KHAMIS SIMULATOR FACILITY, KSA",Bedding Sand Material,Building Materials,Various,14720,SAR,Lince M.,Order
2097,RFQ-1005-V7116,MACRO,08 Sep 2023,RFQ,Al-wasat A.B.,"(KSA 126) W912ER21C0014 KHAMIS SIMULATOR FACILITY, KSA",HDPE Sheets 12.5 Mm Thick,Building Materials,Various,21648.75,SAR,Marman I.,Order
2098,RFQ-6168-V40011,MACRO,07 Sep 2023,RFQ,Bin D.G.,"BIOT-121.37 N4008423F4277 REPAIRS TO ORDNANCE OPERATIONS, F-541",Foam Insulation For Plumbing Pipes,Building Materials,Various,90.89,AED,Rahul N.,Order
2099,RFQ-6168-V40010,MACRO,07 Sep 2023,RFQ,Dutco T.L.,"BIOT-121.37 N4008423F4277 REPAIRS TO ORDNANCE OPERATIONS, F-541",Water Hammer Arrestor,Building Materials,Various,189,AED,Rahul N.,Order
2100,Q-1005-M4036,MACRO,07 Sep 2023,IQ,U.s. E.A.,"PR11886226-Supply &amp; Delivery Of High Roof Cargo Van-US Embassy, Addis Ababa","PR11886226-Supply &amp; Delivery Of High Roof Cargo Van-US Embassy, Addis Ababa",Machine / Equipments,Mechanical,262350,USD, ,Waiting
2101,RFQ-1005-V7115,MACRO,06 Sep 2023,RFQ,Tuv S.M.,(KSA 127) W912ER21C0015 AL KHARJ WAREHOUSE,Third Party Inspection - Steel Doors &amp; Hardwares &ndash; Al Kharj KSA 127 &ndash; NAFFCO &ndash; (5213-V40016-1 &amp; Remaining Hardware&rsquo;s Of Order No : 5213-V40012-1),Building Materials,Various,1260,AED, ,Order
2102,RFQ-1005-V7114,MACRO,06 Sep 2023,RFQ,Tuv S.M.,"(KSA 126) W912ER21C0014 KHAMIS SIMULATOR FACILITY, KSA",Third Party Inspection  - AMD Wooden Doors &ndash; Khamis KSA 126  - Location SAIF Zone (5193-A5204-1),Building Materials,Various,1050,AED, ,Order
2103,RFQ-1005-M7078,MACRO,06 Sep 2023,RFQ,Joint G.B.,"(KSA 126) W912ER21C0014 KHAMIS SIMULATOR FACILITY, KSA",Chiller Rubber Pads,Mechanical Items,Mechanical,448.5,SAR,Lince M.,Order
2104,RFQ-1005-V7113,MACRO,05 Sep 2023,RFQ,Aamtac C.L.,"(KSA 126) W912ER21C0014 KHAMIS SIMULATOR FACILITY, KSA",Abrasive Noise,Building Materials,Various,36029.5,SAR,Lince M.,Order
2105,RFQ-1192-V4456,FIRESTOP,05 Sep 2023,RFQ,Grand S.C.,MVL FIRESTOP BLDG MATL TRDG LLC,STATIONERY SUPPLIES - 5/9/2023,Misc.,Various,1968.49,AED, ,Order
2106,RFQ-1005-V7112,MACRO,05 Sep 2023,RFQ,Aamtac C.L.,"(KSA 126) W912ER21C0014 KHAMIS SIMULATOR FACILITY, KSA",Wall Protection &amp; Ceiling Expansion Joints,Building Materials,Various,85571.5,SAR,Lince M.,Order
2107,RFQ-5581-V40009,MACRO,04 Sep 2023,RFQ,Rak M.E.,"BIOT-121.02 N4008421R0001-X004, EProject 1701534 REPLACE FSS FIRE PROTECTION FOAM SYSTEM FROM F-410 TO TANK 1-11",PVC Coated Tie Wires,Building Materials,Various,4777.5,AED, ,Order
2108,RFQ-5581-V40008,MVL USA JV LLC,04 Sep 2023,RFQ,Arrow P.&.,"BIOT-121.02 N4008421R0001-X004, EProject 1701534 REPLACE FSS FIRE PROTECTION FOAM SYSTEM FROM F-410 TO TANK 1-11",GI Pipes,Building Materials,Various,124770,AED, ,Order
2109,RFQ-6168-V40008A,MACRO,04 Sep 2023,RFQ,Faisal J.I.,"BIOT-121.37 N4008423F4277 REPAIRS TO ORDNANCE OPERATIONS, F-541","Diffusers, Registers, And Grilles",Building Materials,Various,3307.5,AED, ,Order
2110,RFQ-6168-V40009,MACRO,01 Sep 2023,RFQ,Firmac I.L.,"BIOT-121.37 N4008423F4277 REPAIRS TO ORDNANCE OPERATIONS, F-541",HVAC Duct Work,Building Materials,Various,14545.44,AED, ,Order
2111,RFQ-5695-V40001,MVL USA JV LLC,31 Aug 2023,RFQ,Dateline E.I.,,Rebar,Building Materials,Various,0,USD,Rahul N.,Waiting
2112,RFQ-6168-V40006,MVL USA JV LLC,31 Aug 2023,RFQ,Firmac I.L.,"BIOT-121.37 N4008423F4277 REPAIRS TO ORDNANCE OPERATIONS, F-541",HVAC Duct Work,Building Materials,Various,14545.44,AED,Rahul N.,Order
2113,RFQ-5532-V40017,MVL USA JV LLC,31 Aug 2023,RFQ,Kelly &.H.,BIOT-121 N4008421D0082/N4008421R0079 AEC DB DBB MACC,Addiitonal Electrical Materials For Mancamp,Building Materials,Various,17111,USD, ,Order
2114,RFQ-1005-V7110,MACRO,31 Aug 2023,RFQ,Tuv S.M.,"(KSA 126) W912ER21C0014 KHAMIS SIMULATOR FACILITY, KSA /  (KSA 127) W912ER21C0015 AL KHARJ WAREHOUSE",Inspection Of Aluminum Windows (KSA 126 AND KSA 127),Building Materials,Various,2100,AED, ,Order
2115,RFQ-5503-V40009,MVL Greece,31 Aug 2023,RFQ,I.g.karakatsanis &.C.,ORD-5503 GRE-121 N6247022C0002 Communication Center - Souda Bay,CRAHU,Building Materials,Various,229958,EURO,Lince M.,Order
2116,RFQ-5581-V40006,MVL USA JV LLC,30 Aug 2023,RFQ,App M.,"BIOT-121.02 N4008421R0001-X004, EProject 1701534 REPLACE FSS FIRE PROTECTION FOAM SYSTEM FROM F-410 TO TANK 1-11",Hardware For FPFS,Building Materials,Various,291481.66,USD, ,Order
2117,RFQ-1569-O50,MACRO,30 Aug 2023,RFQ,Kaspertech G.T.,MVL GROUP OFFICE RELATED POS,"LAP LENOVO I7 - LenovoThinkpad E15 Core I7-1255U, 16GB Ram, 1TB SSD ,15.FHD IPS Iris XE ,Windows 11",Computer Peripherals,Office Assets,3100,AED, ,Order
2118,RFQ-5829-S9052,MACRO,29 Aug 2023,RFQ,Alwhda A.T.,"ORD-5829 UAE-123R W912ER22C0026 P-960 Triton Operational Facility, United Arab Emirates",SWEET WATER AND MAINTENANCE OF SEWERAGE,LSA - Life Support Area,Services,6510,AED, ,Order
2119,RFQ-5626-V40002,MVL USA JV LLC,28 Aug 2023,RFQ,Scott &.F.,BIOT-121.08 N4008421R0001 - X008 EPROJECT 1380796 QF2132 - UPGRADE Q-WELLS RAW WATER LINE SYSTEM,Materials Delivered Against SJC POs,Building Materials,Various,78691.1,USD,Rahul N.,Order
2120,RFQ-5683-V40009A,MVL USA JV LLC,28 Aug 2023,RFQ,Bmet B.M.,"BIOT-121.10 N4008422F4478 / N4008421R0079 X010 CONSTRUCT STORAGE ROOM &amp;amp; RENOVATE BREAKROOMS, F-937 &amp; F-938",Drywall Gypsum Partition Materials,Building Materials,Various,140347.8,AED,Rahul N.,Order
2121,RFQ-5829-M4102,MACRO,28 Aug 2023,RFQ,Uts C.L.,"ORD-5829 UAE-123R W912ER22C0026 P-960 Triton Operational Facility, United Arab Emirates",AIR COOLED CHILLER - FRANCE - AS PER ATTACHED APPROVED SUBMITTAL,Mechanical Items,Mechanical,1359750,AED, ,Order
2122,RFQ-5503-E6800,MVL Greece,25 Aug 2023,RFQ,Gravani L.,ORD-5503 GRE-121 N6247022C0002 Communication Center - Souda Bay,EXTERIOR LIGHTING,Electrical,Electrical,48756.8,EURO,Lince M.,Order
2123,RFQ-1569-O49,MACRO,25 Aug 2023,RFQ,Construction C.S.,MVL GROUP OFFICE RELATED POS,RIB CCS Candy License Proposal (Standalone &amp; Concurrent) And Candy Cloud,Computer Peripherals,Office Assets,5696.25,AED, ,Order
2124,RFQ-5193-E6801,MACRO,24 Aug 2023,RFQ,Aklaniat T.L.,"(KSA 126) W912ER21C0014 KHAMIS SIMULATOR FACILITY, KSA",Telecommunications Cabling System,Electrical,Electrical,32915.84,SAR, ,Order
2125,RFQ-6168-V40005,MVL Italy,24 Aug 2023,RFQ,Al G.F.,"BIOT-121.37 N4008423F4277 REPAIRS TO ORDNANCE OPERATIONS, F-541",Non-Shrink Grout,Building Materials,Various,630,USD,Rahul N.,Order
2126,RFQ-6168-V40003A,MVL USA JV LLC,24 Aug 2023,RFQ,Al G.F.,"BIOT-121.37 N4008423F4277 REPAIRS TO ORDNANCE OPERATIONS, F-541",Non-Shrink Grout,Building Materials,Various,630,AED,Rahul N.,Cancled
2127,RFQ-1005-V7106,MACRO,24 Aug 2023,RFQ,Elfit A.T.,"(KSA 126) W912ER21C0014 KHAMIS SIMULATOR FACILITY, KSA",Mandrels For Conduits (Elec. &amp; Comm),Building Materials,Various,2064.25,SAR, ,Order
2128,RFQ-5532-V40016A,MVL USA JV LLC,24 Aug 2023,RFQ,Cresco M.E.,BIOT-121 N4008421D0082/N4008421R0079 AEC DB DBB MACC,CPVC Pipes,Building Materials,Various,2289.16,AED,Rahul N.,Order
2129,RFQ-5683-T1001,MVL Italy,24 Aug 2023,RFQ,Hilti E.L.,"BIOT-121.10 N4008422F4478 / N4008421R0079 X010 CONSTRUCT STORAGE ROOM &amp; RENOVATE BREAKROOMS, F-937 &amp; F-938",Top &amp; Bottom Anchor,Tools,Tools,6387.67,AED,Rahul N.,Order
2130,RFQ-1005-V7105,MACRO,24 Aug 2023,RFQ,Saudicast- T.I.,"(KSA 126) W912ER21C0014 KHAMIS SIMULATOR FACILITY, KSA",Manhole Covers And Downspout With Scuppers,Building Materials,Various,35952.45,SAR,Lince M.,Order
2131,RFQ-5657-V40007C,MVL USA JV LLC,23 Aug 2023,RFQ,Unitech D.P.,"BIOT-121.17 N4008422F4422 X017 1638204, QF9006 - REPAIRS TO SEWAGE LIFT STATIONS",Ductile Iron Pipes &amp; Fittings,Building Materials,Various,48090,USD,Rahul N.,Order
2132,RFQ-1192-V4332,FIRESTOP,23 Aug 2023,RFQ,Century M.S.,MVL FIRESTOP BLDG MATL TRDG LLC,"Saudi Rockwool Slab Insulation With Unfaced, Thickness: 50 Mm, Density:  64 Kg/m3 X 1.2 M X 0.6 M .",Building Materials,Various,2612.74,AED, ,Order
2133,RFQ-5503-M4101,MVL Greece,23 Aug 2023,RFQ,S &.R.,ORD-5503 GRE-121 N6247022C0002 Communication Center - Souda Bay,TITUS VAV TERMINAL UNITS,Mechanical Items,Mechanical,62768.52,USD,Lince M.,Order
2134,RFQ-1005-E7068,MACRO,23 Aug 2023,RFQ,Electric h.,"(KSA 126) W912ER21C0014 KHAMIS SIMULATOR FACILITY, KSA",Flexible Conduit And Adaptors,Electrical,Electrical,37785.24,SAR,Lince M.,Order
2135,RFQ-1005-M7077,MACRO,22 Aug 2023,RFQ,Engineered C.S.,"(KSA 126) W912ER21C0014 KHAMIS SIMULATOR FACILITY, KSA",Preaction System: Nitrogen Generator,Mechanical Items,Mechanical,11629.6,USD, ,Order
2136,RFQ-1005-V7104,MACRO,22 Aug 2023,RFQ,National F.F.,"(KSA 126) W912ER21C0014 KHAMIS SIMULATOR FACILITY, KSA","Fire Extinguisher Cabinet,Dry Powder Fire Extinguisher, And Clean Agent Fire Extinguisher",Building Materials,Various,59360.7,SAR, ,Order
2137,RFQ-1005-E7067,MACRO,22 Aug 2023,RFQ,Alc A.L.,"(KSA 126) W912ER21C0014 KHAMIS SIMULATOR FACILITY, KSA",Lighting Control System - Emergency Lighting,Electrical,Electrical,896936.12,SAR,Lince M.,Order
2138,RFQ-5829-O2,MACRO,22 Aug 2023,RFQ,Al K.C.,"ORD-5829 UAE-123R W912ER22C0026 P-960 Triton Operational Facility, United Arab Emirates",2 MONITORS - LENOVO L24E-40,Computer Peripherals,Office Assets,903,AED, ,Order
2139,RFQ-1005-V7103,MACRO,22 Aug 2023,RFQ,Gulf S.S.,"(KSA 126) W912ER21C0014 KHAMIS SIMULATOR FACILITY, KSA",Balance LV Cables,Building Materials,Various,65952.5,SAR,Lince M.,Order
2140,RFQ-5683-V40008B,MVL USA JV LLC,21 Aug 2023,RFQ,Bmet B.M.,"BIOT-121.10 N4008422F4478 / N4008421R0079 X010 CONSTRUCT STORAGE ROOM &amp;amp; RENOVATE BREAKROOMS, F-937 &amp;amp; F-938",Acoustic Ceiling Tiles &amp; Supports,Building Materials,Various,16103.97,AED,Rahul N.,Order
2141,RFQ-5532-V40016,MVL USA JV LLC,21 Aug 2023,RFQ,Cresco M.E.,BIOT-121 N4008421D0082/N4008421R0079 AEC DB DBB MACC,CPVC Pipes,Building Materials,Various,2180.16,AED,Rahul N.,Order
2142,RFQ-1005-V7102,MACRO,21 Aug 2023,RFQ,Al T.M.,"(KSA 126) W912ER21C0014 KHAMIS SIMULATOR FACILITY, KSA",Granite For Countertop,Building Materials,Various,4988.7,SAR,Lince M.,Order
2143,RFQ-1005-V7101,MACRO,21 Aug 2023,RFQ,Mariam T.C.,"(KSA 126) W912ER21C0014 KHAMIS SIMULATOR FACILITY, KSA",Supply And Delivery Of Aluminum Cladding,Building Materials,Various,6997.75,SAR, ,Order
2144,RFQ-1005-V7100,MACRO,21 Aug 2023,RFQ,Extol I.T.,"(KSA 126) W912ER21C0014 KHAMIS SIMULATOR FACILITY, KSA",Fiber Optic Cable For Fire Alarm System,Building Materials,Various,17587.5,AED,Lince M.,Order
2145,RFQ-5532-V40015,MVL USA JV LLC,17 Aug 2023,RFQ,Extol I.T.,BIOT-121 N4008421D0082/ N4008421R0079 AEC DB DBB MACC,Electrical Panel Boards,Building Materials,Various,72450,AED, ,Order
2146,RFQ-1005-V7099,MACRO,17 Aug 2023,RFQ,Gulf S.S.,"(KSA 126) W912ER21C0014 KHAMIS SIMULATOR FACILITY, KSA","Flexible Conduit,Polymer Concrete Handhole,Cable Rack Support",Building Materials,Various,81842.34,SAR,Lince M.,Order
2147,RFQ-5829-S9051,MACRO,17 Aug 2023,RFQ,Mazout D.F.,"ORD-5829 UAE-123R W912ER22C0026 P-960 Triton Operational Facility, United Arab Emirates",Diesel,LSA - Life Support Area,Services,16352.82,AED, ,Order
2148,RFQ-1005-C6056,MACRO,16 Aug 2023,RFQ,Saudi V.C.,"(KSA 126) W912ER21C0014 KHAMIS SIMULATOR FACILITY, KSA",Vetoset CA540 &amp; Tile Grout,Chemicals,Chemicals,9297.75,SAR, ,Order
2149,RFQ-5532-V40014,MVL USA JV LLC,15 Aug 2023,RFQ,V-trust I.S.,BIOT-121 N4008421D0082/ N4008421R0079 AEC DB DBB MACC,Pre-Shipment Inspection,Building Materials,Various,268,USD, ,Order
2150,RFQ-1005-E7065,MACRO,15 Aug 2023,RFQ,Alc A.L.,"(KSA 126) W912ER21C0014 KHAMIS SIMULATOR FACILITY, KSA",Lighting Control System - Indoor &amp; Outdoor,Electrical,Electrical,258980,SAR,Lince M.,Order
2151,RFQ-5683-V40008A,MVL USA JV LLC,15 Aug 2023,RFQ,Bmet B.M.,"BIOT-121.10 N4008422F4478 / N4008421R0079 X010 CONSTRUCT STORAGE ROOM &amp;amp; RENOVATE BREAKROOMS, F-937 &amp;amp; F-938",Acoustic Ceiling Tiles &amp; Supports,Building Materials,Various,17252,AED,Rahul N.,Order
2152,RFQ-5657-V40007B,MVL USA JV LLC,15 Aug 2023,RFQ,Unitech D.P.,"BIOT-121.17 N4008422F4422 X017 1638204, QF9006 - REPAIRS TO SEWAGE LIFT STATIONS",Ductile Iron Pipes &amp; Fittings,Building Materials,Various,47406,USD,Rahul N.,Order
2153,RFQ-1005-M7076,MACRO,15 Aug 2023,RFQ,Kbe S.A.,"(KSA 126) W912ER21C0014 KHAMIS SIMULATOR FACILITY, KSA",HVAC GRILLS &amp; DIFFUSERS,Mechanical Items,Mechanical,13184.29,SAR,Lince M.,Order
2154,RFQ-5622-E6800,MVL USA JV LLC,11 Aug 2023,RFQ,Cooper C.L.,BIOT-121.05 N4008422F4312 REPAIR RUNWAY EDGE LIGHTING SYSTEM,Transformer,Electrical,Electrical,31250,USD,Rahul N.,Order
2155,RFQ-6168-A5201,MVL USA JV LLC,11 Aug 2023,RFQ,Qmi B.M.,"BIOT-121.10 N4008422F4478 / N4008421R0079 X010 CONSTRUCT STORAGE ROOM &amp; RENOVATE BREAKROOMS, F-937 &amp; F-938",Steel Doors &amp; Frames,Doors,Architectural,35196,AED,Rahul N.,Order
2156,RFQ-6168-V40004,MVL USA JV LLC,10 Aug 2023,RFQ,Prime A.I.,"BIOT-121.37 N4008423F4277 REPAIRS TO ORDNANCE OPERATIONS, F-541",Manual Volume Dampers,Building Materials,Various,3465,AED, ,Order
2157,RFQ-6168-V40003,MVL USA JV LLC,10 Aug 2023,RFQ,Al G.F.,"BIOT-121.37 N4008423F4277 REPAIRS TO ORDNANCE OPERATIONS, F-541",Non-Shrink Grout,Building Materials,Various,630,AED,Rahul N.,Order
2158,RFQ-6168-V40002,MVL USA JV LLC,10 Aug 2023,RFQ,Bin D.G.,"BIOT-121.37 N4008423F4277 REPAIRS TO ORDNANCE OPERATIONS, F-541",Foam Insulation For Plumbing Pipes,Building Materials,Various,90.88,AED,Rahul N.,Order
2159,RFQ-1005-V7098,MACRO,10 Aug 2023,RFQ,Gulf S.S.,"(KSA 126) W912ER21C0014 KHAMIS SIMULATOR FACILITY, KSA",Fire Alarm Cables,Building Materials,Various,17167.2,SAR,Lince M.,Order
2160,RFQ-6168-V40000A,MVL USA JV LLC,10 Aug 2023,RFQ,Dutco T.L.,"BIOT-121.37 N4008423F4277 REPAIRS TO ORDNANCE OPERATIONS, F-541",Water Hammer Arrestor,Building Materials,Various,189,AED,Rahul N.,Order
2161,RFQ-5581-V40005B,MVL USA JV LLC,10 Aug 2023,RFQ,Madar E.F.,"BIOT-121.02 N4008421R0001-X004, EProject 1701534 REPLACE FSS FIRE PROTECTION FOAM SYSTEM FROM F-410 TO TANK 1-11",Epoxy Coated Rebars,Building Materials,Various,96421.69,AED,Rahul N.,Order
2162,RFQ-5829-O1,MACRO,10 Aug 2023,RFQ,Techmind S.L.,"ORD-5829 UAE-123R W912ER22C0026 P-960 Triton Operational Facility, United Arab Emirates",MEETING ROOM EQUIPMENT,Computer Peripherals,Office Assets,5864.25,AED,Marman I.,Order
2163,RFQ-5829-V40005,MACRO,10 Aug 2023,RFQ,Al D.T.,"ORD-5829 UAE-123R W912ER22C0026 P-960 Triton Operational Facility, United Arab Emirates",Chemical/Oil Spill Kit For Diesel Storage Area,Building Materials,Various,231,AED,Marman I.,Order
2164,RFQ-1005-V7097,MACRO,09 Aug 2023,RFQ,Watecom I.W.,ORD-5503 GRE-121 N6247022C0002 Communication Center - Souda Bay,Gate Valve - As Per Attached Data Sheet,Building Materials,Various,22077,AED,Marman I.,Order
2165,RFQ-1569-O48,MACRO,09 Aug 2023,RFQ,Al K.C.,MVL GROUP OFFICE RELATED POS,OFFICE IT REQUIREMENTS - DESKTOP AND 2 MONITORS -,Computer Peripherals,Office Assets,4562.25,AED,Marman I.,Order
2166,RFQ-5683-V40009,MVL USA JV LLC,08 Aug 2023,RFQ,Bmet B.M.,"BIOT-121.10 N4008422F4478 / N4008421R0079 X010 CONSTRUCT STORAGE ROOM &amp;amp; RENOVATE BREAKROOMS, F-937 &amp; F-938",Drywall Gypsum Partition Materials,Building Materials,Various,140239.91,AED,Rahul N.,Order
2167,RFQ-5829-V40003,MACRO,08 Aug 2023,RFQ,Baniyas C.P.,"ORD-5829 UAE-123R W912ER22C0026 P-960 Triton Operational Facility, United Arab Emirates",Reinforced Concrete Pipe,Building Materials,Various,627795,AED,Lince M.,Order
2168,RFQ-1005-M7075,MACRO,08 Aug 2023,RFQ,Emaar P.C.,"(KSA 126) W912ER21C0014 KHAMIS SIMULATOR FACILITY, KSA",3-way Modulating Control Valve,Mechanical Items,Mechanical,1363.23,SAR,Lince M.,Order
2169,RFQ-5532-E6800,MVL USA JV LLC,08 Aug 2023,RFQ,Tic L.E.,BIOT-121 N4008421D0082/N4008421R0079 AEC DB DBB MACC,Backflow Meter &amp; Water Meter,Electrical,Electrical,2022.44,USD,Rahul N.,Order
2170,RFQ-1005-V7095,MACRO,08 Aug 2023,RFQ,Al-faisal S.P.,"(KSA 126) W912ER21C0014 KHAMIS SIMULATOR FACILITY, KSA",Epoxy Coated Steel Rebars,Building Materials,Various,23661.25,SAR,Marman I.,Order
2171,RFQ-1005-M7074,MACRO,07 Aug 2023,RFQ,Joint G.B.,"(KSA 126) W912ER21C0014 KHAMIS SIMULATOR FACILITY, KSA",Balancing Valve,Mechanical Items,Mechanical,785.45,SAR,Lince M.,Order
2172,RFQ-1005-M7073,MACRO,07 Aug 2023,RFQ,Ali M.A.,"(KSA 126) W912ER21C0014 KHAMIS SIMULATOR FACILITY, KSA",Vibration Eliminator,Mechanical Items,Mechanical,529,SAR,Lince M.,Order
2173,RFQ-1005-V7094,MACRO,07 Aug 2023,RFQ,Saleh Z.A.,"(KSA 126) W912ER21C0014 KHAMIS SIMULATOR FACILITY, KSA",Globe Valve,Building Materials,Various,274.27,SAR,Lince M.,Order
2174,RFQ-1005-V7093,MACRO,07 Aug 2023,RFQ,Oman G.C.,"(KSA 126) W912ER21C0014 KHAMIS SIMULATOR FACILITY, KSA",Stainless Steel Ladder (Without Cage) As Per Approved Submittal,Building Materials,Various,24776.75,SAR,Marman I.,Order
2175,RFQ-1192-R1509,FIRESTOP,03 Aug 2023,RFQ,Class W.C.,MVL FIRESTOP BLDG MATL TRDG LLC,2 Units Of NISSSAN SUNNY 1.5L 2023YM And 2 Units Of HAVAL JOLION 1.5L TURBO 2024YM (Monthly Rental),Rental,Rental,7455,AED,Marman I.,Order
2176,Q-1005-V7092,MACRO,03 Aug 2023,IQ,Us E.R.,"Supply &amp; Delivery Of High Back Office Chain - NJ, USA","Supply &amp; Delivery Of High Back Office Chain - NJ, USA",Building Materials,Various,44520,USD,Mahesh B.,Quotation
2177,RFQ-1005-V7091A,MACRO,03 Aug 2023,RFQ,Gulf I.G.,"(KSA 126) W912ER21C0014 KHAMIS SIMULATOR FACILITY, KSA","ADDITIONAL RIPRAP, BACKFILLLING, ABC",Building Materials,Various,65757,SAR,Maricar I.,Order
2178,RFQ-5684-V40001,MVL USA JV LLC,03 Aug 2023,RFQ,Acudor P.I.,"BIOT-121.11 N4008421R0079 - X011 1634252, QP9015 - REPAIR FIRE PROTECTION SYSTEM, FACILITY 917",Flush Access Door,Building Materials,Various,345.7,USD,Rahul N.,Order
2179,RFQ-1005-V7090,MACRO,03 Aug 2023,RFQ,Construction M.C.,"(KSA 126) W912ER21C0014 KHAMIS SIMULATOR FACILITY, KSA",Concrete Floor Sealer,Building Materials,Various,1391.5,SAR,Lince M.,Order
2180,RFQ-1005-V7089,MACRO,02 Aug 2023,RFQ,Khereiji S.C.,"(KSA 126) W912ER21C0014 KHAMIS SIMULATOR FACILITY, KSA",Grounding And Lightening Protection System,Building Materials,Various,86167.66,SAR,Lince M.,Order
2181,RFQ-5683-A5201,MVL USA JV LLC,02 Aug 2023,RFQ,Techtrade S.,"BIOT-121.10 N4008422F4478 / N4008421R0079 X010 CONSTRUCT STORAGE ROOM &amp; RENOVATE BREAKROOMS, F-937 &amp; F-938",Overhead Coiling Doors,Doors,Architectural,19741,USD,Rahul N.,Order
2182,RFQ-1192-S9101,FIRESTOP,02 Aug 2023,RFQ,Niazi C.A.,MVL FIRESTOP BLDG MATL TRDG LLC,"SUPPLY, INSTALLATION OF CCTV AND GRA  APPROVAL WITH 4 TIMES VISIT PER YEAR MAINTENANCE",Services,Services,3150,AED,Marman I.,Order
2183,Q-1005-E7064,MV LLC,02 Aug 2023,IQ,Us C.G.,"Supply Of LED Lamps-US Consulate General - Karachi , Pakistan","Supply Of LED Lamps-US Consulate General - Karachi , Pakistan",Electrical,Electrical,43535,USD,Mahesh B.,Quotation
2184,RFQ-1005-V7088,MACRO,02 Aug 2023,RFQ,Gulf S.S.,"(KSA 126) W912ER21C0014 KHAMIS SIMULATOR FACILITY, KSA",PDU Box And Terminal Blocks,Building Materials,Various,54291.39,SAR,Lince M.,Order
2185,RFQ-5829-R1501,MACRO,02 Aug 2023,RFQ,New S.O.,"ORD-5829 UAE-123R W912ER22C0026 P-960 Triton Operational Facility, Uniited Arab Emirates",Sharp BP-20C20 A3 Color Printer With 1 Set Of Extra Toners,Rental,Rental,7250.25,AED,Marman I.,Order
2186,RFQ-1005-V7087,MACRO,01 Aug 2023,RFQ,Usg M.E.,"(KSA 126) W912ER21C0014 KHAMIS SIMULATOR FACILITY, KSA",Acoustical Ceilings,Building Materials,Various,50920.9,SAR,Lince M.,Order
2187,RFQ-1005-V7086,MACRO,01 Aug 2023,RFQ,Arab S.C.,"(KSA 126) W912ER21C0014 KHAMIS SIMULATOR FACILITY, KSA",Aluminum Expansion Joint Cover,Building Materials,Various,1955,SAR,Lince M.,Order
2188,RFQ-1005-E7063,MACRO,01 Aug 2023,RFQ,International B.R.,"(KSA 126) W912ER21C0014 KHAMIS SIMULATOR FACILITY, KSA",UPS SYSTEM,Electrical,Electrical,108100,SAR,Maricar I.,Order
2189,RFQ-5213-V40016,MACRO,01 Aug 2023,RFQ,National F.F.,(KSA 127) W912ER21C0015 AL KHARJ WAREHOUSE,5 EXTERIOR DOORS AND FRAMES,Building Materials,Various,4725,USD,Maricar I.,Order
2190,RFQ-1005-M7072,MACRO,31 Jul 2023,RFQ,Ali M.A.,"(KSA 126) W912ER21C0014 KHAMIS SIMULATOR FACILITY, KSA",Pressure Gauge And Automatic Air Vent,Mechanical Items,Mechanical,2224.59,SAR,Lince M.,Order
2191,RFQ-1192-F12603,FIRESTOP,31 Jul 2023,RFQ,International C.T.,MVL FIRESTOP BLDG MATL TRDG LLC,Order No. INCA-20230731-10,Firestop/ DC 315,Fire,2380,USD,Marman I.,Order
2192,RFQ-1005-V7085,MACRO,28 Jul 2023,RFQ,IŞil M.M.,"(KSA 126) W912ER21C0014 KHAMIS SIMULATOR FACILITY, KSA",FLEXIVA Flexible Duct And Connector,Building Materials,Various,1821.82,USD,Marman I.,Order
2193,RFQ-5213-V40015,MACRO,26 Jul 2023,RFQ,Universal D.P.,(KSA 127) W912ER21C0015 AL KHARJ WAREHOUSE,KEY CABINET WITH KEY TAGS,Building Materials,Various,331.8,AED,Maricar I.,Order
2194,RFQ-5581-V40005A,MVL USA JV LLC,26 Jul 2023,RFQ,Madar E.F.,"BIOT-121.02 N4008421R0001-X004, EProject 1701534 REPLACE FSS FIRE PROTECTION FOAM SYSTEM FROM F-410 TO TANK 1-11",Epoxy Coated Rebars,Building Materials,Various,101164.03,AED,Rahul N.,Order
2195,RFQ-1005-V7084,MACRO,26 Jul 2023,RFQ,Saleh Z.A.,"(KSA 126) W912ER21C0014 KHAMIS SIMULATOR FACILITY, KSA",Gate Valve,Building Materials,Various,1225.21,SAR,Lince M.,Order
2196,RFQ-1005-V7083,MACRO,26 Jul 2023,RFQ,Fekratek A.R.,"(KSA 126) W912ER21C0014 KHAMIS SIMULATOR FACILITY, KSA",ADDITIONAL GYPSUM BOARD,Building Materials,Various,10618.46,SAR,Maricar I.,Order
2197,RFQ-5829-V4354,MACRO,26 Jul 2023,RFQ,Grand S.C.,"ORD-5829 UAE-123R W912ER22C0026 P-960 Triton Operational Facility, United Arab Emirates",SITE OFFICE CONSUMABLES (TRITON),Misc.,Various,1422.49,AED,Marman I.,Order
2198,RFQ-1192-V4455,FIRESTOP,25 Jul 2023,RFQ,Printek S.,MVL FIRESTOP BLDG MATL TRDG LLC,SHARP TONERS,Misc.,Various,1401.75,AED,Marman I.,Order
2199,RFQ-1192-V4454,FIRESTOP,25 Jul 2023,RFQ,Grand S.C.,MVL FIRESTOP BLDG MAT'L TRDG LLC,FIRESTOP - STATIONERY SUPPLIES - 2572023,Misc.,Various,444.68,AED,Marman I.,Order
2200,RFQ-1192-F12602,FIRESTOP,25 Jul 2023,RFQ,International C.T.,MVL FIRESTOP BLDG MATL TRDG LLC,Order No. INCA-20230725-09,Firestop/ DC 315,Fire,88616,USD,Marman I.,Order
2201,RFQ-1005-V7082,MACRO,25 Jul 2023,RFQ,Construction S.(.,"(KSA 126) W912ER21C0014 KHAMIS SIMULATOR FACILITY, KSA",CUBICLE TRACK AND HARDWARE,Building Materials,Various,8242.33,USD,Maricar I.,Order
2202,RFQ-5213-V40014,MACRO,24 Jul 2023,RFQ,Tuv S.M.,"(KSA 127) W912ER21C0015 - AL KHARJ WAREHOUSE, KSA",INSPECTION OF 29 STEEL DOORS,Building Materials,Various,1050,AED,Maricar I.,Order
2203,RFQ-1005-V7081,MACRO,24 Jul 2023,RFQ,Arcoma S.&.,"(KSA 126) W912ER21C0014 KHAMIS SIMULATOR FACILITY, KSA",Steel Shelving - S4 Type,Building Materials,Various,43125,SAR,Lince M.,Order
2204,Q-1005-V4477,MV LLC,20 Jul 2023,IQ,Department o.t.,Supply &amp; Delivery Of CBS Mattresses-Camp BONDSTEEL,Supply &amp; Delivery Of CBS Mattresses-Camp BONDSTEEL,Misc.,Various,206500,USD,Mahesh B.,Quotation
2205,RFQ-1005-M7071,MACRO,20 Jul 2023,RFQ,Saptex I.P.,"(KSA 126) W912ER21C0014 KHAMIS SIMULATOR FACILITY, KSA",SAPTEX Rigid Closed Cell Extruded Polystyrene Thermal Insulation Boards,Mechanical Items,Mechanical,120737.93,SAR,Lince M.,Order
2206,RFQ-1005-E7060A,MACRO,20 Jul 2023,RFQ,Electric h.,"(KSA 126) W912ER21C0014 KHAMIS SIMULATOR FACILITY, KSA",LV CABLES,Electrical,Electrical,239994.77,SAR,Lince M.,Order
2207,RFQ-1005-V7080,MACRO,20 Jul 2023,RFQ,Electrical A.M.,"(KSA 126) W912ER21C0014 KHAMIS SIMULATOR FACILITY, KSA",LVPA1 ELECTRICAL PANEL,Building Materials,Various,7419.8,SAR,Maricar I.,Order
2208,RFQ-5695-V40000,MVL USA JV LLC,19 Jul 2023,RFQ,Marine S.L.,"BIOT-121.16 N4008422F4476 QC1018 REPAIR BOLLARDS, POL PIER",Mooring Bollards And Hardware,Building Materials,Various,95960,USD,Rahul N.,Order
2209,RFQ-1005-V7079,MACRO,18 Jul 2023,RFQ,Aamtac C.L.,"(KSA 126) W912ER21C0014 KHAMIS SIMULATOR FACILITY, KSA",FLOOR ALUMINUM TRANSITION STRIPS - AS PER APPROVED SUBMITTALS,Building Materials,Various,7228.9,SAR,Marman I.,Order
2210,RFQ-5532-V40013,MVL USA JV LLC,18 Jul 2023,RFQ,Dutest I.E.,BIOT-121 N4008421D0082/N4008421R0079 AEC DB DBB MACC,CROSBY BOW SHACKLE,Building Materials,Various,1191.75,AED,Marman I.,Order
2211,RFQ-1192-S9077,FIRESTOP,18 Jul 2023,RFQ,Sel C.R.,MVL FIRESTOP BLDG MATLTRDG LLC,JAC S3 2023 Model - Habib Abdulla Balafagi,Subcontract,Services,2100,AED,Marman I.,Order
2212,RFQ-1005-V7078,MACRO,17 Jul 2023,RFQ,Sappco D.F.,"(KSA 126) W912ER21C0014 KHAMIS SIMULATOR FACILITY, KSA",PVC AND CONDENSATE PIPES,Building Materials,Various,21181.78,SAR,Maricar I.,Order
2213,Q-1005-E7062,MV LLC,17 Jul 2023,IQ,United S.S.,Supply &amp; Delivery Of Guardian Angel Lights-USSS,Supply &amp; Delivery Of Guardian Angel Lights-USSS,Electrical,Electrical,296000,USD,Mahesh B.,Quotation
2214,RFQ-5532-V40012,MVL USA JV LLC,14 Jul 2023,RFQ,Al D.T.,BIOT-121 N4008421D0082/N4008421R0079 AEC DB DBB MACC,"Spill Berm Black 14 Feet X 54 Feet  X  Feet  (4.3x16.5x0.3) Mtrs Collapsible WALL,750g PVC L Bracket Type Tarpaulin Colour - Black",Building Materials,Various,10447.5,AED,Marman I.,Order
2215,Q-1005-S9051,MV LLC,14 Jul 2023,IQ,Smart C.,Supply &amp; Delivery Of Blast Resistant Metal Louvers-Greece,Supply &amp; Delivery Of Blast Resistant Metal Louvers-Greece,Construction,Services,177725.5,USD,Mahesh B.,Quotation
2216,RFQ-5657-V40007,MVL USA JV LLC,13 Jul 2023,RFQ,Unitech D.P.,"BIOT-121.17 N4008422F4422 X017 1638204, QF9006 - REPAIRS TO SEWAGE LIFT STATIONS",Ductile Iron Pipes &amp; Fittings,Building Materials,Various,49740.4,USD,Rahul N.,Order
2217,RFQ-1005-E7061,MACRO,13 Jul 2023,RFQ,Oryx T.,"(KSA 126) W912ER21C0014 KHAMIS SIMULATOR FACILITY, KSA",MV Cable Termination/Splicing Kits,Electrical,Electrical,13489.5,SAR,Lince M.,Order
2218,RFQ-1005-S9071,MACRO,13 Jul 2023,RFQ,K.a. K.&.,"(KSA 126) W912ER21C0014 - KHAMIS SIMULATOR FACILITY, KSA",HILTI CONSUMABLES,Subcontract,Services,13583.8,SAR,Maricar I.,Order
2219,RFQ-5532-V40011A,MVL USA JV LLC,12 Jul 2023,RFQ,Obaid M.B.,BIOT-121 N4008421D0082/N4008421R0079 AEC DB DBB MACC,Additional Plumbing Materials,Building Materials,Various,5493.08,AED,Rahul N.,Order
2220,RFQ-5532-M4003,MVL USA JV LLC,12 Jul 2023,RFQ,Evangel I.M.,BIOT-121 N4008421D0082/N4008421R0079 AEC DB DBB MACC,HELI 8.5ton Diesel  Forklift CPCD85,Machine / Equipments,Mechanical,32100,USD,Marman I.,Order
2221,RFQ-1005-C6055,MACRO,12 Jul 2023,RFQ,Saudi V.C.,"(KSA 126) W912ER21C0014 KHAMIS SIMULATOR FACILITY, KSA",STUCCO MATERIALS,Chemicals,Chemicals,61680.25,SAR,Maricar I.,Order
2222,RFQ-1005-M7070,MACRO,11 Jul 2023,RFQ,Saudi M.C.,"(KSA 126) W912ER21C0014 KHAMIS SIMULATOR FACILITY, KSA",Water Meter,Mechanical Items,Mechanical,1265,SAR,Lince M.,Order
2223,RFQ-5213-V40013,MACRO,11 Jul 2023,RFQ,Tuv S.M.,"(KSA 127) W912ER21C0015 - AL KHARJ WAREHOUSE, KSA",THIRD PARTY INSPECTION OF COMPACT SUBSTATION,Building Materials,Various,389.55,USD,Maricar I.,Order
2224,RFQ-1192-V4331,FIRESTOP,11 Jul 2023,RFQ,Fujairah R.F.,MVL FIRESTOP BLDG MATL TRDG LLC,SLAB WITHOUT FACING (SXXX) Density: 160Kg/M3 Thickness: 50mm Size:1.2 MtrX,Building Materials,Various,13173.3,AED,Marman I.,Order
2225,RFQ-1005-M7069,MACRO,11 Jul 2023,RFQ,Emaar P.C.,"(KSA 126) W912ER21C0014 KHAMIS SIMULATOR FACILITY, KSA",Hose Bibb,Mechanical Items,Mechanical,318.96,SAR,Lince M.,Order
2226,RFQ-1192-S9076,FIRESTOP,11 Jul 2023,RFQ,Sel C.R.,MVL FIRESTOP BLDG MATL TRDG LLC,MVL Firestop Car Rental - Aiswarya Ann Thomas,Subcontract,Services,1470,AED,Marman I.,Order
2227,RFQ-5532-V4360,MVL USA JV LLC,11 Jul 2023,RFQ,The U.W.,BIOT-121 N4008421D0082/N4008421R0079 AEC DB DBB MACC,MVL-BROMGROVE JV LLC TEAM DRIFIT POLO SHIRTS 2252023,Misc.,Various,1764,AED,Marman I.,Order
2228,RFQ-1192-V4330,FIRESTOP,10 Jul 2023,RFQ,Shandong F.A.,MVL FIRESTOP BLDG MATL TRDG  LLC,Weatherproof Silicone NWS-2000- FDKJ20230710,Building Materials,Various,6436.8,USD,Marman I.,Order
2229,RFQ-5532-V40010,MVL USA JV LLC,07 Jul 2023,RFQ,Rak M.E.,BIOT-121 N4008421D0082/N4008421R0079 AEC DB DBB MACC,EMIRATES STEEL REBAR EPOXY COATED AND PVC COATED TIE WIRE,Building Materials,Various,4197.6,AED,Marman I.,Order
2230,RFQ-5532-V40009A,MVL USA JV LLC,07 Jul 2023,RFQ,Misar T.C.,BIOT-121 N4008421D0082/N4008421R0079 AEC DB DBB MACC,Plumbing Materials,Building Materials,Various,24285.89,AED,Rahul N.,Order
2231,RFQ-5829-V4353,MACRO,07 Jul 2023,RFQ,Buildact F.L.,"ORD-5829 UAE-123R W912ER22C0026 P-960 Triton Operational Facility, Uniited Arab Emirates",ACI Training,Misc.,Various,24465,AED,Marman I.,Order
2232,RFQ-4814-S9101,MACRO,07 Jul 2023,RFQ,Mtb Q.C.,(QTR 193)  W912ER21C0005 - USACE TRANS REGIONAL LOGISTICS COMPLEX (TRLC),INSPECTION OF VEHICLE EXHAUST FAN,Services,Services,1091,USD,Maricar I.,Waiting
2233,RFQ-1005-M7068,MACRO,05 Jul 2023,RFQ,Asem F.E.,"(KSA 126) W912ER21C0014 KHAMIS SIMULATOR FACILITY, KSA",Thermometer,Mechanical Items,Mechanical,512.9,SAR,Lince M.,Order
2234,RFQ-1005-M7067,MACRO,05 Jul 2023,RFQ,Joint G.B.,"(KSA 126) W912ER21C0014 KHAMIS SIMULATOR FACILITY, KSA",Pressure Reducing Valve,Mechanical Items,Mechanical,1868.75,SAR,Lince M.,Order
2235,RFQ-5532-V4359,MVL USA JV LLC,05 Jul 2023,RFQ,Ppe S.P.,BIOT-121 N4008421D0082/N4008421R0079 AEC DB DBB MACC,Brand SAFETOE Model Best Cat Manufacturer   PPE ONLINE,Misc.,Various,285,AED,Marman I.,Order
2236,RFQ-1005-E7059,MACRO,04 Jul 2023,RFQ,Electric h.,"(KSA 126) W912ER21C0014 KHAMIS SIMULATOR FACILITY, KSA",MV Cables,Electrical,Electrical,91806.25,SAR,Maricar I.,Order
2237,RFQ-4814-V40008,MACRO,04 Jul 2023,RFQ,Tuv S.M.,(QTR 193) - W912ER21C0005 - USACE TRANS REGIONAL LOGISTICS COMPLEX (TRLC),INSPECTION OF ALUMINUM DOORS,Building Materials,Various,1050,AED,Maricar I.,Order
2238,RFQ-1005-V7077,MACRO,03 Jul 2023,RFQ,Mariam T.C.,"(KSA 126) W912ER21C0014 KHAMIS SIMULATOR FACILITY, KSA",ARMAFLEX PIPE INSULATION,Building Materials,Various,12555.7,SAR,Maricar I.,Order
2239,RFQ-1005-V7076,MACRO,03 Jul 2023,RFQ,Extol I.T.,"(KSA 126) W912ER21C0014 KHAMIS SIMULATOR FACILITY, KSA",BELDEN TELECOMMUNICATION CABLES,Building Materials,Various,61740,AED,Maricar I.,Order
2240,RFQ-1005-V7075,MACRO,03 Jul 2023,RFQ,Saleh Z.A.,"(KSA 126) W912ER21C0014 KHAMIS SIMULATOR FACILITY, KSA",Ball Valve And Strainer,Building Materials,Various,3131.22,SAR,Lince M.,Order
2241,RFQ-5532-V40005A,MVL USA JV LLC,03 Jul 2023,RFQ,Extol I.T.,BIOT-121 N4008421D0082/N4008421R0079 AEC DB DBB MACC,Electrical Materials For Man Camp,Building Materials,Various,383476.94,AED,Rahul N.,Order
2242,RFQ-4814-V40007,MACRO,23 Jun 2023,RFQ,Ftc Q.W.,(QTR 193) - W912ER21C0005 - USACE TRANS REGIONAL LOGISTICS COMPLEX (TRLC),HIGH BAY RACKS,Building Materials,Various,164000,QAR,Maricar I.,Order
2243,RFQ-1005-V7074,MACRO,23 Jun 2023,RFQ,Isam K.&.,"(KSA 126) W912ER21C0014 KHAMIS SIMULATOR FACILITY, KSA",Basket And Ladders With Accessories,Building Materials,Various,18299.54,SAR,Maricar I.,Order
2244,Q-1005-M4035,MV LLC,22 Jun 2023,IQ,American C.G.,"19GE5023Q0042-Supply &amp; Delivery Of Portable Charging Stations &amp; Solar Sets-US Embassy,Ukraine","19GE5023Q0042-Supply &amp; Delivery Of Portable Charging Stations &amp; Solar Sets-US Embassy,Ukraine",Machine / Equipments,Mechanical,680000,USD,Mahesh B.,Quotation
2245,RFQ-5532-V40007,MVL USA JV LLC,22 Jun 2023,RFQ,Titanium B.A.,BIOT-121 N4008421D0082/ N4008421R0079 AEC DB DBB MACC,VARIOUS BUILDING MATERIALS,Building Materials,Various,10824.98,AED,Marman I.,Order
2246,RFQ-5532-V40006,MVL USA JV LLC,21 Jun 2023,RFQ,Arabian I.I.,BIOT-121 N4008421D0082/ N4008421R0079 AEC DB DBB MACC,GI UNISTRUT CLAMP,Building Materials,Various,1515,AED,Marman I.,Order
2247,RFQ-1005-V7073,MACRO,20 Jun 2023,RFQ,Arak I.T.,"(KSA 126) W912ER21C0014 KHAMIS SIMULATOR FACILITY, KSA",PORCELAIN TILES ACCESSORIES,Building Materials,Various,4673.6,SAR,Maricar I.,Cancled
2248,Q-5503-V4353,MVL Greece,20 Jun 2023,IQ,Smart C.,Procurement Support,Supply Of Grounding Grid,Misc.,Various,174911.02,USD, ,Order
2249,Q-5503-V4352,MVL Greece,20 Jun 2023,IQ,Smart C.,Procurement Support - PO -5503-V40007,Supply Of Fiber Optic Cable,Misc.,Various,102625.33,USD, ,Order
2250,RFQ-1005-V7072,MACRO,19 Jun 2023,RFQ,Fekratek A.R.,"(KSA 126) W912ER21C0014 KHAMIS SIMULATOR FACILITY, KSA",MADA GYPSUM,Building Materials,Various,50480.84,SAR,Maricar I.,Order
2251,RFQ-5532-T1002,MVL USA JV LLC,19 Jun 2023,RFQ,Geco E.E.,BIOT-121 N4008421D0082/N4008421R0079 AEC DB DBB MACC,Additional Items Of Total Station,Tools,Tools,2257.5,AED,Rahul N.,Order
2252,Q-5193-V40006,MACRO,19 Jun 2023,IQ,Arabian C.C.,"(KSA 126) W912ER21C0014 KHAMIS SIMULATOR FACILITY, KSA",PROCUREMENT INTERVENTION - KSA 126 - ACCON,Building Materials,Various,7636.16,USD,Maricar I.,Order
2253,RFQ-1192-F12601,FIRESTOP,19 Jun 2023,RFQ,International C.T.,MVL Firestop Bldg Material Trdg LLC,Order No. INCA-20230617-08,Firestop/ DC 315,Fire,51304,USD,Marman I.,Order
2254,RFQ-5532-V40004,MVL USA JV LLC,16 Jun 2023,RFQ,Shandong J.E.,BIOT-121 N4008421D0082/N4008421R0079 AEC DB DBB MACC,Exhaust Fans,Building Materials,Various,2236,USD,Rahul N.,Order
2255,RFQ-5581-V40004B,MVL USA JV LLC,15 Jun 2023,RFQ,Arabian E.C.,"BIOT-121.02 N4008421R0001-X004, EProject 1701534 REPLACE FSS FIRE PROTECTION FOAM SYSTEM FROM F-410 TO TANK 1-11",HDPE &amp; Geotextile Protection Items,Building Materials,Various,90069.2,USD,Rahul N.,Order
2256,RFQ-4814-V40006,MACRO,15 Jun 2023,RFQ,Tuv S.M.,(QTR 193) - W912ER21C0005 - USACE TRANS REGIONAL LOGISTICS COMPLEX (TRLC),INSPECTION OF BLAST RATED ALUMINUM WINDOWS,Building Materials,Various,1050,AED,Maricar I.,Order
2257,RFQ-5193-V40004,MACRO,14 Jun 2023,RFQ,Tuv S.M.,"(KSA 126) W912ER21C0014 KHAMIS SIMULATOR FACILITY, KSA",INSPECTION OF STEEL WINDOWS,Building Materials,Various,892.5,AED,Maricar I.,Order
2258,RFQ-5684-S9032,MVL USA JV LLC,14 Jun 2023,RFQ,Westside B.M.,"BIOT-121.11 N4008421R0079 - X011 1634252, QP9015 - REPAIR FIRE PROTECTION SYSTEM, FACILITY 917",Acoustic Tiles,Construction,Services,2262.53,USD,Rahul N.,Order
2259,RFQ-1005-E7058,MACRO,14 Jun 2023,RFQ,Alc A.L.,"(KSA 126) W912ER21C0014 KHAMIS SIMULATOR FACILITY, KSA",Cables For Lighting Control System,Electrical,Electrical,15663,SAR,Maricar I.,Order
2260,Q-1005-V7071,MACRO,13 Jun 2023,IQ,Elite P.E.,Supply &amp; Delivery Of Two-Gang 4 Port Wall Plate-Qatar,Supply &amp; Delivery Of Two-Gang 4 Port Wall Plate-Qatar,Building Materials,Various,1500,USD, ,Waiting
2261,RFQ-1569-O47A,MACRO,12 Jun 2023,RFQ,Dnv B.A.,MVL Bromgrove JV,MVL COMPLIANCE WITH NIST SP 800-171 REQUIREMENTS,Computer Peripherals,Office Assets,56175,AED,Marman I.,Order
2262,RFQ-1192-O7,FIRESTOP,09 Jun 2023,RFQ,Supertron I.T.,MVL Firestop Bldg Material Trdg LLC,ZOHO ERP SOFTWARE MIGRATION,Computer Peripherals,Office Assets,11965.8,AED,Marman I.,Order
2263,RFQ-1192-F12599,FIRESTOP,08 Jun 2023,RFQ,International C.T.,MVL Firestop Bldg Materials Trdg LLC,Order No. INCA-20230608-06R2,Firestop/ DC 315,Fire,61364,USD,Marman I.,Order
2264,RFQ-1192-F12598,FIRESTOP,08 Jun 2023,RFQ,International C.T.,MVL Firestop Bldg Material Trdg LLC,Order No. INCA-20230608-07R,Firestop/ DC 315,Fire,63100,USD,Marman I.,Order
2265,RFQ-5829-V40002,MACRO,08 Jun 2023,RFQ,Rockland T.C.,"ORD-5829 UAE-123R W912ER22C0026 P-960 Triton Operational Facility, Uniited Arab Emirates",USED PLASTIC ROAD BARRIERS - SIZE 2 METERS,Building Materials,Various,8232,AED,Maricar I.,Order
2266,RFQ-5829-V40001,MACRO,08 Jun 2023,RFQ,Berry T.L.,"ORD-5829 UAE-123R W912ER22C0026 P-960 Triton Operational Facility, Uniited Arab Emirates",SOLAR LAMP CONE BASE ORANGE,Building Materials,Various,840,AED,Marman I.,Order
2267,Q-5193-V4353,MACRO,08 Jun 2023,IQ,Arabian C.C.,"(KSA 126) W912ER21C0014 KHAMIS SIMULATOR FACILITY, KSA",PROCUREMENT INTERVENTION - KSA 126 - ACCON,Misc.,Various,27098.83,USD,Maricar I.,Waiting
2268,RFQ-1005-M7066,MACRO,07 Jun 2023,RFQ,Khaled A.J.,"(KSA 126) W912ER21C0014 KHAMIS SIMULATOR FACILITY, KSA",VARIOUS HVAC MATERIALS,Mechanical Items,Mechanical,535583.75,SAR,Maricar I.,Order
2269,RFQ-5657-V40006,MVL USA JV LLC,06 Jun 2023,RFQ,App M.,"BIOT-121.17 N4008422F4422 X017 1638204, QF9006 - REPAIRS TO SEWAGE LIFT STATIONS",Pipes And Hardware,Building Materials,Various,47572.21,USD,Rahul N.,Order
2270,RFQ-5683-V40007,MVL USA JV LLC,06 Jun 2023,RFQ,Sherwin W.P.,"BIOT-121.10 N4008422F4478 / N4008421R0079 X010 CONSTRUCT STORAGE ROOM &amp;amp; RENOVATE BREAKROOMS, F-937 &amp; F-938",Paints / Coatings,Building Materials,Various,13134.16,USD,Rahul N.,Order
2271,RFQ-5581-V40003,MVL USA JV LLC,06 Jun 2023,RFQ,Sherwin W.P.,"BIOT-121.02 N4008421R0001-X004, EProject 1701534 REPLACE FSS FIRE PROTECTION FOAM SYSTEM FROM F-410 TO TANK 1-11",Paints/Coatings,Building Materials,Various,8807.45,USD,Rahul N.,Order
2272,RFQ-1005-E7056,MACRO,06 Jun 2023,RFQ,Tic L.E.,"(KSA 126) W912ER21C0014 KHAMIS SIMULATOR FACILITY, KSA",KSA 126 - Water Service Lin Appurtenances - VALVES,Electrical,Electrical,1734.04,USD,Marman I.,Order
2273,RFQ-5532-V40003,MVL USA JV LLC,02 Jun 2023,RFQ,V-trust I.S.,BIOT-121 N4008421D0082/ N4008421R0079 AEC DB DBB MACC,Pre-Shipment Inspection,Building Materials,Various,268,USD,Rahul N.,Order
2274,RFQ-5683-V40006,MVL USA JV LLC,02 Jun 2023,RFQ,Scott &.F.,"BIOT-121.10 N4008422F4478 / N4008421R0079 X010 CONSTRUCT STORAGE ROOM &amp;amp; RENOVATE BREAKROOMS, F-937 &amp; F-938",Range Hoods,Building Materials,Various,1406,USD,Rahul N.,Order
2275,RFQ-5532-T1001,MVL USA JV LLC,02 Jun 2023,RFQ,Geco E.E.,BIOT-121 N4008421D0082/N4008421R0079 AEC DB DBB MACC,Total Station &amp; Auto Level,Tools,Tools,39585,AED,Rahul N.,Order
2276,RFQ-5829-V40000A,MACRO,02 Jun 2023,RFQ,Super S.L.,"ORD-5829 UAE-123R W912ER22C0026 P-960 Triton Operational Facility, Uniited Arab Emirates",Stop + FOD Check Point Signage,Building Materials,Various,1417.5,AED,Marman I.,Order
2277,RFQ-5193-A5204,MACRO,02 Jun 2023,RFQ,Architectural M.D.,"(KSA 126) W912ER21C0014 KHAMIS SIMULATOR FACILITY, KSA","WOOD DOORS &amp; FRAMES, GLAZING AND DOOR HARDWARE",Doors,Architectural,184802.66,AED,Maricar I.,Order
2278,RFQ-1192-V4453,FIRESTOP,01 Jun 2023,RFQ,Grand S.C.,MVL FIRESTOP BLDG MATL TRDG LLC,STATIONERY SUPPLIES,Misc.,Various,472.5,AED,Marman I.,Order
2279,RFQ-4814-V40005,MACRO,31 May 2023,RFQ,Tuv S.M.,(QTR 193) - W912ER21C0005 - USACE TRANS REGIONAL LOGISTICS COMPLEX (TRLC),INSPECTION OF WOOD DOORS,Building Materials,Various,1155,AED,Maricar I.,Order
2280,RFQ-5655-V40004,MVL USA JV LLC,31 May 2023,RFQ,App M.,"BIOT-121.12 N4008422F4366/N4008421R0079 X012 EPROJECT 1575276 REPLACE AC UNITS, UNACCOMPANIED PERSONNEL HOURSING (UPH) 28",Mechanical Items,Building Materials,Various,21669.88,USD,Rahul N.,Order
2281,RFQ-1005-E7055,MACRO,30 May 2023,RFQ,Tic L.E.,"(KSA 126) W912ER21C0014 KHAMIS SIMULATOR FACILITY, KSA",Plumbing Sanitary Fixtures,Electrical,Electrical,4964.22,USD,Marman I.,Order
2282,Q-1005-V7069,MACRO,29 May 2023,IQ,Safetec E.W.,Supply &amp; Delivery Of CS Pipes - Dubai,Supply &amp; Delivery Of CS Pipes - Dubai,Building Materials,Various,44440,USD,Mahesh B.,Quotation
2283,RFQ-1005-V7068,MACRO,29 May 2023,RFQ,Sinmar C.L.,"(KSA 126) W912ER21C0014 KHAMIS SIMULATOR FACILITY, KSA",FIBER OPTIC CABLES,Building Materials,Various,36495.25,SAR,Marman I.,Order
2284,Q-5193-V4352,MACRO,24 May 2023,IQ,Arabian C.C.,"(KSA 126) W912ER21C0014 KHAMIS SIMULATOR FACILITY, KSA",PROCUREMENT INTERVENTION - KSA 126 - ACCON,Misc.,Various,31906.96,USD,Maricar I.,Order
2285,RFQ-5503-V40007,MVL Greece,24 May 2023,RFQ,Onenet D.S.,ORD-5503 GRE-121 N6247022C0002 Communication Center - Souda Bay,FIBER OPTIC CABLES,Building Materials,Various,93445.78,EURO,Lince M.,Order
2286,RFQ-5213-V40012,MACRO,24 May 2023,RFQ,National F.F.,"(KSA 127) W912ER21C0015 - AL KHARJ WAREHOUSE, KSA",STEEL DOOR AND FRAMES (NAFFCO),Building Materials,Various,24938.96,USD,Maricar I.,Order
2287,RFQ-1569-O46A,MACRO,24 May 2023,RFQ,Hyperactive T.L.,MVL Group Office Realted POs,Computer Equipments,Computer Peripherals,Office Assets,5953.5,AED,Marman I.,Order
2288,RFQ-5829-V4352,MACRO,23 May 2023,RFQ,Price M.G.,"ORD-5829 UAE-123R W912ER22C0026 P-960 Triton Operational Facility, Uniited Arab Emirates",Lamination Machine &amp; Laminating Sheets,Misc.,Various,615.49,AED,Marman I.,Order
2289,RFQ-5532-V4358,MVL USA JV LLC,22 May 2023,RFQ,The U.W.,BIOT-121 N4008421D0082/N4008421R0079 AEC DB DBB MACC,MVL-BROMGROVE JV LLC TEAM DRIFIT POLO SHIRTS 2252023,Misc.,Various,1764,AED,Marman I.,Order
2290,RFQ-5657-V40005,MVL USA JV LLC,22 May 2023,RFQ,Procurement &.G.,"BIOT-121.17 N4008422F4422 X017 1638204, QF9006 - REPAIRS TO SEWAGE LIFT STATIONS",Epoxy,Building Materials,Various,543,USD,Rahul N.,Order
2291,RFQ-5581-V40002,MVL USA JV LLC,19 May 2023,RFQ,App M.,"BIOT-121.02 N4008421R0001-X004, EProject 1701534 REPLACE FSS FIRE PROTECTION FOAM SYSTEM FROM F-410 TO TANK 1-11",Building Materials,Building Materials,Various,50717.84,USD,Rahul N.,Order
2292,Q-1005-V7066,MV LLC,18 May 2023,IQ,(atc) A.T.,Supply Of  Porcelain Tile Accessories-Al Kharj,Supply Of  Porcelain Tile Accessories-Al Kharj,Building Materials,Various,3063.52,USD,Mahesh B.,Order
2293,RFQ-5581-T1000,MVL USA JV LLC,17 May 2023,RFQ,Misar T.C.,"BIOT-121.02 N4008421R0001-X004, EProject 1701534 REPLACE FSS FIRE PROTECTION FOAM SYSTEM FROM F-410 TO TANK 1-11",Tools/ Machinery,Tools,Tools,31150.69,AED,Rahul N.,Order
2294,RFQ-5581-V40001,MVL USA JV LLC,17 May 2023,RFQ,Benfield E.I.,"BIOT-121.02 N4008421R0001-X004, EProject 1701534 REPLACE FSS FIRE PROTECTION FOAM SYSTEM FROM F-410 TO TANK 1-11",Electrical Items,Building Materials,Various,23000,USD,Rahul N.,Order
2295,RFQ-4814-V40004,MACRO,17 May 2023,RFQ,Tuv S.M.,(QTR 193) - W912ER21C0005 - USACE TRANS REGIONAL LOGISTICS COMPLEX (TRLC),INSPECTION OF STEEL DOORS,Building Materials,Various,2205,AED, ,Order
2296,RFQ-1569-V4410,MACRO,16 May 2023,RFQ,Green F.T.,MVL Group Office Related POs,PlanSwift 10.3 Planswift Measurement &amp; Takeoff Software,Misc.,Various,7276.5,AED,Marman I.,Order
2297,RFQ-5503-V40006,MVL Greece,15 May 2023,RFQ,Eltrak S.,ORD-5503 GRE-121 N6247022C0002 Communication Center - Souda Bay,GENERATOR,Building Materials,Various,386880,EURO,Lince M.,Order
2298,RFQ-5655-V40003A,MVL USA JV LLC,15 May 2023,RFQ,Benfield E.I.,"BIOT-121.12 N4008422F4366/N4008421R0079 X012 EPROJECT 1575276 REPLACE AC UNITS, UNACCOMPANIED PERSONNEL HOURSING (UPH) 28",Electrical Items,Building Materials,Various,51500,USD,Rahul N.,Order
2299,RFQ-5683-V40005,MVL USA JV LLC,15 May 2023,RFQ,Al O.T.,"BIOT-121.10 N4008422F4478 / N4008421R0079 X010 CONSTRUCT STORAGE ROOM &amp;amp; RENOVATE BREAKROOMS, F-937 &amp; F-938",GI Pipe,Building Materials,Various,6678,AED,Rahul N.,Order
2300,RFQ-1192-V4452,FIRESTOP,15 May 2023,RFQ,Smile C.,MVL FIRESTOP BLDG MATL TRDG LLC,RECEIPT VOUCHER,Misc.,Various,588,AED,Marman I.,Order
2301,RFQ-5657-V40004,MVL USA JV LLC,12 May 2023,RFQ,Benfield E.I.,"BIOT-121.17 N4008422F4422 X017 1638204, QF9006 ; REPAIRS TO SEWAGE LIFT STATIONS",Electrical Items,Building Materials,Various,39629,USD,Rahul N.,Order
2302,RFQ-5193-A5301,MACRO,11 May 2023,RFQ,Factory P.P.,"KSA 126) W912ER21C0014 Khamis Simulator Facility, Kingdom Of Saudi Arabia",EPOXY WALL PAINT SYSTEM,Paints,Architectural,20763.25,SAR,Maricar I.,Order
2303,RFQ-5683-E6801,MVL USA JV LLC,09 May 2023,RFQ,City E.S.,"BIOT-121.10 N4008422F4478 / N4008421R0079 X010 CONSTRUCT STORAGE ROOM &amp; RENOVATE BREAKROOMS, F-937 &amp; F-938",Electrical Items,Electrical,Electrical,45910.78,USD,Rahul N.,Order
2304,RFQ-5532-V40002,MVL USA JV LLC,09 May 2023,RFQ,V-trust I.S.,BIOT-121 N4008421D0082/ N4008421R0079 AEC DB DBB MACC,Pre-Shipment Inspection,Building Materials,Various,804,USD,Rahul N.,Order
2305,RFQ-5532-V4357,MVL USA JV LLC,09 May 2023,RFQ,Sher A.S.,BIOT-121 N4008421D0082/N4008421R0079 AEC DB DBB MACC,Scaffolding (Cup Lock System),Misc.,Various,19800,AED,Rahul N.,Order
2306,RFQ-5410-S9100,MACRO,09 May 2023,RFQ,Mtb Q.C.,(KUW 135) GE5019R0095 REPLACEMENT OF EXISTING ANTI-RAM HYDRAULIC VEHICLE BARRIER AT US EMBASSY KUWAIT,INSPECTION OF VEHICLE BARRIER,Services,Services,3498,USD, ,Order
2307,RFQ-5657-V40003,MVL USA JV LLC,08 May 2023,RFQ,App M.,"REPAIRS TO SEWAGE LIFT STATIONS, (6-EA) VARIOUS LOCATIONS",Pipe &amp; Fittings/ Valves/ Pipe Supporting Elements,Building Materials,Various,42757.5,USD,Rahul N.,Order
2308,Q-1192-F12596,FIRESTOP,05 May 2023,IQ,Dubai D.D.,MRC RESIDENCES JUMEIRAH,SUPPLY OF INSS0285,Firestop/ DC 315,Fire,9030,AED,Ramshad K.,Waiting
2309,Q-1192-F12595,FIRESTOP,05 May 2023,IQ,Lazourdy C.&.,"Commercial Building 2B+ GF + M + 9T + RF, United Arab Emirates -Al Zahiya-Abu Dhabi-Sector: E-16/2, Plot No. C4",SUPPLY OF CIVIL FIRESTOPPING MATERIALS,Firestop/ DC 315,Fire,13713,AED,Ajeesh J.,Waiting
2310,Q-1192-F12594,FIRESTOP,05 May 2023,IQ,001 C.,MADINAT JUMEIRAH LIVING PHASE 3B  PLOT NO. 3660774  UMM SUQEIM-3 DUBAI,SUPPLY OF CIVIL FIRESTOPPING MATERIALS,Firestop/ DC 315,Fire,65126.25,AED,Habib B.,Waiting
2311,Q-1192-F12593,FIRESTOP,05 May 2023,IQ,Dubai C.C.,"B+G+93F+ROOF+COMMERCIAL, OFFICE &amp; APARTMENT TOWER",UNIT RATE,Firestop/ DC 315,Fire,0,AED,Dinesh M.,Waiting
2312,Q-1192-F12592,FIRESTOP,05 May 2023,IQ,Dubai C.C.,"CITY TOWER (B+G+91F+R COMMERCIAL, OFFICE &amp; APPARTMENT TOWER)",SUPPLY OF INSS1186,Firestop/ DC 315,Fire,651,AED,Dinesh M.,Waiting
2313,Q-1192-F12591,FIRESTOP,05 May 2023,IQ,Royal A.E.,"PIER - 8, 5 - Star Hotel, Plot No.: 392-318, Marina, Dubai",SUPPLY OF CJ AMD MEP FIRETSOPPING MATERIALS,Firestop/ DC 315,Fire,241500,AED,Islam S.,Waiting
2314,RFQ-1005-M7065,MACRO,05 May 2023,RFQ,Asem F.E.,"(KSA 126) W912ER21C0014 Khamis Simulator Facility, Kingdom Of Saudi Arabia",CHEMICAL SHOT FEEDER,Mechanical Items,Mechanical,13817.25,SAR,Maricar I.,Order
2315,Q-1192-F12590,FIRESTOP,05 May 2023,IQ,International H.C.,"CENTER OF EXCELLENCE , SAUDI GERMAN HOSPITAL # LPO 14740",SUPPLY OF INSS1440,Firestop/ DC 315,Fire,14280,AED,Habib B.,Order
2316,Q-1192-F12589,FIRESTOP,04 May 2023,IQ,Duskal A.W.,Firestopping Project,Supply Of INSS2460 BLACK,Firestop/ DC 315,Fire,49560,AED,Ajeesh J.,Waiting
2317,RFQ-5657-V40002,MVL USA JV LLC,04 May 2023,RFQ,Benfield E.I.,"BIOT-121.17 N4008422F4422 X017 1638204, QF9006 - REPAIRS TO SEWAGE LIFT STATIONS.",Electrical Items,Building Materials,Various,31500,USD,Rahul N.,Order
2318,RFQ-5684-V40000,MVL USA JV LLC,04 May 2023,RFQ,Benfield E.I.,"BIOT-121.11 N4008421R0079 - X011 1634252, QP9015 - REPAIR FIRE PROTECTION SYSTEM, FACILITY 917",Electrical Items: Conduits And Raceways / Wire And Cable,Building Materials,Various,13500,USD,Rahul N.,Order
2319,RFQ-5683-V40004,MVL USA JV LLC,04 May 2023,RFQ,Benfield E.I.,"BIOT-121.10 N4008422F4478 / N4008421R0079 X010 CONSTRUCT STORAGE ROOM &amp;amp; RENOVATE BREAKROOMS, F-937 &amp; F-938",Electrical Items,Building Materials,Various,49000,USD,Rahul N.,Order
2320,Q-1192-F12588,FIRESTOP,04 May 2023,IQ,Ss L.C.,"RESIDENTIAL BUILDING @ AL RAHA ( 2B+G+1F +2F+(3F-8F)TYP+9F+R), SECTOR : RBW8, PLOT : C8, SHATIE AL RAHA, ABU DHABI","SUPPLY OF INSS0285, D64",Firestop/ DC 315,Fire,21850.5,AED,Dinesh M.,Waiting
2321,Q-1192-F12587,FIRESTOP,04 May 2023,IQ,International H.C.,SAUDI GERMAN HOSPITAL# LPO 14739,SUPPLY OF DC68,Firestop/ DC 315,Fire,29925,AED,Ajith S.,Order
2322,Q-1192-F12586,FIRESTOP,04 May 2023,IQ,Al F.C.,"PRIME RESIDENCY, PLOT NO.AFC 022# J17098",SUPPLY OF INSS0285,Firestop/ DC 315,Fire,2362.5,AED,Islam S.,Order
2323,Q-1192-F12585,FIRESTOP,04 May 2023,IQ,Hashim C.C.,"3B+G+7F+R COMMERCIAL BUILDING AT, AL RAHA BEACH,  ABU DHABI",SUPPLY OF INSS1186 AND D64,Firestop/ DC 315,Fire,17241,AED,Dinesh M.,Waiting
2324,Q-1192-F12584,FIRESTOP,04 May 2023,IQ,Petroleum S.G.,OIL &amp; GAS PROJECT IN IRAQ,SUPPLY OF FP05 AND INSS1440,Firestop/ DC 315,Fire,169974,USD,Ramshad K.,Waiting
2325,Q-1192-F12583,FIRESTOP,03 May 2023,IQ,Al S.N.,P 1490-3B+G+M+3P+19+GYM PLOT 318-0291# LPO 050140,SUPPLY OF INSS11856,Firestop/ DC 315,Fire,2205,AED,Islam S.,Order
2326,Q-1192-F12582,FIRESTOP,03 May 2023,IQ,Snowbow F.P.,PRICE LIST,MEP AND CIVIL MATERIALS,Firestop/ DC 315,Fire,9604.74,AED,Ajith S.,Waiting
2327,RFQ-5655-V40002,MVL USA JV LLC,03 May 2023,RFQ,App M.,"BIOT-121.12 N4008422F4366/N4008421R0079 X012 EPROJECT 1575276 REPLACE AC UNITS, UNACCOMPANIED PERSONNEL HOURSING (UPH) 28",Building Materials,Building Materials,Various,25187.27,USD,Rahul N.,Order
2328,Q-1192-F12581,FIRESTOP,03 May 2023,IQ,Jpm A.T.,3B+G+23 TYP  OMIS TOWER #JPM/MVL/0346/2023,SUPPLY OF INSS1186 AND INSS0285,Firestop/ DC 315,Fire,1380.75,AED,Islam S.,Order
2329,RFQ-1005-V7065,MACRO,03 May 2023,RFQ,Fawaz R.&.,"(KSA 126) W912ER21C0014 Khamis Simulator Facility, Kingdom Of Saudi Arabia",CHILLED WATER PIPES AND ACCESSORIES,Building Materials,Various,19172.57,SAR,Maricar I.,Order
2330,Q-1192-F12580,FIRESTOP,03 May 2023,IQ,Al H.B.,"S158, INTL CITY # LPO 0418/S158/ABC/2023",SUPPLY OF INSS1440,Firestop/ DC 315,Fire,5880,AED,Ajeesh J.,Order
2331,RFQ-1005-V7064,MACRO,02 May 2023,RFQ,Fawaz R.&.,"(KSA 126) W912ER21C0014 Khamis Simulator Facility, Kingdom Of Saudi Arabia",REFRIGERANT PIPES AND FITTINGS,Building Materials,Various,6409.41,SAR,Maricar I.,Order
2332,RFQ-1569-V4409,MACRO,02 May 2023,RFQ,Bafco T.L.,MVL HEAD OFFICE,ADDITIONAL WORKSTATION IN 1802,Misc.,Various,14351.4,AED,Maricar I.,Order
2333,Q-1192-F12579,FIRESTOP,02 May 2023,IQ,Inayah E.W.,"Al Habbai Contracting, Al Barsha South Third _LPO/MVL/4544/05",SUPPLY OF INSS1186,Firestop/ DC 315,Fire,660.43,AED,Islam S.,Order
2334,Q-1192-F12578,FIRESTOP,02 May 2023,IQ,Inayah E.W.,"Wellcube Life, Tranquil Tower_LPO/MVL/4543/05",SUPPLY OF INSS1186,Firestop/ DC 315,Fire,1320.86,AED,Islam S.,Order
2335,RFQ-5532-V40001,MVL USA JV LLC,01 May 2023,RFQ,V-trust I.S.,BIOT-121 N4008421D0082/ N4008421R0079 AEC DB DBB MACC,Pre-Shipment Inspection,Building Materials,Various,536,USD,Rahul N.,Order
2336,Q-1192-F12577,FIRESTOP,01 May 2023,IQ,001 C.,JVT Project. Al Sayegh Contracting# LPO 053,"SUPPLY OF INFS0812, INSS1440, INSS1186",Firestop/ DC 315,Fire,9671.55,AED,Dinesh M.,Order
2337,Q-1192-F12576,FIRESTOP,01 May 2023,IQ,001 C.,Dubai Hills Project_Gulf Asia_LPO No.052,SUPPLY OF INSS1186 &amp; INSS1440,Firestop/ DC 315,Fire,9213.75,AED,Habib B.,Order
2338,Q-1192-F12575,FIRESTOP,01 May 2023,IQ,Thermilate M.E.,TME.T.05.23.080 Dated 01.05.2023,Supply Of DC68,Firestop/ DC 315,Fire,1417.5,AED,Dinesh M.,Order
2339,RFQ-1005-V7063,MACRO,01 May 2023,RFQ,Prime F.K.,"(KSA 126) W912ER21C0014 Khamis Simulator Facility, Kingdom Of Saudi Arabia",RESILIENT FLOORING,Building Materials,Various,70506.79,SAR,Maricar I.,Order
2340,Q-1192-F12574,FIRESTOP,01 May 2023,IQ,Inayah E.W.,AL MAJAL CONTRACTING # LPO /MVL/4542/05,SUPPLY OF INSS1440,Firestop/ DC 315,Fire,1554,AED,Ajith S.,Order
2341,Q-1192-F12573,FIRESTOP,01 May 2023,IQ,Inayah E.W.,"Wellcube Life, Tranquil Tower_LPO/MVL/4541/05",SUPPLY OF INSS1186,Firestop/ DC 315,Fire,1981.29,AED,Islam S.,Order
2342,Q-1192-F12572,FIRESTOP,01 May 2023,IQ,Inayah E.W.,"Prodynamic Electromechanical,Tranquil Tower_LPO/MVL/4540/0504",SUPPLY OF INSS1440 &amp; INSS1186,Firestop/ DC 315,Fire,3261.6,AED,Islam S.,Order
2343,RFQ-1005-V7062,MACRO,01 May 2023,RFQ,Arak I.T.,"(KSA 126) W912ER21C0014 KHAMIS SIMULATOR FACILITY, KSA",PORCELAIN TILES,Building Materials,Various,38382.58,SAR,Maricar I.,Order
2344,Q-1192-F12571,FIRESTOP,01 May 2023,IQ,A &.M.,"PROPOSED AL JAZIRA ENTERTAINMENT HUB GROUND, MEZZANINE AND ROOF, PLOT NO P36, SECTOR E22_02, AL NAHYAN, ABU DHABI, UAE",Supply Of MEP Materials,Firestop/ DC 315,Fire,2460.15,AED,Ajeesh J.,Waiting
2345,Q-1192-F12570,FIRESTOP,01 May 2023,IQ,Al F.F.,"PROPOSED B + G + 4, RESIDENTIAL BUILDING WITH RETAILS AT GROUND FLOOR ON PLOT NO. JVC10DMRA005, AT JVC, DUBAI, UAE.# LPO 000022",SUPPLY OF FM012 AND FP05,Firestop/ DC 315,Fire,4717.65,AED,Ajith S.,Order
2346,Q-1192-F12569,FIRESTOP,01 May 2023,IQ,Lootah R.E.,B+G+5F+R MID-RISE APARTMENT RESIDENTIAL HOUSING ON PLOT NO.JVC 14J MRP 002,SUPPLY OF INSS1186,Firestop/ DC 315,Fire,17808,AED,Ajith S.,Waiting
2347,Q-1192-F12568,FIRESTOP,01 May 2023,IQ,Embers F.P.,Firestop Project,Supply Of DC68,Firestop/ DC 315,Fire,3200,AED,Ramshad K.,Order
2348,Q-1192-F12566,FIRESTOP,28 Apr 2023,IQ,Thermilate M.E.,Supply Of DC68-LPO TME.T.04.23.076,Supply Of DC68,Firestop/ DC 315,Fire,1417.5,AED,Dinesh M.,Order
2349,Q-1192-F12558A,FIRESTOP,28 Apr 2023,IQ,Tekzone I.C.,TK0061 / CO-30927,"Supply Of INSS1440, FM011 Moldable Firestop Putty, FP05 Coated Firestop Board",Firestop/ DC 315,Fire,1271.55,AED,Ajith S.,Order
2350,Q-1192-F12014A,FIRESTOP,28 Apr 2023,IQ,Royal A.E.,"PIER - 8, 5 - Star Hotel, Plot No. 392-318, Marina, Dubai",Supply Of Fire Stop Materials - CIVIL,Firestop/ DC 315,Fire,39249,AED,Islam S.,Waiting
2351,Q-1192-F12565,FIRESTOP,27 Apr 2023,IQ,Assa A.S.,Fire Rates Sealant,Supply Of INSS2460 Black,Firestop/ DC 315,Fire,630,AED,Ajith S.,Order
2352,Q-1192-F12564,FIRESTOP,27 Apr 2023,IQ,Al F.F.,Aura 1 &amp; 2 Tilal Al Ghaf Project (FIRE RATED WALL JOINTS SEALANT),Supply Of INSS1186 And Backer Rod,Firestop/ DC 315,Fire,1144.5,AED,Dinesh M.,Waiting
2353,RFQ-5657-V40001,MVL USA JV LLC,27 Apr 2023,RFQ,Scott &.F.,"BIOT-121.17 N4008422F4422 X017 1638204, QF9006 &ndash; REPAIRS TO SEWAGE LIFT STATIONS.",DI Pipe Accessories,Building Materials,Various,86270.47,USD,Rahul N.,Order
2354,Q-5193-V4351,MACRO,26 Apr 2023,IQ,Arabian C.C.,"(KSA 126) W912ER21C0014 KHAMIS SIMULATOR FACILITY, KSA",PROCUREMENT INTERVENTION - KSA 126 - ACCON,Misc.,Various,97954.91,USD,Maricar I.,Order
2355,RFQ-5683-V40003,MVL USA JV LLC,26 Apr 2023,RFQ,Greer R.C.,"BIOT-121.10 N4008422F4478 / N4008421R0079 X010 CONSTRUCT STORAGE ROOM &amp; RENOVATE BREAKROOMS, F-937 &amp; F-938",Metal Wall Panels,Building Materials,Various,5400,USD,Rahul N.,Order
2356,RFQ-4814-V4361,MACRO,26 Apr 2023,RFQ,Helmsman Q.&.,(QTR 193) - W912ER21C0005 - USACE TRANS REGIONAL LOGISTICS COMPLEX (TRLC),PRE-SHIPMENT INSPECTION OF ALUMINUM WINDOWS,Misc.,Various,4700,AED,Maricar I.,Order
2357,Q-1192-F12563,FIRESTOP,26 Apr 2023,IQ,Diamond F.A.,Dubai Media City Project,Supply Of INSS2460 (600ml) Black,Firestop/ DC 315,Fire,6195,AED,Ajeesh J.,Waiting
2358,Q-1192-F12562,FIRESTOP,26 Apr 2023,IQ,Ocean D.C.,Proposed-Res-Bldg-B+G+7_LPO-ODC_PO3_LPO_0617-R00,Supply Of MEP Materials,Firestop/ DC 315,Fire,11182.5,AED,Ajeesh J.,Order
2359,Q-1192-F12561,FIRESTOP,26 Apr 2023,IQ,Ocean D.C.,Proposed- Res-Bldg-B+G+7_ODC_P03_LPO/0616-R00,Supply Of INSS1186 And D64T50,Firestop/ DC 315,Fire,7024.5,AED,Ajeesh J.,Order
2360,Q-1192-F12560,FIRESTOP,26 Apr 2023,IQ,Al F.C.,"PROPOSED 1B+G+12F+ROOF RESIDENTIAL BUILDING, PLOT NO.: 4168110/(R8/13), NADD AL HAMAR, DUBAI",Supply Of MEP Materials,Firestop/ DC 315,Fire,44073.75,AED,Dinesh M.,Waiting
2361,Q-1192-F12559,FIRESTOP,26 Apr 2023,IQ,Nakhoul C.,Firestop Project,Supply Only Of FB01-15,Firestop/ DC 315,Fire,982,AED,Islam S.,Waiting
2362,RFQ-5503-V40005,MVL Greece,25 Apr 2023,RFQ,Elemko S.,ORD-5503 GRE-121 N6247022C0002 Communication Center - Souda Bay,Grounding Mesh,Building Materials,Various,157989.12,EURO,Lince M.,Order
2363,Q-1192-F12558,FIRESTOP,25 Apr 2023,IQ,Tekzone I.C.,TK0061 / CO-30927,"Supply Of INSS1440, FM011 Moldable Firestop Putty, FP05 Coated Firestop Board",Firestop/ DC 315,Fire,438.9,AED,Ajith S.,Waiting
2364,Q-1192-F12557,FIRESTOP,25 Apr 2023,IQ,Loft C.,"RESIDENTIAL BUILDING G+4P+21 FLOORS, PLOT NO.JVC18TCP015B, JVC, DUBAI, UAE.",Supply Of INSS1186,Firestop/ DC 315,Fire,23562,AED,Ajith S.,Waiting
2365,Q-1192-F12556,FIRESTOP,25 Apr 2023,IQ,Al F.C.,"PROPOSED 1B+G+12F+ROOF RESIDENTIAL BUILDING, PLOT NO.: 4168110/(R8/13), NADD AL HAMAR, DUBAI",Supply Of INSS1186,Firestop/ DC 315,Fire,15498,AED,Dinesh M.,Waiting
2366,Q-1192-F12555,FIRESTOP,25 Apr 2023,IQ,A &.M.,"PROPOSED AL JAZIRA ENTERTAINMENT HUB GROUND, MEZZANINE AND ROOF, PLOT NO P36, SECTOR E22_02, AL NAHYAN, ABU DHABI, UAE","Supply Of INSS1186, Rockwool D64",Firestop/ DC 315,Fire,1596,AED,Ajeesh J.,Waiting
2367,Q-1192-F12554,FIRESTOP,25 Apr 2023,IQ,Danube B.M.,Olivz Project _LPOCC-2230000321,Supply Of INSSS1440,Firestop/ DC 315,Fire,3465,AED,Dinesh M.,Order
2368,RFQ-1192-F12553,FIRESTOP,25 Apr 2023,RFQ,International C.T.,MVL FIRESTOP BLDG MATL TRDG LLC,Order No. INCA-20230413-05,Firestop/ DC 315,Fire,7816,USD,Marman I.,Order
2369,RFQ-1192-F12552,FIRESTOP,25 Apr 2023,RFQ,International C.T.,MVL FIRESTOP BLDG MATL TRDG LLC,Order No. INCA-20230329-04,Firestop/ DC 315,Fire,5020,USD,Marman I.,Order
2370,Q-1192-F12551,FIRESTOP,25 Apr 2023,IQ,Al S.N.,"2B+G+5+R Retail/Residential Building On Plot 318-0118 At Al Karama Dubai, UAE_LPO No.050141_P-150- AL KARAMA",SUPPLY OF INSS1186,Firestop/ DC 315,Fire,4410,AED,Islam S.,Order
2371,RFQ-1192-V4329,FIRESTOP,25 Apr 2023,RFQ,Al F.B.,MVL FRESTOP BLDG MATL TRDG LLC,SILICONE GUN ALUM BIG,Building Materials,Various,630,AED,Marman I.,Order
2372,Q-1192-F12550,FIRESTOP,24 Apr 2023,IQ,Flamingo C.B.,"MIXED USE BUILDING G + 3P + 19 TYPICAL, ON PLOT NO. 2310372, AL NAHDA FIRST, DUBAI, UAE._CJ",Supply Of INSS1186,Firestop/ DC 315,Fire,49980,AED,Ajith S.,Waiting
2373,Q-1192-F12549,FIRESTOP,24 Apr 2023,IQ,A &.S.,"COMMERCIAL / RESIDENTIAL BLDG. (1B+G+3P+10FLOORS+TERRACE), PLOT NO.: JVC14TMRM003, AL BARSHA SOUTH THIRD, DUBAI, UAE_INSS1186_CJ",Supply Of INSS1186,Firestop/ DC 315,Fire,22932,AED,Ajith S.,Waiting
2374,Q-1192-F12548,FIRESTOP,24 Apr 2023,IQ,Tak C.L.,"MIXED USED RETAIL + RESIDENTIAL BUILDING ( G+3P+25+R) ON PLOT NO: JVC11NHRA002, AL BARSHA SOUTH FOURTH_CJ- Non Fire Rated",Supply Of INSS0285,Firestop/ DC 315,Fire,37443,AED,Ajith S.,Waiting
2375,Q-1192-F12547,FIRESTOP,24 Apr 2023,IQ,Tak C.L.,"MIXED USED RETAIL + RESIDENTIAL BUILDING ( G+3P+25+R) ON PLOT NO: JVC11NHRA002, AL BARSHA SOUTH FOURTH",SUPPLY OF INSS1186,Firestop/ DC 315,Fire,26313,AED,Ajith S.,Waiting
2376,Q-1192-F12546A,FIRESTOP,24 Apr 2023,IQ,001 C.,"PROPOSED RESIDENTIAL BUILDING B+G+4 TYP., PLOT NO.: IC3-G-9, WARSAN FOURTH (624), DUBAI, UAE_001 Contracting_Mr.Yahya Ahmad Al Zubaidi",SUPPLY OF MEP MATERIALS,Firestop/ DC 315,Fire,31363.5,AED,Ajeesh J.,Waiting
2377,Q-1192-F12546,FIRESTOP,24 Apr 2023,IQ,001 C.,"PROPOSED RESIDENTIAL BUILDING B+G+4 TYP., PLOT NO.: IC3-G-9, WARSAN FOURTH (624), DUBAI, UAE_001 Contracting_Mr.Yahya Ahmad Al Zubaidi",SUPPLY OF MEP MATERIALS,Firestop/ DC 315,Fire,13353.9,AED,Ajeesh J.,Waiting
2378,Q-1192-F12545,FIRESTOP,24 Apr 2023,IQ,Thermilate M.E.,Firestop Project_LPO TME.T.04.23.074,Supply Of DC68,Firestop/ DC 315,Fire,1417.5,AED,Dinesh M.,Order
2379,Q-1192-F12544,FIRESTOP,24 Apr 2023,IQ,Dnb C.,"G+3 Residential Building, Plot No.: 598-1268, Dubai Investments Park, Dubai, UAE",Supply Of NWS 2000 (600ml),Firestop/ DC 315,Fire,315,AED,Ajeesh J.,Order
2380,Q-1192-F12543,FIRESTOP,19 Apr 2023,IQ,001 C.,Meras Project - Parkway International Contracting _LPO No.051,Supply Of INSS1186,Firestop/ DC 315,Fire,1890,AED,Habib B.,Order
2381,Q-1192-F12542,FIRESTOP,19 Apr 2023,IQ,Rba R.E.,Derby Residence 3,Supply Of INSS1440,Firestop/ DC 315,Fire,924,AED,Ajith S.,Order
2382,Q-1192-F12541,FIRESTOP,19 Apr 2023,IQ,Door M.T.,"Ozana Industrial Facilities @ICAD 3, LPO 117-2023",Supply Of INSS1186 And INSS1440,Firestop/ DC 315,Fire,1470,AED,Dinesh M.,Order
2383,Q-1192-F12540,FIRESTOP,19 Apr 2023,IQ,Door M.T.,ADCOOP Staff Accomodation - Khalifa City_LPO 115-2023 R1,"Supply Of FP05, INSS1186, INSS1440",Firestop/ DC 315,Fire,15881.25,AED,Dinesh M.,Order
2384,RFQ-5657-M4102A,MVL USA JV LLC,19 Apr 2023,RFQ,Zoeller P.C.,"BIOT-121.17 N4008422F4422 X017 1638204, QF9006 &ndash; REPAIRS TO SEWAGE LIFT STATIONS",Pumps &amp; Accessories,Mechanical Items,Mechanical,200361.08,USD,Rahul N.,Order
2385,Q-1192-F12511A,FIRESTOP,19 Apr 2023,IQ,Embers F.P.,Firestop Project,Supply Of DC68,Firestop/ DC 315,Fire,1600,AED,Ramshad K.,Order
2386,RFQ-5581-V40000,MVL USA JV LLC,18 Apr 2023,RFQ,Benfield E.I.,"BIOT-121.02 N4008421R0001-X004, EProject 1701534 REPLACE FSS FIRE PROTECTION FOAM SYSTEM FROM F-410 TO TANK 1-11 Material 	Building Materials",Roughing-ins/Conduits,Building Materials,Various,31968.66,USD,Rahul N.,Waiting
2387,Q-1005-V7061,MACRO,18 Apr 2023,IQ,(atc) A.T.,Supply &amp; Delivery Of Porcelain Tiles-AL Kharj-Saudi,Supply &amp; Delivery Of Porcelain Tiles-AL Kharj-Saudi,Building Materials,Various,15674.45,USD,Mahesh B.,Order
2388,RFQ-5622-V40001,MVL USA JV LLC,18 Apr 2023,RFQ,Kelly &.H.,BIOT-121.05 N4008422F4312 REPAIR RUNWAY EDGE LIGHTING SYSTEM,Splices &amp; Connectors,Building Materials,Various,13843.48,USD,Rahul N.,Order
2389,RFQ-5684-S9031A,MVL USA JV LLC,17 Apr 2023,RFQ,Westside B.M.,"BIOT-121.11 N4008421R0079 - X011 1634252, QP9015 - REPAIR FIRE PROTECTION SYSTEM, FACILITY 917",Acoustical Tile And Lay-In Panels,Construction,Services,2639.61,USD,Rahul N.,Order
2390,RFQ-5657-V4353C,MVL USA JV LLC,17 Apr 2023,RFQ,Halliday P.I.,"BIOT-121.17 N4008422F4422 X017 1638204, QF9006 &ndash; REPAIRS TO SEWAGE LIFT STATIONS",Miscellaneous Metal Fabrications,Misc.,Various,6365,USD,Rahul N.,Order
2391,RFQ-5655-E6800A,MVL USA JV LLC,17 Apr 2023,RFQ,Wesco I.,"BIOT-121.12 N4008422F4366/N4008421R0079 X012 EPROJECT 1575276 REPLACE AC UNITS,UNACCOMPANIED PERSONNEL HOURSING (UPH) 28",Electrical Items,Electrical,Electrical,8790.08,USD,Rahul N.,Order
2392,Q-1192-F12539,FIRESTOP,17 Apr 2023,IQ,Danube B.M.,"PROPOSED(02BAS.+GROUND+07+GYM.) BUILDING ON PLOT NO-3170183, MANKHOOL, DUBAI_NARESCO",Supply Of MEP Materials,Firestop/ DC 315,Fire,50296.11,AED,Dinesh M.,Waiting
2393,Q-1192-F12538,FIRESTOP,17 Apr 2023,IQ,Jpm A.T.,JPM/MVL/0207/2023-07,Supply Of INSS1186 And INSS1440,Firestop/ DC 315,Fire,5817,AED,Islam S.,Order
2394,Q-1192-F12537,FIRESTOP,14 Apr 2023,IQ,Al D.G.,Proposed Project In Abu Dhabi,Supply Of MEP Materials,Firestop/ DC 315,Fire,2409.75,AED,Ajeesh J.,Waiting
2395,Q-1192-F12536,FIRESTOP,14 Apr 2023,IQ,Inayah E.W.,"Wellcube Life, Tranquil Tower_LPO/MVL/4539/04",Supply Of INSS1186,Firestop/ DC 315,Fire,1981.29,AED,Islam S.,Order
2396,Q-1192-F12535,FIRESTOP,14 Apr 2023,IQ,Inayah E.W.,"Prodynamic Electromechanical,Tranquil Tower_LPO/MVL/4538/04",Supply Of INSS1440 And INSS1186,Firestop/ DC 315,Fire,1527.49,AED,Islam S.,Order
2397,Q-1192-F12534,FIRESTOP,14 Apr 2023,IQ,Inayah E.W.,"Al Majal Contracting, Al Qusais, Dubai, U.A.E._LPO 4537",Supply Of INSS1440,Firestop/ DC 315,Fire,1554,AED,Ajith S.,Order
2398,Q-1192-F12533,FIRESTOP,13 Apr 2023,IQ,Arabian C.G.,FIRST INVESTOR COMPLEX_LPO 2303643,Supply Of INSS2460 Black And INSS2460 RAL 9002,Firestop/ DC 315,Fire,130252.5,AED,Ajeesh J.,Order
2399,Q-1192-F12532,FIRESTOP,12 Apr 2023,IQ,Metco C.,Firestop Project,Supply Of INSS1440 And INSS1186,Firestop/ DC 315,Fire,15700,AED,Islam S.,Order
2400,Q-1192-F12531,FIRESTOP,12 Apr 2023,IQ,Firetrap ,Firestop Project,Supply Of INSS1440 And INSS1186,Firestop/ DC 315,Fire,15400,AED,Islam S.,Order
2401,Q-1192-F12530,FIRESTOP,12 Apr 2023,IQ,Genfocus E.C.,"CARREFOUR, TILAL AL GHAF, DUBAI, UAE.",Supply Of MEP Materials,Firestop/ DC 315,Fire,9187.5,AED,Ajith S.,Waiting
2402,RFQ-5503-V40004,MVL Greece,12 Apr 2023,RFQ,Andal B.T.,ORD-5503 GRE-121 N6247022C0002 Communication Center - Souda Bay,AMI METERS,Building Materials,Various,52000,EURO,Lince M.,Order
2403,Q-1192-F12529,FIRESTOP,12 Apr 2023,IQ,Dnb C.,"RESIDENTIAL BUILDING (2B+G+5F+ROOF), PLOT NO.: JVT 03 E MRA 003, JUMEIRAH VILLAGE DISTRICT 03, JVT, DUBAI_CJ",SUPPLY OF INSS1186,Firestop/ DC 315,Fire,13009.5,AED,Ajeesh J.,Waiting
2404,RFQ-1192-V4328,FIRESTOP,11 Apr 2023,RFQ,Shandong F.A.,MVL FIRESTOP BLDG MATL TRDG LLC,FDKJ20230411 - VARIOUS SEALANTS,Building Materials,Various,10051.2,USD,Marman I.,Order
2405,RFQ-1569-O45,MACRO,11 Apr 2023,RFQ,Construction C.S.,MVL GROUP OFFICE RELATED POS,RIB CCS Candy License Proposal (Standalone &amp; Concurrent) And Candy Cloud,Computer Peripherals,Office Assets,40887,AED,Marman I.,Order
2406,Q-1192-F12025D,FIRESTOP,11 Apr 2023,IQ,Dnb C.,"RESIDENTIAL BUILDING (2B+G+5F+ROOF), PLOT NO.: JVT 03 E MRA 003, JUMERIAH VILLAGE DISTRICT 03, JVT, DUBAI_MEP",SUPPLY OF MEP FIrestop Materials,Firestop/ DC 315,Fire,13532.4,AED,Ajeesh J.,Waiting
2407,RFQ-5503-V40003B,MVL Greece,10 Apr 2023,RFQ,Core E.S.,ORD-5503 GRE-121 N6247022C0002 Communication Center - Souda Bay,FACTORY-FABRICATED FUEL STORAGE TANKS &amp; LEAK DETECTION FOR FUELING SYSTEMS,Building Materials,Various,153314.72,USD,Lince M.,Order
2408,Q-1192-F12528,FIRESTOP,10 Apr 2023,IQ,001 C.,"PROPOSED G + 1 MASJID + SHOPS AND SERVICE BLOCKS ON PLOT NO.5132234, SAIH SHUAIB , DUBAI, UAE_MEP_GAC",Supply Of Firestop Materials,Firestop/ DC 315,Fire,2725.8,AED,Habib B.,Quotation
2409,Q-1192-F12527,FIRESTOP,07 Apr 2023,IQ,For Y.S.,"PRPOSED G + 15 F RESIDENTIAL BUILDING, SHARJAH, UAE.","SUPPLY OF INSS1440, FP05",Firestop/ DC 315,Fire,21193.2,AED,Dinesh M.,Waiting
2410,Q-1192-F12526,FIRESTOP,07 Apr 2023,IQ,Inayah E.W.,"Technomech J108-Al Barsha South Third,Dubai_LPO/MVL/4536/04_PO",Supply Of INSS1440 And INSS1186,Firestop/ DC 315,Fire,3054.97,AED,Islam S.,Order
2411,Q-1192-F12525,FIRESTOP,07 Apr 2023,IQ,Inayah E.W.,"Al Majal Contracting, Al Qusais, Dubai, U.A.E._LPO No.4535",Supply Of MEP Materials,Firestop/ DC 315,Fire,3108,AED,Ajith S.,Order
2412,Q-1192-F12034B,FIRESTOP,07 Apr 2023,IQ,Byco I.C.,Firestop Project,Supply Of Fire Stop Materials,Firestop/ DC 315,Fire,9119.62,AED,Islam S.,Waiting
2413,Q-1192-F12524,FIRESTOP,07 Apr 2023,IQ,001 C.,"PROPOSED MOSQUE ON PLOT NO.3156278, UMM HURAIR SECOND DUBAI, UAE._GAC_MEP",Supply Of Firestop Materials,Firestop/ DC 315,Fire,2247,AED,Habib B.,Waiting
2414,RFQ-5503-V40002,MVL Greece,06 Apr 2023,RFQ,I.g.karakatsanis &.C.,ORD-5503 GRE-121 N6247022C0002 Communication Center - Souda Bay,CHILLERS &amp; HEAT PUMP,Building Materials,Various,508028,EURO,Lince M.,Order
2415,RFQ-1192-M4102,FIRESTOP,06 Apr 2023,RFQ,Century M.S.,MVL FIRESTOP BLDG MATERIAL TRDG LLC,SAUDI ROCKWOOL SLAB INSULATION WITH UNFACED - AS PER ORDERED SIZES,Mechanical Items,Mechanical,9192.96,AED,Marman I.,Order
2416,Q-1192-F12523,FIRESTOP,06 Apr 2023,IQ,Rba R.E.,Derby Residence 3,Supply Of INFS0812 And INSS1440,Firestop/ DC 315,Fire,2310,AED,Ajith S.,Order
2417,Q-1192-F12508A,FIRESTOP,06 Apr 2023,IQ,Dubai D.C.,"PROPOSED COMMERCIAL/RESIDENTIAL (2B+G+M+SF+5+ROOF), PLOT NO.: 3424133, JUMEIRAH SECOND, DUBAI, UAE_CIVIL JOINT NON FIRE RATED",Supply Of INSS0285 And BR-30,Firestop/ DC 315,Fire,9082.5,AED,Ramshad K.,Waiting
2418,Q-1192-F12522,FIRESTOP,06 Apr 2023,IQ,Al M.E.,"G+2P+12+R Residential Building, Plot No.: 6457875, Wadi Al Safa 3, Dubai, UAE",SUPPLY OF MEP MATERIALS,Firestop/ DC 315,Fire,16779,AED,Ajeesh J.,Waiting
2419,Q-1192-F12521,FIRESTOP,06 Apr 2023,IQ,Al M.E.,"G+2P+12+R Residential Building, Plot No.: 6457875, Wadi Al Safa 3, Dubai, UAE-MEP-FD Only",Supply Of MEP Materials,Firestop/ DC 315,Fire,12904.5,AED,Ajeesh J.,Waiting
2420,RFQ-5503-V40001,MVL Greece,06 Apr 2023,RFQ,I.g.karakatsanis &.C.,ORD-5503 GRE-121 N6247022C0002 Communication Center - Souda Bay,"AHU,DOAS,DAMPERS",Building Materials,Various,129859,EURO,Lince M.,Order
2421,Q-1192-F12520,FIRESTOP,06 Apr 2023,IQ,Fibrex L.,Emirati School At Bidia City In Fujairah_PUR-56541-2023.R-0,Supply Of SGS 6000,Firestop/ DC 315,Fire,4646.25,AED,Habib B.,Order
2422,Q-1192-F12519,FIRESTOP,05 Apr 2023,IQ,Al M.B.,"PROPOSED G+P+5 COMMERCIAL &amp; RESIDENTIAL BUILDING,          PLOT NO.: JVC14AMRA002, JUMERIAH VILLAGE, DUBAI,CJ",Supply Of CJ Firestop Materials,Firestop/ DC 315,Fire,12652.5,AED,Ajeesh J.,Waiting
2423,Q-1192-F12518,FIRESTOP,05 Apr 2023,IQ,Emcc C.L.,PRJ-090-HVAC &amp; LSP Services For Buhasa Integrated Field Developement Project_LPO MC/23/0039,Supply Of INSS1440 And FP05,Firestop/ DC 315,Fire,2856,AED,Habib B.,Order
2424,Q-1192-F12517,FIRESTOP,05 Apr 2023,IQ,Al M.B.,"PROPOSED G+P+5 COMMERCIAL &amp; RESIDENTIAL BUILDING,          PLOT NO.: JVC14AMRA002, JUMERIAH VILLAGE, DUBAI_FD ONLY",SUPPLY OF INSS1440,Firestop/ DC 315,Fire,6783,AED,Ajeesh J.,Waiting
2425,Q-1192-F12466A,FIRESTOP,05 Apr 2023,IQ,Al M.B.,"PROPOSED G+P+5 COMMERCIAL &amp; RESIDENTIAL BUILDING, PLOT NO.: JVC14AMRA002, JUMERIAH VILLAGE, DUBAI_FULL BUILDING__MEP",Supply Of MEP Firestop Materials,Firestop/ DC 315,Fire,13387.5,AED,Ajeesh J.,Waiting
2426,RFQ-5503-V40000,MVL Greece,05 Apr 2023,RFQ,Smart D.S.,ORD-5503 GRE-121 N6247022C0002 Communication Center - Souda Bay,BALANCING VALVES (PICV),Building Materials,Various,35591.37,EURO,Lince M.,Order
2427,Q-1192-F12516,FIRESTOP,05 Apr 2023,IQ,Fibrex L.,"SULAFA TOWER, DUBAI",Supply Of INSS2460 Black,Firestop/ DC 315,Fire,8977.5,AED,Habib B.,Order
2428,Q-1192-F12515,FIRESTOP,05 Apr 2023,IQ,Trojan G.C.,Firestop Project,Supply Of INSS1440,Firestop/ DC 315,Fire,1795.5,AED,Habib B.,Order
2429,Q-1192-F12514,FIRESTOP,05 Apr 2023,IQ,Danube B.M.,"ARABIAN RANCHES III - PHASE 3A &amp; 2D (JUNE 2) VILLAS, Dubai, UAE Plot No. 6484005_NARESCO_CJ.",Supply Of CJ Firestop Materials,Firestop/ DC 315,Fire,67200,AED,Ajith S.,Waiting
2430,Q-1192-F12513,FIRESTOP,05 Apr 2023,IQ,Danube B.M.,"ARABIAN RANCHES III - PHASE 3A &amp; 2D (JUNE 2) VILLAS, Dubai, UAE Plot No. 6484005_MEP_NARESCO",Supply Of MEP Materials,Firestop/ DC 315,Fire,107257.92,AED,Ajith S.,Waiting
2431,Q-1192-V4451,FIRESTOP,04 Apr 2023,IQ,Macro V.L.,Storage Of Pallets &amp; Sign Boards - October 22,Storage Of Pallets &amp; Sign Boards - October 22,Misc.,Various,4107.04,USD,Islam S.,Cancled
2432,Q-1192-F12512,FIRESTOP,04 Apr 2023,IQ,Danube B.M.,"PROPOSED(02BAS.+GROUND+07+GYM.) BUILDING ON PLOT NO.: 3170183, MANKHOOL, DUBAI",SUPPLY OF INSS1186,Firestop/ DC 315,Fire,19950,AED,Dinesh M.,Quotation
2433,Q-1192-F12511,FIRESTOP,04 Apr 2023,IQ,Embers F.P.,Firestop Project,Supply Of DC68,Firestop/ DC 315,Fire,3200,AED,Ramshad K.,Order
2434,RFQ-1005-V7060,MACRO,04 Apr 2023,RFQ,Gulf I.G.,"(KSA 126) W912ER21C0014 KHAMIS SIMULATOR FACILITY, KSA",RIP-RAP MATERIALS FOR BACKFILLING WORKS,Building Materials,Various,24840,SAR,Marman I.,Order
2435,Q-1192-F12510,FIRESTOP,03 Apr 2023,IQ,Sepco A.C.,King Salman International Complex For Maritime Industries And Services Project,Supply Of DC6150,Firestop/ DC 315,Fire,16750,AED,Islam S.,Quotation
2436,RFQ-1005-V7059,MACRO,03 Apr 2023,RFQ,Modernity T.f.,"(KSA 126) W912ER21C0014 KHAMIS SIMULATOR FACILITY, KSA",RIGID GRID ACCESS FLOORING &amp; STATIC CONTROLLED FLOORING,Building Materials,Various,302904.25,SAR,Maricar I.,Order
2437,Q-1192-F12509,FIRESTOP,03 Apr 2023,IQ,Al S.N.,G+P+8 Retail / Residential Building On Plot 334-3004at AL Satwa Dubai _P-144 - Al Satwa_LPO 049948,Supply Of INSS1186,Firestop/ DC 315,Fire,2205,AED,Islam S.,Order
2438,Q-1192-F12508,FIRESTOP,03 Apr 2023,IQ,Dubai D.C.,"PROPOSED COMMERCIAL/RESIDENTIAL (2B+G+M+SF+5+ROOF), PLOT NO.: 3424133, JUMEIRAH SECOND, DUBAI, UAE_CIVIL JOINT NON FIRE RATED",Supply Of INSS0285 And BR-30,Firestop/ DC 315,Fire,19477.5,AED,Ramshad K.,Quotation
2439,Q-1192-F12507,FIRESTOP,03 Apr 2023,IQ,Arabian C.G.,FIC_LPO No.2303255,Supply Of INSS1440 And INSS1186,Firestop/ DC 315,Fire,36393,AED,Habib B.,Order
2440,RFQ-5657-V4352B,MVL USA JV LLC,31 Mar 2023,RFQ,Scott &.F.,"BIOT-121.17 N4008422F4422 X017 1638204, QF9006 - REPAIRS TO SEWAGE LIFT STATIONS",Fabrication &amp; Procurement Of Metal Pieces,Misc.,Various,28633,USD,Rahul N.,Order
2441,RFQ-1005-M7064,MACRO,31 Mar 2023,RFQ,Joint G.B.,(KSA-126) W912ER21C0014 Khamis Simulator Facility,"AUTOMATIC SMOKE DAMPERS, BALANCING DAMPERS",Mechanical Items,Mechanical,35806.4,SAR,Marman I.,Order
2442,Q-1192-F12506,FIRESTOP,31 Mar 2023,IQ,Door M.T.,Additional Of 2 Floors +GF (G+6 Building)_LPO 111,Supply Of FP05 And INSS1440,Firestop/ DC 315,Fire,525,AED,Dinesh M.,Order
2443,Q-1192-F12505,FIRESTOP,31 Mar 2023,IQ,Door M.T.,M26 Warehouse And Offices - Mussafah_LPO 112-2023,"Supply Of FP05, INSS1186, INSS1440",Firestop/ DC 315,Fire,2236.5,AED,Habib B.,Order
2444,Q-1192-F12504,FIRESTOP,31 Mar 2023,IQ,Al S.C.,"PROPOSED B+G+1 SHOPPING MALL ON PLOT NO.6437736,  WADI AL SAFA 2, DUBAI, UAE",SUPPLY OF MEP FIRESTOP MATERIALS,Firestop/ DC 315,Fire,4778.55,AED,Ajith S.,Quotation
2445,Q-1192-F12503,FIRESTOP,30 Mar 2023,IQ,Door M.T.,Beach Rotana_LPO 113-2023,Supply Of INSS1440,Firestop/ DC 315,Fire,336,AED,Habib B.,Order
2446,Q-1192-F12502,FIRESTOP,30 Mar 2023,IQ,Safina A.N.,"Hyundai Genesis Showroom &amp; Service Center, Shuwaikh, Kuwait",Supply Of CJ Firestop Materials,Firestop/ DC 315,Fire,33159,AED,Habib B.,Quotation
2447,Q-1192-F12501,FIRESTOP,30 Mar 2023,IQ,Safina A.N.,"HYUNDAI/GENESIS SHOWROOM &amp; SERVICE CENTER SHUWAIKH, KUWAIT.",Supply Of MEP Firestop Materials,Firestop/ DC 315,Fire,36198.75,AED,Habib B.,Quotation
2448,RFQ-5213-S9100,MACRO,30 Mar 2023,RFQ,Intertek I.P.,"(KSA 127) W912ER21C0015 - AL KHARJ WAREHOUSE, KSA",THIRD PARTY INSPECTION OF DOCK LEVELLER SYSTEM,Services,Services,354,USD,Mahesh B.,Order
2449,Q-1005-M7063,MACRO,30 Mar 2023,IQ,Titanit C.L.,Supply &amp; Delivery Of Exhaust Fan With Explosion Proof Motor,Supply &amp; Delivery Of Exhaust Fan With Explosion Proof Motor,Mechanical Items,Mechanical,8495,USD,Mahesh B.,Quotation
2450,Q-1192-F12500,FIRESTOP,30 Mar 2023,IQ,Dubai D.D.,"Mr. C Project Plot # 342-4133, Jumeirah Second (2nd), Dubai Water Canal&ndash; U.A.E",INSS0285 Acoustic &amp; Smoke Sealant,Firestop/ DC 315,Fire,6772.5,AED,Ramshad K.,Order
2451,Q-1192-F12499,FIRESTOP,30 Mar 2023,IQ,Embers F.P.,Firestop Project,Supply Of Flame Retardant Spray,Firestop/ DC 315,Fire,4800,AED,Ramshad K.,Order
2452,Q-1192-F12297A,FIRESTOP,30 Mar 2023,IQ,Fsime C.L.,PRICE LIST,SUPPLY OF FIRESTOP MATERIALS,Firestop/ DC 315,Fire,10728.24,AED,Islam S.,Quotation
2453,Q-1192-F12498,FIRESTOP,29 Mar 2023,IQ,Fibrex L.,PO56173 - FURJAN,Supply Of SGS 6000,Firestop/ DC 315,Fire,9450,AED,Habib B.,Order
2454,RFQ-5193-A5203,MACRO,29 Mar 2023,RFQ,Lakshmi M.T.,"(KSA 126) W912ER21C0014 KHAMIS SIMULATOR FACILITY, KSA",ALUMINUM DOORS,Doors,Architectural,86245,AED,Maricar I.,Order
2455,RFQ-5829-V4351,MACRO,29 Mar 2023,RFQ,Sams G.T.,"ORD-5829 UAE-123R W912ER22C0026 P-960 Triton Operational Facility, Uniited Arab Emirates",UltraSonic Goggle (PREMIUM PLUS) E114231325,Misc.,Various,315,AED,Marman I.,Order
2456,Q-1192-F12497,FIRESTOP,28 Mar 2023,IQ,Fscunion Y.S.,FIRESTOPPING PROJECT IN TURKEY,Supply Of INSS1186 NS 5G Pails,Firestop/ DC 315,Fire,12150,USD,Islam S.,Order
2457,Q-1005-V4202,MV LLC,28 Mar 2023,IQ,American C.G.,Solicitation#19GE5023Q0014-Dugout Shelters-US Embassy-Kyiv,Solicitation#19GE5023Q0014-Dugout Shelters-US Embassy-Kyiv,Containers,Various,0,USD, ,Waiting
2458,RFQ-1569-V4408,MACRO,28 Mar 2023,RFQ,Smile C.,MVL Group Ofice Related POs,"Business Cards For Rabih, Ayman, And Ravi",Misc.,Various,378,AED,Marman I.,Order
2459,Q-1005-V7058,MV LLC,28 Mar 2023,IQ,Elite P.E.,"Supply &amp; Delivery Of Compressed Pipe Fittings-TRLC,Qatar","Supply &amp; Delivery Of Compressed Pipe Fittings-TRLC,Qatar",Building Materials,Various,4167,USD,Mahesh B.,Order
2460,Q-1192-F12496,FIRESTOP,28 Mar 2023,IQ,Mathews M.M.,LPO NO.OT00003299,Supply Of INSS2460 Black,Firestop/ DC 315,Fire,4872,AED,Islam S.,Order
2461,Q-1192-F12495,FIRESTOP,28 Mar 2023,IQ,Jpm A.T.,Mashreq Bank Global HQ L10_LPO JPM/MVL/0325/2023-01,Supply Of FM012,Firestop/ DC 315,Fire,867.06,AED,Dinesh M.,Order
2462,Q-1192-F12444A,FIRESTOP,27 Mar 2023,IQ,Al H.B.,"G+M+3 Typ. Floor + R, Plot No. : 152, Khorfakkan_Fujairah",Supply Of MEP Materials,Firestop/ DC 315,Fire,1680,AED,Ajeesh J.,Order
2463,Q-1192-F12369A,FIRESTOP,27 Mar 2023,IQ,Dubai C.E.,"(G+5F+R) RESIDENTIAL BUILDING, PLOT NO.: IC3-F-31, WARSAN, DUBAI","SUPPLY OF INSS1186 5G PAIL, D64T50",Firestop/ DC 315,Fire,7859.25,AED,Ajeesh J.,Quotation
2464,Q-1192-F12370A,FIRESTOP,27 Mar 2023,IQ,Dubai C.E.,"(G+5F+R) RESIDENTIAL BUILDING, PLOT NO.: IC3-F-31, WARSAN, DUBAI_MEP",SUPPLY OF MEP - FIRESTOP MATERIALS,Firestop/ DC 315,Fire,15784.65,AED,Ajeesh J.,Order
2465,Q-1192-F12494,FIRESTOP,27 Mar 2023,IQ,001 C.,"PROPOSED MOSQUE ON PLOT NO.3156278, UMM HURAIR SECOND DUBAI, UAE.",SUPPLY OF INSS1440 And CFS01,Firestop/ DC 315,Fire,2205,AED,Habib B.,Quotation
2466,Q-1192-F12493,FIRESTOP,27 Mar 2023,IQ,001 C.,"PROPOSED MOSQUE ON PLOT NO.3156278, UMM HURAIR SECOND, DUBAI, UAE._CIVIL_GAC",SUPPLY OF INSS1186,Firestop/ DC 315,Fire,5811.75,AED,Habib B.,Quotation
2467,Q-1192-F12492,FIRESTOP,27 Mar 2023,IQ,001 C.,"PROPOSED G + 1 MASJID + SHOPS AND SERVICE BLOCKS ON PLOT NO.5132234, SAIH SHUAIB , DUBAI, UAE_GAC_CIVIL",SUPPLY OF INSS1186,Firestop/ DC 315,Fire,5717.25,AED,Habib B.,Quotation
2468,Q-1192-F12491,FIRESTOP,27 Mar 2023,IQ,Inayah E.W.,"Technomech J108-Al Barsha South Third,Dubai_LPO: LPO/MVL/4534/03",Supply Of INSS1440 And INSS1186,Firestop/ DC 315,Fire,3054.97,AED,Islam S.,Order
2469,Q-1192-F12490,FIRESTOP,27 Mar 2023,IQ,Inayah E.W.,"Al Majal Contracting , Al Qusais , Dubai , UAE_LPO/MVL/4533/03",Supply Of INSS1440,Firestop/ DC 315,Fire,2331,AED,Ajith S.,Order
2470,Q-1192-F12489,FIRESTOP,27 Mar 2023,IQ,Al F.F.,The Community (Park Inn) JVT Dubai_LPO No.000019,SUPPLY OF INSS1186,Firestop/ DC 315,Fire,6090,AED,Ajeesh J.,Order
2471,RFQ-5532-V4356,MVL USA JV LLC,27 Mar 2023,RFQ,The U.W.,BIOT-121 N4008421D0082/ N4008421R0079 AEC DB DBB MACC,BASKETBALL JERSEYS FOR DG TEAM,Misc.,Various,3000,AED,Marman I.,Order
2472,Q-1192-F12488,FIRESTOP,27 Mar 2023,IQ,Inayah E.W.,"ASGC , Creek Edge , Creek Harbour , Dubai_LPO:LPO/MVL/4532/03",SUPPLY OF FP05,Firestop/ DC 315,Fire,772.8,AED,Ajeesh J.,Order
2473,RFQ-1192-F12487,FIRESTOP,27 Mar 2023,RFQ,Wimpey L.(.,MVL FIRESTOP BLDG MATL TRDG LLC,Full Specialty Physical Testing  - Joint Movement Capability - ASTM C719 (modified) - Sealants,Firestop/ DC 315,Fire,2100.02,AED,Marman I.,Order
2474,Q-1192-F12486,FIRESTOP,24 Mar 2023,IQ,Elaf A.P.,PAKISTAN PROJECT,Supply Of Firestop Materials,Firestop/ DC 315,Fire,382588.5,AED,Habib B.,Quotation
2475,Q-1192-F12485,FIRESTOP,24 Mar 2023,IQ,Modern B.C.,"Proposed G+6 Residential &amp; Retail Building (Vincitore Benessere), Plot No.: 6734123, Dubai_MEP With Floor",Supply Of MEP Firestop Materials,Firestop/ DC 315,Fire,25252.5,AED,Ajeesh J.,Quotation
2476,Q-1192-F12484,FIRESTOP,24 Mar 2023,IQ,Modern B.C.,"Proposed G+6 Residential &amp; Retail Building (Vincitore Benessere), Plot No.: 6734123, Dubai,_ARJAN_ MEP Without Floor",Supply Of MEP Firestop Materials,Firestop/ DC 315,Fire,67942.35,AED,Ajeesh J.,Quotation
2477,Q-1192-F12483,FIRESTOP,24 Mar 2023,IQ,Modern B.C.,"Proposed G+6 Residential &amp; Retail Building (Vincitore Benessere), Plot No.: 6734123, Dubai_ARJAN_CIVIL JOINT",SUPPLY OF INSS1186,Firestop/ DC 315,Fire,37695,AED,Ajeesh J.,Quotation
2478,Q-1192-F12482,FIRESTOP,24 Mar 2023,IQ,001 C.,JVT Project. Al Sayegh Contracting LLC_LPO No.049,"Supply Of INFS0812, INSS1440, INSS1186",Firestop/ DC 315,Fire,8921.85,AED,Dinesh M.,Order
2479,Q-1192-F12481,FIRESTOP,23 Mar 2023,IQ,Danube B.M.,Firestop Project _LPOCCC-2230000251,Supply Of DC-68,Firestop/ DC 315,Fire,113400,AED,Ramshad K.,Order
2480,Q-1192-F12480,FIRESTOP,23 Mar 2023,IQ,Arabian C.G.,First Investor Complex_LPO 2302865,Supply Of CFS01,Firestop/ DC 315,Fire,19031.25,AED,Habib B.,Order
2481,RFQ-5193-V40001,MACRO,22 Mar 2023,RFQ,National F.F.,"(KSA 126) W912ER21C0014 KHAMIS SIMULATOR FACILITY, KSA",STEEL WINDOWS,Building Materials,Various,16555,USD,Maricar I.,Order
2482,Q-1192-F12479,FIRESTOP,22 Mar 2023,IQ,Al S.N.,"P-149-3B+G+M+3P+19+Gym+R Residential Building On Plot No: 318-0291, Al Karama, Dubai - U.A.E",SUPPLY OF INSS1186,Firestop/ DC 315,Fire,2205,AED,Islam S.,Order
2483,Q-1005-V7057,MV LLC,22 Mar 2023,IQ,Department O.D.,Supply &amp; Delivery Of Water Test Kits-Camp Kinser-Japan,Supply &amp; Delivery Of Water Test Kits-Camp Kinser-Japan,Building Materials,Various,9970.4,USD,Mahesh B.,Quotation
2484,Q-1192-F12366A,FIRESTOP,22 Mar 2023,IQ,Embers F.P.,FIRESTOP PROJECT,SUPPLY OF DC68,Firestop/ DC 315,Fire,1700,AED,Ramshad K.,Order
2485,Q-1192-F12478,FIRESTOP,22 Mar 2023,IQ,Rukn A.M.,Firestop Project,Supply Of SGS And NWS,Firestop/ DC 315,Fire,11760,AED,Islam S.,Order
2486,Q-1192-F12477,FIRESTOP,22 Mar 2023,IQ,Maani V.,"NEOM CONTRACTORS VILLAGE, KSA_MEP",Supply Of MEP Materials,Firestop/ DC 315,Fire,223700,AED,Islam S.,Quotation
2487,Q-1192-F12476,FIRESTOP,22 Mar 2023,IQ,Maani V.,"NEOM CONTRACTORS VILLAGE, KSA",SUPPLY OF INSS1186,Firestop/ DC 315,Fire,63750,AED,Islam S.,Quotation
2488,RFQ-1005-M7061,MACRO,22 Mar 2023,RFQ,Asem F.E.,"(KSA-126) W912ER21C0014 Khamis Simulator Facility, Kingdom Of Saudi Arabia",Buffer Tank And Air Separator,Mechanical Items,Mechanical,45660.75,SAR,Marman I.,Order
2489,Q-1192-F12475,FIRESTOP,22 Mar 2023,IQ,Construction &.B.,"G+1P+8 TYP. FLOORS+ROOF, RESIDENTIAL BUILDINGS (2 NOS.) ON PLOT NO.: 6854459 &amp; 6854460, DUBAI PRODUCTION CITY, DUBAI, UAE",Supply Of MEP Materials,Firestop/ DC 315,Fire,65803.5,AED,Ajith S.,Quotation
2490,RFQ-1005-M7060,MACRO,22 Mar 2023,RFQ,Pure S.,"(KSA-126) W912ER21C0014 Khamis Simulator Facility, Kingdom Of Saudi Arabia","Xylem Bell &amp; Gossett Hot Water Circulator Pump Series: PL, Model: PL-55B",Mechanical Items,Mechanical,11500,SAR,Marman I.,Order
2491,Q-1192-F12474,FIRESTOP,21 Mar 2023,IQ,001 C.,Dubai Hills Project_Gulf Asia_LPO No.046,Supply Of INSS1186 And INSS1440,Firestop/ DC 315,Fire,7575.75,AED,Habib B.,Order
2492,RFQ-1005-V7056,MACRO,21 Mar 2023,RFQ,Synergy B.S.,"(KSA-126) W912ER21C0014 Khamis Simulator Facility, Kingdom Of Saudi Arabia",AIR VAPOR BARRIER SYSTEM,Building Materials,Various,162596.31,AED,Marman I.,Order
2493,Q-1192-F12473,FIRESTOP,21 Mar 2023,IQ,Modern B.C.,J426_LPO 8451,Supply Of INSS0285,Firestop/ DC 315,Fire,17640,AED,Ajeesh J.,Order
2494,Q-1094-F7003,FIRESTOP,21 Mar 2023,IQ,Modern B.C.,J426_LPO 8451,Supply Of INSS0285,Firestop/ DC 315,Fire,17640,AED,Ajeesh J.,Cancled
2495,RFQ-5532-M4002,MVL USA JV LLC,21 Mar 2023,RFQ,Evangel I.M.,BIOT-121 N4008421D0082/ N4008421R0079 AEC DB DBB MACC,Self Propelled Scissor Lift,Machine / Equipments,Mechanical,20400,USD,Marman I.,Order
2496,Q-1192-F11915A,FIRESTOP,21 Mar 2023,IQ,Modern B.C.,"PROPOSED RETAIL &amp; RESIDENTIAL BUILDING (G+4),                  PLOT NO.: 6731185, AL BARSHA SOUTH THIRD, DUBAI# LPO 7635",Supply Of Fire Stop Materials MEP,Firestop/ DC 315,Fire,2670.44,AED,Ajeesh J.,Order
2497,RFQ-1005-V7055,MACRO,20 Mar 2023,RFQ,Masdar T.S.,"(KSA-126) W912ER21C0014 Khamis Simulator Facility, Kingdom Of Saudi Arabia",HVAC DUCTS ACCESSORIES,Building Materials,Various,6234.15,SAR,Maricar I.,Order
2498,Q-1192-F12472,FIRESTOP,20 Mar 2023,IQ,Door M.T.,Construction Of Police Station - Dalma Island LPO#108-2023,"Supply Of INSS1186, INSS1440, FP05",Firestop/ DC 315,Fire,5670,AED,Habib B.,Order
2499,Q-1192-F12471,FIRESTOP,20 Mar 2023,IQ,Inayah E.W.,"Al Avon, Nad Al Hamar_LPO/MVL/4531/03","Supply Of INSS1440, INSS1186, INFS0812, FP05",Firestop/ DC 315,Fire,2745.49,AED,Islam S.,Order
2500,Q-1192-F12470,FIRESTOP,20 Mar 2023,IQ,Jpm A.T.,"Mashreq Bank Global HQ L10, LPO JPM/MVL/0325/2023","Supply Of INSS1440, FP05",Firestop/ DC 315,Fire,1833.06,AED,Dinesh M.,Order
2501,Q-1192-F12469,FIRESTOP,20 Mar 2023,IQ,Al F.F.,The Community Park Inn JVT Dubai_LPO 000018,Supply Of INSS1186 And INSS1440,Firestop/ DC 315,Fire,6982.5,AED,Ajeesh J.,Order
2502,Q-1192-F12468,FIRESTOP,18 Mar 2023,IQ,Al H.,"AL MAMSHA, BUILDING SN2 (B+G+7F+R), PLOT NO.5052, MUWELEH, SHARJAH, UAE.",Supply Of MEP Firestop Materials,Firestop/ DC 315,Fire,26066.25,AED,Islam S.,Order
2503,Q-1192-F12467,FIRESTOP,17 Mar 2023,IQ,Door M.T.,Sea Palace - Abu Dhabi_LPO 109-2023,Supply Of FPO5,Firestop/ DC 315,Fire,378,AED,Habib B.,Order
2504,RFQ-1569-V4407,MACRO,17 Mar 2023,RFQ,Printek S.,MVL Group Office Related POs,TONER SET FOR SHARP MX-3051,Misc.,Various,1953,AED,Marman I.,Order
2505,Q-1192-F12398A,FIRESTOP,17 Mar 2023,IQ,Arabian C.G.,HOLIDAY INN &amp; KINGSTON RESIDENCES_LPO 2302700,SUPPLY OF INSS1440,Firestop/ DC 315,Fire,3255,AED,Habib B.,Order
2506,Q-1192-F12466,FIRESTOP,17 Mar 2023,IQ,Al M.B.,"PROPOSED G+P+5 COMMERCIAL &amp; RESIDENTIAL BUILDING, PLOT NO.: JVC14AMRA002, JUMERIAH VILLAGE, DUBAI_MEP",Supply Of MEP Firestop Materials,Firestop/ DC 315,Fire,2581.95,AED,Ajeesh J.,Quotation
2507,Q-1192-F12465,FIRESTOP,17 Mar 2023,IQ,Al S.C.,"PROPOSED B+G+1 SHOPPING MALL ON PLOT NO.6437736,  WADI AL SAFA 2, DUBAI, UAE",SUPPLY OF INSS1186,Firestop/ DC 315,Fire,4095,AED,Ajith S.,Quotation
2508,RFQ-5655-V40001A,MVL USA JV LLC,16 Mar 2023,RFQ,Tic L.E.,"ORD-5655 BIOT-121.12 N4008422F4366/N4008421R0079 X012 EPROJECT 1575276 REPLACE AC UNITS, UNACCOMPANIED PERSONNEL HOURSING (UPH) 28",Pipe Insulation &amp; Accessories,Building Materials,Various,8727.69,USD,Lince M.,Order
2509,RFQ-1569-V4406,MACRO,16 Mar 2023,RFQ,Smile C.,MVL Group Office Related POs,BUSINESS CARD FOR Executive Vice President - Operations Ziad Jabr,Misc.,Various,126,AED,Marman I.,Order
2510,RFQ-1192-V4450,FIRESTOP,16 Mar 2023,RFQ,Grand S.C.,MVL FIRESTOP BLDG TRDG LLC,Stationery Items,Misc.,Various,1026.95,AED,Marman I.,Order
2511,Q-1192-F12464,FIRESTOP,16 Mar 2023,IQ,Asifat A.T.,G+6P+41 TYO+SER+HC+ROSE TOWER,Supply Of CFS01,Firestop/ DC 315,Fire,79642.5,AED,Ajeesh J.,Quotation
2512,Q-1192-F12463,FIRESTOP,16 Mar 2023,IQ,Ginco C.C.,"3B + G + 4 FLOORS + GYM ON ROOF RETAIL/ RESIDENTIAL BUILDING ON PLOT NO.: 5910117 AT JABAL ALI FIRST, DUBAI_CJ",Supply Of INSS1186,Firestop/ DC 315,Fire,24255,AED,Ramshad K.,Quotation
2513,Q-1192-F12462,FIRESTOP,16 Mar 2023,IQ,Ginco C.C.,"TOWN SQUARE - DUBAI UNA APARTMENTS ON PLOT 922-9210 AT AL YALAYIS-2, DUBAI, UAE_CJ",SUPPLY OF INSS1186,Firestop/ DC 315,Fire,45097.5,AED,Ramshad K.,Quotation
2514,Q-1192-F12461,FIRESTOP,16 Mar 2023,IQ,Construction &.B.,"G+1 Villas, Gardenia Townhomes II, Jabal Ali First, Dubai, UAE (3B &amp; 4B Villa _ Total 92 Villas _ Lumpsum)_NON FIRE RATED",Supply Of INSS0285,Firestop/ DC 315,Fire,44719.5,AED,Ajith S.,Quotation
2515,Q-1192-F12460,FIRESTOP,16 Mar 2023,IQ,Construction a.B.,"G+1 Villas, Gardenia Townhomes II, Jabal Ali First, Dubai, UAE (3B &amp; 4B Villa _ Total 92 Villas _ Lumpsum)_CJ",SUPPLY OF INSS1186,Firestop/ DC 315,Fire,26754,AED,Ajith S.,Quotation
2516,Q-1192-F12459,FIRESTOP,16 Mar 2023,IQ,Construction &.B.,"G+1 Villas, Gardenia Townhomes II, Jabal Ali First, Dubai, UAE (3B &amp; 4B Villa _ Total 92 Villas _ Lumpsum)",Supply Of INSS0285,Firestop/ DC 315,Fire,44719.5,AED,Ajith S.,Quotation
2517,Q-1192-F12458,FIRESTOP,16 Mar 2023,IQ,Construction &.B.,"G+1 Villas, Gardenia Townhomes II, Jabal Ali First, Dubai, UAE (3B &amp; 4B Villa _ Total 92 Villas _ Lumpsum)",Supply Of INSS1440 And INFS0812,Firestop/ DC 315,Fire,21036.75,AED,Ajith S.,Quotation
2518,Q-1192-F12457,FIRESTOP,15 Mar 2023,IQ,Construction &.B.,"G+1P+8 TYP FLOORS+ROOF RESIDENTIAL BUILDINGS ON PLOT NO.6854459 &amp; 6854460,AT DUBAI PRODUCTION CITY, DUBAI,UAE (2 Buildings)",SUPPLY OF INSS1186,Firestop/ DC 315,Fire,38902.5,AED,Ajith S.,Quotation
2519,Q-1192-F12456,FIRESTOP,15 Mar 2023,IQ,Inayah E.W.,"Technomech J107-Satwa,Dubai_LPO/MVL/4528/03",Supply Of INSS1440,Firestop/ DC 315,Fire,867.06,AED,Islam S.,Order
2520,Q-1192-F12455,FIRESTOP,15 Mar 2023,IQ,Inayah E.W.,"Technomech J108-Al Barsha South Third,Dubai_LPO/MVL/4529/03PO",Supply Of INSS1440,Firestop/ DC 315,Fire,866.99,AED,Islam S.,Order
2521,Q-1192-F12454,FIRESTOP,15 Mar 2023,IQ,Inayah E.W.,"Technomech J106-Satwa,Dubai_LPO/MVL/4527/03",Supply Of INSS1440,Firestop/ DC 315,Fire,867.06,AED,Islam S.,Order
2522,Q-1192-F12453,FIRESTOP,15 Mar 2023,IQ,Inayah E.W.,"Prodynamic Electromechanical,Tranquil Tower_LPO/MVL/4530/03",Supply Of INSS1440,Firestop/ DC 315,Fire,867.06,INR,Islam S.,Order
2523,Q-1192-F12452,FIRESTOP,14 Mar 2023,IQ,Ginco C.C.,G+4P+12+HC Residential Building @ Al Barsha Plot No. 373-140,Supply Of MEP Firestop Materials,Firestop/ DC 315,Fire,30093,AED,Ramshad K.,Quotation
2524,Q-1192-F12451,FIRESTOP,14 Mar 2023,IQ,Ginco C.C.,G+4P+12+HC Residential Building @ Al Barsha Plot No. 373-140,Supply Of Head Of Wall Joint Firestop Materials,Firestop/ DC 315,Fire,73132.5,AED,Ramshad K.,Quotation
2525,Q-1192-F12450,FIRESTOP,14 Mar 2023,IQ,Jpm A.T.,3B+G+23 TYP BLDG- (Omis Tower)_LPO JPM/MVL/0323/2023,Supply Of Firestop Materials,Firestop/ DC 315,Fire,5271,AED,Islam S.,Order
2526,Q-1192-F12449,FIRESTOP,14 Mar 2023,IQ,Jpm A.T.,JPM/MVL/0324/2023_OST_LPOJPM/MVL/0324/2023,Supply Of INSS1186,Firestop/ DC 315,Fire,1811.25,AED,Ajeesh J.,Order
2527,Q-1192-F12448,FIRESTOP,13 Mar 2023,IQ,Al H.,"VIP VILLA,  RAK,",Supply Of INSS1440 And INFS0812,Firestop/ DC 315,Fire,5595.45,AED,Ajith S.,Quotation
2528,Q-1192-F12435A,FIRESTOP,13 Mar 2023,IQ,Modern B.C.,"Vincitore Benessere Project, Arjan",Supply INSS0285of - CJ - Non Fire Rated,Firestop/ DC 315,Fire,17640,AED,Ajeesh J.,Quotation
2529,Q-1192-F12447,FIRESTOP,10 Mar 2023,IQ,Elaf A.P.,Firestop Project,Supply Of FBO1 And INSS2460,Firestop/ DC 315,Fire,1782,AED,Habib B.,Quotation
2530,Q-1192-F12446,FIRESTOP,10 Mar 2023,IQ,Al H.B.,Zakya Cargo Transport,Supply Of Firestop Materials,Firestop/ DC 315,Fire,0,AED,Ajeesh J.,Quotation
2531,Q-1192-F12445,FIRESTOP,10 Mar 2023,IQ,Arabian C.G.,HOLIDAY INN &amp; KINGSTON RESIDENCES_LPO 2302422,SUPPLY OF MORTAR  - CFS01,Firestop/ DC 315,Fire,3045,AED,Habib B.,Order
2532,RFQ-5532-V40000,MVL USA JV LLC,10 Mar 2023,RFQ,V-trust I.S.,BIOT-121 N4008421D0082/ N4008421R0079 AEC DB DBB MACC,SIMPLE FACTORY AUDIT,Building Materials,Various,268,USD,Maricar I.,Order
2533,RFQ-5532-V4355,MVL USA JV LLC,10 Mar 2023,RFQ,Foshan S.M.,BIOT-121 N4008421D0082/ N4008421R0079 AEC DB DBB MACC,Folding &amp; Flat Pack Container House Design,Misc.,Various,170600,USD,Rahul N.,Order
2534,Q-1192-F12444,FIRESTOP,09 Mar 2023,IQ,Al H.B.,"Proposed B+G+1+R Villa, Plot No.: JGE-WF-A-K094,Jumeriah Golf Estate, Dubai, UAE",Supply Of MEP Materials,Firestop/ DC 315,Fire,2811.9,AED,Ajeesh J.,Order
2535,Q-1192-F12443,FIRESTOP,09 Mar 2023,IQ,Elaf A.P.,Firestop Project,Supply Of DC6150 And INFS0812,Firestop/ DC 315,Fire,1891,AED, ,Quotation
2536,Q-1192-F12442,FIRESTOP,09 Mar 2023,IQ,Durat A.K.,"Ambulatory Clinic Jebel Hafeet, Al Ain_LPO JHAC-FIN-MR 011",Supply Of INSS1186 And BR-20,Firestop/ DC 315,Fire,2829.75,AED,Ajeesh J.,Order
2537,RFQ-5532-V4354,MVL USA JV LLC,08 Mar 2023,RFQ,Ppe S.P.,BIOT-121 N4008421D0082/ N4008421R0079 AEC DB DBB MACC,SAFETY SHOES,Misc.,Various,665,AED,Marman I.,Order
2538,Q-1192-F12441,FIRESTOP,08 Mar 2023,IQ,Sumer C.C.,"Proposed B+G+1+R Villa With Service Block, Plot No.: 6166844, Nadd Al Shiba Third, Dubai",Supply Of INSS1440,Firestop/ DC 315,Fire,178.5,AED,Ajeesh J.,Order
2539,Q-1192-F12440,FIRESTOP,08 Mar 2023,IQ,Media P.I.,Aldar Experts &amp; Honours Event,Supply Of DC68,Firestop/ DC 315,Fire,2467.5,AED,Ramshad K.,Order
2540,Q-1192-F12439,FIRESTOP,08 Mar 2023,IQ,001 C.,EVIQE FACTORY_001_EIFM,SUPPLY OF INSS1186,Firestop/ DC 315,Fire,1543.5,AED, ,Quotation
2541,Q-1192-F11998C,FIRESTOP,08 Mar 2023,IQ,Jpm A.T.,2B+G+11 FLOOR- OST CONT. # LPO JPM/MVL/0317/2023,SUPPLY OF INSS1186 &amp; INSS1440,Firestop/ DC 315,Fire,2199.75,AED,Ajeesh J.,Order
2542,Q-1192-F12438,FIRESTOP,08 Mar 2023,IQ,United L.C.,Fire Retardant Spray For  Fabrics,Supply Of DC68,Firestop/ DC 315,Fire,5000,AED,Islam S.,Quotation
2543,Q-1192-F12437,FIRESTOP,08 Mar 2023,IQ,Al F.F.,"Uniestate Supreme Residence, JVT_LPO 000018",Supply Of INSS1440,Firestop/ DC 315,Fire,8242.5,AED,Ajith S.,Order
2544,RFQ-1569-O44,MACRO,08 Mar 2023,RFQ,Al K.C.,MVL Group Office Related POs,2 UNITS DESKTOPS FOR HEAD OFFICE,Computer Peripherals,Office Assets,4725,AED,Marman I.,Order
2545,RFQ-1569-O43,MACRO,07 Mar 2023,RFQ,Al K.C.,MVL Group Office Related POs,2 UNITS OF DESKTOPS,Computer Peripherals,Office Assets,4725,AED,Marman I.,Waiting
2546,RFQ-1005-V7053,MACRO,07 Mar 2023,RFQ,Al S.,"(KSA-126) W912ER21C0014 Khamis Simulator Facility, Kingdom Of Saudi Arabia",VENCO FANS - USA ( GREENHECK ) TAG # RTH-A-1 AND TAG # RTH-A-2 (MODEL- VGI),Building Materials,Various,39263.28,SAR,Marman I.,Order
2547,Q-1192-F12436,FIRESTOP,07 Mar 2023,IQ,Door M.T.,Amazon Ware House _LPO 107-2023,Supply Of INSS1440,Firestop/ DC 315,Fire,2457,AED,Habib B.,Order
2548,Q-1192-F12150B,FIRESTOP,06 Mar 2023,IQ,Fibrex L.,FS-12 Balcony Partition @ Podium And Tower - Structural Sealant- Dowsil 895_LPO55072-2023,Supply Of Structural Glazing Silicone Sealant,Firestop/ DC 315,Fire,30712.5,AED,Habib B.,Order
2549,Q-1192-F12211A,FIRESTOP,06 Mar 2023,IQ,Al F.C.,"Prime Residency 3, Plot #AFC022 @Al Furjan, Dubai_LPO J17083",SUPPLY OF INSS0285 5G PAIL,Firestop/ DC 315,Fire,2362.5,AED,Islam S.,Order
2550,Q-1192-F12435,FIRESTOP,06 Mar 2023,IQ,Modern B.C.,"Residential And Retail Building: G+2+R &amp; G+6+R On Plot No 673-4123 At Al Barsha South Third, Arjan, Dubai.",Supply Of INSS0285,Firestop/ DC 315,Fire,27090,AED,Ajeesh J.,Quotation
2551,RFQ-5532-M4001,MVL USA JV LLC,06 Mar 2023,RFQ,Evangel I.M.,BIOT-121 N4008421D0082/ N4008421R0079 AEC DB DBB MACC,HEAVY EQUIPMENTS - CIF SINGAPORE,Machine / Equipments,Mechanical,101700,USD,Marman I.,Order
2552,Q-1192-F12434,FIRESTOP,06 Mar 2023,IQ,Gulf T.B.,RATLS FUTTAM _LPO GT_PO_1891 P2,SUPPLY OF INSS2460-ALS128,Firestop/ DC 315,Fire,4032,AED,Islam S.,Order
2553,RFQ-1569-V4405,MACRO,06 Mar 2023,RFQ,Smile C.,MVL GROUP OFFICE RELATED POs,BUSINESS CARD FOR VP Of Projects-Europe - Charles Ernie Hogue,Misc.,Various,147,AED,Marman I.,Order
2554,Q-1192-F12433,FIRESTOP,06 Mar 2023,IQ,001 C.,JVT Project. Al Sayegh Contracting LLC_LPO No.045,Supply Of Firestop Materials,Firestop/ DC 315,Fire,11035.5,AED,Dinesh M.,Order
2555,Q-1192-F12432,FIRESTOP,06 Mar 2023,IQ,Arabian C.G.,First Investor Complex_LPO 2302203,Supply Of INFS0812 And SSHoop,Firestop/ DC 315,Fire,22396.5,AED,Habib B.,Order
2556,Q-1192-F12431,FIRESTOP,03 Mar 2023,IQ,Jazal E.,"STAFF ACCOMMODATION (B+G+7F+R), Plot C5, Sector SE26_01,Zone Khalifa City, U.A.E",Supply Of MEP Firestop Materials,Firestop/ DC 315,Fire,46000.5,AED,Dinesh M.,Quotation
2557,Q-1192-F12430,FIRESTOP,03 Mar 2023,IQ,Jazal E.,"STAFF ACCOMMODATION (B+G+7F+R), Plot C5, Sector SE26_01,Zone Khalifa City, U.A.E",SUPPLY OF CJ MATERIALS,Firestop/ DC 315,Fire,10920,AED, ,Quotation
2558,Q-1192-F12429,FIRESTOP,03 Mar 2023,IQ,Jazal E.,Unit Price - MEP Firestop Project,Supply Of MEP Materials,Firestop/ DC 315,Fire,2152.5,AED,Dinesh M.,Quotation
2559,Q-1192-F12428,FIRESTOP,03 Mar 2023,IQ,Jazal E.,Unit Price Civil Joints Firestop Project,Supply Of Civil Joints Firestop Materials,Firestop/ DC 315,Fire,904.05,AED,Dinesh M.,Quotation
2560,Q-1192-F12427,FIRESTOP,03 Mar 2023,IQ,Adamallys L.,INQUIRY - RO008/23-EQ,SUPPLY OF FM011 -MOLDABLE FIRESTOP PUTTY,Firestop/ DC 315,Fire,472.5,AED,Ajith S.,Quotation
2561,RFQ-1192-F12426,FIRESTOP,03 Mar 2023,RFQ,International C.T.,MVL FIRESTOP BLDG MATL TRDG LLC,Order No. INCA-20230224-03,Firestop/ DC 315,Fire,7616,USD, ,Order
2562,Q-1192-F12425,FIRESTOP,02 Mar 2023,IQ,Trojan G.C.,YAS ACRES PHASE 2 - TENDER NO.123795,SUPPLY OF NWS 2000,Firestop/ DC 315,Fire,126000,AED,Habib B.,Quotation
2563,Q-1192-F12424,FIRESTOP,02 Mar 2023,IQ,Upturn ,FIRESTOP PROJECT _EXPANSION JOINT,SUPPLY OF INSS1186,Firestop/ DC 315,Fire,982.8,AED,Islam S.,Quotation
2564,RFQ-5532-V4353,MACRO,02 Mar 2023,RFQ,The U.W.,BIOT-121 N4008421D0082/ N4008421R0079 AEC DB DBB MACC,MVL-BROMGROVE JV LLC TEAM DRIFIT POLO SHIRTS,Misc.,Various,2016,AED,Maricar I.,Order
2565,RFQ-1192-S9075,FIRESTOP,02 Mar 2023,RFQ,Sel C.R.,MVL FIRESTOP BLDG MATL TRDG LLC,"Nissan Suny 1.5lt  2019	Monthly Rental",Subcontract,Services,1470,AED,Marman I.,Order
2566,Q-1192-F12423,FIRESTOP,02 Mar 2023,IQ,Inayah E.W.,"Technomech J108-Al Barsha South Third,Dubai _LPO/MVL/4526/03",SUPPLY OF INSS1440_INSS1186,Firestop/ DC 315,Fire,1527.49,AED,Islam S.,Order
2567,Q-1192-F12422,FIRESTOP,02 Mar 2023,IQ,Inayah E.W.,"Technomech J107-Satwa,Dubai _LPO/MVL/4525/03",SUPPLY OF INSS1440_INSS1186,Firestop/ DC 315,Fire,1527.49,AED,Islam S.,Order
2568,Q-1192-F12421,FIRESTOP,02 Mar 2023,IQ,Inayah E.W.,"Technomech J106-Satwa,Dubai_LPO/MVL/4524/03",SUPPLY OF INSS1440_INSS1186,Firestop/ DC 315,Fire,1527.49,AED,Islam S.,Order
2569,Q-1192-F12420,FIRESTOP,02 Mar 2023,IQ,Inayah E.W.,"P 189-Al Habbai Contracting, Satwa_LPO/MVL/4523/03",SUPPLY OF INSS1186,Firestop/ DC 315,Fire,2641.72,AED,Islam S.,Order
2570,Q-1192-F12419,FIRESTOP,02 Mar 2023,IQ,Inayah E.W.,P 188-AL HABBAI CONTRACTING-SATWA_LPO LPO/MVL/4522/03,SUPPLY OF INSS1186,Firestop/ DC 315,Fire,2641.72,AED,Islam S.,Order
2571,Q-1192-F12418,FIRESTOP,02 Mar 2023,IQ,Inayah E.W.,AL HABBAI- AL BARSHA SOUTH THIRD-P190# LPO /MVL/4521/03,SUPPLY OF INSS1186,Firestop/ DC 315,Fire,3302.14,AED,Islam S.,Order
2572,RFQ-5763-V40000,MACRO,02 Mar 2023,RFQ,Nouri I.E.,"(ORD 5763) KUW-129.15 W5J9JE22F0020 Construct Rotational Unit Headquarters, Camp Buehring, Kuwait",PACKAGE UNITS,Building Materials,Various,26660,USD,Maricar I.,Waiting
2573,Q-1192-F12150A,FIRESTOP,02 Mar 2023,IQ,Fibrex L.,Glazing Works,Supply Of Structural Glazing Silicone Sealant,Firestop/ DC 315,Fire,52542,AED,Habib B.,Quotation
2574,Q-1192-F12417,FIRESTOP,02 Mar 2023,IQ,Tiger C.C.,FIRESTOPPING PROJECT,SUPPLY OF FIRESTOP PRODUCTS,Firestop/ DC 315,Fire,4919.25,AED,Islam S.,Order
2575,RFQ-5622-V40000,MVL USA JV LLC,01 Mar 2023,RFQ,Kelly &.H.,ORD-5622 BIOT-121.05 N4008422F4312 REPAIR RUNWAY EDGE LIGHTING SYSTEM,LIGHTING FIXTURES,Building Materials,Various,339960,USD,Lince M.,Order
2576,RFQ-5683-V40002,MVL USA JV LLC,01 Mar 2023,RFQ,Scott &.F.,"ORD-5683 BIOT-121.10 N4008422F4478 / N4008421R0079 X010 CONSTRUCT STORAGE ROOM &amp; RENOVATE BREAKROOMS,F-938","HVAC Ductwork, Piping, Accessories &amp; Equipment",Building Materials,Various,118016,USD,Lince M.,Order
2577,Q-1192-F12416,FIRESTOP,01 Mar 2023,IQ,Gulf T.B.,RATLS FUTTAM # LPO 1891 P1,SUPPY OF INSS2460- ALS128,Firestop/ DC 315,Fire,4032,AED,Islam S.,Order
2578,RFQ-5683-V40001,MVL USA JV LLC,01 Mar 2023,RFQ,Scott &.F.,"(ORD-5683) BIOT-121.10 N4008422F4478 / N4008421R0079 X010 CONSTRUCT STORAGE ROOM &amp; RENOVATE BREAKROOMS, F-937","HVAC Ductwork, Piping, Accessories &amp; Equipment",Building Materials,Various,138871,USD,Lince M.,Order
2579,Q-1192-F12415,FIRESTOP,01 Mar 2023,IQ,001 C.,School Project_Al Madaen Electromechanical_LPO 044,"SUPPLY OF INFS0812, SSHOOP 6*2",Firestop/ DC 315,Fire,1260,AED,Habib B.,Order
2580,RFQ-1569-O42,MACRO,01 Mar 2023,RFQ,Burhani C.T.,MVL Group Office Related POs,ESET ENDPOINT PROTECTION ADVANCED,Computer Peripherals,Office Assets,12096,AED,Marman I.,Order
2581,Q-1192-F12414,FIRESTOP,28 Feb 2023,IQ,001 C.,"PROPOSED (B+G+2P+10TYP+P.H+OFFICE), DUBAI, AL FURJAN, PLOT NO.AFMUH016B_001_OSCCAR REAL ESTATE",SUPPLY OF INSS1186,Firestop/ DC 315,Fire,13450.5,AED,Habib B.,Quotation
2582,Q-1192-F12413,FIRESTOP,28 Feb 2023,IQ,Al S.N.,G+2P+8 Residential Building On Plot 334-2737@Al Satwa Dubai- LPO-049519,Supply Of INSS1186,Firestop/ DC 315,Fire,2646,AED,Islam S.,Order
2583,Q-1192-F12412,FIRESTOP,28 Feb 2023,IQ,China C.E.,China-UAE Industrial Capacity Cooperation Demonstration Zone(ICCDZ) Plot No. KHIA 7-74 Manufacturing Units Phase 2(Unit 3-1&amp; Unit 3-2)_Non Fire Rated,Supply Of INSS0285,Firestop/ DC 315,Fire,9450,AED,Islam S.,Quotation
2584,Q-1005-V7052,MV LLC,28 Feb 2023,IQ,Tetra T.E.,Supply &amp; Shipment Of Roof Top Solar Equipment-Moldova,Supply &amp; Shipment Of Roof Top Solar Equipment-Moldova,Building Materials,Various,142867.91,USD,Mahesh B.,Quotation
2585,RFQ-1569-O41,MACRO,28 Feb 2023,RFQ,Burhani C.T.,MVL Group Office Related POs,Microsoft Azure Subscription - (Pay As You Go),Computer Peripherals,Office Assets,3817.8,AED,Marman I.,Order
2586,Q-1192-F12411,FIRESTOP,27 Feb 2023,IQ,China C.E.,China-UAE Industrial Capacity Cooperation Demonstration Zone(ICCDZ) Plot No. KHIA 7-74 Manufacturing Units Phase 2(Unit 3-1&amp; Unit 3-2)_CIVIL JOINTS,Supply Of INSS0285,Firestop/ DC 315,Fire,3410.4,AED,Islam S.,Quotation
2587,RFQ-5655-V40000,MVL USA JV LLC,27 Feb 2023,RFQ,Scott &.F.,"ORD-5655 BIOT-121.12 N4008422F4366/N4008421R0079 X012 EPROJECT 1575276 REPLACE AC UNITS, UNACCOMPANIED PERSONNEL HOURSING (UPH) 28","HVAC Ductwork, Piping, Accessories And Equipment",Building Materials,Various,531992,USD,Lince M.,Order
2588,Q-1192-F12410,FIRESTOP,27 Feb 2023,IQ,Jpm A.T.,Guggenheim Abu Dhabi,SUPPLY OF FIRESTOP MATERIALS,Firestop/ DC 315,Fire,406016.62,AED,Islam S.,Quotation
2589,RFQ-5683-V40000,MVL USA JV LLC,27 Feb 2023,RFQ,Leeds S.C.,"ORD-5683 BIOT-121.10 N4008422F4478 / N4008421R0079 X010 CONSTRUCT STORAGE ROOM &amp; RENOVATE BREAKROOMS, F-937 &amp; F-938",Rebars &amp; Tie Wires,Building Materials,Various,6467,USD,Lince M.,Order
2590,Q-1192-F12409,FIRESTOP,27 Feb 2023,IQ,Thermilate M.E.,FIRESTOPPING PROJECT,SUPPLY OF DC68,Firestop/ DC 315,Fire,4252.5,AED,Dinesh M.,Order
2591,RFQ-5657-V40000,MVL USA JV LLC,27 Feb 2023,RFQ,Leeds S.C.,"ORD-5657 BIOT-121.17 N4008422F4422 X017 1638204, QF9006 - REPAIRS TO SEWAGE LIFT STATIONS",Rebars &amp; Tiewires,Building Materials,Various,4899,USD,Lince M.,Order
2592,Q-1192-F12408,FIRESTOP,27 Feb 2023,IQ,Inayah E.W.,TECHNOMECH J108- AL BARSHA# LPO/MVL/4520/02,SUPPLY OF INSS1440,Firestop/ DC 315,Fire,867.06,AED,Islam S.,Order
2593,Q-1192-F12407,FIRESTOP,27 Feb 2023,IQ,Inayah E.W.,"Al Habbai Contracting, Al Barsha South Third _LPO/MVL/4519/02",SUPPLY OF FIRESTOP MATERIALS,Firestop/ DC 315,Fire,1320.86,AED,Islam S.,Order
2594,RFQ-5626-V40001,MVL USA JV LLC,27 Feb 2023,RFQ,Leeds S.C.,ORD-5626 BIOT-121.08 N4008421R0001 - X008 EPROJECT 1380796 QF2132 - UPGRADE Q-WELLS RAW WATER LINE SYSTEM,Rebar &amp; Formworks Materials,Building Materials,Various,8011,USD,Lince M.,Order
2595,Q-1192-F12406,FIRESTOP,27 Feb 2023,IQ,001 C.,CITY WALK PROJECT-PARKWAY INTL# LPO 043,SUPPLY OF INSS1186,Firestop/ DC 315,Fire,5040,AED,Habib B.,Order
2596,RFQ-1005-M7059,MACRO,27 Feb 2023,RFQ,Pure S.,"(KSA 126) W912ER21C0014 KHAMIS SIMULATOR FACILITY, KSA",Power Roof Exhaust Fans - UL705 WITH LABEL,Mechanical Items,Mechanical,21749.38,SAR,Marman I.,Order
2597,Q-1192-F12405,FIRESTOP,24 Feb 2023,IQ,Arabian C.G.,First Investor Complex # LPO 2301887,Supply Of INSS2460,Firestop/ DC 315,Fire,66412.5,AED,Ajeesh J.,Order
2598,Q-1192-F12404,FIRESTOP,24 Feb 2023,IQ,001 C.,"PRPOSED G+P+12 RESIDENTIAL BUILDING ON PLOT NO.6317636 (DHE.13.0008) AT HADAEQ SHAEIKH MOHAMMED BIN RASHED, DUBAI, UAE._001_AL ASHRAM",SUPPLY OF INSS1186,Firestop/ DC 315,Fire,24129,AED,Habib B.,Quotation
2599,Q-1192-F12403,FIRESTOP,24 Feb 2023,IQ,001 C.,"PRPOSED G+P+12 RESIDENTIAL BUILDING ON PLOT NO.6317636 (DHE.13.0008) AT HADAEQ SHAEIKH MOHAMMED BIN RASHED, DUBAI, UAE._001_AL ASHRAM CONTRACTING",SUPPLY OF MEP MATERIALS,Firestop/ DC 315,Fire,66634.05,AED,Habib B.,Quotation
2600,RFQ-5193-A5202,MACRO,23 Feb 2023,RFQ,Lakshmi M.T.,"(KSA 126) W912ER21C0014 KHAMIS SIMULATOR FACILITY, KSA",ALUMINUM WINDOWS,Doors,Architectural,116134.84,AED,Maricar I.,Order
2601,Q-1192-F12402,FIRESTOP,22 Feb 2023,IQ,Al S.A.,AL WALEED SITE SHJ,SUPPLY OF FP05 - Single Side,Firestop/ DC 315,Fire,1050,AED,Dinesh M.,Order
2602,Q-1192-F12401,FIRESTOP,22 Feb 2023,IQ,Jpm A.T.,3B+G+11TYP+R- GHANTOOT# LPO JPM/MVL/0309/2023,Supply Of INSS1186 &amp; INSS1440,Firestop/ DC 315,Fire,3858.75,AED,Habib B.,Order
2603,Q-1192-F12400,FIRESTOP,22 Feb 2023,IQ,Jpm A.T.,Proposed Residential Building -  Alexis Tower # LPO JPM/MVL/0207/2023-06,Supply Of INSS1186,Firestop/ DC 315,Fire,3150,AED,Islam S.,Order
2604,Q-1192-F12399,FIRESTOP,22 Feb 2023,IQ,Jpm A.T.,RUKAN TOWER # LPO: JPM/MVL/0308/2023,SUPPLY OF INSS1140 &amp; INSS1186,Firestop/ DC 315,Fire,22344,AED,Islam S.,Order
2605,Q-1005-V7051,MV LLC,22 Feb 2023,IQ,Smart C.,"Supply &amp; Delivery Of Heavy Duty PVC Spacer - Crete, Greece","Supply &amp; Delivery Of Heavy Duty PVC Spacer - Crete, Greece",Building Materials,Various,3050,USD,Mahesh B.,Order
2606,Q-1192-F12398,FIRESTOP,22 Feb 2023,IQ,Arabian C.G.,HOLIDAY INN &amp; KINGSTON RESIDENCE_LPO 2301779_ARABIAN CHOICE,SUPPLY OF INSS1440,Firestop/ DC 315,Fire,3255,AED,Habib B.,Order
2607,Q-1192-F12397,FIRESTOP,21 Feb 2023,IQ,Fibrex L.,Production Overhead_LPO :54316,Supply Of NWS,Firestop/ DC 315,Fire,9324,AED,Habib B.,Order
2608,Q-1192-F12396,FIRESTOP,21 Feb 2023,IQ,Fibrex L.,SULAFA TOWER,SUPPLY OF INSS2460 BLACK,Firestop/ DC 315,Fire,11970,AED,Habib B.,Order
2609,RFQ-5626-V40000,MVL USA JV LLC,21 Feb 2023,RFQ,Leeds S.C.,ORD-5626 BIOT-121.08 N4008421R0001-X008 EPROJECT 1380796 QF 2132 - UPGRADE Q-WELLS RAW WATER  LINE SYSTEM,PVC Pipes &amp; Accessories,Building Materials,Various,68515,USD,Maricar I.,Order
2610,Q-1192-F12034A,FIRESTOP,21 Feb 2023,IQ,Progulf A.I.,Unit Price List,Supply Of Fire Stop Materials,Firestop/ DC 315,Fire,9604.74,AED,Islam S.,Quotation
2611,Q-1192-F12395,FIRESTOP,21 Feb 2023,IQ,Thermilate M.E.,NEUTRAL WEATHER SEALANT,SUPPLY OF NWS,Firestop/ DC 315,Fire,630,AED,Dinesh M.,Order
2612,Q-1192-F12393,FIRESTOP,21 Feb 2023,IQ,Fibrex L.,NEUTRAL WEATHER SEALANT,SUPPLY OF NWS 2000,Firestop/ DC 315,Fire,12.6,AED,Habib B.,Quotation
2613,Q-1192-F12392,FIRESTOP,20 Feb 2023,IQ,001 C.,"RESIDENTIAL APARTMENTS, DUBAI HILLS, DUBAI, UAE,                    PLOT. No.: 0204-6312126-1212-2021 (Two Tower With Common Ground Floor)_001_F-881",SUPPLY OF INSS0285_D64,Firestop/ DC 315,Fire,30555,AED,Habib B.,Quotation
2614,Q-1192-F12391,FIRESTOP,20 Feb 2023,IQ,001 C.,"RESIDENTIAL APARTMENTS, DUBAI HILLS, DUBAI, UAE PLOT. 1405-6319922-1212-2021_001_F-881_SINGLE BLD",SUPPLY OF INSS0285 And D64,Firestop/ DC 315,Fire,15907.5,AED,Habib B.,Quotation
2615,Q-1192-F12390,FIRESTOP,20 Feb 2023,IQ,Door M.T.,ADCOOP WARE HOUSE - KIZAD# LPO 103-2023,SUPPLY OF INSS1186 And FPO5,Firestop/ DC 315,Fire,1370.25,AED,Habib B.,Order
2616,Q-1192-F12389,FIRESTOP,20 Feb 2023,IQ,Door M.T.,AMAZON WARE HOUSE - ICAD# LPO 104-2023,SUPPLY OF INSS1186,Firestop/ DC 315,Fire,1228.5,AED,Dinesh M.,Order
2617,Q-1192-F12388,FIRESTOP,20 Feb 2023,IQ,Door M.T.,SIX VILLA PROJECT#DOORMASTERS# LPO 105-2023,SUPPLY OF FP05,Firestop/ DC 315,Fire,1071,AED,Habib B.,Order
2618,Q-5153-V4352A,MACRO,20 Feb 2023,IQ,Gemmo S.,"ITA-121 N6247021C0003 P-759, Family Housing New Construction Villaggio SW And Camp Ederle North - Vicenza, Italy",BACK CHARGE TO GEMMO SPA,Misc.,Various,45701.86,EURO, ,Order
2619,Q-5153-V4352,MACRO,20 Feb 2023,IQ,Impresa P.,"ITA-121 N6247021C0003 P-759, Family Housing New Construction Villaggio SW And Camp Ederle North - Vicenza, Italy",BACK CHARGE TO IMPRESA PERCASSI SPA,Misc.,Various,265016.25,EURO, ,Order
2620,Q-1192-F12387,FIRESTOP,20 Feb 2023,IQ,Fscunion Y.S.,SUPPLY OF US150 FIRE BARRIER FOAM,SUPPLY OF US150 FIRE BARRIER FOAM,Firestop/ DC 315,Fire,22,USD,Islam S.,Quotation
2621,Q-1192-F12243B,FIRESTOP,17 Feb 2023,IQ,Trojan G.C.,Midfield Terminal Building - MTB,SUPPLY OF INSS1440,Firestop/ DC 315,Fire,11970,AED,Habib B.,Quotation
2622,Q-1192-F12384A,FIRESTOP,17 Feb 2023,IQ,Scope P.,"Bloom Tower, Abudhabi",SUPPLY OF INSS1440 And INSS1186,Firestop/ DC 315,Fire,138.6,AED,Ramshad K.,Order
2623,Q-1192-F12386,FIRESTOP,17 Feb 2023,IQ,Multi T.E.,FIRESTOPPING PROJECT,SUPPLY OF INSS2460 BLACK,Firestop/ DC 315,Fire,630,AED,Islam S.,Order
2624,RFQ-1192-F12385,FIRESTOP,16 Feb 2023,RFQ,International C.T.,MVL Firestop Bldg Material Trdg LLC,Order No. INCA-20230216-02,Firestop/ DC 315,Fire,90043,USD,Marman I.,Order
2625,Q-1192-F12384,FIRESTOP,16 Feb 2023,IQ,Scope P.,"Bloom Tower, Abudhabi",SUPPLY OF FP05 - One Sided,Firestop/ DC 315,Fire,403.2,AED,Ramshad K.,Order
2626,RFQ-4814-A5206,MACRO,16 Feb 2023,RFQ,Lakshmi M.T.,(QTR 193) - W912ER21C0005 - USACE TRANS REGIONAL LOGISTICS COMPLEX (TRLC),Steel Door And Frames,Doors,Architectural,929999.94,AED,Maricar I.,Order
2627,Q-1192-F12057A,FIRESTOP,16 Feb 2023,IQ,Asian I.,FIRESTOPPING PROJECT IN BANGLADESH,Supply Of INSS1440,Firestop/ DC 315,Fire,11620,AED,Islam S.,Order
2628,Q-1192-F12274B,FIRESTOP,15 Feb 2023,IQ,International H.C.,Centre Of Excellence SGH Dubai,SUPPLY OF INSS2460 BLACK,Firestop/ DC 315,Fire,3255,AED,Habib B.,Quotation
2629,Q-1192-F12383,FIRESTOP,15 Feb 2023,IQ,International H.C.,"Centre Of Excellence SGH Dubai,",Supply Of INSS2460,Firestop/ DC 315,Fire,3255,AED,Habib B.,Cancled
2630,RFQ-4814-V40003,MACRO,15 Feb 2023,RFQ,Qatar I.F.,(QTR 193) - W912ER21C0005 - USACE TRANS REGIONAL LOGISTICS COMPLEX (TRLC),SUPPLY OF INERTIA BASE FRAMES AND SPRING ISOLATORS,Building Materials,Various,32145,QAR,Maricar I.,Waiting
2631,Q-1192-F12372A,FIRESTOP,15 Feb 2023,IQ,Ocean D.C.,"B+G+7+R RESIDENTIAL BUILDING, PLOT NO.: 6457947, MAJAN, DUBAI",SUPPLY OF INS1186_D64T50,Firestop/ DC 315,Fire,7024.5,AED,Ajeesh J.,Quotation
2632,Q-1192-F12382,FIRESTOP,14 Feb 2023,IQ,Arabian C.G.,HOLIDAY INN _LPO 2301499,SUPPLY OF FP05 -2 SIDED,Firestop/ DC 315,Fire,5124,AED,Habib B.,Order
2633,RFQ-5213-V40011,MACRO,14 Feb 2023,RFQ,Wefal I.E.,(KSA 127) W912ER21C0015 AL KHARJ WAREHOUSE,Furniture Fixture And Equipment,Building Materials,Various,199398.5,SAR,Maricar I.,Order
2634,Q-1192-F12381,FIRESTOP,14 Feb 2023,IQ,001 C.,"2B+G+M+7+R FLOOR COMMERCIAL &amp; RESIDENTIAL BUILDING AT PLOT NO. 1241113 AL MURAQQABAT, DUBAI _AL MADAEN",Supply Of Firestop Materials,Firestop/ DC 315,Fire,29719.2,AED,Habib B.,Quotation
2635,RFQ-1569-V4404,MACRO,14 Feb 2023,RFQ,Green F.T.,MVL Group Office Related POs,PlanSwift 10.3 Planswift Measurement &amp; Takeoff Software (Renz Mellari (QS-HO)),Misc.,Various,8085,AED,Marman I.,Order
2636,Q-1192-F12380,FIRESTOP,14 Feb 2023,IQ,Inayah E.W.,AL MAJAL CONTRACTING_LPO/MVL/4518/02_INAYAH,SUPPLY OF INSS1440,Firestop/ DC 315,Fire,777,AED,Ajith S.,Order
2637,Q-1192-F12379,FIRESTOP,14 Feb 2023,IQ,Inayah E.W.,TECHNOMECH J107- SATWA# LPO/MVL/4517/01_AL INAYAH,SUPPLY OF INSS1440,Firestop/ DC 315,Fire,867.06,AED,Islam S.,Order
2638,Q-1192-F12378,FIRESTOP,14 Feb 2023,IQ,Inayah E.W.,J189-Al Habbai Contracting_LPO/MVL/4516/02_Al Inayah,Supply Of INS1186,Firestop/ DC 315,Fire,1320.86,AED,Islam S.,Order
2639,Q-1192-F12377,FIRESTOP,14 Feb 2023,IQ,Inayah E.W.,"J188 - Al Habbai Contracting, Satwa_LPO/MVL/4515/02",SUPPLY OF INSS1186,Firestop/ DC 315,Fire,1320.86,AED,Islam S.,Order
2640,Q-1192-F12376,FIRESTOP,14 Feb 2023,IQ,Inayah E.W.,"J190- Al Habbai Contracting, Al Barsha_LPO/MVL/4514/02_Al Inayah",Supply Of INS1186,Firestop/ DC 315,Fire,1320.86,AED,Islam S.,Order
2641,RFQ-1192-F12375,FIRESTOP,13 Feb 2023,RFQ,Wimpey L.(.,MVL FIRESTOP BLDG MATL TRDG LLC,TEST - VOC EMISSION - CDPH (INS0285),Firestop/ DC 315,Fire,6300,AED,Marman I.,Order
2642,Q-1192-F12245A,FIRESTOP,13 Feb 2023,IQ,001 C.,"Torino By Oro24 G+5flrs - Residential Building On Plot No. 6730122, Arjan, Dubai, U.A.E.",SUPPLY OF MEP MATERIALS,Firestop/ DC 315,Fire,110302.5,AED,Habib B.,Quotation
2643,Q-1192-F12374,FIRESTOP,13 Feb 2023,IQ,Srh A.B.,Al Satwa,SUPPLY OF INSS1186 And D64T50,Firestop/ DC 315,Fire,1281,AED,Ajeesh J.,Order
2644,RFQ-1569-O40,MACRO,13 Feb 2023,RFQ,Al K.C.,MVL Group Office Related POs,"3 DESKTOPS, 6 Nos 24 INCH MONITOR, AND 2 Nos 27 INCH MONITOR",Computer Peripherals,Office Assets,11786.25,AED,Marman I.,Order
2645,Q-1192-F12373,FIRESTOP,13 Feb 2023,IQ,Construction A.B.,"FIRST DRIVING CENTER, (G+1ST+ROO FLOOR) ON PLOT NO.814137 AT ROWAIYAH 3, DUBAI, UAE.",SUPPLY OF MEP MATERIALS,Firestop/ DC 315,Fire,8269.8,AED,Ajith S.,Quotation
2646,Q-1192-F12372,FIRESTOP,10 Feb 2023,IQ,Ocean D.C.,"B+G+7+R RESIDENTIAL BUILDING, PLOT NO.: 6457947, MAJAN, DUBAI",SUPPLY OF INS1186_D64T50,Firestop/ DC 315,Fire,10206,AED,Ajeesh J.,Quotation
2647,Q-1192-F12371,FIRESTOP,10 Feb 2023,IQ,Ocean D.C.,"B+G+7+R RESIDENTIAL BUILDING, PLOT NO.: 6457947, MAJAN, DUBAI",SUPPLY OF MEP MATERIALS,Firestop/ DC 315,Fire,11182.5,AED,Ajeesh J.,Quotation
2648,Q-1192-F12370,FIRESTOP,10 Feb 2023,IQ,Dubai C.E.,"(G+5F+R) RESIDENTIAL BUILDING, PLOT NO.: IC3-F-31, WARSAN, DUBAI_MEP",SUPPLY OF MEP - FIRESTOP MATERIALS,Firestop/ DC 315,Fire,8416.8,AED,Ajeesh J.,Quotation
2649,Q-1192-F12369,FIRESTOP,10 Feb 2023,IQ,Dubai C.E.,"(G+5F+R) RESIDENTIAL BUILDING, PLOT NO.: IC3-F-31, WARSAN, DUBAI","SUPPLY OF INSS1186 5G PAIL, D64T50",Firestop/ DC 315,Fire,7859.25,AED,Ajeesh J.,Quotation
2650,Q-1192-F12368,FIRESTOP,10 Feb 2023,IQ,001 C.,FATTAN TOWER_ 001,SUPPLY OF INSS1440,Firestop/ DC 315,Fire,1470,AED,Habib B.,Order
2651,RFQ-1569-O39,MACRO,09 Feb 2023,RFQ,Al K.C.,MVL Group Office Related POs,DESKTOP AND 2 MONITORS,Computer Peripherals,Office Assets,3512.25,AED,Marman I.,Order
2652,Q-1192-F12367,FIRESTOP,09 Feb 2023,IQ,Al S.A.,"G + 2P + 5 TYP FLOORS + R , SHARJAH, MUWAILEH, UAE",SUPPLY OF CFS01 And D120T50,Firestop/ DC 315,Fire,3517.5,AED,Ajith S.,Quotation
2653,Q-1192-F12366,FIRESTOP,09 Feb 2023,IQ,Embers F.P.,PRICE LIST,"SUPPLY OF FP05, INSS1140, INSS1186, D64, D120",Firestop/ DC 315,Fire,2008,AED,Ramshad K.,Quotation
2654,Q-1192-F12365,FIRESTOP,09 Feb 2023,IQ,Thermilate M.E.,LPO No.TME.T.02.23.014,SUPPLY OF NWS 2000,Firestop/ DC 315,Fire,630,AED,Dinesh M.,Order
2655,Q-1192-F12364,FIRESTOP,09 Feb 2023,IQ,Construction a.B.,"G+1 Villas, Gardenia Townhomes II, Jabal Ali First, Dubai, UAE (4 Bedroom Villa - 318th)","SUPPLY OF INSS1440, INFS0812,D64",Firestop/ DC 315,Fire,311.85,AED,Ajith S.,Quotation
2656,Q-1192-F12363,FIRESTOP,09 Feb 2023,IQ,Construction a.B.,"G+1 Villas, Gardenia Townhomes II, Jabal Ali First, Dubai, UAE","SUPPLY OF INSS1440, INFS0812,D64",Firestop/ DC 315,Fire,283.5,AED,Ajith S.,Quotation
2657,Q-1192-F12362,FIRESTOP,09 Feb 2023,IQ,Danube B.M.,LPOOC - 2230000106,SUPPLY OF INS1186,Firestop/ DC 315,Fire,378,AED,Dinesh M.,Order
2658,Q-1192-F12361,FIRESTOP,09 Feb 2023,IQ,Danube B.M.,LPOCC-2230000108,Supply Of INSS1186,Firestop/ DC 315,Fire,1890,AED,Dinesh M.,Order
2659,RFQ-1569-O37,MACRO,08 Feb 2023,RFQ,Al K.C.,MVL Group Office Related POs,LENOVO THINKPAD E15 GEN4 (21E6008CGR),Computer Peripherals,Office Assets,4147.5,AED,Marman I.,Order
2660,Q-1192-F12360,FIRESTOP,08 Feb 2023,IQ,Al H.,"VIP VILLA &amp; ANCILLARY BUILDING, PLOT NO.: 604030393, RAK,",SUPPLY OF INSS0285 5G PAIL,Firestop/ DC 315,Fire,13387.5,AED,Islam S.,Quotation
2661,Q-1192-F12359,FIRESTOP,08 Feb 2023,IQ,Al H.,"VIP VILLA &amp; ANCILLARY BUILDING , RAK, UAE",SUPPLY OF  INSS1186,Firestop/ DC 315,Fire,13844.25,AED,Islam S.,Quotation
2662,RFQ-5532-V4352,MACRO,08 Feb 2023,RFQ,Deluxe P.,BIOT-121 N4008421D0082/ N4008421R0079 AEC DB DBB MACC,BIOT-121 N4008421D0082/ N4008421R0079 AEC DB DBB MACC,Misc.,Various,4620,AED,Marman I.,Order
2663,Q-1192-F12358,FIRESTOP,06 Feb 2023,IQ,Construction a.B.,"FIRST DRIVING CENTER, (G+1ST+ROO FLOOR) ON PLOT NO.814137 AT ROWAIYAH 3, DUBAI, UAE.",SUPPLY OF INSS1186 AND D64,Firestop/ DC 315,Fire,6142.5,AED,Ajith S.,Quotation
2664,Q-1192-F12357,FIRESTOP,06 Feb 2023,IQ,Laith E.L.,APOLLO A-100 ADC36 # LPO 2023/157,SUPPLY OF INSS2460 BLACK,Firestop/ DC 315,Fire,316.57,AED,Habib B.,Order
2665,Q-1192-F12304A,FIRESTOP,06 Feb 2023,IQ,Al W.T.,FIRESTOPPING PROJECT,Supply Of INSS2460 Fire Rated Silicone Sealant,Firestop/ DC 315,Fire,325.5,AED,Islam S.,Order
2666,Q-1192-F12356,FIRESTOP,06 Feb 2023,IQ,Heritage O.&.,FIRESTOPPING PROJECT,SUPPLY OF INSS1440,Firestop/ DC 315,Fire,189,AED,Ajith S.,Order
2667,Q-1192-F12355,FIRESTOP,06 Feb 2023,IQ,Arabian C.G.,HOLIDAY INN &amp; KINGSTON RESIDENCES_LPO 2301172,SUPPLY OF INSS1186 And INSS1440,Firestop/ DC 315,Fire,15277.5,AED,Habib B.,Order
2668,Q-1192-F12354,FIRESTOP,03 Feb 2023,IQ,Voce I.C.,"RESIDENTIAL BUILDING (G+3P+10), PLOT NO.: 6457888, WADI AL SAFA 3, DUBAI, UAE_VOCE",Supply Of MEP Materials,Firestop/ DC 315,Fire,26565,AED,Ajeesh J.,Quotation
2669,Q-1192-F12353,FIRESTOP,03 Feb 2023,IQ,001 C.,LAvie Project_001,Supply Of INSS1186 -Fire Barrier Caulk,Firestop/ DC 315,Fire,525,AED,Habib B.,Order
2670,Q-1192-F12352,FIRESTOP,03 Feb 2023,IQ,001 C.,ICD Project -Delta Al Emirate Contracting L.L.C Dubai_LPO 042,Supply Of INSS1186 -Fire Barrier Caulk,Firestop/ DC 315,Fire,3150,AED,Habib B.,Order
2671,Q-1192-F12351,FIRESTOP,02 Feb 2023,IQ,001 C.,"PROPOSED COMMERCIAL &amp; RESIDENTIAL BLDG. (G+4P+COMM&amp;SERV+14TYP+PENTHOUSE), PLOT NO.: JVT06IHRA001, AL BARSHA SOUTH FIFTH 684, DUBAI_AL SAYEGH","SUPPLY OF INSS1186, D64",Firestop/ DC 315,Fire,30775.5,AED,Dinesh M.,Quotation
2672,Q-1192-F12350,FIRESTOP,02 Feb 2023,IQ,001 C.,"PROPOSED COMMERCIAL &amp; RESIDENTIAL BLDG. (G+4P+COMM&amp;SERV+14TYP+PENTHOUSE), # AL SAYEGHPLOT NO.: JVT06IHRA001, AL BARSHA SOUTH FIFTH 684, DUBAI",SUPPLY OF MEP MATERIALS,Firestop/ DC 315,Fire,59766,AED,Dinesh M.,Quotation
2673,Q-1192-F12349,FIRESTOP,02 Feb 2023,IQ,001 C.,"PROPOSED COMMERCIAL &amp; RESIDENTIAL BLDG. (G+4P+COMM&amp;SERV+14TYP+PENTHOUSE), PLOT NO.: JVT06IHRA001, AL BARSHA SOUTH FIFTH 684,# AL SAYEGH","SUPPLY OF INSS1440, D64",Firestop/ DC 315,Fire,8316,AED,Dinesh M.,Quotation
2674,RFQ-1569-V4403,MACRO,02 Feb 2023,RFQ,The U.W.,MVL Group Office Related POs,Fleece Hoodies With MVL Logo,Misc.,Various,992.25,AED,Marman I.,Order
2675,RFQ-1569-V4402,MACRO,02 Feb 2023,RFQ,Bafco T.L.,MVL Group Office Related POs,2 WORKING STATIONS FABRICATED AS PER EXIISTING WORKSTATION IN 1803,Misc.,Various,7179.38,AED,Marman I.,Order
2676,Q-1192-F12348,FIRESTOP,02 Feb 2023,IQ,Global D.G.,FIRESTOPPING PROJECT,SUPPLY OF FM011,Firestop/ DC 315,Fire,630,AED,Islam S.,Quotation
2677,RFQ-1569-V4401,MACRO,02 Feb 2023,RFQ,Greetly ,MVL HO - GREETLY ESSENTIAL SOFTWARE,GREETLY ESSENTIAL SOFTWARE,Misc.,Various,1700,USD,Marman I.,Order
2678,RFQ-5532-M4000,MVL USA JV LLC,01 Feb 2023,RFQ,Dakuta T.,BIOT-121 N4008421D0082/ N4008421R0079 AEC DB DBB MACC,MAXUS V80 16 SEAT MINI BUS,Machine / Equipments,Mechanical,42700,USD,Marman I.,Order
2679,Q-1192-F12347,FIRESTOP,01 Feb 2023,IQ,Danube G.,"PRPOSED B+G+4P+1MECH.+35 COMMERCIAL/RESIDENTIAL ON PLOT NO.6731215, AL BARSHA SOUTH THIRD, DUBAI.",SUPPLY OF MEP - PPR &amp; PVC SEALANT ONLY,Firestop/ DC 315,Fire,182031.19,AED,Dinesh M.,Quotation
2680,Q-1192-F12346,FIRESTOP,01 Feb 2023,IQ,Danube G.,"PRPOSED B+G+4P+1MECH.+35 COMMERCIAL/RESIDENTIAL ON PLOT NO.6731215, AL BARSHA SOUTH THIRD, DUBAI_DANUBE",SUPPLY OF CJ MATERIALS,Firestop/ DC 315,Fire,63462,AED,Dinesh M.,Quotation
2681,Q-1192-F12345,FIRESTOP,01 Feb 2023,IQ,East C.C.,SHAMS TOWER # LPO 4500009522,SUPPLY OF NWS 2000,Firestop/ DC 315,Fire,1365,AED,Habib B.,Order
2682,Q-1192-F12344,FIRESTOP,01 Feb 2023,IQ,001 C.,"G+P+9F+R RESIDENTIAL APARTMENTS, DUBAI HILLS, DUBAI, UAE,  Plot No.: 1405-6319922-1212-2021 (Single Building)# AL ARABIA",MEP - WALL PENETRATIONS,Firestop/ DC 315,Fire,10189.2,AED,Habib B.,Quotation
2683,Q-1005-V7050,MV LLC,01 Feb 2023,IQ,(atc) A.T.,Supply Of Porcelain Tiles-Al Kharj Site,Supply Of Porcelain Tiles-Al Kharj Site,Building Materials,Various,16335.64,USD,Mahesh B.,Waiting
2684,Q-1192-F12343,FIRESTOP,01 Feb 2023,IQ,001 C.,"RESIDENTIAL APARTMENTS, DUBAI HILLS, DUBAI, UAE,                    PLOT. No.: 0204-6312126-1212-2021 (Two Tower With Common Ground Floor)_AL ARABIA",SUPPLY OF MEP - WALL PENETRATIONS ONLY,Firestop/ DC 315,Fire,14700,AED,Habib B.,Cancled
2685,RFQ-1569-O36,MACRO,01 Feb 2023,RFQ,Al K.C.,MVL Group Office Related POS,HP 290G4 I7 DESKTOP FOR RAVI,Computer Peripherals,Office Assets,2924.25,AED,Marman I.,Order
2686,Q-1192-F12342,FIRESTOP,01 Feb 2023,IQ,Thermilate M.E.,LPO NO.TME.T.02.23.011,SUPPLY OF NWS 2000,Firestop/ DC 315,Fire,1050,AED,Dinesh M.,Order
2687,Q-1192-F12341,FIRESTOP,01 Feb 2023,IQ,001 C.,"RESIDENTIAL APARTMENTS, DUBAI HILLS, DUBAI, UAE,                    PLOT. No.: 0204-6312126-1212-2021 (Two Tower With Common Ground Floor)_GAC",SUPPLY OF MEP - FLOOR PENETRATIONS,Firestop/ DC 315,Fire,38939.25,AED,Habib B.,Quotation
2688,Q-1192-F12340,FIRESTOP,01 Feb 2023,IQ,001 C.,"RESIDENTIAL APARTMENTS, DUBAI HILLS, DUBAI, UAE,                    PLOT. No.: 0204-6312126-1212-2021 (Two Tower With Common Ground Floor)_Al Arabia",SUPPLY OF MEP - WALL PENETRATIONS ONLY,Firestop/ DC 315,Fire,21800.1,AED,Habib B.,Quotation
2689,Q-1192-F12339,FIRESTOP,01 Feb 2023,IQ,001 C.,"G+P+9F+R RESIDENTIAL APARTMENTS, DUBAI HILLS, DUBAI, UAE,  Plot No.: 1405-6319922-1212-2021 (Single Building)# GAC",SUPPLY OF MEP MATERIALS,Firestop/ DC 315,Fire,18948.3,AED,Habib B.,Quotation
2690,RFQ-1192-S9074,FIRESTOP,31 Jan 2023,RFQ,Sel C.R.,MVL Firestop Bldg Maerial Trdg LLC,Nissan Suny 1.5lt  2019,Subcontract,Services,1470,AED,Marman I.,Order
2691,Q-1192-F12338,FIRESTOP,31 Jan 2023,IQ,Dnb C.,G+3 RESIDENTIAL # LPO 7329/23/PJ42,"SUPPLY OF INSS1440, INSS1186, FP05 AND D64",Firestop/ DC 315,Fire,1666.35,AED,Ajeesh J.,Order
2692,Q-1192-F12337,FIRESTOP,31 Jan 2023,IQ,Danube B.M.,LPOCC-2230000080,SUPPLY OF INSS1186,Firestop/ DC 315,Fire,378,AED,Dinesh M.,Order
2693,RFQ-1005-E7054,MACRO,31 Jan 2023,RFQ,Tic L.E.,"KSA-126 W912ER21C0014 Khamis Simulator Facility, Kingdom Of Saudi Arabia",PLUMBING VALVES,Electrical,Electrical,3812.07,USD,Marman I.,Order
2694,Q-1192-F12336,FIRESTOP,31 Jan 2023,IQ,001 C.,"HOTEL SERVICED APARTMENT (G+4P+1HC+31+MECH.FLOOR + ROOF), JVT07I0HR001, JVT, DUBAI, UAE.",SUPPLY OF MEP MATERIALS,Firestop/ DC 315,Fire,134162.7,AED,Habib B.,Quotation
2695,Q-1192-F12335,FIRESTOP,31 Jan 2023,IQ,Al M.C.,"Warehouse Block G, DIP2","SUPPLY OF INSS1186, INSS1440",Firestop/ DC 315,Fire,278.25,AED,Ajeesh J.,Order
2696,Q-1192-F12334,FIRESTOP,31 Jan 2023,IQ,Fibrex L.,"MuroojAl Furjan Villas,  Townhouses And InfrastruF-ALM-AE2213-PUR-52993-2023.R-0c# LPIO",SUPPLY OF INSS2460 BLACK,Firestop/ DC 315,Fire,9450,AED,Habib B.,Order
2697,Q-1192-F12333,FIRESTOP,30 Jan 2023,IQ,Liban C.,FIRESTOPPING PROJECT,SUPPLY OF DC6150,Firestop/ DC 315,Fire,6000,AED,Islam S.,Quotation
2698,Q-1192-F12332,FIRESTOP,27 Jan 2023,IQ,Danube B.M.,LPO CC-2230000071,SUPPLY OF INSS1186,Firestop/ DC 315,Fire,26250,AED,Dinesh M.,Order
2699,Q-1192-F12331,FIRESTOP,26 Jan 2023,IQ,Moustafa K.B.,"SMART TOWER, AJMAN",SUPPLY OF MEP MATERIALS,Firestop/ DC 315,Fire,11240.25,AED,Habib B.,Quotation
2700,Q-1192-F12330,FIRESTOP,26 Jan 2023,IQ,Rukn A.M.,NEUTRAL WEATHER SEALANT,SUPPLY OF NWS,Firestop/ DC 315,Fire,2457,AED,Islam S.,Order
2701,Q-1192-F12329,FIRESTOP,26 Jan 2023,IQ,001 C.,"HOTEL SERVICED APARTMENT (G+4P+1HC+31+MECH.FLOOR + ROOF), JVT07I0HR001, JVT, DUBAI,U A E.","SUPPLY OF INSS1186,D64",Firestop/ DC 315,Fire,40808.25,AED,Habib B.,Quotation
2702,Q-1192-F12328,FIRESTOP,26 Jan 2023,IQ,Multi T.E.,RTA PROJECT# LPO 9931,SUPPLY OF INSS2460 BLACK,Firestop/ DC 315,Fire,9450,AED,Islam S.,Order
2703,Q-1005-M7058,MV LLC,26 Jan 2023,IQ,Elite P.E.,Supply &amp; Delivery Of Smoke Vent - TRLC,Supply &amp; Delivery Of Smoke Vent - TRLC,Mechanical Items,Mechanical,83820,USD,Mahesh B.,Waiting
2704,Q-1192-F12087C,FIRESTOP,25 Jan 2023,IQ,001 C.,FIRESTOPPING PROJECT,PRICE LIST,Firestop/ DC 315,Fire,3130.05,AED,Ramshad K.,Quotation
2705,Q-1192-F12327,FIRESTOP,25 Jan 2023,IQ,Jebal Z.T.,FIRESTOPPING PROJECT,SUPPLY OF CFS01&amp; D120,Firestop/ DC 315,Fire,267.75,AED,Islam S.,Order
2706,Q-1192-F12326,FIRESTOP,25 Jan 2023,IQ,Rukn A.M.,STRUCTURAL AND WEATHER SEALANT,SUPPLY OF SGS 6000 &amp; NWS 2000 BLACK,Firestop/ DC 315,Fire,3423,AED,Islam S.,Order
2707,Q-1192-F12325,FIRESTOP,25 Jan 2023,IQ,Hi S.B.,"PRPOSED G+3+ROOF FCOMMERCIAL / RESIDENTIAL BUILDING, PLOT NO.3180149, AL KARAMA, DUBAI, UAE",SUPPLY OF MEP MATERIALS,Firestop/ DC 315,Fire,6275.85,AED,Ajith S.,Quotation
2708,Q-1192-F12324,FIRESTOP,24 Jan 2023,IQ,Al O.C.,"BAY RESIDENCES AT HAYAT ISLAND, MINA AL ARAB, RAS AL KHAIMAH (Phase 1 - 2 Nos. Buildings)","SUPPLY OF INSS1186, D64",Firestop/ DC 315,Fire,51555,AED,Habib B.,Quotation
2709,RFQ-4814-A5204A,MACRO,24 Jan 2023,RFQ,Lakshmi M.T.,(QTR 193) - W912ER21C0005 - USACE TRANS REGIONAL LOGISTICS COMPLEX (TRLC),ALUMINUM DOORS,Doors,Architectural,383250.16,AED,Maricar I.,Order
2710,Q-1192-F12323,FIRESTOP,24 Jan 2023,IQ,Arabian C.G.,HOLIDAY INN,SUPPLY OF FP05-2SIDED,Firestop/ DC 315,Fire,10248,AED,Habib B.,Quotation
2711,Q-1192-F12322,FIRESTOP,24 Jan 2023,IQ,Arabian C.G.,HOLIDAY INN# LPO 2300774 REV 01,"SUPPLY OF INSS1186 , INSS1440, FP05 - 2 SIDED",Firestop/ DC 315,Fire,22685.25,AED,Habib B.,Order
2712,Q-1192-F12321,FIRESTOP,24 Jan 2023,IQ,Al F.F.,THE COMMUNITY PARK INN # LPO 000014,"SUPPLY OF INSS1186, INSS1440",Firestop/ DC 315,Fire,12285,AED,Ajeesh J.,Order
2713,Q-1192-F12320,FIRESTOP,24 Jan 2023,IQ,Zein S.C.,LPO 020/2023,"SUPPLY OF INSS1440, INFS0812",Firestop/ DC 315,Fire,561.75,AED,Habib B.,Order
2714,Q-1192-F12319,FIRESTOP,23 Jan 2023,IQ,001 C.,FURJAN SCHOOL;# AL MADAEN# LPO 041,"SUPPLY OF INFS0812, SSHOOP 6*2",Firestop/ DC 315,Fire,2068.5,AED,Habib B.,Order
2715,RFQ-4814-S9100,MACRO,23 Jan 2023,RFQ,Staines I.G.,(QTR 193) - W912ER21C0005 - USACE TRANS REGIONAL LOGISTICS COMPLEX (TRLC),BEIGE COLOR SHEET COIL,Subcontract,Services,11566,USD,Maricar I.,Order
2716,RFQ-5213-A5202,MACRO,23 Jan 2023,RFQ,Lakshmi M.T.,"(KSA 127) W912ER21C0015 - AL KHARJ WAREHOUSE, KSA",ALUMINUM WINDOWS,Doors,Architectural,216649.58,AED,Maricar I.,Order
2717,RFQ-1569-V4400,MACRO,23 Jan 2023,RFQ,The U.W.,MVL Group Office Related POs,Customized Fleece Hoodies,Misc.,Various,1543.5,AED,Marman I.,Order
2718,Q-1192-F12239A,FIRESTOP,23 Jan 2023,IQ,Emcc C.L.,BU HAS APROJECT # # LPO MC/22/0933,SUPPLY OF INSS1440 AND FP05,Firestop/ DC 315,Fire,6678,AED,Habib B.,Order
2719,Q-1192-F12318,FIRESTOP,23 Jan 2023,IQ,Belco E.,"Proposed Dubai Islamic Bank Al Nahda Building (G+8P+14+R) On Plot No. 2310131, Al Nahda First, Duba",SUPPLY OF CFS01,Firestop/ DC 315,Fire,210,AED,Ramshad K.,Quotation
2720,Q-1192-F12087B,FIRESTOP,20 Jan 2023,IQ,Condor B.C.,FIRESTOPPING PROJECT,PRICE LIST,Firestop/ DC 315,Fire,8373.75,AED,Ramshad K.,Quotation
2721,Q-1192-F12317,FIRESTOP,20 Jan 2023,IQ,Gmp T.S.,"PRPOSED B+G+3P+16+R RESIDENTIAL CUM COMMERCIAL BUILDING PLOT NO.JVC16BMRH010 , AL BARSHA SOUTH FOURTH 681",SUPPLY OF FIRESTOP MATERIALS,Firestop/ DC 315,Fire,45690.75,AED,Ajeesh J.,Quotation
2722,Q-1192-F12243A,FIRESTOP,20 Jan 2023,IQ,Trojan G.C.,Midfield Terminal Building - MTB,SUPPLY OF INSS1440,Firestop/ DC 315,Fire,987.52,AED,Habib B.,Order
2723,Q-1192-F12316,FIRESTOP,20 Jan 2023,IQ,Thermilate M.E.,UNIT PRICE ESTIMATION,SUPPLY OF FIRESTOP MATERIALS,Firestop/ DC 315,Fire,0,AED,Islam S.,Quotation
2724,RFQ-4814-S9100,MACRO,20 Jan 2023,RFQ,Mtb Q.C.,(QTR 193) - W912ER21C0005 - USACE TRANS REGIONAL LOGISTICS COMPLEX (TRLC),Third Party Inspection Service - Translucent Panels,Services,Services,800,USD,Maricar I.,Order
2725,Q-1192-F12315,FIRESTOP,20 Jan 2023,IQ,Alec E.&.,UNIT PRICE ESTIMATION,SUPPLY OF FIRESTOP MATERIALS,Firestop/ DC 315,Fire,0,AED,Ramshad K.,Quotation
2726,Q-1192-F12314,FIRESTOP,19 Jan 2023,IQ,Inayah E.W.,AL AJWA CONTRACTING# MUWEILAH # LPO/MVL/4513/01,SUPPLY OF FP05,Firestop/ DC 315,Fire,483,AED,Islam S.,Order
2727,Q-1192-F12313,FIRESTOP,19 Jan 2023,IQ,Arabian C.G.,Gulf Asia # Holiday Inn Project # Business Bay# Lift Lobby Variation Work,Supply Of FP05-2 SIDED,Firestop/ DC 315,Fire,362.25,AED,Habib B.,Order
2728,Q-1192-F12312,FIRESTOP,19 Jan 2023,IQ,Inayah E.W.,TECHNOMECH J107- SATWA# LPO/MVL/4512/01,"SUPPLY OF INSS1440, INSS1186,INFS0812",Firestop/ DC 315,Fire,2468.05,AED,Islam S.,Order
2729,Q-1005-A5218,MV LLC,19 Jan 2023,IQ,Impresa P.,"Supply &amp; Delivery Of Aluminum Windows &amp; Child Safety Screens-US NAVFAC/Family Building/ Vicenza, Italy","Supply &amp; Delivery Of Aluminum Windows &amp; Child Safety Screens-US NAVFAC/Family Building/ Vicenza, Italy",Doors,Architectural,2294658.5,USD,Mahesh B.,Waiting
2730,RFQ-1192-F12311,FIRESTOP,19 Jan 2023,RFQ,International C.T.,MVL Firestop Bldg Material Trdg LLC,Order No. INCA-20230119-01,Firestop/ DC 315,Fire,7616,USD, ,Order
2731,Q-1192-F11588A,FIRESTOP,18 Jan 2023,IQ,001 C.,"VARIATION QUANTITY # PROPOSED SCHOOL, PLOT NO.AFSC01, AL FURJAN, DUBAI, UAE",Supply Of Fire Stop Materials MEP,Firestop/ DC 315,Fire,2140.95,AED,Habib B.,Quotation
2732,Q-1192-F12310,FIRESTOP,18 Jan 2023,IQ,Multi A.S.,ACCOR,SUPPLY OF INSS1440,Firestop/ DC 315,Fire,1830,AED,Islam S.,Quotation
2733,Q-1005-M7057,MV LLC,18 Jan 2023,IQ,Elite P.E.,Supply &amp; Delivery Of Lint Trap-Al Udeid Air Base,Supply &amp; Delivery Of Lint Trap-Al Udeid Air Base,Mechanical Items,Mechanical,1710,USD,Mahesh B.,Order
2734,Q-1192-F12309,FIRESTOP,18 Jan 2023,IQ,Strabag-ozkar J.,HATTA PROJECT# LPO BRX-PO-2023-009972,SUPPLY OF D64,Firestop/ DC 315,Fire,4116,AED,Islam S.,Order
2735,RFQ-1569-O35,MACRO,17 Jan 2023,RFQ,Al K.C.,MVL Group Office Related POs,HP 290G4 I5 10400 - Chady Khalife,Computer Peripherals,Office Assets,2236.5,AED,Marman I.,Order
2736,RFQ-1192-V4327,FIRESTOP,17 Jan 2023,RFQ,Fujairah R.F.,MVL Firestop Bldg Material LLC,SLAB WITHOUT FACING (SXXX) Density: 160Kg/M3 Thickness: 50mm Size:1.2 MtrX 0.6 Mtr,Building Materials,Various,13173.3,AED,Marman I.,Order
2737,Q-1192-F12308,FIRESTOP,17 Jan 2023,IQ,Gmp T.S.,"Al Mu&rsquo;tarid Lifestyle Centre, P715-G+1-COMMUNITY MALL, Al Ain, UAE",SUPPLY OF MEP MATERIALS,Firestop/ DC 315,Fire,21803.25,AED,Ajeesh J.,Quotation
2738,Q-1192-F12307,FIRESTOP,17 Jan 2023,IQ,Door M.T.,ADCOOP @ KIZAD - Jazal LPO# 116-2023,Supply Of CJ &amp; MEP Firestop Materials,Firestop/ DC 315,Fire,2850.75,AED,Habib B.,Order
2739,Q-1192-F12306,FIRESTOP,16 Jan 2023,IQ,Abdullah A.A.,Ajyad Substation,SUPPLY OF GC99-20,Firestop/ DC 315,Fire,47247.25,AED,Islam S.,Order
2740,Q-1005-V7049,MV LLC,16 Jan 2023,IQ,Arabian C.C.,Supply &amp; Delivery Of Expansion Tank-Khamis-KSA,Supply &amp; Delivery Of Expansion Tank-Khamis-KSA,Building Materials,Various,3175,USD,Mahesh B.,Order
2741,Q-1192-F12158A,FIRESTOP,16 Jan 2023,IQ,Strabag-ozkar J.,"Engineering, Procurement, Construction &amp; Commissioning Of Hatta Pumped Storage Hydro Power Plant LPO#BRX-PO-2023-009950",SUPPLY OF INSS1186,Firestop/ DC 315,Fire,2772,AED,Islam S.,Order
2742,RFQ-1005-V7048,MACRO,16 Jan 2023,RFQ,Arabian T.A.,"(KSA-126) W912ER21C0014 Khamis Simulator Facility, Kingdom Of Saudi Arabia",Ductwork &amp; Accessories- Khamis Simulator Facility,Building Materials,Various,72523.6,SAR,Maricar I.,Order
2743,RFQ-5829-R1500,MACRO,16 Jan 2023,RFQ,Diamondlease L.,"ORD-5929 UAE-123R W912ER22C0026 P-960 Triton Operational Facility, Uniited Arab Emirates",MITSUBISHI XPANDER 1.5L H/L 7s,Rental,Rental,2735.25,AED,Marman I.,Order
2744,Q-1192-F12305,FIRESTOP,14 Jan 2023,IQ,Multi A.S.,FIRESTOPPING PROJECT# LPO - MVL-23-011(002),"SUPPLY OF INSS1440,FP05-2SIDED, DC6150",Firestop/ DC 315,Fire,6110,AED,Islam S.,Order
2745,Q-1192-F12304,FIRESTOP,13 Jan 2023,IQ,Al W.T.,FIRESTOPPING PROJECT,Supply Of INSS2460 Fire Rated Silicone Sealant,Firestop/ DC 315,Fire,1953,AED,Islam S.,Order
2746,Q-1192-F12087A,FIRESTOP,13 Jan 2023,IQ,Alec B.E.,FIRESTOPPING PROJECT,PRICE LIST,Firestop/ DC 315,Fire,8037.13,AED,Habib B.,Cancled
2747,Q-1192-F12303,FIRESTOP,13 Jan 2023,IQ,Thermilate M.E.,LPO TME.T.01.23.006,SUPPLY OF NWS,Firestop/ DC 315,Fire,630,AED,Islam S.,Order
2748,Q-1192-F12302,FIRESTOP,13 Jan 2023,IQ,Inayah E.W.,ASGC#LPO MVL/4511/01,"SUPPLY OF INFS0812,FP05,SSHOOP",Firestop/ DC 315,Fire,2425.77,AED,Ajeesh J.,Order
2749,Q-1192-F12301,FIRESTOP,13 Jan 2023,IQ,Thermilate M.E.,FIRESTOPPING PROJECT# PO TME.T01.23.004,SUPPLY OF DC68,Firestop/ DC 315,Fire,252,AED,Islam S.,Order
2750,Q-1192-F12300,FIRESTOP,13 Jan 2023,IQ,Edifice M.E.,B+G+6+R RESIDENTIAL BUILDING PLOT NO.673-1265 AT AL BARSHA SOUTH THIRD,"SUPPLY OFINSS1440, INFS0812,FP05,D64",Firestop/ DC 315,Fire,15891.75,AED,Ajith S.,Quotation
2751,RFQ-1569-V4398,MACRO,13 Jan 2023,RFQ,Green F.T.,MVL Group Office Related POs,PlanSwift 10.3 Planswift Measurement &amp; Takeoff Software,Misc.,Various,8085,AED,Marman I.,Order
2752,Q-1192-F12274A,FIRESTOP,13 Jan 2023,IQ,International H.C.,SAUDI GERMAN HOSPITAL,SUPPLY OF INSS2460 BLACK,Firestop/ DC 315,Fire,3255,AED,Habib B.,Order
2753,Q-1192-F12299,FIRESTOP,13 Jan 2023,IQ,Al S.N.,P-144#G+P+8  LPO 048835PLOT 334-3004@AL SATWA #,SUPPLY OF INSS1186,Firestop/ DC 315,Fire,3307.5,AED,Islam S.,Order
2754,Q-1192-F12298,FIRESTOP,12 Jan 2023,IQ,Al S.N.,P-145 G+2P+8 RESIDENTIAL BUILDING PLOT 334-2737- SATWA# LPO 048810,SUPPLY OF INSS1186,Firestop/ DC 315,Fire,2205,AED,Islam S.,Order
2755,Q-1192-F12297,FIRESTOP,12 Jan 2023,IQ,Thermilate M.E.,PRICE LIST,SUPPLY OF FIRESTOP MATERIALS,Firestop/ DC 315,Fire,10360.74,AED,Islam S.,Quotation
2756,Q-1192-F12296,FIRESTOP,12 Jan 2023,IQ,001 C.,FURJAN SCHOOL# LPO 040,"SUPPLY OF SSHOOP,INFS0812,INSS1440",Firestop/ DC 315,Fire,4935,AED,Habib B.,Order
2757,Q-1192-F12295,FIRESTOP,12 Jan 2023,IQ,001 C.,AL FATTAN-KARAMA# LPO 039,"SUPPLY OF SSHOOP,INFS0812,INSS1440",Firestop/ DC 315,Fire,8400,AED,Habib B.,Order
2758,Q-1192-F12294,FIRESTOP,12 Jan 2023,IQ,Jpm A.T.,RUKAN TOWER# LPO JPM/MVL/0290/2023,SUPPLY OF INSS1186 5G PAIL,Firestop/ DC 315,Fire,3150,AED,Islam S.,Order
2759,Q-1192-F12293,FIRESTOP,12 Jan 2023,IQ,Al S.A.,FIRESTOPPING PROJECT,SUPPLY OF INSS1186,Firestop/ DC 315,Fire,737.1,AED,Habib B.,Quotation
2760,RFQ-1192-V4449,FIRESTOP,12 Jan 2023,RFQ,Smile C.,MVL Firestop Bldg Material TRDG LLC,MVL Sticker (Supplied By),Misc.,Various,708.75,AED,Marman I.,Order
2761,Q-1192-F12292,FIRESTOP,11 Jan 2023,IQ,Durat A.K.,JABAL HAFEET AMBULATORY CLINIC# LPO DKC/CIVIL/LPO/25/2028,"SUPPLY OF INSS1186,BR-30,D64",Firestop/ DC 315,Fire,1624.35,AED,Ajeesh J.,Order
2762,RFQ-5193-A5201,MACRO,11 Jan 2023,RFQ,Idt I.D.,"(KSA-126) W912ER21C0014 Khamis Simulator Facility, Kingdom Of Saudi Arabia",OVERHEAD COILING DOOR,Doors,Architectural,133451.75,SAR,Maricar I.,Order
2763,Q-1192-F12291,FIRESTOP,11 Jan 2023,IQ,Classic F.C.,FIRESTOPPING PROJECT,SUPPLY OF INSS2460 DARK GREY,Firestop/ DC 315,Fire,315,AED,Habib B.,Order
2764,Q-1005-S9050,MV LLC,11 Jan 2023,IQ,Elite P.E.,Supply &amp; Delivery Of Float Valve-TRLC Qatar,Supply &amp; Delivery Of Float Valve-TRLC Qatar,Construction,Services,29950,USD,Mahesh B.,Quotation
2765,Q-1192-F12290,FIRESTOP,10 Jan 2023,IQ,Eastern I.L.,"Project No.DHRE-0011, Bay Square, Business Bay Executive Towers And Vision Tower, Dubai, UAE",SUPPLY OF INSS2460 BLACK,Firestop/ DC 315,Fire,1705725,AED,Habib B.,Quotation
2766,Q-1192-F12289,FIRESTOP,10 Jan 2023,IQ,East C.C.,AL SHAMS TOWER # LPO 4500009446,SUPPLY OF NWS,Firestop/ DC 315,Fire,10500,AED,Habib B.,Order
2767,RFQ-1005-V7046,MACRO,10 Jan 2023,RFQ,Abana E.G.,"(KSA-126) W912ER21C0014 Khamis Simulator Facility, Kingdom Of Saudi Arabia",COMMUNICATION MESH (MAXCELL),Building Materials,Various,75870.18,SAR,Marman I.,Order
2768,Q-1192-F12288,FIRESTOP,10 Jan 2023,IQ,Gulf E.C.,"Making An Interior Partition To Add A Store Room In Workshop, AUH",SUPPLY OF INSS1440,Firestop/ DC 315,Fire,34.65,AED,Dinesh M.,Order
2769,Q-1192-F12287,FIRESTOP,10 Jan 2023,IQ,Jpm A.T.,OMIS TOWER# LPO JPM/MVL/0294/2023,"SUPPLY OF INSS1440, FP05",Firestop/ DC 315,Fire,3927,AED,Islam S.,Order
2770,Q-1192-F12286,FIRESTOP,10 Jan 2023,IQ,Arabian C.G.,First Investor Complex # LPO 2300202,"SUPPLY OF INSS1440, INSS1186",Firestop/ DC 315,Fire,48615,AED,Habib B.,Order
2771,Q-1192-F12285,FIRESTOP,10 Jan 2023,IQ,Danube B.M.,LPOCC-2230000021 # SUBSTATION,"SUPPLY OF INSS1440, INSS2460 DARK GREY",Firestop/ DC 315,Fire,388.5,AED,Dinesh M.,Order
2772,Q-1192-F12284,FIRESTOP,09 Jan 2023,IQ,Globe L.C.,"PRPOSED G+8 COMMERCIAL &amp; RESIDENTIAL BUILDING, PLOT NO. 6731251, DUBAI, AL BARSHA SOUTH THIRD",SUPPLY OF MEP MATERIALS,Firestop/ DC 315,Fire,29111.25,AED,Ajith S.,Quotation
2773,Q-1192-F12283,FIRESTOP,09 Jan 2023,IQ,Globe L.C.,"PRPOSED G+8 COMMERCIAL &amp; RESIDENTIAL BUILDING, PLOT NO. 6731251, DUBAI, AL BARSHA SOUTH THIRD",MEP WITHOUT FLOOR PENETRATION,Firestop/ DC 315,Fire,38241,AED,Ajith S.,Quotation
2774,Q-1192-F12282,FIRESTOP,09 Jan 2023,IQ,Globe L.C.,"PRPOSED G+8 COMMERCIAL &amp; RESIDENTIAL BUILDING, PLOT NO. 6731251, DUBAI, AL BARSHA SOUTH THIRD","SUPPLY OF INSS1186,D64",Firestop/ DC 315,Fire,2656.5,AED,Ajith S.,Quotation
2775,Q-1192-F12281,FIRESTOP,09 Jan 2023,IQ,Inayah E.W.,Technomech J106-Satwa # LPO /MVL/4510/01,"SUPPLY OF INSS1440, INSS1186,INFS0812",Firestop/ DC 315,Fire,1600.99,AED,Islam S.,Order
2776,Q-1192-F12280,FIRESTOP,09 Jan 2023,IQ,Inayah E.W.,AL HABBAI- AL BARSHA# LPO /MVL/4509/01,SUPPLY OF INSS1186,Firestop/ DC 315,Fire,3302.14,AED,Islam S.,Order
2777,Q-1192-F12279,FIRESTOP,09 Jan 2023,IQ,001 C.,CITY WALK PROJECT-PARKWAY INTL# LPO 038,SUPPLY OF INSS1186,Firestop/ DC 315,Fire,6300,AED,Habib B.,Order
2778,RFQ-5213-V40010,MACRO,09 Jan 2023,RFQ,Ghandi A.P.,(KSA 127) W912ER21C0015 AL KHARJ WAREHOUSE,DOCK LEVELER SYSTEM (Gandhi Radius Lip Dock Leveler: RDL Series,Building Materials,Various,21261,USD,Maricar I.,Order
2779,Q-1192-F12278,FIRESTOP,06 Jan 2023,IQ,Amar A.K.,G+3+R Labour Accommodation # Jebel Ali,SUPPLY OF MEP FIRESTOP MATERIALS,Firestop/ DC 315,Fire,8853.6,AED,Ajeesh J.,Quotation
2780,Q-1192-F12277,FIRESTOP,06 Jan 2023,IQ,Ste K.T.,FIRESTOPPING PROJECT,SUPPLY OF FIRESTOP MATERIALS,Firestop/ DC 315,Fire,9928.35,AED,Islam S.,Quotation
2781,Q-1192-F12276,FIRESTOP,06 Jan 2023,IQ,Multi T.E.,RTA PROJECT# LPO 9892,SUPPLY OF INSS2460,Firestop/ DC 315,Fire,6615,AED,Islam S.,Order
2782,Q-1192-F12274,FIRESTOP,06 Jan 2023,IQ,International H.C.,SAUDI GERMAN HOSPITAL,SUPPLY OF INSS2460 BLACK,Firestop/ DC 315,Fire,651,AED,Habib B.,Order
2783,Q-1192-F12273,FIRESTOP,06 Jan 2023,IQ,Al F.F.,DANUBE -OLIVIZ,"SUPPLY OF INSS1186, D64",Firestop/ DC 315,Fire,186.25,AED,Dinesh M.,Quotation
2784,Q-1192-F12272,FIRESTOP,05 Jan 2023,IQ,Fscunion Y.S.,PRICE LIST - TURKEY,Supply Of Firestop Materials,Firestop/ DC 315,Fire,822.25,USD,Islam S.,Quotation
2785,Q-1192-F12271,FIRESTOP,05 Jan 2023,IQ,Huge B.C.,LPO PD/HG/PO/25535,SUPPLY OF CFS01,Firestop/ DC 315,Fire,7770,AED,Ajeesh J.,Order
2786,Q-1192-F12270,FIRESTOP,05 Jan 2023,IQ,Door M.T.,SIX VILLA PROJECT# BEMCO# LPO 101-2023,SUPPLY OF INSS1186,Firestop/ DC 315,Fire,1260,AED,Habib B.,Order
2787,Q-1192-F12269,FIRESTOP,05 Jan 2023,IQ,Al M.C.,Galaxy Metal Warehouse _ DIC,"SUPPLY OF INSS1440,FP05,D64",Firestop/ DC 315,Fire,299.25,AED,Habib B.,Order
2788,Q-1192-F12268,FIRESTOP,05 Jan 2023,IQ,Alucopanel M.E.,FIRESTOPPING PROJECT,SUPPLY OF INSS2460 BLACK,Firestop/ DC 315,Fire,619.5,AED,Habib B.,Order
2789,Q-1192-F12267,FIRESTOP,04 Jan 2023,IQ,Thermilate M.E.,FIRESTOPPING PROJECT,SUPPLY OF INSS1186,Firestop/ DC 315,Fire,661.5,AED,Dinesh M.,Quotation
2790,Q-1192-F12266,FIRESTOP,04 Jan 2023,IQ,Banz T.&.,BAHRAIN PROJECT,SUPPLY OF FIRE RATED SELANTS AND COATING,Firestop/ DC 315,Fire,4876,AED,Islam S.,Quotation
2791,Q-1192-F12265,FIRESTOP,03 Jan 2023,IQ,Danube G.,"OLIVES - PROPOSED 2B + G + 6 + R, COMMERCIAL/RESIDENTIAL BUILDING, AL WARSAN FIRST, PLOT NO.: 6210110.","SUPPLY OF NWS, INSS0285",Firestop/ DC 315,Fire,30567.6,AED,Dinesh M.,Quotation
2792,Q-1192-F12264,FIRESTOP,03 Jan 2023,IQ,001 C.,DEIRA WATERFRONT # LPO 037,SUPPLY OF INSS1186,Firestop/ DC 315,Fire,3780,AED,Habib B.,Order
2793,Q-1192-F12263,FIRESTOP,02 Jan 2023,IQ,Inayah E.W.,AL HABBAI #  LPO/MVL/4508/01,SUPPLY OF INSS1186,Firestop/ DC 315,Fire,1320.86,AED,Islam S.,Order
2794,Q-1192-F12262,FIRESTOP,02 Jan 2023,IQ,Inayah E.W.,"AL MAJAL, QUSAIS # LPO/MVL/4507/01","SUPPLY OF INSS1440, INFS0812",Firestop/ DC 315,Fire,1617,AED,Ajith S.,Order
2795,Q-1192-F12261,FIRESTOP,02 Jan 2023,IQ,Master S.T.,FIRESTOPPING PROJECT,Supply Of Intumescent Fireproof Coating,Firestop/ DC 315,Fire,420,AED,Dinesh M.,Order
2796,Q-1192-F12260,FIRESTOP,02 Jan 2023,IQ,Inayah E.W.,"ASGC, CREEK EDGE , HARBOR# LPO/MVL/4506-B/12","SUPPLY OF FP05, INSS2460 ALS 128",Firestop/ DC 315,Fire,12232.5,AED,Ajeesh J.,Order
2797,Q-1192-F12259,FIRESTOP,02 Jan 2023,IQ,Dnb C.,"G+3 Residential Building, Plot No.: 598-1268, Expansion Joints#Dubai Investments Park, Duba","SUPPLY OF INSS2460 BLACK, NWS",Firestop/ DC 315,Fire,236.25,AED,Ajeesh J.,Order
2798,Q-1192-F12258,FIRESTOP,31 Dec 2022,IQ,Multi A.S.,SICILI - SAR Project - Arafat-1 KSA,Supply Of MEP Firestop Materials,Firestop/ DC 315,Fire,42335,AED,Islam S.,Quotation
2799,RFQ-1005-E7053,MACRO,31 Dec 2022,RFQ,Tic L.E.,(QTR 193) - W912ER21C0005 - USACE TRANS REGIONAL LOGISTICS COMPLEX (TRLC),VALVE BOXES (DOMESTIC WATER &amp; CHILLED WATER),Electrical,Electrical,32022.83,USD,Marman I.,Order
2800,Q-1192-F12257,FIRESTOP,30 Dec 2022,IQ,Inayah E.W.,"ASCG, CREEK EDGE, CREEK HARBOU# LPO/MVL/4506/12","SUPPLY OF FP05, INSS2460",Firestop/ DC 315,Fire,36807.75,AED,Ajeesh J.,Order
2801,Q-1192-F12256,FIRESTOP,30 Dec 2022,IQ,Inayah E.W.,"ASCG, CREEK EDGE, CREEK HARBOU# LPO/MVL/4506-A/12","SUPPLY OF FP05,INSS2460",Firestop/ DC 315,Fire,9082.5,AED,Ajeesh J.,Order
2802,RFQ-1192-V4326,FIRESTOP,29 Dec 2022,RFQ,Fujairah R.F.,MVL FIrestop Bldg Material LLC,SUPPLY OF Slab Without Facing SXXX Density 160kg M3 Thickness 50mm Size 1.2 MtrX.6 Mtr 360 M2,Building Materials,Various,13173.3,AED,Marman I.,Order
2803,Q-1192-F12255,FIRESTOP,29 Dec 2022,IQ,Al F.F.,PARK INN # ATCON# LPO 000009,"SUPPLY OF INSS1186, INSS1440,INFS0812",Firestop/ DC 315,Fire,8804.25,AED,Ajeesh J.,Order
2804,Q-1192-F12254,FIRESTOP,29 Dec 2022,IQ,Aqts G.,JEBEL HAFEET AMBULATORY HEALTH CENTRE - AL AIN.,"SUPPLY OF INSS1186, INSS0285, BACKER ROD, MINERAL WOOL",Firestop/ DC 315,Fire,1379.7,AED,Ajeesh J.,Quotation
2805,Q-1192-F12253,FIRESTOP,29 Dec 2022,IQ,Jumairah L.I.,FIRESTOPPING PROJECT,SUPPLY OF INSS2460 DARK GREY,Firestop/ DC 315,Fire,1323,AED,Habib B.,Order
2806,Q-1192-F12252,FIRESTOP,29 Dec 2022,IQ,Jpm A.T.,3B+G+11TYP+R- GHANTOOT# LPO JPM/MVL/0282-R1/2022,"SUPPLY OF INSS1186, INSS1440,INFS0812",Firestop/ DC 315,Fire,6615,AED,Habib B.,Order
2807,Q-1192-F12251,FIRESTOP,28 Dec 2022,IQ,Multi A.S.,SAUDI FIRESTOPPING PROJECT,"SUPPLY OF FP05, DC6150,INSS1440, INSS1186, DC68",Firestop/ DC 315,Fire,148350,AED,Islam S.,Order
2808,Q-1192-F12250,FIRESTOP,28 Dec 2022,IQ,001 C.,REGALIA#  B+G+MEZZ.+5P+69F# LPO 034,"SUPPLY OF INSS1440, INFS0812",Firestop/ DC 315,Fire,12705,AED,Habib B.,Order
2809,Q-1192-F12249,FIRESTOP,28 Dec 2022,IQ,Arabian C.I.,"2B+G+6F+ROOF COMMERCIAL &amp; RESIDENTIAL COMPLEX - THE FIRST INVESTOR LLC, DUBAI, UAE",SUPPLY OF INSS2460 RAL 7002,Firestop/ DC 315,Fire,67.2,AED,Ajeesh J.,Quotation
2810,Q-1192-F12248,FIRESTOP,27 Dec 2022,IQ,001 C.,"G+P+9F+R RESIDENTIAL APARTMENTS, DUBAI HILLS, DUBAI, UAE,  Plot No.: 1405-6319922-1212-2021 (Single Building)",SUPPLY OF MEP MATERIALS,Firestop/ DC 315,Fire,30762.56,AED,Habib B.,Quotation
2811,Q-1192-F12247,FIRESTOP,27 Dec 2022,IQ,001 C.,"RESIDENTIAL APARTMENTS, DUBAI HILLS, DUBAI, UAE,                    PLOT. No.: 0204-6312126-1212-2021 (Two Tower With Common Ground Floor)",SUPPLY OF MEP MATERIALS,Firestop/ DC 315,Fire,59584.29,AED,Habib B.,Quotation
2812,Q-1192-F12246,FIRESTOP,27 Dec 2022,IQ,Inayah E.W.,"ASGC, CREEK EDGE , HARBOR# LPO/MVL/4505/12","SUPPLY OF FP05, INSS2460",Firestop/ DC 315,Fire,808.5,AED,Ajeesh J.,Order
2813,Q-1192-F12245,FIRESTOP,27 Dec 2022,IQ,001 C.,"Torino By Oro24 G+5flrs - Residential Building On Plot No. 6730122, Arjan, Dubai, U.A.E.",SUPPLY OF MEP MATERIALS,Firestop/ DC 315,Fire,155209.3,AED,Habib B.,Quotation
2814,Q-1192-F12244,FIRESTOP,26 Dec 2022,IQ,Arabian C.G.,HOLIDAY INN# LPO 2209296,"SUPPLY OF INSS1186, INSS1440",Firestop/ DC 315,Fire,10179.75,AED,Habib B.,Order
2815,Q-1192-F12243,FIRESTOP,26 Dec 2022,IQ,Trojan G.C.,Midfield Terminal Building - MTB,SUPPLY OF INSS1440,Firestop/ DC 315,Fire,2394,AED,Habib B.,Order
2816,Q-1192-F12242,FIRESTOP,26 Dec 2022,IQ,001 C.,AL FATTAN( SCHOOL PROJECT) # LPO 033,SUPPLY OF INSS1440,Firestop/ DC 315,Fire,5880,AED,Habib B.,Order
2817,Q-1192-F12241,FIRESTOP,23 Dec 2022,IQ,Danube G.,"PROPOSED 2B + G + 6 + R, COMMERCIAL/RESIDENTIAL BUILDING, AL WARSAN FIRST, PLOT NO.6210110",MEP MATERIALS,Firestop/ DC 315,Fire,90525.41,AED,Dinesh M.,Quotation
2818,Q-1192-F12240,FIRESTOP,23 Dec 2022,IQ,Danube G.,"PROPOSED 2B + G + 6 + R, COMMERCIAL/RESIDENTIAL BUILDING, AL WARSAN FIRST, PLOT NO.6210110",CJ,Firestop/ DC 315,Fire,38955,AED,Dinesh M.,Quotation
2819,Q-1192-F12239,FIRESTOP,23 Dec 2022,IQ,Emcc C.L.,BU HAS APROJECT # # LPO MC/22/0933,SUPPLY OF INSS1440 AND FP05,Firestop/ DC 315,Fire,3339,AED,Habib B.,Order
2820,Q-1192-F12238,FIRESTOP,22 Dec 2022,IQ,Al S.N.,"(P150) 2B+G+5+R Retail / Residential Building, Plot No.: 318-0118, Al Karama, Dubai - UAE",Mep,Firestop/ DC 315,Fire,40156.2,AED,Islam S.,Quotation
2821,Q-1192-F12237,FIRESTOP,22 Dec 2022,IQ,Al S.N.,"(P145) G+2P+8 Residential Development, Plot No.: 334-2737, Al Satwa, Dubai - UAE",SUPPLY OF MEP MATERIALS,Firestop/ DC 315,Fire,20784.75,AED,Islam S.,Quotation
2822,Q-1192-F12236,FIRESTOP,22 Dec 2022,IQ,Al S.N.,"(P144) G+P+8 Residential Development, Plot No.: 334-3004, Al Satwa, Dubai - UAE",SUPPLY OF MEP MATERIALS,Firestop/ DC 315,Fire,19955.25,AED,Islam S.,Quotation
2823,Q-1192-F12235,FIRESTOP,22 Dec 2022,IQ,Inayah E.W.,G+6 RESIDENTIAL BLDNG # AL QUSAIS#AL MAJAL CONT# LPO/MVL/4504/12,"SUPPLY OF INSS1440, INSS1186",Firestop/ DC 315,Fire,2908.5,AED,Islam S.,Order
2824,Q-1192-F12234,FIRESTOP,21 Dec 2022,IQ,Gulf T.B.,RATLS FUTTAM # LPO 1891,SUPPLY OF INSS2460 ALS 128,Firestop/ DC 315,Fire,4032,AED,Islam S.,Order
2825,Q-1192-F12133A,FIRESTOP,21 Dec 2022,IQ,Classic F.C.,FIRESTOPPING PROJECT,Supply Of INSS2460 Fire Rated Silicone Sealant,Firestop/ DC 315,Fire,630,AED,Habib B.,Order
2826,Q-1192-F12233,FIRESTOP,21 Dec 2022,IQ,Habash D.c.,"SOFITEL AMMAN, G+M + Tech. Floor + 9F - JORDAN",SUPPLY OF MEP MATERIALS,Firestop/ DC 315,Fire,237072.5,AED,Islam S.,Quotation
2827,Q-1192-F12232,FIRESTOP,21 Dec 2022,IQ,Habash D.c.,"SOFITEL AMMAN, G+M + Tech. Floor + 9F - JORDAN",SUPPLY OF INSS1186,Firestop/ DC 315,Fire,90160,AED,Islam S.,Quotation
2828,RFQ-5213-A5201,MACRO,21 Dec 2022,RFQ,Idt I.D.,"(KSA 127) W912ER21C0015 - AL KHARJ WAREHOUSE, KSA",OVERHEAD COILING DOORS,Doors,Architectural,241744.95,SAR,Maricar I.,Order
2829,Q-1192-F12231,FIRESTOP,21 Dec 2022,IQ,Mid c.C.,"SOFITEL AMMAN, G+M + Tech. Floor + 9F - JORDAN",SUPPLY OF MEP MATERIALS,Firestop/ DC 315,Fire,237072.5,AED,Islam S.,Quotation
2830,Q-1192-F12230,FIRESTOP,21 Dec 2022,IQ,Mid c.C.,"SOFITEL AMMAN, G+M + Tech. Floor + 9F - JORDAN",SUPPLY OF INSS1186,Firestop/ DC 315,Fire,90160,AED,Islam S.,Quotation
2831,Q-1192-F12229,FIRESTOP,21 Dec 2022,IQ,Inayah E.W.,G+6 RESIDENTIAL BLDNG # AL QUSAIS#AL MAJAL CONT,SUPPLY OF CIVIL &amp; MEP,Firestop/ DC 315,Fire,36303.75,AED,Islam S.,Quotation
2832,RFQ-1192-V4448A,FIRESTOP,20 Dec 2022,RFQ,Grand S.C.,MVL FIRESTOP BLDG TRDG MATL LLC,Stationeries For Firestop,Misc.,Various,1327.72,AED,Marman I.,Order
2833,Q-1192-F12228,FIRESTOP,20 Dec 2022,IQ,001 C.,LA VIE # LPO 032,SUPPLY OF INSS1186,Firestop/ DC 315,Fire,315,AED,Habib B.,Order
2834,Q-1192-F12227,FIRESTOP,19 Dec 2022,IQ,Out o.t.,DUBAI OPERA # LPO 1434-2022,SUPPLY OF DC68,Firestop/ DC 315,Fire,4935,AED,Ramshad K.,Order
2835,Q-1192-F12226,FIRESTOP,19 Dec 2022,IQ,Heptagon C.C.,"SOFITEL AMMAN, G+M + Tech. Floor + 9F - JORDAN",SUPPLY OF MEP MATERIALS,Firestop/ DC 315,Fire,206150,AED,Islam S.,Quotation
2836,Q-1192-F12225,FIRESTOP,19 Dec 2022,IQ,Heptagon C.C.,"SOFITEL AMMAN, G+M + Tech. Floor + 9F - JORDAN",SUPPLY OF CJ MATERIALS,Firestop/ DC 315,Fire,78400,AED,Islam S.,Quotation
2837,RFQ-5193-E6800A,MACRO,19 Dec 2022,RFQ,Alc A.L.,"KSA-126 W912ER21C0014 Khamis Simulator Facility, Kingdom Of Saudi Arabia",SUPPLY OF LIGHTING FIXTURES,Electrical,Electrical,83950,SAR,Maricar I.,Order
2838,Q-1192-F12224,FIRESTOP,19 Dec 2022,IQ,Al S.C.,"PROPOSED B+G+4+ROOF, WADI AL SAFA, DUBAI, UAE, PLOT NO.6439696",SUPPLY OF MEP MATERIALS,Firestop/ DC 315,Fire,5529.3,AED,Dinesh M.,Quotation
2839,Q-1192-F12223,FIRESTOP,19 Dec 2022,IQ,Al S.C.,"PROPOSED B+G+4+ROOF, WADI AL SAFA, DUBAI, UAE, PLOT NO.6439696","SUPPLY OF INSS1186, D64",Firestop/ DC 315,Fire,3538.5,AED,Dinesh M.,Quotation
2840,RFQ-1192-R1508,FIRESTOP,19 Dec 2022,RFQ,New S.O.,MVL Firestop BLDG TRDG LLC,Full Service Maintenance For Firestop Printer MX-3550V,Rental,Rental,5197.5,AED,Marman I.,Order
2841,Q-1192-F12222,FIRESTOP,19 Dec 2022,IQ,Abdullah A.A.,SAUDI # LPO PUR-ORD-2022-00606,"SUPPLY OF CFS01, FP05 AND INSS1440",Firestop/ DC 315,Fire,33100,AED,Islam S.,Order
2842,Q-1192-F12221,FIRESTOP,19 Dec 2022,IQ,Safina A.N.,LPO 1022,SUPPLY OF INSS1186,Firestop/ DC 315,Fire,5340,AED,Islam S.,Order
2843,Q-1192-F12220,FIRESTOP,16 Dec 2022,IQ,Arabian C.G.,"2B+G+6F+ROOF COMMERCIAL &amp; RESIDENTIAL COMPLEX - THE FIRST INVESTOR LLC, DUBAI# LPO 2300758",SUPPLY OF INSS2460 GRC AND BLACK,Firestop/ DC 315,Fire,64575,AED,Ajeesh J.,Order
2844,Q-1192-F12219,FIRESTOP,16 Dec 2022,IQ,Jpm A.T.,OMIS TOWER# LPO JPM/MVL/0278- R1,SUPPLY OF INSS0285 600 ML SAUSAGE,Firestop/ DC 315,Fire,3472.88,AED,Islam S.,Order
2845,Q-1192-F12218,FIRESTOP,16 Dec 2022,IQ,Makasib B.C.,"PROPOSED BUILDING (B+G+4+R), PLOT NO. IC1-LOT-02A, WARSAN FIRST INTERNATIONAL CITY DUBAI.",SUPPLY OF MEP MATERIALS,Firestop/ DC 315,Fire,23739.45,AED,Ajith S.,Quotation
2846,Q-1192-F12217,FIRESTOP,15 Dec 2022,IQ,White F.E.,PRICE LIST,SUPPLY OF FIRESTOP MATERIALS,Firestop/ DC 315,Fire,7640.85,AED,Ramshad K.,Quotation
2847,Q-1192-F12216,FIRESTOP,14 Dec 2022,IQ,Makasib B.C.,"PROPOSED BUILDING (B+G+4+R), PLOT NO. IC1-LOT-02A, WARSAN FIRST INTERNATIONAL CITY DUBAI","SUPPLY OF INSS1186, D64",Firestop/ DC 315,Fire,20475,AED,Ajith S.,Quotation
2848,RFQ-1569-O34,MACRO,14 Dec 2022,RFQ,Al K.C.,MVL Group Office Related POs,Computer For Bona Harley Vitasa,Computer Peripherals,Office Assets,4242,AED,Marman I.,Order
2849,Q-1192-F12215,FIRESTOP,14 Dec 2022,IQ,Rukn A.M.,STRUCTURAL SEALANT,SUPPLY OF SGS,Firestop/ DC 315,Fire,2100,AED,Islam S.,Order
2850,Q-1192-F12214,FIRESTOP,14 Dec 2022,IQ,Door M.T.,FAB TWIN TOWER# LPO 114-2022,"SUPPLY OF INSS1186, FP05",Firestop/ DC 315,Fire,2152.5,AED,Habib B.,Order
2851,RFQ-1005-E7052,MACRO,14 Dec 2022,RFQ,Tvc U.H.,"(KSA-126) W912ER21C0014 Khamis Simulator Facility, Kingdom Of Saudi Arabia",COMMUNICATION MESH - MAXCELL FABRIC MESH,Electrical,Electrical,10728.36,USD,Marman I.,Quotation
2852,Q-1192-F12213,FIRESTOP,14 Dec 2022,IQ,Trojan G.C.,Under Ground Parking,SUPPLY OF INSS1186,Firestop/ DC 315,Fire,8820,AED,Habib B.,Quotation
2853,Q-1192-F12212,FIRESTOP,14 Dec 2022,IQ,Inayah E.W.,Technomech J106-Satwa # LPO /MVL/4503/12,MEP &amp; CIVIL,Firestop/ DC 315,Fire,1704.45,AED,Islam S.,Order
2854,RFQ-1569-V4397,MACRO,13 Dec 2022,RFQ,The U.W.,MVL Group Office Related POs,MVL Employee Sweaters,Misc.,Various,4740.75,AED,Marman I.,Order
2855,Q-1192-F12211,FIRESTOP,13 Dec 2022,IQ,Al F.C.,"PROPOSED RESIDENTIAL BUILDING (G+2P+7TYP+R) AT AL FURJAN L.L.C, PLOT NO.AFC 022",SUPPLY OF INSS0285 5G PAIL,Firestop/ DC 315,Fire,472.5,AED,Islam S.,Quotation
2856,Q-1192-F12128A,FIRESTOP,13 Dec 2022,IQ,Srh A.B.,"PROPOSED RESIDENTIAL BUILDING GROUND + 1P+1st+7TYPICAL + ROOF, AL SATWA, DUBAI, PLOT NO.3347572# LPO MK - 480",Supply Of INSS1440 &amp; INSS1186,Firestop/ DC 315,Fire,1428,AED,Ajeesh J.,Order
2857,Q-1192-F12210,FIRESTOP,13 Dec 2022,IQ,Safina A.N.,"New Headquarters Boubyan Bank, Kuwait","SUPPLY OF INSS1186, D64",Firestop/ DC 315,Fire,144875,AED,Islam S.,Quotation
2858,Q-1192-F12209,FIRESTOP,13 Dec 2022,IQ,001 C.,"TILAL AL GHAF, AURA - MOCK - UP VILLA","SUPPLY OF INSS1186, D64",Firestop/ DC 315,Fire,281.4,AED,Habib B.,Quotation
2859,Q-1192-F12208,FIRESTOP,13 Dec 2022,IQ,001 C.,"TILAL AL GHAF, AURA - MOCK - UP VILLA","SUPPLY OF INSS1440, FP05, D64",Firestop/ DC 315,Fire,1021.65,AED,Habib B.,Quotation
2860,Q-1192-F12207,FIRESTOP,12 Dec 2022,IQ,Emcc C.L.,"ADMIN &amp; NEW CONTROL BUILDINGS, ABUDHABI","SUPPLY OF INSS1440, FP05, FP04, D64",Firestop/ DC 315,Fire,8895.72,AED,Ramshad K.,Quotation
2861,Q-1192-F12206,FIRESTOP,12 Dec 2022,IQ,Voce I.C.,Proposed (G+M+4Parking+15) Commercial &amp; Residential @ JVC,SUPPLY OF INSS1186 5G PAIL,Firestop/ DC 315,Fire,682.5,AED,Dinesh M.,Quotation
2862,Q-1192-F12205,FIRESTOP,12 Dec 2022,IQ,Fscunion Y.S.,TURKEY PROJECT,TRANSPORTATION COST,Firestop/ DC 315,Fire,650,USD,Islam S.,Order
2863,Q-1192-F12204,FIRESTOP,09 Dec 2022,IQ,Brooks I.L.,AZERBAIJAN PROJECT,"SUPPLY OF INSS1440, INSS2460 BLACK",Firestop/ DC 315,Fire,164.85,AED,Islam S.,Order
2864,RFQ-1569-O33,MACRO,09 Dec 2022,RFQ,Techmind S.L.,"Meeting Room Video Conference Systems (1802, 1803, 1808)","Meeting Room Video Conference Systems (1802, 1803, 1808)",Computer Peripherals,Office Assets,39585,AED,Maricar I.,Order
2865,Q-1192-F12203,FIRESTOP,08 Dec 2022,IQ,Asian I.,LPO ASI-09122022,"SUPPLY OF DC6150, INSS1440",Firestop/ DC 315,Fire,18225,AED,Islam S.,Order
2866,Q-1192-F12202,FIRESTOP,08 Dec 2022,IQ,Al F.C.,ABU SHAGARA,SUPPLY OF D120,Firestop/ DC 315,Fire,140.07,AED,Habib B.,Order
2867,Q-1192-F12201,FIRESTOP,08 Dec 2022,IQ,Gulf P.C.,D1D2 FORTE TOWER,SUPPLY OF INSS2460 RAL 9002,Firestop/ DC 315,Fire,464625,AED,Ajeesh J.,Quotation
2868,Q-1005-V7044,MV LLC,08 Dec 2022,IQ,Taisei K.C.,Supply &amp; Delivery Of Trench Drain-Japan,Supply &amp; Delivery Of Trench Drain-Japan,Building Materials,Various,255000,USD,Mahesh B.,Quotation
2869,RFQ-1192-F12200,FIRESTOP,08 Dec 2022,RFQ,International C.T.,MVL FIRESTOP BLDG MATL TRDG LLC,Order No. INCA-20221208-11,Firestop/ DC 315,Fire,66932,USD,Marman I.,Order
2870,Q-1192-F12199,FIRESTOP,07 Dec 2022,IQ,001 C.,"LA VIE TOWER (B+G+36 FLOORS + ROOF), MARSA DUBAI - JBR, PLOT NO.: 3920529, DUBAI, UAE",CJ - FA&Ccedil;ADE JOINT,Firestop/ DC 315,Fire,19695.38,AED,Habib B.,Quotation
2871,Q-1192-F12198,FIRESTOP,06 Dec 2022,IQ,Dnb C.,"G+3 Residential Building, Plot No.: 598-1268, Expansion Joints#Dubai Investments Park, Dubai, UAE",Supply Of Firestop Materials,Firestop/ DC 315,Fire,1155,AED,Ajeesh J.,Order
2872,Q-1192-F12197,FIRESTOP,06 Dec 2022,IQ,001 C.,"Residential Building 3B+G+P+9F+ R, Dubai Hills Estate, Dubai, Plot No.1409",Supply Of MEP Firestop Materials,Firestop/ DC 315,Fire,50946.44,AED,Habib B.,Quotation
2873,Q-1192-F12196,FIRESTOP,06 Dec 2022,IQ,001 C.,"Residential Building 3B+G+P+9F+ R, Dubai Hills Estate, Dubai, Plot No.1409",Supply Of Head Of Wall Joint Firestop Materials,Firestop/ DC 315,Fire,23345.7,AED,Habib B.,Quotation
2874,RFQ-1569-O32,MACRO,06 Dec 2022,RFQ,Codegreen S.,MVL Group Office Related POs,Sophos SG 230 Full Guard - 1 Year Subscription,Computer Peripherals,Office Assets,8869.35,AED,Marman I.,Order
2875,Q-1192-F12195,FIRESTOP,05 Dec 2022,IQ,Arabian C.G.,AL AMEERA,Supply Of MEP Firestop Materials,Firestop/ DC 315,Fire,7350,AED,Habib B.,Quotation
2876,Q-1192-F12194,FIRESTOP,05 Dec 2022,IQ,Jpm A.T.,FIRESTOPPING PROJECT,Supply Of DC68 Spray To Protect,Firestop/ DC 315,Fire,157.5,AED,Habib B.,Order
2877,Q-1192-F12193,FIRESTOP,05 Dec 2022,IQ,Alpha F.S.,FIRESTOPPING PROJECT - BAHRAIN,Supply Of DC68 Spray To Protect,Firestop/ DC 315,Fire,53760,AED,Islam S.,Quotation
2878,Q-1192-F12192,FIRESTOP,05 Dec 2022,IQ,Door M.T.,ADCOOP Warehouses @ KIZAD LPO# 113-2022,Supply Of Head Of Wall Joint Firestop Materials,Firestop/ DC 315,Fire,614.25,AED,Dinesh M.,Order
2879,Q-1192-F12191,FIRESTOP,05 Dec 2022,IQ,Door M.T.,Amazon Data Center Warehouse LPO# 112-2022,Supply Of Head Of Wall Joint Firestop Materials,Firestop/ DC 315,Fire,1228.5,AED,Dinesh M.,Order
2880,Q-1005-M7056,MACRO,05 Dec 2022,IQ,Titanit C.L.,Supply &amp; Delivery Of Mini-Split Heat Pump-Al Kharj-KSA,Supply &amp; Delivery Of Mini-Split Heat Pump-Al Kharj-KSA,Mechanical Items,Mechanical,14762,USD,Mahesh B.,Quotation
2881,RFQ-1192-V4324,FIRESTOP,05 Dec 2022,RFQ,Mission F.L.,MVL FIRESTOP BLDG MATL TRDG LLC,"SUPPLY, INSTALLATION, TESTING AND COMMISSIONING OF FIRE ALARM SYSTEM WITH AMC 1 YEAR",Building Materials,Various,1365,AED,Marman I.,Order
2882,Q-1005-E7051,MV LLC,01 Dec 2022,IQ,25th S.S.,Supply &amp; Delivery Of Cabling Materials-Qatar,Supply &amp; Delivery Of Cabling Materials-Qatar,Electrical,Electrical,13782,USD,Mahesh B.,Quotation
2883,Q-1192-F12190,FIRESTOP,30 Nov 2022,IQ,Trojan G.C.,Aluminum And Glazing Works For 452 Villas In Yas A,Supply Of NWS 2000,Firestop/ DC 315,Fire,126000,AED,Habib B.,Quotation
2884,Q-1192-F12063A,FIRESTOP,30 Nov 2022,IQ,Alibtikar A.T.,FIRESTOPPING PROJECT,SUPPLY OF DC68,Firestop/ DC 315,Fire,1417.5,AED,Habib B.,Order
2885,Q-1192-F12189,FIRESTOP,30 Nov 2022,IQ,001 C.,"Residential Building 3B+G+P+9F+ R, Dubai Hills Estate, Dubai, Plot No.1411",Supply Of MEP Firestop Materials,Firestop/ DC 315,Fire,47141.75,AED,Habib B.,Quotation
2886,Q-1192-F12188,FIRESTOP,30 Nov 2022,IQ,001 C.,"Residential Building B+G+P+9F+ R Dubai Hills Estate, Dubai, Plot No.1411",Supply Of Head Of Wall Joint Firestop Materials,Firestop/ DC 315,Fire,15655.5,AED,Habib B.,Quotation
2887,Q-1192-F12187,FIRESTOP,29 Nov 2022,IQ,Tiger C.C.,"The V Tower P251 (3B+G+ 17 TYP.) BLDG Plot No. 6488621, Dubai Land",Supply Of Silicone Sealants,Firestop/ DC 315,Fire,636300,AED,Islam S.,Quotation
2888,Q-1192-F12186,FIRESTOP,29 Nov 2022,IQ,Ismail G.G.,FIRESTOPPING PROJECT,Supply Of INSS2460 Fire Rated Silicone Sealant,Firestop/ DC 315,Fire,1344,AED,Islam S.,Quotation
2889,Q-1192-F12185,FIRESTOP,29 Nov 2022,IQ,Advanced P.G.,FIRESTOPPING PROJECT # LPO APGT-PO-3726,Supply Of INSS2460 Fire Rated Silicone Sealant,Firestop/ DC 315,Fire,1344,AED,Islam S.,Order
2890,Q-1192-F12184,FIRESTOP,29 Nov 2022,IQ,Jernas T.G.,FIRESTOPPING PROJECT,Supply Of INSS2460 Fire Rated Silicone Sealant,Firestop/ DC 315,Fire,1344,AED,Islam S.,Quotation
2891,Q-1192-F11830A,FIRESTOP,29 Nov 2022,IQ,001 C.,AL FATTAN# GULF ASIA# KARAMA#LPO 030,SUPPLY OF FIRESTOP MATERIAL CIVIL &amp; MEP,Firestop/ DC 315,Fire,8389.5,AED,Habib B.,Order
2892,Q-1192-F12183,FIRESTOP,29 Nov 2022,IQ,Arabian C.G.,"2B+G+6F+ROOF COMMERCIAL &amp; RESIDENTIAL COMPLEX - THE FIRST INVESTOR LLC, DUBAI, UAE,LPO NO:2209194",Supply Of MEP &amp; CIVIL  Firestop Materials,Firestop/ DC 315,Fire,45213,AED,Habib B.,Order
2893,Q-1192-F12182,FIRESTOP,29 Nov 2022,IQ,Door M.T.,"FAB Twin Towers ( Marina Facilities Management LLC.), Abu Dhabi. LPO# 111-2022",Supply Of MEP Firestop Materials,Firestop/ DC 315,Fire,2231.25,AED,Habib B.,Order
2894,RFQ-1569-O31,MACRO,29 Nov 2022,RFQ,Al A.C.,"Supply, Installation And Commissioning Of IT Hardware &amp; Cabling","Supply, Installation And Commissioning Of IT Hardware &amp; Cabling",Computer Peripherals,Office Assets,8500,AED, ,Order
2895,Q-1192-F12181,FIRESTOP,29 Nov 2022,IQ,Strabag-ozkar J.,"Engineering, Procurement, Construction &amp; Commissioning Of Hatta Pumped Storage Hydro Power Plan",Supply Of Rockwool,Firestop/ DC 315,Fire,514.5,AED,Islam S.,Quotation
2896,Q-1192-F12025C,FIRESTOP,28 Nov 2022,IQ,Dnb C.,"ONE FLOOR QUANTITY-G+3 Residential Building, Plot No.: 598-1268, Dubai Investments Park, Dubai# LPO 6999/22/PJ51",SUPPLY OF MVL FIRESTOP MATERIAL,Firestop/ DC 315,Fire,819,AED,Ajeesh J.,Order
2897,Q-1192-F11998B,FIRESTOP,28 Nov 2022,IQ,Jpm A.T.,2B+G+11 FLOOR- OST CONT. # LPO JPM/MVL/0244/09/2022,SUPPLY OF INSS1186 &amp; INSS1440,Firestop/ DC 315,Fire,5412.75,AED,Ajeesh J.,Order
2898,Q-1005-V7043,MACRO,28 Nov 2022,IQ,Elite P.E.,Supply &amp; Delivery Of Valve Box-Chilled Water-TRLC,Supply &amp; Delivery Of Valve Box-Chilled Water-TRLC,Building Materials,Various,29416,USD,Mahesh B.,Order
2899,Q-1192-F11780A,FIRESTOP,28 Nov 2022,IQ,Jpm A.T.,RUKAN TOWER# LPO JPM/MVL/0199/2022,Supply Of Fire Stop Materials,Firestop/ DC 315,Fire,6300,AED,Islam S.,Order
2900,Q-1192-F12180,FIRESTOP,26 Nov 2022,IQ,Al R.B.,"B+G+2P+14+R Building, Plot No.: 326-1706, Dubai Health Care City, Dubai# LPO 52115",Supply Of  CIVIL &amp; MEP Firestop Materials,Firestop/ DC 315,Fire,76098.75,AED,Dinesh M.,Order
2901,Q-1192-F12179,FIRESTOP,26 Nov 2022,IQ,Al R.B.,"B+G+2P+14+R Building, Plot No.: 326-1706, Dubai Health Care City, Dubai, UAE",Supply Of Head Of Wall Joint Firestop Materials,Firestop/ DC 315,Fire,24648.75,AED,Ajeesh J.,Quotation
2902,Q-1192-F12178,FIRESTOP,25 Nov 2022,IQ,Al S.,"B+G+1st+4P+SRV. FL+SWIMING POL FLR.+H.C FL. + 23 TYP.+SRV. FL.+PENTHOUSE (DUPLEX) + ROF+TOP OF ROF HOTEL BUILDING ON PLOT NO. 3473902, AT AL MERKADH, DUBAI",Supply Of Civil Firestop,Firestop/ DC 315,Fire,21315,AED,Ajeesh J.,Quotation
2903,Q-1192-F12177,FIRESTOP,25 Nov 2022,IQ,Al S.,"B+G+1st+4P+SRV. FL+SWIMING POL FLR.+H.C FL. + 23 TYP.+SRV. FL.+PENTHOUSE (DUPLEX) + ROF+TOP OF ROF HOTEL BUILDING ON PLOT NO. 3473902, AT AL MERKADH, DUBAI",Supply Of MEP Firestop Materials,Firestop/ DC 315,Fire,67961.25,AED,Ajeesh J.,Quotation
2904,RFQ-5327-V40000,MACRO,25 Nov 2022,RFQ,Mohamed A.A.,"KUW-129.16 JO 0012 W912ER21F0160 CH-47 Weather Shelter A Camp Buering Kuwait &amp; KUW-129.17 W912ER21F0161 W912ER21R2004, CH-47 Weather Shelter B, Camp Buehring, Kuwait",Packaged Air Conditioning Unit (RTU-1),Building Materials,Various,29500,KWD, ,Order
2905,Q-1192-F12176,FIRESTOP,24 Nov 2022,IQ,Gbh I.C.,THE FIELDS,SUPPLY OF MVL FIRESTOP MATERIAL,Firestop/ DC 315,Fire,327.6,AED,Dinesh M.,Order
2906,Q-1192-F12175,FIRESTOP,23 Nov 2022,IQ,Royal A.E.,"PIER - 8, 5 - Star Hotel, Plot No.: 392-318, Marina, Dubai",Supply Of MEP Firestop Materials,Firestop/ DC 315,Fire,23068.5,AED,Islam S.,Quotation
2907,Q-1192-F12174,FIRESTOP,23 Nov 2022,IQ,Kps E.,Anchor Project,Supply Of INDEX FIX Anchors,Firestop/ DC 315,Fire,1617,AED,Ramshad K.,Order
2908,Q-1192-F12173,FIRESTOP,23 Nov 2022,IQ,Arabian C.C.,"KHAMIS MUSHAIT, KSA ROYAL SAUDI LAND FORCES KHAMIS SIMULATOR FACILITY SA-487588",Supply Of MEP Firestop Materials,Firestop/ DC 315,Fire,1688.71,USD,Islam S.,Order
2909,Q-1192-F12172,FIRESTOP,23 Nov 2022,IQ,Royal A.E.,"PIER - 8, 5 - Star Hotel, Plot No.: 392-318, Marina, Dubai",Supply Of MEP Firestop Materials,Firestop/ DC 315,Fire,151473,AED,Islam S.,Quotation
2910,Q-1192-F12170,FIRESTOP,22 Nov 2022,IQ,Fibrex L.,SULAFA TOWER DUBAI LPO : 49836,Supply Of INSS2460,Firestop/ DC 315,Fire,119700,AED,Habib B.,Order
2911,Q-1192-F12168,FIRESTOP,21 Nov 2022,IQ,001 C.,Al Fattan Building Project LPO# 029,Supply Of MEP Firestop Materials,Firestop/ DC 315,Fire,9276.75,AED,Habib B.,Order
2912,Q-1192-F12167,FIRESTOP,21 Nov 2022,IQ,001 C.,"Diera Water Front (ICD) Project, LPO 028",Supply Of Civil Firestop,Firestop/ DC 315,Fire,3780,AED,Habib B.,Order
2913,RFQ-4814-A5203,MACRO,21 Nov 2022,RFQ,Lakshmi M.T.,(QTR 193) - W912ER21C0005 - USACE TRANS REGIONAL LOGISTICS COMPLEX (TRLC),Aluminum Windows,Doors,Architectural,873131.06,AED, ,Order
2914,Q-1192-F12166,FIRESTOP,19 Nov 2022,IQ,Door M.T.,"FAB Twin Towers (Marina Facilities Management LLC.), Abu Dhabi. LPO# 110-2022",Supply Of INSS1440 Fire Barrier Caulk,Firestop/ DC 315,Fire,1680,AED,Habib B.,Order
2915,Q-1192-F12165,FIRESTOP,18 Nov 2022,IQ,New S.E.,"PROPOSED G+4 LABOR ACCOMODATION, PLOT NO. 5997488, JABAL ALI INDUSTRIAL FIRST, DUBAI# LPO 30148",Supply Of MEP Firestop Materials,Firestop/ DC 315,Fire,13780.2,AED,Ajith S.,Order
2916,Q-1192-F12164,FIRESTOP,18 Nov 2022,IQ,Consent L.,"PROPOSED B+G+5 RESIDENTIAL BUILDING, PLOT NO.6458041-WADI AL SAFA 3, DUBAI - UAE",Supply Of MEP Firestop Materials,Firestop/ DC 315,Fire,14238,AED,Ajeesh J.,Quotation
2917,Q-1192-F12163,FIRESTOP,18 Nov 2022,IQ,Consent L.,"PROPOSED B+G+5 RESIDENTIAL BUILDING, PLOT NO.6458041, WADI AL SAFA 3, DUBAI, UAE",Supply Of Head Of Wall Joint Firestop Materials,Firestop/ DC 315,Fire,6142.5,AED,Ajeesh J.,Quotation
2918,Q-1192-F12162,FIRESTOP,18 Nov 2022,IQ,001 C.,"CONSTRUCTION OF VIP MAJLIS AT NAS, ABU DHABI, UAE",Supply Of Head Of Wall Joint Firestop Materials,Firestop/ DC 315,Fire,6354.6,AED,Habib B.,Quotation
2919,Q-1192-F12161,FIRESTOP,18 Nov 2022,IQ,Arki G.D.,"PRIVATE OFFICE AL RAWDHAT, SECTOR NO.E48, PLOT NO.C74, ABU DHABI, UAE.",Supply Of MEP Firestop Materials,Firestop/ DC 315,Fire,2782.5,AED,Habib B.,Quotation
2920,Q-1192-F12160,FIRESTOP,18 Nov 2022,IQ,Arki G.D.,"PRIVATE OFFICE AL RAWDHAT, SECTOR NO.E48, PLOT NO.C74, ABU DHABI, UAE.",Supply Of Head Of Wall Joint Firestop Materials,Firestop/ DC 315,Fire,2614.5,AED,Habib B.,Quotation
2921,Q-1005-E7050,MACRO,18 Nov 2022,IQ,Titanit C.L.,Supply &amp; Delivery Of Compact Substation Transformer-AL Kharj-KSA,Supply &amp; Delivery Of Compact Substation Transformer-AL Kharj-KSA,Electrical,Electrical,39988.95,USD,Mahesh B.,Order
2922,Q-1192-F12093A,FIRESTOP,17 Nov 2022,IQ,Al F.F.,PARK INN#ATCON#JVT#000006,"SUPPLY OF INSS1186, INSS1440",Firestop/ DC 315,Fire,6016.5,AED,Ajeesh J.,Order
2923,Q-1192-F11828A,FIRESTOP,15 Nov 2022,IQ,Jpm A.T.,Omis Tower # LPO JPM/MVL/0266/2022,SUPPLY OF INSS0285 5G,Firestop/ DC 315,Fire,1522.5,AED,Islam S.,Order
2924,Q-1192-F12159,FIRESTOP,15 Nov 2022,IQ,Rukn A.M.,Sealant,Supply Of NWS,Firestop/ DC 315,Fire,1890,AED,Islam S.,Order
2925,Q-1192-F12129A,FIRESTOP,15 Nov 2022,IQ,International H.C.,Saudi German Hospital,Supply Of INSS2460 Fire Rated Silicone Sealant,Firestop/ DC 315,Fire,1302,AED,Habib B.,Order
2926,Q-1192-F12149A,FIRESTOP,15 Nov 2022,IQ,Safina A.N.,Kuwait Project LPO# 207003A,Supply Of MEP Firestop Materials,Firestop/ DC 315,Fire,26462.5,AED,Islam S.,Order
2927,Q-1192-F12025B,FIRESTOP,14 Nov 2022,IQ,Dnb C.,"ONE FLOOR QUANTITY-G+3 Residential Building, Plot No.: 598-1268, Dubai Investments Park, Dubai# LPO 6999/22/PJ51",SUPPLY OF MVL FIRESTOP MATERIAL,Firestop/ DC 315,Fire,3656.1,AED,Ajeesh J.,Order
2928,Q-1192-F12158,FIRESTOP,14 Nov 2022,IQ,Strabag-ozkar J.,"Engineering, Procurement, Construction &amp; Commissioning Of Hatta Pumped Storage Hydro Power Plant LPO# 009477",SUPPLY OF INSS1186,Firestop/ DC 315,Fire,577.5,AED,Islam S.,Order
2929,Q-1192-F12156,FIRESTOP,14 Nov 2022,IQ,Metco C.,SHERATON HOTEL (2 Tower) - CAIRO - EGYPT,Supply Of MEP Firestop Materials,Firestop/ DC 315,Fire,73054.8,AED,Islam S.,Quotation
2930,Q-1192-F12155,FIRESTOP,13 Nov 2022,IQ,001 C.,AL FATTEN LPO# 025,Supply Of CFS01 MORTAR,Firestop/ DC 315,Fire,4882.5,AED,Habib B.,Order
2931,Q-1192-F12154,FIRESTOP,13 Nov 2022,IQ,International H.C.,CENTER OF EXCELLENCE SGH DUBAI LPO# 14093,Supply Of CJ &amp; MEP Firestop Materials,Firestop/ DC 315,Fire,16800,USD,Habib B.,Order
2932,Q-1192-F12153,FIRESTOP,13 Nov 2022,IQ,Fibrex L.,"MOPA 5 - STARS HOTEL, RAS AL KHAIMAH",Supply Of MEP Firestop Materials,Firestop/ DC 315,Fire,159426.75,AED,Dinesh M.,Quotation
2933,Q-1192-F12152,FIRESTOP,13 Nov 2022,IQ,Fibrex L.,"MOPA 5 - STARS HOTEL, RAS AL KHAIMAH",Supply Of Head Of Wall Joint Firestop Materials,Firestop/ DC 315,Fire,64837.5,AED,Dinesh M.,Quotation
2934,Q-1192-F12151,FIRESTOP,11 Nov 2022,IQ,Fscunion Y.G.,FSC UNION - Turkey,Supply Of MEP Firestop Materials,Firestop/ DC 315,Fire,3960,USD,Islam S.,Quotation
2935,Q-1192-F12150,FIRESTOP,11 Nov 2022,IQ,Fibrex L.,"Murooj Al Furjan Villas, Townhouses LPO# 49839",Supply Of Structural Glazing Silicone Sealant,Firestop/ DC 315,Fire,9450,AED,Habib B.,Order
2936,RFQ-1192-V4323,FIRESTOP,11 Nov 2022,RFQ,Fujairah R.F.,MVL Firestop Bldg Material Trdg LLC,SLAB WITHOUT FACING (SXXX) Densitiy: 64Kg M3 Thickness: 50mm  Size: 1.2 Mtr By .6 Mtr,Building Materials,Various,5197.5,AED, ,Order
2937,Q-1192-F12148,FIRESTOP,10 Nov 2022,IQ,Jpm A.T.,"West Bay Tower (4B+G+3P+30TYP.+MECH+HC FLOORS) COMMERCIAL &amp; RESIDENTIAL BUILDING ON PLOT: 3466809 BUSINESS BAY, DUBAI, UAE LPO# 0267",Supply Of CJ &amp; MEP Firestop Materials,Firestop/ DC 315,Fire,80580.15,AED,Islam S.,Order
2938,Q-1192-F12147,FIRESTOP,10 Nov 2022,IQ,Jpm A.T.,ESPLANADE PHASE 1-AL BARSHA PO # JPM/MVL/0264/2022,Supply Of MEP Firestop Materials,Firestop/ DC 315,Fire,1155,AED,Islam S.,Order
2939,Q-1192-F12146,FIRESTOP,10 Nov 2022,IQ,001 C.,"PROPOSED G+3P+13 RESIDENTIAL BUILDING , JVC, ON PLOT JVC12MHRS005 AT JUMEIRAH VILLAGE COMMUNITY, DUBAI, UAE.",Supply Of MEP Firestop Materials,Firestop/ DC 315,Fire,56493.61,AED,Habib B.,Quotation
2940,Q-1192-F12145,FIRESTOP,10 Nov 2022,IQ,001 C.,"PROPOSED G+3P+13 RESIDENTIAL BUILDING , JVC, ON PLOT JVC12MHRS005 AT JUMEIRAH VILLAGE COMMUNITY, DUBAI, UAE.",Supply Of Head Of Wall Joint Firestop Materials,Firestop/ DC 315,Fire,20664,AED,Habib B.,Quotation
2941,RFQ-5213-V40009,MACRO,09 Nov 2022,RFQ,Arcoma S.&.,(KSA 127) W912ER21C0015 AL KHARJ WAREHOUSE,Shelving And Racking System,Building Materials,Various,632500,SAR, ,Order
2942,Q-1005-M7055,MV LLC,09 Nov 2022,IQ,Elite P.E.,Supply &amp; Delivery Of Vehicle Exhaust System-Al Udeid Air Base,Supply &amp; Delivery Of Vehicle Exhaust System-Al Udeid Air Base,Mechanical Items,Mechanical,57600,USD,Mahesh B.,Order
2943,Q-1192-F12144,FIRESTOP,09 Nov 2022,IQ,Gmp T.S.,"Proposed B+G+5+R Residential Building, Plot No.: JVC10QMRP200, Jumeirah Village Circle, Dubai, UAE",Supply Of Wet Area Drainage Floor Penetrations Firestop Materials,Firestop/ DC 315,Fire,19530,AED,Ajeesh J.,Quotation
2944,Q-1192-F12143,FIRESTOP,09 Nov 2022,IQ,Gmp T.S.,"Proposed B+G+5+R Residential Building, Plot No.: JVC10QMRP200, Jumeirah Village Circle, Dubai, UAE",Supply Of MEP Firestop Materials,Firestop/ DC 315,Fire,46089.75,AED,Ajeesh J.,Quotation
2945,Q-1192-F12142,FIRESTOP,09 Nov 2022,IQ,Gmp T.S.,"Proposed B+G+5+R Residential Building, Plot No.: JVC10QMRP200, Jumeirah Village Circle, Dubai, UAE",Supply Of Head Of Wall Joint Firestop Materials,Firestop/ DC 315,Fire,39417,AED,Ajeesh J.,Quotation
2946,Q-1192-F12141,FIRESTOP,09 Nov 2022,IQ,Rukn A.M.,General Purpose Sealant Sealants,Supply Of NWS &amp; SGS,Firestop/ DC 315,Fire,1995,AED,Islam S.,Order
2947,Q-1192-F12140,FIRESTOP,09 Nov 2022,IQ,Al S.N.,"(P145) G+2P+8 Residential Development, Plot No.: 334-2737, Al Satwa, Dubai - UAE LPO# 048289",Supply Of Head Of Wall Joint Firestop Materials,Firestop/ DC 315,Fire,10143,AED,Islam S.,Order
2948,Q-1192-F12139,FIRESTOP,09 Nov 2022,IQ,Al S.N.,"(P150) 2B+G+5+R Retail / Residential Building, Plot No.: 318-0118, Al Karama, Dubai - UAE LPO# 048287",Supply Of Head Of Wall Joint Firestop Materials,Firestop/ DC 315,Fire,27783,AED,Islam S.,Order
2949,Q-1192-F12138,FIRESTOP,09 Nov 2022,IQ,Al S.N.,"(P144) G+P+8 Residential Development, Plot No.: 334-3004, Al Satwa, Dubai - UAE LPO# 048290",Supply Of Head Of Wall Joint Firestop Materials,Firestop/ DC 315,Fire,13230,AED,Islam S.,Order
2950,Q-1192-F12137,FIRESTOP,09 Nov 2022,IQ,Al S.N.,"(P149) 3B+G+M+3P+19+Gym+R Residential Building, Plot No.: 318-0291, Al Karama, Dubai - UAE LPO# 048288",Supply Of Head Of Wall Joint Firestop Materials,Firestop/ DC 315,Fire,36823.5,AED,Islam S.,Order
2951,Q-1192-F12136,FIRESTOP,09 Nov 2022,IQ,Door M.T.,Industrial Facility For Srinath Flexipack @ Kizad,Supply Of CJ &amp; MEP Firestop Materials,Firestop/ DC 315,Fire,1470,AED,Habib B.,Order
2952,RFQ-1569-O30,MACRO,09 Nov 2022,RFQ,Al K.C.,MVL Group Office Related POs,Desktop And 2 Monitors For New Employee HR,Computer Peripherals,Office Assets,3255,AED, ,Order
2953,Q-1192-F12135,FIRESTOP,08 Nov 2022,IQ,Emcc C.L.,BUHASA PROJECT LPO# MC/22/0794,Supply Of INSS1440 Fire Barrier Caulk,Firestop/ DC 315,Fire,588,AED,Habib B.,Order
2954,Q-1192-F12134,FIRESTOP,08 Nov 2022,IQ,Tiger C.C.,"The V Tower P251 (3B+G+ 17 TYP.) BLDG, Plot No. 6488621, Dubai Land",Supply Of MEP Firestop Materials,Firestop/ DC 315,Fire,77742,AED,Islam S.,Quotation
2955,Q-1192-F12133,FIRESTOP,08 Nov 2022,IQ,Classic F.C.,FIRESTOPPING PROJECT,Supply Of INSS2460 Fire Rated Silicone Sealant,Firestop/ DC 315,Fire,315,AED,Habib B.,Order
2956,Q-1192-F12132,FIRESTOP,08 Nov 2022,IQ,Gulf E.C.,"Gulf Catering Services @ Mussafah 09, AUH",Supply Of INSS1440 Fire Barrier Caulk,Firestop/ DC 315,Fire,903,AED,Dinesh M.,Order
2957,Q-1192-F12131,FIRESTOP,08 Nov 2022,IQ,Visualize E.,"Paddock Club Fit Out Work, Yas Island",Supply Of DC68 Spray To Protect,Firestop/ DC 315,Fire,4935,AED,Ramshad K.,Order
2958,Q-1192-F12130,FIRESTOP,07 Nov 2022,IQ,Rmm F.T.,RTA Project,Supply Of INSS2460 Fire Rated Silicone Sealant,Firestop/ DC 315,Fire,29767.5,AED,Ajeesh J.,Quotation
2959,Q-1192-F12129,FIRESTOP,07 Nov 2022,IQ,International H.C.,Saudi German Hospital,Supply Of INSS2460 Fire Rated Silicone Sealant,Firestop/ DC 315,Fire,1302,AED,Habib B.,Order
2960,Q-1192-F12128,FIRESTOP,07 Nov 2022,IQ,Srh A.B.,"PROPOSED RESIDENTIAL BUILDING GROUND + 1P+1st+7TYPICAL + ROOF, AL SATWA, DUBAI, PLOT NO.3347572",Supply Of CJ &amp; MEP Firestop Materials,Firestop/ DC 315,Fire,2373,AED,Ajeesh J.,Order
2961,Q-1192-F12127,FIRESTOP,07 Nov 2022,IQ,Multi T.E.,RTA Project# LPO 9798,Supply Of INSS2460 Fire Rated Silicone Sealant,Firestop/ DC 315,Fire,9450,AED,Islam S.,Order
2962,Q-1192-F12126,FIRESTOP,03 Nov 2022,IQ,Fattah A.F.,Omis Tower,Supply Of INSS2460 Fire Rated Silicone Sealant,Firestop/ DC 315,Fire,61425,AED,Dinesh M.,Quotation
2963,Q-1192-F12125,FIRESTOP,03 Nov 2022,IQ,Somaa f.B.,Fountain Drive 11 Plot.,Supply Of MEP Firestop Materials,Firestop/ DC 315,Fire,2152.5,AED,Islam S.,Quotation
2964,Q-1192-F12124,FIRESTOP,03 Nov 2022,IQ,Door M.T.,3 Commercial &amp; Residential Building Project - AUH LPO# 107-2022,Supply Of MEP Firestop Materials,Firestop/ DC 315,Fire,4084.5,AED,Habib B.,Order
2965,Q-1192-F12123,FIRESTOP,03 Nov 2022,IQ,Fibrex L.,Sulafa Tower PO# 49067,Supply Of INSS2460 Fire Rated Silicone Sealant,Firestop/ DC 315,Fire,119700,AED,Habib B.,Order
2966,Q-1192-F12122,FIRESTOP,02 Nov 2022,IQ,Al H.,Al Mamsha Project,Supply Of Civil Firestop Materials,Firestop/ DC 315,Fire,645.75,AED,Islam S.,Quotation
2967,Q-1192-F12121,FIRESTOP,02 Nov 2022,IQ,Inayah E.W.,"TIGER - COMMERCIAL AND RESIDENTIAL BUILDING(3B+2G+10+ROOF) @ AL SEEF, ABU DHABI, UAE",Supply Of Civil &amp; MEP Firestop Materials,Firestop/ DC 315,Fire,53571,AED,Islam S.,Quotation
2968,Q-1005-V7042,MV LLC,02 Nov 2022,IQ,25th S.S.,Supply &amp; Delivery Of Various Grounding Items-Al Udeid Air Base,Supply &amp; Delivery Of Various Grounding Items-Al Udeid Air Bas,Building Materials,Various,62443.4,USD,Mahesh B.,Quotation
2969,Q-1192-F12120,FIRESTOP,02 Nov 2022,IQ,A&m I.G.,"Labour Accommodation For Al Fattan Osa, Plot No.: P30,                            Khalifa Industrial City, Abu Dhabi, UAE",Supply Of Fire Stop Materials - CIVIL,Firestop/ DC 315,Fire,59850,AED,Dinesh M.,Quotation
2970,Q-1192-F12119,FIRESTOP,02 Nov 2022,IQ,A&m I.G.,"Labour Accommodation For Al Fattan Osa, Plot No.: P30,                            Khalifa Industrial City, Abu Dhabi, UAE",Supply Of Fire Stop Materials MEP,Firestop/ DC 315,Fire,76545,AED,Dinesh M.,Quotation
2971,Q-1192-F12118,FIRESTOP,01 Nov 2022,IQ,Do B.H.,"Commercial &amp; Residential Building ( B+G+P+6T+7th+8th ) International City 2- Warsan Fourth, Dubai, UAE",SUPPLY OF INSS1186 5G PAIL,Firestop/ DC 315,Fire,1344,AED,Ramshad K.,Order
2972,Q-1192-F12025A,FIRESTOP,01 Nov 2022,IQ,Dnb C.,"ONE FLOOR QUANTITY-G+3 Residential Building, Plot No.: 598-1268, Dubai Investments Park, Dubai# LPO 6999/22/PJ51",SUPPLY OF MVL FIRESTOP MATERIAL,Firestop/ DC 315,Fire,3656.1,AED,Ajeesh J.,Order
2973,Q-1192-F12117,FIRESTOP,31 Oct 2022,IQ,Firetrap ,AL JAZI CHESS FIELD,SUPPLY OF INSS1186,Firestop/ DC 315,Fire,16320,AED,Islam S.,Quotation
2974,Q-1192-F12116,FIRESTOP,29 Oct 2022,IQ,Visualize E.,"Paddock Club Fit Out Work, Yas Island",SUPPLY OF DC68,Firestop/ DC 315,Fire,7402.5,AED,Ramshad K.,Order
2975,Q-1192-F12115,FIRESTOP,29 Oct 2022,IQ,Metco C.,ALAMEIN TOWER# NUCA#ORASCOM,"SUPPLY OF INSS1440, INFS0812",Firestop/ DC 315,Fire,160749,AED,Islam S.,Quotation
2976,Q-1192-F12114,FIRESTOP,28 Oct 2022,IQ,Al J.A.,Artifact Fire Protection,SUPPLY OF DC68,Firestop/ DC 315,Fire,2310,AED,Ramshad K.,Order
2977,Q-1192-F12113,FIRESTOP,28 Oct 2022,IQ,Al E.E.,PRICE LIST,SUPPLY OF FIRESTOP MATERIALS,Firestop/ DC 315,Fire,9366,AED,Dinesh M.,Quotation
2978,RFQ-1569-V4396,MACRO,27 Oct 2022,RFQ,Bafco T.L.,MVL Group Office Related POs,ORYX ROLLER BLINDS - MANUAL - MVL OFFICE 1808,Misc.,Various,1949.89,AED, ,Order
2979,Q-1192-F12112,FIRESTOP,27 Oct 2022,IQ,Steel A.M.,WEATHER SEALANT,SUPPLY OF NWS 2000,Firestop/ DC 315,Fire,2100,AED,Habib B.,Order
2980,Q-1192-F12111,FIRESTOP,27 Oct 2022,IQ,Pioneer S.T.,FIRESTOPPING PROJECT,SUPPLY OF INSS1440,Firestop/ DC 315,Fire,11970,AED,Habib B.,Quotation
2981,Q-1192-F12110,FIRESTOP,27 Oct 2022,IQ,Al A.C.,"NAEEM TOWER (BUILDING (B+G+M+P+20+R),-PLOT NO.: 314020224, RAK, DAFFAN",SUPPLY OF FP05,Firestop/ DC 315,Fire,945,AED,Islam S.,Order
2982,Q-1192-F12109,FIRESTOP,27 Oct 2022,IQ,Al E.E.,UNIT PRICE ESTIMATION,Supply Of Fire Stop Materials,Firestop/ DC 315,Fire,0,AED,Dinesh M.,Quotation
2983,Q-1192-F12108,FIRESTOP,27 Oct 2022,IQ,Al J.A.,Artifact Fire Protection,SUPPLY OF DC68,Firestop/ DC 315,Fire,787.5,AED,Ramshad K.,Order
2984,Q-1192-F12107,FIRESTOP,26 Oct 2022,IQ,Trojan G.C.,Midfield Terminal Building - MTB LPO# 230571.,Supply Of INSS1440 600 Ml Sausage,Firestop/ DC 315,Fire,11970,AED,Habib B.,Order
2985,RFQ-1192-V4447,FIRESTOP,26 Oct 2022,RFQ,Printek S.,MVL FIrestop Bldg Material TRDG LLC,Supply And Delivery Of TONER FOR SHARP MX3550V (MX61FT),Misc.,Various,3906,AED, ,Order
2986,RFQ-5153-V4351,MVL Italy,26 Oct 2022,RFQ,Gamma S.,"ITA-121 N6247021C0003 P-759 Family Housing New Construction Villaggio  And Camp Ederle North Vicenza, Italy",RICOH MPC 3004 W/ Annual Maintainance Contract,Misc.,Various,5148.4,EURO, ,Order
2987,Q-1192-F12106,FIRESTOP,26 Oct 2022,IQ,Trojan G.C.,"B4 RESIDENTIAL TOWER OPERA DISTRICT DOWNTOWN, DUBA I",SUPPLY OF SGS 6000 BLACK,Firestop/ DC 315,Fire,4032,AED,Habib B.,Quotation
2988,Q-1192-F12105,FIRESTOP,26 Oct 2022,IQ,Trojan G.C.,"B4 RESIDENTIAL TOWER OPERA DISTRICT DOWNTOWN, DUBA I",SUPPLY OF NWS 2000,Firestop/ DC 315,Fire,42638.4,AED,Habib B.,Quotation
2989,RFQ-1569-V4395,MACRO,25 Oct 2022,RFQ,Bafco T.L.,MVL Group Office Realted POs,DESK WORKSTATION FOR OFFICE 1802,Misc.,Various,4297.12,AED, ,Order
2990,Q-1192-F12104,FIRESTOP,25 Oct 2022,IQ,Al H.,"AL MAMSHA RA2, AREA MUWEILAH, SHARJAH LPO# 2007879",Supply Of Fire Stop Materials,Firestop/ DC 315,Fire,31456.95,AED,Islam S.,Order
2991,Q-1192-F12103,FIRESTOP,24 Oct 2022,IQ,Al M.C.,DIC WAREHOUSE,"SUPPLY OF INSS1440, D64",Firestop/ DC 315,Fire,157.5,AED,Ajeesh J.,Quotation
2992,Q-1192-F12102,FIRESTOP,24 Oct 2022,IQ,Al T.E.,"Proposed Lab In Hamriyah Free Zone, Sharjah","Supply Of INSS1440, D64",Firestop/ DC 315,Fire,199.5,AED,Ajeesh J.,Quotation
2993,Q-1192-F12101,FIRESTOP,21 Oct 2022,IQ,The S.A.,Lusail Stadium  Qatar,SUPPLY OF DC68,Firestop/ DC 315,Fire,37012.5,AED,Ramshad K.,Order
2994,Q-1192-F12100,FIRESTOP,21 Oct 2022,IQ,Danube G.,"NIRVANA PROPOSED RESIDENTAIL APARTMENTS (B+G+7), PALM JUMEIRAH, DUBAI, UAE",MEP-WITH FLOOR PENETRATION,Firestop/ DC 315,Fire,70496.51,AED,Dinesh M.,Quotation
2995,Q-1192-F12099,FIRESTOP,20 Oct 2022,IQ,Danube G.,"NIRVANA PROPOSED RESIDENTAIL APARTMENTS (B+G+7), PALM JUMEIRAH, DUBAI, UAE",Supply Of Fire Stop Materials MEP- WITHOUT FLOOR PENETRATIONS,Firestop/ DC 315,Fire,57928.01,AED,Dinesh M.,Quotation
2996,Q-1192-F12098,FIRESTOP,20 Oct 2022,IQ,Danube G.,"NIRVANA PROPOSED RESIDENTAIL APARTMENTS (B+G+7), PALM JUMEIRAH, DUBAI, UAE",Supply Of Fire Stop Materials- CIVIL,Firestop/ DC 315,Fire,26880,AED,Dinesh M.,Quotation
2997,Q-1192-F12097,FIRESTOP,20 Oct 2022,IQ,Andalusiya D.W.,Fabric Fire Protection,Supply Of DC68,Firestop/ DC 315,Fire,36000,AED,Islam S.,Order
2998,Q-1192-F12096,FIRESTOP,20 Oct 2022,IQ,Kids A.N.,Kids Nursey,Supply Of DC68,Firestop/ DC 315,Fire,1323,AED,Faseela ,Order
2999,Q-1192-F12095,FIRESTOP,19 Oct 2022,IQ,Al M.C.,Proposed Warehouse In DIP Dubai,"SUPPLY OF INSS1440, D64",Firestop/ DC 315,Fire,661.5,AED,Habib B.,Order
3000,Q-1192-F12094,FIRESTOP,19 Oct 2022,IQ,Naser M.A.,P016 QUSAHWIRA FIELD DVPT.PHASE 2# LPO 300388117,"SUPPLY OF INSS1440, FP05",Firestop/ DC 315,Fire,1098.3,AED,Habib B.,Order
Total : ,,,,,,,,,,"5,232,367.06(INR)",Avg. : ,"1,744,122.35(INR)",
,,,,,,,,,,"183,901.00(KWD)",,"36,780.20(KWD)",
,,,,,,,,,,324.00(GBP),,162.00(GBP),
,,,,,,,,,,"1,126,507.74(QAR)",,"93,875.65(QAR)",
,,,,,,,,,,"176,731.06(SGD)",,"35,346.21(SGD)",
,,,,,,,,,,"3,900.00(BHD)",,"3,900.00(BHD)",
,,,,,,,,,,"9,280,854.77(SAR)",,"67,743.47(SAR)",
,,,,,,,,,,"4,752,393.51(EURO)",,"105,608.74(EURO)",
,,,,,,,,,,"2,146,477.00(JPY)",,"2,146,477.00(JPY)",
,,,,,,,,,,"2,509,920,038.68(USD)",,"1,660,000.03(USD)",
,,,,,,,,,,"83,864,438.01(AED)",,"65,673.01(AED)",
