"Quotation Report - Date : January-28, 2026 11:00 AM",,,,,,,,,,,,,
No,Number,Company,Date,Type,Client,Project Name,Description,Material,Material Code,Quo. Value,Cur.,MVL Contact,Status
9001,Q-1192-F7917A,FIRESTOP,11 Sep 2017,IQ,Mena I.a.,Firestopping Projects,Supply Of INSS2460 Fire Barrier Silicone Sealant,Firestop/ DC 315,Fire,18300,AED,Samar T.,Quotation
9002,Q-1192-F8013,FIRESTOP,11 Sep 2017,IQ,Anc C.L.,"MOCK UP For Labour Accomodation (G+3 Typ Upper Roof) Plot # 365-173 At Al Quoz Industrial 2nd, Dubai",SUPPLY OF INSS1186,Firestop/ DC 315,Fire,375,AED,Waleed B.M.,Order
9003,Q-1192-C6089,FIRESTOP,11 Sep 2017,IQ,Siac T.S.,,Supply Of MV Lapolla 2500/3,Polyurethane Foam,Chemicals,960000,AED,Karim E.,Quotation
9004,Q-1192-C6088,FIRESTOP,10 Sep 2017,IQ,Al R.I.,Dubco Project,Supply Of MV Lapolla 2500/3,Polyurethane Foam,Chemicals,82908,AED,Karim E.,Order
9005,Q-1192-F8012,FIRESTOP,10 Sep 2017,IQ,Reem C.A.,G+14 Building At Sports City,SUPPLY OF INSS2460,Firestop/ DC 315,Fire,43.25,AED,Samar T.,Quotation
9006,Q-1192-F8011,FIRESTOP,10 Sep 2017,IQ,Modern B.C.,"G+8+ Roofs (GYM) Residential Building Plot No 10-003 Nadd Hessa, Dubai Silicon Oasis Dubai (TOPAZ 1 ) LWO# 111/25",SUPPLY OF INSS1186,Firestop/ DC 315,Fire,3600,AED,Samar T.,Order
9007,Q-1192-F8010,FIRESTOP,10 Sep 2017,IQ,Ghantoot G.C.,Project In Dubai Industrial City,Supply Of INSS1440 And FP05,Firestop/ DC 315,Fire,1530,AED,Waleed B.M.,Quotation
9008,Q-1192-F8009,FIRESTOP,10 Sep 2017,IQ,Leaders F.C.,"Labour Accommodation (G+3 Typ. Upper Roof) – Plot # 365-173 At Al Quoz Industrial Second, Dubai, U.A.E. (PO/M-007/213/2017)",Supply Of INSS1440 And INFS0812,Firestop/ DC 315,Fire,540,AED,Waleed B.M.,Order
9009,Q-1192-F8008,FIRESTOP,10 Sep 2017,IQ,Bowyer W.,FIRESTOPPING PROJECT,SUPPLY OF MVL FIRESTOP MATERIALS,Firestop/ DC 315,Fire,144802.5,AED,Karim E.,Quotation
9010,Q-1192-F8007,FIRESTOP,07 Sep 2017,IQ,Al G.&.,Emaar Hills Development Buildings Project LPO HDBP-P-00314,Supply Of INSS2460,Firestop/ DC 315,Fire,3350,AED,Samar T.,Order
9011,Q-1192-C6087,FIRESTOP,07 Sep 2017,IQ,Al R.I.,Dubco Project,Supply Of MV Lapolla 2500/3,Polyurethane Foam,Chemicals,82908,AED,Karim E.,Order
9012,Q-1192-F8005,FIRESTOP,07 Sep 2017,IQ,Al T.A.,FIRESTOPPING PROJECT,SUPPLY OF INSS2460,Firestop/ DC 315,Fire,30,AED,Karim E.,Quotation
9013,Q-1192-C6086,FIRESTOP,06 Sep 2017,IQ,Al R.I.,Dubco Project,Supply Of MV Lapolla 2500/3,Polyurethane Foam,Chemicals,82908,AED,Raquel I.,Order
9014,Q-1192-C6085,FIRESTOP,05 Sep 2017,IQ,Gulf C.L.,SAUDI KSA PROJECT,Supply Of DC68 Spray To Protect,Polyurethane Foam,Chemicals,14200,AED,Karim E.,Quotation
9015,Q-1192-C6084,FIRESTOP,05 Sep 2017,IQ,Al R.I.,Dubco Project,Supply Of MV Lapolla 2500/3,Polyurethane Foam,Chemicals,82908,AED,Karim E.,Order
9016,Q-1192-F8004,FIRESTOP,05 Sep 2017,IQ,Baniyas A.&.,G+14 Building,Supply Of INSS0285 And INSS1186,Firestop/ DC 315,Fire,703,AED,Samar T.,Quotation
9017,Q-1192-F8003,FIRESTOP,05 Sep 2017,IQ,Sama A.a.,G+8 Building Najaf @ Iraq,Supply Of INSS2460 INSS1186 INSS0285,Firestop/ DC 315,Fire,797,AED,Samar T.,Quotation
9018,Q-1192-F8002,FIRESTOP,05 Sep 2017,IQ,Venco I.C.,VICC-160109-B+G+4+R-RESIDENTIAL BUILDING,Supply Of MEP Materials,Firestop/ DC 315,Fire,42155,AED,Waleed B.M.,Quotation
9019,Q-1192-F8001,FIRESTOP,05 Sep 2017,IQ,Central C.L.,Hotel Apt.Comm Bldg. (2B+G+M+3TYP+HC) On Plot No. 214-534 @ Al Gharhoud Job 653,Supply Of INSS1440,Firestop/ DC 315,Fire,630.75,AED,Samar T.,Order
9020,Q-1192-F8000,FIRESTOP,05 Sep 2017,IQ,Walltech A.A.,FIRESTOPPING PROJECT,Supply Of INSS2460 And INSS0285,Firestop/ DC 315,Fire,32.02,AED,Samar T.,Quotation
9021,Q-1192-F7999,FIRESTOP,05 Sep 2017,IQ,Al A.E.,P-830 Al Jadaf // P835 Al Ghuraire Ref: SS/17LPO/1171,Supply Of INSS1440 And CFS01,Firestop/ DC 315,Fire,1450,AED,Samar T.,Order
9022,RFQ-1192-F7998,FIRESTOP,05 Sep 2017,RFQ,Green F.T.,O/A No. GFM-20170905-013,O/A No. GFM-20170905-013,Firestop/ DC 315,Fire,5938,USD, ,Order
9023,Q-1192-F7997,FIRESTOP,05 Sep 2017,IQ,Bok C.L.,"PROPOSED G+1 EDUCATIONAL BUILDINGS AL QOUZ FIRST DUBAI, Plot No. 3541807",Supply Of INSS1440,Firestop/ DC 315,Fire,850,AED,Waleed B.M.,Quotation
9024,Q-1192-F7995,FIRESTOP,05 Sep 2017,IQ,Al H.C.,P140-10 2B+G+2P+18+R HOTEL BLDG ON PLOT 346-556 @ BUSINESS BAY LPO 0036149,SUPPLY OF MVL FIRESTOP MATERIALS,Firestop/ DC 315,Fire,5925,AED,Waleed B.M.,Order
9025,Q-1192-F7994,FIRESTOP,04 Sep 2017,IQ,Ghantoot G.C.,Project In Dubai Industrial City,SUPPLY OF MVL FIRESTOP MATERIALS,Firestop/ DC 315,Fire,1610.8,AED,Waleed B.M.,Order
9026,Q-1192-F7819A,FIRESTOP,04 Sep 2017,IQ,The A.C.,"G+3 On Plot No. 313-431 Hamriya, Dubai (Ref:67-03/Ghurair-MW/2016)",SUPPLY OF INSS1186 And INSS0285,Firestop/ DC 315,Fire,18420,AED,Samar T.,Order
9027,RFQ-1592-S9085,MACRO,04 Sep 2017,RFQ,Yashel Y.C.,"W5J9JE-16-R-0049 - Afghan National Police, Police Academy Female Staff College",ORD-Y108-07 KB006 – Reinforce Basement CMU Walls,Subcontract,Services,44115.99,USD, ,Order
9028,Q-1192-F7993,FIRESTOP,04 Sep 2017,IQ,Silver C.M.,FIRESTOPPING PROJECT LPO SCMW/LP/17/00381,Supply Of INSS2460-600ml Sausage,Firestop/ DC 315,Fire,10370,AED,Samar T.,Order
9029,Q-1192-F7992,FIRESTOP,29 Aug 2017,IQ,Al R.E.,Al Zahia Garden Apartment @ Sharjah,Supply Of INSS1440,Firestop/ DC 315,Fire,418,AED,Waleed B.M.,Order
9030,Q-1192-F7991A,FIRESTOP,29 Aug 2017,IQ,Ghantoot B.G.,"Private Residence At SP4-58-VI Hidd AL Sadiyat, Abu Dhabi",Supply Of INSS1440 And D120T50,Firestop/ DC 315,Fire,52.2,AED,Waleed B.M.,Quotation
9031,Q-1192-F7991,FIRESTOP,29 Aug 2017,IQ,Ghantoot B.G.,"Private Residence At SP4-58-VI Hidd AL Sadiyat, Abu Dhabi",Supply Of INSS1440 And D120T50,Firestop/ DC 315,Fire,573.7,AED,Waleed B.M.,Quotation
9032,Q-1192-F7990,FIRESTOP,29 Aug 2017,IQ,Ost C.P.,G + 2P + 12 TYP + R @ Al Nahda Dubai,SUPPLY OF CIVIL  FIRESTOP MATERIALS,Firestop/ DC 315,Fire,16400,AED,Waleed B.M.,Quotation
9033,Q-1192-F7989,FIRESTOP,29 Aug 2017,IQ,Abna A.A.,FIRESTOPPING PROJECT,SUPPLY OF MVL FIRESTOP MATERIALS,Firestop/ DC 315,Fire,224.7,AED,Samar T.,Quotation
9034,RFQ-1581-M4102,MW-OCS,28 Aug 2017,RFQ,Delma I.S.,TS-5000 EVO Fuel Management Systems,TS-5000 EVO Fuel Management Systems,Mechanical Items,Mechanical,14500,AED, ,Order
9035,Q-1192-F7988,FIRESTOP,28 Aug 2017,IQ,Imprex L.,FIRESTOPPING PROJECT,SUPPLY OF DC68 SPRAY TO PROTECT,Firestop/ DC 315,Fire,300,AED,Karim E.,Order
9036,Q-1192-C6083,FIRESTOP,28 Aug 2017,IQ,Haytham A.H.,Qatar Project,Supply Of Lapolla 2500/3,Polyurethane Foam,Chemicals,540000,AED,Karim E.,Quotation
9037,Q-1192-F7987,FIRESTOP,28 Aug 2017,IQ,Anc C.L.,"MOCK UP For Labour Accomodation (G+3 Typ Upper Roof) Plot # 365-173 At Al Quoz Industrial 2nd, Dubai",SUPPLY OF INSS1186,Firestop/ DC 315,Fire,375,AED,Waleed B.M.,Order
9038,Q-1192-F7986,FIRESTOP,28 Aug 2017,IQ,Modern B.C.,Residential Multi Storey Building 2B (Parking)+G+9 Typical RC D-030-Dubai Land LWO 108/41,Supply Of FP04,Firestop/ DC 315,Fire,6000,AED,Samar T.,Order
9039,Q-1192-F7962A,FIRESTOP,28 Aug 2017,IQ,Al H.C.,P140-10 2B+G+2P+18+R HOTEL BLDG ON PLOT 346-556 @ BUSINESS BAY,Supply Of MEP Materials,Firestop/ DC 315,Fire,450,AED,Waleed B.M.,Quotation
9040,Q-1192-F7985,FIRESTOP,28 Aug 2017,IQ,Fibrex C.G.,FIRESTOPPING PROJECT,Supply Of DC68 Spray To Protect,Firestop/ DC 315,Fire,14250,AED,Karim E.,Quotation
9041,RFQ-1592-S9084,MACRO,27 Aug 2017,RFQ,Yashel Y.C.,"W5J9JE-16-R-0049 - Afghan National Police, Police Academy Female Staff College",ORD-Y108-05 KB005 - Cantina Revisions And Descope Remaining Work Bldg.,Subcontract,Services,552.14,USD, ,Order
9042,Q-1192-C6082,FIRESTOP,27 Aug 2017,IQ,Al R.I.,Dubco Project,Supply Of MV Lapolla 2500/3,Polyurethane Foam,Chemicals,82908,AED,Karim E.,Order
9043,Q-1192-F7984,FIRESTOP,24 Aug 2017,IQ,Siemens L.,ADCO Project ASAB,Supply Of INSS1440,Firestop/ DC 315,Fire,1340,AED,Samar T.,Order
9044,Q-1192-F7983,FIRESTOP,24 Aug 2017,IQ,Omega S.E.,B+G+2P+12 @ Al Furjan AFMU 44B_45,Supply Of MEP Materials,Firestop/ DC 315,Fire,741,AED,Waleed B.M.,Quotation
9045,RFQ-1569-V4358,MACRO,24 Aug 2017,RFQ,Dream C.A.,Maintenance And Repairing Of Duct Work (1801-1802),Maintenance And Repairing Of Duct Work (1801-1802),Misc.,Various,5800,AED, ,Order
9046,Q-1192-F7982,FIRESTOP,23 Aug 2017,IQ,Al H.C.,B+G+1P+16+R+ Hotel Building Plot # 346-585 @BB Dubai,SUPPLY OF MVL FIRESTOP MATERIALS CJ-MEP,Firestop/ DC 315,Fire,58404,AED,Waleed B.M.,Quotation
9047,Q-1192-F7981,FIRESTOP,23 Aug 2017,IQ,Waseela -.I.,HILLS PROJECT,Supply Of CFS01 And INSS1440,Firestop/ DC 315,Fire,820,AED,Samar T.,Quotation
9048,Q-1192-F7980,FIRESTOP,23 Aug 2017,IQ,City C.C.,B+G+4 Residental Building Jumeirah Village Plot No. JVC13FMRP003,Supply Of INSS1440,Firestop/ DC 315,Fire,695,AED,Waleed B.M.,Order
9049,Q-1192-F7979,FIRESTOP,23 Aug 2017,IQ,Tiger C.C.,Tiger Contracting Project Site : 170 LPO 11063,SUPPLY OF INSS2460,Firestop/ DC 315,Fire,75000,AED,Waleed B.M.,Order
9050,Q-1192-F7978,FIRESTOP,23 Aug 2017,IQ,China R.1.,Hotel Building B+G+4P+40F+R @ JVC DUBAI,SUPPLY OF MVL FIRESTOP MATERIALS,Firestop/ DC 315,Fire,75990,AED,Waleed B.M.,Quotation
9051,Q-1192-F7977,FIRESTOP,23 Aug 2017,IQ,Aic C.L.,PROPOSED HOTEL BLDG 2B+G+14 FLOOR+ROOF ON PLOT 326-1450 AL JADDAF LPO # 006565,Supply Of MVL Firestop Materials,Firestop/ DC 315,Fire,5061.4,AED,Waleed B.M.,Order
9052,Q-1192-F7976,FIRESTOP,22 Aug 2017,IQ,Reem C.C.,PROPOSED 2B+G+6 STOREY RESIDENTIAL BUILDING / PLOT NO. 3731095 AL BARSHA - DUBAI,SUPPLY OF MVL FIRESTOP MATERIALS,Firestop/ DC 315,Fire,61401.7,AED,Samar T.,Quotation
9053,Q-1005-M7004,MACRO,22 Aug 2017,IQ,American C.G.,SSA40017Q0009 - ELECTRIC FORKLIFT 2 TON AND DIESEL FORKLIFT 10 TON CAPACITY,ELECTRIC FORKLIFT 2 TON AND DIESEL FORKLIFT 10 TON CAPACITY,Mechanical Items,Mechanical,449000,SAR, ,Quotation
9054,Q-1192-F7971A,FIRESTOP,22 Aug 2017,IQ,Al B.C.,FIRESTOPPING PROJECT,SUPPLY OF DC68 SPRAY TO PROTECT,Firestop/ DC 315,Fire,85,AED,Karim E.,Order
9055,Q-1192-F7975,FIRESTOP,22 Aug 2017,IQ,Modern B.C.,"G+8+ Roofs (GYM) Residential Building Plot No 10-003 Nadd Hessa, Dubai Silicon Oasis Dubai (TOPAZ 1 ) LWO# 111/24",SUPPLY OF INSS1186,Firestop/ DC 315,Fire,3000,AED,Samar T.,Order
9056,Q-1005-L4048,MACRO,21 Aug 2017,IQ,Debet U.M.,Air Freight Charges From Sharjah To Baku,Air Freight Charges From Sharjah To Baku,Transportation,Logistics,420,USD, ,Order
9057,Q-1192-F7974,FIRESTOP,21 Aug 2017,IQ,Anc C.L.,"Labour Accomodation (G+3 Typ Upper Roof) Plot # 365-173 At Al Quoz Industrial 2nd, Dubai",Supply Of INSS1186,Firestop/ DC 315,Fire,33250,AED,Waleed B.M.,Quotation
9058,RFQ-1581-M4101,MW-OCS,21 Aug 2017,RFQ,Newberry T.&.,1581- W912D2-16-C-0115 Fuel Tank Enhancement,NEWBERRY TANKS,Mechanical Items,Mechanical,99624.44,USD, ,Order
9059,Q-1192-F7961A,FIRESTOP,20 Aug 2017,IQ,Rashid M.A.,G+1 Hatta Area,SUPPLY OF MVL FIRESTOP MATERIALS,Firestop/ DC 315,Fire,930,AED,Waleed B.M.,Order
9060,Q-1192-F7973,FIRESTOP,20 Aug 2017,IQ,Verger D.U.,"CITY LAND MALL @ WADI AL SAFA, DUBAI",SUPPLY OF MVL FIRESTOP MATERIALS,Firestop/ DC 315,Fire,38000,AED,Waleed B.M.,Quotation
9061,Q-1192-F7708A,FIRESTOP,17 Aug 2017,IQ,Al A.E.,P-830 Al Jadaf REf: SS/17LPO/1106,SUPPLY OF MVL FIRESTOP MATERIALS,Firestop/ DC 315,Fire,510,AED,Samar T.,Order
9062,Q-1192-F7972,FIRESTOP,17 Aug 2017,IQ,Alpha P.C.,G+4P+15 TYP Floors Residential Building At JVC,Supply Of MEP Materials,Firestop/ DC 315,Fire,33209,AED,Waleed B.M.,Quotation
9063,Q-1192-F7971,FIRESTOP,17 Aug 2017,IQ,Al B.C.,FIRESTOPPING PROJECT,SUPPLY OF DC68 SPRAY TO PROTECT,Firestop/ DC 315,Fire,2125,AED,Karim E.,Order
9064,Q-1192-F7970,FIRESTOP,17 Aug 2017,IQ,Kele C.L.,FIRESTOPPING PROJECT,SUPPLY OF INSS1186,Firestop/ DC 315,Fire,613.88,AED,Waleed B.M.,Quotation
9065,Q-1192-F7969,FIRESTOP,17 Aug 2017,IQ,Al A.E.,P-135 Al Ghurair Ref : SS/17LPO/1100,Supply Of INSS1440 And D64T50,Firestop/ DC 315,Fire,1588,AED,Samar T.,Order
9066,Q-1192-F7968,FIRESTOP,16 Aug 2017,IQ,Jumairah L.I.,FIRESTOPPING PROJECT,Supply Of INSS0285-600ml,Firestop/ DC 315,Fire,13,AED,Samar T.,Quotation
9067,Q-1192-F7880A,FIRESTOP,16 Aug 2017,IQ,Tiger C.C.,Tiger Contracting Project Site : 171 LPO 11064,SUPPLY OF MVL FIRESTOP MATERIALS,Firestop/ DC 315,Fire,70200,AED,Waleed B.M.,Order
9068,Q-1192-F7800A,FIRESTOP,15 Aug 2017,IQ,Siemens L.,13OP03015-ADCO Project ASAB Order #4507693303,SUPPLY OF FP04+,Firestop/ DC 315,Fire,13475,AED,Samar T.,Order
9069,Q-1192-F7967,FIRESTOP,14 Aug 2017,IQ,Fibrex C.L.,FIRESTOPPING PROJECT,Supply Of INSS2460-600ml Sausage,Firestop/ DC 315,Fire,31.5,AED,Samar T.,Quotation
9070,Q-1192-F7783A,FIRESTOP,14 Aug 2017,IQ,Becon M.W.,FIRESTOPPING PROJECT,SUPPLY OF INSS2460,Firestop/ DC 315,Fire,37200,AED,Waleed B.M.,Quotation
9071,Q-1192-C6081,FIRESTOP,14 Aug 2017,IQ,Al R.I.,Dubco Project,Supply Of MV Lapolla 2500/3,Polyurethane Foam,Chemicals,239512,AED,Karim E.,Order
9072,Q-1192-F7966,FIRESTOP,13 Aug 2017,IQ,Silver C.M.,FIRESTOPPING PROJECT LPO SCMW/LP/17/00360,Supply Of INSS1440 And INSS2460,Firestop/ DC 315,Fire,640,AED,Samar T.,Order
9073,Q-1192-F7965,FIRESTOP,13 Aug 2017,IQ,China S.C.,Silicon Park Project,Supply Of INSS2460 600ML,Firestop/ DC 315,Fire,32,AED,Samar T.,Quotation
9074,Q-1192-F7783A,FIRESTOP,10 Aug 2017,IQ,Becon M.W.,FIRESTOPPING PROJECT,SUPPLY OF INSS2460,Firestop/ DC 315,Fire,30,AED,Waleed B.M.,Quotation
9075,Q-1192-C6080,FIRESTOP,10 Aug 2017,IQ,Al R.I.,Dubco Project,SUPPLY OF MV LAPOLLA 2500/3,Polyurethane Foam,Chemicals,82908,AED,Karim E.,Order
9076,Q-1192-F7964,FIRESTOP,10 Aug 2017,IQ,Naresco C.L.,S # 135 (AKOYA) Site Requesition # 97547 (LPO # 2503),Supply Of INSS1186 And D54T50,Firestop/ DC 315,Fire,5904,AED,Waleed B.M.,Order
9077,Q-1192-F7963,FIRESTOP,10 Aug 2017,IQ,The A.C.,"G+3 On Plot No. 313-431 Hamriya, Dubai (Ref:67-02/Ghurair-MW/2016)",SUPPLY OF INSS1186 And INSS0285,Firestop/ DC 315,Fire,18420,AED,Samar T.,Order
9078,Q-1192-F7962,FIRESTOP,09 Aug 2017,IQ,Al H.C.,P140-10 2B+G+2P+18+R HOTEL BLDG ON PLOT 346-556 @ BUSINESS BAY PO0035667,Supply Of MEP Materials,Firestop/ DC 315,Fire,8264,AED,Waleed B.M.,Order
9079,Q-1192-C6079,FIRESTOP,09 Aug 2017,IQ,Al R.I.,DUBCO PROJECT,Supply Of MV Lapolla 2500/3,Polyurethane Foam,Chemicals,55272,AED,Karim E.,Order
9080,Q-1192-F7961,FIRESTOP,08 Aug 2017,IQ,Rashid M.A.,G+1 Hatta Area,SUPPLY OF MVL FIRESTOP MATERIALS,Firestop/ DC 315,Fire,10000,AED,Waleed B.M.,Order
9081,Q-1192-F7953A,FIRESTOP,08 Aug 2017,IQ,Al S.I.,G+25,SUPPLY OF MVL FIRESTOP MATERIALS,Firestop/ DC 315,Fire,600,AED,Waleed B.M.,Quotation
9082,Q-1192-F7960A,FIRESTOP,07 Aug 2017,IQ,Golden F.M.,FIRESTOPPING PROJECT,Supply Of INSS0285,Firestop/ DC 315,Fire,12,AED,Samar T.,Quotation
9083,Q-1192-F7960,FIRESTOP,07 Aug 2017,IQ,Al F.A.,FIRESTOPPING PROJECT,Supply Of INSS0285,Firestop/ DC 315,Fire,12,AED,Samar T.,Quotation
9084,Q-1192-F7959,FIRESTOP,07 Aug 2017,IQ,Dubco C.L.,G+13 Residential Building Plot 231-319 Al Nahda Dubai LPO/T 010817-04973,SUPPLY OF MVL FIRESTOP MATERIALS,Firestop/ DC 315,Fire,16826,AED,Waleed B.M.,Order
9085,Q-1192-F7958,FIRESTOP,07 Aug 2017,IQ,Siemens L.,ADCO Project ASAB,Supply Of INSS1440-5G PAIL,Firestop/ DC 315,Fire,1340,AED,Samar T.,Order
9086,Q-1192-F7957,FIRESTOP,07 Aug 2017,IQ,Dubco C.L.,2B+G+24FLR +HC DUBAI SPORTS CITY PLOT 682-145(R3a-10) LPO/T 050817-05033,Suppply Of INSS1440-5G PAIL,Firestop/ DC 315,Fire,7000,AED,Waleed B.M.,Order
9087,Q-1192-F7828A,FIRESTOP,06 Aug 2017,IQ,Al B.A.,Project In Abu Dhabi PO00008019,SUPPLY OF INSS2460,Firestop/ DC 315,Fire,15750,AED,Samar T.,Order
9088,Q-1192-F7956,FIRESTOP,06 Aug 2017,IQ,Hussain A.T.,FIRESTOPPING PROJECT,Supply Of INSS2460-GREY,Firestop/ DC 315,Fire,990,AED,Karim E.,Order
9089,Q-1192-F7551A,FIRESTOP,06 Aug 2017,IQ,Rotana C.L.,G+M+4+GYM+ROOF-Al Muteena,SUPPLY OF MVL FIRESTOP MATERIALS,Firestop/ DC 315,Fire,26410,AED,Waleed B.M.,Quotation
9090,Q-1005-V6982,MACRO,06 Aug 2017,IQ,Us E.-.,Supply Of Golf Driving Range UV Net,Supply Of Golf Driving Range UV Net,Building Materials,Various,21140,USD,Maricar I.,Quotation
9091,Q-1005-O1,MACRO,06 Aug 2017,IQ,Unops ,95336-Afghanistan-Goods-RFQ-076,"Supply And Delivery Of Laptop Computers To UNMAS Office, Kabul",Computer Peripherals,Office Assets,20151,USD,Marman I.,Quotation
9092,Q-1005-M7003,MACRO,06 Aug 2017,IQ,Us E.A.,PR6459375 - Compressor For York /JCI Chiller. Chiller Model: YCAS0965EB50YFADB SERIAL No: 814270 COMPRESSOR MODEL: DXS454ASA46/50 P/NO-364-49094-315 415V 3PH 50HZ,Compressor For York /JCI Chiller. Chiller Model: YCAS0965EB50YFADB SERIAL No: 814270 COMPRESSOR MODEL: DXS454ASA46/50 P/NO-364-49094-315 415V 3PH 50HZ,Mechanical Items,Mechanical,280874,AED,Marman I.,Quotation
9093,Q-1005-V4453,MACRO,03 Aug 2017,IQ,Regional C.C.,W912D2-17-Q-5013 - Aircraft Sunshades,W912D2-17-Q-5013 - Aircraft Sunshades,Misc.,Various,136620,USD,Maricar I.,Quotation
9094,RFQ-1192-O1,FIRESTOP,03 Aug 2017,RFQ,Techtrade M.E.,3 DESKTOP AS PER ATTACHED SPECIFICATION AND HP SCAN JET 200 FLATBED SCANNER WITH WARRANTY,3 DESKTOP AS PER ATTACHED SPECIFICATION AND HP SCAN JET 200 FLATBED SCANNER WITH WARRANTY,Computer Peripherals,Office Assets,6160,AED, ,Order
9095,Q-1192-F7955,FIRESTOP,03 Aug 2017,IQ,United F.G.,"The Residential Villa Nad Al Shibai, Dubai LPO# VIL005",SUPPLY OF INSS1186,Firestop/ DC 315,Fire,19800,AED,Samar T.,Order
9096,Q-1192-F7954,FIRESTOP,03 Aug 2017,IQ,Central C.L.,Hotel+Hotel Apt.Comm Bldg. (2B+G+M+3TYP+HC) On Plot No. 214-534 @ Al Gharhoud Job 653 LPO 200486,Supply Of INFS0812,Firestop/ DC 315,Fire,1955.25,AED,Samar T.,Order
9097,Q-1192-F7953,FIRESTOP,03 Aug 2017,IQ,Al S.I.,G+25,SUPPLY OF MVL FIRESTOP MATERIALS,Firestop/ DC 315,Fire,10788,AED,Waleed B.M.,Quotation
9098,Q-1192-F7782A,FIRESTOP,03 Aug 2017,IQ,Khalifa L.C.,"B+G+M+4+GYM @ DEIRA,DUBAI LPO# 731",SUPPLY OF MVL FIRESTOP MATERIALS,Firestop/ DC 315,Fire,39585.5,AED,Samar T.,Order
9099,Q-1005-L4047,MACRO,03 Aug 2017,IQ,Desa I.,"Freight Charges EXW,Germany To DWC","Freight Charges EXW,Germany To DWC",Transportation,Logistics,1203.1,USD, ,Order
9100,Q-1192-F7952,FIRESTOP,03 Aug 2017,IQ,United F.G.,"CONSTELLA APARTMENT PROJECT, MBCC, Damac JVC1 LPO CON009",SUPPLY OF INSS1186,Firestop/ DC 315,Fire,13200,AED,Samar T.,Order
9101,Q-1192-F7951,FIRESTOP,03 Aug 2017,IQ,Al M.E.,FIRESTOPPING PROJECT,SUPPLY OF MVL FIRESTOP MATERIALS,Firestop/ DC 315,Fire,917,AED,Waleed B.M.,Quotation
9102,Q-1192-F7950,FIRESTOP,03 Aug 2017,IQ,Etisalat U.,The One Tower Sh. Zayed Rd,Supply Of MVL Firestop Materials,Firestop/ DC 315,Fire,6990,AED,Samar T.,Quotation
9103,Q-1192-F7888A,FIRESTOP,03 Aug 2017,IQ,Inayah E.W.,FIRESTOPPING PROJECT,SUPPLY OF MVL FIRESTOP MATERIALS,Firestop/ DC 315,Fire,328,AED,Waleed B.M.,Quotation
9104,Q-1192-F7949,FIRESTOP,03 Aug 2017,IQ,Modern B.C.,DUBAILAND 2B(Parking) +G+9+Typical RC-D-030 LWO 108/36,SUPPLY OF FP04+,Firestop/ DC 315,Fire,6000,AED,Samar T.,Order
9105,Q-1192-F7948,FIRESTOP,02 Aug 2017,IQ,Adnan C.C.,2B+G+P+13+R @ AL FURJAN  DUBAI,Supply Of MVL Firestop Materials,Firestop/ DC 315,Fire,53723,AED,Waleed B.M.,Quotation
9106,RFQ-1192-F7947,FIRESTOP,02 Aug 2017,RFQ,Green F.T.,DC68 SPRAY TO PROTECT  5 Gallon And 200 Liter/Drum,GFM-20170801-012 (TO BE INCLUDED ON 1ST SHIPMENT OF JULY ORDER),Firestop/ DC 315,Fire,3730,USD, ,Order
9107,Q-1192-F7943A,FIRESTOP,01 Aug 2017,IQ,Dnb C.,G+4 LABOR ACCOMMODATION - PJ 39 Plot# 597-862 - DIP 2,SUPPLY OF MVL FIRESTOP MATERIALS,Firestop/ DC 315,Fire,0,AED,Waleed B.M.,Quotation
9108,RFQ-1569-V4357,FIRESTOP,01 Aug 2017,RFQ,Bafco T.L.,"T3 SCREENBOARDS FOR KONNECT FREE-STANDING AND T3 SCREENS FILLER (2WAY,3WAY &  4WAY)","T3 SCREENBOARDS FOR KONNECT FREE-STANDING AND T3 SCREENS FILLER (2WAY,3WAY &  4WAY)",Misc.,Various,1185,AED, ,Order
9109,Q-1192-F7946,FIRESTOP,01 Aug 2017,IQ,Engineering C.C.,FIRESTOPPING PROJECT,SUPPLY OF MVL FIRESTOP MATERIALS,Firestop/ DC 315,Fire,383,AED,Waleed B.M.,Quotation
9110,Q-1192-F7945,FIRESTOP,01 Aug 2017,IQ,Naresco C.L.,FIRESTOPPING PROJECT,SUPPLY OF INSS1186,Firestop/ DC 315,Fire,15,AED,Waleed B.M.,Quotation
9111,RFQ-1569-O1,MACRO,31 Jul 2017,RFQ,Neptune C.,QNAP -Upgrade,QNAP -Upgrade,Computer Peripherals,Office Assets,13840,AED, ,Order
9112,Q-1192-F7943,FIRESTOP,31 Jul 2017,IQ,Dnb C.,G+4 LABOR ACCOMMODATION - PJ 39 Plot# 597-862 - DIP 2,SUPPLY OF MVL FIRESTOP MATERIALS,Firestop/ DC 315,Fire,21583.5,AED,Waleed B.M.,Quotation
9113,Q-1192-F7942,FIRESTOP,31 Jul 2017,IQ,The A.C.,"G+3 On Plot No. 313-431 Hamriya, Dubai",Supply Of INSS0285,Firestop/ DC 315,Fire,540,AED,Samar T.,Order
9114,RFQ-1192-V4374,FIRESTOP,31 Jul 2017,RFQ,Alam A.,MVL WAREHOUSE SIGNBOARD,MVL WAREHOUSE SIGNBOARD,Misc.,Various,1700,AED, ,Order
9115,Q-1192-F7941,FIRESTOP,30 Jul 2017,IQ,Reem C.C.,"G+3+R @ AL HAMRIYA,DUBAI-PLOT NO:314-0138",SUPPLY OF MVL FIRESTOP MATERIALS,Firestop/ DC 315,Fire,60951,AED,Samar T.,Quotation
9116,Q-1192-F7940,FIRESTOP,30 Jul 2017,IQ,Reem C.C.,"G+3+R @ AL HAMRIYA,DUBAI-PLOT NO:314-0345",SUPPLY OF MVL FIRESTOP MATERIALS,Firestop/ DC 315,Fire,60951,AED,Samar T.,Quotation
9117,Q-1192-F7939,FIRESTOP,30 Jul 2017,IQ,Reem C.C.,"G+3+R @ AL HAMRIYA,DUBAI-PLOT NO:314-0123",SUPPLY OF MVL FIRESTOP MATERIALS,Firestop/ DC 315,Fire,25182,AED,Samar T.,Quotation
9118,Q-1192-F7938,FIRESTOP,30 Jul 2017,IQ,Jscom I.C.,B+G+14F+Gym Plot # 682-1294 Sports City Dubai LPO#A1588,SUPPLY OF MVL FIRESTOP MATERIALS,Firestop/ DC 315,Fire,50000,AED,Samar T.,Order
9119,Q-1192-F7702A,FIRESTOP,30 Jul 2017,IQ,Hussain A.T.,FIRESTOPPING PROJECT,Supply Of INSS2460,Firestop/ DC 315,Fire,825,AED,Karim E.,Order
9120,Q-1192-F7937,FIRESTOP,27 Jul 2017,IQ,La R.C.,Firestoppping Project,Supply Of INSS2460 Fire Barrier Silicone Sealant,Firestop/ DC 315,Fire,154000,AED,Samar T.,Quotation
9121,Q-1192-F7936,FIRESTOP,27 Jul 2017,IQ,Baniyas A.a.,Commercial Buildings In Musaffah Abu Dhabi,Supply Of INSS2460,Firestop/ DC 315,Fire,21350,AED,Samar T.,Quotation
9122,Q-1192-F7935,FIRESTOP,26 Jul 2017,IQ,Modern B.C.,DUBAILAND 2B(Parking) +G+9+Typical RC-D-030 LWO 108/35,SUPPLY OF MVL FIRESTOP MATERIALS,Firestop/ DC 315,Fire,14442,AED,Samar T.,Order
9123,Q-1005-M7002,MACRO,26 Jul 2017,IQ,Us E.A.,STC10017M1147_Supply OF HONEYWELL W7763C1024,STC10017M1147_Supply OF HONEYWELL W7763C1024,Mechanical Items,Mechanical,24975,AED,Maricar I.,Order
9124,Q-1005-L4046,MACRO,25 Jul 2017,IQ,Desa I.,Freight Charges From Germany To DWC,Freight Charges From Germany To DWC,Transportation,Logistics,1534.15,USD, ,Order
9125,Q-1192-F7934,FIRESTOP,25 Jul 2017,IQ,Vulcan M.E.,The One-Etisalat,Supply Of CFS01,Firestop/ DC 315,Fire,165,AED,Karim E.,Quotation
9126,Q-1192-F7933,FIRESTOP,25 Jul 2017,IQ,Reem C.C.,"CHILD NURSERY (GROUND FLOOR ONLY), AL BARSHA.Plot # BT-G-008",Supply Of D64T50,Firestop/ DC 315,Fire,100,AED,Samar T.,Order
9127,Q-1192-F7932,FIRESTOP,24 Jul 2017,IQ,Central C.L.,Hotel+Hotel Apt.+Comm. Bldg (2B+G+M+3TYP+HC) On Plot No. 214-534 @ Al Gharhoud JOb. PO 200474,Supply Of MVL Firestop Materials,Firestop/ DC 315,Fire,1955.25,AED,Samar T.,Order
9128,Q-1192-F7931,FIRESTOP,24 Jul 2017,IQ,Future E.C.,G+4 In Sharjah Muailth,Supply Of CFS01 And D120T50,Firestop/ DC 315,Fire,690,AED,Waleed B.M.,Order
9129,Q-1192-F7921A,FIRESTOP,23 Jul 2017,IQ,Reem C.C.,"G+3 On Plot No. 313-431 Hamriya, Dubai",SUPPLY OF MVL FIRESTOP MATERIALS,Firestop/ DC 315,Fire,1755.2,AED,Samar T.,Quotation
9130,Q-1192-F7930,FIRESTOP,23 Jul 2017,IQ,Al H.C.,P140-10 2B+G+2P+18+R HOTEL BLDG ON PLOT 346-556 @ BUSINESS BAY,Supply Of SSHOOP,Firestop/ DC 315,Fire,420,AED,Waleed B.M.,Order
9131,Q-1192-F7929,FIRESTOP,23 Jul 2017,IQ,Façade S.L.,FIRESTOPPING MATERIALS,SUPPLY OF INSS2460 FIRE BARRIER SILICONE SEALANT,Firestop/ DC 315,Fire,31,AED,Samar T.,Quotation
9132,Q-1005-M7001,MACRO,23 Jul 2017,IQ,American E.-.,"SAF20017M1057, KABUL - Supply And Delivery Of Portable Generator",Portable Generator,Mechanical Items,Mechanical,21866.9,USD,Marman I.,Order
9133,Q-1005-V6981,MACRO,23 Jul 2017,IQ,Us E.A.,PR4604765 - Ceramic Tiles For FM Restroom Project/7902,Ceramic Tiles For FM Restroom Project/7902,Building Materials,Various,41035,AED, ,Quotation
9134,Q-1192-F7928,FIRESTOP,23 Jul 2017,IQ,Modern B.C.,PROPOSED 2B+G+6+R (4 STAR+HOTEL BUILDING) PLOT NO. 3734536 LWO 116/33,SUPPLY OF INSS1186 And D64T50,Firestop/ DC 315,Fire,12360,AED,Samar T.,Order
9135,Q-1192-F7927,FIRESTOP,20 Jul 2017,IQ,Adnan C.C.,Dubaihealth Project,Supply Of D120T50 And INSS1440,Firestop/ DC 315,Fire,3020,AED,Waleed B.M.,Order
9136,Q-1192-C6077,FIRESTOP,19 Jul 2017,IQ,Firestop M.,FIRESTOP ME PROJECT,Supply Of MVL Firestop Materials,Polyurethane Foam,Chemicals,1300,AED,Samar T.,Quotation
9137,Q-1192-F7926,FIRESTOP,19 Jul 2017,IQ,Mas-al S.A.,DEWA Project LPO # ACC/176,Supply Of INSS2460-600ml Sausage,Firestop/ DC 315,Fire,16500,AED,Samar T.,Order
9138,Q-1192-F7925,FIRESTOP,19 Jul 2017,IQ,Procon E.L.,Dubai Festival City (NOVO Cinemas),Supply Of DC68 Spray To Protect,Firestop/ DC 315,Fire,99,AED,Samar T.,Quotation
9139,Q-717-4012,MICRON,19 Jul 2017,IQ,Venco I.C.,"Supply & Delivery Of Electric Unit Heater-Camp Shaheen, Balkh","Supply & Delivery Of Electric Unit Heater-Camp Shaheen, Balkh",Electrical,Electrical,9900,USD,Mahesh B.,Quotation
9140,RFQ-1192-F7924,FIRESTOP,19 Jul 2017,RFQ,Green F.T.,FIRESTOP JULY ORDER 2017,FIRESTOP JULY ORDER 2017,Firestop/ DC 315,Fire,210282.2,USD, ,Order
9141,Q-1192-F7923,FIRESTOP,19 Jul 2017,IQ,The A.C.,"G+3 TYPICAL + ROOF @ AL HAMRIYA , DUBAI",Supply Of MEP Materials,Firestop/ DC 315,Fire,55118.5,AED,Samar T.,Quotation
9142,Q-1192-F7922,FIRESTOP,18 Jul 2017,IQ,Larsen &.T.,KNPC Project,Supply Of INSS1440 And D64T50,Firestop/ DC 315,Fire,8856,AED,Karim E.,Quotation
9143,Q-1613-S9072,MACRO,18 Jul 2017,IQ,Regional C.C.,W912D2-16-D-0002-1509 Hydraulic Barricades Refurbishments,W912D2-16-D-0002-1509 Hydraulic Barricades Refurbishments,Subcontract,Services,169857.95,USD, ,Quotation
9144,Q-1192-F7921,FIRESTOP,18 Jul 2017,IQ,Reem C.C.,"CHILD NURSERY (GROUND FLOOR ONLY), AL BARSHA.Plot # BT-G-008 LPO# 8284",SUPPLY OF MVL FIRESTOP MATERIALS,Firestop/ DC 315,Fire,5603,AED,Samar T.,Order
9145,Q-1192-F7920,FIRESTOP,17 Jul 2017,IQ,Egy B.C.,G+3 TYP+ROOF  LABOUR CAMP @ JABEL ALI,SUPPLY OF MVL FIRESTOP MATERIALS,Firestop/ DC 315,Fire,7500,AED,Ramshad K.,Order
9146,Q-1192-F7919,FIRESTOP,17 Jul 2017,IQ,Central C.L.,Hotel+Hotel Apt.Comm Bldg. (2B+G+M+3TYP+HC) On Plot No. 214-534 @ Al Gharhoud Job 653 LPO 200470,Supply Of FM011 And INSS1440,Firestop/ DC 315,Fire,15007.5,AED,Samar T.,Order
9147,Q-1192-F7918,FIRESTOP,17 Jul 2017,IQ,The A.C.,"G+3 On Plot No. 313-431 Hamriya, Dubai",Supply Of INSS0285,Firestop/ DC 315,Fire,810,AED,Samar T.,Order
9148,Q-1192-F7917,FIRESTOP,16 Jul 2017,IQ,Mena I.a.,Firestopping Projects,Supply Of INSS2460 Fire Barrier Silicone Sealant,Firestop/ DC 315,Fire,30.5,AED,Samar T.,Quotation
9149,Q-1192-F7916,FIRESTOP,13 Jul 2017,IQ,Arafa M.C.,Civil Defense Project-AMC/LPO/1026/2017,SUPPLY OF INSS2460,Firestop/ DC 315,Fire,10370,AED,Samar T.,Order
9150,Q-1192-F7915,FIRESTOP,13 Jul 2017,IQ,Cladtech I.A.,Firestopping Porjects,Supply Of INSS2460 Fire Barrier S,Firestop/ DC 315,Fire,31.2,AED,Samar T.,Quotation
9151,RFQ-1192-M4000,FIRESTOP,13 Jul 2017,RFQ,Al S.B.,Backer Rod 30mm X 100 Mtrs Roll,Backer Rod 30mm X 100 Mtrs Roll,Machine / Equipments,Mechanical,1200,AED, ,Order
9152,Q-1192-F7914,FIRESTOP,13 Jul 2017,IQ,Central C.L.,Hotel+Hotel Apt.Comm Bldg. (2B+G+M+3TYP+HC) On Plot No. 214-534 @ Al Gharhoud Job 652 LPO 200464,Supply Of INSS1440 And INFS0812,Firestop/ DC 315,Fire,2658.8,AED,Samar T.,Order
9153,Q-1192-F7913,FIRESTOP,13 Jul 2017,IQ,Takand I.A.,Firestopping Projects,Supply Of INSS2460,Firestop/ DC 315,Fire,34,AED,Waleed B.M.,Quotation
9154,Q-1192-C6076,FIRESTOP,13 Jul 2017,IQ,Al R.I.,Dubco Project,Supply Of MV Lapolla 2500/3,Polyurethane Foam,Chemicals,82908,AED,Karim E.,Order
9155,Q-1192-F7912,FIRESTOP,12 Jul 2017,IQ,Petra A.C.,Firestopping Projects,"Supply Of INSS2460, INSS0285 & INSS1440",Firestop/ DC 315,Fire,60,AED,Samar T.,Quotation
9156,Q-1192-F7911,FIRESTOP,12 Jul 2017,IQ,Al H.C.,P 140-10 2B+G+2P+18+R HOTEL BLDG ON PLOT 346-556 @ BUSINESS BAY PO0034966,Supply Of FM011 INFS0812 D64T50,Firestop/ DC 315,Fire,5572,AED,Waleed B.M.,Order
9157,RFQ-1192-V4267,FIRESTOP,11 Jul 2017,RFQ,Arab S.,BACKER ROD 30 MM 100 MTR/ROLL,BACKER ROD 30 MM 100 MTR/ROLL,Building Materials,Various,0,USD, ,Quotation
9158,Q-1192-C6075,FIRESTOP,11 Jul 2017,IQ,Al R.I.,DUBCO PROJECT,SUPPLY OF MV-LAPOLLA 2500/3,Polyurethane Foam,Chemicals,82908,AED,Karim E.,Order
9159,RFQ-1192-V4373,FIRESTOP,11 Jul 2017,RFQ,Alam A.,DRI FIT BLACK POLO SHIRT WITH MVL EMBROIDERY,DRI FIT BLACK POLO SHIRT WITH MVL EMBROIDERY,Misc.,Various,420,AED, ,Order
9160,Q-1192-F7910,FIRESTOP,10 Jul 2017,IQ,Gcc C.(.,FIRESTOPPING PROJECT,SUPPLY OF MVL FIRESTOP MATERIALS,Firestop/ DC 315,Fire,1427.2,AED,Samar T.,Quotation
9161,Q-1192-F7909,FIRESTOP,10 Jul 2017,IQ,Dubco C.L.,2B+G+24FLR +HC DUBAI SPORTS CITY PLOT 682-145(R3a-10),SUPPLY OF FP04+,Firestop/ DC 315,Fire,49000,AED,Waleed B.M.,Quotation
9162,Q-717-3989,MICRON,10 Jul 2017,IQ,American E.-.,Solicitation:PR6479809-Supply & Delivery Of Electric Water Heater-US Embassy Kabul,Solicitation:PR6479809-Supply & Delivery Of Electric Water Heater-US Embassy Kabul,Electrical,Electrical,25130,USD,Mahesh B.,Quotation
9163,Q-1192-C6074,FIRESTOP,10 Jul 2017,IQ,Al R.I.,Dubco Project,Supply Of MV Lapolla 2500/3,Polyurethane Foam,Chemicals,82908,AED,Karim E.,Order
9164,Q-1192-C6073,FIRESTOP,10 Jul 2017,IQ,Bbmsc (.F.,QATAR PROJECT,SUPPLY OF FL2000,Polyurethane Foam,Chemicals,675000,AED,Karim E.,Quotation
9165,Q-1192-F7908,FIRESTOP,10 Jul 2017,IQ,Mechwatt E.W.,FIRESTOPPING PROJECT,SUPPLY OF MVL FIRESTOP MATERIALS,Firestop/ DC 315,Fire,273,AED,Waleed B.M.,Quotation
9166,Q-1192-F7907,FIRESTOP,10 Jul 2017,IQ,Adeeb E.&.,FIRESTOPPING PROJECT,Supply Of MEP Materials,Firestop/ DC 315,Fire,273,AED,Waleed B.M.,Quotation
9167,Q-1192-F7725A,FIRESTOP,10 Jul 2017,IQ,Geco M.&.,Commercial Building @ Garhoud,SUPPLY OF MVL FIRESTOP MATERIALS,Firestop/ DC 315,Fire,65390,AED,Waleed B.M.,Quotation
9168,Q-1192-F7906,FIRESTOP,09 Jul 2017,IQ,Al F.A.,Cladding Project,SUPPLY OF INSS2460,Firestop/ DC 315,Fire,33.5,AED,Waleed B.M.,Quotation
9169,Q-1192-F7905,FIRESTOP,09 Jul 2017,IQ,3d M.I.,Project In Sharjah,Supply Of INSS2460 Fire Barrier Silicone Sealant,Firestop/ DC 315,Fire,335500,AED,Samar T.,Quotation
9170,Q-1192-F7904,FIRESTOP,09 Jul 2017,IQ,Window A.,FIRESTOPPING PROJECT,SUPPLY OF INSS2460,Firestop/ DC 315,Fire,120000,AED,Waleed B.M.,Quotation
9171,Q-1192-F7903,FIRESTOP,09 Jul 2017,IQ,Al O.C.,3B+G+23 Floors + Roof Lime Light Twin Tower @ Dubai Sports City Plot # 682-148,SUPPLY OF INSS1186,Firestop/ DC 315,Fire,616.2,AED,Waleed B.M.,Quotation
9172,Q-1192-F7902,FIRESTOP,09 Jul 2017,IQ,El M.E.,Rosemont Hotel & Residences 2B+LG+UG+3P+48+Roof,Supply Of MEP Materials,Firestop/ DC 315,Fire,1427.2,AED,Samar T.,Quotation
9173,Q-1192-F7901,FIRESTOP,09 Jul 2017,IQ,Central C.L.,Hotel+Hotel Apt.Comm Bldg. (2B+G+M+3TYP+HC) On Plot No. 214-534 @ Al Gharhoud Job 653 LPO 200458,Supply Of CFS01,Firestop/ DC 315,Fire,4071.6,AED,Samar T.,Order
9174,Q-1192-F7900,FIRESTOP,09 Jul 2017,IQ,Central C.L.,Hotel+Hotel Apt.Comm Bldg. (2B+G+M+3TYP+HC) On Plot No. 214-534 @ Al Gharhoud Job 653 LPO 200450,Supply Of FM011 And INSS1440,Firestop/ DC 315,Fire,5459.25,AED,Samar T.,Order
9175,Q-1192-F7899,FIRESTOP,06 Jul 2017,IQ,Chirag A.&.,FIRESTOPPING PROJECT,SUPPLY OF INSS2460,Firestop/ DC 315,Fire,34,AED,Waleed B.M.,Quotation
9176,Q-1192-F7898,FIRESTOP,06 Jul 2017,IQ,Bin L.A.,FIRESTOPPING PROJECT,Supply Of INSS2460-600ml Sausage,Firestop/ DC 315,Fire,32,AED,Waleed B.M.,Quotation
9177,Q-1192-C6072,FIRESTOP,06 Jul 2017,IQ,Al R.I.,Dubco Project,Supply Of MV Lapolla 2500/3,Polyurethane Foam,Chemicals,82908,AED,Karim E.,Order
9178,Q-1192-F7897,FIRESTOP,06 Jul 2017,IQ,Al O.A.,FIRESTOPPING PROJECT,INQUIRY For INSS2460-600ml,Firestop/ DC 315,Fire,62,AED,Samar T.,Quotation
9179,Q-1192-F7896,FIRESTOP,06 Jul 2017,IQ,Al B.A.,Project In Abu Dhabi-PO00007699,SUPPLY OF INSS2460,Firestop/ DC 315,Fire,1950,AED,Samar T.,Order
9180,Q-1192-C6071,FIRESTOP,05 Jul 2017,IQ,Al R.I.,DUBCO PROJECT,SUPPLY OF MV LAPOLLA 2500/3,Polyurethane Foam,Chemicals,82908,AED,Karim E.,Order
9181,Q-1192-F7895,FIRESTOP,05 Jul 2017,IQ,Al A.C.,"Proposed Construction Of B+G+Roof Farmhouse On PlotNo.271-282 At Wadi Al Amaradi, Dubai, Al Arif Job # 530",SUPPLY OF INSS1186,Firestop/ DC 315,Fire,1520,AED,Samar T.,Order
9182,Q-1192-C6070,FIRESTOP,05 Jul 2017,IQ,Compact C.I.,,Supply Of MV Lapolla 2500/3 And 2500/2,Polyurethane Foam,Chemicals,9588,AED,Karim E.,Quotation
9183,Q-1192-C6069,FIRESTOP,04 Jul 2017,IQ,Al R.I.,DUBCO PROJECT,SUPPLY OF MV LAPOLLA 2500/3,Polyurethane Foam,Chemicals,82908,AED,Karim E.,Order
9184,Q-1192-F7893,FIRESTOP,04 Jul 2017,IQ,Jams C.L.,Proposed B+G+2P+7Typ+Gym Hotel Apartmet In Al Qusais Ind Fifth Plot No 248-7113,Supply Of MEP Materials,Firestop/ DC 315,Fire,27402,AED,Waleed B.M.,Quotation
9185,Q-1094-S9091,MACRO,03 Jul 2017,IQ,Us E.-.,SQA1001720291 - Refurbish US Embassy Annex Building In CAS Qatar,SQA1001720291 - Refurbish US Embassy Annex Building In CAS Qatar,Subcontract,Services,61137.5,QAR,Maricar I.,Order
9186,Q-1192-F7892,FIRESTOP,03 Jul 2017,IQ,Al K.b.,B+G+2P+7 Building At Al Furjan Dubai Job# P-125 LPO10676,SUPPLY OF MVL FIRESTOP MATERIALS,Firestop/ DC 315,Fire,4000,AED,Waleed B.M.,Order
9187,Q-1094-S9090,MACRO,03 Jul 2017,IQ,Us E.-.,SQA10017M0290- Painting Of Walls With National Emulsion Paint,SQA10017M0290- Painting Of Walls With National Emulsion Paint,Subcontract,Services,73321.2,QAR,Maricar I.,Order
9188,Q-1094-S9089,MACRO,03 Jul 2017,IQ,Us E.-.,SQA10017M0287  - HVAC Unit.,SQA10017M0287  - HVAC Unit.,Subcontract,Services,109262.5,QAR,Maricar I.,Order
9189,Q-1192-F7891,FIRESTOP,03 Jul 2017,IQ,Al H.C.,P-136-10 - (3B+G+3P+16) On Plot No. 345-411 At Burj Khalifa,Supply Of SSHOOP,Firestop/ DC 315,Fire,210,AED,Waleed B.M.,Order
9190,Q-1192-F7890,FIRESTOP,03 Jul 2017,IQ,Al A.A.,FIRESTOPPING PROJECT,SUPPLY OF INSS2460,Firestop/ DC 315,Fire,34,AED,Waleed B.M.,Quotation
9191,Q-1192-F7889,FIRESTOP,03 Jul 2017,IQ,Rajab M.P.,FIRESTOPPING PROJECT,SUPPLY OF INSS2460,Firestop/ DC 315,Fire,34,AED,Waleed B.M.,Quotation
9192,Q-1192-F7888,FIRESTOP,03 Jul 2017,IQ,Al S.I.,FIRESTOPPING PROJECT,SUPPLY OF MVL FIRESTOP MATERIALS,Firestop/ DC 315,Fire,371,AED,Waleed B.M.,Quotation
9193,RFQ-1192-V4372,FIRESTOP,02 Jul 2017,RFQ,Alam A.,LAPOLLA 2500/3 And LAPOLLA ISOCYANATE  STICKERS,LAPOLLA 2500/3 And LAPOLLA ISOCYANATE  STICKERS,Misc.,Various,1350,AED, ,Order
9194,Q-1192-F7887,FIRESTOP,02 Jul 2017,IQ,Al K.b.,G+2P+12 RESIDENTIAL AND COMMERCIAL BUILDING,SUPPLY OF MVL FIRESTOP MATERIALS,Firestop/ DC 315,Fire,140236,AED,Waleed B.M.,Quotation
9195,Q-1192-C6068,FIRESTOP,02 Jul 2017,IQ,Al R.I.,Dubco Project,Supply Of MV Lapolla 2500/3,Polyurethane Foam,Chemicals,13818,AED,Karim E.,Order
9196,Q-1192-F7886,FIRESTOP,02 Jul 2017,IQ,Arafa M.C.,Civil Defense Project-AMC/LPO/1026/2017,SUPPLY OF MVL FIRESTOP MATERIALS,Firestop/ DC 315,Fire,10240,AED,Samar T.,Order
9197,Q-1192-F7885,FIRESTOP,02 Jul 2017,IQ,Al G.&.,Emaar Hills Development Buildings Project LPO HDBP-P-00286,Supply Of INSS2460-white,Firestop/ DC 315,Fire,6700,AED,Samar T.,Order
9198,Q-1192-F7884,FIRESTOP,29 Jun 2017,IQ,Alfa M.I.,Al Maktoum Airport 170455,Supply Of INSS2460 & INSS0285,Firestop/ DC 315,Fire,3900,AED,Samar T.,Order
9199,Q-1192-F7883,FIRESTOP,29 Jun 2017,IQ,Al K.b.,"Construction Of G+4 Labor Accomodation At DIP, Dubai Job# P-117 LPO10644",Supply Of INSS1440,Firestop/ DC 315,Fire,2340,AED,Waleed B.M.,Order
9200,Q-1192-F7882,FIRESTOP,28 Jun 2017,IQ,Al R.A.,Firestopping Project,Supply Of INSS2460 Fire Barrier Silicone Sealant,Firestop/ DC 315,Fire,32,AED,Samar T.,Quotation
9201,Q-1192-F7880,FIRESTOP,28 Jun 2017,IQ,Tiger C.C.,Project In DIP,SUPPLY OF MVL FIRESTOP MATERIALS,Firestop/ DC 315,Fire,937,AED,Waleed B.M.,Quotation
9202,Q-1192-F7879,FIRESTOP,27 Jun 2017,IQ,Arco G.C.,FIRESTOPPING PROJECT,SUPPLY OF INSS1186,Firestop/ DC 315,Fire,616.1,AED,Waleed B.M.,Quotation
9203,RFQ-1192-C6052A,FIRESTOP,27 Jun 2017,RFQ,Bayer P.L.,Baymer SHPU 40-27A Polyurethane Foam,Baymer SHPU 40-27A Polyurethane Foam,Chemicals,Chemicals,146217,AED, ,Order
9204,RFQ-1192-C6053,FIRESTOP,27 Jun 2017,RFQ,Basf C.C.,Elastospray 1611/17 Polyurethane Foam,Elastospray 1611/17 Polyurethane Foam,Chemicals,Chemicals,362756,AED, ,Order
9205,RFQ-1192-C6052,FIRESTOP,27 Jun 2017,RFQ,Bayer P.L.,Baymer SHPU 40-27A Polyurethane Foam,Baymer SHPU 40-27A Polyurethane Foam,Chemicals,Chemicals,885903,AED, ,Order
9206,Q-1192-F7877,FIRESTOP,22 Jun 2017,IQ,Solaire A.A.,FIRESTOPPING PROJECT,INQUIRY OF INSS2460,Firestop/ DC 315,Fire,9870,AED,Karim E.,Quotation
9207,Q-1192-F7876,FIRESTOP,21 Jun 2017,IQ,Central C.L.,Hotel+Hotel Apt.Comm Bldg. (2B+G+M+3TYP+HC) On Plot No. 214-534 @ Al Gharhoud Job 652 PO 200443,SUPPLY OF MVL FIRESTOP MATERIALS,Firestop/ DC 315,Fire,8492.1,AED,Samar T.,Order
9208,Q-1192-C6067,FIRESTOP,21 Jun 2017,IQ,Alutech A.&.,Firestopping Project,Supply Of INSS2460 Fire Barrier Silicone Sealant,Polyurethane Foam,Chemicals,32.5,AED,Samar T.,Quotation
9209,Q-1192-F7875,FIRESTOP,21 Jun 2017,IQ,Abdul H.K.,Project In Dubai,Supply Of INSS2460 Fire Barrier Silicone Sealant,Firestop/ DC 315,Fire,31.5,AED,Samar T.,Quotation
9210,RFQ-1192-V4371,FIRESTOP,21 Jun 2017,RFQ,Alam A.,Lapolla 2500/3 Stickers (300 Pcs),Lapolla 2500/3 Stickers (300 Pcs),Misc.,Various,900,AED, ,Order
9211,Q-1192-F7874,FIRESTOP,21 Jun 2017,IQ,Aic C.L.,PROPOSED HOTEL BUILDING 2B+G+14 Floor+Roof On Plot No. 326-1450 At Al Jaddaf -Dubai UAE MRV 1167 LPO 006311,Supply Of INSS1440,Firestop/ DC 315,Fire,3600,AED,Waleed B.M.,Order
9212,Q-1192-C6066,FIRESTOP,21 Jun 2017,IQ,Al R.I.,Dubco Project,Supply Of MV-Lapolla 2500/3,Polyurethane Foam,Chemicals,110544,AED,Karim E.,Order
9213,Q-1192-F7872,FIRESTOP,20 Jun 2017,IQ,Bin D.E.,FIRESTOPPING PROJECT,SUPPLY OF INSS2460,Firestop/ DC 315,Fire,34,AED,Waleed B.M.,Quotation
9214,Q-1192-F7871,FIRESTOP,20 Jun 2017,IQ,Fivestar A.a.,FIRESTOPPING PROJECT,SUPPLY OF INSS2460,Firestop/ DC 315,Fire,34,AED,Waleed B.M.,Quotation
9215,Q-1192-F7870,FIRESTOP,20 Jun 2017,IQ,Ias L.A.,FIRESTOPPING PROJECT,SUPPLY OF INSS2460,Firestop/ DC 315,Fire,34,AED,Waleed B.M.,Quotation
9216,Q-1192-F7869,FIRESTOP,20 Jun 2017,IQ,Al Q.G.,FIRESTOPPING PROJECT,SUPPLY OF INSS1186,Firestop/ DC 315,Fire,11550,AED,Waleed B.M.,Quotation
9217,Q-1595-S9072,MACRO,20 Jun 2017,IQ,Regional C.C.,W912D2-16-D-0002-1513-CAS Road Marking Improvement (MATOC),W912D2-16-D-0002-1513-CAS Road Marking Improvement (MATOC),Subcontract,Services,171952,USD, ,Quotation
9218,Q-1192-F7868,FIRESTOP,20 Jun 2017,IQ,Al H.C.,P144-10 (+2) Labour Accommodation On Plot# 264-564 At AL Muhaisnah 2nd PO0034870,SUPPLY OF MVL FIRESTOP MATERIALS,Firestop/ DC 315,Fire,20576.2,AED,Waleed B.M.,Order
9219,Q-1192-F7867,FIRESTOP,20 Jun 2017,IQ,Al H.C.,P-150-10 (G+4) Labour Accom On Plot # 599-9211 @ Jabal Ali (PO0034731/REV1,Supply Of MEP Materials,Firestop/ DC 315,Fire,25292,AED,Waleed B.M.,Order
9220,Q-1192-F7866,FIRESTOP,19 Jun 2017,IQ,Modern B.C.,B+G+1P+10+R Nadd Al Hamar Plot # 416-8067 LWO 117/34,Supply Of INSS1186 AND D64T50,Firestop/ DC 315,Fire,6360,AED,Samar T.,Order
9221,Q-1192-F7865,FIRESTOP,19 Jun 2017,IQ,Dubco C.L.,G+13 Residential Building Plot 231-319 Al Nahda Dubai LPO/T 180617-04491,SUPPLY OF MVL FIRESTOP MATERIALS,Firestop/ DC 315,Fire,16826,AED,Waleed B.M.,Order
9222,RFQ-1569-V4356,MACRO,18 Jun 2017,RFQ,Alam A.,Business Card - Ziad Jabr,Business Card - Ziad Jabr,Misc.,Various,200,AED, ,Order
9223,Q-1192-F7864,FIRESTOP,18 Jun 2017,IQ,Al H.I.,Firestopping Project,Supply Of INSS2460 Fire Barrier Silicone Sealant,Firestop/ DC 315,Fire,30.5,AED,Samar T.,Quotation
9224,Q-1192-F7863,FIRESTOP,18 Jun 2017,IQ,Jelfar S.E.,"PROJECT No. 1603 (HVAC) G+10 NADD AL HAMR, DUBAI LPO 11768",SUPPLY OF MVL FIRESTOP MATERIALS,Firestop/ DC 315,Fire,7408,AED,Waleed B.M.,Order
9225,Q-1192-F7862,FIRESTOP,15 Jun 2017,IQ,Hamers C.,Tajikistan Project,Supply Of Firestopping Products,Firestop/ DC 315,Fire,709,USD,Karim E.,Quotation
9226,Q-1192-C6065,FIRESTOP,15 Jun 2017,IQ,Al R.I.,DUBCO PROJECT,SUPPLY F MV-LAPOLLA 2500/3,Polyurethane Foam,Chemicals,8836,AED,Waleed B.M.,Order
9227,Q-1192-F7861,FIRESTOP,14 Jun 2017,IQ,Al H.C.,P-142-10 (B+G+22F) HOTEL BLDG On Plot No. 3920454 @ Marsa Dubai LPO 0034463,Supply Of MEP Materials,Firestop/ DC 315,Fire,12178,AED,Waleed B.M.,Order
9228,Q-1192-F7860,FIRESTOP,14 Jun 2017,IQ,Al H.C.,P 140-10 2B+G+2P+18+R HOTEL BLDG ON PLOT 346-556 @ BUSINESS BAY PO0034464,Supply Of MEP Materials,Firestop/ DC 315,Fire,12397,AED,Waleed B.M.,Order
9229,Q-1192-F7859,FIRESTOP,14 Jun 2017,IQ,Aic C.L.,PROPOSED HOTEL BUILDING 2B+G+14 Floor+Roof On Plot No. 326-1450 At Al Jaddaf -Dubai UAE MRV # 1198 LPO# 006452,Supply Of INSS1440,Firestop/ DC 315,Fire,3600,AED,Waleed B.M.,Order
9230,Q-1192-F7858,FIRESTOP,13 Jun 2017,IQ,Nascon E.L.,"Paramount Tower Hotel & Residences ( Plot No. 34601-24) , Business Bay Dubai – UAE",SUPPLY OF MVL FIRESTOP MATERIALS,Firestop/ DC 315,Fire,16045.5,AED,Waleed B.M.,Quotation
9231,RFQ-1192-V4266,FIRESTOP,13 Jun 2017,RFQ,Fujeira R.F.,"Rockwool Thickness 50mm Density 120kg/m3, Size 1.2mtr X 0.6mtr","Rockwool Thickness 50mm Density 120kg/m3, Size 1.2mtr X 0.6mtr",Building Materials,Various,3586.81,AED, ,Order
9232,Q-1192-F7856,FIRESTOP,13 Jun 2017,IQ,Venco I.C.,PROPOSED HOTEL APARTMENTS (B+G+9) AT PALM JUMEIRAH ON PLOT NO. PJCRC-38E (PO V17-02722),Supply Of INSS1440 And CFS01,Firestop/ DC 315,Fire,3000,AED,Waleed B.M.,Order
9233,Q-1192-F7855,FIRESTOP,12 Jun 2017,IQ,Al K.b.,B+G+2P+7 Building At Al Furjan Dubai Job# P-125 LPO10544Rev,Supply Of INSS1440-5G,Firestop/ DC 315,Fire,17400,AED,Waleed B.M.,Order
9234,Q-1192-F7854,FIRESTOP,12 Jun 2017,IQ,Ihm H.A.,G + 12 In Al Nahda,Supply Of MVL Firestop Materials,Firestop/ DC 315,Fire,125,AED,Waleed B.M.,Quotation
9235,Q-1192-F7853,FIRESTOP,12 Jun 2017,IQ,Emirates A.&.,Dubai Land Project LPO 380,Supply Of INSS2460-600ml Sausage,Firestop/ DC 315,Fire,130004.55,AED,Samar T.,Order
9236,RFQ-1192-V4370,FIRESTOP,12 Jun 2017,RFQ,Alam A.,Lapolla A Isocyanate Stickers,Lapolla A Isocyanate Stickers,Misc.,Various,350,AED, ,Order
9237,Q-1005-E6990,MACRO,12 Jun 2017,IQ,American E.-.,"PR6273405-Supply & Delivery Of Corning Fiber Component-US Embassy, Kabul","PR6273405-Supply & Delivery Of Corning Fiber Component-US Embassy, Kabul",Electrical,Electrical,23830,USD, ,Quotation
9238,Q-1192-F7852,FIRESTOP,12 Jun 2017,IQ,Bok C.L.,"PROPOSED G+1 EDUCATIONAL BUILDINGS AL QOUZ FIRST DUBAI, Plot No. 3541807 (Ref#001/STO/2017/0139)",SUPPLY OF MVL FIRESTOP MATERIALS,Firestop/ DC 315,Fire,19677.4,AED,Waleed B.M.,Order
9239,Q-1192-F7851,FIRESTOP,12 Jun 2017,IQ,Simplex I.L.,FIRESTOPPING PROJECT,SUPPLY OF INSS1186 ELASTOMERIC FIRE CAULK,Firestop/ DC 315,Fire,664.2,AED,Waleed B.M.,Quotation
9240,RFQ-1192-F7850,FIRESTOP,12 Jun 2017,RFQ,Green F.T.,9th Order - Firestop Materials,Firestop Materials,Firestop/ DC 315,Fire,88290,USD, ,Order
9241,Q-1192-F7849,FIRESTOP,11 Jun 2017,IQ,Far R.E.,FIRESTOPPING PROJECT,SUPPLY OF MVL FIRESTOP MATERIALS,Firestop/ DC 315,Fire,2018,AED,Samar T.,Quotation
9242,Q-1192-F7847,FIRESTOP,11 Jun 2017,IQ,Torque E.C.,G+14 JVC,Supply Of MVLFirestop Materials,Firestop/ DC 315,Fire,258,AED,Waleed B.M.,Quotation
9243,Q-1192-F7844,FIRESTOP,11 Jun 2017,IQ,Al H.C.,"P-136-10 - (3B+G+3P+16) On Plot No. 345-411 At Burj Khalifa, Dubai PO0034366",Supply Of MEP Materials,Firestop/ DC 315,Fire,59808.4,AED,Waleed B.M.,Order
9244,RFQ-1592-S9083,MACRO,08 Jun 2017,RFQ,Yashel Y.C.,"W5J9JE-16-R-0049 - Afghan National Police, Police Academy Female Staff College",ORD-Y108-08 KB003 – HVAC Modification,Subcontract,Services,96596.04,USD, ,Order
9245,RFQ-1192-V4369,FIRESTOP,08 Jun 2017,RFQ,Art A.T.,Repair Of Warehouse (Maintenance),Repair Of Warehouse (Maintenance),Misc.,Various,1000,AED, ,Order
9246,Q-1192-C6064,FIRESTOP,08 Jun 2017,IQ,Al R.I.,DUBCO 159 VILLAS,SUPPLY OF MV-LAPOLLA 2500/3,Polyurethane Foam,Chemicals,26508,AED,Karim E.,Order
9247,Q-1005-E6989,MACRO,07 Jun 2017,IQ,Swc C.,"Supply Of Diesel Generators-Women's Participation Program/-RAF01642/RTC ANCOP,Paktiya, Afghanistan","Supply Of Diesel Generators-Women's Participation Program/-RAF01642/RTC ANCOP,Paktiya, Afghanistan",Electrical,Electrical,152950,USD,Maricar I.,Quotation
9248,RFQ-1192-C6063,FIRESTOP,07 Jun 2017,RFQ,Basf K.P.,PO For Elastospray 1611/17 And Iso 92140,Elastospray 1611/17 Iso 92140,Polyurethane Foam,Chemicals,181608,AED, ,Quotation
9249,RFQ-982-S9124,MACRO,07 Jun 2017,RFQ,Tatekan C.C.,W5J9JE-15-C-0004 - MFNDU,"ORD982-1590A-10 QR026 - WPP Perimeter Wall – Buildings 310, 311 And 318",Subcontract,Services,395000.41,USD, ,Order
9250,Q-1192-F7843,FIRESTOP,07 Jun 2017,IQ,Nascon E.L.,"Paramount Tower Hotel & Residences ( Plot No. 34601-24) , Business Bay Dubai – UAE",Supply Of MVL Firestop Materials,Firestop/ DC 315,Fire,581200,AED,Waleed B.M.,Quotation
9251,Q-1192-F7842,FIRESTOP,07 Jun 2017,IQ,Jamaheer C.L.,3B+G+20 ON PLOT NO:3460746 @ BUSSINESS BAY DUBAI,Supply Of MVL Firestop Materials,Firestop/ DC 315,Fire,200602,AED,Waleed B.M.,Quotation
9252,RFQ-1593-M4104,MACRO,07 Jun 2017,RFQ,Veris I.,HUMIDITY SENSORS - HEW2MSX - HEW SERIES,HUMIDITY SENSORS - HEW2MSX - HEW SERIES,Mechanical Items,Mechanical,5808,USD,Maricar I.,Order
9253,RFQ-1592-S9082,MACRO,06 Jun 2017,RFQ,Yashel Y.C.,"W5J9JE-16-R-0049 - Afghan National Police, Police Academy Female Staff College","ORD-Y108-04 KB002 Replace Bldg 304, Relocate Bldg 506",Subcontract,Services,70000,USD, ,Order
9254,Q-1192-F7841,FIRESTOP,06 Jun 2017,IQ,Mzoon B.C.,PROPOSED G+2P+7TYP+R,SUPPLY OF INSS1186 ELASTOMERIC FIRE CAULK,Firestop/ DC 315,Fire,30064,AED,Samar T.,Quotation
9255,Q-1005-R1501,MACRO,05 Jun 2017,IQ,Vista I.F.,Warehouse Handling And Transportation Charges,Warehouse Handling And Transportation Charges,Rental,Rental,350,AED,Tamraz M.,Order
9256,Q-1192-F7839,FIRESTOP,05 Jun 2017,IQ,Central C.L.,Hotel+Hotel Apt.Comm Bldg. (2B+G+M+3TYP+HC) On Plot No. 214-534 @ Al Gharhoud Job 652,Supply Of MVL Firestop Materials,Firestop/ DC 315,Fire,6090,AED,Samar T.,Order
9257,Q-1005-E6988,MACRO,05 Jun 2017,IQ,American E.-.,PR6381453 - AFC Cables Systems,Fiber Optic Cable Assemblies And Harnesses,Electrical,Electrical,26360,USD,Marman I.,Quotation
9258,Q-1192-F7838,FIRESTOP,05 Jun 2017,IQ,Ost C.P.,B+G+5TYP+R @ JVC,Supply Of MVL Firestop Materials,Firestop/ DC 315,Fire,65457,AED,Waleed B.M.,Quotation
9259,Q-1192-C6062,FIRESTOP,05 Jun 2017,IQ,Al R.I.,DUBCO PROJECT,SUPPLY OF MV-LAPOLLA 2500/3,Polyurethane Foam,Chemicals,26508,AED,Waleed B.M.,Order
9260,Q-1192-F7837,FIRESTOP,04 Jun 2017,IQ,Al N.N.,Abu Dhabi Airport,Supply Of INSS1440 Fire Barrier Caulk,Firestop/ DC 315,Fire,1400,AED,Karim E.,Order
9261,Q-1005-M4020,MACRO,04 Jun 2017,IQ,Us E.A.,PR6336327 - Complete Assembly Of Cutler Hammer MCCB,Complete Assembly Of Cutler Hammer MCCB,Machine / Equipments,Mechanical,18424,USD,Maricar I.,Quotation
9262,Q-1192-F7836,FIRESTOP,04 Jun 2017,IQ,Al G.&.,Emaar Hills Development Buildings Project,Supply Of INSS1186 Elastomeric Fire Caulk,Firestop/ DC 315,Fire,414325,AED,Samar T.,Quotation
9263,Q-1192-C6061,FIRESTOP,04 Jun 2017,IQ,Siac T.S.,SIAC PROJECT- PO 000686,SUPPLY OF MV LAPOLLA 2500/2,Polyurethane Foam,Chemicals,27636,AED,Karim E.,Order
9264,Q-1192-C6060,FIRESTOP,04 Jun 2017,IQ,Al R.I.,DUBCO PROJECT,SUPPLY OF MV-LAPOLLA 2500/3,Polyurethane Foam,Chemicals,53016,AED,Waleed B.M.,Order
9265,Q-617-3870,MICRON,01 Jun 2017,IQ,Venco I.C.,"Supply & Delivery Of Wall Heater-World Bank Group HQ, Kabul",Supply & Delivery Of Wall Heater,Electrical,Electrical,10680,USD,Mahesh B.,Quotation
9266,Q-1192-C6059,FIRESTOP,31 May 2017,IQ,Al R.I.,DUBCO 159 VILLAS,SUPPLY OF MV-LAPOLLA 2500/3,Polyurethane Foam,Chemicals,26508,AED,Waleed B.M.,Order
9267,Q-1192-F7834,FIRESTOP,31 May 2017,IQ,Geco M.&.,AL BATHA TOWER,SUPPLY OF MVL FIRESTOP MATERIALS,Firestop/ DC 315,Fire,360130,AED,Samar T.,Quotation
9268,Q-1192-F7833,FIRESTOP,31 May 2017,IQ,Reem C.C.,FIRESTOPPING PROJECT,SUPPLY OF INSS1186,Firestop/ DC 315,Fire,603.85,AED,Samar T.,Quotation
9269,Q-1192-F7832,FIRESTOP,31 May 2017,IQ,Abargaan ,IRAN PROJECT,Supply Of MVL Firestop Materials,Firestop/ DC 315,Fire,2288,AED, ,Quotation
9270,Q-1192-F7831,FIRESTOP,30 May 2017,IQ,Alpha P.P.,FIRESTOPPING PROJECT,Supply Of DC68,Firestop/ DC 315,Fire,120,AED,Karim E.,Order
9271,Q-1592-C6051,MACRO,30 May 2017,IQ,Yashel Y.C.,"ORD-1592 : W5J9JE-16-R-0049 - Afghan National Police, Police Academy Female Staff College",Supply Of Latex Bonding Agent,Chemicals,Chemicals,1350,USD, ,Quotation
9272,Q-1192-C6058,FIRESTOP,30 May 2017,IQ,Al R.I.,Al Rafid Insulation Project-PO 794,Supply Of MV-Lapolla  2500/3,Polyurethane Foam,Chemicals,25380,AED,Waleed B.M.,Order
9273,Q-1005-L4045,MACRO,29 May 2017,IQ,Debet U.M.,Air Freight Charges From Netherland To Baku,Air Freight Charges From Netherland To Baku,Transportation,Logistics,570,USD,Tamraz M.,Order
9274,RFQ-1581-E6801,MW-OCS,29 May 2017,RFQ,Jubaili B.,W912D2-16-C-0115 Fuel Tanks Upgrade CAS-S,JET Diesel Genset Model JP 60P3/65E3 SAC,Electrical,Electrical,36000,QAR,Maricar I.,Order
9275,Q-1192-F7830,FIRESTOP,29 May 2017,IQ,Al B.A.,For Mock Up,SUPPLY OF INSS2460,Firestop/ DC 315,Fire,700,AED,Samar T.,Order
9276,Q-1192-F7829,FIRESTOP,29 May 2017,IQ,Aic C.L.,PROPOSED HOTEL BUILDING 2B+G+14 Floor+Roof On Plot No. 326-1450 At Al Jaddaf -Dubai UAE LPO 006253,SUPPLY OF SSHOOP,Firestop/ DC 315,Fire,1000,AED,Waleed B.M.,Order
9277,Q-1192-F7828,FIRESTOP,29 May 2017,IQ,Al B.A.,FIRESTOPPING PROJECT,SUPPLY OF INSS2460,Firestop/ DC 315,Fire,66000,AED,Samar T.,Quotation
9278,Q-1192-F7827,FIRESTOP,29 May 2017,IQ,Jamaheer C.L.,"3B+G+20, 4 STAR HOTEL - INDIGO  INTERCONTINENTAL ON PLOT NO. 3460746 AT BUSINESS BAY, DUBAI - U.A.E",SUPPLY OF MVL FIRESTOP MATERIALS,Firestop/ DC 315,Fire,929,AED,Waleed B.M.,Quotation
9279,Q-1192-F7826,FIRESTOP,29 May 2017,IQ,Arafa M.C.,Civil Defense Project/LPO/159/2017,SUPPLY OF INSS2460,Firestop/ DC 315,Fire,10065,AED,Samar T.,Order
9280,Q-1192-C6057,FIRESTOP,25 May 2017,IQ,Al R.I.,DUBCO 159 VILLAS,SUPPLY OF MV LAPOLLA 2500/3,Polyurethane Foam,Chemicals,25380,AED,Waleed B.M.,Order
9281,Q-1192-F7825,FIRESTOP,25 May 2017,IQ,Reem C.C.,Vantage Tower G+4P+28+Roof Project Code J004 LPO8284,SUPPLY OF INSS1186,Firestop/ DC 315,Fire,15625,AED,Samar T.,Order
9282,Q-1192-F7824,FIRESTOP,25 May 2017,IQ,Modern B.C.,2B+G+9+TYP+R @ DUBAILAND,Supply Of MVL Firestop Materials,Firestop/ DC 315,Fire,30126.5,AED,Samar T.,Order
9283,Q-1192-F7823,FIRESTOP,25 May 2017,IQ,City C.C.,B+G+10 RESIDENTIAL BUILDING WADI AL SAFA PLOT NO.6458125,Supply Of MEP Materials,Firestop/ DC 315,Fire,59713.66,AED,Waleed B.M.,Order
9284,Q-1192-F7822,FIRESTOP,24 May 2017,IQ,Venco I.C.,PROPOSED HOTEL APARTMENTS (B+G+9) AT PALM JUMEIRAH ON PLOT NO. PJCRC-38E (PO V17-02436),SUPPLY OF INSS1440 And CFS01,Firestop/ DC 315,Fire,1500,AED,Waleed B.M.,Order
9285,Q-1192-F7821,FIRESTOP,24 May 2017,IQ,Sobha G.a.,FIRESTOPPING PROJECT,SUPPLY OF INSS2460,Firestop/ DC 315,Fire,33,AED,Samar T.,Quotation
9286,Q-1192-F7820,FIRESTOP,24 May 2017,IQ,Al S.A.,FIRESTOPPING PROJECT,SUPPLY OF INSS2460,Firestop/ DC 315,Fire,62.45,AED,Samar T.,Quotation
9287,Q-1192-F7819,FIRESTOP,24 May 2017,IQ,The A.C.,"G+3 On Plot No. 313-431 Hamriya, Dubai (Ref:67-01/Ghurair-MW/2016)",SUPPLY OF INSS1186 And INSS0285,Firestop/ DC 315,Fire,7185,AED,Samar T.,Order
9288,Q-1192-F7818,FIRESTOP,23 May 2017,IQ,Al K.b.,"Construction Of G+2 New School Building At Al Warqa, Dubai UAE Job # P-94 (LPO10507)",SUPPLY OF INSS1186,Firestop/ DC 315,Fire,5000,AED,Waleed B.M.,Order
9289,Q-1192-F7817,FIRESTOP,23 May 2017,IQ,Gulf C.L.,FIRESTOPPING PRODUCTS,SUPPLY OF DC68 SPRAY TO PROTECT,Firestop/ DC 315,Fire,605625,AED,Karim E.,Order
9290,Q-1192-F7816,FIRESTOP,23 May 2017,IQ,Gulf C.L.,FIRESTOPPING PROJECT,SUPPLY OF DC68 SPRAY TO PROTECT,Firestop/ DC 315,Fire,166446,AED,Karim E.,Order
9291,Q-1192-F7815,FIRESTOP,23 May 2017,IQ,Engineering C.&.,FIRESTOPPING PROJECT,SUPPLY OF INSS1186,Firestop/ DC 315,Fire,634,AED,Samar T.,Quotation
9292,Q-1192-F7814,FIRESTOP,23 May 2017,IQ,Rimal I.S.,Project In Abu Dhabi Airport Midfield Terminal PO-080/2017,Supply Of BULK GUN,Firestop/ DC 315,Fire,1065,AED,Karim E.,Order
9293,Q-1192-F7813,FIRESTOP,23 May 2017,IQ,Central C.L.,Hotel+Hotel Apt+Comm.Bldg. (2B+G+M+3Typ+HC) On Plot No. 214-534 @ Al Gharhoud Job 652 PO 200415,Supply Of INFS0812 And SSHOOP,Firestop/ DC 315,Fire,2102.1,AED,Samar T.,Order
9294,Q-1192-F7812,FIRESTOP,22 May 2017,IQ,Al A.C.,DAMAC AKOYA CARSON TOWERS TOWER A (G+3P+30) TOWER B ( G+3P+30) TOWER C ( G+3P+31) @ AKOYA CARSON PLOT 676-5407,Supply Of CJ MATERIALS,Firestop/ DC 315,Fire,273050,AED,Samar T.,Quotation
9295,Q-1192-C6056,FIRESTOP,21 May 2017,IQ,Al R.I.,DUBCO 159 VILLAS,SUPPLY OF MV LAPOLLA 2500/3,Polyurethane Foam,Chemicals,50760,AED,Waleed B.M.,Order
9296,Q-1192-F7811,FIRESTOP,21 May 2017,IQ,Horizon G.E.,3B + G + 14 FLOORS + ROOF ON PLOT NO. 326-1667 AT AL JADAF - DUBAI,SUPPLY OF MEP FIRESTOP MATERIALS,Firestop/ DC 315,Fire,65196,AED,Waleed B.M.,Quotation
9297,Q-1192-F7810,FIRESTOP,21 May 2017,IQ,Al Q.I.,1103-B+G+13 TF (AL Jadaf-Kalwani) PO# 101701794,Supply Of INSS1440,Firestop/ DC 315,Fire,15795,AED,Waleed B.M.,Order
9298,Q-1192-F7809,FIRESTOP,21 May 2017,IQ,United E.C.,Construction Of Residential Villas -P2 (482 Villas) At Nad Al Shiba 3,SUPPLY OF INSS1186,Firestop/ DC 315,Fire,664.19,AED,Samar T.,Quotation
9299,Q-1192-F7808,FIRESTOP,21 May 2017,IQ,Central C.L.,B+G+M+3+GYM+ROOF@GARHOUD DUBAI-LPO 200411,Supply Of FM011,Firestop/ DC 315,Fire,1783.5,AED,Samar T.,Order
9300,Q-1192-F7807,FIRESTOP,18 May 2017,IQ,Modern B.C.,PROPOSED  2B+G+6+R (4 STAR+HOTEL BUILDING) PLOT NO. 3734536 LWO 116/25,SUPPLY OF INSS1440,Firestop/ DC 315,Fire,1800,AED,Samar T.,Order
9301,Q-1192-F7806,FIRESTOP,18 May 2017,IQ,Al H.C.,P-142-10 (B+G+22F) HOTEL BLDG On Plot No. 3920454 @ Marsa Dubai LPO 0033808,SUPPLY OF MVL FIRESTOP MATERIALS,Firestop/ DC 315,Fire,17740.8,AED,Waleed B.M.,Order
9302,Q-1192-F7805,FIRESTOP,17 May 2017,IQ,Fscr ,TURKEY PROJECT,SUPPLY OF INSS1440 FIRE BARRIER CAULK,Firestop/ DC 315,Fire,2980,USD,Karim E.,Quotation
9303,Q-1192-F7804,FIRESTOP,17 May 2017,IQ,Al K.b.,B+G+2P+7 Building At Al Furjan Dubai Job# P-125 LPO10457,"Supply Of INSS1440, INFS0812 And D64T50",Firestop/ DC 315,Fire,38156,AED,Waleed B.M.,Order
9304,Q-1192-F7803,FIRESTOP,17 May 2017,IQ,Al R.C.,Dubai Mall Project,Supply Of CFS01,Firestop/ DC 315,Fire,165,AED,Samar T.,Quotation
9305,Q-1192-C6055,FIRESTOP,16 May 2017,IQ,Siac T.S.,INTERNATIONAL CITY PROJECT,SUPPLY OF MV LAPOLLA 2500/2,Polyurethane Foam,Chemicals,27636,AED,Karim E.,Order
9306,Q-1192-F7802,FIRESTOP,16 May 2017,IQ,Ideal C.,"RENOVATION OF 12 FLOOR (28TH FLOOR -40TH FLOOR) -YASSAT GLORIA HOTEL TECOM ,DUBAI",Supply Of MEP Materials,Firestop/ DC 315,Fire,316905,AED,Waleed B.M.,Quotation
9307,Q-1192-F7801,FIRESTOP,16 May 2017,IQ,Alufab A.&.,Project 501 & 550,Supply Of INSS2460-600ml Sausage,Firestop/ DC 315,Fire,123200,AED,Karim E.,Quotation
9308,Q-1192-F7800,FIRESTOP,16 May 2017,IQ,Siemens L.,P11550 POWER NETWORK UPGRADE AT ALL ADCO FIELDS (ASAB) MR#575,SUPPLY OF FP04+,Firestop/ DC 315,Fire,16150,AED,Samar T.,Quotation
9309,Q-1192-F7799,FIRESTOP,16 May 2017,IQ,Ufq A.A.,FIRESTOPPING PROJECT-PO 5824,SUPPLY OF INSS2460,Firestop/ DC 315,Fire,15250,AED,Samar T.,Order
9310,Q-1192-F7798,FIRESTOP,14 May 2017,IQ,Central C.L.,B+G+M+3+GYM+ROOF@GARHOUD DUBAI-LPO 200407,SUPPLY OF INSS1140,Firestop/ DC 315,Fire,2000,AED,Samar T.,Order
9311,Q-1192-F7797,FIRESTOP,14 May 2017,IQ,Waseela -.I.,HILLS PROJECT,SUPPLY OF INSS1440,Firestop/ DC 315,Fire,1418,AED,Samar T.,Order
9312,Q-1192-F7796,FIRESTOP,11 May 2017,IQ,Baniyas A.&.,B+G+2 Royal Furniture Showroom-Al Barsha (Ref # BAG-1764-N),SUPPLY OF INSS2460,Firestop/ DC 315,Fire,15500,AED,Samar T.,Order
9313,Q-1192-F7795,FIRESTOP,11 May 2017,IQ,Specom ,FIRESTOPPING PROJECT,SUPPLY OF INSS1186,Firestop/ DC 315,Fire,610,AED,Waleed B.M.,Quotation
9314,Q-1005-E6987,MACRO,11 May 2017,IQ,East P.L.,"Renovate Bldgs 6020 & 6040, Shaik Isa Air Base, Bahrain",Supply Of Lighting Fixtures,Electrical,Electrical,12401.5,USD,Maricar I.,Quotation
9315,Q-1192-F7794,FIRESTOP,10 May 2017,IQ,Modern B.C.,"PROPOSED 2B+G+6+R (4 Star - HOTEL BUILDING),PLOT NO. 3734536 LWO 116/24",SUPPLY OF INSS1186,Firestop/ DC 315,Fire,9000,AED,Samar T.,Order
9316,Q-1192-F7793,FIRESTOP,10 May 2017,IQ,Al K.b.,B+G+2P+10 Building At Al Furjan Dubai Job # P-123 LPO10466,Supply Of D64T50,Firestop/ DC 315,Fire,1000,AED,Waleed B.M.,Order
9317,Q-1192-F7792,FIRESTOP,10 May 2017,IQ,Al Q.G.,1170-Zahia Garden Apartments Tranch1 PO 101701801(R1),Supply Of INSS1440,Firestop/ DC 315,Fire,32400,AED,Waleed B.M.,Order
9318,Q-1192-F7791,FIRESTOP,10 May 2017,IQ,Modern B.C.,DUBAILAND 2B(Parking) +G+9+Typical RC-D-030 LWO 108/30,SUPPLY OF INSS1186,Firestop/ DC 315,Fire,2400,AED,Samar T.,Order
9319,Q-1192-F7790,FIRESTOP,10 May 2017,IQ,Al S.I.,FIRESTOPPING PROJECT,SUPPLY OF MVL FIRESTOP MATERIALS,Firestop/ DC 315,Fire,2076.1,AED,Waleed B.M.,Quotation
9320,Q-1192-F7789,FIRESTOP,10 May 2017,IQ,Al Q.G.,G+6 Podium Parking+Health Club+2 Service Floors+31 Storey Residential Tower Plot No 808 Al Khan Sharjah,Supply Of MEP Materials,Firestop/ DC 315,Fire,144822,AED,Waleed B.M.,Quotation
9321,Q-1192-F7788,FIRESTOP,09 May 2017,IQ,Central C.L.,B+G+M+3+GYM+ROOF @ GARHOUD DUBAI LPO 200375 Job# 652,Supply Of INSS1440,Firestop/ DC 315,Fire,1250,AED,Samar T.,Order
9322,Q-1192-F7787,FIRESTOP,08 May 2017,IQ,Jelfar S.E.,G+6 Albaesha Project # 1602/AC/10 Global #10040 LPO 11440,SUPPLY OF MVL FIRESTOP MATERIALS,Firestop/ DC 315,Fire,8175,AED,Waleed B.M.,Order
9323,Q-1192-F7786,FIRESTOP,08 May 2017,IQ,United F.G.,"The Residential Villa Nad Al Shibai, Dubai LPO# VIL004",SUPPLY OF INSS1186,Firestop/ DC 315,Fire,33000,AED,Samar T.,Order
9324,Q-1192-F7785,FIRESTOP,08 May 2017,IQ,United F.G.,CELESTIA Hotel Apartment DIP 2 Dubai-LPO#CEL016,Supply Of D64T50,Firestop/ DC 315,Fire,10200,AED,Samar T.,Order
9325,Q-1192-F7784,FIRESTOP,07 May 2017,IQ,Golden F.M.,FIRESTOPPING PROJECT,SUPPLY OF INSS2460,Firestop/ DC 315,Fire,30,AED,Waleed B.M.,Quotation
9326,Q-1192-F7783,FIRESTOP,07 May 2017,IQ,Becon C.C.,FIRESTOPPING PROJECT,SUPPLY OF INSS2460,Firestop/ DC 315,Fire,34,AED,Waleed B.M.,Quotation
9327,Q-1192-C6054,FIRESTOP,07 May 2017,IQ,Al R.I.,DUBCO PROJECT,SUPPLY OF MV LAPOLLA 2500/3,Polyurethane Foam,Chemicals,152280,AED,Waleed B.M.,Order
9328,Q-1192-F7782,FIRESTOP,03 May 2017,IQ,Khalifa L.C.,FIRESTOPPING PROJECT,SUPPLY OF MVL FIRESTOP MATERIALS,Firestop/ DC 315,Fire,1821.3,AED,Samar T.,Quotation
9329,Q-1192-F7781,FIRESTOP,03 May 2017,IQ,Modern B.C.,"PROPOSED 2B+G+6+R (4 Star - HOTEL BUILDING),PLOT NO. 3734536 LWO 116/21",SUPPLY OF INSS1186,Firestop/ DC 315,Fire,6000,AED,Samar T.,Order
9330,Q-1192-F7780,FIRESTOP,03 May 2017,IQ,Modern B.C.,B+G+1P+10+R Nadd Al Hamar Plot # 416-8067 LWO 117/28,SUPPLY OF MVL FIRESTOP MATERIALS,Firestop/ DC 315,Fire,6360,AED,Samar T.,Order
9331,Q-1616-S9071A,MACRO,03 May 2017,IQ,Regional C.C.,W912D2-16-P-0035 Perimeter Barriers,Perimeter Barriers,Subcontract,Services,443632.06,USD, ,Quotation
9332,Q-1192-F7779,FIRESTOP,02 May 2017,IQ,Abargaan ,IRAN PROJECT,SUPPLY OF MVL FIRESTOP MATERIALS,Firestop/ DC 315,Fire,29327,AED,Samar T.,Quotation
9333,Q-1005-E6986,MACRO,02 May 2017,IQ,Us E.A.,PR6189378 (600X600 LED Light Fixtures For Non CAA Offices),PR6189378 (600X600 LED Light Fixtures For Non CAA Offices),Electrical,Electrical,216605,USD,Maricar I.,Quotation
9334,Q-1192-F7778,FIRESTOP,02 May 2017,IQ,Aic C.L.,PROPOSED HOTEL BUILDING 2B+G+14 Floor+Roof On Plot No. 326-1450 At Al Jaddaf -Dubai UAE LPO 006186,Supply Of MVL Inspection Label,Firestop/ DC 315,Fire,20000,AED,Waleed B.M.,Order
9335,Q-1192-F7777,FIRESTOP,02 May 2017,IQ,Abdul R.T.,FIRESTOPPING PROJECT,SUPPLY OF MVL FIRESTOP MATERIALS,Firestop/ DC 315,Fire,409,AED,Waleed B.M.,Quotation
9336,Q-1192-F7776,FIRESTOP,01 May 2017,IQ,Central C.L.,B+G+M+3+GYM+ROOF @ GARHOUD DUBAI LPO 200373 Job# 653,Supply Of INSS1440-310ml Tube,Firestop/ DC 315,Fire,1500,AED,Venoth T.A.,Order
9337,Q-1616-S9071,MACRO,01 May 2017,IQ,Regional C.C.,W912D2-16-P-0035 Perimeter Barriers,Perimeter Barriers,Subcontract,Services,826752.44,USD, ,Quotation
9338,Q-1192-F7775,FIRESTOP,30 Apr 2017,IQ,Al K.b.,B+G+2P+10 Building At Al Furjan Dubai Job # P-123 LPO10308,SUPPLY OF INSS1186-5G PAIL,Firestop/ DC 315,Fire,20000,AED,Waleed B.M.,Order
9339,Q-1192-F7774,FIRESTOP,30 Apr 2017,IQ,Al A.E.,G+9+R @ AL JADDAF P830 (SS/17LPO/647),SUPPLY OF MVL FIRESTOP MATERIALS,Firestop/ DC 315,Fire,10769.6,AED,Samar T.,Order
9340,RFQ-1569-S9071,MACRO,30 Apr 2017,RFQ,Floorworld L.,Reception Area Renovation,Supply And Installation Of Vinyl Flooring (Reception Area),Subcontract,Services,2232.34,AED, ,Order
9341,Q-1192-F7773,FIRESTOP,30 Apr 2017,IQ,Al A.C.,B+G+ 1 FLOOR RAS AL KHOR 2 DUBAI / PLOT NO 6130769,Supply Of CJ Materials,Firestop/ DC 315,Fire,31242,AED,Waleed B.M.,Quotation
9342,Q-1192-C6053,FIRESTOP,27 Apr 2017,IQ,Al R.I.,AL RAFID INSULATION PROJECT -PO # 751,SUPPLY OF MV-LAPOLLA 2500/2,Polyurethane Foam,Chemicals,26790,AED,Waleed B.M.,Order
9343,Q-1192-C6052,FIRESTOP,27 Apr 2017,IQ,Al R.I.,AL RAFID INSULATION PROJECT-LPO # 752,SUPPLY OF MV-LAPOLLA 2500/3,Polyurethane Foam,Chemicals,33840,AED,Waleed B.M.,Order
9344,Q-1192-F7771,FIRESTOP,26 Apr 2017,IQ,United F.G.,"CONSTELLA APARTMENT PROJECT, MBCC, Damac JVC1 LPO CON008",SUPPLY OF INSS1186,Firestop/ DC 315,Fire,39600,AED,Samar T.,Order
9345,Q-1192-F7770,FIRESTOP,26 Apr 2017,IQ,Azar S.,Lebanon Project,Supply Of MVL Firestop Materials,Firestop/ DC 315,Fire,922,USD,Karim E.,Quotation
9346,Q-1192-F7769,FIRESTOP,26 Apr 2017,IQ,Ideal C.,"RENOVATION OF 12 FLOOR (28TH FLOOR -40TH FLOOR) -YASSAT GLORIA HOTEL TECOM ,DUBAI",SUPPLY OF MVL FIRESTOP MATERIALS,Firestop/ DC 315,Fire,72370.5,AED,Waleed B.M.,Quotation
9347,Q-1192-F7768,FIRESTOP,26 Apr 2017,IQ,Al R.E.,Al Zahia Garden Apartment @ Sharjah Job#2430 PO 044831,Supply Of MVL Firestop Materials,Firestop/ DC 315,Fire,63210,AED,Waleed B.M.,Order
9348,Q-1192-F7767,FIRESTOP,26 Apr 2017,IQ,Dubco C.L.,"Dubai Police Detention 814-917, Al Rowaiyah 3rd LPO/T 270417-03912",SUPPLY OF MVL FIRESTOP MATERIALS,Firestop/ DC 315,Fire,2680,AED,Waleed B.M.,Order
9349,Q-1192-F7766,FIRESTOP,26 Apr 2017,IQ,Al Q.B.,Zahia Garden Apartment (Tranche1) MAF 1170 PO # 101701364,Supply Of INSS1186 Elastomeric Fire Caulk,Firestop/ DC 315,Fire,48840,AED,Waleed B.M.,Order
9350,RFQ-1094-V4352,MACRO,26 Apr 2017,RFQ,Green F.T.,MVL Proposals,Plan Swift 10.1 Take Off Software,Misc.,Various,4600,AED,Maricar I.,Order
9351,RFQ-1192-C6051,FIRESTOP,26 Apr 2017,RFQ,Basf K.P.,Supply Of Polyurethane Elastospray 1611/17 And 1612/46,Elastospray 1611/17 And 1612/46,Polyurethane Foam,Chemicals,324300,AED, ,Order
9352,Q-1192-F7765,FIRESTOP,25 Apr 2017,IQ,Reem C.C.,Vantage Tower G+4P+28+Roof Project Code J004 LPO7696,SUPPLY OF INSS1186,Firestop/ DC 315,Fire,31250,AED,Samar T.,Order
9353,Q-1005-L4044,MACRO,24 Apr 2017,IQ,Desa I.,Air Freight Charges From Germany To Dubai,Air Freight Charges From Germany To Dubai,Transportation,Logistics,633.68,USD,Tamraz M.,Order
9354,Q-1192-C6050,FIRESTOP,24 Apr 2017,IQ,Al R.I.,DUBCO PROJECT,SUPPLY OF PU,Polyurethane Foam,Chemicals,50760,AED,Waleed B.M.,Order
9355,Q-1192-F7764,FIRESTOP,24 Apr 2017,IQ,Universal R.C.,FIRESTOPPING PROJECT,Supply Of DC333,Firestop/ DC 315,Fire,43836,AED,Samar T.,Quotation
9356,Q-1192-F7763,FIRESTOP,24 Apr 2017,IQ,Al K.b.,B+G+2P+10 Building At Al Furjan Dubai Job # P-123 LPO10248,SUPPLY OF INSS1440-5G PAIL,Firestop/ DC 315,Fire,8120,AED,Waleed B.M.,Order
9357,Q-1192-F7762,FIRESTOP,24 Apr 2017,IQ,Al K.b.,B+G+2P+10 Building At Al Furjan Dubai Job # P-123 LPO10242,Supply Of INSS1440-5G Pail,Firestop/ DC 315,Fire,1160,AED,Waleed B.M.,Order
9358,Q-1615-S9074,MACRO,24 Apr 2017,IQ,Regional C.C.,W912D2-16-D-0002-1625 1-43 ADA TROPO Platform,W912D2-16-D-0002-1625 1-43 ADA TROPO Platform,Subcontract,Services,207536.78,USD, ,Quotation
9359,Q-1192-F7761,FIRESTOP,24 Apr 2017,IQ,White A.L.,FIRESTOPPING PROJECT,INSS1186 And INSS1440,Firestop/ DC 315,Fire,753,AED,Samar T.,Quotation
9360,Q-1192-C6049,FIRESTOP,24 Apr 2017,IQ,Al R.I.,DUBCO PROJECT,SUPPLY OF PU,Polyurethane Foam,Chemicals,25380,AED,Waleed B.M.,Order
9361,Q-1192-F7760,FIRESTOP,24 Apr 2017,IQ,White A.L.,FIRESTOPPING PROJECT,"Supply Of INSS2460, INSS1186 And INSS1440",Firestop/ DC 315,Fire,96.9,AED,Samar T.,Quotation
9362,Q-1192-F7759,FIRESTOP,20 Apr 2017,IQ,Al A.C.,G+4 RESIDENTIAL BUILDING Al Qusais Plot #232-469 (LPO # 4001),SUPPLY OF MVL FIRESTOP MATERIALS,Firestop/ DC 315,Fire,9400,AED,Waleed B.M.,Order
9363,Q-417-3766,FIRESTOP,19 Apr 2017,IQ,Style H.R.,G+30 SHARJAH,SUPPLY OF MVL FIRESTOP MATERIALS,Firestop/ DC 315,Fire,25251,AED,Samar T.,Quotation
9364,Q-1192-C6048,FIRESTOP,19 Apr 2017,IQ,Al R.I.,DUBCO PROJECT,SUPPLY OF PU,Polyurethane Foam,Chemicals,16920,AED,Waleed B.M.,Order
9365,Q-1192-F7757,FIRESTOP,19 Apr 2017,IQ,Artisan T.&.,ABU DHABI PROJECT,Supply Of DC68 Spray To Protect,Firestop/ DC 315,Fire,2350,AED,Samar T.,Quotation
9366,Q-1192-F7756,FIRESTOP,19 Apr 2017,IQ,Engineering C.&.,CRC100061-Commercial/Residential 2B+G+14+HC (Roof) & 2B+G+14+HC (Roof) At Jadaf Dubai,Supply Of CJ MATERIALS,Firestop/ DC 315,Fire,682.2,AED,Samar T.,Quotation
9367,Q-1192-F7755,FIRESTOP,18 Apr 2017,IQ,Royal I.C.,"G+4P+15 JV RESIDENTAL TOWER A JVC17TCP020A, JUMEIRAH VILLAGE CIRCLE (LPOs 14984 And 15059)",SUPPLY OF CJ MATERIALS,Firestop/ DC 315,Fire,10206,AED,Waleed B.M.,Order
9368,Q-1192-F7754,FIRESTOP,18 Apr 2017,IQ,Max E.G.,FIRESTOPPING PROJECT,SUPPLY OF INSS2460-600ml,Firestop/ DC 315,Fire,82500,AED,Venoth T.A.,Quotation
9369,RFQ-1192-C6047,FIRESTOP,18 Apr 2017,RFQ,Basf K.P.,Supply Of Polyurethane Elastospray 1611/17 And 1612/46,Elastospray 1611/17 And 1612/46,Polyurethane Foam,Chemicals,230300,AED, ,Order
9370,Q-1192-F7753,FIRESTOP,18 Apr 2017,IQ,Transemirates C.,"PROPOSED B+G+13+R PLOT NO. 4168069  AT NADD AL HAMAR, DUBAI",Supply Of MEP Materials,Firestop/ DC 315,Fire,95275,AED,Waleed B.M.,Quotation
9371,Q-1192-F7752,FIRESTOP,18 Apr 2017,IQ,Transemirates C.,"PROPOSED B+G+13+R PLOT NO. 4168069  AT NADD AL HAMAR, DUBAI",SUPPLY OF CJ MATERIALS,Firestop/ DC 315,Fire,36890,AED,Waleed B.M.,Quotation
9372,Q-1192-F7751,FIRESTOP,18 Apr 2017,IQ,Transemirates C.,"PROPOSED B+G+1P+10+R PLOT NO:4168083  AT NADD AL HAMAR, DUBAI",Supply Of MEP Materials,Firestop/ DC 315,Fire,76811,AED,Waleed B.M.,Quotation
9373,Q-1192-F7750,FIRESTOP,18 Apr 2017,IQ,Transemirates C.,"PROPOSED B+G+1P+10+R PLOT NO:4168083  AT NADD AL HAMAR, DUBAI",SUPPLY OF CJ MATERIALS,Firestop/ DC 315,Fire,30324,AED,Waleed B.M.,Quotation
9374,Q-1192-C6045,FIRESTOP,17 Apr 2017,IQ,Al R.I.,Dubco Project,Supply Of PU,Polyurethane Foam,Chemicals,25380,AED,Waleed B.M.,Order
9375,Q-1192-F7749,FIRESTOP,17 Apr 2017,IQ,United F.G.,"Cambridge Medical Center, Abu Dhabi",Supply Of DC68 Spray To Protect,Firestop/ DC 315,Fire,2500,AED,Samar T.,Quotation
9376,Q-1192-F7748,FIRESTOP,17 Apr 2017,IQ,Mas-al S.A.,"Proposed G+5P+20 Story Building On Plot No: 239, Al Nahda 5, Sharjah",Supply Of INSS2460,Firestop/ DC 315,Fire,429000,AED,Samar T.,Quotation
9377,Q-1192-F7745,FIRESTOP,17 Apr 2017,IQ,City C.C.,B+G+10 Residential Buidling Wadi Al Safa 3 Plot No. 645-8125 LPO 10499 MRF 1897,Supply Of CFS01 And D120T50,Firestop/ DC 315,Fire,8512.5,AED,Waleed B.M.,Order
9378,Q-1192-F7744,FIRESTOP,16 Apr 2017,IQ,Al H.C.,P-140-10 2B+G+2P+18+R Hotel Bldg On Plot 346-556 Business Bay PO0033146,SUPPLY OF MVL FIRESTOP MATERIALS,Firestop/ DC 315,Fire,20342,AED,Waleed B.M.,Order
9379,Q-1192-F7743,FIRESTOP,16 Apr 2017,IQ,Adams F.(.,Pakistan Territory,Supply Of MVL Firestop Materials,Firestop/ DC 315,Fire,3226.86,USD,Samar T.,Quotation
9380,Q-1005-L4043,MACRO,16 Apr 2017,IQ,Desa I.,Air Freight Charges From Germany To Dubai,Air Freight Charges From Germany To Dubai,Transportation,Logistics,752.5,USD,Tamraz M.,Order
9381,Q-1005-L4042,MACRO,16 Apr 2017,IQ,Desa I.,Air Freight Charges From Germany To Dubai,Air Freight Charges From Germany To Dubai,Transportation,Logistics,2924,USD,Tamraz M.,Order
9382,Q-1192-F7742,FIRESTOP,16 Apr 2017,IQ,Reem C.C.,Vantage Tower G+4P+28+Roof  Project Code J004,Supply Of INSS1186-5G,Firestop/ DC 315,Fire,1250,AED,Samar T.,Order
9383,Q-1192-F7741,FIRESTOP,13 Apr 2017,IQ,Jelfar S.E.,G+6 Project In Al Barsha MRV 1602//AC//21 GL 10021 (LPO 11222),SUPPLY OF MVL FIRESTOP MATERIALS,Firestop/ DC 315,Fire,8175,AED,Waleed B.M.,Order
9384,Q-1192-F7740,FIRESTOP,13 Apr 2017,IQ,Aic C.L.,PROPOSED HOTEL BUILDING 2B+G+14 Floor+Roof On Plot No. 326-1450 At Al Jaddaf -Dubai UAE 006144,SUPPLY OF MVL FIRESTOP MATERIALS,Firestop/ DC 315,Fire,6800,AED,Waleed B.M.,Order
9385,Q-1005-E6985,MACRO,13 Apr 2017,IQ,Reliance P.C.,Supply Of Electric Cables - Kabul,Supply Of Electric Cables - Kabul,Electrical,Electrical,282686,USD,Mahesh B.,Quotation
9386,Q-1192-C6044,FIRESTOP,13 Apr 2017,IQ,Dubai O.M.,Maintenance Of Dubai Outlet Mall,Supply Of PU,Polyurethane Foam,Chemicals,260,AED,Samar T.,Quotation
9387,Q-1192-F7739,FIRESTOP,12 Apr 2017,IQ,Al H.C.,P-142-10 (B+G+22F) HOTEL BLDG On Plot No. 3920454 @ Marsa Dubai LPO 0033085,SUPPLY OF MVL FIRESTOP MATERIALS,Firestop/ DC 315,Fire,46272,AED,Waleed B.M.,Order
9388,Q-1192-C6043,FIRESTOP,12 Apr 2017,IQ,Falah H.C.,Iraq Project,Supply Of PU Foam,Polyurethane Foam,Chemicals,2305,USD,Karim E.,Quotation
9389,Q-1192-C6042,FIRESTOP,12 Apr 2017,IQ,Media P.I.,Abu Dhabi City Escape,Supply Of DC68 Spray To Protect,Polyurethane Foam,Chemicals,3200,AED,Ramshad K.,Order
9390,Q-1192-C6041,FIRESTOP,12 Apr 2017,IQ,Combined G.C.,232 Villas In Umm Al Quwain,Supply And Application Of PU Foam,Polyurethane Foam,Chemicals,230,AED,Samar T.,Quotation
9391,Q-1192-F7738,FIRESTOP,11 Apr 2017,IQ,Al A.C.,"Proposed Construction Of B+G+Roof Farmhouse  On PlotNo.271-282 At Wadi  Al Amaradi, Dubai, Al Arif Job # 530",SUPPLY OF CJ MATERIALS,Firestop/ DC 315,Fire,760,AED,Samar T.,Order
9392,Q-1192-F7737,FIRESTOP,11 Apr 2017,IQ,Globeclad F.R.,FIRESTOPPING PROJECT,Supply Of INSS2460-600ml,Firestop/ DC 315,Fire,91.2,AED,Venoth T.A.,Order
9393,Q-1192-F7736,FIRESTOP,11 Apr 2017,IQ,Al M.C.,Proposed Building B+G+ 6typ + 7th Floor + Roof Plot No. Ic3-bo3 Nad Al Shiba,SUPPLY OF MVL FIRESTOP MATERIALS,Firestop/ DC 315,Fire,46896,AED,Waleed B.M.,Quotation
9394,Q-1192-F7735,FIRESTOP,10 Apr 2017,IQ,Dubco C.L.,682-145 Dubai Sports City,Supply Of INSS1440 Fire Barrier Caulk,Firestop/ DC 315,Fire,7000,AED,Waleed B.M.,Order
9395,Q-1192-F7734,FIRESTOP,10 Apr 2017,IQ,Dubco C.L.,Dubai Police Detention,Supply Of MVL Firestop Materials,Firestop/ DC 315,Fire,11126,AED,Waleed B.M.,Order
9396,Q-1192-F7733,FIRESTOP,10 Apr 2017,IQ,Al K.b.,B+G+2P+10 Building At Al Furjan Dubai,Supply Of INSS1440 Fire Barrier Caul,Firestop/ DC 315,Fire,2320,AED,Waleed B.M.,Order
9397,Q-1192-F7732,FIRESTOP,09 Apr 2017,IQ,Steve C.,FIRESTOPPING PROJECT,Supply Of DC68,Firestop/ DC 315,Fire,200,AED,Karim E.,Order
9398,Q-1192-F7731,FIRESTOP,09 Apr 2017,IQ,Modern B.C.,B+G+1P+10+R Nadd Al Hamar Plot # 416-8067 LPO 117/26,Supply Of INSS1186 And D64T50,Firestop/ DC 315,Fire,3180,AED,Samar T.,Order
9399,Q-1192-F7730,FIRESTOP,09 Apr 2017,IQ,Dubco C.L.,Immigration Detention On Plot No.8140917 Al Rowwaiyah Third,Supply Of MVL Firestop Materials,Firestop/ DC 315,Fire,11126,AED,Waleed B.M.,Quotation
9400,Q-1192-F7729,FIRESTOP,09 Apr 2017,IQ,Dubco C.L.,2B+G+24FLR +HC DUBAI SPORTS CITY PLOT 682-145(R3a-10) LPO/T 230517-04272,Supply Of MVL Firestop Materials,Firestop/ DC 315,Fire,7000,AED,Waleed B.M.,Order
9401,Q-1192-F7728,FIRESTOP,06 Apr 2017,IQ,Transemirates C.,"Proposed B+G+2+R Commercial & Residential Building Jumeirah First, Plot No. 3321486, JOB NO. ART-2015-13",SUPPLY OF CIVIL  FIRESTOP MATERIALS,Firestop/ DC 315,Fire,14586,AED,Waleed B.M.,Quotation
9402,Q-1005-V4452,MACRO,06 Apr 2017,IQ,American E.-.,PR6195206,Multi-system/multi-voltage Television Units,Misc.,Various,54410,USD,Marman I.,Quotation
9403,Q-1192-F7727,FIRESTOP,06 Apr 2017,IQ,Camille G.T.,Used For 20ft Long Container Van,Supply Of D64T50,Firestop/ DC 315,Fire,3108,AED,Karim E.,Quotation
9404,Q-1192-F7726,FIRESTOP,06 Apr 2017,IQ,Modern B.C.,"PROPOSED 2B+G+6+R (4 Star - HOTEL BUILDING),PLOT NO. 3734536 LWO 116/19",SUPPLY OF CJ MATERIALS,Firestop/ DC 315,Fire,6360,AED,Samar T.,Order
9405,Q-1192-F7725,FIRESTOP,05 Apr 2017,IQ,Geco M.&.,Commercial Building @ Garhoud,SUPPLY OF MVL FIRESTOP MATERIALS,Firestop/ DC 315,Fire,291495,AED,Waleed B.M.,Quotation
9406,Q-1192-F7724,FIRESTOP,05 Apr 2017,IQ,Globeclad F.F.,BLA Majestine Hotel-PO MJPOD/17/41,Supply Of INSS2460-600ml,Firestop/ DC 315,Fire,12160,AED,Venoth T.A.,Order
9407,Q-1192-F7723,FIRESTOP,05 Apr 2017,IQ,Modern B.C.,"PROPOSED 2B+G+6+R (4 Star - HOTEL BUILDING),PLOT NO. 3734536 LWO 116/20",Supply Of INSS1186,Firestop/ DC 315,Fire,12000,AED,Samar T.,Order
9408,Q-1192-F7722,FIRESTOP,04 Apr 2017,IQ,City C.C.,B+G+10 Residential Buidling Wadi Al Safa 3 Plot No. 645-8125 LPO 10465 MRF 1892,SUPPLY OF MVL FIRESTOP MATERIALS,Firestop/ DC 315,Fire,13611.66,AED,Waleed B.M.,Order
9409,Q-1192-F7721,FIRESTOP,04 Apr 2017,IQ,Al F.A.,FIRESTOPPING PROJECT,SUPPLY OF INSS2460,Firestop/ DC 315,Fire,31,AED,Samar T.,Quotation
9410,Q-417-3712,FIRESTOP,04 Apr 2017,IQ,Al K.b.,B+G+2P+7 Building At Al Furjan Dubai Job# P-125 LPO10078,SUPPLY OF INSS1186,Firestop/ DC 315,Fire,25000,AED,Waleed B.M.,Order
9411,Q-1192-F7720,FIRESTOP,04 Apr 2017,IQ,Motive A.&.,Project For External Aluminium Cladding,SUPPLY OF INSS2460,Firestop/ DC 315,Fire,27300,AED,Samar T.,Quotation
9412,Q-1192-F7719,FIRESTOP,04 Apr 2017,IQ,Naresco C.L.,S # 140 B+G+2P+10 Plot No 6769063 (AKOYA) LPO #2456,"SUPPLY OF INSS1186, BR, D64T50",Firestop/ DC 315,Fire,9255,AED,Waleed B.M.,Order
9413,Q-1192-C6040,FIRESTOP,04 Apr 2017,IQ,Al R.I.,"Dubco Al Quoz, 159 Villas",Supply Of MV Lapolla 2500/3,Polyurethane Foam,Chemicals,23265,AED,Waleed B.M.,Order
9414,Q-1192-F7717,FIRESTOP,03 Apr 2017,IQ,Al A.E.,G+9+R @ AL JADDAF P830 (SS/17LPO/516) REV1,SUPPLY OF MVL FIRESTOP MATERIALS,Firestop/ DC 315,Fire,10569.6,AED,Samar T.,Order
9415,Q-1192-F7716,FIRESTOP,03 Apr 2017,IQ,City C.C.,B+G+4 Residental Building Jumeirah Village Plot No. JVC13FMRP003 LPO 10713,SUPPLY OF MVL FIRESTOP MATERIALS,Firestop/ DC 315,Fire,33893.87,AED,Waleed B.M.,Order
9416,Q-1192-F7715,FIRESTOP,02 Apr 2017,IQ,Transemirates C.,"B+G+1P+10+R Commercial & Residential Building, Plot No:416-8080 At Nad Al Hammar,Dubai,UAE For Shaikha Meriam Sultan Suroor Al Dahiri",SUPPLY OF MVL FIRESTOP MATERIALS,Firestop/ DC 315,Fire,1098,AED,Waleed B.M.,Quotation
9417,Q-1192-C6039,FIRESTOP,02 Apr 2017,IQ,Al R.I.,Dubco Project,Supply Of Lapolla,Polyurethane Foam,Chemicals,42652.5,AED,Waleed B.M.,Order
9418,Q-1192-F7714,FIRESTOP,02 Apr 2017,IQ,Belgium A.a.,FIRESTOPPING PROJECT,Supply Of INSS2460-600ml Sausage,Firestop/ DC 315,Fire,44850,AED,Karim E.,Quotation
9419,Q-1192-F7713,FIRESTOP,02 Apr 2017,IQ,Jelfar S.E.,G+6 Project In Al Barsha MRV 1602//AEL//55 GL 12804 (LPO 11834),Supply Of FM011,Firestop/ DC 315,Fire,5002,AED,Waleed B.M.,Order
9420,Q-417-3701,FIRESTOP,02 Apr 2017,IQ,Dubco C.L.,Mosque Project In Silicon Oasis,Supply Of INSS2460 And D120T50,Firestop/ DC 315,Fire,660,AED,Waleed B.M.,Order
9421,Q-1192-F7712,FIRESTOP,02 Apr 2017,IQ,Adnan C.C.,Dubaihealth Project,Supply Of D120T50,Firestop/ DC 315,Fire,1090,AED,Waleed B.M.,Order
9422,RFQ-1192-F7711,FIRESTOP,02 Apr 2017,RFQ,Green F.T.,MVL FIRESTOP INVENTORY MATERIALS,7TH ORDER - ADDITIONAL MVL FIRESTOP INVENTORY MATERIALS,Firestop/ DC 315,Fire,6240,USD, ,Order
9423,Q-1192-F7710,FIRESTOP,02 Apr 2017,IQ,Eurocon M.I.,FIRESTOPPING PROJECT,SUPPLY OF INSS2460,Firestop/ DC 315,Fire,195000,AED,Venoth T.A.,Quotation
9424,Q-1192-F7709,FIRESTOP,30 Mar 2017,IQ,Trojan G.C.,"CITY OF LIGHTS TOWER E1 AND E2,AL REEM ISLAND",Supply Of BACKING ROD,Firestop/ DC 315,Fire,100000,AED,Samar T.,Quotation
9425,Q-317-3696,MACRO,30 Mar 2017,IQ,Imis T.S.,Supply Of HR Steel Plates,Supply Of HR Steel Plates,Building Materials,Various,36000,USD, ,Quotation
9426,Q-1192-F7708,FIRESTOP,30 Mar 2017,IQ,Al A.E.,P-835 Al Ghurair Building,SUPPLY OF MVL FIRESTOP MATERIALS,Firestop/ DC 315,Fire,36989,AED,Samar T.,Quotation
9427,RFQ-1192-F7707,FIRESTOP,30 Mar 2017,RFQ,Green F.T.,MVL FIRESTOP INVENTORY MATERIALS,8TH ORDER FIRESTOP MATERIALS,Firestop/ DC 315,Fire,79800,USD, ,Order
9428,RFQ-1610-S9072,MW-OCS,30 Mar 2017,RFQ,Metron I.,"QR-123, W912D2-16C-0015 Project 5002 Upgrades To Fuel Supply Of OPS Generator At Camp As  Sayliyah - South (CAS-S)",ORD-1610-S9071-1 Fuel Upgrade Subcontract,Subcontract,Services,460000,USD, ,Order
9429,Q-1192-F7706,FIRESTOP,30 Mar 2017,IQ,Al W.T.,G+14 TF BUILDING AT SPORTS CITY,SUPPLY OF INSS2460,Firestop/ DC 315,Fire,32.5,AED,Venoth T.A.,Quotation
9430,RFQ-1581-V4251,MW-OCS,30 Mar 2017,RFQ,Opkons Y.V.,W912D2-16-C-0115~Fuel Tank Enhancements At CAS-South,Various Materials For W912D2-16-C-0115~Fuel Tank Enhancements At CAS-South,Building Materials,Various,78426.66,USD, ,Order
9431,Q-1192-F7705,FIRESTOP,30 Mar 2017,IQ,Khansaheb C.E.,"Ajman City Centre Expansion,Project No. 011/008",SUPPLY OF CJ MATERIALS,Firestop/ DC 315,Fire,54464,AED,Samar T.,Quotation
9432,Q-1192-F7704,FIRESTOP,30 Mar 2017,IQ,Cj T.C.,B+G+5+Residential @ International City 306,SUPPLY OF MEP MATERIALS,Firestop/ DC 315,Fire,32692.5,AED,Venoth T.A.,Quotation
9433,Q-1192-F7703,FIRESTOP,29 Mar 2017,IQ,European A.&.,Premier Inn Hotel Al Jaddaf Project Job Reference 16/31 56,Supply Of INSS2460-600ml Sausage,Firestop/ DC 315,Fire,22400,AED,Samar T.,Order
9434,Q-1005-L4041,MACRO,29 Mar 2017,IQ,Vista I.F.,Transportation Charges From Al Quoz To DWC,Transportation Charges From Al Quoz To DWC,Transportation,Logistics,200,AED,Tamraz M.,Order
9435,Q-1192-F7702,FIRESTOP,29 Mar 2017,IQ,Hussain A.T.,FIRESTOPPING PROJECT,Supply Of INSS2460,Firestop/ DC 315,Fire,35.64,AED,Venoth T.A.,Quotation
9436,Q-1192-F7701,FIRESTOP,29 Mar 2017,IQ,Al A.E.,G+9+R @ AL JADDAF,SUPPLY OF MVL FIRESTOP MATERIALS,Firestop/ DC 315,Fire,36162.5,AED,Samar T.,Quotation
9437,Q-1192-F7700,FIRESTOP,28 Mar 2017,IQ,Chirag C.L.,FIRESTOPPING PROJECT,SUPPLY OF INSS1186-LM,Firestop/ DC 315,Fire,695.4,AED,Waleed B.M.,Quotation
9438,Q-1192-F7699,FIRESTOP,27 Mar 2017,IQ,Al H.C.,P-140-10 2B+G+2P+18+R Hotel Bldg On Plot 346-556 Business Bay PO0032481,SUPPLY OF MVL FIRESTOP MATERIALS,Firestop/ DC 315,Fire,11593,AED,Waleed B.M.,Order
9439,Q-1192-F7698,FIRESTOP,27 Mar 2017,IQ,Central C.L.,B+G+4 Two Residential Buildings,SUPPLY OF FP04+,Firestop/ DC 315,Fire,365,AED,Venoth T.A.,Order
9440,Q-1192-F7697,FIRESTOP,27 Mar 2017,IQ,European A.&.,Premier Inn Hotel Al Jaddaf Project Job Reference 16/31 53,Supply Of INSS2460-600ml Sausage,Firestop/ DC 315,Fire,22400,AED,Samar T.,Order
9441,Q-1192-F7696,FIRESTOP,27 Mar 2017,IQ,Waseela -.I.,Hills Project,Supply Of INSS1440,Firestop/ DC 315,Fire,709,AED,Samar T.,Order
9442,Q-1192-F7695,FIRESTOP,26 Mar 2017,IQ,Omis C.C.,191- JOB# 136-B+G+1st+ROOF Al Juraina Mall PO-10922,SUPPLY OF INSS1186,Firestop/ DC 315,Fire,34500,AED,Samar T.,Order
9443,Q-1192-F7694,FIRESTOP,26 Mar 2017,IQ,Al H.C.,"P-136-10 - (3B+G+3P+16) On Plot No. 345-411 At Burj Khalifa, Dubai PO0032623",SUPPLY OF MVL FIRESTOP MATERIALS,Firestop/ DC 315,Fire,26734,AED,Waleed B.M.,Order
9444,Q-1005-V4451,MACRO,23 Mar 2017,IQ,Usace ,"W912ER-17-T-0012 - Panelboards, Switchboard, Load Center","Panelboards, Switchboard, Load Center",Misc.,Various,87186.6,USD,Maricar I.,Quotation
9445,Q-1005-V4450,MACRO,23 Mar 2017,IQ,Usace ,"W912ER-17-T-0015 : Camp Freiwald Panelboards, Switchboards, And Load Centers","Camp Freiwald Panelboards, Switchboards, And Load Centers",Misc.,Various,21098,USD,Maricar I.,Quotation
9446,Q-1005-V4449,MACRO,23 Mar 2017,IQ,Usace ,"W912ER-17-T-0014 : Panelboards, Switchboards, And Load Centers","Panelboards, Switchboards, And Load Centers",Misc.,Various,48863.85,USD,Maricar I.,Quotation
9447,Q-1005-V4448,MACRO,23 Mar 2017,IQ,Usace ,"W912ER-17-T-0013 : Panelboards, Switchboards, And Load Centers","Panelboards, Switchboards, And Load Centers",Misc.,Various,182887.22,USD,Maricar I.,Quotation
9448,Q-1192-F7693,FIRESTOP,22 Mar 2017,IQ,Aluminium &.L.,FIRESTOPPING PROJECT,SUPPLY OF INSS2460-600ml,Firestop/ DC 315,Fire,33,AED,Samar T.,Quotation
9449,Q-1192-F7692,FIRESTOP,21 Mar 2017,IQ,Media P.I.,Interpol Conference @ Adnec,Supply Of DC68-5G Pail,Firestop/ DC 315,Fire,2350,AED,Ramshad K.,Order
9450,RFQ-1192-F7691,FIRESTOP,21 Mar 2017,RFQ,Green F.T.,MVL FIRESTOP INVENTORY MATERIALS,7TH ORDER FIRESTOP MATERIALS,Firestop/ DC 315,Fire,74237.4,USD, ,Order
9451,Q-1192-F7690,FIRESTOP,21 Mar 2017,IQ,Dubco C.L.,G+13 Residential Building Plot 231-319 Al Nahda Dubai LPO/T 200317-03390,SUPPLY OF MVL FIRESTOP MATERIALS,Firestop/ DC 315,Fire,9316,AED,Waleed B.M.,Order
9452,Q-1192-F7689,FIRESTOP,21 Mar 2017,IQ,Dubco C.L.,2B+G+24FLR +HC DUBAI SPORTS CITY PLOT 682-145(R3a-10) LPO/T 200317-03389,SUPPLY OF MVL FIRESTOP MATERIALS,Firestop/ DC 315,Fire,17517,AED,Waleed B.M.,Order
9453,Q-1192-F7688,FIRESTOP,20 Mar 2017,IQ,Naresco C.L.,Nadd Al Hamar Project,SUPPLY OF MVL FIRESTOP MATERIALS,Firestop/ DC 315,Fire,1098,AED,Waleed B.M.,Quotation
9454,Q-1192-F7687,FIRESTOP,20 Mar 2017,IQ,City D.C.,Enoc 1072 Petrol Station Project In Al Barsha South 2 LPO CDC/40046/12,Supply Of MVL Firestop Materials,Firestop/ DC 315,Fire,1187.6,AED,Waleed B.M.,Order
9455,Q-1192-F7686,FIRESTOP,20 Mar 2017,IQ,Masdar K.,FIRESTOPPING PROJECT,SUPPLY OF MVL FIRESTOP MATERIALS,Firestop/ DC 315,Fire,1022.9,USD,Karim E.,Quotation
9456,Q-1192-F7685,FIRESTOP,20 Mar 2017,IQ,Al T.C.,"RESIDENTIAL BUILDING, 274 AL KARAMA DUBAI-PO 09820",SUPPLY OF INSS1186 ELASTOMERIC FIRE CAULK,Firestop/ DC 315,Fire,1282,AED,Waleed B.M.,Order
9457,Q-1192-F7683,FIRESTOP,19 Mar 2017,IQ,Unisafe F.P.,City Center Mirdif Substation,Supply Of INSS1440 And FP05,Firestop/ DC 315,Fire,950,AED,Samar T.,Order
9458,RFQ-1192-V4368,FIRESTOP,19 Mar 2017,RFQ,Alam A.,LONG SLEEVE SHIRT + EMBROIDERY (MVL LOGO),LONG SLEEVE SHIRT + EMBROIDERY (MVL LOGO),Misc.,Various,1620,AED, ,Order
9459,RFQ-1005-V4447,MACRO,19 Mar 2017,RFQ,International R.D.,"Moving Of Personal Effects From Dubai To 28831 Baveno, VB Italy FCL 1*20,24CBM","Moving Of Personal Effects From Dubai To 28831 Baveno, VB Italy FCL 1*20,24CBM",Misc.,Various,18395,AED, ,Order
9460,Q-1192-F7682,FIRESTOP,19 Mar 2017,IQ,Kele C.L.,"00327 - DACC Staff Village (G+4) X 10 Buildings @ At Dubai Logistics City, Phase 1 Dubai, UAE",SUPPLY OF MVL FIRESTOP MATERIALS,Firestop/ DC 315,Fire,1392.07,AED,Karim E.,Quotation
9461,Q-1192-F7681,FIRESTOP,19 Mar 2017,IQ,Tuleila H.I.,FIRESTOPPING PROJECT,Supply Of CFS01,Firestop/ DC 315,Fire,173.25,AED,Samar T.,Quotation
9462,RFQ-1592-S9080,MACRO,19 Mar 2017,RFQ,Yashel Y.C.,W5J9JE-16-C-0013 ANP WPP Const. Kabul Police Academy 2,ORD-Y108-03 KB004 Construct Temporary Cantina,Subcontract,Services,39797.25,USD, ,Order
9463,Q-1594-S9072,MACRO,16 Mar 2017,IQ,Regional C.C.,"W912D2-16-D-0002-1519 Replacement Refrigeration Equipment For Cold Chain Freezer, USAMMC-SWA Bldg. 213 (MATOC)","W912D2-16-D-0002-1519 Replacement Refrigeration Equipment For Cold Chain Freezer, USAMMC-SWA Bldg. 213 (MATOC)",Subcontract,Services,19203,USD, ,Quotation
9464,Q-1192-F7680,FIRESTOP,16 Mar 2017,IQ,Al K.b.,2B+G+11 Building At Al Qusais Dubai Job# P-119 LPO9886,SUPPLY OF MVL FIRESTOP MATERIALS,Firestop/ DC 315,Fire,10450,AED,Waleed B.M.,Order
9465,Q-1192-F7679,FIRESTOP,16 Mar 2017,IQ,Al K.b.,B+G+2P+7 Building At Al Furjan Dubai Job# P-125 LPO9868,SUPPLY OF INSS1186-5G,Firestop/ DC 315,Fire,15000,AED,Waleed B.M.,Order
9466,Q-1192-F7678,FIRESTOP,16 Mar 2017,IQ,Al H.C.,P-142-10 (B+G+22F) HOTEL BLDG On Plot No. 3920454 @ Marsa Dubai LPO 0032455,SUPPLY OF MVL FIRESTOP MATERIALS,Firestop/ DC 315,Fire,31304,AED,Waleed B.M.,Order
9467,Q-1192-F7677,FIRESTOP,16 Mar 2017,IQ,Jordan F.f.,FIRESTOPPING PROJECT,SUPPLY OF MVL FIRESTOP MATERIALS,Firestop/ DC 315,Fire,1101.95,USD,Waleed B.M.,Quotation
9468,RFQ-1592-S9079,MACRO,15 Mar 2017,RFQ,Salam M.C.,W5J9JE-16-C-0013 Police Academy Female Staff College,UXO Demining,Subcontract,Services,9000,USD, ,Order
9469,Q-1192-C6038,FIRESTOP,15 Mar 2017,IQ,Al R.I.,Dubco Project,Supply Of PU,Polyurethane Foam,Chemicals,10998,AED,Waleed B.M.,Order
9470,Q-1614-S9073,MACRO,15 Mar 2017,IQ,Regional C.C.,W912D2-16-D-0002-1601 Guard Tower 16 Demolition And Reconstruction,W912D2-16-D-0002-1601 Guard Tower 16 Demolition And Reconstruction,Subcontract,Services,493122.25,USD, ,Quotation
9471,Q-1608-S9073,MACRO,15 Mar 2017,IQ,Regional C.C.,W912D2-16-D-0002-1602 Refurbish Guard Tower 17,Refurbished Guard Tower 17,Subcontract,Services,54226.13,USD, ,Quotation
9472,Q-1192-F7676,FIRESTOP,15 Mar 2017,IQ,Becon C.L.,G+4P+14+Roof Plot No JVC17TCP003B,SUPPLY OF MVL FIRESTOP MATERIALS,Firestop/ DC 315,Fire,1174.6,AED,Waleed B.M.,Quotation
9473,Q-1192-F7675,FIRESTOP,15 Mar 2017,IQ,Becon C.L.,G+4P+14+Roof Plot No JVC17TCP003B,SUPPLY OF CJ MATERIALS,Firestop/ DC 315,Fire,797,AED,Waleed B.M.,Quotation
9474,Q-1192-F7674,FIRESTOP,15 Mar 2017,IQ,Al H.C.,P137-10(B+G+9+R) ON PLOT NO. PJCRC 38F @ PALM JUMEIRA DUBAI (LPO0032454),Supply Of FM011 And FM012,Firestop/ DC 315,Fire,8657,AED,Waleed B.M.,Order
9475,Q-1192-F7673,FIRESTOP,14 Mar 2017,IQ,Adnan C.C.,Dubaihealth Project,Supply Of MEP MATERIALS,Firestop/ DC 315,Fire,13120,AED,Waleed B.M.,Order
9476,Q-1192-F7672,FIRESTOP,14 Mar 2017,IQ,White F.E.,"G+8+ Roofs (GYM) Residential Building Plot No 10-003 Nadd Hessa, Dubai Silicon Oasis Dubai LPO 4092",SUPPLY OF INSS1186,Firestop/ DC 315,Fire,10450,AED,Samar T.,Order
9477,Q-1192-F7671,FIRESTOP,14 Mar 2017,IQ,Al T.C.,"Residential Building, 274 Al Karama Dubai-PO 09820",Supply Of INSS1186 Elastomeric Fire Caulk,Firestop/ DC 315,Fire,1282,AED,Waleed B.M.,Order
9478,Q-1192-F7670,FIRESTOP,12 Mar 2017,IQ,Delta A.E.,12 Residential Building – Al Barari,SUPPLY OF MVL FIRESTOP MATERIALS,Firestop/ DC 315,Fire,27525,AED,Waleed B.M.,Quotation
9479,Q-1192-F7669,FIRESTOP,12 Mar 2017,IQ,Globeclad F.R.,Majestrine Hotel Apartments,SUPPLY OF INSS2460 600ml,Firestop/ DC 315,Fire,608,AED,Venoth T.A.,Order
9480,Q-1005-M7000,MACRO,12 Mar 2017,IQ,American E.-.,PR6167097,150 NOS OF 3.3 CU FEET OF REFRIGERATORS,Mechanical Items,Mechanical,35400,USD,Marman I.,Quotation
9481,Q-1192-F7668,FIRESTOP,12 Mar 2017,IQ,City C.C.,B+G+10 Residential Buidling Wadi Al Safa 3 Plot No. 6458125 LPO 10368 MRF 1876,Supply Of MVL Firestop Materials,Firestop/ DC 315,Fire,8043,AED,Waleed B.M.,Order
9482,Q-1192-F7667,FIRESTOP,09 Mar 2017,IQ,Procon E.L.,Deira City Center,Supply Of INSS1186,Firestop/ DC 315,Fire,1200,AED,Samar T.,Order
9483,Q-1192-F7666,FIRESTOP,09 Mar 2017,IQ,Al W.C.,B+G+1+R Plot No. 3660628 At Umm Sequim-Dubai LPO 8349,SUPPLY OF MVL FIRESTOP MATERIALS,Firestop/ DC 315,Fire,15000,AED,Samar T.,Order
9484,Q-1192-F7665,FIRESTOP,08 Mar 2017,IQ,Al G.&.,Emaar Hills Development Buildings Project LPO HDBP-P-00257,Supply Of INSS2460-600ml,Firestop/ DC 315,Fire,4187.5,AED,Samar T.,Order
9485,RFQ-1569-V4355,MACRO,08 Mar 2017,RFQ,Mig I.S.,HEAD OFFICE,Cables For Headset Unit Plantronics CS540,Misc.,Various,115,AED, ,Quotation
9486,Q-1192-F7664,FIRESTOP,07 Mar 2017,IQ,Al F.G.,Alubond ACP System,Supply Of INSS2460-600ML,Firestop/ DC 315,Fire,33,AED,Venoth T.A.,Quotation
9487,Q-1192-F7663,FIRESTOP,07 Mar 2017,IQ,Globeclad F.R.,Majestrine Hotel Apartments,Supply Of INSS2460-600ml,Firestop/ DC 315,Fire,152,AED,Venoth T.A.,Order
9488,Q-1192-F7662,FIRESTOP,06 Mar 2017,IQ,Al K.b.,B+G+2P+10 Building At Al Furjan Dubai Job No P-123 LPO9806,SUPPLY OF INSS1186,Firestop/ DC 315,Fire,10000,AED,Waleed B.M.,Order
9489,Q-1192-F7661,FIRESTOP,06 Mar 2017,IQ,Capitol H.,Capitol Hotel (maintenance Work),Supply Of INSS2460 And D64T50,Firestop/ DC 315,Fire,56.2,AED,Venoth T.A.,Quotation
9490,Q-1192-F7660,FIRESTOP,06 Mar 2017,IQ,British O.N.,BRITISH ORCHARD NURSERY,SUPPLY AND APPLY OF DC68 SPRAY TO PROTECT,Firestop/ DC 315,Fire,5000,AED,Ramshad K.,Quotation
9491,Q-1192-F7659,FIRESTOP,05 Mar 2017,IQ,Dubco C.L.,"156 Villa, AL Barsha, UAE",Supply And Apply Of MV-Lapolla,Firestop/ DC 315,Fire,23847.5,AED,Waleed B.M.,Quotation
9492,RFQ-1192-V4265,MACRO,05 Mar 2017,RFQ,Fujairah R.F.,MVL FIRESTOP SUPPLY OF D64T50 - ROCKWOOL 120*60*5CM/SHEET,D64T50 - ROCKWOOL 120*60*5CM/SHEET,Building Materials,Various,29417.76,AED, ,Order
9493,Q-1005-L4040,MACRO,05 Mar 2017,IQ,Debet U.M.,"Air Freight Charges From Bocholt, Germany To DWC, Dubai","Air Freight Charges From Bocholt, Germany To DWC, Dubai",Transportation,Logistics,2269.36,USD,Tamraz M.,Order
9494,Q-1005-L4039,MACRO,05 Mar 2017,IQ,Debet U.M.,"Air Freight Charges From Bocholt, Germany To DWC, Dubai","Air Freight Charges From Bocholt, Germany To DWC, Dubai",Transportation,Logistics,1248.5,USD,Tamraz M.,Order
9495,Q-1192-F7658,FIRESTOP,05 Mar 2017,IQ,Reem C.C.,"15 Townhouses On Plot No. 373-9346 Al Barsha First, Dubai",SUPPLY OF COATED FIRESTOP BAORD,Firestop/ DC 315,Fire,165750,AED,Samar T.,Quotation
9496,Q-1192-F7657,FIRESTOP,05 Mar 2017,IQ,Somar A.&.,664-Al Nahda Towers LPO 003122,SUPPLY OF MVL FIRESTOP MATERIALS,Firestop/ DC 315,Fire,3720,AED,Venoth T.A.,Order
9497,Q-1192-F7656,FIRESTOP,02 Mar 2017,IQ,Al H.C.,P-140-10 2B+G+2P+18+R Hotel Bldg On Plot 346-556 Business Bay PO0032228,SUPPLY OF MVL FIRESTOP MATERIALS,Firestop/ DC 315,Fire,23324,AED,Waleed B.M.,Order
9498,RFQ-1593-M4103,MACRO,02 Mar 2017,RFQ,Leminar A.C.,1613 - WAREHOUSE CONTROLLED HUMIDITY REPAIR,SUPPLY OF RHEEM AIR CONDITIONERS,Mechanical Items,Mechanical,345000,USD, ,Order
9499,Q-1192-F7655,FIRESTOP,02 Mar 2017,IQ,United F.G.,"The Residential Villa Nad Al Shibai, Dubai LPO# VIL003",SUPPLY OF INSS1186,Firestop/ DC 315,Fire,19800,AED,Samar T.,Order
9500,Q-1192-F7654,FIRESTOP,02 Mar 2017,IQ,United F.G.,CELESTIA Hotel Apartment DIP 2  Dubai-LPO#CEL013,Supply Of D64T50,Firestop/ DC 315,Fire,5100,AED,Samar T.,Order
9501,Q-1192-F7653,FIRESTOP,01 Mar 2017,IQ,Al K.b.,B+G+2P+10 Building At Al Furjan Dubai Location : AFC 008 And AFC 042 SPF# 035,Supply Of BACKING ROD,Firestop/ DC 315,Fire,5000,AED,Waleed B.M.,Quotation
9502,Q-1192-F7652,FIRESTOP,01 Mar 2017,IQ,European A.&.,Premier Inn Hotel Al Jaddaf Project,Supply Of INSS2460 600ml,Firestop/ DC 315,Fire,640,AED,Samar T.,Order
9503,Q-1005-V4446,MICRON,01 Mar 2017,IQ,Usaid ,SOL-306-17-000029 - HP Printers Supplies,HP Printers Supplies,Misc.,Various,40448,USD,Marman I.,Quotation
9504,Q-1192-F7651,FIRESTOP,01 Mar 2017,IQ,Al T.C.,"RESIDENTIAL BUILDING , 274 AL KARAMA DUBAI LPO 09792",SUPPLY OF INSS1186,Firestop/ DC 315,Fire,2084.6,AED,Waleed B.M.,Order
9505,Q-1005-L4038,MACRO,28 Feb 2017,IQ,Metron I.,Transportation For Supply Of Tanks From Morex Inc,Transportation For Supply Of Tanks From Morex Inc,Transportation,Logistics,8000,USD,Hamza M.,Order
9506,Q-1192-F7650,FIRESTOP,27 Feb 2017,IQ,Sobha E.a.,Zulekha Hospital Qusais Dubai,INSS1186-5G,Firestop/ DC 315,Fire,679.3,AED, ,Quotation
9507,Q-1192-C6036,FIRESTOP,27 Feb 2017,IQ,Al R.I.,DUBCO PROJECT-LPO 645,SUPPLY OF PU,Polyurethane Foam,Chemicals,21996,AED,Waleed B.M.,Order
9508,Q-1192-F7649,FIRESTOP,27 Feb 2017,IQ,Somar A.&.,"2B+G+24+Storey Residential & Commercial Building On Plot No. 231-247 At Al Nahda First, Dubai UAE",Supply Of INSS1186_SL,Firestop/ DC 315,Fire,600,AED,Venoth T.A.,Quotation
9509,Q-1192-F7648,FIRESTOP,26 Feb 2017,IQ,Al H.E.,Proposed Residential & Commercial Building (G + Mezz + 4 Floor + Roof Gym) On Plot 1231162 Block No- Al Muteena,SUPPLY OF MVL FIRESTOP MATERIALS,Firestop/ DC 315,Fire,21663.9,AED,Waleed B.M.,Quotation
9510,Q-1192-F7647,FIRESTOP,23 Feb 2017,IQ,Al A.E.,P-835 Al Ghurair Building SS/17LPO/308_Rev1,SUPPLY OF MVL FIRESTOP MATERIALS,Firestop/ DC 315,Fire,10131,AED,Samar T.,Order
9511,Q-1192-F7646,FIRESTOP,23 Feb 2017,IQ,City D.C.,Enoc 1072 Petrol Station Project In Al Barsha South 2 LPO CDC/39934/12,SUPPLY OF MVL FIRESTOP MATERIALS,Firestop/ DC 315,Fire,4992.4,AED,Waleed B.M.,Order
9512,Q-1192-F7645,FIRESTOP,23 Feb 2017,IQ,Cj T.C.,B+G+5+Residential @ International City 306,SUPPLY OF MVL FIRESTOP MATERIALS,Firestop/ DC 315,Fire,2277.2,AED,Venoth T.A.,Quotation
9513,Q-1192-F7644,FIRESTOP,23 Feb 2017,IQ,White C.B.,Abu Hail Plot No. 126-0253 PO#94,Supply Of D64T50,Firestop/ DC 315,Fire,1832,AED,Waleed B.M.,Order
9514,Q-1192-F7643,FIRESTOP,23 Feb 2017,IQ,Jelfar S.E.,"PROJECT No. 1603 (HVAC) G+10 NADD AL HAMR, DUBAI",Supply Of MVL Firestop Materials,Firestop/ DC 315,Fire,3951,AED,Waleed B.M.,Order
9515,Q-1192-F7642,FIRESTOP,23 Feb 2017,IQ,Jelfar S.E.,"PROJECT No. 1603 (HVAC) G+10 NADD AL HAMR, DUBAI",Supply Of MVL Firestop Materials,Firestop/ DC 315,Fire,9813,AED,Waleed B.M.,Quotation
9516,Q-1005-V4445,MACRO,22 Feb 2017,IQ,Metron I.,Customs Clearance Of Road Marking Machine,Customs Clearance Of Road Marking Machine,Misc.,Various,2861,USD,Hamza M.,Order
9517,Q-1192-F7641,FIRESTOP,22 Feb 2017,IQ,Al R.E.,Garden Apartment (Tranche 1) Plot No 482/1868 Muwailih Commercial Sharjan UAE,Supply Of INSS1440-310ml Tube,Firestop/ DC 315,Fire,99.2,AED,Waleed B.M.,Quotation
9518,Q-1192-F7640,FIRESTOP,22 Feb 2017,IQ,Emirates A.&.,Dubai Land Project LPO 380,Supply Of INSS2460 600ml,Firestop/ DC 315,Fire,40001.4,AED,Samar T.,Order
9519,Q-1192-F7639,FIRESTOP,22 Feb 2017,IQ,Ghantoot B.G.,B+G+5 APARTMENTS DUBAI INVESTMENT PARK-CENTURION RESIDENCE-LPO 10032,Supply Of MVL Firestop Materials,Firestop/ DC 315,Fire,14226.3,AED,Ramshad K.,Order
9520,Q-1192-F7638,FIRESTOP,21 Feb 2017,IQ,Al B.A.,FIRESTOPPING PROJECT,SUPPLY OF INSS2460,Firestop/ DC 315,Fire,35,AED,Venoth T.A.,Quotation
9521,Q-1192-F7637,FIRESTOP,20 Feb 2017,IQ,Naffco F.C.,FIRESTOPPING PROJECT,SUPPLY OF MVL FIRESTOP MATERIALS,Firestop/ DC 315,Fire,399950,AED,Karim E.,Quotation
9522,Q-1192-F7636,FIRESTOP,20 Feb 2017,IQ,Alumco L.,ALUMCO PROJECT,SUPPLY OF INSS2460 FIRE BARRIER SILICONE SEALANT,Firestop/ DC 315,Fire,29,AED,Samar T.,Quotation
9523,Q-1192-F7635,FIRESTOP,20 Feb 2017,IQ,Fahad A.,,Supply Of MVL Firestop Materials,Firestop/ DC 315,Fire,502.2,AED,Waleed B.M.,Quotation
9524,Q-1005-V4444,MACRO,20 Feb 2017,IQ,Us E.A.,RFQ # PR6068357 - Various Items - PESTICIDES CHEMICALS,RFQ # PR6068357 - Various Items,Misc.,Various,33810,AED, ,Quotation
9525,RFQ-1005-L4037,MACRO,19 Feb 2017,RFQ,Metron I.,Transportation Cost For HMI TO KABUL,Transportation Cost For HMI TO KABUL,Transportation,Logistics,400,USD,Hamza M.,Order
9526,Q-1192-C6035,FIRESTOP,19 Feb 2017,IQ,Al R.I.,AL RAFID INSULATION-PO 618,SUPPLY OF PU,Polyurethane Foam,Chemicals,20046,AED,Waleed B.M.,Order
9527,Q-1192-F7634,FIRESTOP,19 Feb 2017,IQ,British O.N.,,Supply Of DC333 Fireproof Paint,Firestop/ DC 315,Fire,1350,AED,Karim E.,Quotation
9528,Q-1192-F7633,FIRESTOP,16 Feb 2017,IQ,Granada E.E.,"BINGHATTI DIAMOND G+2P+8 FLOORS+ROOF SILICON OASIS, DUBAI ON PLOT NO. 20-009 PROJ. NO P016-02",SUPPLY OF MVL FIRESTOP MATERIALS-MEP,Firestop/ DC 315,Fire,67446,AED,Waleed B.M.,Quotation
9529,Q-1192-F7632,FIRESTOP,16 Feb 2017,IQ,Padena H.,IRAN PROJECT,SUPPLY OF MVL FIRESTOP MATERIALS,Firestop/ DC 315,Fire,720,AED,Samar T.,Order
9530,Q-217-3581,FIRESTOP,16 Feb 2017,IQ,Al K.b.,"Construction Of G+2 New School Building At Al Warqa, Dubai UAE Job # P-94",SUPPLY OF INSS1186-5G PAIL,Firestop/ DC 315,Fire,1500,AED,Waleed B.M.,Order
9531,Q-1005-L4036,MACRO,16 Feb 2017,IQ,Metron I.,W912D2-16-D-0002-1509 Delta Scientific  [Transportation],W912D2-16-D-0002-1509 Delta Scientific [Transportation],Transportation,Logistics,11516.2,USD,Hamza M.,Order
9532,Q-1192-F7631,FIRESTOP,16 Feb 2017,IQ,Alumco L.,INSS2460-For Testing,SUPPLY OF INSS2460,Firestop/ DC 315,Fire,588.9,AED,Samar T.,Order
9533,Q-217-3578,FIRESTOP,15 Feb 2017,IQ,Bin S.E.,Binshafar,Supply Of MVL Firestop Materials,Firestop/ DC 315,Fire,461,AED,Waleed B.M.,Quotation
9534,Q-1192-F7630,FIRESTOP,15 Feb 2017,IQ,Media P.I.,BAHRAIN PROJECT-REV 01 PO 3267,SUPPLY OF DC68 SPRAY TO PROTECT,Firestop/ DC 315,Fire,11750,AED,Ramshad K.,Order
9535,Q-1192-F7629,FIRESTOP,15 Feb 2017,IQ,Ghantoot B.G.,B+G+5 Apartments Dubai Investment Park-Centurion Residence LPO 9891,SUPPLY OF MVL FIRESTOP MATERIALS,Firestop/ DC 315,Fire,8421,AED,Ramshad K.,Order
9536,Q-1192-F7628,FIRESTOP,15 Feb 2017,IQ,Al H.C.,P 140-10 2B+G+2P+18+R HOTEL BLDG ON PLOT 346-556 @ BUSINESS BAY PO0031908,SUPPLY OF MVL FIRESTOP MATERIALS,Firestop/ DC 315,Fire,13386,AED,Waleed B.M.,Order
9537,Q-1192-F7627,FIRESTOP,15 Feb 2017,IQ,Al H.C.,P-142-10-(B+G+22F+R) Hotel Bldg On Plot No. 3920454 @ Marsa Dubai PO 0031814,Supply Of INSS1440,Firestop/ DC 315,Fire,6100,AED,Waleed B.M.,Order
9538,Q-1192-F7626,FIRESTOP,15 Feb 2017,IQ,Modern B.C.,G+8 Typical Floor Project (Topaz-1) At Dubai Silicon Oasis LWO 111/14,Supply Of INSS1186-5G,Firestop/ DC 315,Fire,4800,AED,Samar T.,Order
9539,Q-1192-F7625,FIRESTOP,15 Feb 2017,IQ,Evershine C.L.,Proposed 2B+G+11+Gym Floor Building 241-288 @ Al Nahda (PO1502278),Supply Of SSHOOP,Firestop/ DC 315,Fire,3200,AED,Waleed B.M.,Quotation
9540,Q-1192-F7624,FIRESTOP,14 Feb 2017,IQ,Unesia A.C.,FIRESTOPPING PROJECT,Supply Of INSS2460,Firestop/ DC 315,Fire,56,AED,Waleed B.M.,Quotation
9541,Q-1005-L4035,MACRO,14 Feb 2017,IQ,Debet U.M.,Air Freight Charges From EXW - Fabriekstraat To CPT Baku,Air Freight Charges From EXW - Fabriekstraat To CPT Baku,Transportation,Logistics,615,EURO,Tamraz M.,Order
9542,Q-1192-F7623,FIRESTOP,14 Feb 2017,IQ,Engineering A.S.,FIRESTOPPING PROJECT,SUPPLY OF INSS2460,Firestop/ DC 315,Fire,58,AED,Waleed B.M.,Quotation
9543,Q-1192-F7622,FIRESTOP,14 Feb 2017,IQ,Al N.N.,FIRESTOPPING PROJECT,SUPPLY OF INSS1440,Firestop/ DC 315,Fire,2040,AED,Venoth T.A.,Quotation
9544,Q-1192-F7621,FIRESTOP,14 Feb 2017,IQ,Horizon A.&.,FIRESTOPPING PROJECT,SUPPLY OF INSS2460,Firestop/ DC 315,Fire,18024,AED,Venoth T.A.,Quotation
9545,Q-1192-F7620,FIRESTOP,14 Feb 2017,IQ,European A.&.,European Alumiium,Supply Of INSS2460,Firestop/ DC 315,Fire,640,AED,Samar T.,Order
9546,RFQ-1192-F7619,MACRO,13 Feb 2017,RFQ,Green F.T.,INFS0812 Intumescent Strip Size: 60mm*2M/Pc; Packed: 20Pcs/Box,INFS0812 Intumescent Strip Size: 60mm*2M/Pc; Packed: 20Pcs/Box,Firestop/ DC 315,Fire,2496,USD, ,Order
9547,RFQ-1192-V4367,MACRO,13 Feb 2017,RFQ,Alam A.,MVL FIRESTOP,INSS1186 SIZE 17*13 CM (SL) COLORED PRINTING 2 DIFFERENT DATES,Misc.,Various,225,AED, ,Order
9548,Q-1192-F7618,FIRESTOP,13 Feb 2017,IQ,Omis C.C.,191- JOB# 136-B+G+1st+ROOF Al Juraina Mall PO-10424,Supply Of INSS1186_5G,Firestop/ DC 315,Fire,17250,AED,Samar T.,Order
9549,Q-1192-F7617,FIRESTOP,13 Feb 2017,IQ,Al Q.I.,1103-B+G+13 TF (AL Jadaf-Kalwani) PO#101702144,Supply Of CFS01 And D120T50,Firestop/ DC 315,Fire,14760,AED,Waleed B.M.,Order
9550,Q-1192-F7616,FIRESTOP,13 Feb 2017,IQ,Ghantoot B.G.,G +M+4+GYM+ROOF,Supply Of MVL Firestop Materials,Firestop/ DC 315,Fire,24354,AED,Ramshad K.,Quotation
9551,Q-1192-F7615,FIRESTOP,12 Feb 2017,IQ,Al R.I.,Dubco Project,Supply Of MV Lapolla 2500/3,Firestop/ DC 315,Fire,7332,AED,Waleed B.M.,Order
9552,Q-1192-F7614,FIRESTOP,12 Feb 2017,IQ,Rimal I.S.,Project In Abu Dhabi Airport Midfield Terminal,Supply Of INSS1440,Firestop/ DC 315,Fire,3300,AED,Venoth T.A.,Order
9553,Q-1192-F7613,FIRESTOP,09 Feb 2017,IQ,Al G.&.,Emaar Hills Development Buildings Project-Putty Calculation For Rushways In JOINT,Supply Of FM011 And D64T50,Firestop/ DC 315,Fire,74244,AED,Samar T.,Quotation
9554,RFQ-1592-S9078,MACRO,08 Feb 2017,RFQ,Yashel Y.C.,ANP-WPP,ORD-Y108-02 Internet Connection,Subcontract,Services,9600,USD, ,Order
9555,Q-1192-F7612,FIRESTOP,08 Feb 2017,IQ,Al Q.B.,Al Jadaf-Kalwani B+G+13 TF 1103 PO# 101700637,Supply Of MVL Firestop Materials,Firestop/ DC 315,Fire,121544,AED,Waleed B.M.,Order
9556,Q-1192-F7611,FIRESTOP,08 Feb 2017,IQ,Fujairah N.C.,FIRESTOPPING PROJECT,Supply Of MVL Firestop Materials,Firestop/ DC 315,Fire,1856.1,AED,Venoth T.A.,Quotation
9557,RFQ-1192-C6034,FIRESTOP,07 Feb 2017,RFQ,Basf K.P.,Elastospray 1612/46,POLYURETHANE SYSTEM - INSULATION MATERIAL,Polyurethane Foam,Chemicals,115616,AED, ,Order
9558,Q-1192-F7610,FIRESTOP,07 Feb 2017,IQ,White C.B.,Abu Hail Plot No. 126-0253 PO# 58,Supply Of MVL Firestop Materials,Firestop/ DC 315,Fire,1527,AED,Waleed B.M.,Order
9559,RFQ-1569-V4255,MACRO,07 Feb 2017,RFQ,Blue C.F.,OFFICE FURNITURES 1803,OFFICE FURNITURES 1803 (SOFA AND COFFEE TABLE),Building Materials,Various,1445,AED, ,Order
9560,Q-1192-F7609,FIRESTOP,06 Feb 2017,IQ,Al T.C.,"RESIDENTIAL BUILDING , 274 AL KARAMA DUBAI LPO 09747",SUPPLY OF INSS1186,Firestop/ DC 315,Fire,3846,AED,Waleed B.M.,Order
9561,Q-1192-F7608,FIRESTOP,06 Feb 2017,IQ,Adnan C.C.,Project In Karama,Supply Of INSS1440 And D64T50,Firestop/ DC 315,Fire,736,AED,Waleed B.M.,Order
9562,Q-1192-F7607,FIRESTOP,06 Feb 2017,IQ,Ias L.C.,B+G+12+R (RESIDENTIAL BLDG AT TECOM),Supply Of INSS1440,Firestop/ DC 315,Fire,325,AED,Ramshad K.,Order
9563,Q-1005-F7060,MACRO,06 Feb 2017,IQ,Fluor ,Supply Of DC315 Thermal Fire Barrier To Afghanistan,Supply Of DC315 Thermal Fire Barrier To Afghanistan,Firestop/ DC 315,Fire,725,USD, ,Quotation
9564,Q-1192-F7606,FIRESTOP,06 Feb 2017,IQ,Fujairah N.C.,FIRESTOPPING PROJECT,Supply Of INFS0812 And GC99,Firestop/ DC 315,Fire,11050,AED,Venoth T.A.,Quotation
9565,Q-1005-V6979,MACRO,06 Feb 2017,IQ,Us E.A.,US Embassy Abu Dhabi - Plexiglass Acrylic Sheet 8x4 6mm Thickness,Plexiglass Acrylic Sheet 8x4 6mm Thickness,Building Materials,Various,61000,AED,Marman I.,Quotation
9566,Q-1192-F7605,FIRESTOP,05 Feb 2017,IQ,Global C.L.,B+G+2P+16 Two Tower @ Sports City-Elite 10,SUPPLY OF CJ MATERIALS,Firestop/ DC 315,Fire,109210,AED,Waleed B.M.,Quotation
9567,Q-1192-F7604,FIRESTOP,05 Feb 2017,IQ,Jams C.L.,Proposed B+G+2P+7Typ+Gym Hotel Apartmet In Al Qusais Ind Fifth Plot No 248-7113,SUPPLY OF MEP FIRESTOP MATERIALS,Firestop/ DC 315,Fire,62792.5,AED,Waleed B.M.,Quotation
9568,Q-1192-F7603,FIRESTOP,02 Feb 2017,IQ,Al H.C.,P 140-10 2B+G+2P+18+R HOTEL BLDG ON PLOT 346-556 @ BUSINESS BAY PO0031598,Supply Of MVL Firestop Materials,Firestop/ DC 315,Fire,14448,AED,Waleed B.M.,Order
9569,RFQ-1569-V4254,MACRO,02 Feb 2017,RFQ,Blue C.F.,1803 - Office Furniture,"Conference Table, Chair And Free Standing Partition",Building Materials,Various,6000,AED, ,Order
9570,Q-1192-C6034,FIRESTOP,01 Feb 2017,IQ,Al R.I.,Project In Sharjah LPO 599,Supply Of PU,Polyurethane Foam,Chemicals,21996,AED,Waleed B.M.,Order
9571,Q-1192-F7602,FIRESTOP,01 Feb 2017,IQ,Adnan C.C.,G+2 Residential Building In Deira,SUPPLY OF INSS1440,Firestop/ DC 315,Fire,150,AED,Waleed B.M.,Order
9572,Q-1192-F7601,FIRESTOP,01 Feb 2017,IQ,Almoftah A.B.,P-001-B+G+5 Residential Bldg @ International City  PO/2017/P001/0021,SUPPLY OF MVL FIRESTOP MATERIALS,Firestop/ DC 315,Fire,12799,AED,Waleed B.M.,Order
9573,Q-1192-F7600,FIRESTOP,01 Feb 2017,IQ,Al H.C.,"P-136-10 - (3B+G+3P+16) On Plot No. 345-411 At Burj Khalifa, Dubai PO 0031398",SUPPLY OF MVL FIRESTOP MATERIALS,Firestop/ DC 315,Fire,26734,AED,Waleed B.M.,Order
9574,Q-1192-F7599,FIRESTOP,01 Feb 2017,IQ,European A.&.,Premier Inn Hotel Al Jaddaf Project,SUPPLY OF INSS2460 310ml Tube,Firestop/ DC 315,Fire,525,AED,Samar T.,Order
9575,RFQ-1569-V4253,MACRO,01 Feb 2017,RFQ,Blue C.F.,Metal Full Height Cabinet With Swing Doors In   Grey / Beige Finish,Metal Full Height Cabinet With Swing Doors In   Grey / Beige Finish,Building Materials,Various,485,AED, ,Order
9576,Q-1192-F7597,FIRESTOP,31 Jan 2017,IQ,Al K.b.,"Construction Of G+2 New School Building At Al Warqa, Dubai UAE Job # P-94 (LPO9448)",SUPPLY OF INSS1186,Firestop/ DC 315,Fire,1500,AED,Waleed B.M.,Order
9577,Q-1192-F7596,FIRESTOP,31 Jan 2017,IQ,Al K.b.,"B+G+2P+7 Building At Al Furjan, Dubai Job No. P-125 (LPO9444)",SUPPLY OF INSS1186,Firestop/ DC 315,Fire,4000,AED,Waleed B.M.,Order
9578,Q-1192-F7595,FIRESTOP,31 Jan 2017,IQ,Al K.b.,B+G+2P+10 Building At Al Furjan Dubai Job No. P-123 (LPO9398),SUPPLY OF INSS1186,Firestop/ DC 315,Fire,4500,AED,Waleed B.M.,Order
9579,Q-1192-F7593,FIRESTOP,31 Jan 2017,IQ,Habtoor L.G.,General Projects Of HLG,Supply Of INSS1186-600ml,Firestop/ DC 315,Fire,15.5,AED,Samar T.,Quotation
9580,Q-1192-F7591,FIRESTOP,31 Jan 2017,IQ,White F.E.,"G+8+ Roofs (GYM) Residential Building Plot No 10-003 Nadd Hessa, Dubai Silicon Oasis Dubai  LPO 4092",SUPPLY OF INSS1186,Firestop/ DC 315,Fire,3850,AED,Samar T.,Order
9581,Q-1192-F7590,FIRESTOP,30 Jan 2017,IQ,United F.G.,"CONSTELLA APARTMENT PROJECT, MBCC, Damac JVC1 LPO CON007",Supply Of INSS1186 And D64T50,Firestop/ DC 315,Fire,24900,AED,Samar T.,Order
9582,Q-1192-F7589,FIRESTOP,30 Jan 2017,IQ,Global C.L.,B+G+2P+16 Two Tower @ Sports City-Elite 10,SUPPLY OF INSS1186-LM,Firestop/ DC 315,Fire,583.68,AED,Waleed B.M.,Quotation
9583,Q-1192-F7588,FIRESTOP,30 Jan 2017,IQ,Global C.L.,B+G+2P+16 Two Tower @ Sports City-Elite 10,SUPPLY OF MVL FIRESTOP MATERIALS-w/o Drainage,Firestop/ DC 315,Fire,210767,AED,Waleed B.M.,Quotation
9584,Q-1192-F7587,FIRESTOP,30 Jan 2017,IQ,Global C.L.,B+G+2P+16 Two Tower @ Sports City-Elite 10,SUPPLY OF MVL FIRESTOP MATERIALS,Firestop/ DC 315,Fire,329675,AED,Waleed B.M.,Quotation
9585,RFQ-1569-V4354,MACRO,30 Jan 2017,RFQ,Alam A.,MVL TEAM BUSINESS CARDS,MVL TEAM BUSINESS CARDS,Misc.,Various,600,AED, ,Order
9586,Q-1192-F7586,FIRESTOP,29 Jan 2017,IQ,Al K.b.,B+G+2P+10 Building At Al Furjan Dubai,SUPPLY OF MVL FIRESTOP MATERIALS,Firestop/ DC 315,Fire,1102.8,AED,Waleed B.M.,Quotation
9587,Q-1192-F7585,FIRESTOP,29 Jan 2017,IQ,Al Q.I.,Al Jaddaf Hotel Project,SUPPLY OF MVL FIRESTOP MATERIALS,Firestop/ DC 315,Fire,1102.8,AED,Waleed B.M.,Quotation
9588,Q-1192-F7584,FIRESTOP,29 Jan 2017,IQ,General C.C.,C-14 Hotel Apartments & Residences (B+G+7Floors),Supply Of Backing Rod And INSS1186,Firestop/ DC 315,Fire,81750,AED,Waleed B.M.,Quotation
9589,Q-1192-F7583,FIRESTOP,29 Jan 2017,IQ,Venco I.C.,PROPOSED HOTEL APARTMENTS (B+G+9) AT PALM JUMEIRAH ON PLOT NO. PJCRC-38E (PO V17-0472R1),Supply Of MEP Materials,Firestop/ DC 315,Fire,52000,AED,Waleed B.M.,Order
9590,RFQ-1593-M4102,MACRO,29 Jan 2017,RFQ,Morex I.,HUMIDITY CONTROLLED WAREHOUSE REPAIR - STEAM CYLINDER FOR THREE PHASE MDS/MDD UNITS,HUMIDITY CONTROLLED WAREHOUSE REPAIR - STEAM CYLINDER FOR THREE PHASE MDS/MDD UNITS,Mechanical Items,Mechanical,14369.25,USD, ,Order
9591,Q-1192-F7582,FIRESTOP,26 Jan 2017,IQ,City C.C.,B+G+10 Residential Building Wadi Al Safa 3 Plot No 6458125 LPO # 10210,SUPPLY OF MVL FIRESTOP MATERIALS,Firestop/ DC 315,Fire,55984.56,AED,Waleed B.M.,Order
9592,Q-1005-M6999,MACRO,26 Jan 2017,IQ,American E.-.,Water Heaters -  PR6047077,Water Heaters -  PR6047077,Mechanical Items,Mechanical,28800,USD, ,Quotation
9593,RFQ-1593-M4101,MACRO,26 Jan 2017,RFQ,Morex I.,Steam Cylinder For Three Phase MDS/MDD Units,Steam Cylinder For Three Phase MDS/MDD Units,Mechanical Items,Mechanical,14369.25,USD, ,Quotation
9594,Q-1192-F7581,FIRESTOP,26 Jan 2017,IQ,Al S.N.,Project In Kuwait,Supply Of DC315,Firestop/ DC 315,Fire,14000,USD,Karim E.,Order
9595,Q-1192-F7580,FIRESTOP,26 Jan 2017,IQ,Dubco C.L.,G+2+ROOF @ Deira (LPO/T 280117-02592),Supply Of MEP Materials,Firestop/ DC 315,Fire,13507.3,AED,Waleed B.M.,Order
9596,RFQ-1569-V4252,MACRO,26 Jan 2017,RFQ,Blue C.F.,FURNITURE 1803,FURNITURE 1803,Building Materials,Various,7695,AED, ,Order
9597,Q-1005-M6998,MICRON,26 Jan 2017,IQ,408th C.S.,61--HKIA Generators - Solicitation Number: PAN408-17-P-0000-004991,61--HKIA Generators - Solicitation Number: PAN408-17-P-0000-004991,Mechanical Items,Mechanical,168600,USD, ,Quotation
9598,Q-1192-F7579,FIRESTOP,26 Jan 2017,IQ,United F.G.,"Celestia Hotel Apartment, DIP 2 Dubai LPO CEL010",Supply Of D64T50,Firestop/ DC 315,Fire,5100,AED,Samar T.,Order
9599,Q-1192-F7578,FIRESTOP,25 Jan 2017,IQ,Rotana C.L.,"Gardenia Residential Bldg B+G+4 Floor + Roof JEBEL ALI, JUMEIRAH VILLAGE DISTRICT 15 ON PLOT. JVC 15 S MRA 400",SUPPLY OF CJ MATERIALS,Firestop/ DC 315,Fire,32010,AED,Waleed B.M.,Quotation
9600,Q-1192-F7577,FIRESTOP,25 Jan 2017,IQ,Anc C.L.,NEW FOUR STAR HOTEL (B+G+7+ROOF) PLOT NO. PJCRC32E_F LPOA310/527,SUPPLY OF INSS1186,Firestop/ DC 315,Fire,32450,AED,Waleed B.M.,Order
9601,Q-1192-F7576,FIRESTOP,25 Jan 2017,IQ,Tritech T.S.,Proposed Tower 3B+G+25 On Plot No. 682-147 Dubai Sports City TT-TR/LPO MVL-01,Supply Of INSS1440 And INFS0812,Firestop/ DC 315,Fire,7005,AED,Waleed B.M.,Order
9602,Q-1192-F7575,FIRESTOP,25 Jan 2017,IQ,Central C.L.,"Residential Building (G+2+Roof) Plot No 129-347 Port Saeed, Dubai LPO 200200",Supply Of MVL Firestop Materials,Firestop/ DC 315,Fire,14461.25,AED,Venoth T.A.,Order
9603,Q-1192-F7574,FIRESTOP,24 Jan 2017,IQ,Al A.E.,"B+G+1P+10+R Commercial & Residentail Building On Plot # 416-8067 At Nadd Al Hamar, Dubai SS/17LPO/104",SUPPLY OF MVL FIRESTOP MATERIALS,Firestop/ DC 315,Fire,3756,AED,Samar T.,Order
9604,Q-1192-F7573,FIRESTOP,24 Jan 2017,IQ,Al H.C.,P-142-10 (B+G+22F) HOTEL BLDG On Plot No. 3920454 @ Marsa Dubai PO0031232,SUPPLY OF FM011 AND D64T50,Firestop/ DC 315,Fire,39600,AED,Waleed B.M.,Order
9605,Q-1192-F7572,FIRESTOP,24 Jan 2017,IQ,Omis C.C.,191-JOB #136 B+G+1st +Roof Al Juraina Mall PO-10200,SUPPLY OF INSS1186,Firestop/ DC 315,Fire,11500,AED,Samar T.,Order
9606,Q-1192-F7571,FIRESTOP,24 Jan 2017,IQ,Somar A.&.,2B+G+24 Floor Residential Bldg. At Al Nahda-Dubai LPO 003054,SUPPLY OF INSS2460,Firestop/ DC 315,Fire,8000,AED,Venoth T.A.,Order
9607,Q-1192-F7570,FIRESTOP,23 Jan 2017,IQ,Tritech T.S.,MATERIALS FOR MOCK UP,Supply Of INSS1440,Firestop/ DC 315,Fire,312.5,AED,Waleed B.M.,Order
9608,RFQ-1192-C6033,FIRESTOP,23 Jan 2017,RFQ,Basf K.P.,Elastospray 1612/46,POLYURETHANE SYSTEM - INSULATION MATERIAL,Polyurethane Foam,Chemicals,28904,AED, ,Order
9609,Q-1192-F7569,MACRO,22 Jan 2017,IQ,Procon E.L.,Deira City Centre,SUPPLY OF MVL FIRESTOP MATERIALS,Firestop/ DC 315,Fire,4040,USD,Samar T.,Order
9610,RFQ-1569-V4353,MACRO,19 Jan 2017,RFQ,Vector D.S.,Grandstream IP PABX Solution,Grandstream IP PABX Solution,Misc.,Various,27000,AED, ,Order
9611,Q-982-V4353,MACRO,19 Jan 2017,IQ,Mvl G.,"Delivery, Custon Duty And Clearing Of Greenheck Exhaust Fans","Delivery, Custon Duty And Clearing Of Greenheck Exhaust Fans",Misc.,Various,5096,USD, ,Quotation
9612,Q-1192-F7568,FIRESTOP,19 Jan 2017,IQ,Egy B.C.,Project In Jebel Ali,Supply Of INSS1440 And D64T50,Firestop/ DC 315,Fire,360,AED,Waleed B.M.,Order
9613,Q-1192-F7567,FIRESTOP,19 Jan 2017,IQ,Al A.E.,"B+G+1P+10+R Commercial & Residentail Building On Plot # 416-8067 At Nadd Al Hamar, Dubai SS/17LPO/097",SUPPLY OF MVL FIRESTOP MATERIALS,Firestop/ DC 315,Fire,4607.5,AED,Samar T.,Order
9614,Q-1005-E6984,MACRO,18 Jan 2017,IQ,Metron I.,Francis Lights - Customs Duty & Clearance At Doha/Qatar Matoc,Francis Lights - Customs Duty & Clearance At Doha/Qatar Matoc,Electrical,Electrical,2514,USD,Mahesh B.,Order
9615,Q-1192-F7566,FIRESTOP,18 Jan 2017,IQ,Al G.&.,Emaar Hills Development Buildings Project,SUPPLY OF INSS0285,Firestop/ DC 315,Fire,0,AED,Samar T.,Quotation
9616,RFQ-1192-V4366,FIRESTOP,18 Jan 2017,RFQ,Alam A.,Flyer 350 GSM Printing 4 Color 2 Side Matt Lamination 2 Side 48 X16.5 Cm,Flyer 350 GSM Printing 4 Color 2 Side Matt Lamination 2 Side 48 X16.5 Cm,Misc.,Various,1900,AED, ,Order
9617,Q-1005-V4442,MACRO,18 Jan 2017,IQ,Metron I.,Smith Hydraulic Motor - Customs Duty & Clearence At Doha/Qatar Matoc,Smith Hydraulic Motor - Customs Duty & Clearence At Doha/Qatar Matoc,Misc.,Various,2434,USD,Mahesh B.,Order
9618,Q-1192-F7564,FIRESTOP,18 Jan 2017,IQ,Ghantoot B.G.,CONSTRUCTION OF ADNOC PUMP,Supply Of Sealants,Firestop/ DC 315,Fire,1135.2,AED,Waleed B.M.,Quotation
9619,Q-1192-F7563,FIRESTOP,18 Jan 2017,IQ,Evershine C.L.,G+11 Building At Al Nahda 2nd PO 1502278,SUPPLY OF MVL FIRESTOP MATERIALS,Firestop/ DC 315,Fire,6676,AED,Waleed B.M.,Order
9620,Q-1005-T6949,MACRO,18 Jan 2017,IQ,Metron I.,Dynatower Tools - Customs Duty & Clearence At Doha/Qatar Matoc,Dynatower Tools - Customs Duty & Clearence At Doha,Tools,Tools,953,USD,Mahesh B.,Order
9621,Q-1192-F7562,FIRESTOP,17 Jan 2017,IQ,Al G.&.,Emaar Hills Development Buildings Project LPO HDBP-P-00193,SUPPLY OF INSS1186,Firestop/ DC 315,Fire,68000,AED,Samar T.,Order
9622,Q-1192-F7561,FIRESTOP,17 Jan 2017,IQ,Adnan C.L.,2B+G+6TYP+GYM+ROOF @ AL BARSHA,Supply Of MEP,Firestop/ DC 315,Fire,50192,AED,Samar T.,Quotation
9623,Q-1192-F7560,FIRESTOP,17 Jan 2017,IQ,Adnan C.L.,2B+G+6TYPICAL+GYM+R @ AL BARSHA,SUPPLY OF CJ MATERIALS,Firestop/ DC 315,Fire,50018,AED,Samar T.,Quotation
9624,Q-1005-R1500,MACRO,16 Jan 2017,IQ,Vista I.F.,Warehouse Rental And Handling Charges,Warehouse Rental And Handling Charges,Rental,Rental,4073,AED,Tamraz M.,Order
9625,Q-1192-F7559,FIRESTOP,16 Jan 2017,IQ,Al K.b.,B+G+2P+10 Building At Al Furjan Dubai,SUPPLY OF INSS1186,Firestop/ DC 315,Fire,1400,AED,Waleed B.M.,Order
9626,Q-1192-F7558,FIRESTOP,16 Jan 2017,IQ,Central C.L.,Hotel Apt+Comm.Bldg. (2B+G+M+3Typ+HC) On Plot No. 214-534 @ Al Gharhoud,Supply Of INSS1440,Firestop/ DC 315,Fire,1261.5,AED,Venoth T.A.,Order
9627,Q-1192-F7557,FIRESTOP,16 Jan 2017,IQ,Modern B.C.,"G+8+ Roofs (GYM) Residential Building Plot No 10-003 Nadd Hessa, Dubai Silicon Oasis Dubai LWO #111/13",Supply Of INSS1186,Firestop/ DC 315,Fire,3000,AED,Samar T.,Order
9628,Q-1192-F7556,FIRESTOP,16 Jan 2017,IQ,Al H.C.,P-140-10 2B+G+2P+18+R Hotel Bldg On Plot 346-556 Business Bay PO0031177,SUPPLY OF MVL FIRESTOP MATERIALS,Firestop/ DC 315,Fire,24738,AED,Waleed B.M.,Order
9629,Q-1192-F7555,FIRESTOP,15 Jan 2017,IQ,Royal I.C.,"G+4P+15 JV RESIDENTAL TOWER A JVC17TCP020A, JUMEIRAH VILLAGE CIRCLE",Supply Of CJ Materials,Firestop/ DC 315,Fire,26622,AED,Waleed B.M.,Quotation
9630,Q-1192-F7554,FIRESTOP,15 Jan 2017,IQ,Central C.L.,B+G+M+3+GYM+ROOF @ GARHOUD DUBAI LPO#200224,Supply Of MEP MVL Materials,Firestop/ DC 315,Fire,32838.75,AED,Venoth T.A.,Order
9631,Q-1192-F7553,FIRESTOP,15 Jan 2017,IQ,Media P.I.,"DHA Event-Zyad Hall, DWTC LPO 3244",Supply Of DC68,Firestop/ DC 315,Fire,1700,AED,Ramshad K.,Order
9632,Q-1192-F7552,FIRESTOP,15 Jan 2017,IQ,Progress C.L.,"PROPOSED COMMERCIAL & RESIDENTAL BUILDING (B+G+8+R) AT NADD HESSA, DUBAI PLOT NO. 10-006",SUPPLY OF MVL FIRESTOP MATERIALS,Firestop/ DC 315,Fire,78546.2,AED,Waleed B.M.,Quotation
9633,Q-1192-F7551,FIRESTOP,15 Jan 2017,IQ,Rotana C.L.,Proposed Hotel Building G+Mezz+2 Floor 51-Al Muteena,SUPPLY OF MVL FIRESTOP MATERIALS,Firestop/ DC 315,Fire,46006,AED,Waleed B.M.,Quotation
9634,RFQ-1569-V4352,MACRO,15 Jan 2017,RFQ,Voip S.,"PHONE SYSTEMS , 8 PHONE LINES (FOR EXISTING PHONE LINES) FXO PORTS","PHONE SYSTEMS , 8 PHONE LINES (FOR EXISTING PHONE LINES) FXO PORTS",Misc.,Various,6509.7,USD, ,Quotation
9635,Q-1192-F7550,FIRESTOP,12 Jan 2017,IQ,Trade L.,Project In Kuwait,Supply Of DC315,Firestop/ DC 315,Fire,12540,USD,Karim E.,Quotation
9636,Q-1192-F7549,FIRESTOP,12 Jan 2017,IQ,City C.C.,B+G+10 Residential Building Wadi Al Safa 3 Plot No 6458125 LPO # 10136-R,SUPPLY OF MVL FIRESTOP MATERIALS,Firestop/ DC 315,Fire,2255.26,AED,Waleed B.M.,Order
9637,Q-1192-C6032,FIRESTOP,12 Jan 2017,IQ,Al R.I.,Dubco Project,Supply Of MVLapolla,Polyurethane Foam,Chemicals,32994,AED,Waleed B.M.,Quotation
9638,Q-1192-F7548,FIRESTOP,11 Jan 2017,IQ,Rotana C.L.,Proposed Hotel Building G+Mezz+2 Floor 51-Al Muteena PO 7147,Supply Of INSS1440,Firestop/ DC 315,Fire,1872,AED,Waleed B.M.,Order
9639,Q-1192-F7547,FIRESTOP,11 Jan 2017,IQ,Somar A.&.,2B+G+24 Floor Residential Bldg. At Al Nahda-Dubai,Supply Of INSS2460,Firestop/ DC 315,Fire,1200,AED,Venoth T.A.,Order
9640,Q-117-3458,FIRESTOP,11 Jan 2017,IQ,Al A.E.,"B+G+1P+10+R Commercial & Residentail Building On Plot # 416-8067 At Nadd Al Hamar, Dubai",SUPPLY OF MVL FIRESTOP MATERIALS-MEP,Firestop/ DC 315,Fire,1037.55,AED,Samar T.,Quotation
9641,Q-1192-F7546,FIRESTOP,11 Jan 2017,IQ,Al K.b.,"Construction Of G+2 New School Building At Al Warqa, Dubai UAE LPO9355",Supply Of INSS1186-5G PAIL,Firestop/ DC 315,Fire,2000,AED,Waleed B.M.,Order
9642,Q-1192-F7545,FIRESTOP,11 Jan 2017,IQ,Rimal I.S.,Project In Abu Dhabi Airport Midfield Terminal PO-003/2017,Supply Of INSS1440 And INSS0285,Firestop/ DC 315,Fire,219870,AED,Karim E.,Order
9643,Q-1192-F7544,FIRESTOP,11 Jan 2017,IQ,Ahlia C.C.,Project In Kuwait,Supply Of DC315,Firestop/ DC 315,Fire,9900,USD,Venoth T.A.,Quotation
9644,Q-1192-F7543,FIRESTOP,10 Jan 2017,IQ,United E.C.,Town Square Development Phase 1-Proposed Construction Of Zahra Apartment Building (G+P+7) On Plot No. 15,SUPPLY OF MVL FIRESTOP MATERIALS,Firestop/ DC 315,Fire,2022.4,AED,Samar T.,Quotation
9645,Q-1192-F7542,FIRESTOP,10 Jan 2017,IQ,European A.&.,Premier Inn Hotel Al Jaddaf Project,Supply Of INSS2460 And INSS0285,Firestop/ DC 315,Fire,44,AED,Samar T.,Quotation
9646,Q-1192-F7541,FIRESTOP,10 Jan 2017,IQ,Modern E.S.,P-241-381 2B+G+12 RESIDENTIAL BLDG AL NAHDA,Supply Of FP04+,Firestop/ DC 315,Fire,288.5,AED,Waleed B.M.,Order
9647,Q-1192-F7540,FIRESTOP,10 Jan 2017,IQ,City C.C.,B+G+10 Residential Building Wadi Al Safa 3 Plot No 6458125,Supply Of MEP MVL Materials,Firestop/ DC 315,Fire,139480,AED,Waleed B.M.,Quotation
9648,Q-1192-F7539,FIRESTOP,09 Jan 2017,IQ,Seema A.W.,G+10 Project,Supply Of INSS2460 And INSS0285,Firestop/ DC 315,Fire,44,AED,Samar T.,Quotation
9649,Q-1192-F7538,FIRESTOP,09 Jan 2017,IQ,Becon C.C.,G+2P+10+R @ Al Qusais,SUPPLY OF CJ MATERIALS,Firestop/ DC 315,Fire,37500,AED,Venoth T.A.,Quotation
9650,Q-1192-F7537,FIRESTOP,09 Jan 2017,IQ,Somar A.&.,2B+G+24 Floor Residential Bldg. At Al Nahda-Dubai,Supply Of INSS2460,Firestop/ DC 315,Fire,400,AED,Venoth T.A.,Order
9651,Q-1192-F7536,FIRESTOP,09 Jan 2017,IQ,Rotana C.L.,Proposed Hotel Building G+Mezz+2 Floor,SUPPLY OF MVL FIRESTOP MATERIALS,Firestop/ DC 315,Fire,300.2,AED,Waleed B.M.,Quotation
9652,Q-1192-C6031,FIRESTOP,09 Jan 2017,IQ,Dubco C.L.,"159 Villa, AL Barsha UAE",Supply Of PU,Polyurethane Foam,Chemicals,0,AED,Waleed B.M.,Quotation
9653,Q-1192-F7535,FIRESTOP,09 Jan 2017,IQ,Al K.b.,"Construction Of G+2 New School Building At Al Warqa, Dubai UAE (LPO 9324)",SUPPLY OF INSS1186,Firestop/ DC 315,Fire,1000,AED,Waleed B.M.,Order
9654,RFQ-1613-V4351,MACRO,09 Jan 2017,RFQ,Delta S.C.,MATOC W912D2-16-D-0002-1509 Hydraulic Barricades Refurbishments - SUPPLY OF VARIOUS MATERIALS FROM DELTA SCIENTIFIC CORP,VARIOUS MATERIALS FROM DELTA SCIENTIFIC CORP,Misc.,Various,87660.87,USD, ,Order
9655,RFQ-1595-V4352,MACRO,09 Jan 2017,RFQ,Saudi R.M.,MATOC W912D2-16-D-0002-1513-CAS Road Marking Improvement (MATOC)  - SUPPLY OF PAINTS AND GLASS BEADS,WHITE AND YELLOW PAINT AND GLASS BEADS D/O,Misc.,Various,50087.5,SAR, ,Order
9656,RFQ-1595-V4351,MACRO,09 Jan 2017,RFQ,Smith M.,MATOC W912D2-16-D-0002-1513-CAS Road Marking Improvement (MATOC)  - SMITH MODEL X1 WET OR DRY BLASTER POWER ERASER,SMITH MODEL X1 WET OR DRY BLASTER POWER ERASER,Misc.,Various,21632.22,USD, ,Order
9657,Q-1192-F7534,FIRESTOP,08 Jan 2017,IQ,Procon E.,Project In Deira G+10 LPO (022/FP.571.AR/17),Supply Of INSS1440 And FM011,Firestop/ DC 315,Fire,4040,AED,Samar T.,Order
9658,Q-1192-F7533,FIRESTOP,08 Jan 2017,IQ,Emirates A.&.,Supply Of Sealant,Supply Of INSS0285,Firestop/ DC 315,Fire,12,AED,Samar T.,Quotation
9659,RFQ-982-S9123,MACRO,08 Jan 2017,RFQ,Metron I.,W5J9JE-15-C-0004 MFNDU - Marshal Fahim National Defense University,ORD-982-S9105-5 QR024 – Fuses And Caps For Generator # 10,Subcontract,Services,900,USD, ,Order
9660,Q-1005-M6997,MACRO,05 Jan 2017,IQ,Dubai E.a.,RFQ -  2011700091 - MULTIMETER 1011607527/28,RFQ -  2011700091 - MULTIMETER 1011607527/28,Mechanical Items,Mechanical,138865,AED,Marman I.,Quotation
9661,RFQ-1192-V4365,FIRESTOP,05 Jan 2017,RFQ,Alam A.,MVL - Lapolla Stickers,MVL - Lapolla Stickers,Misc.,Various,650,AED, ,Order
9662,Q-1192-F7532,FIRESTOP,05 Jan 2017,IQ,Quality G.I.,Supply Of MVL Firestop,Supply Of DC315,Firestop/ DC 315,Fire,14000,USD,Karim E.,Quotation
9663,Q-1192-F7531,FIRESTOP,05 Jan 2017,IQ,Al H.C.,Project In Al Nahda,Supply Of FP04+,Firestop/ DC 315,Fire,4611.2,AED,Waleed B.M.,Order
9664,Q-1192-F7530,FIRESTOP,04 Jan 2017,IQ,Al K.b.,"Construction Of G+2 New School Building At Al Warqa, Dubai UAE LPO9267",Supply Of INSS1186-5G Pail,Firestop/ DC 315,Fire,500,AED,Waleed B.M.,Order
9665,Q-1192-C6030,FIRESTOP,04 Jan 2017,IQ,Al R.I.,Project In Sharjah LPO #532,Supply Of Polyurethane Foam,Polyurethane Foam,Chemicals,21996,AED,Waleed B.M.,Order
9666,Q-1192-F7529,FIRESTOP,04 Jan 2017,IQ,Zebian A.G.,The Prive Tower Damac Project,Supply Of INSS2460 And INSS1186-SL,Firestop/ DC 315,Fire,654.5,AED,Samar T.,Quotation
9667,RFQ-1192-F7528,FIRESTOP,28 Dec 2016,RFQ,Green F.T.,INSS2460 FIRE BARRIER SILICONE SEALANT (WHITE),INSS2460 FIRE BARRIER SILICONE SEALANT (WHITE),Firestop/ DC 315,Fire,6050,USD, ,Quotation
9668,RFQ-982-S9122,MACRO,27 Dec 2016,RFQ,Macec -.M.,MFNDU,ORD-982-1592A-5 QR022 – DFAC Cooking Area Revisions And  Propane Supply Revisions,Subcontract,Services,160000,USD, ,Order
9669,Q-1192-F7527,FIRESTOP,27 Dec 2016,IQ,Kuwaitlink G.T.,KUWAIT PROJECT,SUPPLY OF DC315 THERMAL BARRIER,Firestop/ DC 315,Fire,13600,USD,Karim E.,Order
9670,Q-1192-F7526,FIRESTOP,27 Dec 2016,IQ,Egy B.C.,Project :G+2 Al Muteena Site (LPO 12990),SUPPLY OF MEP MATERIALS,Firestop/ DC 315,Fire,3030,AED,Waleed B.M.,Order
9671,Q-1192-F7525,FIRESTOP,27 Dec 2016,IQ,Reem C.C.,Vantage Tower G+4P+28+Roof (Project Code J004) LPO 5786,SUPPLY OF INSS1186,Firestop/ DC 315,Fire,31250,AED,Samar T.,Order
9672,Q-1192-F7524,FIRESTOP,26 Dec 2016,IQ,Tiger C.C.,Project In Sharjah LPO-8434,SUPPLY OF INSS2460,Firestop/ DC 315,Fire,5120,AED,Waleed B.M.,Order
9673,Q-1192-F7523,FIRESTOP,26 Dec 2016,IQ,Al T.C.,"RESIDENTIAL BUILDING , 274 AL KARAMA DUBAI LPO (09665)",SUPPLY OF INSS1186,Firestop/ DC 315,Fire,4487,AED,Waleed B.M.,Order
9674,Q-1192-F7522,FIRESTOP,26 Dec 2016,IQ,Aic C.L.,PROPOSED HOTEL BUILDING 2B+G+14 Floor+Roof On Plot No. 326-1450 At Al Jaddaf -Dubai UAE (LPO 005639),SUPPLY OF MEP MATERIALS,Firestop/ DC 315,Fire,92438,AED,Waleed B.M.,Order
9675,Q-1192-F7521,FIRESTOP,26 Dec 2016,IQ,Folcra B.I.,,SUPPLY OF Sealants INSS2460 INSS1186 INSS0285,Firestop/ DC 315,Fire,638.5,AED,Samar T.,Quotation
9676,Q-1005-A5000,MACRO,26 Dec 2016,IQ,Azizi M.L.,Rockwool Wall Panel 50MM - Afghanistan,Rockwool Wall Panel 50MM - Afghanistan,Sandwich Panel,Architectural,228250,USD,Maricar I.,Quotation
9677,Q-1192-F7520,FIRESTOP,26 Dec 2016,IQ,Rimal I.S.,Project In Abu Dhabi Airport,Supply Of INSS1440 And INSS0285,Firestop/ DC 315,Fire,791.1,AED,Venoth T.A.,Quotation
9678,Q-1192-F7519,FIRESTOP,26 Dec 2016,IQ,Aic C.L.,PROPOSED HOTEL BUILDING 2B+G+14 Floor+Roof On Plot No. 326-1450 At Al Jaddaf -Dubai UAE (LPO005641),SUPPLY OF CJ MATERIALS,Firestop/ DC 315,Fire,27000,AED,Waleed B.M.,Order
9679,Q-1192-F7518,FIRESTOP,26 Dec 2016,IQ,Dubco C.L.,2B+G+24FLR +HC DUBAI SPORTS CITY PLOT 682-145(R3a-10) LPO/T 251216-02055,SUPPLY OF MVL FIRESTOP MATERIALS,Firestop/ DC 315,Fire,16562,AED,Waleed B.M.,Order
9680,RFQ-1192-C6029,FIRESTOP,22 Dec 2016,RFQ,Basf K.P.,Elastospray 1611/17,POLYURETHANE SYSTEM - INSULATION MATERIAL,Polyurethane Foam,Chemicals,135280,AED, ,Order
9681,Q-1192-F7515,FIRESTOP,21 Dec 2016,IQ,Al Q.G.,1170-Zahia Garden Apartments Tranch1/MAF LPO 101700304,Supply Of INSS0285,Firestop/ DC 315,Fire,13500,AED,Waleed B.M.,Order
9682,Q-1005-E6983,MACRO,21 Dec 2016,IQ,American E.-.,US Embassy,LED Lighting Fixtures-Ledtronics,Electrical,Electrical,53741,USD, ,Quotation
9683,RFQ-1595-V4251,MACRO,20 Dec 2016,RFQ,Dutest Q.W.,19BLK625IW / 19MM 6X25 WIRE ROPE IWRC BLK And Wire Rope Clip,19BLK625IW / 19MM 6X25 WIRE ROPE IWRC BLK And Wire Rope Clip,Building Materials,Various,46683.6,QAR, ,Order
9684,Q-1192-F7514,FIRESTOP,20 Dec 2016,IQ,Rimal I.S.,Project In Abu Dhabi,Supply Of INSS2460,Firestop/ DC 315,Fire,230035,AED,Samar T.,Quotation
9685,Q-1192-F7513,FIRESTOP,20 Dec 2016,IQ,Becon C.C.,G+2P+10+R @ Al Qusais,SUPPLY OF MVL FIRESTOP MATERIALS,Firestop/ DC 315,Fire,62022,AED,Venoth T.A.,Quotation
9686,RFQ-1192-V4264,FIRESTOP,20 Dec 2016,RFQ,Fujeira R.F.,Rockwool Slab Unfaced (D160T50),Rockwool Slab Unfaced (D160T50),Building Materials,Various,40992.34,AED, ,Order
9687,Q-1192-F7512,FIRESTOP,20 Dec 2016,IQ,Procon E.,Project In Deira G+10  LPO (1218/FP.571.AR/16),SUPPLY OF MVL FIRESTOP MATERIALS,Firestop/ DC 315,Fire,2665,AED,Waleed B.M.,Order
9688,Q-1192-F7511,FIRESTOP,20 Dec 2016,IQ,Al K.b.,G+2P+10 Building At Al Furjan LPO9130,SUPPLY OF INSS1186,Firestop/ DC 315,Fire,1000,AED,Waleed B.M.,Order
9689,RFQ-1592-S9077,MACRO,19 Dec 2016,RFQ,Yashel Y.C.,"W5J9JE-16-C-0013 ANP-PAFSC - AFGHAN NATIONAL POLICE, POLICE ACADEMY  FEMALE STAFF COLLEGE, KABUL, AFGHANISTAN",ORD-Y108-01 KB001 Relocation Of LSA,Subcontract,Services,22800.01,USD, ,Order
9690,Q-1192-F7510,FIRESTOP,19 Dec 2016,IQ,Sayel I.C.,The Hills Project,Supply Of INSS2460 And INSS1186-SL,Firestop/ DC 315,Fire,633,AED,Samar T.,Quotation
9691,Q-1216-3400,FIRESTOP,19 Dec 2016,IQ,Asia P.G.,2B+Shopping Mall Ground & Mezzanie + 4Floors Hotel & Service Apartments On Plot No-1337974 Hor Al Anz East Dubai UAE,SUPPLY OF CJ MATERIALS,Firestop/ DC 315,Fire,696,AED,Samar T.,Quotation
9692,Q-1192-F7509,FIRESTOP,19 Dec 2016,IQ,Reem C.C.,VANTAGE TOWER G+4P+28 In JVC Dubai,SUPPLY OF INSS1186,Firestop/ DC 315,Fire,31250,AED,Samar T.,Quotation
9693,Q-1192-F7508,FIRESTOP,19 Dec 2016,IQ,Modern E.S.,P-241-381 2B+G+12 RESIDENTIAL BLDG ALNAHDA (PO 101611869),SUPPLY OF MVL FIRESTOP  MATERIALS,Firestop/ DC 315,Fire,6781.36,AED,Waleed B.M.,Order
9694,RFQ-1192-F7507,FIRESTOP,19 Dec 2016,RFQ,Green F.T.,O/A No. 20161216-009 (Firestop) To MVL,O/A No. 20161216-009 (Firestop) To MVL,Firestop/ DC 315,Fire,180049,USD, ,Order
9695,Q-1192-F7506,FIRESTOP,18 Dec 2016,IQ,Al T.C.,"RESIDENTIAL BUILDING , AL KARAMA DUBAI-LPO (09652)",Supply Of D64T50 Mineral Wool,Firestop/ DC 315,Fire,202,AED,Waleed B.M.,Order
9696,Q-1192-F7505,FIRESTOP,18 Dec 2016,IQ,Al Q.G.,Zahia Garden Apartment (Tranche 1)/MAF 1170 PO#101603195,SUPPLY OF INSS1186,Firestop/ DC 315,Fire,73260,AED,Waleed B.M.,Order
9697,RFQ-1608-V4251,MACRO,15 Dec 2016,RFQ,Francis S.L.,Francis Search Light A7162 And D21229,Francis Search Light A7162 And D21229,Building Materials,Various,8861,GBP, ,Order
9698,Q-1192-F7504,FIRESTOP,15 Dec 2016,IQ,Adnan C.C.,G+2+RESIDENTIAL BUILDING IN DEIRA,Supply Of MVL Firestop Materials,Firestop/ DC 315,Fire,1281.6,AED,Waleed B.M.,Order
9699,Q-1192-F7503,FIRESTOP,15 Dec 2016,IQ,Ias L.C.,B+G+12+R (RESIDENTIAL BLDG AT TECOM),SUPPLY OF INSS1140 FIRE BARRIER CAULK,Firestop/ DC 315,Fire,260,AED,Waleed B.M.,Order
9700,RFQ-637-V6856,MACRO,15 Dec 2016,RFQ,Hamidullah ,NINE MONTHS WARRANTY DEFICIENCIES,NINE MONTHS WARRANTY DEFICIENCIES,Building Materials,Various,1234.8,USD, ,Order
9701,RFQ-1569-V4351,MACRO,14 Dec 2016,RFQ,Bafco T.L.,OFFICE 1803 FURNITURES,OFFICE 1803 FURNITURES,Misc.,Various,42765,AED, ,Order
9702,Q-1192-F7502,FIRESTOP,14 Dec 2016,IQ,Al H.C.,P137-10(B+G+9+R) ON PLOT NO. PJCRC 38F @ PALM JUMEIRA DUBAI,Supply Of MVL Firestop Materials,Firestop/ DC 315,Fire,83000.8,AED,Waleed B.M.,Quotation
9703,Q-1216-3386,FIRESTOP,14 Dec 2016,IQ,Unisafe F.P.,FIRESTOP,FP 05 And INSS1440,Firestop/ DC 315,Fire,0,USD, ,Quotation
9704,Q-1192-F7501,FIRESTOP,13 Dec 2016,IQ,Rise &.S.,,Supply Of MVL Firestop Materials,Firestop/ DC 315,Fire,27691,AED,Venoth T.A.,Quotation
9705,RFQ-982-S9121,MACRO,13 Dec 2016,RFQ,Macec -.M.,W5J9JE-15-C-0004 MFNDU - Marshal Fahim National Defense University,"ORD-982-1592A-4 QR024 – Exterior Landing Canopies -Buildings 301, 304, 309",Subcontract,Services,62385,USD, ,Order
9706,Q-1192-F7500,FIRESTOP,12 Dec 2016,IQ,Geco M.&.,AL BATHA TOWERS,Supply Of MVL Firestop Materials,Firestop/ DC 315,Fire,133763,AED,Venoth T.A.,Quotation
9707,Q-1192-F7499,FIRESTOP,12 Dec 2016,IQ,Al Q.B.,AL JADDAF HOTEL,BACKING ROD,Firestop/ DC 315,Fire,200,AED,Waleed B.M.,Order
9708,Q-1192-F7498,FIRESTOP,12 Dec 2016,IQ,Al T.C.,"RESIDENTIAL BUILDING , AL KARAMA DUBAI-LPO (09640)",SUPPLY OF INSS1186 ELASTOMERIC FIRE CAULK,Firestop/ DC 315,Fire,8333,AED,Waleed B.M.,Order
9709,Q-1192-F7497,FIRESTOP,12 Dec 2016,IQ,Al T.C.,"RESIDENTIAL BUILDING, AL KARAMA DUBAI- LPO (09641)",SUPPLY OF INSS1186 ELASTOMERIC FIRE CAULK,Firestop/ DC 315,Fire,1923,AED,Waleed B.M.,Order
9710,RFQ-982-S9120,MACRO,07 Dec 2016,RFQ,Macec -.M.,MFNDU,ORD-982-1592A-6 QR023 WPP-DFAC PARTITION WALLS,Subcontract,Services,27775,USD, ,Order
9711,Q-1192-F7496,FIRESTOP,07 Dec 2016,IQ,Padena H.,IRAN PROJECT,Supply Of MVL Firestop Materials,Firestop/ DC 315,Fire,8780.8,AED,Samar T.,Quotation
9712,Q-1192-F7495,FIRESTOP,07 Dec 2016,IQ,Whitefield L.,,Supply Of MVL Firestop Materials,Firestop/ DC 315,Fire,2766.8,AED,Samar T.,Quotation
9713,Q-1192-F7492,FIRESTOP,06 Dec 2016,IQ,Pivot ,PIVOT PROJECT,Supply Of MVL Firestop Materials,Firestop/ DC 315,Fire,674,AED,Samar T.,Quotation
9714,Q-1192-F7491,FIRESTOP,06 Dec 2016,IQ,United F.G.,"CELETSTIA HOTEL APARTMENT, DIP 2 DUBAI",SUPPLY OF D64T50 MINERAL WOOL,Firestop/ DC 315,Fire,5100,AED,Samar T.,Order
9715,Q-1192-F7490,FIRESTOP,05 Dec 2016,IQ,United F.G.,"CONSTELLA APARTMENT PROJECT, MBCC-DAMAC JV 1",SUPPLY OF D64T50 AND INSS1186,Firestop/ DC 315,Fire,38100,AED,Samar T.,Order
9716,Q-1192-F7489,FIRESTOP,05 Dec 2016,IQ,Modern E.S.,G +13 @ AL NAHDA,Supply Of MVL Firestop Materials,Firestop/ DC 315,Fire,109.88,AED,Waleed B.M.,Quotation
9717,RFQ-1192-V4263,FIRESTOP,05 Dec 2016,RFQ,Fujeira R.F.,Rockwool Slab Unfaced (D160T50),Rockwool Slab Unfaced (D160T50),Building Materials,Various,4573.44,AED, ,Order
9718,Q-1192-F7488,FIRESTOP,04 Dec 2016,IQ,Al T.C.,"RESIDENTIAL BUILDING, AL KARAMA DUBAI (LPO 09628)",SUPPLY OF INSS1186 ELASTOMERIC FIRE CAULK,Firestop/ DC 315,Fire,9615,AED,Waleed B.M.,Order
9719,Q-1192-F7487,FIRESTOP,30 Nov 2016,IQ,Bilt M.E.,BILT PROJECT,Supply Of MVL Firestop Materials,Firestop/ DC 315,Fire,524632.88,AED,Venoth T.A.,Quotation
9720,Q-1192-F7486,FIRESTOP,30 Nov 2016,IQ,Evershine C.L.,PROPOSED B2 +G+11 +GYM GLOOR BUILDING 241-288 @ AL NAHDA ( PO 1502214),SUPPLY OF INSS1440 FIRE BARRIER CAULK,Firestop/ DC 315,Fire,553.3,AED,Waleed B.M.,Order
9721,Q-1192-F7485,FIRESTOP,30 Nov 2016,IQ,Modern E.S.,P-241-381 2B+G+12 RESIDENTIAL BLDG ALNAH (PO 101611245),Supply Of MVL Firestop Materials,Firestop/ DC 315,Fire,8147.16,AED,Waleed B.M.,Order
9722,RFQ-1592-V4251,MACRO,30 Nov 2016,RFQ,Cala L.S.,SAFETY HARD HATS AND SAFETY VEST AS PER ATTACHED SPECIFICATIONS AND DESIGN LOGO,SAFETY HARD HATS AND SAFETY VEST AS PER ATTACHED SPECIFICATIONS AND DESIGN LOGO,Building Materials,Various,2935,USD, ,Order
9723,RFQ-1592-T1000,MACRO,30 Nov 2016,RFQ,Voyage M.,SELF CONTAINED BREATHING APPARATUS (SCBA),SELF CONTAINED BREATHING APPARATUS (SCBA),Tools,Tools,3200,AED, ,Order
9724,Q-1192-F7484,FIRESTOP,29 Nov 2016,IQ,Nascon E.L.,Allure Luxury Apartments (Majestine) At Downtown Dubai,Supply Of MVL Firestop Materials,Firestop/ DC 315,Fire,0,USD,Karim E.,Quotation
9725,Q-1192-F7483,FIRESTOP,29 Nov 2016,IQ,Egy B.C.,EGY BUILD CONSTRUCTION L.L.C,Supply Of MVL Firestop Materials,Firestop/ DC 315,Fire,3030,AED,Waleed B.M.,Order
9726,Q-1116-3359,FIRESTOP,29 Nov 2016,IQ,Al T.C.,"Residential Building, Al Karama Dubai-LPO (09619)",Supply Of INSS1186 Elastomeric Fire Caulk,Firestop/ DC 315,Fire,6410,AED,Waleed B.M.,Order
9727,Q-1192-F7482,FIRESTOP,28 Nov 2016,IQ,Modern E.S.,P 231-350 MOHD. AQIL CAR PARKING-(PO 101611050),SUPPLY OF MVL FIRESTOP MATERIALS,Firestop/ DC 315,Fire,24355.33,AED,Waleed B.M.,Order
9728,Q-1192-F7481,FIRESTOP,28 Nov 2016,IQ,Al A.C.,G+5 At Al Warqa,Supply Of MVL Firestop Materials,Firestop/ DC 315,Fire,24110,AED,Samar T.,Quotation
9729,RFQ-982-S9031,MACRO,28 Nov 2016,RFQ,Metron C.&.,QR-020 - Repairs To Power Plant Generators 1 Through 11,Repairs To Power Plant Generators 1 Through 11,Construction,Services,59000,USD, ,Order
9730,Q-1116-3355,FIRESTOP,28 Nov 2016,IQ,Siraj I.A.,General Projects,Supply Of MVL Firestop Materials,Firestop/ DC 315,Fire,674,AED,Samar T.,Quotation
9731,Q-1192-F7480,FIRESTOP,28 Nov 2016,IQ,Media P.I.,,SUPPLY OF DC68 SPRAY TO PROTECT,Firestop/ DC 315,Fire,25200,AED,Ramshad K.,Quotation
9732,RFQ-1192-F7479,FIRESTOP,22 Nov 2016,RFQ,Green F.T.,"MVL FIRESTOP 6TH ORDER - INSS2460 , CFS01 , And Stainless Steel Hoop For INFS0812","INSS2460 , CFS01 , And Stainless Steel Hoop For INFS0812",Firestop/ DC 315,Fire,0,USD, ,Quotation
9733,Q-1192-F7478,FIRESTOP,22 Nov 2016,IQ,Al A.C.,G+4 RESIDENTIAL BUILDING (PO #2117),Supply Of MVL Firestop Materials,Firestop/ DC 315,Fire,836,AED,Waleed B.M.,Order
9734,Q-1192-F7477,FIRESTOP,21 Nov 2016,IQ,Media P.I.,AL ETIHAD TOWERS ABU DHABI,SUPPLY OF DC68 SPRAY TO PROTECT,Firestop/ DC 315,Fire,1400,AED,Ramshad K.,Order
9735,Q-1192-F7476,FIRESTOP,20 Nov 2016,IQ,Al T.C.,"Residential Buidling, Al Karama Dubai -LPO (09605)",Supply Of INSS1186 Elastomeric Fire Caulk,Firestop/ DC 315,Fire,5769,AED,Waleed B.M.,Order
9736,Q-1192-F7473,FIRESTOP,16 Nov 2016,IQ,United F.G.,"Celestia Hotel Apartment, DIP 2 Dubai LPO CEL005",Supply Of D64T50,Firestop/ DC 315,Fire,2550,AED,Samar T.,Order
9737,Q-1192-F7472,FIRESTOP,16 Nov 2016,IQ,United F.G.,"Constella Apartment Project, MBCC-Damac @ JVC1 LPO CON005",SUPPLY OF INSS1186 And D64T50,Firestop/ DC 315,Fire,15750,AED,Samar T.,Order
9738,Q-1192-F7471,FIRESTOP,16 Nov 2016,IQ,Ias L.C.,"2B+G+12+R (Residential Bldg At Tecom,Dubai)",SUPPLY OF MVL FIRESTOP MATERIALS,Firestop/ DC 315,Fire,4755,AED,Waleed B.M.,Order
9739,Q-1005-E6981,MACRO,16 Nov 2016,IQ,Macec G.O.,MFNDU,Electrical Base Board Heater & Ceiling Fan,Electrical,Electrical,2235,USD,Mahesh B.,Order
9740,Q-1192-F7470,FIRESTOP,15 Nov 2016,IQ,Egy B.C.,Project In Deira,SUPPLY OF MVL FIRESTOP MATERIALS,Firestop/ DC 315,Fire,1040.4,AED,Waleed B.M.,Quotation
9741,Q-1192-F7469,FIRESTOP,15 Nov 2016,IQ,Al Q.B.,B+G+13 Typical Floors-4 Star Hotel Building Location : 1103 (LPO 101602946),SUPPLY OF INSS1186,Firestop/ DC 315,Fire,48840,AED,Waleed B.M.,Order
9742,Q-1192-F7468,FIRESTOP,15 Nov 2016,IQ,Modern B.C.,DUBAILAND 2B(Parking) +G+9+Typical RC-D-030 LWO 108/23,SUPPLY OF CJ MATERIALS,Firestop/ DC 315,Fire,9360,AED,Samar T.,Order
9743,Q-1192-F7467,FIRESTOP,15 Nov 2016,IQ,Modern E.S.,P-231-259 AL NAHDA HOTEL G+13 LPO 101610649,Supply Of INSS1440,Firestop/ DC 315,Fire,3963.28,AED,Waleed B.M.,Order
9744,Q-1192-F7466,FIRESTOP,14 Nov 2016,IQ,Al S.N.,Majestine Allure-Business Bay,SUPPLY OF INSS1186-LM,Firestop/ DC 315,Fire,4,AED,Waleed B.M.,Quotation
9745,Q-1192-F7465,FIRESTOP,13 Nov 2016,IQ,Al Q.G.,Garden Apartment (Tranche 1) Plot No 482/1868 Muwailih Commercial Sharjan UAE,SUPPLY OF CJ MATERIALS,Firestop/ DC 315,Fire,106416,AED,Waleed B.M.,Quotation
9746,Q-1192-F7464,FIRESTOP,13 Nov 2016,IQ,Unisafe F.P.,Unisafe Substation Project-(PO-P160537),"Supply Of INSS1440,FP05 And D64T50",Firestop/ DC 315,Fire,131486,AED,Samar T.,Order
9747,Q-1005-F7059,MACRO,13 Nov 2016,IQ,Specialized P.S.,SPS QATAR,Supply Of MVL Firestop Materials,Firestop/ DC 315,Fire,13225,AED, ,Quotation
9748,Q-1192-F7463,FIRESTOP,13 Nov 2016,IQ,Dubco C.L.,2B+G+24FLR +HC DUBAI SPORTS CITY PLOT 682-145(R3a-10) LPO/T 121116-01366,SUPPLY OF MVL FIRESTOP MATERIALS,Firestop/ DC 315,Fire,9996,AED,Waleed B.M.,Order
9749,Q-1192-F7462,FIRESTOP,09 Nov 2016,IQ,City C.C.,"Residential Building In Al Warqa,Dubai UAE #0001",Supply Of CFS01 And D120T50,Firestop/ DC 315,Fire,1065,AED,Waleed B.M.,Order
9750,Q-1192-F7461,FIRESTOP,09 Nov 2016,IQ,United F.G.,"MBCC-Constella Apartment Project, Damac JVC1 LPO CON004",Supply Of D64T50,Firestop/ DC 315,Fire,850,AED,Samar T.,Order
9751,Q-1116-3330,FIRESTOP,09 Nov 2016,IQ,United F.G.,"MBCC-CONSTELLA Apartment Project, Damac, JVC 1 LPO CON003",SUPPLY OF CJ MATERIALS,Firestop/ DC 315,Fire,14050,AED,Samar T.,Order
9752,Q-1005-F7058,MACRO,08 Nov 2016,IQ,Construction M.C.,Construction Material Chemical Industries/Arabian Vermiculite Industries,Supply Of DC6150 Cable Coating,Firestop/ DC 315,Fire,137400,USD,Karim E.,Quotation
9753,Q-1192-F7460,FIRESTOP,08 Nov 2016,IQ,Granada E.E.,BINGHATTI Oasis G+2P+8Floors+R Silicon Oasis Plot No 20-009,SUPPLY OF INSS1186,Firestop/ DC 315,Fire,18000,AED,Waleed B.M.,Quotation
9754,Q-1192-F7459,FIRESTOP,08 Nov 2016,IQ,Fixit S.,Kempinski Project In Palm Jumeirah,SUPPLY OF INSS1186,Firestop/ DC 315,Fire,1350,AED,Waleed B.M.,Order
9755,Q-1005-L4034,MACRO,06 Nov 2016,IQ,Metron I.,Transportation-Door To Door/Task Order 130-ACCU- Camp Sayliyah,"Air Cooled Condensed Units(ACCU)- From Manama,Baharain To Camp As Sayliyah,Doha Qatar",Transportation,Logistics,6300,USD, ,Quotation
9756,Q-1192-F7458,FIRESTOP,06 Nov 2016,IQ,Modern B.C.,DUBAILAND 2B(Parking) +G+9+Typical RC-D-030 LPO #108/22,SUPPLY OF MVL FIRESTOP MATERIALS,Firestop/ DC 315,Fire,20130,AED,Samar T.,Order
9757,Q-1192-F7456,FIRESTOP,03 Nov 2016,IQ,Al A.B.,"Proposed 3B+G+11Floors+Roof Commercial & Residential Building On Plot No. 319-310 Block Oud Metha, Dubai",SUPPLY OF MEP MATERIALS,Firestop/ DC 315,Fire,105762.6,AED,Venoth T.A.,Quotation
9758,Q-1192-F7455,FIRESTOP,03 Nov 2016,IQ,Al A.G.,,SUPPLY OF INSS2460 And INSS1186-SL,Firestop/ DC 315,Fire,633,AED,Samar T.,Quotation
9759,Q-1192-F7454,FIRESTOP,02 Nov 2016,IQ,Quality A.&.,,SUPPLY OF INSS2460 And INSS1186-SL,Firestop/ DC 315,Fire,633,AED,Samar T.,Quotation
9760,Q-1192-F7453,FIRESTOP,02 Nov 2016,IQ,Emirates A.&.,Dubai Land Project,SUPPLY OF INSS2460 FIRE BARRIER SILICONE SEALANT,Firestop/ DC 315,Fire,15975,AED,Samar T.,Order
9761,Q-1192-F7452,FIRESTOP,02 Nov 2016,IQ,Al H.C.,"Proposed B+G+9 Floor Hotel Building Palm Jumeirah, DXB Plot PJCRC 38F",SUPPLY OF CJ MATERIALS,Firestop/ DC 315,Fire,62173.6,AED,Waleed B.M.,Quotation
9762,Q-1192-F7451,FIRESTOP,02 Nov 2016,IQ,Al H.C.,"Proposed B+G+9 Floor Hotel Building Palm Jumeirah, DXB Plot PJCRC 38F",SUPPLY OF MEP FIRESTOP MATERIALS,Firestop/ DC 315,Fire,83000.8,AED,Waleed B.M.,Order
9763,Q-1192-F7450,FIRESTOP,31 Oct 2016,IQ,United F.G.,MBCC-Celestia Project LPO CEL005,SUPPLY OF D64T50,Firestop/ DC 315,Fire,255,AED,Samar T.,Order
9764,Q-1192-F7449,FIRESTOP,31 Oct 2016,IQ,Somar A.&.,2B+G+24 Floor Residential Bldg. At Al Nahda-Dubai,SUPPLY OF CJ MATERIALS,Firestop/ DC 315,Fire,1739000,AED,Venoth T.A.,Quotation
9765,Q-1192-F7448,FIRESTOP,31 Oct 2016,IQ,Modern E.S.,P-241-381 2B+G+12 Residential Bldg Al Nahda LPO 101610150,SUPPLY OF MVL FIRESTOP MATERIALS,Firestop/ DC 315,Fire,11547.05,AED,Waleed B.M.,Order
9766,Q-1192-F7447,FIRESTOP,31 Oct 2016,IQ,Modern B.C.,TOPAZ 1 LWO#111/11,SUPPLY OF INSS1186 And D64T50,Firestop/ DC 315,Fire,11400,AED,Samar T.,Order
9767,Q-1192-F7446,FIRESTOP,30 Oct 2016,IQ,Al S.N.,,SUPPLY OF INSS2460,Firestop/ DC 315,Fire,56.5,AED,Waleed B.M.,Quotation
9768,Q-1192-F7445,FIRESTOP,30 Oct 2016,IQ,Bu H.C.,"Proposed 3B+G+11Floors+Roof Commercial & Residential Building On Plot No. 319-310 Block Oud Metha, Dubai",SUPPLY OF INSS1186,Firestop/ DC 315,Fire,733,AED,Venoth T.A.,Quotation
9769,Q-1192-F7444,FIRESTOP,30 Oct 2016,IQ,Dubco C.L.,G+13 Residential Building In Al Nahda LPO/T 091116-011319,SUPPLY OF MVL FIRESTOP MATERIALS,Firestop/ DC 315,Fire,9316,AED,Waleed B.M.,Order
9770,Q-1192-F7443,FIRESTOP,30 Oct 2016,IQ,Tiger C.C.,Tiger Contracting Project In JVC,Supply Of INSS2460 (Grey) And INSS2460 (Black),Firestop/ DC 315,Fire,64000,AED,Waleed B.M.,Order
9771,Q-1192-F7442,FIRESTOP,27 Oct 2016,IQ,National G.C.,RESIDENTIAL COMPOUND AT RAS ALKHAIMAH - 126 VILLAS,SUPPLY OF MVL FIRESTOP MATERIALS,Firestop/ DC 315,Fire,1295252,AED,Karim E.,Quotation
9772,Q-1192-F7441,FIRESTOP,27 Oct 2016,IQ,Al S.G.,"Motor City Green Community Expansion Phase III, Plot # 6742008",SUPPLY OF INSS1186-LM,Firestop/ DC 315,Fire,4.3,AED,Waleed B.M.,Quotation
9773,Q-1192-F7440,FIRESTOP,27 Oct 2016,IQ,Prime S.E.,MADA TOWER Proposed G+4P+32 Residential Building On Plot No. 3450417 Burj Khalifa,SUPPLY OF MVL FIRESTOP MATERIALS,Firestop/ DC 315,Fire,299.2,AED,Waleed B.M.,Quotation
9774,Q-1005-C6016,MACRO,26 Oct 2016,IQ,National G.C.,320 Villas,QUOTATION FOR WET AREA,Polyurethane Foam,Chemicals,571200,AED,Karim E.,Quotation
9775,Q-1192-F7439,FIRESTOP,26 Oct 2016,IQ,Al T.C.,"Residential Building, AL Karama Dubai-(LPO 09547)",Supply Of INSS1186 And D64T50 -(LPO 09547),Firestop/ DC 315,Fire,6132.6,AED,Waleed B.M.,Order
9776,Q-1592-S9071A,MACRO,25 Oct 2016,IQ,Yashel Y.C.,Cont # W5J9JE-16-C-0013 Police Academy Female Staff College,W5J9JE-16-R-0049 Classification Code: 236220 - Commercial And Institutional Building Construction,Subcontract,Services,4020000,USD, ,Order
9777,Q-1016-3299,FIRESTOP,25 Oct 2016,IQ,Fixit S.,Kempinski Project In Palm Jumeirah,Supply Of INSS1186 Elastomeric Fire Caulk And D64T50,Firestop/ DC 315,Fire,776,AED,Waleed B.M.,Order
9778,Q-1192-F7438,FIRESTOP,24 Oct 2016,IQ,Al G.&.,Emaar Hills Development Buildings Project LPO HDBP-P-00141,SUPPLY OF INSS1186,Firestop/ DC 315,Fire,14180,AED,Samar T.,Order
9779,Q-1016-3297,MACRO,24 Oct 2016,IQ,National G.C.,320 Villas,Combo Roofing System -1601/17 Foam,Polyurethane Foam,Chemicals,10592400,AED,Karim E.,Quotation
9780,Q-1016-3296,MACRO,24 Oct 2016,IQ,National G.C.,320 Villas,Combo Roofing System-1611/17 Foam,Polyurethane Foam,Chemicals,9797970,AED,Karim E.,Quotation
9781,Q-1005-L4033,MACRO,24 Oct 2016,IQ,Metron I.,W912D2-16-D-0002 -1601- Dyna Guard Tower,"Dyna  Tower System Transportation From Ex.Works Amman, Jordan To Camp Sayliyah Doha, Qatar -",Transportation,Logistics,30000,USD,Mahesh B.,Order
9782,Q-1192-F7436,FIRESTOP,23 Oct 2016,IQ,Media P.I.,"Dubai Design Week, D3-Hall 4",DC68 Spray To Protect,Firestop/ DC 315,Fire,2000,AED,Ramshad K.,Order
9783,Q-1005-V6977,MACRO,23 Oct 2016,IQ,Sjohnson ,RFI 10052016 COIL STEEL,RFI 10052016 COIL STEEL,Building Materials,Various,901460,USD, ,Quotation
9784,Q-1192-F7435,FIRESTOP,23 Oct 2016,IQ,Ghantoot B.G.,B+G+5 Apartments Dubai Investment Park-Centurion Residence LPO 8138,SUPPLY OF MVL FIRESTOP MATERIALS,Firestop/ DC 315,Fire,38995,AED,Ramshad K.,Order
9785,Q-1615-S9071,MACRO,20 Oct 2016,IQ,Metron C.&.,QR-139 W912D2-16-R-1625 1-43 ADA TROPO Platform (MATOC),TOR 1625 1-43 ADA TROPO Platform (MATOC),Subcontract,Services,110000,USD, ,Quotation
9786,Q-1192-F7434,FIRESTOP,19 Oct 2016,IQ,Al B.a.,Jumeira Villa Project,SUPPLY OF INSS1186-LM,Firestop/ DC 315,Fire,739.04,AED,Venoth T.A.,Quotation
9787,Q-1192-F7433,FIRESTOP,18 Oct 2016,IQ,Dubco C.L.,G+13 Residential Building In Al Nahda,Supply Of INSS1440,Firestop/ DC 315,Fire,574.7,AED,Waleed B.M.,Quotation
9788,Q-1192-F7432,FIRESTOP,17 Oct 2016,IQ,Global C.L.,ELITE 08 Sports Residence (B+G+4P+18Typ. Floors Gym Service Roof) Plot No. (682-4209) LPO GC/E8/1490,SUPPLY OF FM012,Firestop/ DC 315,Fire,7500,AED,Waleed B.M.,Order
9789,Q-1192-F7431,FIRESTOP,17 Oct 2016,IQ,Im G.C.,500 IMG Villa Project At Nadal Shiba,SUPPLY OF MVL FIRESTOP MATERIALS,Firestop/ DC 315,Fire,33396.2,AED,Waleed B.M.,Quotation
9790,Q-1192-F7430,FIRESTOP,17 Oct 2016,IQ,Becon C.C.,B+G+4 Residential Building On Plot No. JVC13KMRP003 Al Barsha South Foruth (681) JVC Dubai UAE,SUPPLY OF CJ MATERIALS,Firestop/ DC 315,Fire,28414,AED,Venoth T.A.,Quotation
9791,Q-1192-F7429,FIRESTOP,17 Oct 2016,IQ,Ghantoot B.G.,B+G+5 Apartments Dubai Investment Park-Centurion Residence,SUPPLY OF MVL FIRESTOP MATERIALS,Firestop/ DC 315,Fire,641,AED,Ramshad K.,Order
9792,Q-1192-F7428,FIRESTOP,17 Oct 2016,IQ,Zenith S.C.,"Residential Building Basement +Ground+14 Floors+Gym On Plot # 682-1387 At Dubai Sports City, UAE LPO 1476",SUPPLY OF MVL FIRESTOP MATERIALS,Firestop/ DC 315,Fire,5975.08,AED,Samar T.,Order
9793,Q-1192-F7427,FIRESTOP,16 Oct 2016,IQ,Adnan C.C.,G+2 Residential Building In Deira,SUPPLY OF MVL FIRESTOP MATERIALS,Firestop/ DC 315,Fire,6749.9,AED,Waleed B.M.,Order
9794,Q-1192-F7426,FIRESTOP,16 Oct 2016,IQ,Modern B.C.,DUBAI LAND 2B(Parking)+G+9+Typical LWO #108/20,SUPPLY OF MVL FIRESTOP MATERIALS,Firestop/ DC 315,Fire,28320,AED,Samar T.,Order
9795,RFQ-1592-S9074,MACRO,15 Oct 2016,RFQ,S&b I.L.,Cont # W5J9JE-16-C-0013 Police Academy Female Staff College,Design For W5J9JE-16-C-0013 Police Academy Female Staff College,Subcontract,Services,89381.11,USD, ,Order
9796,Q-1192-F7424,FIRESTOP,12 Oct 2016,IQ,Al T.C.,"Residential Building, Al Karama, Dubai (LPO 09509)",Supply Of INSS1186 And D64T50,Firestop/ DC 315,Fire,6132.6,AED,Waleed B.M.,Order
9797,Q-1192-F7423,FIRESTOP,12 Oct 2016,IQ,Ias L.C.,"2B+G+12+R (Residential Bldg At Tecom,Dubai) LPO # C3518",SUPPLY OF CJ MATERIALS,Firestop/ DC 315,Fire,1850,AED,Waleed B.M.,Order
9798,Q-1192-F7422,FIRESTOP,12 Oct 2016,IQ,Modern E.S.,P-259 AL NAHDA G+13 LPO 101609457,SUPPLY OF INSS1186,Firestop/ DC 315,Fire,18364.5,AED,Waleed B.M.,Order
9799,Q-1192-F7421,FIRESTOP,12 Oct 2016,IQ,Modern B.C.,Project In DubaiLand (Mock Up),SUPPLY OF FIRESTOP MATERIALS,Firestop/ DC 315,Fire,554.1,AED,Samar T.,Order
9800,Q-1192-F7420,FIRESTOP,11 Oct 2016,IQ,United E.C.,Town Square Development Phase 1-Proposed Construction Of Zahra Apartment Building (G+P+7) On Plot No. 15,SUPPLY OF INSS1186,Firestop/ DC 315,Fire,788.55,AED,Venoth T.A.,Quotation
9801,RFQ-1616-V4251,MACRO,11 Oct 2016,RFQ,Union P.F.,QATAR - W912D2-16-P-0035 - Perimeter Barriers,PRECAST CONCRETE ALASKA BARRIER AND PRECAST CONCRETE JERSEY BARRIER,Building Materials,Various,3051525,QAR, ,Order
9802,Q-1005-F7057,MACRO,10 Oct 2016,IQ,Fscr ,FSCR Turkey,Supply Of INSS1440 Fire Barrier Caulk,Firestop/ DC 315,Fire,843.75,USD,Karim E.,Order
9803,Q-1192-F7418,FIRESTOP,09 Oct 2016,IQ,Nsco B.C.,G+4P+24 At JVC Dubai,SUPPLY OF MVL FIRESTOP MATERIALS,Firestop/ DC 315,Fire,697.7,AED,Waleed B.M.,Quotation
9804,Q-1192-F7417,FIRESTOP,09 Oct 2016,IQ,Fixit S.,KEMPENSKI Project In Palm Jumeirah,SUPPLY OF MVL FIRESTOP MATERIALS,Firestop/ DC 315,Fire,1400,AED,Waleed B.M.,Order
9805,RFQ-1614-V4251,MACRO,09 Oct 2016,RFQ,Dyna S.L.,(QR-136) W912D2-16-D-0002-1601 Guard Tower 16 Demolition And Reconstruction,Dynatower Model DT7M (7 Metre) Including Standard Equipment,Building Materials,Various,242020,USD, ,Order
9806,Q-1192-C6028,FIRESTOP,09 Oct 2016,IQ,Central C.L.,G +5 Residential Bldg In Gerhoud,Combo Roofing System,Polyurethane Foam,Chemicals,0,USD, ,Quotation
9807,Q-1192-F7415,FIRESTOP,09 Oct 2016,IQ,Central C.L.,B+G+4 Two Residential Buildings LPO# 200017,SUPPLY OF MVL FIRESTOP MATERIALS,Firestop/ DC 315,Fire,27162.65,AED,Venoth T.A.,Order
9808,Q-1192-F7414,FIRESTOP,09 Oct 2016,IQ,Bu H.C.,"Proposed 3B+G+11Floors+Roof Commercial & Residential Building On Plot No. 319-310 Block Oud Metha, Dubai",SUPPLY OF CJ MATERIALS,Firestop/ DC 315,Fire,35860,AED,Venoth T.A.,Quotation
9809,RFQ-1592-S9073,DEFENSE,06 Oct 2016,RFQ,Truth l.E.,"W5J9JE-16-R-0049 Police Academy Female Staff College, Kabul, Afghanistan",Land Survey Services,Subcontract,Services,9000,USD, ,Quotation
9810,RFQ-1592-S9072,MACRO,06 Oct 2016,RFQ,Pamir G.S.,ANP-PAFSC,W5J9JE-16-R-0049 - Geotechnical Investigation,Subcontract,Services,16904,USD, ,Quotation
9811,Q-1192-F7413,FIRESTOP,05 Oct 2016,IQ,Rcc ,"B+G+8 Residential Building+ Health Club Plot No. 6488544 DubaiLand, Dubai",SUPPLY OF INSS1186,Firestop/ DC 315,Fire,713.5,AED,Samar T.,Quotation
9812,Q-1192-F7411,FIRESTOP,04 Oct 2016,IQ,Modern B.C.,Proposed Residential Building Two Building (G+11) On Plot AFRA022 And AFRA023 At Al Furjan Dubai UAE,SUPPLY OF MVL FIRESTOP MATERIALS,Firestop/ DC 315,Fire,5588.5,AED,Waleed B.M.,Order
9813,Q-1192-F7410,FIRESTOP,03 Oct 2016,IQ,Media P.I.,"Etisalat 2016, Gitex Technology",Supply Of DC68 Spray To Protect,Firestop/ DC 315,Fire,3200,AED,Ramshad K.,Order
9814,RFQ-982-S9119,MACRO,03 Oct 2016,RFQ,Metron I.,MFNDU,ORD982-S9105-4 QR021 – Repairs To Power Plant Generators 1 Through 11,Subcontract,Services,0,USD, ,Quotation
9815,Q-1192-F7409,FIRESTOP,03 Oct 2016,IQ,Omis C.C.,Zero 6 Community Mall – B+G+1ST+Roof Al Juraina Mall - Sharjah,SUPPLY OF CIVIL  FIRESTOP MATERIALS,Firestop/ DC 315,Fire,695.2,AED,Samar T.,Quotation
9816,Q-1192-F7408,FIRESTOP,29 Sep 2016,IQ,Creek C.C.,Proposed Building (G+7+Roof) Plot IC3-F-2 At Warsan Fourth 624,SUPPLY OF CJ MVL FIRESTOP MATERIALS,Firestop/ DC 315,Fire,14983,AED,Venoth T.A.,Quotation
9817,Q-1192-F7407,FIRESTOP,29 Sep 2016,IQ,Modern E.S.,P-231-259 Al Nahda Hotel G+13 LPO 101609219/101609457,SUPPLY OF MVL FIRESTOP MATERIALS,Firestop/ DC 315,Fire,31593.21,AED,Waleed B.M.,Order
9818,Q-1192-F7406,FIRESTOP,29 Sep 2016,IQ,Zener S.E.,Orbi At Mirdif City Center,SUPPLY OF MVL FIRESTOP MATERIALS,Firestop/ DC 315,Fire,4944.2,AED,Ramshad K.,Quotation
9819,Q-1192-F7405,FIRESTOP,29 Sep 2016,IQ,Procon E.L.,Procon Emirates Project,Supply Of DC333 Intumescent Fireproof Primer,Firestop/ DC 315,Fire,14000,AED,Samar T.,Quotation
9820,Q-1192-F7404,FIRESTOP,29 Sep 2016,IQ,China R.1.,Residential Building 2B+G+19+MEP+ROOF,SUPPLY OF MVL FIRESTOP MATERIALS,Firestop/ DC 315,Fire,171149.5,AED,Waleed B.M.,Quotation
9821,Q-1192-F7403,FIRESTOP,28 Sep 2016,IQ,Creek C.C.,Proposed Building (G+7+Roof) Plot IC3-F-2 At Warsan Fourth 624,SUPPLY OF MEP MVL FIRESTOP MATERIALS,Firestop/ DC 315,Fire,31981,AED,Venoth T.A.,Quotation
9822,Q-1192-F7402,FIRESTOP,28 Sep 2016,IQ,Al G.&.,Emaar Hills Project,SUPPLY OF MVL FIRESTOP MATERIALS,Firestop/ DC 315,Fire,680,AED,Samar T.,Quotation
9823,Q-916-3241,FIRESTOP,28 Sep 2016,IQ,Media P.I.,Adihex Exhibtion @ ADNEC Abu Dhabi,SUPPLY OF DC68,Firestop/ DC 315,Fire,2700,AED,Ramshad K.,Order
9824,Q-1192-F7401,FIRESTOP,28 Sep 2016,IQ,European A.&.,,SUPPLY Of INSS2460-Fire Barrier Silicone Sealant,Firestop/ DC 315,Fire,75000,AED,Samar T.,Quotation
9825,Q-1005-C6015,MACRO,27 Sep 2016,IQ,Al A.C.,Kempinski Hotel Palm Jumeirah,Supply And Application Of Baymer SHPU 141/2B,Polyurethane Foam,Chemicals,94500,AED,Karim E.,Quotation
9826,Q-1192-F7399,FIRESTOP,25 Sep 2016,IQ,Unisafe F.P.,AbuDhabi Company For Oil Operantions(ADCO),SUPPLY OF INSS1440 And D64T50,Firestop/ DC 315,Fire,4017.5,AED,Samar T.,Quotation
9827,Q-1192-F7398,FIRESTOP,25 Sep 2016,IQ,Modern E.S.,P-231-259 Al Nahda Hotel G+13 LPO 101608993,SUPPLY OF MVL FIRESTOP MATERIALS,Firestop/ DC 315,Fire,17197.1,AED,Waleed B.M.,Order
9828,Q-1192-F7397,FIRESTOP,25 Sep 2016,IQ,Buhaleeba C.,"1B+G+3P+35 STOREYED RESIDENTIAL TOWER ON PLOT NO.645-7872 AT WADI AL SAFA 3, DUBAI",Inquiry For Silicone Sealant,Firestop/ DC 315,Fire,625,AED,Venoth T.A.,Quotation
9829,Q-1192-F7396,FIRESTOP,25 Sep 2016,IQ,Global C.L.,ELITE 08 Sports Residence (B+G+4P+18Typ. Floors Gym Service Roof) Plot No. (682-4209) LPO GC/E81464,Supply Of FM012 And FP05,Firestop/ DC 315,Fire,8000,AED,Waleed B.M.,Order
9830,Q-1005-E6980,MACRO,25 Sep 2016,IQ,Yarash C.&.,MFNDU,Ceiling Fans-Panasonic,Electrical,Electrical,4446,USD,Mahesh B.,Order
9831,Q-1192-F7394,FIRESTOP,22 Sep 2016,IQ,Seidco G.C.,Proposed 1B+G+3P+32 Storey Commercial & Hotel Apts Towers 2 Nos. On Plot No. BB A03.34@ Business Bay Dubai UAE,SUPPLY OF INSS1186,Firestop/ DC 315,Fire,633.24,AED,Samar T.,Quotation
9832,Q-1005-L4032,MACRO,22 Sep 2016,IQ,Debet U.M.,Freight Charges From Shanghai To JBA,Freight Charges From Shanghai To JBA,Transportation,Logistics,314,USD,Tamraz M.,Order
9833,Q-1192-F7393,FIRESTOP,22 Sep 2016,IQ,Al H.C.,2B+G+19 HOTEL TOWER @Business Bay,SUPPLY OF CJ MATERIALS,Firestop/ DC 315,Fire,89364,AED,Waleed B.M.,Quotation
9834,Q-1005-A5101,MACRO,21 Sep 2016,IQ,American E.-.,PR5593891-Supply & Delivery Of Sandwich Panel & Door Accessories,Supply & Delivery Of Sandwich Panel & Door Accessories,Accessories / Connection for Sandwich Panel,Architectural,0,USD, ,Quotation
9835,RFQ-982-V4259,MACRO,21 Sep 2016,RFQ,Mohammadi S.,MFNDU,Videographer - O And M Training 5 Days,Building Materials,Various,2310,USD, ,Order
9836,Q-916-3223,FIRESTOP,21 Sep 2016,IQ,Al H.C.,2B+G+19 HOTEL TOWER @ Business Bay,SUPPLY OF MEP FIRESTOP MATERIALS,Firestop/ DC 315,Fire,117109,AED,Waleed B.M.,Quotation
9837,Q-1192-F7392,FIRESTOP,21 Sep 2016,IQ,Delta E.C.,Al Fattan Sky Towers @ Umm Ramool Tower,SUPPLY OF INSS1186-5G PAIL,Firestop/ DC 315,Fire,1060,AED,Waleed B.M.,Order
9838,Q-1192-F7391,FIRESTOP,21 Sep 2016,IQ,Dubco C.L.,2B+G+24FLR+HC DUBAI SPORTS CITY PLOT 682-145(R3a-10) LPO/T 200916-00474,SUPPLY OF MVL FIRESTOP MATERIALS,Firestop/ DC 315,Fire,4998,AED,Waleed B.M.,Order
9839,Q-916-3220,FIRESTOP,21 Sep 2016,IQ,Tech C.,"G+1 SHOPPING CENTER, PLOT NO: 0182, THALLAJ2, AJMAN (PROJECT IN HAND)",SUPPLY OF MVL FIRESTOP MATERIALS,Firestop/ DC 315,Fire,2300,AED,Venoth T.A.,Quotation
9840,Q-1192-F7389,FIRESTOP,20 Sep 2016,IQ,Modern E.S.,P-241-381 2B+G+12 Residential Bldg. Al Nahda LPO 101608880,Supply Of INSS1440,Firestop/ DC 315,Fire,7920,AED,Waleed B.M.,Order
9841,Q-1192-F7388,FIRESTOP,20 Sep 2016,IQ,Zenith I.C.,Al Malik Project In Deira,SUPPLY OF FP04+,Firestop/ DC 315,Fire,319,AED,Samar T.,Quotation
9842,Q-1005-V4441,MACRO,20 Sep 2016,IQ,Kwtsteel ,United Steel Industrial Co. Project,Supply Of Pressure Gauge,Misc.,Various,3747,USD,Raquel I.,Quotation
9843,Q-1192-F7387,FIRESTOP,19 Sep 2016,IQ,Reem C.C.,Mock Up Flat For Topaz 2 Dubai Silicon Oasis,SUPPLY OF INSS1186 And D64T50,Firestop/ DC 315,Fire,1636,AED,Samar T.,Order
9844,Q-916-3208,MACRO,19 Sep 2016,IQ,Al A.C.,,Supply And Application Of Spray Polyurethane Foam,Polyurethane Foam,Chemicals,389138.06,AED, ,Quotation
9845,Q-1005-V6976,MACRO,19 Sep 2016,IQ,Regional C.C.,W912D2-16-T-0046_Replacement Carpet And Furniture For Bldg 124,W912D2-16-T-0046_Replacement Carpet And Furniture For Bldg 124,Building Materials,Various,177200,USD,Maricar I.,Quotation
9846,Q-1192-F7386,FIRESTOP,19 Sep 2016,IQ,Bin S.E.,"B+G+M+2 TYP+R+RESIDENTIAL BUILDING, AL KARAMA, DUBAI",D48T50 Mineral Wool,Firestop/ DC 315,Fire,11850,AED,Waleed B.M.,Quotation
9847,Q-1192-F7385,FIRESTOP,18 Sep 2016,IQ,Sustainable B.L.,Al Barari Project,Combo Roofing System,Firestop/ DC 315,Fire,0,USD,Venoth T.A.,Quotation
9848,Q-1192-C6027,FIRESTOP,18 Sep 2016,IQ,Tech G.,"Project: G+1 SHOPPING CENTER, PLOT NO: 0182, THALLAJ2,AJMAN (PROJECT IN HAND)",Combo Roofing System,Polyurethane Foam,Chemicals,0,USD,Venoth T.A.,Quotation
9849,Q-1192-F7384,FIRESTOP,18 Sep 2016,IQ,Ias L.C.,"2B+G+12+R (Residential Bldg At Tecom,Dubai) LPO # C3345",SUPPLY OF MVL FIRESTOP MATERIALS,Firestop/ DC 315,Fire,4530,AED,Waleed B.M.,Order
9850,Q-1192-F7383,FIRESTOP,18 Sep 2016,IQ,Ghantoot B.G.,B+G+5 Apartments Dubai Investment Park-Centurion Residence LPO 7780,SUPPLY OF MVL FIRESTOP MATERIALS,Firestop/ DC 315,Fire,10310,AED,Ramshad K.,Order
9851,RFQ-982-S9117,MACRO,14 Sep 2016,RFQ,Tatekan C.a.,MFNDU,ORD-982-1590A-9 QR019 – Replace Feeder Grounding Cables,Subcontract,Services,20150.65,USD, ,Quotation
9852,Q-1192-F7382,FIRESTOP,08 Sep 2016,IQ,Goldern W.C.,GB+G+6 Residential Building-84 Flats,SUPPLY OF MVL FIRESTOP MATERIALS,Firestop/ DC 315,Fire,36295.8,AED,Venoth T.A.,Quotation
9853,Q-1192-F7381,FIRESTOP,08 Sep 2016,IQ,Goldern W.C.,GB+G+6 Residential Building - 36 Flats,SUPPLY OF MVL FIRESTOP MATERIALS,Firestop/ DC 315,Fire,18324.4,AED,Venoth T.A.,Quotation
9854,Q-1192-F7379,FIRESTOP,07 Sep 2016,IQ,Al S.G.,"B+G+4 Hotel On Plot No-MB 027 @ IMPZ,Dubai",SUPPLY OF MVL FIRESTOP MATERIALS,Firestop/ DC 315,Fire,62623,AED,Ramshad K.,Quotation
9855,Q-1192-F7378,FIRESTOP,07 Sep 2016,IQ,Al S.G.,"B+G+4 Hotel On Plot No-MB 026 @ IMPZ,Dubai",SUPPLY OF MVL FIRESTOP MATERIALS,Firestop/ DC 315,Fire,69440,AED,Ramshad K.,Quotation
9856,Q-1005-M4019,MICRON,07 Sep 2016,IQ,Us E.A.,PR5535170,Horizontal Centrifugal Pump Per The Specifications,Machine / Equipments,Mechanical,46860,AED,Marman I.,Quotation
9857,Q-1005-V6973,MACRO,07 Sep 2016,IQ,Regional C.C.,W912D2-16-P-5123 (Supply Of Glass Doors Water Coolers Refrigerators),W912D2-16-P-5123 (Supply Of Glass Doors Water Coolers Refrigerators),Building Materials,Various,37592.8,USD,Maricar I.,Order
9858,Q-1005-S9041,MACRO,06 Sep 2016,IQ,Maj T.C.,,"Construction Equipment For Camp Redleg, UAE",Construction,Services,134750,AED, ,Quotation
9859,Q-1005-V4437,MACRO,06 Sep 2016,IQ,Industrial E.P.,Kuwait Project,Hot Dip Galvanised Steel Sheet,Misc.,Various,798600,USD,Mahesh B.,Quotation
9860,Q-916-3186,FIRESTOP,06 Sep 2016,IQ,Img W.o.,"Dubai Theme Parks,City Of Arabia, Sheikh Mohammad Bin Zayed Road",SUPPLY OF MVL FIRESTOP MATERIALS,Firestop/ DC 315,Fire,699.7,AED,Waleed B.M.,Quotation
9861,Q-916-3185,FIRESTOP,06 Sep 2016,IQ,Anc C.L.,NEW FOUR STAR HOTEL (B+G+7+ROOF) PLOT NO. PJCRC32E_F,SUPPLY OF INSS1186 And BR-30,Firestop/ DC 315,Fire,390.4,AED,Waleed B.M.,Order
9862,Q-1005-M4018,MICRON,05 Sep 2016,IQ,Maj T.C.,"Construction Equipment For Camp Redleg, UAE","Construction Equipment For Camp Redleg, UAE",Machine / Equipments,Mechanical,370000,AED, ,Cancled
9863,Q-916-3183,FIRESTOP,04 Sep 2016,IQ,Fixit S.,KEMPENSKI Project In Palm Jumeirah,SUPPLY OF MVL FIRESTOP MATERIALS,Firestop/ DC 315,Fire,707.2,AED,Waleed B.M.,Quotation
9864,RFQ-982-S9115,MACRO,04 Sep 2016,RFQ,Tatekan C.C.,MFNDU,ORD982-1590A-8 -QR015 – Descope Landscaping And Irrigation,Subcontract,Services,-264185.75,USD, ,Quotation
9865,Q-916-3181,FIRESTOP,04 Sep 2016,IQ,Al M.C.,Al Warqa 1 Project (G+6+GYM) LPO 18113,SUPPLY OF CFS01 And FP05,Firestop/ DC 315,Fire,1395,AED,Waleed B.M.,Order
9866,Q-916-3180,FIRESTOP,04 Sep 2016,IQ,General C.C.,C-14 Hotel Apartments & Residences (B+G+7Floors),SUPPLY OF INSS1186 AND D64T50,Firestop/ DC 315,Fire,138670,AED,Waleed B.M.,Quotation
9867,Q-1192-F7377,FIRESTOP,04 Sep 2016,IQ,Liberty B.S.,,DC333 INTUMESCENT FIREPROOF PRIMER,Firestop/ DC 315,Fire,23750,AED,Karim E.,Quotation
9868,Q-1005-V4436,MACRO,04 Sep 2016,IQ,Baku E.S.,Supply Of Fences For Georgia Project-REV 03,Supply Of Fences For Georgia Project,Misc.,Various,96664.8,USD,Raquel I.,Quotation
9869,Q-1005-F7056,MACRO,04 Sep 2016,IQ,Industrial E.P.,,Busbar Sleeve,Firestop/ DC 315,Fire,149399.7,USD,Mahesh B.,Quotation
9870,Q-1005-L4031,MACRO,01 Sep 2016,IQ,Debet U.M.,"Air Freight Charges From Bocholt, Germany To DWC, Dubai","Air Freight Charges From Bocholt, Germany To DWC, Dubai",Transportation,Logistics,978.62,USD,Tamraz M.,Order
9871,Q-1005-L4030,MACRO,01 Sep 2016,IQ,Debet U.M.,"Air Freight Charges From Bocholt, Germany To DWC, Dubai","Air Freight Charges From Bocholt, Germany To DWC, Dubai",Transportation,Logistics,3602.72,USD,Tamraz M.,Order
9872,Q-1005-L4029,MACRO,01 Sep 2016,IQ,Debet U.M.,"Air Freight Charges From Bocholt, Germany To DWC, Dubai","Air Freight Charges From Bocholt, Germany To DWC, Dubai",Transportation,Logistics,675.37,USD,Tamraz M.,Order
9873,Q-1192-F7376,FIRESTOP,01 Sep 2016,IQ,Evershine C.L.,Proposed 2B+G+11+Gym Floor Building 241-288 @ Al Nahda,SUPPLY OF MVL FIRESTOP MATERIALS,Firestop/ DC 315,Fire,28859.4,AED,Waleed B.M.,Order
9874,Q-816-3169,FIRESTOP,31 Aug 2016,IQ,Anc C.L.,NEW FOUR STAR HOTEL (B+G+7+ROOF) PLOT NO. PJCRC32E_F (LPO A310/505),SUPPLY OF INSS1186-5G,Firestop/ DC 315,Fire,32450,AED,Waleed B.M.,Order
9875,Q-1192-F7375,FIRESTOP,31 Aug 2016,IQ,Modern E.S.,P-241-381 2B+G+12 Residential Bldg. Al Nahda (LPO 101608221),SUPPLY OF MVL FIRESTOP MATERIALS,Firestop/ DC 315,Fire,14993.22,AED,Waleed B.M.,Order
9876,Q-1005-F7054,MACRO,31 Aug 2016,IQ,Fscr ,,MVL FIRESTOP MATERIALS,Firestop/ DC 315,Fire,614.52,USD,Karim E.,Quotation
9877,Q-816-3166,FIRESTOP,30 Aug 2016,IQ,Dubco C.L.,115 Villa In Nad Al Shiba,Combo Roofing System,Polyurethane Foam,Chemicals,0,USD,Waleed B.M.,Quotation
9878,Q-1005-V6971,MACRO,29 Aug 2016,IQ,American E.-.,"SGE50016Q0047-American Embassy, Kabul","Design,Supply & Installation Of Retractable Theater Seating",Building Materials,Various,98645,USD,Mahesh B.,Order
9879,Q-1192-C6026,FIRESTOP,29 Aug 2016,IQ,Anc C.L.,B+G+7 FLOORS HOTEL BUILDING ON PLT NO. PJCRC32E_F@ PALM JUMEIRAH,Combo Roofing System,Polyurethane Foam,Chemicals,0,USD,Waleed B.M.,Quotation
9880,Q-1192-F7374,FIRESTOP,29 Aug 2016,IQ,Wide W.C.,CITY OF ARABIA (WADI WALK ZONE 7 VILLAS) PLOT NO - 646-3768 AT NAD AL SHIBBA,SUPPLY OF CJ MATERIALS,Firestop/ DC 315,Fire,15860,AED,Waleed B.M.,Quotation
9881,Q-1005-M6995,MICRON,29 Aug 2016,IQ,Us E.A.,STC10016M1644 (Water Meter Integration Spares),STC10016M1644 (Water Meter Integration Spares),Mechanical Items,Mechanical,65586,AED,Maricar I.,Order
9882,Q-1192-F7373,FIRESTOP,29 Aug 2016,IQ,United F.G.,"MBCC-CONSTELLA APARTMENT PROJECT, Damac (LPO CON002)",SUPPLY OF CJ WORKS MATERIALS,Firestop/ DC 315,Fire,10750,AED,Samar T.,Order
9883,Q-1192-C6025,FIRESTOP,28 Aug 2016,IQ,Modern S.I.,,MVLapolla 2500/3,Polyurethane Foam,Chemicals,8.9,AED, ,Quotation
9884,Q-1192-C6024,FIRESTOP,28 Aug 2016,IQ,Abstract ,,MVLapolla 2500/3,Polyurethane Foam,Chemicals,8.8,AED, ,Quotation
9885,Q-1005-F7053,MACRO,28 Aug 2016,IQ,Zayan F.F.,,DC68 Spray To Protect,Firestop/ DC 315,Fire,340,USD,Karim E.,Quotation
9886,Q-1005-V4435,MACRO,28 Aug 2016,IQ,American E.-.,"US EMBASSY KABUL, AFGHANSITAN",SOL-306-16-000353 - HP CARTIDGE 826A AND 826A,Misc.,Various,40766.9,USD, ,Quotation
9887,Q-816-3156,FIRESTOP,25 Aug 2016,IQ,Al T.C.,B+G+10 Floors Hotel Building On Plot No: 129-194,SUPPLY OF MVL FIRESTOP MATERIALS,Firestop/ DC 315,Fire,65513,AED,Waleed B.M.,Quotation
9888,Q-816-3155,FIRESTOP,25 Aug 2016,IQ,Al M.C.,Al Warqa 1 Project (G+6+GYM) LPO 18090,Supply Of MVL Firestop Materials,Firestop/ DC 315,Fire,1214.32,AED,Waleed B.M.,Order
9889,Q-816-3154,FIRESTOP,23 Aug 2016,IQ,Al A.C.,G+4 Residential Building (PO # 1970),SUPPLY OF CFS01 And D120T50,Firestop/ DC 315,Fire,1560.6,AED,Waleed B.M.,Order
9890,Q-816-3153,FIRESTOP,22 Aug 2016,IQ,Emirates C.C.,(B+G+6+GYM) COMMERCIAL - RESIDENTAL BUILDING ON PLOT NO: 3730459 At AL BARSHA FIRST,SUPPLY OF MVL FIRESTOP MATERIALS,Firestop/ DC 315,Fire,96677,AED,Venoth T.A.,Quotation
9891,RFQ-637-A5310,MACRO,22 Aug 2016,RFQ,Aziz U.N.,MOI - NPCC- KABUL AFGHANSITAN,SUPPLY AND INSTALLATION OF LOCK AND CYLINDER,Paints,Architectural,196,USD, ,Order
9892,Q-816-3151,FIRESTOP,21 Aug 2016,IQ,Al H.C.,"P-136-10 (3B+G+3P+16) On Plot No. 345-411 At Burj Khalifa ,Dubai LPO# PO0028391/REV01",SUPPLY OF MVL FIRESTOP MATERIALS,Firestop/ DC 315,Fire,26734,AED,Waleed B.M.,Order
9893,Q-816-3150,FIRESTOP,21 Aug 2016,IQ,National G.C.,RESIDENTAL COMPOUND AT RAS ALKHAIMAH - 320 HOUSE,SUPPLY OF INSS1186 And D64T50,Firestop/ DC 315,Fire,13.5,AED,Karim E.,Quotation
9894,Q-816-3149,FIRESTOP,21 Aug 2016,IQ,Belhasa E.&.,"PROPOSED G+4 FLOORS. COMM. & RESIDENTAL BUILDING ON PLOT NO. 6183898 NADD AL SHIBA FIRST, DUBAI",SUPPLY OF MVL CJ WORKS MATERIALS,Firestop/ DC 315,Fire,58172.4,AED,Waleed B.M.,Quotation
9895,Q-1005-V4434,MACRO,21 Aug 2016,IQ,Explore G.O.,Explore Group Of Companies,Structural Steel Plates,Misc.,Various,650240,AED,Raquel I.,Quotation
9896,Q-1005-E6979,MACRO,18 Aug 2016,IQ,Us E.A.,PR5542137 - LED Ceiling Light Fixtures,LED Ceiling Light Fixtures,Electrical,Electrical,114570,USD,Maricar I.,Quotation
9897,Q-816-3143,MACRO,17 Aug 2016,IQ,Usace Q.,W912D2-16-R-0046 Camp As Sayliyah - South (CAS-S),Project 5002 Fuel Tanks Enhancement At Camp As Sayliyah - South (CAS-S),Subcontract,Services,0,USD, ,Quotation
9898,Q-816-3142,FIRESTOP,17 Aug 2016,IQ,Ghantoot B.G.,B+G+5 Apartments Dubai Investment Park-Centurion Residence LPO 7194,SUPPLY OF MVL FIRESTOP MATERIALS,Firestop/ DC 315,Fire,23050,AED,Ramshad K.,Order
9899,Q-1569-V4251,MACRO,17 Aug 2016,IQ,Enterprise I.,FIT OUT INSTALLATION 1803,FIT OUT INSTALLATION 1803 MVL NEW OFFICE,Building Materials,Various,120000,AED,Maricar I.,Order
9900,Q-1192-F7372,FIRESTOP,16 Aug 2016,IQ,United F.G.,Emaar Hills Development Building Project,SUPPLY OF INSS1186 5G PAIL,Firestop/ DC 315,Fire,660,AED,Samar T.,Order
9901,Q-1192-C6023,FIRESTOP,16 Aug 2016,IQ,Falah H.C.,,MV-Lapolla,Polyurethane Foam,Chemicals,27810,USD,Karim E.,Quotation
9902,Q-1192-F7371,FIRESTOP,16 Aug 2016,IQ,Dubai C.E.,Residential Building B+G+6Floors+Amenity Plot No. IC3-B-38 Nad Al Shiba DXb UAE,SUPPLY OF MVL CJ MATERIALS,Firestop/ DC 315,Fire,36041,AED,Waleed B.M.,Quotation
9903,Q-816-3136,FIRESTOP,16 Aug 2016,IQ,Al B.a.,Dubai Hills Villa Project,SUPPLY OF INSS1186,Firestop/ DC 315,Fire,29328.42,AED,Venoth T.A.,Order
9904,Q-1192-F7370,FIRESTOP,16 Aug 2016,IQ,United F.G.,Emaar Hills Development Building Project,SUPPLY OF MVL FIRESTOP MATERIALS-INSS1186,Firestop/ DC 315,Fire,66,AED,Samar T.,Order
9905,Q-1192-F7369,FIRESTOP,15 Aug 2016,IQ,Atash P.S.,,MVL FIRESTOP MATERIALS,Firestop/ DC 315,Fire,12805.7,AED,Samar T.,Quotation
9906,Q-816-3133,FIRESTOP,14 Aug 2016,IQ,Al M.E.,Building G+11 Floors Plot AFRA037 Al Furjan Jabal Ali 1st,SUPPLY OF MVL FIRESTOP MATERIALS-CJ,Firestop/ DC 315,Fire,85040,AED,Samar T.,Quotation
9907,Q-1192-F7368,FIRESTOP,11 Aug 2016,IQ,Sustainable B.L.,Project For Al Barrari Development: 3 Blocks A-C (G+5) (G+4) Ashjar Living,SUPPLY OF MVL FIRESTOP MATERIALS-CJ,Firestop/ DC 315,Fire,57340,AED,Venoth T.A.,Quotation
9908,Q-1192-F7367,FIRESTOP,10 Aug 2016,IQ,Tritech T.S.,,SUPPLY OF INSS2460,Firestop/ DC 315,Fire,750,AED,Samar T.,Order
9909,Q-1192-F7366,FIRESTOP,09 Aug 2016,IQ,City D.C.,2B+G+9+Roof (CDC/RDL-248-429/1203-2016),SUPPLY OF MVL FIRESTOP MATERIALS,Firestop/ DC 315,Fire,4720,AED,Waleed B.M.,Order
9910,Q-1005-M4017,MACRO,09 Aug 2016,IQ,Us E.A.,PR5564922 AD/FM/MM/7901.C/R4000/Hydraulic Hose Crimping Tool,PR5564922 AD/FM/MM/7901.C/R4000/Hydraulic Hose Crimping Tool,Machine / Equipments,Mechanical,135000,AED,Marman I.,Quotation
9911,Q-1192-F7365,FIRESTOP,09 Aug 2016,IQ,Ias L.C.,"2B+G+12+R (Residential Bldg At Tecom,Dubai)",SUPPLY OF INSS1186-5G,Firestop/ DC 315,Fire,610,AED,Waleed B.M.,Order
9912,RFQ-637-V6855,MACRO,09 Aug 2016,RFQ,Cala L.S.,MOI-NPCC - NPCC FOX COMPLETION. Warranty Issue,"TOSHIBA COMPRESSOR/ 1,200 BTU. 8.0 COLLING, 9.0 HEATING. COMPATIBLE  WITH MITSUBISHI AC",Building Materials,Various,195,USD, ,Order
9913,Q-1192-F7364,FIRESTOP,08 Aug 2016,IQ,Intherpro L.,,SUPPLY OF INSS1186,Firestop/ DC 315,Fire,17,AED,Venoth T.A.,Quotation
9914,Q-1192-F7363,FIRESTOP,08 Aug 2016,IQ,Modern E.S.,P-231-259 Al Nahda Hotel G+13 (PO# 101607334),SUPPLY OF MVL FIRESTOP MATERIALS,Firestop/ DC 315,Fire,20591,AED,Waleed B.M.,Order
9915,Q-1192-F7362,FIRESTOP,08 Aug 2016,IQ,Crc E.C.,Stella Dubai Hotel 3B+G+Mez+30Typ+Mech+Roof Plot No. 392-436,SUPPLY OF MVL FIRESTOP MATERIALS,Firestop/ DC 315,Fire,44999.79,AED,Ramshad K.,Quotation
9916,Q-1192-F7361,FIRESTOP,08 Aug 2016,IQ,Wide W.C.,Silicon Oasis Project G+8 (LPO 2845),SUPPLY OF MVL FIRESTOP MATERIALS,Firestop/ DC 315,Fire,6751.6,AED,Waleed B.M.,Order
9917,Q-1192-F7360,FIRESTOP,08 Aug 2016,IQ,Global C.L.,ELITE 08 Sports Residence (B+G+4P+18Typ. Floors Gym Service Roof) Plot No. (682-4209) LPO GC/E8/1380,SUPPLY OF MVL FIRESTOP MATERIALS,Firestop/ DC 315,Fire,2684,AED,Waleed B.M.,Order
9918,Q-1192-F7359,FIRESTOP,08 Aug 2016,IQ,Al O.C.,"Mont Rose 1,2 And 3 Proposed Hotel Apartment (3B+G+19+R) On Plot BT-B-020",SUPPLY OF MVL FIRESTOP MATERIALS,Firestop/ DC 315,Fire,150150,AED,Samar T.,Quotation
9919,Q-1192-C6022,FIRESTOP,08 Aug 2016,IQ,Crc E.C.,,Combo Roofing System,Polyurethane Foam,Chemicals,0,USD,Waleed B.M.,Quotation
9920,Q-1192-F7358,FIRESTOP,07 Aug 2016,IQ,El M.E.,Rosemont Hotel & Residences 2B+LG+UG+3P+48+Roof,SUPPLY OF MVL FIRESTOP MATERIALS,Firestop/ DC 315,Fire,324456,AED,Venoth T.A.,Quotation
9921,Q-1192-C6021,FIRESTOP,07 Aug 2016,IQ,United E.C.,,Combo Roofing System,Polyurethane Foam,Chemicals,0,USD,Samar T.,Quotation
9922,Q-1192-F7357,FIRESTOP,07 Aug 2016,IQ,Al A.C.,Mock Up Flat 1& 2,SUPPLY OF MVL FIRESTOP MATERIALS,Firestop/ DC 315,Fire,4285.6,AED,Ramshad K.,Quotation
9923,Q-1192-F7355,FIRESTOP,07 Aug 2016,IQ,Dubco C.L.,2B+G+24FLR +HC DUBAI SPORTS CITY PLOT 682-145(R3a-10),SUPPLY OF MVL FIRESTOP MATERIALS-CJ,Firestop/ DC 315,Fire,95825,AED,Waleed B.M.,Quotation
9924,Q-1192-F7354,FIRESTOP,04 Aug 2016,IQ,Al F.C.,Proposed Labour Accomodation G+4 Plot No 5970850 DIP,SUPPLY OF MVL FIRESTOP MATERIALS,Firestop/ DC 315,Fire,24927,AED,Venoth T.A.,Quotation
9925,Q-1192-F7353,FIRESTOP,03 Aug 2016,IQ,Aic C.L.,B+G+4 Typical Floors +HC Resd'l Building On Plot No. RB-19 At Resid'l City In Dubai World Central,SUPPLY OF MVL FIRESTOP MATERIALS-CJ,Firestop/ DC 315,Fire,30005,AED,Muhammad F.K.,Quotation
9926,Q-1192-F7352,FIRESTOP,03 Aug 2016,IQ,Aic C.L.,B+G+4 Typical Floors +HC Resd'l Building On Plot No. RC-67 At Resid'l City In Dubai World Central,SUPPLY OF MVL FIRESTOP MATERIALS,Firestop/ DC 315,Fire,30005,AED,Muhammad F.K.,Quotation
9927,Q-1192-F7351,FIRESTOP,03 Aug 2016,IQ,Tritech T.S.,Project In Bur Dubai-American Hospital,SUPPLY OF MVL FIRESTOP MATERIALS,Firestop/ DC 315,Fire,3900,AED,Samar T.,Order
9928,Q-1192-F7350,FIRESTOP,03 Aug 2016,IQ,United F.G.,MBCC Constella Apartment Project -DAMAC JVC1 (LPO # CON001),SUPPLY OF D64T50,Firestop/ DC 315,Fire,10818,AED,Samar T.,Order
9929,Q-1192-C6020,FIRESTOP,03 Aug 2016,IQ,Injazad C.,"Two Villas In Nad Al Shiba, Dubai",Combo Roofing System,Polyurethane Foam,Chemicals,0,USD,Samar T.,Quotation
9930,Q-1192-F7349,FIRESTOP,02 Aug 2016,IQ,Global C.L.,ELITE 08 Sports Residence (B+G+4P+18Typ. Floors Gym Service Roof) Plot No. (682-4209) LPO GC/E8/1372,SUPPLY OF CFS01 AND INSS1186,Firestop/ DC 315,Fire,8380,AED,Waleed B.M.,Order
9931,Q-1192-F7348,FIRESTOP,02 Aug 2016,IQ,Al F.C.,Proposed Labour Accomodation G+4 Plot No 5970850 DIP,SUPPLY OF MVL FIRESTOP MATERIALS-MEP,Firestop/ DC 315,Fire,33934.25,AED,Muhammad F.K.,Quotation
9932,Q-1192-F7347,FIRESTOP,02 Aug 2016,IQ,Al F.C.,Proposed Labour Accomodation G+4 Plot No 5970850 DIP,SUPPLY OF MVL FIRESTOP MATERIALS-CJ,Firestop/ DC 315,Fire,26444,AED,Venoth T.A.,Quotation
9933,Q-1192-F7346,FIRESTOP,02 Aug 2016,IQ,Wide W.C.,Silicon Oasis Project G+8,SUPPLY OF MVL FIRESTOP MATERIALS,Firestop/ DC 315,Fire,35175,AED,Waleed B.M.,Quotation
9934,Q-1192-C6019,FIRESTOP,02 Aug 2016,IQ,Reem C.C.,Vantage Tower By Damac In JVC,External Lining Using Spray Polyurethane Foam,Polyurethane Foam,Chemicals,75,AED,Samar T.,Quotation
9935,Q-1005-E6977,MACRO,31 Jul 2016,IQ,Macec G.O.,MFNDU,Electric Unit Heater,Electrical,Electrical,2520,USD, ,Order
9936,Q-1192-F7344,FIRESTOP,31 Jul 2016,IQ,Unisafe F.P.,ADCO Project In ABU DHABI,SUPPLY OF MVL FIRESTOP MATERIALS,Firestop/ DC 315,Fire,34,AED,Samar T.,Quotation
9937,Q-1192-F7343,FIRESTOP,28 Jul 2016,IQ,Al M.C.,Al Warqa 1 Project (G+6+GYM) LPO 18031,SUPPLY OF MVL FIRESTOP MATERIALS,Firestop/ DC 315,Fire,11000,AED,Waleed B.M.,Order
9938,Q-1192-F7342,FIRESTOP,27 Jul 2016,IQ,Modern E.S.,2B+G+12 Residential Bldg. Al Nahda,Supply Of INSS1440,Firestop/ DC 315,Fire,2476.96,AED,Waleed B.M.,Order
9939,Q-1192-F7341,FIRESTOP,27 Jul 2016,IQ,Global C.L.,ELITE 08 Sports Residence (B+G+4P+18Typ. Floors Gym Service Roof) Plot No. (682-4209) LPO GC/E8/1352,SUPPLY OF MVL FIRESTOP MATERIALS,Firestop/ DC 315,Fire,23316,AED,Waleed B.M.,Order
9940,Q-1192-F7340,FIRESTOP,27 Jul 2016,IQ,Al F.C.,Proposed Labour Accomodation G+4 Plot No 5970850 DIP,SUPPLY OF MVL FIRESTOP MATERIALS-CJ&MEP,Firestop/ DC 315,Fire,80435.25,AED,Muhammad F.K.,Quotation
9941,Q-1192-F7339,FIRESTOP,26 Jul 2016,IQ,Al O.C.,"Mont Rose 1,2 And 3 Proposed Hotel Apartment (3B+G+19+R) On Plot BT-B-020",SUPPLY OF CJ MATERIALS,Firestop/ DC 315,Fire,339150,AED,Samar T.,Quotation
9942,Q-1005-T6948,MACRO,26 Jul 2016,IQ,American E.-.,PR5541596,PR5541596 - VARIOUS TOOLS AS PER SPECIFICATION,Tools,Tools,19703,USD, ,Quotation
9943,Q-1192-C6018,FIRESTOP,26 Jul 2016,IQ,Building C.(.,,COMBO ROOFING SYSTEM,Polyurethane Foam,Chemicals,0,USD,Muhammad F.K.,Quotation
9944,Q-1192-C6017,FIRESTOP,26 Jul 2016,IQ,Du B.C.,,COMBO ROOFING SYSTEM,Polyurethane Foam,Chemicals,0,USD,Muhammad F.K.,Quotation
9945,Q-1005-M6994,MACRO,26 Jul 2016,IQ,American E.-.,Order No. SAF20016M1472 - PR5543038 - Hot Water Heaters,Hot Water Heaters,Mechanical Items,Mechanical,26520,USD,Maricar I.,Order
9946,Q-1005-M6993,MACRO,26 Jul 2016,IQ,Us E.A.,PR5528661,PR5528661 - Mitsubishi Split A/C Spares,Mechanical Items,Mechanical,17994.25,AED,Marman I.,Quotation
9947,Q-1192-F7338,FIRESTOP,26 Jul 2016,IQ,Al S.C.,LABOR ACCOMODATION AT AL WARSAN 3 DUBAI,COMBO ROOFING SYSTEM,Firestop/ DC 315,Fire,0,USD,Muhammad F.K.,Quotation
9948,Q-1005-V6968,MACRO,26 Jul 2016,IQ,Us E.A.,PR5483313,PR5483313 - AD/FM/EM/7901.C/R4001/Spare Accessories For Track Lights,Building Materials,Various,20289.5,AED,Marman I.,Quotation
9949,Q-1192-F7337,FIRESTOP,25 Jul 2016,IQ,Conversion E.C.,"CONSTELLA (G+38 Floors) On Plot No. JVC18TCP011,Jumeirah Village Community Dubai, UAE",SUPPLY OF MVL FIRESTOP MATERIALS,Firestop/ DC 315,Fire,395293,AED,Samar T.,Quotation
9950,Q-1192-F7336,FIRESTOP,25 Jul 2016,IQ,Sustainable B.L.,Al Barari Development Phase II B+G+12 Building,SUPPLY OF MVL FIRESTOP MATERIALS-CJ,Firestop/ DC 315,Fire,372925,AED,Venoth T.A.,Quotation
9951,Q-1192-F7335,FIRESTOP,25 Jul 2016,IQ,Diplomat E.L.,,SUPPLY FP05 And FM011,Firestop/ DC 315,Fire,151775,AED,Muhammad F.K.,Quotation
9952,Q-1192-F7334,FIRESTOP,25 Jul 2016,IQ,United E.C.,Construction Of Residential Villas -P2 (482 Villas) At Nad Al Shiba 3,Supply Of INSS1186,Firestop/ DC 315,Fire,4.5,AED,Muhammad F.K.,Quotation
9953,Q-1192-C6016,FIRESTOP,25 Jul 2016,IQ,United E.C.,Construction Of Residential Villas -P2 (482 Villas),COMBO ROOFING SYSTEM,Polyurethane Foam,Chemicals,0,USD,Muhammad F.K.,Quotation
9954,Q-1192-F7333,FIRESTOP,25 Jul 2016,IQ,Reem C.C.,"Vantage Tower G+4P+28+Roof LPO 3759(P#2, (CONTINUATION FOR INVOICE# 1192 F177)",SUPPLY OF INSS1186-5G PAIL,Firestop/ DC 315,Fire,18900,AED,Samar T.,Order
9955,Q-1005-V6967,MACRO,25 Jul 2016,IQ,M. B.I.,"CAIRO, EGYPT",FIRE ALARM SYSTEM,Building Materials,Various,0,USD,Maricar I.,Quotation
9956,Q-1192-F7332,FIRESTOP,25 Jul 2016,IQ,Intherpro L.,,SUPPLY OF MVL FIRESTOP MATERIALS,Firestop/ DC 315,Fire,5154.7,AED,Venoth T.A.,Quotation
9957,Q-1192-F7331,FIRESTOP,25 Jul 2016,IQ,Ghantoot B.G.,....,COMBO ROOFING SYSTEM,Firestop/ DC 315,Fire,0,USD,Venoth T.A.,Quotation
9958,Q-1192-F7330,FIRESTOP,25 Jul 2016,IQ,Al O.C.,Montrose Development Of 3 Towers With 3B+GF+19 Floors,Supply Of Firestop Collar,Firestop/ DC 315,Fire,257249.66,AED,Samar T.,Quotation
9959,Q-1005-S9040,MACRO,21 Jul 2016,IQ,Luis A.M.,Non-potable Water At Construction Site,Non-potable Water At Construction Site,Construction,Services,500.07,AED,Maricar I.,Quotation
9960,Q-1192-F7329,FIRESTOP,21 Jul 2016,IQ,Ias L.C.,"2B+G+12+R (Residential Bldg At Tecom,Dubai) LPO # C2830",Supply Of INSS1186-5G,Firestop/ DC 315,Fire,1220,AED,Waleed B.M.,Order
9961,Q-1192-F7322,FIRESTOP,20 Jul 2016,IQ,Sigma E.,"6B+G+103+RF+ FLOORS RESIDENTIAL TOWER AT MARSA, DUBAI UAE",SUPPLY OF MVL FIRESTOP MATERIALS,Firestop/ DC 315,Fire,1171,AED,Waleed B.M.,Quotation
9962,Q-1192-F7321,FIRESTOP,20 Jul 2016,IQ,Belhasa E.&.,Research Center Dubiotech @ Dubai Science Park,SUPPLY OF INSS1186,Firestop/ DC 315,Fire,86250,AED,Samar T.,Quotation
9963,Q-1192-F7320,FIRESTOP,20 Jul 2016,IQ,Zahrat A.C.,G+10 New DM Building,SUPPLY OF MVL FIRESTOP MATERIALS,Firestop/ DC 315,Fire,37665,AED,Ramshad K.,Quotation
9964,Q-1192-C6015,FIRESTOP,20 Jul 2016,IQ,Naresco C.L.,B+G+8+GYM Residential/ Commercial Building-Glitz 1 & 2,Combo Roofing System,Polyurethane Foam,Chemicals,0,USD,Muhammad F.K.,Quotation
9965,RFQ-1192-F7319,FIRESTOP,20 Jul 2016,RFQ,Green F.T.,Firestop Inventory Item - PI-GFM-201607 - INSS1440-5G - Fire Barrier Caulk. 5G,PI-GFM-201607 - INSS1440-5G - Fire Barrier Caulk. 5G,Firestop/ DC 315,Fire,46800,USD, ,Order
9966,Q-1192-C6014,FIRESTOP,19 Jul 2016,IQ,Al S.C.,"PJ-10037 MARGHAM ABATTOIR,DUBAI",Combo Roofing System,Polyurethane Foam,Chemicals,0,USD,Venoth T.A.,Quotation
9967,Q-1192-C6013,FIRESTOP,19 Jul 2016,IQ,Dubco C.L.,"159 Villa, Al Barsha UAE",Combo Roofing System,Polyurethane Foam,Chemicals,0,USD,Waleed B.M.,Quotation
9968,Q-1005-T6947,MACRO,19 Jul 2016,IQ,Us E.A.,US EMBASSY ABU DHABI,- 527-PIECE  MECHANICAL  TOOL  SET  -  CM.160 FACOM,Tools,Tools,229539,AED,Marman I.,Quotation
9969,Q-1192-F7318,FIRESTOP,18 Jul 2016,IQ,Belhasa E.&.,2B+G+24 Floor Residential Bldg. At Al Nahda-Dubai LPO: H46166,SUPPLY OF CIVIL WORKS MATERIALS,Firestop/ DC 315,Fire,29707.5,AED,Waleed B.M.,Order
9970,Q-1192-F7317,FIRESTOP,18 Jul 2016,IQ,Adnan C.L.,LG +UG+ 9+ HC,COMBO ROOFING SYSTEM,Firestop/ DC 315,Fire,0,USD,Samar T.,Quotation
9971,RFQ-566-3043,MACRO,18 Jul 2016,RFQ,Balwan C.a.,Khas Kunar - Repair And Servicing Of Generators,Repair And Servicing Of Generators,Fit Out Project,Architectural,900,USD, ,Order
9972,Q-1192-F7316,FIRESTOP,17 Jul 2016,IQ,Global C.L.,ELITE 08 Sports Residence (B+G+4P+18Typ. Floors Gym Service Roof) Plot No. (682-4209) LPO GC/E8/1324,SUPPLY OF MVL FIRESTOP MATERIALS,Firestop/ DC 315,Fire,16020,AED,Waleed B.M.,Order
9973,Q-1005-F7052,MACRO,14 Jul 2016,IQ,Fscr ,Turkey Project,MVL Firestop Materials,Firestop/ DC 315,Fire,0,USD, ,Quotation
9974,Q-1192-F7315,FIRESTOP,14 Jul 2016,IQ,Fscr ,,SUPPLY OF MVL FIRESTOP MATERIALS,Firestop/ DC 315,Fire,3264.45,USD,Karim E.,Quotation
9975,Q-1192-C6012,FIRESTOP,14 Jul 2016,IQ,Modern B.C.,B+G +1P+10+R COMM & RES BLDG.,COMBO ROOFING SYSTEM,Polyurethane Foam,Chemicals,0,USD, ,Quotation
9976,Q-1192-F7314,FIRESTOP,14 Jul 2016,IQ,Ghantoot B.G.,B+G+5 Apartments Dubai Investment Park,SUPPLY OF MVL FIRESTOP MATERIALS,Firestop/ DC 315,Fire,3328,AED,Ramshad K.,Order
9977,Q-1192-F7313,FIRESTOP,13 Jul 2016,IQ,Conversion E.C.,Hotel Building B+3P+G+16 Floors-Business Bay,SUPPLY OF MVL FIRESTOP MATERIALS,Firestop/ DC 315,Fire,97692,AED,Venoth T.A.,Quotation
9978,Q-1192-F7312,FIRESTOP,13 Jul 2016,IQ,Zenith S.C.,"Residential Building Basement +Ground+14 Floors+Gym On Plot # 682-1387 At Dubai Sports City, UAE LPO 1388",SUPPLY OF MVL FIRESTOP MATERIALS,Firestop/ DC 315,Fire,29017.5,AED,Samar T.,Order
9979,Q-1192-F7311,FIRESTOP,12 Jul 2016,IQ,Sigma E.,"6B+G+103+RF+ FLOORS RESIDENTIAL TOWER AT MARSA, DUBAI UAE",SUPPLY OF MVL FIRESTOP MATERIALS,Firestop/ DC 315,Fire,1186,AED,Waleed B.M.,Order
9980,Q-1005-L4028,MACRO,12 Jul 2016,IQ,Debet U.M.,Air Freight Charges From Germany To DWC,Air Freight Charges From Germany To DWC,Transportation,Logistics,795,EURO,Tamraz M.,Order
9981,Q-1192-F7310,FIRESTOP,11 Jul 2016,IQ,Al A.C.,G+4 Residential Building (PO # 1902),INSS1440 Fire Barrier Caulk,Firestop/ DC 315,Fire,1702,AED,Waleed B.M.,Order
9982,Q-1005-S9039,MACRO,10 Jul 2016,IQ,Baku E.S.,"MR MX14, MX17, MX20,MX22,MR24 And MR53-REV 03",HIGH SECURITY CHAIN LINK FENCE,Construction,Services,88231.8,USD, ,Quotation
9983,Q-1005-V6964,MACRO,05 Jul 2016,IQ,Gs E.&.,Construction And Maintenance Of Azzour WDC II And Mina Abdullah WDC II (Part 1: Azzour WDC II),Lighting Fixtures,Building Materials,Various,32245.15,USD, ,Quotation
9984,Q-1192-F7309,FIRESTOP,05 Jul 2016,IQ,Centaur G.o.,,SUPPLY OF DC310-Cable Coating,Firestop/ DC 315,Fire,1450,AED,Venoth T.A.,Quotation
9985,RFQ-1192-V4364,FIRESTOP,03 Jul 2016,RFQ,Alam A.,MVL FIRESTOP - Stickers Size A4 ( 6 Piece ),Stickers Size A4 ( 6 Piece ),Misc.,Various,450,AED, ,Order
9986,Q-1192-F7308,FIRESTOP,03 Jul 2016,IQ,Global C.L.,ELITE 08 Sports Residence (B+G+4P+18Typ. Floors Gym Service Roof) Plot No. (682-4209) LPO GC/E8/1295,SUPPLY OF MVL FIRESTOP MATERIALS,Firestop/ DC 315,Fire,10650,AED,Waleed B.M.,Order
9987,Q-1192-F7307,FIRESTOP,03 Jul 2016,IQ,Zenith S.C.,"Residential Building Basement +Ground+14 Floors+Gym On Plot # 682-1387 At Dubai Sports City, UAE (LPO 1381)",SUPPLY OF MVL FIRESTOP MATERIALS,Firestop/ DC 315,Fire,20795,AED,Samar T.,Order
9988,Q-1192-C6011,FIRESTOP,03 Jul 2016,IQ,Combined G.C.,Project 232 Villas In Umm Al Quwain,Unit Rate Quotation For Combo Roofing System,Polyurethane Foam,Chemicals,0,USD,Samar T.,Quotation
9989,Q-1192-F7306,FIRESTOP,03 Jul 2016,IQ,Modern B.C.,G+8 Typical Floor Project (Topaz-1) At Dubai Silicon Oasis LPO 111/6,SUPPLY OF MVL FIRESTOP MATERIALS,Firestop/ DC 315,Fire,10800,AED,Samar T.,Order
9990,RFQ-982-S9114,MACRO,30 Jun 2016,RFQ,Metron I.,MFNDU,ORD982-S9105-3 RFP-0016 QR017 ? Replace Two Solenoid Valves,Subcontract,Services,15312,USD, ,Quotation
9991,Q-1005-V6963,MACRO,29 Jun 2016,IQ,Us E.A.,PR 5439435 - AD/FM/GM/7901.C/R4000/Hilti Core Drill Bits For FM Tools,PR 5439435 - AD/FM/GM/7901.C/R4000/Hilti Core Drill Bits For FM Tools,Building Materials,Various,40050.5,AED,Maricar I.,Quotation
9992,RFQ-566-V4265,MACRO,28 Jun 2016,RFQ,Abdul Q.,KHAS KUNAR - ADJUSTMENTS OF SEARCHLIGHT AND INSTALLATION OF BULBS,ADJUSTMENTS OF SEARCHLIGHT AND INSTALLATION OF BULBS,Building Materials,Various,1125,USD, ,Order
9993,Q-1192-F7305,FIRESTOP,27 Jun 2016,IQ,Bin S.E.,"B+G+M+2 Typ +R  - Residential Building, Al Karama, Dubai (LPO C-19990)",SUPPLY OF MVL FIRESTOP MATERIALS,Firestop/ DC 315,Fire,38339,AED,Waleed B.M.,Order
9994,Q-1192-F7304,FIRESTOP,27 Jun 2016,IQ,Al A.C.,G + 4 RESIDENTIAL BUILDING/ LPO # 1888,SUPPLY OF D64T50 & INFS0812,Firestop/ DC 315,Fire,915.84,AED,Waleed B.M.,Order
9995,Q-1005-M4015,MACRO,27 Jun 2016,IQ,U.s. E.R.,US EMBASSY RIYADH KSA,MEDICAL EQUIPMENTS,Machine / Equipments,Mechanical,32898,USD, ,Quotation
9996,RFQ-566-V4264,MACRO,27 Jun 2016,RFQ,Shokrullah M.C.,KHAS KHUNAR FIT OUT SUPPLY OF  SEARCH LIGHT BULB,KHAS KHUNAR - SEARCH LIGHT BULB,Building Materials,Various,1000,USD, ,Order
9997,Q-1005-V4429,MACRO,27 Jun 2016,IQ,Us E.A.,PR5441253 - US EMBASSY ABU DHABI,HP TONERS,Misc.,Various,11292,AED, ,Quotation
9998,Q-1192-F7303,FIRESTOP,23 Jun 2016,IQ,Seidco G.C.,Proposed 1B+G+3P+32 Storey Commercial & Hotel Apts Towers 2 Nos. On Plot No. BB. A03.034 @ Business Bay Dubai UAE,SUPPLY OF INSS1186 And D64T50,Firestop/ DC 315,Fire,207760,AED,Samar T.,Quotation
9999,Q-1192-F7301,FIRESTOP,23 Jun 2016,IQ,Jelfar S.E.,MBCC- Al Farjan 2B+G+11 (Two Towers) /PO:8869,SUPPLY OF ROCKWOOL-D64T50,Firestop/ DC 315,Fire,564,AED,Waleed B.M.,Order
10000,Q-1192-F7300,FIRESTOP,23 Jun 2016,IQ,Aroma I.B.,B+G+12 Residential Building,SUPPLY OF MVL FIRESTOP MATERIALS,Firestop/ DC 315,Fire,441894,AED,Ramshad K.,Quotation
10001,Q-1005-V4426,MACRO,22 Jun 2016,IQ,Baku E.S.,BESL-MR9992,Kemppi TIG Torch TTC220,Misc.,Various,21104,USD,Lorelie S.,Quotation
10002,RFQ-982-S9111,MACRO,21 Jun 2016,RFQ,Tatekan C.a.,MFNDU,"ORD-982-1590A-7 QR018, Mod XFMRs 5,6,12,22 Due To ANA",Subcontract,Services,55970,USD, ,Quotation
10003,Q-1192-F7299,FIRESTOP,21 Jun 2016,IQ,Buset C.&.,2B+G+2F Commercial Building Plot No. 367-710 At Umm Al Sheif Dubai,SUPPLY OF SSHOOP-STEEL HOOP,Firestop/ DC 315,Fire,1600,AED,Ramshad K.,Order
10004,Q-1005-F7051,MACRO,21 Jun 2016,IQ,Kitwe P.C.,,DC6150 Cable Coating And  DC310 Fireproof Cable Coating,Firestop/ DC 315,Fire,7425,USD,Karim E.,Quotation
10005,Q-1192-F7298,FIRESTOP,19 Jun 2016,IQ,Aic C.L.,G+4 Typical Residential Building Plot RA-16 Jabal Ali Dubai,SUPPLY OF MVL FIRESTOP MATERIALS,Firestop/ DC 315,Fire,54673.2,AED,Muhammad F.K.,Quotation
10006,Q-1192-F7297,FIRESTOP,19 Jun 2016,IQ,Ias L.C.,"2B+G+12+R (Residential Bldg At Tecom,Dubai)",Supply Of INSS1186 And D64T50,Firestop/ DC 315,Fire,14531,AED,Ramshad K.,Quotation
10007,Q-1005-E6975,MACRO,16 Jun 2016,IQ,Tatekan C.,MFNDU,Electric Base Board Heater - Dimplex,Electrical,Electrical,5016,USD,Mahesh B.,Order
10008,Q-1005-V4425,MACRO,15 Jun 2016,IQ,Us E.A.,PR 5251986 - Wind Resistant Patio Umbrella,Wind Resistant Patio Umbrella,Misc.,Various,143000,AED,Maricar I.,Quotation
10009,RFQ-982-S9110,MACRO,15 Jun 2016,RFQ,Metron I.,MFNDU,ORD982-S9105-2 Reduction Of Scope Of Power Plant Repair,Subcontract,Services,-16000,USD, ,Order
10010,Q-1005-E6974,MACRO,15 Jun 2016,IQ,Us E.A.,PR 5291957 - US EMBASSY ABU DHABI - LED Light Fixture Assembly. Model: FLUL-22-PS-3000L-40K-1C-277-G-WH. WITH SUITABLE LIGHTING DIMMER,LED Light Fixture Assembly. Model: FLUL-22-PS-3000L-40K-1C-277-G-WH. WITH SUITABLE LIGHTING DIMMER,Electrical,Electrical,35784,AED,Marman I.,Quotation
10011,Q-1192-F7296,FIRESTOP,15 Jun 2016,IQ,Global C.L.,ELITE 09 Sports Residence (B+G+4P+18Typ. Floors Gym Service Roof) Plot No. 682-1382 (LPO GC/E9/898),SUPPLY OF MVL FIRESTOP MATERIALS,Firestop/ DC 315,Fire,7670,AED,Waleed B.M.,Order
10012,Q-1192-F7295,FIRESTOP,15 Jun 2016,IQ,Naresco C.L.,B+G+8+GYM Residential/Commercial Building-Glitz 1 & 2,SUPPLY OF MVL FIRESTOP MATERIALS,Firestop/ DC 315,Fire,110485.5,AED,Venoth T.A.,Quotation
10013,Q-1192-F7294,FIRESTOP,15 Jun 2016,IQ,Modern E.S.,2B+G+12 Residential Building Project Plot 241-381 In Al Nahda-DXB PO# 101605715,SUPPLY OF FM011 And INFS0812,Firestop/ DC 315,Fire,4742.16,AED,Waleed B.M.,Order
10014,Q-1192-F7293,FIRESTOP,15 Jun 2016,IQ,City C.C.,"Residential Building In Arjan, Dubai UAE",SUPPLY OF MVL FIRESTOP MATERIALS,Firestop/ DC 315,Fire,1835.2,AED,Waleed B.M.,Quotation
10015,Q-1192-F7292,FIRESTOP,15 Jun 2016,IQ,City C.C.,"Residential Building In Arjan, Dubai UAE",SUPPLY OF MVL FIRESTOP MATERIALS,Firestop/ DC 315,Fire,671,AED,Waleed B.M.,Quotation
10016,Q-1192-F7291,FIRESTOP,15 Jun 2016,IQ,Al T.C.,"Residential Building # 105, Al Murraqabat, Dubai UAE",Supply Of INSS1186 And D64T50,Firestop/ DC 315,Fire,2044.2,AED,Waleed B.M.,Order
10017,Q-1192-F7290,FIRESTOP,14 Jun 2016,IQ,Raneen E.C.,2B+G+M+7+R+Floors Residential/ Commercial Building On Plot No. 124-268 In Al Muraqqabat,SUPPLY OF MVL FIRESTOP MATERIALS,Firestop/ DC 315,Fire,167927,AED,Waleed B.M.,Quotation
10018,Q-1192-F7289,FIRESTOP,14 Jun 2016,IQ,Raneen E.C.,2B+G+M+7+R Floors Residential/Commercial Building On Plot No. 124-268 In Al Muraqqabat,SUPPLY OF MVL FIRESTOP MATERIALS,Firestop/ DC 315,Fire,6208,AED,Waleed B.M.,Quotation
10019,Q-1192-F7288,FIRESTOP,14 Jun 2016,IQ,Atash P.S.,IRAN PROJECT,SUPPLY OF MVL FIRESTOP MATERIALS,Firestop/ DC 315,Fire,4290,AED,Samar T.,Quotation
10020,Q-1192-F7287,FIRESTOP,14 Jun 2016,IQ,Aic C.L.,B+G+4 Typical Floors HC Residential Building On Plot No. RA-67 At Residential City In Dubai World Central,SUPPLY OF MVL FIRESTOP MATERIALS,Firestop/ DC 315,Fire,59452,AED,Muhammad F.K.,Cancled
10021,Q-1192-F7286,FIRESTOP,13 Jun 2016,IQ,Sun E.&.,"Al Habtoor Metropolitan Hotel Dubai,UAE",SUPPLY OF INSS1186-ELASTOMERIC FIRE CAULK,Firestop/ DC 315,Fire,40,AED,Muhammad F.K.,Quotation
10022,RFQ-1192-V4262,FIRESTOP,13 Jun 2016,RFQ,Fujeira R.F.,MVL Firestop Inventory - Rockwool,ROCKWOOL,Building Materials,Various,29417.76,AED, ,Order
10023,Q-1192-F7285,FIRESTOP,13 Jun 2016,IQ,Ias L.C.,"2B+G+12+R (Residential Bldg At Tecom,Dubai) PO # C2601",SUPPLY OF MVL FIRESTOP MATERIALS,Firestop/ DC 315,Fire,37355,AED,Waleed B.M.,Order
10024,Q-1192-F7284,FIRESTOP,12 Jun 2016,IQ,Delta E.C.,Al Fattan Sky Towers @ Umm Ramool Tower (LPO 00005154),SUPPLY OF INSS1186-Elastomeric Fire Caulk,Firestop/ DC 315,Fire,15900,AED,Waleed B.M.,Order
10025,Q-1192-F7283,FIRESTOP,09 Jun 2016,IQ,Al M.E.,Proposed (G+8+Gym) Residential Building On Plot No. 21-019 Dubai Silicon Oasis Dubai,SUPPLY OF MVL FIRESTOP MATERIALS,Firestop/ DC 315,Fire,158544,AED,Muhammad F.K.,Quotation
10026,Q-1192-F7282,FIRESTOP,09 Jun 2016,IQ,Dubai E.C.,G+3+Gym Roof At Al Qussais,SUPPLY OF MVL FIRESTOP MATERIALS,Firestop/ DC 315,Fire,36015,AED,Venoth T.A.,Quotation
10027,Q-1192-F7281,FIRESTOP,08 Jun 2016,IQ,Buset C.&.,2B+G+2F Commercial Building Plot No. 367-710 At Umm Al Sheif Dubai,SUPPLY OF INSS1440 & INFS0812,Firestop/ DC 315,Fire,1974,AED,Ramshad K.,Order
10028,Q-1192-F7280,FIRESTOP,08 Jun 2016,IQ,Al A.C.,G +  4 RESIDENTIAL BUILDING,D64T50 ROCKWOOL 120 X60 X5CM,Firestop/ DC 315,Fire,404,AED,Waleed B.M.,Order
10029,RFQ-982-S9109,MACRO,07 Jun 2016,RFQ,Golden C.C.,MFNDU,ORD-982-S9077-5 Construction Of Remaining BUS STOP (Reinforced Concrete) At Sta.0+500 SW Of Parking 301,Subcontract,Services,5500,USD, ,Order
10030,Q-1192-F7279,FIRESTOP,07 Jun 2016,IQ,Ias L.C.,"2B+G+12+R (Residential Bldg At Tecom,Dubai) PO # C2453",SUPPLY OF INSS1186,Firestop/ DC 315,Fire,4880,AED,Waleed B.M.,Order
10031,Q-1192-F7278,FIRESTOP,07 Jun 2016,IQ,Saleh C.,"Proposed Residential Development On Plot No. JVC 10 OMRP200 At Jumeirah Village Al Barsha South 4th, Dubai",SUPPLY OF MVL FIRESTOP MATERIALS,Firestop/ DC 315,Fire,54235,AED,Muhammad F.K.,Quotation
10032,Q-1192-F7277,FIRESTOP,06 Jun 2016,IQ,Granada E.E.,Proposed Commercial And Residential Building BINGHATTI PEARLS (2B+G+M+11+HC+R Floors) Plot No. 23-010 Dubai Silicon Oasis,SUPPLY OF MVL FIRESTOP MATERIALS,Firestop/ DC 315,Fire,178280,AED,Samar T.,Quotation
10033,Q-1192-F7276,FIRESTOP,06 Jun 2016,IQ,Fsime C.L.,,SUPPLY OF MVL FIRESTOP MATERIALS,Firestop/ DC 315,Fire,5804.7,AED,Venoth T.A.,Quotation
10034,RFQ-982-S9108,MACRO,05 Jun 2016,RFQ,Tatekan C.a.,MFNDU,ORD982-1590A-6 Descope  1  Bus Stop  Along Existing Road D Sta. 0 +  500 At Southwest Side Of Parking 301,Subcontract,Services,-2383.33,USD, ,Quotation
10035,Q-1192-F7275,FIRESTOP,05 Jun 2016,IQ,Rose C.C.,G+9 @ Dubai Land,SUPPLY OF MVL FIRESTOP MATERIALS,Firestop/ DC 315,Fire,1835.2,AED,Ramshad K.,Quotation
10036,Q-1192-F7274,FIRESTOP,05 Jun 2016,IQ,United E.C.,Town Square Development Phase 1-Proposed Construction Of Zahra Apartment Building (G+P+7) On Plot No. 15,SUPPLY OF INSS1186-ELASTOMERIC FIRE CAULK,Firestop/ DC 315,Fire,5.3,AED,Ramshad K.,Quotation
10037,Q-1192-F7273,FIRESTOP,05 Jun 2016,IQ,Global C.L.,ELITE 08 Sports Residence (B+G+4P+18Typ. Floors Gym Service Roof) Plot No. (682-4209) PO# CG/E8/1259,SUPPLY OF MVL FIRESTOP MATERIALS,Firestop/ DC 315,Fire,71090,AED,Waleed B.M.,Order
10038,Q-1192-F7272,FIRESTOP,05 Jun 2016,IQ,Ias L.C.,"2B+G+12 Floor Project At TECOM,DXB",SUPPLY OF MVL FIRESTOP MATERIALS,Firestop/ DC 315,Fire,119387.6,AED,Waleed B.M.,Quotation
10039,Q-1005-V6962,MACRO,05 Jun 2016,IQ,M. B.I.,"NYSTROM Access Door, Fire-Rated - 24","NYSTROM Access Door, Fire-Rated - 24",Building Materials,Various,734,USD,Maricar I.,Quotation
10040,Q-1192-F7271,FIRESTOP,05 Jun 2016,IQ,Naresco C.L.,"G+4P+17+R Hotel Apartment Building On Plot JVC18TCP017A @ Jumeirah Village Community Al Barsha South 4th, DXB",SUPPLY OF MVL FIRESTOP MATERIALS,Firestop/ DC 315,Fire,132170,AED,Waleed B.M.,Quotation
10041,Q-1005-E6973,MACRO,05 Jun 2016,IQ,Us E.A.,PR5310636 - Light Fixtures For The Interior Fountain Lighting System,PR5310636 - Light Fixtures For The Interior Fountain Lighting System,Electrical,Electrical,59645,AED,Marman I.,Quotation
10042,Q-1192-F7270,FIRESTOP,02 Jun 2016,IQ,Technical A.C.,,SUPPLY OF INSS1186,Firestop/ DC 315,Fire,40,AED, ,Cancled
10043,Q-1192-F7269,FIRESTOP,02 Jun 2016,IQ,Technical A.C.,,SUPPLY OF INSS1186,Firestop/ DC 315,Fire,40,AED, ,Cancled
10044,Q-1192-F7268,FIRESTOP,02 Jun 2016,IQ,Technical A.C.,,SUPPLY OF INSS1186 & D64T50,Firestop/ DC 315,Fire,40,AED,Muhammad F.K.,Quotation
10045,Q-1192-F7267,FIRESTOP,02 Jun 2016,IQ,Granite C.C.,ADCO OHB.16.011  REPLACEMENT OF WOODEN PARTITION AND FALSE CEILING AT POWER HOUSE 415 SW GEAR ROOM ?JEBEL DHANNA.,DC333 FIREPROOF PAINT,Firestop/ DC 315,Fire,13500,AED,Karim E.,Quotation
10046,Q-1192-F7266,FIRESTOP,02 Jun 2016,IQ,Jelfar S.E.,2B+G+11 (Two Towers),SUPPLY OF D120T50,Firestop/ DC 315,Fire,588,AED,Waleed B.M.,Order
10047,Q-1192-F7265,FIRESTOP,02 Jun 2016,IQ,Aic C.L.,B+G+4TYP+HC RESIDENTIAL BUILDING ON PLOT NO RB-19 In DUBAI WORLD CENTRAL,SUPPLY OF MVL FIRESTOP MATERIALS,Firestop/ DC 315,Fire,46546,AED,Muhammad F.K.,Cancled
10048,Q-1192-F7264,FIRESTOP,02 Jun 2016,IQ,Atash P.S.,,SUPPLY OF MVL FIRESTOP MATERIALS,Firestop/ DC 315,Fire,7456,AED,Samar T.,Quotation
10049,Q-1192-F7263,FIRESTOP,02 Jun 2016,IQ,Buset C.&.,2B + G + 2F Commercial Building Plot No. 367-710 At Umm Al Sheif Dubai,MVL FIRESTOP MATERIALS,Firestop/ DC 315,Fire,2942,AED,Ramshad K.,Order
10050,RFQ-982-S9107,MACRO,01 Jun 2016,RFQ,Reliance P.C.,MFNDU,ORD-982-S9079-4 Omission Of Power Plant Electrical Works Bldg 199,Subcontract,Services,-17613.07,USD, ,Order
10051,RFQ-982-S9106,MACRO,31 May 2016,RFQ,Macec -.M.,MFNDU,ORD-982-1592A-3 QR006 ? Additional Electrical Feeders Building #301 And #303,Subcontract,Services,3179,USD,Marty A.M.,Order
10052,Q-1192-C6010,FIRESTOP,30 May 2016,IQ,Combined G.C.,"Project: 40 Villas In Abu Dhabi, 232 Villas In Umm Al Quwain",Supply And Application,Polyurethane Foam,Chemicals,9750000,AED,Samar T.,Quotation
10053,Q-1192-F7261,FIRESTOP,29 May 2016,IQ,Zahrat A.C.,G+10 New DM Building,SUPPLY OF MVL FIRESTOP MATERIALS,Firestop/ DC 315,Fire,98337,AED,Ramshad K.,Quotation
10054,Q-1192-F7260,FIRESTOP,29 May 2016,IQ,Dubco C.L.,2B+G+24FLR+HC DUBAI SPORTS CITY PLOT 682-145(R3a-10),SUPPLY OF MVL FIRESTOP MATERIALS,Firestop/ DC 315,Fire,360310,AED,Waleed B.M.,Quotation
10055,Q-1192-F7259,MACRO,29 May 2016,IQ,Future T.C.,,MVL FIRESTOP MATERIALS,Firestop/ DC 315,Fire,7486.5,AED,Samar T.,Quotation
10056,RFQ-982-S9105,MACRO,29 May 2016,RFQ,Metron I.,MFNDU,ORD982-S9105-1 QR010 ? Power Plant Repairs (Building 199),Subcontract,Services,132600,USD,Marty A.M.,Order
10057,Q-1192-F7258,FIRESTOP,26 May 2016,IQ,Global C.L.,ELITE 09 Sports Residence (B+G+4P+18Typ. Floors+Gym+Service Roof) (LPO E9/SI16/8024),SUPPLY OF MVL FIRESTOP MATERIALS,Firestop/ DC 315,Fire,15164,AED,Waleed B.M.,Order
10058,Q-1192-F7257,FIRESTOP,25 May 2016,IQ,Buset C.&.,2B+G+2F Commercial Building Plot No 367-710 At Umm Al Sheif Dubai,SUPPLY OF MVL FIRESTOP MATERIALS,Firestop/ DC 315,Fire,3114,AED,Ramshad K.,Order
10059,Q-1192-F7256,FIRESTOP,25 May 2016,IQ,Jelfar S.E.,MBCC Project-2B G+11 (Two Towers) LPO # 8346,Supply Of INFS0812-Instumescent Strip,Firestop/ DC 315,Fire,1176,AED,Waleed B.M.,Order
10060,Q-1005-M4013,MACRO,25 May 2016,IQ,Al-futtaim A.&.,US MILITARY AIRFIELDS IN SOUTHERN AFGHANISTAN,AFGHANISTAN EQUIPMENTS - US MILITARY AIRFIELDS IN SOUTHERN AFGHANISTAN,Machine / Equipments,Mechanical,38475,USD,Marman I.,Quotation
10061,RFQ-1192-V4260,FIRESTOP,25 May 2016,RFQ,Century P.P.,MVL FIRESTOP - VENOTH BUSINESS CARD,VENOTH BUSINESS CARD,Building Materials,Various,750,AED, ,Order
10062,Q-1192-F7255,FIRESTOP,25 May 2016,IQ,Ginco C.C.,"Building 3B+G+9 HC On Plot 2480-117, Al Qusais, Dubai",INSS1186 ELASTOMERIC FIRE CAULK,Firestop/ DC 315,Fire,640,AED,Muhammad F.K.,Quotation
10063,Q-1005-V6960,MACRO,25 May 2016,IQ,Us E.A.,PR4600014REV - Articulated Boom Man-lift,ARTICULATED BOOM MAN LIFT,Building Materials,Various,495000,AED,Maricar I.,Quotation
10064,Q-1192-F7254,FIRESTOP,24 May 2016,IQ,Zenith S.C.,B+G+14 Gym Roof-Sports City Dubai,SUPPLY OF MVL FIRESTOP MATERIALS,Firestop/ DC 315,Fire,63089,AED,Samar T.,Quotation
10065,Q-982-V4257,MACRO,24 May 2016,IQ,Reliance P.C.,MFNDU SUPPLY OF BREEZE WAY MODEL BX 12Q EXPLOSION PROOF EXHAUST FAN,BREEZE WAY MODEL BX 12Q EXPLOSION PROOF EXHAUST FAN,Building Materials,Various,2400,USD,Marman I.,Order
10066,Q-1005-E6972,MACRO,24 May 2016,IQ,Yarash C.&.,MFNDU,Emeregency Lighting Fixture,Electrical,Electrical,47520,USD,Mahesh B.,Quotation
10067,Q-1192-F7253,FIRESTOP,24 May 2016,IQ,Chronicle F.F.,,SUPPLY OF MVL FIRESTOP MATERIALS,Firestop/ DC 315,Fire,2315.08,AED,Samar T.,Quotation
10068,Q-1192-F7252,FIRESTOP,23 May 2016,IQ,Hadded E.C.,"SOLAR INNOVATION CENTR,PLOT NO.-9717813, MOHAMMED BIN RASHID AL MAKTOUM SOLAR PARK, DUBAI",SUPPLY OF MVL FIRESTOP MATERIALS,Firestop/ DC 315,Fire,1400,AED,Samar T.,Quotation
10069,Q-1192-F7251,FIRESTOP,22 May 2016,IQ,Granite C.C.,,DC333 Fireproof Paint,Firestop/ DC 315,Fire,1400,AED,Karim E.,Quotation
10070,Q-1192-F7250,FIRESTOP,22 May 2016,IQ,Raneen E.C.,2B+G+M+7+R+Floors Residential/ Commercial Building On Plot No. 124-268 In Al Muraqqabat,SUPPLY OF MVL FIRESTOP MATERIALS,Firestop/ DC 315,Fire,1775.4,AED,Waleed B.M.,Quotation
10071,Q-1192-F7249,FIRESTOP,22 May 2016,IQ,Georgia C.L.,,SUPPLY OF MVL FIRESTOP MATERIALS,Firestop/ DC 315,Fire,1775.4,AED,Waleed B.M.,Quotation
10072,Q-1192-F7248,FIRESTOP,22 May 2016,IQ,Buset C.&.,2B+G+2F Commercial Building Plot No 367-710 At Umm Al Sheif Dubai,SUPPLY OF INFS0812-INTUMESCENT STRIP,Firestop/ DC 315,Fire,656,AED,Ramshad K.,Order
10073,RFQ-1192-V4363,MACRO,19 May 2016,RFQ,Belhasa M.C.,JMC 3.5 TON Singlecab Pickup,JMC 3.5 TON Singlecab Pickup,Misc.,Various,59030,AED, ,Order
10074,Q-1192-F7247,FIRESTOP,18 May 2016,IQ,Buset C.&.,2B+G+2F Commercial Building Plot No 367-710 At Umm Al Sheif Dubai,SUPPLY OFINFS0812 And FM011,Firestop/ DC 315,Fire,671,AED,Ramshad K.,Order
10075,Q-1192-F7246,FIRESTOP,18 May 2016,IQ,Jelfar S.E.,MBCC Project-2B+G+11 (Two Towers) LPO # 8623,SUPPLY OF CFS01 AND D64T50,Firestop/ DC 315,Fire,6600,AED,Waleed B.M.,Order
10076,Q-1005-E6971,MACRO,18 May 2016,IQ,Yarash C.&.,MFNDU,Emergency Lighting Fixture,Electrical,Electrical,7200,USD,Mahesh B.,Order
10077,Q-1192-F7245,FIRESTOP,17 May 2016,IQ,Technical A.C.,,SUPPLY OF INSS1186-ELASTOMERIC FIRE CAULK,Firestop/ DC 315,Fire,48493,AED,Muhammad F.K.,Quotation
10078,Q-1094-F7000,FIRESTOP,17 May 2016,IQ,Technical A.C.,,SUPPLY OF INSS1186,Firestop/ DC 315,Fire,28000,AED,Muhammad F.K.,Quotation
10079,Q-1192-F7244,FIRESTOP,17 May 2016,IQ,Combined G.C.,"Project: 40 Villas In Abu Dhabi, 232 Villas In Umm Al Quwain",SUPPLY OF MVL FIRESTOP MATERIALS,Firestop/ DC 315,Fire,1600000,AED,Samar T.,Quotation
10080,Q-1192-F7243,FIRESTOP,17 May 2016,IQ,United F.G.,,INSS1186 ELASTOMERIC FIRE CAULK & D64T50 ROCKWOOL-120X60X5CM,Firestop/ DC 315,Fire,701.6,AED,Samar T.,Order
10081,Q-1005-L4027,MACRO,16 May 2016,IQ,Desa I.,Sea Freight Charges From Dubai To Baku,Sea Freight Charges From Dubai To Baku,Transportation,Logistics,3300,USD,Tamraz M.,Order
10082,Q-1192-F7242,FIRESTOP,16 May 2016,IQ,Ias L.C.,"2B+G+12+R (Residential Bldg At Tecom,Dubai)",SUPPLY OF MVL FIRESTOP MATERIALS,Firestop/ DC 315,Fire,124378.6,AED,Waleed B.M.,Quotation
10083,Q-1005-C6014,MACRO,16 May 2016,IQ,Al A.C.,Kempinski Hotel Palm Jumeirah,Application Management Of Paint Works (1 Coat Of Flexoprime And 2 Coats Of Flexotop) Over Polyurethane Foam,Polyurethane Foam,Chemicals,17,AED,Karim E.,Quotation
10084,Q-1192-C6009,FIRESTOP,16 May 2016,IQ,Siac T.S.,Kier Construction Dubai Parks,Lapolla LPA 2500ME Polyol 220 KG,Polyurethane Foam,Chemicals,6930,AED,Karim E.,Order
10085,Q-1192-F7241,FIRESTOP,15 May 2016,IQ,Sultan I.,ELITE 9 (LPO E9/SI16/8023),SUPPLY OF MVL FIRESTOP MATERIALS,Firestop/ DC 315,Fire,1588,AED,Samar T.,Order
10086,Q-1192-F7223,FIRESTOP,12 May 2016,IQ,Inayah E.W.,,SUPPLY OF MVL FIRESTOP MATERIALS,Firestop/ DC 315,Fire,1541.55,AED,Samar T.,Quotation
10087,Q-1192-F7222,FIRESTOP,12 May 2016,IQ,Al G.C.,LABOUR CAMP G+4,SUPPLY OF MVL FIRESTOP MATERIALS,Firestop/ DC 315,Fire,28004.1,AED,Muhammad F.K.,Quotation
10088,Q-1192-F7221,FIRESTOP,12 May 2016,IQ,Tritech T.S.,,SUPPLY OF MLV FIRESTOP MATERIALS,Firestop/ DC 315,Fire,1397.75,AED,Samar T.,Quotation
10089,Q-1192-F7220,FIRESTOP,11 May 2016,IQ,Buset C.&.,2B+G+2F Commercial Building Plot No 367-710 At Umm Al Sheif Dubai,SUPPLY OF MVL FIRESTOP MATERIALS,Firestop/ DC 315,Fire,3510,AED,Ramshad K.,Order
10090,Q-1192-F7219,FIRESTOP,10 May 2016,IQ,Ias L.C.,"2B+G+12 Floor Project At TECOM,DXB_PO#C2230",SUPPLY OF INSS1186 And BR-30,Firestop/ DC 315,Fire,20770,AED,Waleed B.M.,Order
10091,RFQ-982-S9102,MACRO,10 May 2016,RFQ,Reliance P.C.,MFNDU,ORD-982-S9079-3 Roll-Up Door Switch,Subcontract,Services,3900,USD,Marty A.M.,Order
10092,Q-1192-F7218,FIRESTOP,09 May 2016,IQ,Elite L.C.,G+4Typ Roof (DIP Labour Camp),SUPPLY OF MVL FIRESTOP MATERIALS,Firestop/ DC 315,Fire,45669.7,AED,Muhammad F.K.,Quotation
10093,Q-1192-F7217,FIRESTOP,09 May 2016,IQ,Buset C.&.,2B+G+2F Commercial Building Plot No 367-710 At Umm Al Sheif Dubai,SUPPLY OF MVL FIRESTOP MATERIALS,Firestop/ DC 315,Fire,2446.4,AED,Ramshad K.,Quotation
10094,Q-1192-F7216,FIRESTOP,08 May 2016,IQ,Sumer C.C.,B+G+8 Floor Gym At Dubai Silicon Oasis,SUPPLY OF MVL FIRESTOP MATERIALS,Firestop/ DC 315,Fire,92495.6,AED,Muhammad F.K.,Quotation
10095,RFQ-566-V4263,MACRO,08 May 2016,RFQ,Aimal K.,KHAS KUNAR CRANE RENTAL  FOR UNLOADING K2 SPARES TO SITE,CRANE RENTAL  FOR UNLOADING K2 SPARES TO SITE,Building Materials,Various,300,USD, ,Order
10096,Q-1192-F7215,FIRESTOP,04 May 2016,IQ,Dnb C.,G+4 Labor Accomodation Plot 597-304 DIP 2 (PO 2704/16/PJ38),SUPPLY OF CFS01,Firestop/ DC 315,Fire,1480,AED,Muhammad F.K.,Order
10097,Q-1192-C6008,FIRESTOP,04 May 2016,IQ,Tenkcoat ,,Lapolla FL2000,Polyurethane Foam,Chemicals,8172,AED,Karim E.,Quotation
10098,Q-1192-F7214,FIRESTOP,03 May 2016,IQ,Construction &.B.,B+G+4Typical+HC At Dubai World Central,SUPPLY OF MVL FIRESTOP MATERIALS,Firestop/ DC 315,Fire,38832.6,AED,Muhammad F.K.,Quotation
10099,Q-1192-F7213,FIRESTOP,03 May 2016,IQ,Mzoon B.C.,G+4 LABOR ACCOMODATION PLOT NO 599-1766 AT JEBEL ALI,SUPPLY OF INSS1186 AND D64T50,Firestop/ DC 315,Fire,32986,AED,Muhammad F.K.,Quotation
10100,Q-1192-F7212,FIRESTOP,03 May 2016,IQ,Focus V.B.,B+G+4 Typical Roof At Jumeirah Village,SUPPLY OF FIRESTOP MATERIALS,Firestop/ DC 315,Fire,70426.4,AED,Ramshad K.,Quotation
10101,Q-1192-F7211,FIRESTOP,03 May 2016,IQ,Trillion G.&.,,DC6150 Cable Coating,Firestop/ DC 315,Fire,2000,AED,Karim E.,Quotation
10102,RFQ-1428-V4254,MW-OCS,03 May 2016,RFQ,Alam A.,POSTERS - SIZE 90 W X 220 H Meter - 80 W X 100 L - 80 W X 40 H,POSTERS - SIZE 90 W X 220 H Meter - 80 W X 100 L - 80 W X 40 H,Building Materials,Various,3070,AED, ,Order
10103,Q-1192-C6007,FIRESTOP,02 May 2016,IQ,Siac T.S.,Kier Construction Dubai Parks,Lapolla 2500 ME Polyol 220 Kg,Polyurethane Foam,Chemicals,13860,AED,Karim E.,Order
10104,RFQ-566-V4262,MACRO,02 May 2016,RFQ,Cala L.S.,TRANSFER OF K2 SPAREPARTS FROM MFNDU TO K2,TRANSFER OF K2 SPAREPARTS FROM MFNDU TO K2,Building Materials,Various,1100,USD, ,Order
10105,RFQ-1192-V4259,FIRESTOP,02 May 2016,RFQ,Alam A.,COMPANY CATALOGUE,COMPANY CATALOGUE,Building Materials,Various,6450,AED, ,Order
10106,RFQ-982-S9101,MACRO,01 May 2016,RFQ,Macec -.M.,MFNDU,DBA Insurance,Subcontract,Services,126000,USD,Marty A.M.,Order
10107,Q-1005-L4026,MACRO,01 May 2016,IQ,Desa I.,Air Freight Charges From Germany To Dubai,Air Freight Charges From Germany To Dubai,Transportation,Logistics,2722.5,EURO,Tamraz M.,Order
10108,Q-1192-F7208,FIRESTOP,28 Apr 2016,IQ,Reem C.C.,Topaz 2 Dubai Silicon Oasis,SUPPLY OF INSS1186,Firestop/ DC 315,Fire,40950,AED,Samar T.,Quotation
10109,Q-1192-F7207,FIRESTOP,28 Apr 2016,IQ,Atm P.I.,,SUPPLY OF INSS1440,Firestop/ DC 315,Fire,90,AED,Karim E.,Order
10110,Q-1005-E6970,MACRO,28 Apr 2016,IQ,Reliance P.C.,Supply Of Conventional Fire Alarm System,Supply Of Conventional Fire Alarm System,Electrical,Electrical,8500,USD,Maricar I.,Quotation
10111,RFQ-781-V4254,MACRO,28 Apr 2016,RFQ,Industrial E.C.,SATCOM Drop Boxes 10 NOS Holocom Part No. SEC-WM-UDB3-H1,SATCOM Drop Boxes 10 NOS Holocom Part No. SEC-WM-UDB3-H1,Building Materials,Various,1396,USD, ,Order
10112,Q-1192-F7206,FIRESTOP,26 Apr 2016,IQ,China S.C.,Hameni Tower (G+Mez+4P+27+Mech Floor) Residential Project At Jumeirah Village Circle-Dubai,SUPPLY OF MVL FIRESTOP MATERIALS,Firestop/ DC 315,Fire,631428,AED,Waleed B.M.,Quotation
10113,Q-1192-F7205,FIRESTOP,26 Apr 2016,IQ,Modern E.S.,P-231-259 Al Nahda Hotel G+13 (PO 101604140),Supply Of MVL Firestop Materials,Firestop/ DC 315,Fire,23048.7,AED,Waleed B.M.,Order
10114,Q-1192-F7204,FIRESTOP,26 Apr 2016,IQ,Modern E.S.,2B+G+12 Residential Building Project In Al Nahda-DXB,SUPPLY OF INSS1440-FIRE BARRIER CAULK,Firestop/ DC 315,Fire,7431.15,AED,Waleed B.M.,Order
10115,Q-1192-F7203,FIRESTOP,26 Apr 2016,IQ,Ambb B.C.,,SUPPLY OF MVL FIRESTOP MATERIALS,Firestop/ DC 315,Fire,1708.2,AED,Muhammad F.K.,Quotation
10116,Q-1192-F7202,FIRESTOP,26 Apr 2016,IQ,Adnan C.L.,,SUPPLY OF FIRESTOP MATERIALS,Firestop/ DC 315,Fire,1344,AED,Muhammad F.K.,Quotation
10117,Q-1192-F7201,FIRESTOP,26 Apr 2016,IQ,Bhatia G.C.,Residential Building 2B+G+3+ROOF,SUPPLY OF MVL FIRESTOP MATERIALS,Firestop/ DC 315,Fire,2384.2,AED,Muhammad F.K.,Quotation
10118,Q-1005-C6053,MACRO,25 Apr 2016,IQ,Unifil ,RFQ 3200007394/FC - PROVISION OF AQUEOUS FILM-FORMING FOAM (AFFF) TO UNIFIL,RFQ 3200007394/FC - PROVISION OF AQUEOUS FILM-FORMING FOAM (AFFF) TO UNIFIL,Chemicals,Chemicals,14000.1,USD,Maricar I.,Quotation
10119,Q-1192-F7200,FIRESTOP,24 Apr 2016,IQ,Al H.C.,"B+G+12 Gym At Al Nahda,Dubai",Supply Of MVL Firestop Materials,Firestop/ DC 315,Fire,52651.2,AED,Waleed B.M.,Cancled
10120,Q-1192-F7199,FIRESTOP,24 Apr 2016,IQ,Shaalimar G.M.,Mercure Hotel Outdoor Tent - Al Ain,DC68 Spray To Protect,Firestop/ DC 315,Fire,5000,AED,Karim E.,Order
10121,Q-1192-F7198,FIRESTOP,24 Apr 2016,IQ,Delta U.C.,Olgana Tower In Dubai Media City,Supply Of INSS1186 Elastomeric Fire Caulk,Firestop/ DC 315,Fire,3.9,AED,Samar T.,Quotation
10122,Q-1192-F7197,FIRESTOP,24 Apr 2016,IQ,Ghantoot B.G.,B+G+5 Apartments Dubai Investment Park,SUPPLY OF MVL FIRESTOP MATERIALS,Firestop/ DC 315,Fire,39585,AED,Ramshad K.,Order
10123,Q-1192-F7196,FIRESTOP,24 Apr 2016,IQ,Firestop M.E.,,SUPPLY OF FIRESTOP MATERIALS,Firestop/ DC 315,Fire,2112,AED,Samar T.,Quotation
10124,Q-1192-F7195,FIRESTOP,21 Apr 2016,IQ, ,4 STAR DRY HOTEL B+G+9 HEALTH CLUB,SUPPLY OF INSS1186 AND D64T50,Firestop/ DC 315,Fire,96360.2,AED,Waleed B.M.,Quotation
10125,Q-1192-F7193,FIRESTOP,21 Apr 2016,IQ,Sultan I.,ELITE 9,SUPPLY OF MVL FIRESTOP MATERIALS,Firestop/ DC 315,Fire,30245,AED,Samar T.,Order
10126,RFQ-637-V6854,MACRO,21 Apr 2016,RFQ,Cala L.S.,NPCC - Transportation Cost _ MFNDU To Haji Ghani,Transportation Cost _ MFNDU To Haji Ghani,Building Materials,Various,520,USD, ,Order
10127,Q-1192-F7192,FIRESTOP,20 Apr 2016,IQ,Al H.C.,B+G+22 R Hotel Building At Al Marsa-Dubai (LPO PO0030879),SUPPLY OF CJ  FIRESTOP MATERIALS,Firestop/ DC 315,Fire,23200,AED,Waleed B.M.,Order
10128,Q-1192-F7191,FIRESTOP,20 Apr 2016,IQ,Zenith S.C.,G+14 Building In Dubai Sports City,Supply Of MVL Firestop-INSS1186 And D64T50,Firestop/ DC 315,Fire,30929,AED,Samar T.,Quotation
10129,Q-1192-F7190,FIRESTOP,20 Apr 2016,IQ,Al G.&.,Emaar Hills Development Building Project,SUPPLY OF INSS1186 5G PAIL,Firestop/ DC 315,Fire,4.75,AED,Samar T.,Quotation
10130,RFQ-1192-C6051A,FIRESTOP,20 Apr 2016,RFQ,Bayer P.L.,FIRESTOP MATERIALS - BAYER PEARL,FIRESTOP MATERIALS - BAYER PEARL,Chemicals,Chemicals,283124,AED, ,Order
10131,Q-1192-F7189,FIRESTOP,19 Apr 2016,IQ,Dnb C.,G+4 Labor Accomodation,Supply Of CFS01 MORTAR,Firestop/ DC 315,Fire,370,AED,Muhammad F.K.,Order
10132,Q-1192-F7188,FIRESTOP,17 Apr 2016,IQ,K-span G.C.,,DC315 Thermal Barrier,Firestop/ DC 315,Fire,1286,AED,Waleed B.M.,Order
10133,Q-1192-F7187,FIRESTOP,17 Apr 2016,IQ,Al H.C.,B+G+22+R Hotel Building At Al Marsa-Dubai,SUPPLY OF MEP FIRESTOP MATERIALS,Firestop/ DC 315,Fire,41090,AED,Waleed B.M.,Order
10134,Q-1192-F7186,FIRESTOP,17 Apr 2016,IQ,Al A.C.,2B+G+8 Typical HC At Al Jaddaf Dubai,SUPPLY OF MVL FIRESTOP MATERIALS,Firestop/ DC 315,Fire,39904,AED,Waleed B.M.,Quotation
10135,Q-1192-F7184,FIRESTOP,17 Apr 2016,IQ,Nsco B.C.,PROJECT IN JVC,SUPPLY OF MVL FIRESTOP MATERIALS,Firestop/ DC 315,Fire,2290.1,AED,Waleed B.M.,Quotation
10136,Q-1192-F7183,FIRESTOP,17 Apr 2016,IQ,Naresco C.L.,PROJECT IN JVC,SUPPLY OF FIRESTOP MATERIALS,Firestop/ DC 315,Fire,2290.1,AED,Waleed B.M.,Quotation
10137,Q-1192-F7182,FIRESTOP,14 Apr 2016,IQ,Ghantoot G.C.,B+G+5 Apartments Dubai Investment Park,SUPPLY OF MVL FIRESTOP MATERIALS,Firestop/ DC 315,Fire,1243,AED,Ramshad K.,Order
10138,Q-1192-F7181,FIRESTOP,14 Apr 2016,IQ,Blue D.F.,IAS Lootah Building Project In Tecom Area,SUPPLY OF FIRESTOP MATERIALS,Firestop/ DC 315,Fire,11028,AED,Samar T.,Order
10139,Q-416-2802,FIRESTOP,14 Apr 2016,IQ,Blue D.F.,IAS Lootah Building In Tecom Area,SUPPLY OF MVL FIRESTOP MATERIALS,Firestop/ DC 315,Fire,24036.3,AED, ,Cancled
10140,RFQ-1192-C6051,FIRESTOP,14 Apr 2016,RFQ,Bayer P.L.,FIRESTOP MATERIALS - BAYER PEARL,FIRESTOP MATERIALS - BAYER PEARL,Chemicals,Chemicals,212154,AED, ,Order
10141,Q-1192-F7180,FIRESTOP,14 Apr 2016,IQ,Modern B.C.,G+8 Typical Floor Project (Topaz-1) At Dubai Silicon Oasis,SUPPLY OF INSS1186 AND D64T50 (Civil Works),Firestop/ DC 315,Fire,58484,AED,Samar T.,Quotation
10142,Q-1192-C6006,FIRESTOP,13 Apr 2016,IQ,Siac T.S.,Kier Construction Dubai Parks,Lapolla 2500ME,Polyurethane Foam,Chemicals,133950,AED,Karim E.,Order
10143,Q-1192-F7179,FIRESTOP,13 Apr 2016,IQ,Blue D.F.,The Pad Project(Mock Up),SUPPLY OF FP04+,Firestop/ DC 315,Fire,900,AED,Samar T.,Order
10144,Q-1005-E6969A,MACRO,13 Apr 2016,IQ,Reliance P.C.,MFNDU - Electric Unit Heater - CUH02B21T,Electric Unit Heater - CUH02B21T,Electrical,Electrical,3000,USD,Mahesh B.,Order
10145,Q-1192-F7178,FIRESTOP,13 Apr 2016,IQ,Al A.C.,G+4 Residential Building (PO # 1844),Supply Of MVL Firestop Materials,Firestop/ DC 315,Fire,11544,AED,Waleed B.M.,Order
10146,Q-1192-F7177,FIRESTOP,12 Apr 2016,IQ,Reem C.C.,VANTAGE TOWER G+4P+28 In JVC Dubai,SUPPLY OF FIRESTOP MATERIALS,Firestop/ DC 315,Fire,31500,AED,Samar T.,Order
10147,Q-1005-C6013,MACRO,11 Apr 2016,IQ,Al A.C.,Kempinski Hotel-Palm Jumeirah,Supply And Application Of Thermal Insulation,Polyurethane Foam,Chemicals,1093811.5,AED,Karim E.,Order
10148,Q-1192-F7176,FIRESTOP,11 Apr 2016,IQ,Zenith S.C.,G+14 Building In Dubai Sports City.,Suppy Of INSS1186 And D64T50,Firestop/ DC 315,Fire,31201,AED,Samar T.,Cancled
10149,Q-1192-F7175A,FIRESTOP,10 Apr 2016,IQ,Reem C.C.,Vantage Tower G+4P+28 In JVC Dubai (Mock Up),Supply Of INSS1186 And D64T50,Firestop/ DC 315,Fire,641,AED,Samar T.,Order
10150,Q-1192-F7175,FIRESTOP,07 Apr 2016,IQ,Reem C.C.,Vantage Tower G+4P+28 In JVC Dubai (Mock Up),Supply Of INSS1186 And D64T50,Firestop/ DC 315,Fire,829,AED,Samar T.,Order
10151,Q-1005-E6969,MACRO,07 Apr 2016,IQ,Reliance P.C.,MFNDU,Electric Unit Heater,Electrical,Electrical,1860,USD,Mahesh B.,Quotation
10152,Q-1192-C6005,FIRESTOP,07 Apr 2016,IQ,Siac T.S.,Kier Construction  Dubai Parks,Lapolla  LPA 2500 ME Polyol 220 Kg,Polyurethane Foam,Chemicals,13860,AED,Karim E.,Order
10153,Q-1192-F7174,FIRESTOP,06 Apr 2016,IQ,Ghantoot G.C.,B+G+5 Apartments Dubai Investment Park,Supply Of MVL Firestop Materials,Firestop/ DC 315,Fire,8110,AED,Ramshad K.,Order
10154,Q-1192-F7173,FIRESTOP,05 Apr 2016,IQ,Sensaire S.L.,Audi Workshop,Supply Of MVL Firestop Materials,Firestop/ DC 315,Fire,164802.72,AED,Waleed B.M.,Quotation
10155,RFQ-1428-V4351,MACRO,05 Apr 2016,RFQ,Studio 5.C.,SERVICE PRODUCTION OF SHORT 2 TO 2.3 MIN VIDEO,SERVICE PRODUCTION OF SHORT 2 TO 2.3 MIN VIDEO,Misc.,Various,10000,AED, ,Order
10156,Q-1192-C6004,FIRESTOP,05 Apr 2016,IQ,Siac T.S.,Kier Construction Dubai Parks,Lapolla LPA2500ME,Polyurethane Foam,Chemicals,89300,AED,Karim E.,Order
10157,Q-1094-S9034,DEFENSE,04 Apr 2016,IQ, ,"W912ER-10-D-0003, Afghanistan National Security Forces Operations And Maintenance Services",ANSF O&M Services,Construction,Services,0,USD, ,Quotation
10158,Q-1192-F7172,FIRESTOP,31 Mar 2016,IQ,Al S.N.,,SUPPLY OF FIRESTOP MATERIALS,Firestop/ DC 315,Fire,2333.3,AED,Waleed B.M.,Quotation
10159,Q-1192-F7171,FIRESTOP,31 Mar 2016,IQ,Al A.C.,"B+G+6+Gym Residential Building At Al Warqa First, Dubai-U.A.E",SUPPLY OF MVL FIRESTOP MATERIALS,Firestop/ DC 315,Fire,38565,AED,Waleed B.M.,Quotation
10160,Q-1192-C6003,FIRESTOP,31 Mar 2016,IQ,Leaders F.C.,Kempenski Hotel Palm Jumeirah,BaymerSHPU40FS141?2B  And DC315 Thermal Barrier,Polyurethane Foam,Chemicals,1516980,AED,Karim E.,Quotation
10161,Q-637-V6853,MACRO,30 Mar 2016,IQ,Accu ,MOI - NPCC - Surplus Materials,Surplus Materials,Building Materials,Various,18008.39,USD, ,Order
10162,Q-1192-F7170,FIRESTOP,30 Mar 2016,IQ,Zenith I.C.,,SUPPLY OF FIRESTOP SHEET,Firestop/ DC 315,Fire,239.6,AED,Waleed B.M.,Order
10163,RFQ-982-S9100,MACRO,30 Mar 2016,RFQ,Golden C.C.,ORD-982-S9077-4 - QR009 - Slope Protection (rip Rap),ORD-982-S9077-4 - QR009 - Slope Protection (rip Rap),Subcontract,Services,80000,USD, ,Order
10164,Q-1005-L4025,MACRO,29 Mar 2016,IQ,Desa I.,Air Freight Charges From Germany To DWC,Air Freight Charges From Germany To DWC,Transportation,Logistics,1616.9,EURO,Tamraz M.,Order
10165,Q-1192-F7167A,FIRESTOP,29 Mar 2016,IQ,Blue D.F.,ELITE 9,SUPPLY OF MVL FIRESTOP MATERIALS,Firestop/ DC 315,Fire,15800,AED,Waleed B.M.,Order
10166,Q-1192-F7169,FIRESTOP,29 Mar 2016,IQ,Ghantoot G.C.,B+G+5 Apartments Dubai Investment Park,SUPPLY OF INSS1186 AND D64T50,Firestop/ DC 315,Fire,108245.8,AED, ,Quotation
10167,RFQ-637-V6852,MACRO,29 Mar 2016,RFQ,Esco M.P.,MOI NPCC SUPPLY OF FORENSIC LAB HOOD,MOI NPCC - FORENSIC LAB HOOD,Building Materials,Various,27140,USD, ,Order
10168,Q-1192-F7168,FIRESTOP,29 Mar 2016,IQ,Tiger C.C.,Manara Tower-3B+G+4P+M+26 Floors Residential,SUPPLY OF MVL FIRESTOP MATERIALS,Firestop/ DC 315,Fire,277007.41,AED,Waleed B.M.,Quotation
10169,Q-1094-S9084,DEFENSE,29 Mar 2016,IQ, ,UAE Tritron Facilities,UAE Tritron Facilities,Subcontract,Services,0,USD, ,Quotation
10170,Q-1094-S9083,DEFENSE,29 Mar 2016,IQ, ,Qatar MACC,Qatar MACC,Subcontract,Services,0,USD, ,Quotation
10171,Q-1094-S9082,DEFENSE,29 Mar 2016,IQ, ,KSA Matoc,KSA Matoc,Subcontract,Services,0,USD, ,Quotation
10172,Q-1094-S9081,DEFENSE,29 Mar 2016,IQ, ,QATAR MATOC,QATAR MATOC,Subcontract,Services,490000,USD, ,Quotation
10173,Q-1192-F7167,FIRESTOP,28 Mar 2016,IQ,Blue D.F.,ELITE 9,SUPPLY OF MVL FIRESTOP MATERIALS,Firestop/ DC 315,Fire,58060,AED,Waleed B.M.,Quotation
10174,Q-1192-F7166,FIRESTOP,28 Mar 2016,IQ,Granada E.E.,BINGHATTI TERRACES G+Mez+8Typ+Health Club At Dubai Silicon Oasis,SUPPLY OF MVL FIRESTOP MATERIALS,Firestop/ DC 315,Fire,108999.3,AED,Waleed B.M.,Quotation
10175,RFQ-982-S9098,MACRO,23 Mar 2016,RFQ,Macec -.M.,MFNDU,"QR007,Completion Of Kitchenettes And Toilets ? Buildings B-301, B-302, B-304",Subcontract,Services,23578.64,USD,Marty A.M.,Order
10176,Q-1192-F7158A,FIRESTOP,23 Mar 2016,IQ,Al T.C.,,SUPPLY OF INSS1440,Firestop/ DC 315,Fire,144,AED,Waleed B.M.,Order
10177,RFQ-982-S9097,MACRO,22 Mar 2016,RFQ,Reliance P.C.,MFNDU,"QR011, NMAA Barracks Sewer Drain Repair And  Ductwork Revision ? Buildings 325, 329, 333, And 334",Subcontract,Services,36000,USD,Marty A.M.,Order
10178,Q-1192-F7165,FIRESTOP,22 Mar 2016,IQ,Reem C.C.,Dubai Silicon Oasis Project,Supply Of INSS1186 And D64T50,Firestop/ DC 315,Fire,567.8,AED,Samar T.,Order
10179,Q-1192-F7164,FIRESTOP,21 Mar 2016,IQ,Granada E.E.,Binghatti  Terraces,MVL Firestop Products,Firestop/ DC 315,Fire,2290.1,AED, ,Cancled
10180,Q-1192-F7163,FIRESTOP,20 Mar 2016,IQ,Jelfar S.E.,"Residential Building (B+G+11) Plot No. 2410553, AL NAHDA-SECOND",SUPPLY OF INSS1186 And D64T50,Firestop/ DC 315,Fire,29343.6,AED,Waleed B.M.,Quotation
10181,Q-1192-F7162,FIRESTOP,20 Mar 2016,IQ,Nael C.&.,2B+G+Mez+6Floor + Gym - Grand Cosmopolitan Hotel-Al Barsha,SUPPLY OF INSS1186 And D64T50,Firestop/ DC 315,Fire,114979.6,AED,Ramshad K.,Quotation
10182,Q-1192-C6002,FIRESTOP,16 Mar 2016,IQ,Leaders F.C.,Warehouse In DIP,Lapolla LPA 2500/2ME And Lapolla LPA 2500/3ME,Polyurethane Foam,Chemicals,8695,AED,Karim E.,Quotation
10183,Q-1192-C6001,FIRESTOP,15 Mar 2016,IQ,Leaders F.C.,,Foam Lok LPA 2800 And Thermoflex 750,Polyurethane Foam,Chemicals,11747,AED,Karim E.,Quotation
10184,Q-1005-C6012,MACRO,15 Mar 2016,IQ,Roofmaster I.C.,HCC Development Of Land At Ein Khalid-Residential Development,Lapolla Foam Lok LPA2500 And  Thermoflex-750,Polyurethane Foam,Chemicals,1625223,AED,Karim E.,Quotation
10185,RFQ-982-S9096,MACRO,15 Mar 2016,RFQ,Reliance P.C.,MFNDU,"QR011, NMAA Barracks Sewer Drain Repair And  Ductwork Revision ? Buildings 325, 329, 333, And 334",Subcontract,Services,36000,USD,Marty A.M.,Order
10186,Q-1005-L4023,MACRO,14 Mar 2016,IQ,Desa I.,Freight Charges From Germany To Dubai,Freight Charges From Germany To Dubai,Transportation,Logistics,1097.69,USD,Tamraz M.,Order
10187,RFQ-1192-F7160,FIRESTOP,14 Mar 2016,RFQ,Green F.T.,INSS 1186 ELASTOMERIC FIRECAULK PACKED: 5G/PAIL AND FP04+ FIRESTOP SHEET SIZE: 90CM * 90CM,INSS 1186 ELASTOMERIC FIRECAULK PACKED: 5G/PAIL AND FP04+ FIRESTOP SHEET SIZE: 90CM * 90CM,Firestop/ DC 315,Fire,111596.8,USD, ,Order
10188,Q-316-2731,MICRON,13 Mar 2016,IQ,Desa I.,Freight Charges From Germany To Dubai,Freight Charges From Germany To Dubai,Transportation,Logistics,1097.69,USD, ,Cancled
10189,Q-1005-M6990,MACRO,13 Mar 2016,IQ, ,BESL-MR8506,Adjustable Wrenches,Mechanical Items,Mechanical,23183.38,USD,Raquel I.,Quotation
10190,RFQ-1428-V4253,MW-OCS,13 Mar 2016,RFQ,Alam A.,CATALOGUE MW-OCS SIZE: A3 2 PAGES PRINTING,CATALOGUE MW-OCS SIZE: A3 2 PAGES PRINTING,Building Materials,Various,2500,AED, ,Order
10191,RFQ-1428-V4252,MW-OCS,13 Mar 2016,RFQ,Alam A.,MW-OCS - ADVERTISEMENT ITEMS - CATALOGUE MW-OCS,ADVERTISEMENT ITEMS - CATALOGUE MW-OCS,Building Materials,Various,250,AED, ,Order
10192,Q-1192-F7159,FIRESTOP,10 Mar 2016,IQ,Habtoor L.G.,Bay Views Hotel Project,SUPPLY OF INSS1186,Firestop/ DC 315,Fire,641,AED,Samar T.,Quotation
10193,RFQ-781-V4253,MACRO,10 Mar 2016,RFQ,Al B.V.,AL DHAFRA SUPPLY OF NETWORK RACK AS PER SPECIFICATION,NETWORK RACK,Building Materials,Various,2300,AED, ,Order
10194,Q-1192-F7158,FIRESTOP,10 Mar 2016,IQ,Al T.C.,,SUPPLY OF INSS1440 And D64T50,Firestop/ DC 315,Fire,2044.2,AED,Waleed B.M.,Order
10195,Q-1005-V6959,MACRO,10 Mar 2016,IQ,M. B.I.,DRYVIT Outsulation System,DRYVIT Outsulation System,Building Materials,Various,58393.9,USD,Waleed B.M.,Order
10196,Q-1005-E6967,MACRO,08 Mar 2016,IQ,Reliance P.C.,MFNDU,Legrand Switches & Parts,Electrical,Electrical,3237.5,USD, ,Quotation
10197,Q-1192-F7157,FIRESTOP,08 Mar 2016,IQ,S.s. L.C.,RESIDENTIAL BUILDING G+11-AFRA 011-AL FURJAN,SUPPLY Of INSS1186 And D64T50,Firestop/ DC 315,Fire,32370.8,AED,Waleed B.M.,Quotation
10198,Q-1192-F7156,FIRESTOP,08 Mar 2016,IQ,S.s. L.C.,RESIDENTIAL BUILDING G+11-AFRA 06-AL FURJAN,SUPPLY Of INSS1186 And D64t50,Firestop/ DC 315,Fire,55362,AED,Waleed B.M.,Quotation
10199,Q-1192-F7155,FIRESTOP,08 Mar 2016,IQ,S.s. L.C.,RESIDENTIAL BUILDING G+11-AFRA 05-AL FURJAN,SUPPLY Of INSS1186 And D64T50,Firestop/ DC 315,Fire,38512,AED,Waleed B.M.,Quotation
10200,Q-1192-F7154,FIRESTOP,08 Mar 2016,IQ,Blue D.F.,LPO Order No. 29_2nd LPO,SUPPLY OF MVL FIRESTOP MATERIALS,Firestop/ DC 315,Fire,79142.6,AED,Samar T.,Order
10201,Q-1005-V4419,MACRO,08 Mar 2016,IQ, ,BESL-MR8330,Safety Products,Misc.,Various,3645.5,USD,Raquel I.,Quotation
10202,Q-1005-V6957,MACRO,08 Mar 2016,IQ,M. B.I.,Cairo - Supply Of OSHA Approved Ladders,OSHA Approved Ladders,Building Materials,Various,3320,USD, ,Quotation
10203,Q-1005-E6966,MACRO,07 Mar 2016,IQ,Yarash C.&.,MFNDU,Cadet Base Board Heaters,Electrical,Electrical,3408.76,USD,Mahesh B.,Order
10204,Q-1192-F7153,FIRESTOP,07 Mar 2016,IQ,S.s. L.C.,RESIDENTIAL BUILDING G+11 -AFRA 011-AL FURJAN,Supply Of MVL Firestop Materials,Firestop/ DC 315,Fire,137651.8,AED,Waleed B.M.,Quotation
10205,Q-1192-F7152,FIRESTOP,07 Mar 2016,IQ,S.s. L.C.,RESIDENTIAL BUILDING G+11 -AFRA 011-AL FURJAN,Supply Of MVL Firestop Materials,Firestop/ DC 315,Fire,79603.73,AED,Waleed B.M.,Quotation
10206,Q-1192-F7151,FIRESTOP,06 Mar 2016,IQ,Reem C.C.,Topaz 2 Building In Dubai Silicon Oasis,SUPPLY OF INSS1186 AND D64T50,Firestop/ DC 315,Fire,72366.6,AED,Samar T.,Quotation
10207,Q-1005-E6962A,MICRON,06 Mar 2016,IQ,Reliance P.C.,MFNDU,Remote Head Lighting,Electrical,Electrical,1620,USD, ,Cancled
10208,Q-1005-M6991,MACRO,06 Mar 2016,IQ, ,BESL-MR5111,Stainless Steel Plate,Mechanical Items,Mechanical,6387,USD,Lorelie S.,Quotation
10209,Q-1192-F7149,FIRESTOP,03 Mar 2016,IQ,Gulf T.C.,,Supply Of MVL Firestop Materials,Firestop/ DC 315,Fire,12.95,AED,Waleed B.M.,Quotation
10210,Q-1192-F7148A,FIRESTOP,03 Mar 2016,IQ,Al H.C.,"B+G+3P+16 Hotel Apartment Bldg, Burj Khalifa-Dubai",SUPPLY OF MVL FIRESTOP MATERIALS,Firestop/ DC 315,Fire,117653,AED,Waleed B.M.,Quotation
10211,Q-1192-C6000,FIRESTOP,02 Mar 2016,IQ,Siac T.S.,Kier Construction Dubai Parks,Lapolla LPA2500ME,Polyurethane Foam,Chemicals,258970,AED,Karim E.,Order
10212,Q-1005-C6006A,MICRON,02 Mar 2016,IQ,Siac T.S.,Kier Construction  Dubai Parks,Lapolla LPA2500ME,Polyurethane Foam,Chemicals,878900,AED,Karim E.,Quotation
10213,Q-1192-F7147,FIRESTOP,02 Mar 2016,IQ,Civilco ,Celestia Project,Supply Of INSS1186 And Rockwool,Firestop/ DC 315,Fire,699.7,AED,Waleed B.M.,Quotation
10214,RFQ-637-S9161,MACRO,01 Mar 2016,RFQ,Sazand E.S.,MOI-NPCC,ORD637-S9093-6-Extension Of Generator Rental; AC Testing,Subcontract,Services,3685.35,USD, ,Quotation
10215,Q-1005-C6011,MACRO,01 Mar 2016,IQ,Intercam ,,Supply Of LPA2500/2ME And LPA2500/3ME,Polyurethane Foam,Chemicals,8695,AED,Karim E.,Quotation
10216,RFQ-637-V6851,MACRO,29 Feb 2016,RFQ,Said T.A.,MOI NPCC - AC COMPRESSOR AND AC BOARD REAPIRING,MOI NPCC - AC COMPRESSOR AND AC BOARD REAPIRING,Building Materials,Various,410,USD, ,Order
10217,Q-1192-F7117A,FIRESTOP,29 Feb 2016,IQ,Al H.C.,B+G+3P+16 Floors Hotel-Burj Khalifa,SUPPLY OF FIRESTOP MATERIALS,Firestop/ DC 315,Fire,101513.25,AED,Ramshad K.,Quotation
10218,Q-1005-C6010,MACRO,28 Feb 2016,IQ,Intercam ,,Lapolla Foam Lok LPA2500 And Thermoflex 750,Polyurethane Foam,Chemicals,11520,AED,Karim E.,Quotation
10219,Q-1192-F7146,FIRESTOP,28 Feb 2016,IQ,Al A.C.,"2B+G+11TYP.+HC Residential Project- Al Jaddaf,Dubai",Supply Of MVL Firestop Materials,Firestop/ DC 315,Fire,97317.4,AED,Waleed B.M.,Quotation
10220,Q-1192-F7145,FIRESTOP,28 Feb 2016,IQ,City D.C.,G+4 Labour Camp,Supply Of MVL Firestop Materials,Firestop/ DC 315,Fire,21134,AED,Waleed B.M.,Quotation
10221,RFQ-637-A5309,MACRO,28 Feb 2016,RFQ,Aziz U.N.,MOI NPCC SUPPLY OF Chemflake Special 16 Liters Unit / JOTUN,MOI NPCC - HBCC - Chemflake Special 16 Liters Unit / JOTUN,Paints,Architectural,760,USD, ,Order
10222,Q-1005-V6954,MICRON,25 Feb 2016,IQ, ,BESL - MR8299,MR8299,Building Materials,Various,850,USD,Marman I.,Quotation
10223,Q-1192-F7144,FIRESTOP,23 Feb 2016,IQ,Bin S.C.,3B G 8Typ Gym Residential Project At Al-Barsha-Dubai,MVL Firestop Materials,Firestop/ DC 315,Fire,33784,AED,Samar T.,Quotation
10224,Q-1192-F7143,FIRESTOP,23 Feb 2016,IQ,China S.C.,HAMENI TOWER-G+Mez+4P+27+Mech Residentila Project At Jumeirah Village Circle-Dubai,SUPPLY OF MVL FIRESTOP MATERIALS,Firestop/ DC 315,Fire,217231.2,AED,Samar T.,Quotation
10225,Q-1192-F7142,FIRESTOP,23 Feb 2016,IQ,Green O.G.,,DC333 FIREPROOF PAINT,Firestop/ DC 315,Fire,13120,AED,Karim E.,Quotation
10226,RFQ-637-V4252A,MACRO,22 Feb 2016,RFQ,Cala L.S.,NPCC Fit Out_Installation Of Door Signages Revised,Installation Of Door Signages Revised,Building Materials,Various,2106,USD,Maricar I.,Order
10227,RFQ-566-V4261,MACRO,21 Feb 2016,RFQ,Metron I.,KHAS KUNAR SUPPLY OF SPARES  EF-1 AND EF-2 MOTOR  EF-4 AND EF-5 MOTOR FOR STORAGES BUILDING,KHAS KUNAR SPARES - EF-1 AND EF-2 MOTOR  EF-4 AND EF-5 MOTOR FOR STORAGES BUILDING,Building Materials,Various,2220,USD, ,Order
10228,RFQ-637-V6850,MACRO,21 Feb 2016,RFQ,Cala L.S.,MOI NPCC SUPPLY OF HILTI SCREWS FOR DOOR SIGNAGE,MOI NPCC - HILTI SCREWS FOR DOOR SIGNAGE,Building Materials,Various,31.5,USD, ,Order
10229,Q-1192-F7138,FIRESTOP,21 Feb 2016,IQ,Delta U.C.,Al Fattan Tower,Supply Of MVL Firestop Materials,Firestop/ DC 315,Fire,878.3,AED,Waleed B.M.,Order
10230,RFQ-637-V6844A,MACRO,21 Feb 2016,RFQ,Cala L.S.,MOI NPCC FIT OUT SUPPLY OF SNIPPER SCREEN / GREEN COLOR - 4 METERS WIDTH/ AS APPROVED SAMPLES IN SITE REVISED,MOI NPCC - SNIPPER SCREEN / GREEN COLOR - 4 METERS WIDTH/ AS APPROVED SAMPLES IN SITE REVISED,Building Materials,Various,4950,USD, ,Order
10231,Q-1192-F7137,FIRESTOP,18 Feb 2016,IQ,Transemirates C.,G+32 At Tecom,Supply Of INSS1186 And BR-30,Firestop/ DC 315,Fire,9.05,AED,Ramshad K.,Cancled
10232,Q-216-2667,FIRESTOP,18 Feb 2016,IQ,Transemirates C.,G+32 At Tecom,Supply Of MVL Firestop Materials,Firestop/ DC 315,Fire,25.5,AED, ,Cancled
10233,Q-1192-F7136,FIRESTOP,18 Feb 2016,IQ,Naresco C.L.,Hotel  2B+G+22 Floor At Al Nahda 1st Dubai .plot No 231-355,Supply Of MVL Firestop Material,Firestop/ DC 315,Fire,2290.1,AED,Waleed B.M.,Quotation
10234,Q-1192-F7135,FIRESTOP,18 Feb 2016,IQ,Shapoorji P.M.,Mirdif Project,SUPPLY OF MVL FIRESTOP,Firestop/ DC 315,Fire,2290.1,AED,Waleed B.M.,Cancled
10235,Q-1192-F7134,FIRESTOP,18 Feb 2016,IQ,Belhasa E.&.,2B+G+24 Floor Residential Bldg. At Al Nahda-Dubai (PO H46947),SUPPLY OF MVL FIRESTOP MATERIALS,Firestop/ DC 315,Fire,80662.5,AED,Waleed B.M.,Order
10236,Q-1005-V4412,MICRON,17 Feb 2016,IQ, ,BESL,Digital Measuring Devices,Misc.,Various,11245.83,USD,Raquel I.,Quotation
10237,RFQ-637-V6849,MACRO,16 Feb 2016,RFQ,Cala L.S.,MOI NPCC SUPPLY OF ADDITIONAL 6 ROLLS OF SNIPER SCREEN SAME AS SUPPLIED BEFORE,MOI NPCC - ADDITIONAL 6 ROLLS OF SNIPER SCREEN SAME AS SUPPLIED BEFORE,Building Materials,Various,1350,USD, ,Order
10238,Q-1192-F7133,FIRESTOP,15 Feb 2016,IQ,Cairo C.C.,2B+G+9TYP+HC At Dubai Silicon Oasis,SUPPLY OF MVL FIRESTOP MATERIALS,Firestop/ DC 315,Fire,37296.2,AED,Samar T.,Cancled
10239,Q-1192-F7132,FIRESTOP,15 Feb 2016,IQ,Shapoorji P.M.,Residential Building And Townhouse,SUPPLY OF MVL FIRESTOP,Firestop/ DC 315,Fire,31283.2,AED,Waleed B.M.,Quotation
10240,Q-1192-F7131,FIRESTOP,15 Feb 2016,IQ,Delta U.C.,Al Fattan Tower,SUPPLY OF MVL FIRESTOP,Firestop/ DC 315,Fire,232736,AED,Waleed B.M.,Quotation
10241,RFQ-566-V4260,MACRO,14 Feb 2016,RFQ,Metron I.,KHAS KUNAR SUPPY OF SPARES - MOTOR And PUMP FOR KESSER AIR  COMPRESSOR,KHAS KUNAR - SPARES - MOTOR And PUMP FOR KESSER AIR  COMPRESSOR,Building Materials,Various,800,USD, ,Order
10242,RFQ-566-V4259,MACRO,14 Feb 2016,RFQ,Metron I.,KHAS KUNAR SUPPLY OF SPARE PARTS,KHAS KUNAR - SPARE PARTS,Building Materials,Various,5860,USD, ,Order
10243,RFQ-637-V6848,MACRO,11 Feb 2016,RFQ,Cala L.S.,MOI NPCC SUPPY OF C05 - ELECTRICAL MATERIALS,MOI NPCC C05 - ELECTRICAL MATERIALS,Building Materials,Various,1887,USD, ,Order
10244,RFQ-637-V6847,MACRO,11 Feb 2016,RFQ,Cala L.S.,MOI NPCC SUPPLY OF MISC - VARIOUS CONSUMABLES,MOI NPCC - MISC - VARIOUS CONSUMABLES,Building Materials,Various,435.5,USD, ,Order
10245,RFQ-637-A5308,MACRO,10 Feb 2016,RFQ,Aziz U.N.,MOI NPCC FIT OUT SUPPLY OF  CHEMFLAKE SPECIAL ? WHITE COLOR,MOI NPCC -  CHEMFLAKE SPECIAL ? WHITE COLOR,Paints,Architectural,560,USD, ,Order
10246,Q-1005-E6965,MICRON,10 Feb 2016,IQ,Yarash C.&.,MFNDU,Cadet Base Board Heater,Electrical,Electrical,119518.1,USD, ,Order
10247,Q-1192-F7130,FIRESTOP,10 Feb 2016,IQ,Ab B.C.,4B+G+1P+15TYP+2PH RESIDENTIAL BUILDING AT CULTURE VILLAGE,SUPPLY OF FIRESTOP MATERIALS,Firestop/ DC 315,Fire,159741.2,AED,Waleed B.M.,Quotation
10248,Q-1192-F7129,FIRESTOP,09 Feb 2016,IQ,Zenith S.C.,B+G+14+Gym+Roof-Sports City Dubai-LPO No. 1104,SUPPLY OF MVL FIRESTOP MATERIALS,Firestop/ DC 315,Fire,67912,AED,Samar T.,Order
10249,RFQ-637-V6846,MACRO,09 Feb 2016,RFQ,Mohammadi S.,MOI NPCC - Videographer - For O & M Training,MOI NPCC - Videographer - For O & M Training,Building Materials,Various,460,USD, ,Order
10250,Q-1005-M6987,MICRON,09 Feb 2016,IQ, ,BESL-MR4896,Graco King 68:1 Airless Spray Machine Parts,Mechanical Items,Mechanical,8509,USD,Raquel I.,Quotation
10251,Q-1192-F7128,FIRESTOP,09 Feb 2016,IQ,Oaks H.&.,OAK LIWA Heights,DC68 Spray To Protect,Firestop/ DC 315,Fire,38500,AED,Karim E.,Quotation
10252,RFQ-637-V6845,MACRO,08 Feb 2016,RFQ,Cala L.S.,MOI NPCC FIT OUT SUPPLY OF MOI NPCC - THICKNESS CUTTING OF RUBBER MAT WITH INSTALLATION,MOI NPCC - THICKNESS CUTTING OF RUBBER MAT WITH INSTALLATION,Building Materials,Various,840,USD, ,Order
10253,Q-1005-M6986,MICRON,08 Feb 2016,IQ, ,BESL-MR4951,Supply Of Various Tools,Mechanical Items,Mechanical,1871.26,USD,Raquel I.,Quotation
10254,Q-1192-F7127,FIRESTOP,08 Feb 2016,IQ,Bin S.C.,"3B+G+8 Typical Floors Gym Residential Tower Bldg. At Al Barsha First,Dubai-U.A.E.",SUPPLY OF FIRESTOP MVL PRODUCTS,Firestop/ DC 315,Fire,44095.5,AED,Samar T.,Quotation
10255,Q-1192-F7126,FIRESTOP,08 Feb 2016,IQ,Khansaheb C.E.,OFFICE DEVELOPMENT-MIRDIF (B+G+2 ROOF),SUPPLY OF MVL FIRESTOP MATERIALS,Firestop/ DC 315,Fire,42177.8,AED,Waleed B.M.,Quotation
10256,Q-1005-V6873A,MACRO,08 Feb 2016,IQ,Tatekan C.,MFNDU Fit Out_Supply Of Low Voltage Cables & Grounding Cables,Low Voltage Cables & Grounding Cables,Electrical,Electrical,1491586.25,USD,Mahesh B.,Order
10257,Q-1192-F7125,FIRESTOP,08 Feb 2016,IQ,Sigma E.,"6B+G+103+RF+ FLOORS RESIDENTIAL TOWER AT MARSA, DUBAI UAE",SUPPLY OF MVL FIRESTOP MATERIALS,Firestop/ DC 315,Fire,0,AED,Waleed B.M.,Cancled
10258,Q-1192-F7124,FIRESTOP,08 Feb 2016,IQ,Menasco M.C.,,SUPPLY OF MVL FIRESTOP MATERIALS,Firestop/ DC 315,Fire,1727.1,AED,Samar T.,Quotation
10259,Q-1192-F7123,FIRESTOP,08 Feb 2016,IQ,Avenue I.,Avenue Interiors,DC68 Spray To Protect,Firestop/ DC 315,Fire,2600,AED,Karim E.,Quotation
10260,Q-1192-F7054A,FIRESTOP,07 Feb 2016,IQ,Jelfar S.E.,MBCC-AlFarjan-2B+G+11 (Two Towers)  [PO : 6790],MVL Firestop Products,Firestop/ DC 315,Fire,66520.58,AED,Waleed B.M.,Order
10261,Q-1005-F7042A,FIRESTOP,07 Feb 2016,IQ,Modern E.S.,"2B G 12 Residential Building Project At Al-Nahda, DXB",MVL Firestop Product,Firestop/ DC 315,Fire,26315,AED,Waleed B.M.,Order
10262,RFQ-637-S9038A,MACRO,07 Feb 2016,RFQ, ,MOI NPCC FIT OUT SUPPLY OF CO3 - COLOR CODE PANEL BOARD KEY BOX KEY HOLDER,MOI NPCC - CO3 - COLOR CODE PANEL BOARD KEY BOX KEY HOLDER,Construction,Services,2094.4,USD, ,Order
10263,Q-1005-V4409,MICRON,07 Feb 2016,IQ, ,BESL,GASKET FLAT RING,Misc.,Various,530.66,USD, ,Quotation
10264,Q-1005-V4408,MICRON,07 Feb 2016,IQ, ,BESL-MR8059,Face Shield And Paper Tape,Misc.,Various,8994.08,USD,Lorelie S.,Quotation
10265,RFQ-637-V6844,MACRO,07 Feb 2016,RFQ,Cala L.S.,MOI NPCC FIT OUT SUPPLY OF SNIPPER SCREEN / GREEN COLOR - 4 METERS WIDTH/ AS APPROVED SAMPLES IN SITE,MOI NPCC - SNIPPER SCREEN / GREEN COLOR - 4 METERS WIDTH/ AS APPROVED SAMPLES IN SITE,Building Materials,Various,3600,USD, ,Order
10266,RFQ-637-V6843,MACRO,07 Feb 2016,RFQ,Subhan G.C.,MOI NPCC FIT OUT SUPPLY  OF Concrete Cutting For 18 Holes,MPI NPCC - Concrete Cutting For 18 Holes,Building Materials,Various,774,USD, ,Order
10267,RFQ-637-E9158,MACRO,04 Feb 2016,RFQ,Haji G.S.,MOI NPCC FIT OUT SUPPLY OF  CO5 - COPPER CABLE LUGS AND CABLES TUMKA 5*35MM2,MOI NPCC - CO5 - COPPER CABLE LUGS AND CABLES TUMKA 5*35MM2,Electrical,Electrical,2705.8,USD, ,Order
10268,Q-216-2623,FIRESTOP,03 Feb 2016,IQ,Sigma E.,"6B+G+103+RF Floors Residential Tower At Marsa,Dubai-U.A.E",SUPPLY OF MVL FIRESTOP MATERIALS,Firestop/ DC 315,Fire,659643.38,AED,Waleed B.M.,Quotation
10269,Q-1192-F7122,FIRESTOP,01 Feb 2016,IQ,Radisson B.R.,,SUPPLY OF DC68-Spray To Protect,Firestop/ DC 315,Fire,2350,AED,Waleed B.M.,Quotation
10270,Q-1192-F7121,FIRESTOP,01 Feb 2016,IQ,Jelfar S.E.,Al Farjan Project-PO 7215,SUPPLY OF MINERAL WOOL,Firestop/ DC 315,Fire,940,AED,Waleed B.M.,Order
10271,RFQ-566-V4258,MACRO,01 Feb 2016,RFQ,Shokrullah M.C.,KHAS KUNAR FIT OUT SUPPLY OF SPARES - CONTROL FUSE AND BSAY O NET FUSE,KHAS KUNAR SPARES - CONTROL FUSE AND BSAY O NET FUSE,Building Materials,Various,1095,USD, ,Order
10272,RFQ-637-E9157,MACRO,01 Feb 2016,RFQ,Haji G.S.,MOI NPCC FIT OUT SUPPLY OF TORK PHOTOCELL AS PER APPROVED SAMPLE,MOI NPCC - TORK PHOTOCELL AS PER APPROVED SAMPLE,Electrical,Electrical,1020,USD, ,Order
10273,Q-1192-F7120,FIRESTOP,01 Feb 2016,IQ,City D.C.,2B+G+9+Roof (CDC/RDL-248-429/1159-R1/16,SUPPLY OF MVL FIRESTOP MATERIALS,Firestop/ DC 315,Fire,35000,AED,Waleed B.M.,Order
10274,Q-637-V6842,MACRO,01 Feb 2016,IQ,M/s S.T.,NPCC Fit Out - Supply Of Tap Primer Valve,Tap Primer Valve,Building Materials,Various,792,USD,Maricar I.,Order
10275,Q-1192-F7119,FIRESTOP,31 Jan 2016,IQ,Gulf A.C.,"B+G+6+Roof At Al Warqa,Dubai",SUPPLY OF MVL FIRESTOP MATERIALS,Firestop/ DC 315,Fire,51002.4,AED,Waleed B.M.,Quotation
10276,Q-1192-F7118,FIRESTOP,31 Jan 2016,IQ,Cairo C.C.,,SUPPLY OF MVL FIRESTOP MATERIALS,Firestop/ DC 315,Fire,2133.1,AED,Samar T.,Cancled
10277,RFQ-566-E6817,MACRO,31 Jan 2016,RFQ,Allied M.L.,KHAS KUNAR FIT OUT SUPPLY OF K2 FUSE PART NO. 1R0749,K2 FUSE PART NO. 1R0749,Electrical,Electrical,41.82,USD, ,Order
10278,RFQ-637-V6841,MACRO,31 Jan 2016,RFQ,Cala L.S.,MOI NPCC FIT OUT SUPPLY OF CO3 - PANEL BOARD COLOR CODE,MOI NPCC - CO3 - PANEL BOARD COLOR CODE,Building Materials,Various,1440,USD, ,Order
10279,RFQ-566-V4257A,MACRO,28 Jan 2016,RFQ,Metron I.,KHAS KUNAR FIT OUT SUPPLY OF AHU SPARE PART MAIN SWITCH MAGNET SWITCH TIMER MAIN BOARD AND FILTER,KHAS KUNAR - SPARES - AHU SPARE PART MAIN SWITCH MAGNET SWITCH TIMER MAIN BOARD AND FILTER,Building Materials,Various,3080,USD, ,Order
10280,Q-1192-F7116,FIRESTOP,28 Jan 2016,IQ,Modern B.C.,G + 11 (TWO TOWERS) PO # 97/29,SUPPLY OF INSS1440 FIRE BARRIER CAULK,Firestop/ DC 315,Fire,2880,AED,Waleed B.M.,Order
10281,Q-1005-F7050,MACRO,28 Jan 2016,IQ,Megatech I.,Kabul,DC315 Thermal Barrier,Firestop/ DC 315,Fire,15680,USD,Mahesh B.,Order
10282,Q-1192-F7113,FIRESTOP,27 Jan 2016,IQ,Al G.&.,Emaar Hills Development Building Project,SUPPLY OF INSS1186,Firestop/ DC 315,Fire,625,AED,Samar T.,Cancled
10283,Q-116-2599,FIRESTOP,27 Jan 2016,IQ,Blue D.F.,Al Barsha 1 Project,SSCI-60 Firestop Collar,Firestop/ DC 315,Fire,9400,AED,Samar T.,Quotation
10284,RFQ-637-S9038,MACRO,26 Jan 2016,RFQ, ,MOI NPCC FIT OUT SUPPLY OF CO3 - COLOR CODE PANEL BOARD KEY BOX KEY HOLDER,MOI NPCC - CO3 - COLOR CODE PANEL BOARD KEY BOX KEY HOLDER,Construction,Services,2129,USD, ,Order
10285,RFQ-982-S9094,MACRO,26 Jan 2016,RFQ,Golden C.C.,MFNDU,"R00005 QR005 Concrete Encasement, Fiber Optic Cable",Subcontract,Services,4832,USD,Marty A.M.,Order
10286,RFQ-982-T1002,MACRO,26 Jan 2016,RFQ,Ali A.&.,MFNDU FIT OUT SUPPLY OF ANEMOSCOPE / AIR FLOW METER UNIT-T UT362,MFNDU ANEMOSCOPE / AIR FLOW METER UNI-T UT362,Tools,Tools,375,AED, ,Order
10287,RFQ-637-S9154,MACRO,24 Jan 2016,RFQ,Sazand E.S.,MOI-NPCC,COMPLETION OF STAND ARRANGEMENT FOR AC UNITS,Subcontract,Services,720,USD, ,Order
10288,RFQ-637-E9156,MACRO,24 Jan 2016,RFQ,Sunlight E.S.,MOI NPCC FIT OUT SUPPLY OF CO4 - SUPPLY OF VARIOUS ELECTRICAL MATERIALS,MOI NPCC - CO4 - SUPPLY OF VARIOUS ELECTRICAL MATERIALS,Electrical,Electrical,5869,USD, ,Order
10289,RFQ-637-E9155,MACRO,24 Jan 2016,RFQ,Sunlight E.S.,MOI NPCC FIT OUT SUPPLY OF CO4 - SUPPLY OF VARIOUS ELECTRICAL MATERIALS,MOI NPCC - CO4 - SUPPLY OF VARIOUS ELECTRICAL MATERIALS,Electrical,Electrical,5874,USD, ,Order
10290,RFQ-637-S9152,MACRO,24 Jan 2016,RFQ,Sazand E.S.,MOI NPCC FIT OUT SUPPLY OF  CO3 - INSULATED FLEXIBLE CONDUIT GRAY 3/4 AND 1/2,MOI NPCC - CO3 - INSULATED FLEXIBLE CONDUIT GRAY 3/4 AND 1/2,Subcontract,Services,1419,USD, ,Order
10291,Q-1005-L4022,MICRON,21 Jan 2016,IQ,Debet U.M.,Transportation Charges From Karachi To Baku,Transportation Charges From Karachi To Baku,Transportation,Logistics,3440,USD,Tamraz M.,Order
10292,Q-1192-F7099,FIRESTOP,21 Jan 2016,IQ,Abdullaziz A.,,DC68 Fabric Spray,Firestop/ DC 315,Fire,500,AED,Karim E.,Order
10293,RFQ-637-V6840,MACRO,21 Jan 2016,RFQ,Cala L.S.,MOI NPCC FIT OUT SUPPLY OF CO4 - EMT GLANDS 3-4 AND 1 INCH EMT COUPLING 1 INCH,MOI NPCC CO4 - EMT GLANDS 3-4 AND 1 INCH EMT COUPLING 1 INCH,Building Materials,Various,935,USD, ,Order
10294,RFQ-1192-V4257,FIRESTOP,20 Jan 2016,RFQ,Fujeira R.F.,MVL FIRESTOP BLDG MATERIAL TRDG LLC - SUPPLY OF ROCKWOOL MATERIALS,ROCKWOOL SLAB UNFACED,Building Materials,Various,24996.96,AED, ,Order
10295,RFQ-637-V6839,MACRO,20 Jan 2016,RFQ,Cala L.S.,MOI NPCC FIT OUT SUPPLY OF CO3 - DOOR STOPPER - HALF MOON TYPE XA803SC-UNION,MOI NPCC CO3 - DOOR STOPPER - HALF MOON TYPE XA803SC-UNION,Building Materials,Various,3180,USD, ,Order
10296,RFQ-637-V6838,MACRO,20 Jan 2016,RFQ,Karyer A.R.,MI NPCC FIT OUT SUPPLY OF Thermostat - Danfoss (KP-61),MOI NPCC CO3 - Thermostat - Danfoss (KP-61),Building Materials,Various,1215,AED, ,Order
10297,RFQ-637-E6834,MACRO,20 Jan 2016,RFQ,Sunlight E.S.,MOI NPCC FIT OUT SUPPLY OF CO3 - INSULATED FLEXIBLE CONDUIT GRAY 3/4 AND 1/2,MOI NPCC CO3 - INSULATED FLEXIBLE CONDUIT GRAY 3/4 AND 1/2,Electrical,Electrical,750,USD, ,Order
10298,Q-116-2579,FIRESTOP,20 Jan 2016,IQ,Shaalimar G.M.,AL JADDAF AB-CULTURAL VILLAGE,Supply Of Firestop Materials,Firestop/ DC 315,Fire,28539.5,AED,Waleed B.M.,Quotation
10299,RFQ-566-E6816,MACRO,20 Jan 2016,RFQ,Haji G.S.,KHAS KUNAR FIT OUT SUPPLY OF SPARES - HOSE AND T&P VALVE AND FREON,KHAS KUNAR - SPARES - HOSE AND T&P VALVE AND FREON,Electrical,Electrical,1120,USD, ,Order
10300,Q-1192-F7093,FIRESTOP,20 Jan 2016,IQ,Blue D.F.,,Supply Of CFS01,Firestop/ DC 315,Fire,221,AED,Samar T.,Order
10301,Q-116-2576,MACRO,19 Jan 2016,IQ,Yarash C.&.,MFNDU,Electric Unit Heater,Electrical,Electrical,48675,USD, ,Order
10302,Q-1192-F7090,FIRESTOP,19 Jan 2016,IQ,Al Q.I.,,Supply Of INSS1186,Firestop/ DC 315,Fire,6837.6,AED,Waleed B.M.,Quotation
10303,RFQ-637-A5307,MACRO,19 Jan 2016,RFQ,Aziz U.N.,MOI NPCC FIT OUT SUPPLY OF Grand Master Key,MOI NPCC - Grand Master Key,Paints,Architectural,2595,USD, ,Order
10304,Q-116-2573,FIRESTOP,19 Jan 2016,IQ,Shaalimar G.M.,"6B +G+103+RF Floors Residential Tower At Marsa, Dubai UAE",INSS1186 Elastomeric FireCaulk,Firestop/ DC 315,Fire,8.26,AED,Karim E.,Quotation
10305,RFQ-781-S9083,MACRO,18 Jan 2016,RFQ,Honeywell I.M.,AL DHAFRA,Access Control & IDS System - EC,Subcontract,Services,27095.2,USD, ,Order
10306,RFQ-637-S9147,MACRO,18 Jan 2016,RFQ,Mainawal R.,MOI-NPCC,"QR009 EBK Exp Tank, Strainers & Thermostatic Valves (REA)",Subcontract,Services,4783,USD, ,Order
10307,RFQ-637-V6837,MACRO,18 Jan 2016,RFQ,Novinsimia. C.,MOI NPCC FIT OUT SUPPLY OF CO3 - CABLE TRAY,MOI NPCC CO3 - CABLE TRAY,Building Materials,Various,722.16,USD, ,Order
10308,Q-1192-F7089,FIRESTOP,18 Jan 2016,IQ,United F.G.,,Supply Of FP04 Firestop Sheet And INSS2460 Fire Barrier Silicone Sealant,Firestop/ DC 315,Fire,1612,AED,Karim E.,Order
10309,RFQ-566-E6815,MACRO,18 Jan 2016,RFQ,Sunlight E.S.,KHAS KUNAR FIT OUT SUPPLY OF H TYPE  AS PER ATTACHED DATA SHEET,KHAS KUNAR - H TYPE BULB AS PER ATTACHED DATA SHEET,Electrical,Electrical,100,USD, ,Order
10310,RFQ-637-V6835,MACRO,18 Jan 2016,RFQ,Duran B.,MOI NPCC FIT OUT SUPPLY OF  30 Amp Fusible Safety Switch AND 100 Amp Fusible Safety Switch WITH FUSE,FOX MOI NPCC - 30 Amp Fusible Safety Switch AND 100 Amp Fusible Safety Switch WITH FUSE,Building Materials,Various,9525,USD, ,Order
10311,RFQ-637-V6831,MACRO,17 Jan 2016,RFQ,Smart E.S.,MOI NPCC FIT OUT SUPPLY OF FOX - SQUARE D DISCONNECT SWITHCES 30 AMP FUSIBLE INDOOR  WITH FUSE,MOI NPCC FOX - SQUARE D DISCONNECT SWITHCES 30 AMP FUSIBLE INDOOR  WITH FUSE,Building Materials,Various,15850,USD, ,Order
10312,Q-1005-E6962,MICRON,17 Jan 2016,IQ,Reliance P.C.,MFNDU,Remote Head Lighting,Electrical,Electrical,1620,USD, ,Order
10313,RFQ-637-V6828A,MACRO,17 Jan 2016,RFQ,Cala L.S.,MOI NPCC FIT OUT SUPPLY OF FOX - CO BOQ 3 - ELECTRICAL MATERIALS,MOI NPCC- FOX - CO BOQ 3 - ELECTRICAL MATERIALS,Building Materials,Various,1578.5,USD, ,Order
10314,RFQ-1192-V4255,FIRESTOP,17 Jan 2016,RFQ,Point A.D.,MVL Firestop Warehouse,Supply Of Office & Pantry For Warehouse,Building Materials,Various,19325,AED, ,Order
10315,RFQ-637-E6831,MACRO,17 Jan 2016,RFQ,Sunlight E.S.,MOI NPCC FIT OUT SUPPLY OF FOX - CO3 - H TYPE BULD 70W AND PELSAN 32 W-T8-3500K,MOI NPCC FOX - CO3 - H TYPE BULD 70W AND PELSAN 32 W-T8-3500K,Electrical,Electrical,545,USD, ,Order
10316,RFQ-637-S9138,MACRO,17 Jan 2016,RFQ,World G.E.,MOI-NPCC,ORD637-714-2004-L QR008 Cobble Stone Riprap,Subcontract,Services,8910,USD, ,Order
10317,RFQ-982-V4352,MACRO,17 Jan 2016,RFQ,Stationerydubai ,MFNDU FIT OUT SUPPLY OF PEGASUS 5 PANEL COLOR RIBBON AND STANDARD CARD 1*100 PACKET,MFNDU - PEGASUS 5 PANEL COLOR RIBBON AND STANDARD CARD 1*100 PACKET,Misc.,Various,2450,AED, ,Order
10318,Q-1192-F7087,FIRESTOP,14 Jan 2016,IQ,Al A.C.,2B+G+6+H.C.,MVL Firestop Products,Firestop/ DC 315,Fire,99949.4,AED,Samar T.,Order
10319,Q-116-2553,MICRON,14 Jan 2016,IQ,Procon L.,"Dushanbe , Tajikistan","PVC Pipes, E-Foam",Building Materials,Various,43381,USD,Mahesh B.,Quotation
10320,RFQ-566-V4256,MACRO,14 Jan 2016,RFQ,Cala L.S.,KHAS KUNAR FIT OUT SUPPLY OF SPARES - VARIOUS MATERIALS,KHAS KUNAR K2 - SPARES - VARIOUS MATERIALS,Building Materials,Various,1096.3,USD, ,Order
10321,RFQ-637-A5305,MACRO,13 Jan 2016,RFQ,Aziz U.N.,MOI NPCC FIT OUT SUPPLY AND INSTALLATION Of Master Key For B# (302 To 307 ),MOI NPCC - FOX -  Master Key For B# (302 To 307 ),Paints,Architectural,3600,USD, ,Order
10322,Q-116-2550,MACRO,13 Jan 2016,IQ,Macec G.O.,MFNDU Project : Supply Of Electric Cables,Electrical Wire And Cable,Building Materials,Various,413114.16,USD,Mahesh B.,Quotation
10323,RFQ-566-S9035,MACRO,13 Jan 2016,RFQ,Crown C.C.,KHAS KUNAR FIT OUT SUPPLY OF K2 - SPARES - VARIOUS SUBCON - ACTUATOR MOTOR FOR MOTORIZED DAMPER AND THERMOSTAT,K2 - SPARES - VARIOUS SUBCON - ACTUATOR MOTOR FOR MOTORIZED DAMPER AND THERMOSTAT,Construction,Services,5122.95,USD, ,Order
10324,RFQ-982-S9091,MACRO,12 Jan 2016,RFQ,Adam K.C.,MFNDU,Scaffolding,Subcontract,Services,55575,USD, ,Order
10325,Q-637-M4103,MACRO,12 Jan 2016,IQ,Invent E.C.,NPCC Fit Out - Supply Of Flasher And Smoke Detector - Bosch,Flasher And Smoke Detector - Bosch,Mechanical Items,Mechanical,7300,USD,Maricar I.,Order
10326,Q-1192-F7081,FIRESTOP,12 Jan 2016,IQ,S.s. L.C.,RESIDENTIAL BUILDING G+11-AFRA 006-AL FURJAN,SUPPLY OF MVL FIRESTOP MATERIALS,Firestop/ DC 315,Fire,114949.72,AED,Waleed B.M.,Quotation
10327,RFQ-1192-V4360,FIRESTOP,11 Jan 2016,RFQ,Alam A.,MVL FIRESTOP BLDG MATERIAL TRDG LLC - GIVEAWAYS,FIRESTOP - GIVEAWAYS,Misc.,Various,26132,AED, ,Order
10328,RFQ-566-E6812,MACRO,11 Jan 2016,RFQ,Aramish E.C.,KHAS KUNAR FIT OUR SUPPLY OF K2 - SPARES - VARIOUS SUBCON - Fluorescent Electronic Ballast EL2 - Helvar EL2x36es,K2 - SPARES - VARIOUS SUBCON - Fluorescent Electronic Ballast EL2 - Helvar EL2x36es,Electrical,Electrical,589,USD, ,Order
10329,RFQ-637-S9135,MACRO,10 Jan 2016,RFQ,Adam K.C.,MOI-NPCC,50% Scaffolding (Ext. 01.12.16 - 02.11.16),Subcontract,Services,4626.9,USD, ,Order
10330,Q-116-2541,MACRO,10 Jan 2016,IQ,Tatekan C.,MFNDU,Electrical Unit Heaters,Electrical,Electrical,6064.2,USD,Mahesh B.,Order
10331,Q-1005-E6964,MACRO,10 Jan 2016,IQ,Macec G.O.,MFNDU,Electrical Unit Heater,Electrical,Electrical,12589.5,USD,Mahesh B.,Order
10332,Q-1192-F7079,FIRESTOP,10 Jan 2016,IQ,Future T.C.,"4B+G+14 Residential & Commercial Building, Al Barsha -1st",SUPPLY OF MVL FIRESTOP MATERIALS,Firestop/ DC 315,Fire,25486.9,AED,Samar T.,Quotation
10333,Q-1005-V6952,MICRON,10 Jan 2016,IQ, ,BESL-MR 7759,Supply Of Various Items,Building Materials,Various,9890,USD,Raquel I.,Quotation
10334,RFQ-637-S9037,MACRO,07 Jan 2016,RFQ,Top L.C.,MOI NPCC FIT OUT SUPPLY OF CHANGE ORDER NO. 2 - VARIOUS MATERIALS,FOX MOI NPCC - CHANGE ORDER NO. 2 - VARIOUS MATERIALS,Construction,Services,4930.93,USD, ,Order
10335,Q-1192-F7076,FIRESTOP,06 Jan 2016,IQ,Unisafe F.P.,"ASAB,BAB,BUHASA,SHAH-SIEMENS PROJECT (ADCO)",SUPPLY OF MVL FIRESTOP MATERIALS,Firestop/ DC 315,Fire,22850.5,AED,Samar T.,Quotation
10336,Q-116-2533,MICRON,05 Jan 2016,IQ,Inter P.G.,INTER PACIFIC GENERAL TRADING,SUPPLY OF SS SHEET AND MS PLATE,Firestop/ DC 315,Fire,263637,AED,Raquel I.,Quotation
10337,RFQ-637-S9125,MACRO,05 Jan 2016,RFQ,Fahim. C.,MOI-NPCC,Additional Scope Of Works 2,Subcontract,Services,3888,USD, ,Order
10338,Q-116-2531,FIRESTOP,05 Jan 2016,IQ,S.s. L.C.,RESIDENTIAL BUILDING G+11-AFRA 005-AL FURJAN,Supply Of MVL Firestop Materials,Firestop/ DC 315,Fire,91127.9,AED,Waleed B.M.,Quotation
10339,RFQ-637-E6828,MACRO,04 Jan 2016,RFQ,Sunlight E.S.,MOI NPCC FIT OUT SUPPLY OF TL5 35 PHILIPS BULB 35 WATTS 5 Feet,FOX MOI NPCC TL5 35 PHILIPS BULB 35 WATTS 5 Feet,Electrical,Electrical,1100,USD, ,Order
10340,RFQ-982-S9083,MACRO,04 Jan 2016,RFQ,Tatekan C.C.,MFNDU,"ORD-982-1590A-5 RFP-0007 QR005,  Excavation, Backfilling & Fiber Optic Concrete Encasement",Subcontract,Services,3852,USD,Marty A.M.,Order
10341,RFQ-637-E6819C,MACRO,04 Jan 2016,RFQ,Haji G.S.,MOI NPCC - FOX - COMPLETION BOQ - ELECTRICAL 63 - 103,FOX - COMPLETION BOQ - ELECTRICAL 63 - 103,Electrical,Electrical,30667.68,USD, ,Order
10342,RFQ-637-V6827,MACRO,04 Jan 2016,RFQ,Welkin I.,MOI NPCC FIT OUT SUPPLY OF BOBRICK SOAP DISPENSER B - 2111,FOX MOI NPCC - BOBRICK SOAP DISPENSER B - 2111,Building Materials,Various,1680,USD, ,Order
10343,Q-1192-F7068,FIRESTOP,04 Jan 2016,IQ,Delta U.C.,Olgana Tower G+38 In Tecom,Supply Of MVL Firestop Materials,Firestop/ DC 315,Fire,1121.8,AED,Samar T.,Quotation
10344,Q-1005-F7033A,FIRESTOP,04 Jan 2016,IQ,Shaalimar G.M.,,MVL FIRESTOP PRODUCT,Firestop/ DC 315,Fire,555220,AED,Karim E.,Cancled
10345,RFQ-637-S9124,MACRO,03 Jan 2016,RFQ,Afghanistan C.C.,MOI-NPCC,Relocation Of LSA,Subcontract,Services,0,USD, ,Order
10346,Q-116-2522,MACRO,03 Jan 2016,IQ,Sojtf-a B.,H92237-16-R-0007-AUTOMATIC TRANSFER SWITCH,Supply Of Automatic Transfer Switch,Building Materials,Various,30775,USD,Raquel I.,Quotation
10347,RFQ-637-V6826,MACRO,03 Jan 2016,RFQ,Duran B.,MOI NPCC FIT OUT SUPPLY OF  30 Amp Fusible Safety Switch AND 100 Amp Fusible Safety Switch WITH FUSE,FOX MOI NPCC - 30 Amp Fusible Safety Switch AND 100 Amp Fusible Safety Switch WITH FUSE,Building Materials,Various,24360,USD, ,Order
10348,Q-1005-F7048,MACRO,30 Dec 2015,IQ,Techonology a.S.,TASM,DC315 Thermal Barrier,Firestop/ DC 315,Fire,28500,USD,Abie M.,Order
10349,Q-1192-F7067,FIRESTOP,30 Dec 2015,IQ,Accu ,,INSS1440 And INSS2460- Ex Work Dubai,Firestop/ DC 315,Fire,153600,USD, ,Cancled
10350,RFQ-637-E6826,MACRO,30 Dec 2015,RFQ,Haji G.S.,MOI NPCC FIT OUT SUPPLY OF  CHANGE ORDER NO. 2 ELECTRICAL CABLES 4*4 MM2 AND 3*4 MM2,FOX MOI NPCC - CHANGE ORDER NO. 2 ELECTRICAL CABLES 4*4 MM2 AND 3*4 MM2,Electrical,Electrical,2300,USD, ,Order
10351,RFQ-637-S9035,MACRO,30 Dec 2015,RFQ,Top L.C.,MOI NPCC FIT OUT SUPPLY OF CHANGE ORDER NO. 2 - VARIOUS MAERIALS,FOX MOI NPCC - CHANGE ORDER NO. 2 - VARIOUS MAERIALS,Construction,Services,4456.43,USD, ,Order
10352,Q-1192-F7066,FIRESTOP,29 Dec 2015,IQ,Sigma E.,"6B+G+103+RF Floors Residential Tower At Marsa,Dubai-U.A.E.",Supply Of MVL Firestop Materials,Firestop/ DC 315,Fire,587143.81,AED,Waleed B.M.,Quotation
10353,Q-1192-F7065,FIRESTOP,29 Dec 2015,IQ,China R.1.,B+G+M+1 Multiuse Building At Dubai Silicon Oasis,Supply Of MVL Firestop Products,Firestop/ DC 315,Fire,50536.8,AED,Shahbas A.S.,Quotation
10354,RFQ-637-E6825,MACRO,29 Dec 2015,RFQ,Haji G.S.,MOI NPCC  FIT OUT SUPPLY OF - ADDITIONAL REQUIREMENT OF FA CABLE 1*2*2.5 MM RED ERSE KABLO,FOX MOI NPCC - ADDITIONAL REQUIREMENT OF FA CABLE 1*2*2.5 MM RED ERSE KABLO,Electrical,Electrical,7200,USD, ,Order
10355,RFQ-637-V6825,MACRO,29 Dec 2015,RFQ,Cala L.S.,MOI NPCC FIT OUT SUPPLY OF  - CHANGE ORDER 1 - GENERAL SAFETY SWITCH 30 AMPS AND 100 AMPS INDOOR OUTDOOR,MOI NPCC - CHANGE ORDER 1 - GENERAL SAFETY SWITCH 30 AMPS AND 100 AMPS INDOOR OUTDOOR,Building Materials,Various,21433,USD, ,Order
10356,RFQ-637-V6824,MACRO,28 Dec 2015,RFQ,Cala L.S.,MOI NPCC FIT OUT SUPPLY OF -TERMINAL LUG 4MM AS PER APPROVED SAMPLE AT SITE,MOI NPCC -TERMINAL LUG 4MM AS PER APPROVED SAMPLE AT SITE,Building Materials,Various,180,USD, ,Order
10357,Q-116-2511,MACRO,28 Dec 2015,IQ,Macec G.O.,MFNDU,Ceiling Fan,Electrical,Electrical,46139.2,USD,Mahesh B.,Order
10358,Q-1005-F7047,MACRO,28 Dec 2015,IQ,Megatech I.,Kabul Project,DC315 Thermal Barrier,Firestop/ DC 315,Fire,11120,USD,Mahesh B.,Order
10359,RFQ-637-B5302B,MACRO,28 Dec 2015,RFQ,Aziz U.N.,"MOI NPCC FIT OUT SUPPLY OF FOX MOI NPCC - DOOR HARDWARES - ITEM 2, 4, 5, 6, AND 9","FOX MOI NPCC - DOOR HARDWARES - ITEM 2, 4, 5, 6, AND 9",Paints,Architectural,5598,USD, ,Order
10360,RFQ-637-V6823,MACRO,28 Dec 2015,RFQ,Hashmatkhan S.,MOI NPCC FIT OUT SUPPLY OF DOOR SILENCER - AS PER APPROVED SAMPLE AT SITE,MOI NPCC - DOOR SILENCER - AS PER APPROVED SAMPLE AT SITE,Building Materials,Various,1120,USD, ,Order
10361,RFQ-637-S9150,MACRO,27 Dec 2015,RFQ,Mainawal R.,MOI-NPCC,"RFP-0031 QR010, T-01 Transformer Termination",Subcontract,Services,4350,USD, ,Order
10362,Q-1192-F7064,FIRESTOP,27 Dec 2015,IQ,Emirates E.L.,,Supply Of INSS1440,Firestop/ DC 315,Fire,26288.45,AED,Derlyn J.A.,Quotation
10363,Q-1005-F7049,MACRO,27 Dec 2015,IQ,Reliance P.C.,MFNDU,DC315 Thernal Barrier,Firestop/ DC 315,Fire,340,USD,Mahesh B.,Order
10364,Q-1215-2503,MICRON,27 Dec 2015,IQ,Qbrex ,Iraq Project,DC315 Thermal Barrier,Firestop/ DC 315,Fire,19825,USD,Mahesh B.,Quotation
10365,Q-1192-F7063,FIRESTOP,27 Dec 2015,IQ,Delta U.C.,Olgana Tower-Dubai Media City (2B+G+3P+38+Roof),Supply Of INSS1186,Firestop/ DC 315,Fire,73748.4,AED,Samar T.,Quotation
10366,RFQ-637-E6824,MACRO,22 Dec 2015,RFQ,Sunlight E.S.,FIT OUT SUPPLY OF FOX MOI NPCC - TL5-35 Lamp For B1 Fixtures,FOX MOI NPCC - TL5-35 Lamp For B1 Fixtures,Electrical,Electrical,514,USD, ,Order
10367,Q-1192-F7091,FIRESTOP,22 Dec 2015,IQ,Zenith I.C.,,Supply Of MVL Firestop Products,Firestop/ DC 315,Fire,3844.15,AED,Samar T.,Order
10368,Q-1005-C6008,MICRON,22 Dec 2015,IQ,Al E.f.,,LAPOLLA FL2500ME,Polyurethane Foam,Chemicals,4465,AED,Karim E.,Quotation
10369,Q-1192-F7061,FIRESTOP,22 Dec 2015,IQ,China R.1.,Al Sondos Mansion Project (LG+G+4P+HC+UHC+25 Floors Roof),Supply Of MVL Firestop Materials,Firestop/ DC 315,Fire,299232.81,AED,Shahbas A.S.,Quotation
10370,RFQ-637-V6822,MACRO,22 Dec 2015,RFQ,Cala L.S.,FIT OUT SUPPLY OF FOX MOI NPCC- AC MATERIALS - CONNECTORS,FOX MOI NPCC- AC MATERIALS - CONNECTORS,Building Materials,Various,462.3,USD, ,Order
10371,RFQ-637-S9051,MACRO,21 Dec 2015,RFQ,Torrent L.a.,MOI NPCC FIT OUT SUPPLY OF CIVIL WORKS - AGGREGATES AND SAND,FOX MOI NPCC - CIVIL WORKS - AGGREGATES AND SAND,LSA - Life Support Area,Services,324,USD, ,Order
10372,Q-1192-F7060,FIRESTOP,21 Dec 2015,IQ,Abu D.G.,PFP COATING FOR OLD PAINTED WOODEN ACCOMMODATION CARAVANS,Supply Of DC333,Firestop/ DC 315,Fire,1214.6,AED,Karim E.,Quotation
10373,RFQ-1005-M6985,MICRON,20 Dec 2015,RFQ,Hebei D.G.,MVL WAREHOUSE - JZX-15 -50 SEMI ELECTRIC STACKER 1.5 TON CAPACITY 5 M HEIGHT,JZX-15 -50 SEMI ELECTRIC STACKER 1.5 TON CAPACITY 5 M HEIGHT,Mechanical Items,Mechanical,15500,AED, ,Order
10374,Q-1192-F7059,FIRESTOP,20 Dec 2015,IQ,Reem C.C.,Al Shurooq Community Center Mirdiff,Supply Of MVL FireStop Products,Firestop/ DC 315,Fire,4000,AED,Karim E.,Order
10375,RFQ-637-S9134,MACRO,20 Dec 2015,RFQ,Mainawal R.,MOI-NPCC,"RFP-0029: QR007,  Fuel Heaters Power Connection - Bldg #339",Subcontract,Services,6437.5,USD, ,Order
10376,RFQ-637-E6819B,MACRO,20 Dec 2015,RFQ,Haji G.S.,MOI NPCC - FOX - COMPLETION BOQ - ELECTRICAL 63 - 103,FOX - COMPLETION BOQ - ELECTRICAL 63 - 103,Electrical,Electrical,30337.1,USD, ,Order
10377,RFQ-637-V6821,MACRO,20 Dec 2015,RFQ,Cala L.S.,MOIN NPCC FIT OUT SUPPLY OF FOX Marble For Counter Top On Duty Room,FOX MOI NPCC Marble For Counter Top On Duty Room,Building Materials,Various,1024.8,USD, ,Order
10378,RFQ-637-E6823,MACRO,20 Dec 2015,RFQ,Haji G.S.,MOI NPCC FIT OUT SUPPLY OF FOX MOI NPCC FINAL CABLES REQUIREMENT TUMKA CABLES,FOX MOI NPCC FINAL CABLES REQUIREMENT TUMKA CABLES,Electrical,Electrical,4902,USD, ,Order
10379,Q-1192-F7058,FIRESTOP,16 Dec 2015,IQ,K.s.s B.C.,B+G+11 Residential Project-Al Nahda Second,Supply Of INSS1186,Firestop/ DC 315,Fire,34188,AED,Waleed B.M.,Quotation
10380,Q-1192-F7057,FIRESTOP,16 Dec 2015,IQ,Delta U.C.,Al Fattan Tower,Supply Of INSS1186,Firestop/ DC 315,Fire,23443.2,AED,Waleed B.M.,Quotation
10381,Q-1005-V4405,MICRON,16 Dec 2015,IQ, ,BESL-MR7468,Various Items,Misc.,Various,4400.55,USD,Raquel I.,Quotation
10382,RFQ-637-E6822,MACRO,16 Dec 2015,RFQ,Haji G.S.,MOI NPCC FIT OUT SUPPLY OF FOX MOI NPCC - IMC CONDUIT 3/4 AND ELEC CABLE 1*16MM 2 FOR GROUND,FOX MOI NPCC - IMC CONDUIT 3/4 AND ELEC CABLE 1*16MM 2 FOR GROUND,Electrical,Electrical,1158.3,USD, ,Order
10383,RFQ-637-V4277,MACRO,16 Dec 2015,RFQ,Cala L.S.,"MOI NPCC FIT OUT SUPPLY OF WIRING TAG, MACHINE SCREW W/NUT AND BOLT 8.8MM AS PER APPROVED SAMPLE TO SITE","FOX MOI NPCC - WIRING TAG, MACHINE SCREW W/NUT AND BOLT 8.8MM AS PER APPROVED SAMPLE TO SITE",Building Materials,Various,564,USD, ,Order
10384,RFQ-637-A5302A,MACRO,16 Dec 2015,RFQ,Aziz U.N.,"MOI NPCC FIT OUT SUPPLY OF FOX MOI NPCC - DOOR HARDWARES - ITEM 2, 4, 5, 6, AND 9","FOX MOI NPCC - DOOR HARDWARES - ITEM 2, 4, 5, 6, AND 9",Paints,Architectural,6046,USD, ,Order
10385,RFQ-637-V4276,MACRO,15 Dec 2015,RFQ,Cala L.S.,MOI NPCC FIT OUT SUPPLY OF DOOR HARDWARE - WEATHER STRIPPING AS PER APPROVED SAMPLE AT SITE,FOX MOI NPCC - DOOR HARDWARE - WEATHER STRIPPING AS PER APPROVED SAMPLE AT SITE,Building Materials,Various,3945,USD, ,Order
10386,RFQ-637-S9034,MACRO,15 Dec 2015,RFQ,Top L.C.,MOI NPCC FIT OUT SUPPLY OF CIVIL WORKS TILE BOUND PVC CAP FILLER BOARD TERRAZZO TILE,FOX MOI NPCC CIVIL WORKS TILE BOUND PVC CAP FILLER BOARD TERRAZZO TILE,Construction,Services,1336.75,USD, ,Order
10387,RFQ-637-V4275,MACRO,15 Dec 2015,RFQ,Cala L.S.,MOI NPCC FIT OUT SUPPLY OF FOX - DOOR HARDWARES - WEATHER STRIPPING AS PER APPROVED SAMPLE AT SITE,MOI NPCC - FOX - DOOR HARDWARES - WEATHER STRIPPING AS PER APPROVED SAMPLE AT SITE,Building Materials,Various,3948,USD, ,Quotation
10388,Q-1005-V4403,MICRON,15 Dec 2015,IQ, ,BESL-MR7468,Air Fan,Misc.,Various,0,USD, ,Quotation
10389,RFQ-637-S9119,MACRO,15 Dec 2015,RFQ,Adam K.C.,MOI- NPCC,Scaffolding (Rental Extension),Subcontract,Services,9253.8,USD, ,Order
10390,RFQ-781-V4252,MACRO,14 Dec 2015,RFQ,Abdulaziz a.S.,AL DHAFRA FIT OUT SUPPLY OF 781 - LOCK SET YALE,781 - LOCK SET YALE,Building Materials,Various,21611.06,AED, ,Order
10391,RFQ-637-V4274,MACRO,14 Dec 2015,RFQ,Cala L.S.,MOIN NPCC FIT OUT SUPPLY OF FOX MOI NPCC - MARBLES FOR DOOR THRESHOLD AS PER APPROVED SAMPLE AT SITE,FOX MOI NPCC - MARBLES FOR DOOR THRESHOLD AS PER APPROVED SAMPLE AT SITE,Building Materials,Various,890.4,USD, ,Order
10392,RFQ-637-A5302,MACRO,14 Dec 2015,RFQ,Aziz U.N.,"MOI NPCC FIT OUT SUPPLY OF FOX MOI NPCC - DOOR HARDWARES - ITEM 2, 4, 5, 6, AND 9","FOX MOI NPCC - DOOR HARDWARES - ITEM 2, 4, 5, 6, AND 9",Paints,Architectural,5578,USD, ,Order
10393,RFQ-637-V4273,MACRO,14 Dec 2015,RFQ,Hashmatkhan S.,"MOI NPCC - FIT OUT SUPPLY OF FOX MOI NPCC - DOOR HARDWARES - ITEM 1, 3 , 8 AND 10","FOX MOI NPCC - DOOR HARDWARES - ITEM 1, 3 , 8 AND 10",Building Materials,Various,2754,USD, ,Order
10394,RFQ-637-S9033,MACRO,14 Dec 2015,RFQ, ,MOI NPCC FIT OUT SUPPLY OF FOX MOI NPCC - CIVIL MATERIALS - TILE BOUND PVC CAP - FILLER BOARD - TERAZZO TILES,FOX MOI NPCC - CIVIL MATERIALS - TILE BOUND PVC CAP - FILLER BOARD - TERAZZO TILES,Construction,Services,1336.75,USD, ,Quotation
10395,Q-1192-F7056,FIRESTOP,14 Dec 2015,IQ,Al A.C.,2B+G+6+H.C.,MVL Firestop Products,Firestop/ DC 315,Fire,215629.91,AED,Ramshad K.,Quotation
10396,Q-1192-F7055,FIRESTOP,14 Dec 2015,IQ,Al Q.I.,Al-Jadaf Hotel (Construction Joints-Head Of Wall),Supply Of INSS1186,Firestop/ DC 315,Fire,92307.6,AED,Waleed B.M.,Quotation
10397,RFQ-637-T1001,MACRO,13 Dec 2015,RFQ,Ali A.&.,MFNDU FIT OUT SUPPLY OF TOOL - FLUKE 62 MAX+ AND FLIR MR160,MFNDU - TOOL - FLUKE 62 MAX+ AND FLIR MR160,Tools,Tools,4575,AED, ,Order
10398,RFQ-637-A5301,MACRO,13 Dec 2015,RFQ,Aziz U.N.,"MOI NPCC FIT OUT SUPPLY OF CIVIL MATERIALS - TILE BOUND, PVC CAP, AND FILLER BOARD","MOI NPCC - CIVIL MATERIALS - TILE BOUND, PVC CAP, AND FILLER BOARD",Paints,Architectural,557.15,USD, ,Quotation
10399,Q-1005-C6007,MICRON,13 Dec 2015,IQ,Shaalimar G.M.,,Lapolla FL2000,Polyurethane Foam,Chemicals,65376,AED,Karim E.,Quotation
10400,Q-982-E6949,MACRO,13 Dec 2015,IQ,Reliance P.C.,MFNDU,Explosion Proof Unit Heaters,Electrical,Electrical,10400,USD,Mahesh B.,Order
10401,RFQ-637-E6820,MACRO,13 Dec 2015,RFQ,Cala L.S.,MOI NPCC FIT OUT SUPPLY OF Additional Electrical Materials For Panelboard Cable Termination,MOI NPCC - Additional Electrical Materials For Panelboard Cable Termination,Building Materials,Various,2685.22,USD, ,Order
10402,Q-1192-F7054,FIRESTOP,13 Dec 2015,IQ,Jelfar S.E.,MBCC-AlFarjan-2B+G+11 (Two Towers),MVL Firestop Products,Firestop/ DC 315,Fire,66520.58,AED,Waleed B.M.,Order
10403,Q-1192-F7053,FIRESTOP,10 Dec 2015,IQ,Geco M.&.,Dubai Frame,Supply Of INSS1440,Firestop/ DC 315,Fire,7.3,AED,Samar T.,Quotation
10404,RFQ-637-E6819A,MACRO,10 Dec 2015,RFQ,Haji G.S.,MOI NPCC - FOX - COMPLETION BOQ - ELECTRICAL 63 - 103,FOX - COMPLETION BOQ - ELECTRICAL 63 - 103,Electrical,Electrical,30337.1,USD, ,Order
10405,Q-1192-F7052,FIRESTOP,09 Dec 2015,IQ,Blue D.F.,,MVL Firestop Materials,Firestop/ DC 315,Fire,6630,AED,Karim E.,Order
10406,RFQ-637-V4272,MACRO,09 Dec 2015,RFQ,Novinsimia. C.,MOI NPCC - FOX SPARES - CIRCUIT BREAKERS - ITEM  18 AND 19,FOX SPARES - CIRCUIT BREAKERS - ITEM  18 AND 19,Building Materials,Various,2232,USD, ,Order
10407,Q-1005-C6006,MICRON,09 Dec 2015,IQ,Siac T.S.,Kier Construction  Dubai Parks,Lapolla LPA2500ME,Polyurethane Foam,Chemicals,878900,AED,Karim E.,Quotation
10408,RFQ-637-E6818A,MACRO,08 Dec 2015,RFQ,Gmg D.T.,MOI NPCC - FOX  SPARES - HYUNDAI CIRCUIT BREAKERS,FOX  SPARES - HYUNDAI CIRCUIT BREAKERS,Electrical,Electrical,4118.58,USD, ,Order
10409,Q-1005-V6937,MICRON,08 Dec 2015,IQ,Macec G.O.,MFNDU,Auditoriums Seating,Building Materials,Various,180512.5,USD, ,Quotation
10410,RFQ-637-E6818,MACRO,08 Dec 2015,RFQ,Gmg D.T.,MOI NPCC - FOX  SPARES - HYUNDAI CIRCUIT BREAKERS,FOX  SPARES - HYUNDAI CIRCUIT BREAKERS,Electrical,Electrical,2863.2,USD, ,Order
10411,RFQ-637-V4271,MACRO,08 Dec 2015,RFQ,Novinsimia. C.,MOI NPCC - SPARES - FOX - HYUNDAI CIRCUIT BREAKERS AND LEGRAND TVSS 4 POLE,SPARES - FOX - HYUNDAI CIRCUIT BREAKERS AND LEGRAND TVSS 4 POLE,Building Materials,Various,3089.5,USD, ,Quotation
10412,Q-982-E6948,MACRO,08 Dec 2015,IQ,Reliance P.C.,MFNDU,Electric Convector Heater,Electrical,Electrical,15681,USD,Mahesh B.,Order
10413,Q-1005-C6005,MICRON,08 Dec 2015,IQ,Siac T.S.,UZ750/P8450/8045/Z-AJ/L-1820; UPGRADING AUP ACCOMMODATION UNITS,Lapolla LPA2800,Polyurethane Foam,Chemicals,734799,AED,Karim E.,Quotation
10414,Q-1005-F7052,FIRESTOP,07 Dec 2015,IQ,Shaalimar G.M.,"2B G 12 Floors Residential Building Project At Warsan ,DXB",MVL Firestop Materials,Firestop/ DC 315,Fire,48002,AED,Shahbas A.S.,Quotation
10415,RFQ-637-V4270,MACRO,07 Dec 2015,RFQ,Cala L.S.,MOI NPCC FIT OUT SUPPLY OF INSTALLATION OF HAND DRYER AND PAPER DISPENSER AND SUPPLY OF VARIOUS MATERIALS,INSTALLATION OF HAND DRYER AND PAPER DISPENSER AND SUPPLY OF VARIOUS MATERIALS,Building Materials,Various,2277.1,USD, ,Order
10416,RFQ-637-E6817,MACRO,07 Dec 2015,RFQ,Haji G.S.,MOI-NPCC-FIT OUT SUPPLY OF HAND DRYER AND PAPER DISPENSER  AS PER APPROVED SAMPLE AT SITE,HAND DRYER AND PAPER DISPENSER  AS PER APPROVED SAMPLE AT SITE,Electrical,Electrical,1100,USD, ,Order
10417,Q-1005-F7051,FIRESTOP,07 Dec 2015,IQ,Zenith I.C.,,MVL Firestop Materials,Firestop/ DC 315,Fire,2746,AED,Samar T.,Cancled
10418,RFQ-637-V4269,MACRO,06 Dec 2015,RFQ,Novinsimia. C.,"MOI NPCC FIT OUT SUPPLY OF FOX BOQ - VARIOUS MATERIALS (ITEM 69,70,88,89)","FOX BOQ - VARIOUS MATERIALS (ITEM 69,70,88,89)",Building Materials,Various,560.16,USD, ,Order
10419,RFQ-637-V4351,MACRO,05 Dec 2015,RFQ,Elia T.C.,"MOI NPCC - O AND M MANUALS (CIVIL, MECHANICAL, ELECTRICAL, COMMUNICATION AND PLUMBING)","NPCC O AND M MANUALS (CIVIL, MECHANICAL, ELECTRICAL, COMMUNICATION AND PLUMBING)",Misc.,Various,14778,USD, ,Order
10420,RFQ-637-V4268,MACRO,01 Dec 2015,RFQ,Venco ,MOI NPCC SUPPLY OF FOX SPARES - MECHANICAL - VENCO CONTROLLER MAIN BOARD AND FILTER,FOX SPARES - MECHANICAL - VENCO CONTROLLER MAIN BOARD AND FILTER,Building Materials,Various,294,EURO, ,Order
10421,Q-1005-C6004,MICRON,30 Nov 2015,IQ,Shaalimar G.M.,UZ-8451 AUP Accommodation & Utilities Project,Lapolla LPA 2500/2800,Polyurethane Foam,Chemicals,1326815,AED,Karim E.,Quotation
10422,RFQ-637-V4267,MACRO,30 Nov 2015,RFQ,Cala L.S.,MOI NPCC FIT OUT SUPPLY OF FOX SPARES - MECHANICAL AC REFRIGERANT PIPING,FOX SPARES - MECHANICAL AC REFRIGERANT PIPING,Building Materials,Various,375,USD, ,Order
10423,RFQ-637-S9117,MACRO,30 Nov 2015,RFQ,World G.E.,MOI-NPCC,"QR005 Admin Building 304, 2/F Changes",Subcontract,Services,6322.68,USD, ,Order
10424,RFQ-637-E6816,MACRO,30 Nov 2015,RFQ,Haji G.S.,MOI NPCC FIT OUT SUPPLY OF EXIT SIGN WASHER 40KG AND NUT 20KG,MOI NPCC -  EXIT SIGN WASHER 40KG AND NUT 20KG,Electrical,Electrical,240,USD, ,Order
10425,Q-1005-F7050,FIRESTOP,29 Nov 2015,IQ,Transemirates C.,,"Supply Of INSS1440,INSS1186,FM011",Firestop/ DC 315,Fire,1348.05,AED,Ramshad K.,Cancled
10426,RFQ-637-S9116,MACRO,29 Nov 2015,RFQ,World G.E.,MOI-NPCC,RFP-0026 R00038 QR004 DFAC Metal Work Platform & Stairs,Subcontract,Services,7607.34,USD, ,Order
10427,RFQ-637-E6815,MACRO,29 Nov 2015,RFQ,Sunlight E.S.,MOI NPCC FIT OUT SUPPLY OF FLUORESCENT BULB AND HIGH PRESSURE SODIUM LAMP,MOI NPCC - COMPLETION AND SPARES - FLUORESCENT BULB AND HIGH PRESSURE SODIUM LAMP,Electrical,Electrical,5515.2,USD, ,Order
10428,Q-1005-A5306,MICRON,29 Nov 2015,IQ,Dubendi ,Dubendi - Supply Of Various Paints,Various Paints,Paints,Architectural,43635.4,USD,Tamraz M.,Order
10429,RFQ-637-V4266,MACRO,29 Nov 2015,RFQ,Industrial E.C.,MOI NPCC FIT OUT SUPPLY OF PHOTO CELL TORK PART NO. 2002,FOX COMPLETION - PHOTO CELL TORK PART NO. 2002,Building Materials,Various,512,USD, ,Order
10430,RFQ-637-V4265,MACRO,29 Nov 2015,RFQ,United C.&.,MOI NPCC FIT OUT SUPPLY OF SPARES - CERAMIC TILES 20*20 CM,FOX - SPARES - CERAMIC TILES 20*20 CM,Building Materials,Various,2625,USD, ,Order
10431,Q-1005-F7049,FIRESTOP,26 Nov 2015,IQ,Shaalimar G.M.,Jumeirah Hills Development,INSS1440 Acrylic Sealant,Firestop/ DC 315,Fire,7.4,AED,Samar T.,Quotation
10432,Q-1005-F7048,FIRESTOP,26 Nov 2015,IQ,Geco M.&.,Al Tayer Commercial & Office Building,FP505 Coated Firestop Board,Firestop/ DC 315,Fire,3150,AED,Karim E.,Order
10433,Q-1005-L4021,MACRO,25 Nov 2015,IQ,Metron I.,K2 Project,Transportation From USA To Kabul,Transportation,Logistics,3300,USD,Enayatullah S.,Order
10434,RFQ-637-V4264,MACRO,25 Nov 2015,RFQ,Mohammadi S.,MOI NPCC FIT OUT SUPPLY OF MARINE PLYWOOD FOR COMMUNICATION BACK BOARD,MARINE PLYWOOD FOR COMMUNICATION BACK BOARD,Building Materials,Various,372,USD, ,Order
10435,Q-1005-F7047,FIRESTOP,25 Nov 2015,IQ,Shapoorji P.M.,Residential Building And Townhouse,Supply Of INSS1440 5G ACRYLCI SEALANT,Firestop/ DC 315,Fire,30860.8,AED,Waleed B.M.,Quotation
10436,RFQ-637-V4263,MACRO,25 Nov 2015,RFQ,Cala L.S.,MOI NPCC FIT OUT SUPPLY OF SPARES - PLUMBING ITEM 1-4 AND 9-14,FOX SPARES - PLUMBING ITEM 2-4 AND 9-14,Building Materials,Various,1121.1,USD, ,Order
10437,RFQ-637-S9032,MACRO,25 Nov 2015,RFQ, ,MOI NPCC FIT OUT SUPLLY OF SPARES - PLUMBING ITEM 5-8 AND ITEM 15 AND 16,FOX SPARES - PLUMBING ITEM 5-8 AND ITEM 15 AND 16,Construction,Services,644,USD, ,Order
10438,Q-1005-E6947,MICRON,24 Nov 2015,IQ, ,BESL,Various Tools,Electrical,Electrical,9809.9,USD,Raquel I.,Quotation
10439,RFQ-637-M4101,MACRO,24 Nov 2015,RFQ,United E.C.,MOI NPCC - FIT OUT SUPPLY OF SPARES - AIR FILTER AND REMOTE CONTROLLER,FOX SPARES - AIR FILTER AND REMOTE CONTROLLER,Mechanical Items,Mechanical,4900,AED, ,Order
10440,RFQ-637-S9115,MACRO,23 Nov 2015,RFQ,Sazand G.C.,MOI-NPCC,Installation Of AC And S/I Of Frame For AC,Subcontract,Services,2976,USD, ,Order
10441,Q-1005-F7046,FIRESTOP,23 Nov 2015,IQ,Geco M.&.,Al Fattan Towers,INSS1440 5G,Firestop/ DC 315,Fire,40288.2,AED,Waleed B.M.,Quotation
10442,RFQ-637-V4262,MACRO,23 Nov 2015,RFQ,Lutfudden ,MOI NPCC Fit Out Supply Of CIVIL MATERIALS 2ND ORDER,CIVIL MATERIALS 2ND ORDER,Building Materials,Various,706,USD, ,Order
10443,RFQ-1005-F7045,MICRON,22 Nov 2015,RFQ,Green F.T.,MVL FIRESTOP SECOND ORDER,INCA FIRESTOP PRODUCT - MVL FIRESTOP SECOND ORDER,Firestop/ DC 315,Fire,205240,USD, ,Order
10444,RFQ-1005-F7044,MICRON,22 Nov 2015,RFQ,Green F.T.,MVL FIRESTOP FIRST ORDER,INCA FIRESTOP PRODUCT - MVL FIRESTOP FIRST ORDER,Firestop/ DC 315,Fire,89881.4,USD, ,Order
10445,RFQ-637-V4261,MACRO,22 Nov 2015,RFQ,Industrial E.C.,MOI NPCC Fit Out Supply Of 2 ?  INCHES BACK FLOW  PREVENTER W/ AIR GAP AND CAST IRON WYE TYPE STRAINER MODEL 375 + AG + FS (same As Supplied Before),2 ?  INCHES BACK FLOW  PREVENTER W/ AIR GAP AND CAST IRON WYE TYPE STRAINER MODEL 375 + AG + FS (same As Supplied Before),Building Materials,Various,1837,USD, ,Order
10446,RFQ-637-S9114,MACRO,22 Nov 2015,RFQ,Asmatullah ,MOI-NPCC,Installation Of Stand Frame And Panel Board; Galvanization Of Door Grating,Subcontract,Services,3060,USD, ,Order
10447,RFQ-637-S9113,MACRO,22 Nov 2015,RFQ,World G.E.,MOI-NPCC,Backfilling & Compaction With Gravel,Subcontract,Services,17412.77,USD, ,Order
10448,RFQ-637-V4261,MACRO,22 Nov 2015,RFQ,Cala L.S.,"MOI NPCC Fit Out - Supply, Delivery And Installation Of Marble 40mm For Kitchen Cabinets","Supply, Delivery And Installation Of Marble 40mm For Kitchen Cabinets",Subcontract,Services,5538.2,USD, ,Order
10449,Q-1005-F7043,FIRESTOP,22 Nov 2015,IQ,Shaalimar G.M.,,SUPPLY OF MVL FIRESTOP PRODUCT,Firestop/ DC 315,Fire,2207.2,AED,Karim E.,Quotation
10450,Q-1005-F7042,FIRESTOP,22 Nov 2015,IQ,Modern E.S.,"2B G 12 Residential Building Project At Al-Nahda, DXB",MVL Firestop Product,Firestop/ DC 315,Fire,26315,AED,Karim E.,Order
10451,RFQ-637-E6814,MACRO,22 Nov 2015,RFQ,Haji G.S.,MOI NPCC Fit Out Supply Of H1 EXTERIOR LIGHTING FIXTURE  AS PER APPROVED SAMPLE,H1 EXTERIOR LIGHTING FIXTURE  AS PER APPROVED SAMPLE,Electrical,Electrical,3150,USD, ,Order
10452,Q-1005-F7041,FIRESTOP,18 Nov 2015,IQ,Al K.b.,"2B G 11 Floors Building Project, DXB",MVL FIRESTOP PRODUCT,Firestop/ DC 315,Fire,51345.2,AED,Waleed B.M.,Quotation
10453,Q-1005-E6946,MICRON,18 Nov 2015,IQ,Yarash C.&.,MFNDU,Lighting Fixtures,Electrical,Electrical,262098,USD,Mahesh B.,Quotation
10454,Q-982-V4255,MACRO,18 Nov 2015,IQ,Reliance P.C.,MFNDU - RPC - Standard Gauge Head,Standard Gauge Head,Building Materials,Various,2546.25,USD, ,Quotation
10455,RFQ-637-E6813,MACRO,18 Nov 2015,RFQ,Haji G.S.,MOI NPCC - Fit Out Supply Of LITHONIA EXIT SIGN SINGLE OR DOUBLE FACE AS PER APPROVED SAMPLE,LITHONIA EXIT SIGN SINGLE OR DOUBLE FACE AS PER APPROVED SAMPLE,Electrical,Electrical,10205,USD,Marman I.,Order
10456,Q-1005-F7040,FIRESTOP,18 Nov 2015,IQ, ,"B G 11 R Residential Building Plot No.: 2410432, Al Nahda Second, Dubai",MVL FIRESTOP PRODUCT,Firestop/ DC 315,Fire,28.6,AED,Waleed B.M.,Quotation
10457,RFQ-637-E6812,MACRO,17 Nov 2015,RFQ,Haji G.S.,MOI NPCC Fit Out Supply Of  302 - 307 - FIRE ALARM CABLE 1*2*2.5 Mm RED ERSE KABLO,MOI NPCC - 302 - 307 - FIRE ALARM CABLE 1*2*2.5 Mm RED ERSE KABLO,Electrical,Electrical,7800,USD, ,Order
10458,RFQ-637-S9112,MACRO,17 Nov 2015,RFQ,Sazand G.C.,MOI-NPCC,"ORD-637-S9093-3- EMT Installation For Fire Alarm And CCTV Systems In Bldgs 302,303,304,305,306 & 307",Subcontract,Services,10000,USD, ,Order
10459,RFQ-637-S9111,MACRO,17 Nov 2015,RFQ,Fahim. C.,MOI-NPCC,ORD- 637-S9089-2 Installation Of Terrazzo & Marble And Supply And Installation Of Cabinets,Subcontract,Services,9700,USD, ,Order
10460,RFQ-637-V4260,MACRO,17 Nov 2015,RFQ,Commerce i.L.,NPCC MOI - Fit Out Supply Of NPCC - MATERIALS FOR CIVIL WORKS,NPCC - MATERIALS FOR CIVIL WORKS,Building Materials,Various,2260.4,USD, ,Order
10461,Q-1005-L4020,MICRON,16 Nov 2015,IQ,Desa I.,Sea Freight Charges From Shanghai To Jebel Ali,Sea Freight Charges From Shanghai To Jebel Ali,Transportation,Logistics,382.5,USD,Tamraz M.,Order
10462,RFQ-566-V4254,MACRO,16 Nov 2015,RFQ,Vents ,Khas Kunar Fit Out Supply Of SPARES - MEC - Vents Motors Spares,SPARES - MEC - Vents Motors Spares,Building Materials,Various,2220.2,USD, ,Order
10463,Q-1005-V4398,FIRESTOP,15 Nov 2015,IQ,Aroma I.B.,"2B G Podium 12 Floors Building At Al-Barsha First, DXB","INSS1440, FM011",Misc.,Various,73457.6,AED,Ramshad K.,Quotation
10464,RFQ-637-V4258,MACRO,15 Nov 2015,RFQ,Top L.C.,MOI - NPCC - FIT OUT SUPPLY OF  ELECTRICAL MATERIALS,MOI - NPCC - 637 - ELECTRICAL MATERIALS,Building Materials,Various,4673.12,USD, ,Order
10465,Q-1005-V4397,FIRESTOP,15 Nov 2015,IQ,Future T.C.,,"INSS1440, INSS1186, FM011",Misc.,Various,3638.5,AED,Samar T.,Quotation
10466,Q-1005-F7039,FIRESTOP,15 Nov 2015,IQ,Al S.N.,,DC315,Firestop/ DC 315,Fire,13000,USD,Karim E.,Cancled
10467,Q-1005-V4396,FIRESTOP,12 Nov 2015,IQ,Shoeb F.F.,,"INSS1440,  INSS1186",Misc.,Various,1457.3,AED,Samar T.,Quotation
10468,RFQ-566-E6810,MACRO,12 Nov 2015,RFQ,Haji G.S.,KHAS KUNAR FIT OUT SUPPLY OF SPARE - BULB FOR FRANCIS SEARCH LIGHT,SPARE - BULB FOR FRANCIS SEARCH LIGHT,Electrical,Electrical,45,USD, ,Order
10469,RFQ-637-S9110A,MACRO,12 Nov 2015,RFQ,Novinsimia. C.,MOI NPCC - FOX - FIT OUT SUPPLY OF CABLE TRAYS & ACCESSORIES,CABLE TRAYS & ACCESSORIES,Subcontract,Services,3515.1,USD, ,Order
10470,Q-1005-V4395,FIRESTOP,12 Nov 2015,IQ,Transemirates C.,,INSS1440,Misc.,Various,7.6,AED,Ramshad K.,Quotation
10471,RFQ-637-E6811A,MACRO,12 Nov 2015,RFQ,Haji G.S.,MOI - NPCC - FIT OUT SUPPLY OF NYLON CABLE TIE,NYLON CABLE TIE,Electrical,Electrical,2630,USD, ,Order
10472,Q-1005-V4394,MICRON,12 Nov 2015,IQ,Macec G.O.,MFNDU,Propane Gas System,Misc.,Various,54525.19,USD,Mahesh B.,Quotation
10473,Q-1005-V4393,FIRESTOP,12 Nov 2015,IQ,Golden F.E.,2B G 8 Floor Project At TECOM,"CFS01,  INSS1440 , FM011",Misc.,Various,65640.6,AED,Waleed B.M.,Quotation
10474,RFQ-637-V4257,MACRO,12 Nov 2015,RFQ,Cala L.S.,MOI - NPCC - FIT OUT SUPPLY OF AMEREX FIRE EXTINGUISHER W/ STEEL CABINET,AMEREX FIRE EXTINGUISHER W/ STEEL CABINET,Building Materials,Various,2520,USD, ,Order
10475,Q-1005-V4392,FIRESTOP,12 Nov 2015,IQ,Golden F.E.,G 6 R Project-Al Warqa,"CFS01,INSS1440, FM012, INFS0812",Misc.,Various,28875.4,AED,Waleed B.M.,Quotation
10476,RFQ-637-V4255,MACRO,12 Nov 2015,RFQ,Pamir A.S.,MOI NPCC - FOX - -FIT OUT SUPPLY OF TERRAZZO TILES,TERRAZZO TILES,Building Materials,Various,2193,USD, ,Order
10477,Q-1005-F7038,MICRON,11 Nov 2015,IQ,Sabawoon S.C.,Kabul Project,DC315 Thermal Barrier,Firestop/ DC 315,Fire,650,USD, ,Order
10478,Q-1005-E6946,MACRO,10 Nov 2015,IQ,Reliance P.C.,MFNDU - RPC -SUPPLY OF EXPLOSION PROOF CEILING FAN,EXPLOSION PROOF CEILING FAN,Electrical,Electrical,5600,USD,Marman I.,Quotation
10479,Q-1005-V4391,MICRON,10 Nov 2015,IQ,Primeseal I.A.,,LAPOLLA FL2000,Misc.,Various,1271200,AED,Karim E.,Quotation
10480,Q-1005-V4391,FIRESTOP,10 Nov 2015,IQ,Shoeb F.F.,,FM011 Moldable Firestop Putty,Misc.,Various,365.2,AED,Karim E.,Quotation
10481,RFQ-637-S9109,MACRO,09 Nov 2015,RFQ,White W.H.,MOI-NPCC,ORD637-S9096-2 Additional Amount To Complete The Balance Aluminium & PVC Doors And Windows Works -  Additional Amount.,Subcontract,Services,6496.48,USD, ,Order
10482,Q-1005-E6945,MACRO,09 Nov 2015,IQ,Tatekan C.,MFNDU - Tatekan - Supply Of Ceiling Fan - PO TCC-22,Ceiling Fans- Panasonic,Electrical,Electrical,4464.6,USD,Mahesh B.,Order
10483,Q-1005-V4391,FIRESTOP,09 Nov 2015,IQ,Geco M.&.,Al Fattan Towers,INSS1440 5G And Fp04+,Misc.,Various,95263.4,AED,Waleed B.M.,Quotation
10484,RFQ-637-E6810,MACRO,08 Nov 2015,RFQ,Haji G.S.,"MOI NPCC Supply Of WASHER 8MM, NUT 8MM, FLEXIBLE GLANDS 3/4 INCH AND EMT CONDUIT 3/4 INCH","WASHER 8MM, NUT 8MM, FLEXIBLE GLANDS 3/4 INCH AND EMT CONDUIT 3/4 INCH",Electrical,Electrical,2120,USD, ,Order
10485,RFQ-1005-S9034,MICRON,05 Nov 2015,RFQ, ,MR 6864,Air Hose,Construction,Services,3654.88,USD, ,Quotation
10486,RFQ-637-S9108,MACRO,05 Nov 2015,RFQ,Mustafa. C.2.,MOI-NPCC,ORD637-S9091-2 Terrazo Polishing Works For 6 Buildings (302 To 307),Subcontract,Services,21504,USD, ,Order
10487,RFQ-566-E6808A,MACRO,05 Nov 2015,RFQ,Haji G.S.,NPCC Fit Out Supply Of 2ND ORDER BORSAN ELECTRICAL CABLES FOR BUILDING 302-307,2ND ORDER BORSAN ELECTRICAL CABLES FOR BUILDING 302-307,Electrical,Electrical,65845.55,USD, ,Order
10488,RFQ-637-E6809,MACRO,05 Nov 2015,RFQ,Haji G.S.,MOI NPCC Supply Of Washer 8 Mm And Nut 8 Mm 30 Kgs Each,Washer 8 Mm And Nut 8 Mm 30 Kgs Each,Electrical,Electrical,240,USD, ,Order
10489,RFQ-982-S9082,MACRO,05 Nov 2015,RFQ,Tatekan C.C.,MFNDU,"ORD-982-1590A-4 QR003, Replace Existing  2? With 3? Diameter Inlet Service Waterline At Barracks 325, 329, 333 And 334",Subcontract,Services,35000,USD, ,Order
10490,RFQ-566-V4254,MACRO,05 Nov 2015,RFQ,Haji G.S.,"Khas Kunar Fit Out Supply Of Spares - Ball Valve 3 Inches, Flush Valve, Gewis Switch 3 Pole. 32 Amps, AND Fluoroscent Tube Light (Fluorescent Lamp For Type J And J2)","Spares - Ball Valve 3 Inches, Flush Valve, Gewis Switch 3 Pole. 32 Amps, AND Fluoroscent Tube Light (Fluorescent Lamp For Type J And J2)",Electrical,Electrical,2984,USD,Marman I.,Order
10491,Q-1005-L4019,MICRON,04 Nov 2015,IQ,Desa I.,Air Freight Charges From Germany To DWC,Air Freight Charges From Germany To DWC,Transportation,Logistics,2595,USD,Tamraz M.,Order
10492,RFQ-566-E6809,MACRO,03 Nov 2015,RFQ,Haji G.S.,Khas Kunar Fit Out Supply Of PRESSURE REGULATOR AS PER APPROVED PICTURE,PRESSURE REGULATOR AS PER APPROVED PICTURE,Electrical,Electrical,475,USD, ,Order
10493,RFQ-637-S9031,MACRO,03 Nov 2015,RFQ, ,MOI NPCC Fit Out Supply Of SIKAFLEX POLYURETHANE SEALANT CONSTRUCTION (gray Color),SIKAFLEX POLYURETHANE SEALANT CONSTRUCTION (gray Color),Construction,Services,1080,USD, ,Order
10494,RFQ-637-S9106,MACRO,02 Nov 2015,RFQ,World G.E.,MOI-NPCC,ORD637-714-2004-H AUDITORIUM  WALL  LINER  PANELS  ABOVE  CMU,Subcontract,Services,167000,USD, ,Order
10495,RFQ-566-E6808,MACRO,02 Nov 2015,RFQ,Haji G.S.,Khas Kunar Fit Out Supply Of  K2 (FMCC) - REGULATOR FILTER WITH PRESSURE GAUGE,K2 (FMCC) - REGULATOR FILTER WITH PRESSURE GAUGE,Electrical,Electrical,0,USD, ,Quotation
10496,RFQ-637-V4254,MACRO,02 Nov 2015,RFQ,Pamir A.S.,MOI NPCC Fit Out Supply Of Supply Of Marble Stone For Door Thresholds,Supply Of Marble Stone For Window Sill And Door Thresholds,Building Materials,Various,3298.44,USD, ,Order
10497,Q-1005-E6944,MICRON,02 Nov 2015,IQ,Baku E.S.,BESL,Cables,Electrical,Electrical,9547,USD,Hamza M.,Quotation
10498,Q-1005-E6943,MACRO,02 Nov 2015,IQ,Yarash C.&.,MFNDU - Supply Of Electric Wire & Cable,Electric Wire & Cable,Electrical,Electrical,192959,USD,Mahesh B.,Order
10499,RFQ-566-E6808,MACRO,01 Nov 2015,RFQ,Haji G.S.,NPCC Fit Out Supply Of BORSAN ELECTRICAL CABLES FOR BUILDING 302-307,BORSAN ELECTRICAL CABLES FOR BUILDING 302-307,Electrical,Electrical,36900,USD, ,Order
10500,RFQ-637-S9105,MACRO,01 Nov 2015,RFQ,Adam K.C.,MOI-NPCC,ORD-637-S9105-1 MOI NPCC- Completion Works For Remaining Supply And Installation Of PVC Doors And Aluminum Windows,Subcontract,Services,127015.2,USD, ,Order
10501,RFQ-566-E6807,MACRO,01 Nov 2015,RFQ,Haji G.S.,Khas Khunar Fit Out Suppky Of FMCC - REELCRAFT HOSE REEL MODEL (159654),FMCC - REELCRAFT HOSE REEL MODEL (159654),Electrical,Electrical,1300,USD, ,Order
10502,Q-1005-M6983,MICRON,01 Nov 2015,IQ,Reliance P.C.,MFNDU,"Exhaust Fans,Return Air Grill & Louvers",Mechanical Items,Mechanical,51027.3,USD, ,Quotation
10503,Q-1005-M4012,MICRON,01 Nov 2015,IQ,Reliance P.C.,MFNDU,Air Handling Units(AHU),Machine / Equipments,Mechanical,60480,USD,Mahesh B.,Quotation
10504,RFQ-637-V4253A,MACRO,29 Oct 2015,RFQ,Crystal M.L.,"MOI- NPCC Fit Out Supply Of DOUBLE GLAZING GLASS , FIRE RATED GLASS 6MM AND TEMPER GLASS 6MM","DOUBLE GLAZING GLASS , FIRE RATED GLASS 6MM AND TEMPER GLASS 6MM",Building Materials,Various,6733.33,USD, ,Order
10505,RFQ-637-E6800,MACRO,29 Oct 2015,RFQ,Haji G.S.,MOI NPCC - FOX Supply Of Various Electrical Materials And Accessories For Building 302 - 307,Various Electrical Materials And Accessories For Building 302 - 307,Electrical,Electrical,3135,USD, ,Order
10506,RFQ-566-E6806A,MACRO,28 Oct 2015,RFQ,Aramish E.C.,"Khas Kunar Fit Out Supply Of Spares - MODUS P236, HELVAR EL2 Ballast","Spares - MODUS P236, HELVAR EL2 Ballast",Electrical,Electrical,2673,USD, ,Order
10507,RFQ-566-V4253,MACRO,28 Oct 2015,RFQ,Cala L.S.,Khas Kunar Fit Out SUPPLY OF 566 (MEC) VARIOUS SPARE PARTS,Spares - SUPPLY OF 566 (MEC) VARIOUS SPARE PARTS,Building Materials,Various,2521.9,USD, ,Order
10508,Q-1005-S9033,MICRON,27 Oct 2015,IQ,Simpleks C.S.,,Ball & Gate Valve,Construction,Services,2532.91,USD, ,Quotation
10509,RFQ-1192-V4251,FIRESTOP,27 Oct 2015,RFQ,Midas S.,MVL-FIRE STOP - SUPPLY OF SAFETY MATERIALS FOR FIRE STOP PERSONNEL,SAFETY MATERIALS FOR FIRE STOP PERSONNEL,Building Materials,Various,768,AED, ,Order
10510,RFQ-637-S9104,MACRO,27 Oct 2015,RFQ,Hbcc -.H.,MOI-NPCC,QR001 Upgrade Of Fire Detection And Alarm System,Subcontract,Services,28575.11,USD, ,Quotation
10511,RFQ-566-E6805A,MACRO,26 Oct 2015,RFQ,Khan B.,Khas Kunar Fit Out Supply Of Spares - EF-01-02 GREENHECK CW-121-K-X AND KF-1-2-3-4 MODEL NO: 18 CSW-B1-21-10-1-30,Spares - EF-01-02 GREENHECK CW-121-K-X AND KF-1-2-3-4 MODEL NO: 18 CSW-B1-21-10-1-30,Electrical,Electrical,3409,USD, ,Order
10512,Q-1005-V4381,MICRON,26 Oct 2015,IQ,Reliance P.C.,MFNDU,Air Handling Unit,Mechanical Items,Mechanical,94200,USD,Maricar I.,Quotation
10513,Q-1005-T6943,MICRON,25 Oct 2015,IQ,Baku E.S.,BESL-MR6690,Grinder 18V 125mm,Tools,Tools,3193.87,USD,Hamza M.,Quotation
10514,RFQ-566-S9033A,MACRO,25 Oct 2015,RFQ,Crown C.C.,Khas Kunar Fit Out Supply Of Spare Aluminum Exhaust Grille With Damper - Steel Craft,Spares - Aluminum Exhaust Grille With Damper - Steel Craft,Construction,Services,2024,USD, ,Order
10515,RFQ-566-S9034,MACRO,25 Oct 2015,RFQ,Crown C.C.,"Khas Kunar Fit Out Supply Of Spares - ACTUATORS, DAMPER, DIFFUSER, EXHAUST GRILL, THERMOSTATS","Spares - ACTUATORS, DAMPER, DIFFUSER, EXHAUST GRILL, THERMOSTATS",Construction,Services,4419.28,USD, ,Order
10516,Q-1005-F7037,FIRESTOP,25 Oct 2015,IQ,Al T.C.,,DC68 FABRIC SPRAY,Firestop/ DC 315,Fire,59794.4,AED,Waleed B.M.,Quotation
10517,RFQ-637-E6800,MACRO,25 Oct 2015,RFQ,Sun L.E.,NPCC Fit Out_Supply Of Various Supply Of Pelsan Lighting Fixtures,Pelsan Lighting Fixtures,Subcontract,Services,80000,USD, ,Order
10518,Q-1005-M6982,MICRON,25 Oct 2015,IQ,Baku E.S.,BESL-MR6729,Industrial Plug,Mechanical Items,Mechanical,15575,USD,Lorelie S.,Quotation
10519,Q-1005-T6942,MICRON,25 Oct 2015,IQ,Baku E.S.,BESL-MR6671,Dewalt 36 Volt Grinder,Tools,Tools,4525.68,USD,Hamza M.,Quotation
10520,Q-1005-T6941,MICRON,25 Oct 2015,IQ,Baku E.S.,BESL-MR4026,Stanley 6-TR150HL SharpShooter,Tools,Tools,298,USD,Marman I.,Quotation
10521,Q-1005-F7036,FIRESTOP,22 Oct 2015,IQ,Shaalimar G.M.,AL BARSHA B G 6 GYM ROOF,MVL FIRESTOP PRODUCT,Firestop/ DC 315,Fire,25256.25,AED,Ramshad K.,Quotation
10522,RFQ-566-E6804A,MACRO,22 Oct 2015,RFQ,Haji G.S.,Khas Kunar Fit Out Supply Of Spares - Various Sanitary Wares  - Faisal Brand,Spares - Various Sanitary Wares  - Faisal Brand,Electrical,Electrical,676,USD,Marman I.,Order
10523,Q-982-V4254,MACRO,22 Oct 2015,IQ,Reliance P.C.,"RPC - Supply Of 1018--3101 AP 1 Panel, 1 Gauge Head Morrision Brand","1018--3101 AP 1 Panel, 1 Gauge Head Morrison Brand",Building Materials,Various,6648,USD,Marman I.,Quotation
10524,Q-1005-E6941,MICRON,21 Oct 2015,IQ,Reliance P.C.,MFNDU,EMT Conduit & Fittings,Electrical,Electrical,115787.73,USD,Mahesh B.,Quotation
10525,Q-1005-F7035,FIRESTOP,21 Oct 2015,IQ,Shaalimar G.M.,,DC68 FABRIC SPRAY,Firestop/ DC 315,Fire,7.7,AED,Waleed B.M.,Quotation
10526,Q-1005-F7034,FIRESTOP,21 Oct 2015,IQ,Transemirates C.,,MVL FIRE STOP PRODUCT,Firestop/ DC 315,Fire,102233,AED,Waleed B.M.,Quotation
10527,RFQ-637-S9103,MACRO,21 Oct 2015,RFQ,Sazand G.C.,MOI-NPCC,ORD-637-S9093-2 Generators; Power Connection (see Below Items),Subcontract,Services,6300,USD, ,Order
10528,Q-1005-M4011,MICRON,21 Oct 2015,IQ,Baku E.S.,BESL,BESL - SUPPLY OF PUMP,Machine / Equipments,Mechanical,1629,USD, ,Quotation
10529,RFQ-566-V4352,MACRO,21 Oct 2015,RFQ,Falcon E.L.,Khas Kunar Fit Out Supply Of FMCC TESTING AND COMMISIONING,6000 LITERS OF DIESEL BACK CHARGE TO FMCC,Misc.,Various,3600,USD, ,Order
10530,RFQ-637-S9102,MACRO,20 Oct 2015,RFQ,Egam B.&.,MOI NPCC,"ORD- 637-S9102-1 MOI NPCC- Completion Works For Remaining Form Work & Rebar, CMU And Plaster Work Of Building No.302, 303, 304 & 307",Subcontract,Services,38329,USD, ,Order
10531,Q-1005-F7033,FIRESTOP,20 Oct 2015,IQ,Shaalimar G.M.,,MVL FIRESTOP PRODUCT,Firestop/ DC 315,Fire,555220,AED,Karim E.,Cancled
10532,RFQ-566-E6803,MACRO,20 Oct 2015,RFQ,Haji G.S.,KHAS KHUNAR Fit Out Supply Of EXP PROOF FAN CBF-300 220 VAC .18 KW AND IP65,EXP PROOF FAN CBF-300 220 VAC .18 KW AND IP65,Electrical,Electrical,400,USD, ,Order
10533,Q-1005-E6941,MACRO,20 Oct 2015,IQ,Reliance P.C.,MFNDU - RPC - Supply Of Flood Lights,Flood Lights,Electrical,Electrical,5404.3,USD, ,Quotation
10534,Q-982-E6942,MACRO,19 Oct 2015,IQ,Reliance P.C.,MFNDU - RPC - Supply Of Various Lighting Fixtures,Various Lighting Fixtures,Electrical,Electrical,7192.59,USD,Marman I.,Quotation
10535,RFQ-637-S9101,MACRO,19 Oct 2015,RFQ,Novinsimia. C.,NPCC Fit Out_Supply Of Various Supply Of Electrical Materials,Distribution Panel And Power Pole,Subcontract,Services,66300,USD, ,Order
10536,Q-1005-F7028,MICRON,19 Oct 2015,IQ,Ahlia C.C.,Ahlia Chemicals,Supply Of 290 Gallons DC315 Thermal Barrier,Firestop/ DC 315,Fire,18850,AED,Azim R.,Quotation
10537,RFQ-637-V4252,MACRO,19 Oct 2015,RFQ,Cala L.S.,NPCC Fit Out_Installation Of Door Signages,Installation Of Door Signages,Building Materials,Various,2415,USD,Maricar I.,Order
10538,Q-1005-E6941,MACRO,18 Oct 2015,IQ,Reliance P.C.,MFNDU Fit Out - RPC - Supply Of LIGHTING FIXTURES - MODUS BRAND,LIGHTING FIXTURES - MODUS BRAND,Electrical,Electrical,71701.6,USD,Marman I.,Quotation
10539,RFQ-982-S9081,MACRO,18 Oct 2015,RFQ,Golden C.C.,MFNDU,KS005 ? Slope Embankment Erosion  Control Between Building 333 And 334,Subcontract,Services,10712.24,USD, ,Order
10540,Q-1005-F7024,FIRESTOP,14 Oct 2015,IQ,Intherpro L.,ARKAN Project (B G 7 Gym Roof @ Al-Barsha First),MVl Firestop Materials,Firestop/ DC 315,Fire,25902.1,AED,Samar T.,Quotation
10541,Q-1015-F7016,FIRESTOP,14 Oct 2015,IQ,Procon E.,Procon Emirates,MVL Firestop Products,Firestop/ DC 315,Fire,1150,AED,Karim E.,Order
10542,Q-1005-M4010,MICRON,14 Oct 2015,IQ,Gulf E.C.,Gulf Eagle Contracting,UBM 120 K Span Machine,Machine / Equipments,Mechanical,300000,AED,Abie M.,Order
10543,Q-1005-F7023,FIRESTOP,13 Oct 2015,IQ,Shaalimar G.M.,,MVL Firestop Products,Firestop/ DC 315,Fire,586.5,AED,Samar T.,Quotation
10544,Q-1005-F7022,FIRESTOP,13 Oct 2015,IQ,Blue D.F.,,MVL Firestop Products,Firestop/ DC 315,Fire,196.1,AED,Samar T.,Cancled
10545,Q-1005-F7021,FIRESTOP,13 Oct 2015,IQ,Omis C.,,INSS1440 Acrylic Sealant,Firestop/ DC 315,Fire,7.4,AED,Shahbas A.S.,Quotation
10546,RFQ-566-V4252,MACRO,12 Oct 2015,RFQ,Falcon E.L.,Khas Kunar Fit Out Supply Of Hand Over Fuel,Hand Over Fuel,Building Materials,Various,16200,USD, ,Order
10547,Q-1005-L4018,MICRON,12 Oct 2015,IQ,Desa I.,"Transportation Charges From EXW, Dubai To CPT, BAKU","Transportation Charges From EXW, Dubai To CPT, BAKU",Transportation,Logistics,3300,USD,Tamraz M.,Order
10548,RFQ-566-V4251,MACRO,11 Oct 2015,RFQ,Wall S.G.,Khas Kunar Fit Out Supply Of Spares - Generator Parts,Spares - Generator Parts,Building Materials,Various,2924.8,USD,Marman I.,Order
10549,Q-1015-F7015,FIRESTOP,11 Oct 2015,IQ,Shaalimar G.M.,,INSS1440 Acrylic Sealant,Firestop/ DC 315,Fire,33493.89,AED,Karim E.,Quotation
10550,Q-1005-F7020,FIRESTOP,11 Oct 2015,IQ,Tamouh ,Tamouh,DC68 Spray To Protect,Firestop/ DC 315,Fire,1050,AED,Karim E.,Quotation
10551,RFQ-566-S9031,MACRO,11 Oct 2015,RFQ,Crown C.C.,Khas Khunar Fit Out Supply Of Motorized Damper With Louver And Filter  (300mmHx400mmL) ( SABRO ) And Louver With Filter (200mmHx400mmL) (  SABRO ),Motorized Damper With Louver And Filter  (300mmHx400mmL) ( SABRO ) And Louver With Filter (200mmHx400mmL) (  SABRO ),Construction,Services,1775,USD, ,Order
10552,RFQ-566-E6802,MACRO,08 Oct 2015,RFQ,Haji G.S.,KHAS KHUNAR Fit Out Supply Of EXP PROOF FAN CBF-300 220 VAC .18 KW AND IP65 AND CEILING FAN,EXP PROOF FAN CBF-300 220 VAC .18 KW AND IP65 AND CEILING FAN,Electrical,Electrical,2485,USD,Maricar I.,Order
10553,Q-1005-F7019,FIRESTOP,08 Oct 2015,IQ,Future T.C.,Grand Excelsior Hotel,DC68  Spray To Protect,Firestop/ DC 315,Fire,52,AED,Samar T.,Quotation
10554,Q-1005-F7018,FIRESTOP,08 Oct 2015,IQ,Future T.C.,Firestop Middle East,FP05 Coated Firestop Board,Firestop/ DC 315,Fire,192,AED,Samar T.,Quotation
10555,Q-1005-F7017,FIRESTOP,08 Oct 2015,IQ,Shoeb F.F.,Shoeb Fire Fighting LLC,DC310 Instumescent Cable Coating And DC6150 Flexible Intumescent Cable Coating,Firestop/ DC 315,Fire,3085,AED,Samar T.,Quotation
10556,Q-1005-F7016,FIRESTOP,08 Oct 2015,IQ,Rise A.S.,Rise And  Shine Group Of Companies,MVl Firestop Products,Firestop/ DC 315,Fire,328.4,AED,Samar T.,Quotation
10557,Q-1005-F7015,FIRESTOP,08 Oct 2015,IQ,Al A.C.,G+4 Residential Buidling,MVL Firestop Products,Firestop/ DC 315,Fire,19772.4,AED,Waleed B.M.,Cancled
10558,Q-1005-F7014,FIRESTOP,07 Oct 2015,IQ,Procon E.,Al Barsha 1 Residential Building,CFS01 Mortar And FP05 Coated Firestop Board,Firestop/ DC 315,Fire,307,AED,Samar T.,Cancled
10559,Q-1005-V6935,MICRON,07 Oct 2015,IQ,Baku E.S.,BESL 908 - Supply Of Hexagonal Steel Bolts - PO BESL-03002015,Hexagonal Steel Bolt,Building Materials,Various,2128.95,USD,Raquel I.,Order
10560,RFQ-637-S9099,MACRO,07 Oct 2015,RFQ,Invent E.C.,MOI NPCC,"ORD6-637-S9099-1 MOI NPCC- Completion Works For Remaining Supply Of Long Lead Items, Energy Recovery Unit, Duct Heaters, Fire   Alarm, Recirculation Pump, Water Heaters, Expansion Tanks, Unit Heaters,",Subcontract,Services,385315,USD, ,Order
10561,Q-1005-V6934,MICRON,06 Oct 2015,IQ,Baku E.S.,"BESL MR 3777-SS 316 NUTS, WASHERS, THREAD RODS - PO 02992015","SS Threaded Rods, Nuts And Washers",Building Materials,Various,736,USD,Raquel I.,Order
10562,Q-1005-V6933,MICRON,06 Oct 2015,IQ,Baku E.S.,BESL MR3777,"SS Threaded Rods, Nuts And Washers",Building Materials,Various,630.4,USD,Raquel I.,Quotation
10563,Q-1005-M6981,MICRON,05 Oct 2015,IQ,Yarash C.&.,MFNDU,Exhaust Fans & Ai Handling Units,Mechanical Items,Mechanical,539721,USD, ,Quotation
10564,Q-1005-F7011,FIRESTOP,05 Oct 2015,IQ,Al N.H.,Al Noor Hospitals Group,DC68 Fabric Spray,Firestop/ DC 315,Fire,50,AED,Samar T.,Quotation
10565,Q-1005-F7010,FIRESTOP,05 Oct 2015,IQ,Future T.C.,Firestop Middle East,INSS1440 Acrylic Sealant,Firestop/ DC 315,Fire,7.15,AED,Samar T.,Quotation
10566,Q-1005-F7009,FIRESTOP,04 Oct 2015,IQ,Shaalimar G.M.,Rise & Shine Group Of Companies,INSS1440 Acrylic Sealant,Firestop/ DC 315,Fire,6.8,AED,Samar T.,Quotation
10567,RFQ-982-S9080,MACRO,04 Oct 2015,RFQ,World G.E.,MFNDU - R00002 KS001 - Govt LSA Additional Items,R00002 KS001 - Govt LSA Additional Items,Subcontract,Services,5988,USD, ,Order
10568,RFQ-637-V4251,MACRO,04 Oct 2015,RFQ,Industrial E.C.,"NPCC Kabul Fit-Out, Afghanistan",Power Supply FPP-RNAC-8A-4A For Bosch Fire Alarm System,Building Materials,Various,520,USD, ,Order
10569,Q-1015-F7001,FIRESTOP,04 Oct 2015,IQ,Al N.H.,Al Noor Hospital,INSS1140 Acrylic Sealant,Firestop/ DC 315,Fire,12,AED,Samar T.,Quotation
10570,Q-1015-F7000,FIRESTOP,01 Oct 2015,IQ,Procon E.,Procon Emirates,INSS1440 Acrylic Sealant,Firestop/ DC 315,Fire,7.15,AED,Samar T.,Cancled
10571,RFQ-637-S9098,MACRO,30 Sep 2015,RFQ,Asmatullah ,MOI NPCC,ORD-637-S9098-1 MOI NPCC- Completion Works For Remaining Supply Of Aluminium Nosing & Angle Iron,Subcontract,Services,19880,USD, ,Order
10572,RFQ-637-S9096,MACRO,30 Sep 2015,RFQ,White W.H.,MOI NPCC,ORD-637-S9096-1 MOI NPCC- Completion Works For Remaining Supply And Installation Of PVC Doors And Aluminum Windows,Subcontract,Services,39954,USD, ,Order
10573,RFQ-637-S9094,MACRO,30 Sep 2015,RFQ,Shahbaz A.C.,MOI NPCC,ORD 637-S9094-1 MOI NPCC- Completion Works For Remaining Supply Of Ceiling Fans,Subcontract,Services,15000,USD, ,Order
10574,RFQ-637-S9093,MACRO,30 Sep 2015,RFQ,Sazand G.C.,MOI NPCC,ORD-637-S9093-1 MOI NPCC- Completion Works For Remaining Installation Of Electrical Fixtures,Subcontract,Services,57315,USD, ,Order
10575,RFQ-637-S9092,MACRO,30 Sep 2015,RFQ,Sayed T.,MOI NPCC,ORD-637-S9092-1 MOI NPCC- Completion Works For Remaining Supply And Installation Of Plumbing,Subcontract,Services,54113,USD, ,Order
10576,RFQ-637-S9091,MACRO,30 Sep 2015,RFQ,Mustafa. C.2.,MOI NPCC-,ORD637-S9091-1 MOI NPCC- Completion Works For Remaining Supply Of Painting Materials And Overall Performance Of Painting Work,Subcontract,Services,160000,USD, ,Order
10577,RFQ-637-S9090,MACRO,30 Sep 2015,RFQ,Jotun ,MOI NPCC,ORD-637-S9090-1 MOI NPCC- Completion Works For Remaining Supply Of Union Locks And Door Hardware,Subcontract,Services,66637,USD, ,Order
10578,RFQ-637-S9089,MACRO,30 Sep 2015,RFQ,Fahim. C.,MOI NPCC-,ORD-637-S9089-1 MOI NPCC- Completion Works For Remaining,Subcontract,Services,21500,USD, ,Order
10579,RFQ-637-S9088,MACRO,30 Sep 2015,RFQ,Ayenda S.P.,MOI-NPCC,ORD-637-S9088-1 MOI NPCC- Completion Works For Remaining Metal Doors And Roll-up Windows,Subcontract,Services,66625,USD, ,Order
10580,Q-1005-M4009,MICRON,29 Sep 2015,IQ,Framecad ,FrameCad,Framecad Machine,Machine / Equipments,Mechanical,80000,USD,Mahesh B.,Order
10581,Q-1005-F7008,FIRESTOP,29 Sep 2015,IQ,Boutique 7.H.,Boutique 7 Hotels & Suites Tecom Dubai,DC68 Fabric Spray,Firestop/ DC 315,Fire,52,AED,Samar T.,Quotation
10582,Q-1005-F7007,FIRESTOP,29 Sep 2015,IQ,Legacy H.A.,Legacy Hotel Apartments,DC68 Fabric Spray,Firestop/ DC 315,Fire,52,AED,Samar T.,Quotation
10583,RFQ-982-V4351,MACRO,28 Sep 2015,RFQ,Stationerydubai ,MFNDU - Supply Of Pegasus PCP-Series Card Printer Double Side,MFNDU -  Supply Of Pegasus PCP-Series Card Printer Double Side,Misc.,Various,4475,AED, ,Order
10584,Q-1005-T6940,MICRON,27 Sep 2015,IQ,Baku E.S.,BESL-MR3721,M20x80 LG Bolt,Tools,Tools,885.28,USD,Raquel I.,Quotation
10585,Q-1005-M4008,MICRON,27 Sep 2015,IQ,Baku E.S.,BESL-MR624,MTX70  RAMMER,Machine / Equipments,Mechanical,5513,USD,Marman I.,Quotation
10586,Q-1005-V4380,MICRON,27 Sep 2015,IQ,Baku E.S.,BESL-MR3728,Solid Brass Padlocks,Misc.,Various,3322,USD,Marman I.,Quotation
10587,Q-1005-M6977,MICRON,21 Sep 2015,IQ,Baku E.S.,BESL-MR6085,Suction Hose,Mechanical Items,Mechanical,2230.68,USD,Raquel I.,Quotation
10588,Q-1005-M6975,MICRON,20 Sep 2015,IQ,Baku E.S.,MR 3741 - Supply Of  Rotabraoach Magnetic Drill Bit RAPL120,Supply Of  Rotabraoach Magnetic Drill Bit RAPL120,Mechanical Items,Mechanical,1237.5,USD,Marman I.,Quotation
10589,Q-1005-M4005A,MICRON,20 Sep 2015,IQ,Baku E.S.,BESL-MR6131 - VARIOUS TOOLS,VARIOUS TOOLS,Machine / Equipments,Mechanical,1945.5,USD,Marman I.,Quotation
10590,Q-1005-V4378,MICRON,20 Sep 2015,IQ,Baku E.S.,BESL-MR6223,Kennametal KTIP120R5SS14M,Misc.,Various,11500.79,USD,Marman I.,Quotation
10591,Q-1005-V4377,MICRON,20 Sep 2015,IQ,Baku E.S.,BESL-MR6224,Kennametal KTIP1200HPM,Misc.,Various,62395.6,USD,Marman I.,Quotation
10592,Q-1005-M4005A,MICRON,17 Sep 2015,IQ,Baku E.S.,BESL-MR6131 - FIBERGLASS STEP LADDERS PENGUIN BRAND,FIBERGLASS STEP LADDERS PENGUIN BRAND,Machine / Equipments,Mechanical,6257.7,USD,Marman I.,Quotation
10593,Q-1005-F7006,FIRESTOP,16 Sep 2015,IQ,Al F.C.,DWTC Phase II,INSS1186 - Fire Rated Elastomeric Flexable FireCaulk Acrylic Based,Firestop/ DC 315,Fire,7.15,AED,Karim E.,Cancled
10594,Q-1005-L4017,MICRON,16 Sep 2015,IQ,Habile B.C.,MOI-NPCC_Airfreight From Istanbul To Kabul-Pitsan Heaters,Transportation From Istanbul To Kabul-Pitsan Heaters,Transportation,Logistics,9940,USD,Mahesh B.,Quotation
10595,Q-1005-M6971,MICRON,16 Sep 2015,IQ,Baku E.S.,BESL-085,Cutting Carbide Twist Drill Bit And Rotabroach Cutter,Mechanical Items,Mechanical,8172.8,USD,Marman I.,Quotation
10596,Q-1005-M6970,MICRON,16 Sep 2015,IQ,Baku E.S.,BESL-MR6245,Cable Protection Tiles,Mechanical Items,Mechanical,165500,USD,Marman I.,Quotation
10597,RFQ-566-V4351,MACRO,15 Sep 2015,RFQ,Elia T.C.,Khas Kunar Fit Out_O And M Translation,O And M Translation (Dari And Pashto),Misc.,Various,29780,USD,Maricar I.,Order
10598,Q-1005-L4016,MICRON,15 Sep 2015,IQ,Habile B.C.,MOI-NPCC,Airfright From Istanbul To Kabul - AC Units,Transportation,Logistics,5850,USD,Mahesh B.,Quotation
10599,Q-915-M6968,MICRON,15 Sep 2015,IQ,Baku E.S.,BESL-MR6127,SELF DRILLING SCREW,Mechanical Items,Mechanical,740,USD,Marman I.,Quotation
10600,Q-1005-V4371,MICRON,14 Sep 2015,IQ,Baku E.S.,BESL-MR6203,Safety Padlock Body Steel,Misc.,Various,1845,USD,Lorelie S.,Quotation
10601,Q-1005-M6967,MACRO,14 Sep 2015,IQ,Habile B.C.,MOI-NPCC-HBCC - EMERGENCY EYE/FACE WASH - Vaultex 4710SS,EMERGENCY EYE/FACE WASH - Vaultex 4710SS,Mechanical Items,Mechanical,2400,USD,Marman I.,Order
10602,Q-1005-L4015,MICRON,14 Sep 2015,IQ,Desa I.,AIR FREIGHT CHARGES FROM GERMANY TO DUBAI,AIR FREIGHT CHARGES FROM GERMANY TO DUBAI,Transportation,Logistics,3636.2,USD,Tamraz M.,Order
10603,Q-1005-M6966,MICRON,14 Sep 2015,IQ,Baku E.S.,BESL-MR6028,Water Soluble Paper And Tape,Mechanical Items,Mechanical,4270,USD,Raquel I.,Quotation
10604,Q-1005-M6965,MICRON,14 Sep 2015,IQ,Baku E.S.,BESL-MR6166,Hydrauilic Crimper-HT131-C,Mechanical Items,Mechanical,4282.76,USD,Marman I.,Quotation
10605,Q-1005-V4370,MICRON,13 Sep 2015,IQ,Baku E.S.,BESL-MR6134,Electric Fly Killer,Misc.,Various,1311.3,USD,Hamza M.,Quotation
10606,Q-1005-M6962,MICRON,13 Sep 2015,IQ,Baku E.S.,BESL-MR6161,MEASURING TAPE 100 M SICK FLEX VALVE PAINT MARK,Mechanical Items,Mechanical,8723.8,USD,Marman I.,Quotation
10607,Q-1005-M6961,MICRON,13 Sep 2015,IQ,Baku E.S.,BESL-MR6150,Dewalt DW840L Angle Grinder,Mechanical Items,Mechanical,2153.02,USD,Marman I.,Quotation
10608,Q-1005-M6958,MICRON,13 Sep 2015,IQ,Baku E.S.,BESL-MR6129,Bolt M16x75,Mechanical Items,Mechanical,4270.5,USD,Lorelie S.,Quotation
10609,RFQ-637-S9087,MACRO,13 Sep 2015,RFQ,Abdul K.C.,MOI-NPCC,"ORD637-714-2003-F ; EC-011 Supply, Installation & Termination Of Power Cable From Backup Generator (Building #339) To ATS (Building#301)",Subcontract,Services,61432.47,USD, ,Quotation
10610,Q-1005-V6932,MICRON,13 Sep 2015,IQ,Baku E.S.,BESL-PO-0293/2015 - Pooltest 3,Chlorine Colorimeter,Building Materials,Various,862.37,USD,Hamza M.,Order
10611,Q-1005-L4014,MICRON,13 Sep 2015,IQ,Habile B.C.,MOI-NPCC,"Transportation From Greenheck USA To NPCC,Kabul",Transportation,Logistics,16553,USD,Mahesh B.,Quotation
10612,RFQ-982-S9051,MACRO,13 Sep 2015,RFQ,World G.E.,MFNDU - 982 - Supply & Install Used 110 KVA Generator With One  Month Warranty,Supply & Install Used 110 KVA Generator With One  Month Warranty,LSA - Life Support Area,Services,12000,USD,Maricar I.,Order
10613,Q-1005-M6956,MICRON,13 Sep 2015,IQ,Baku E.S.,BESL-SD2MR3605,M 16 X 65 Lg Bolt Complete With 2 Nuts,Mechanical Items,Mechanical,1270.86,USD,Raquel I.,Quotation
10614,Q-1005-M6955,MICRON,10 Sep 2015,IQ,Baku E.S.,BESL,Squared Bolt,Mechanical Items,Mechanical,5925,USD,Raquel I.,Quotation
10615,RFQ-637-S9086,MACRO,10 Sep 2015,RFQ,World G.E.,MOI-NPCC,"ORD637-714-2004-G RFP-0025 QR002,  NOC Chain Link Fence & T-Walls",Subcontract,Services,12596.26,USD, ,Order
10616,Q-1005-M6954,MICRON,10 Sep 2015,IQ,Baku E.S.,BESL-PR11314709,"HOSE, AIR",Mechanical Items,Mechanical,5851.3,USD,Marman I.,Quotation
10617,Q-1005-M6953,MICRON,09 Sep 2015,IQ,Baku E.S.,BESL-MR6090,M10 Flat Washer,Mechanical Items,Mechanical,27426.2,USD,Raquel I.,Quotation
10618,Q-1005-M6952,MICRON,09 Sep 2015,IQ,Baku E.S.,BESL-MR6092,Powerbor Tungsten Carbide Cutter,Mechanical Items,Mechanical,8224,USD,Marman I.,Quotation
10619,Q-1005-M6951,MICRON,09 Sep 2015,IQ,Baku E.S.,BESL-MR6083,BOLT Nut With 2 Flat Washer And Spring Washer,Mechanical Items,Mechanical,980.8,USD,Raquel I.,Quotation
10620,Q-1005-V4369,MICRON,09 Sep 2015,IQ,Baku E.S.,BESL-MR3545,Cup Brushes Stainless,Misc.,Various,4665,USD,Marman I.,Quotation
10621,Q-1005-M6950,MICRON,08 Sep 2015,IQ,Baku E.S.,BESL-MR6003,Tplast 220V 16A Plug (Torpakli  Earth) Mennekes,Mechanical Items,Mechanical,3236,USD,Marman I.,Quotation
10622,Q-1005-F7005,MICRON,08 Sep 2015,IQ,Baku E.S.,BESL MR 3642,INSS2460 SILICONE SEALANT,Firestop/ DC 315,Fire,950,USD,Raquel I.,Quotation
10623,Q-1005-M6949,MICRON,07 Sep 2015,IQ,Baku E.S.,BESL-089,Grating Clip,Mechanical Items,Mechanical,490,USD,Marman I.,Quotation
10624,RFQ-982-S9079,MACRO,07 Sep 2015,RFQ,Reliance P.C.,MFNDU,MFNDU MEP Works For Buildings,Subcontract,Services,2127924.75,USD, ,Quotation
10625,Q-1005-V4370,MACRO,07 Sep 2015,IQ,Us E.A.,PR4571086 - Supply Of Raised Floor System TATE ConCor2000,Supply Of Raised Floor System TATE ConCor2000,Misc.,Various,156625,AED,Maricar I.,Quotation
10626,Q-1005-V4369,MACRO,07 Sep 2015,IQ,Us E.A.,PR4600014 - Articulated Boom Man-lift,Articulated Boom Man-lift,Machine / Equipments,Mechanical,398200,AED,Maricar I.,Quotation
10627,RFQ-982-S9078,MACRO,07 Sep 2015,RFQ,Yashel Y.C.,MFNDU,MFNDU MEP Works For Buildings,Subcontract,Services,2119962.75,USD, ,Quotation
10628,Q-1005-V4368,MICRON,07 Sep 2015,IQ,Baku E.S.,BESL-SD2MR3541 - Supply Of Oil Absorbent Pads 700x700,Oil Absorbent Pads 700x700,Misc.,Various,7974.4,USD,Marman I.,Quotation
10629,RFQ-982-S9077,MACRO,07 Sep 2015,RFQ,Golden C.C.,MFNDU,"MFNDU Site Roads, Signages, Drives & Parking",Subcontract,Services,1399370.88,USD, ,Quotation
10630,Q-1005-L4013,MICRON,06 Sep 2015,IQ,Desa I.,SEA FREIGHT CHARGES,SEA FREIGHT CHARGES,Transportation,Logistics,4105.25,USD,Tamraz M.,Order
10631,Q-1005-M6948,MICRON,06 Sep 2015,IQ,Baku E.S.,BESL-MR3545,C156 EDP 13158 Stainless Steel,Mechanical Items,Mechanical,2070,USD,Marman I.,Quotation
10632,Q-1005-T6935,MICRON,01 Sep 2015,IQ,Baku E.S.,"BESL-MR3540-BOLTS,NUTS AND WASHERS-PO-0290/2015","BOLTS,NUTS AND WASHERS",Tools,Tools,10062.78,USD,Raquel I.,Order
10633,Q-1005-A6937,MACRO,01 Sep 2015,IQ,Abdul K.C.,KHAS KUNAR PROJECT - WATER METER,WATER METER,Sanitary and Toilet Accessories,Architectural,1820,USD,Maricar I.,Order
10634,Q-1005-A6936,MACRO,01 Sep 2015,IQ,Sabawoon S.C.,KHAS KUNAR PROJECT - WATER METER,WATER METER,Sanitary and Toilet Accessories,Architectural,1855,USD,Maricar I.,Order
10635,Q-1005-A6935,MACRO,01 Sep 2015,IQ,Merit E.C.,KHAS KUNAR PROJECT - WATER METER,WATER METER,Sanitary and Toilet Accessories,Architectural,1695,USD,Maricar I.,Order
10636,Q-1005-A6935,MACRO,01 Sep 2015,IQ,Faizi M.C.,KHAS KUNAR PROJECT - WATER METER,WATER METER,Sanitary and Toilet Accessories,Architectural,265,USD,Maricar I.,Order
10637,Q-1005-A6934,MACRO,01 Sep 2015,IQ,Specialists C.J.,KHAS KUNAR PROJECT - WATER METER,Water Meter,Sanitary and Toilet Accessories,Architectural,135,USD,Maricar I.,Order
10638,Q-1005-E6938,MICRON,01 Sep 2015,IQ,Baku E.S.,BESL-MR5889,"Industrial Plug 125A/380V, 5 Pin IP67 Panel Mount",Electrical,Electrical,3327.95,USD,Raquel I.,Quotation
10639,Q-1005-E6936,MICRON,01 Sep 2015,IQ,Baku E.S.,BESL-MR5977,DUAL HEAT LAMINATOR MACHINE,Electrical,Electrical,1515,USD,Raquel I.,Quotation
10640,Q-1005-E6934,MICRON,01 Sep 2015,IQ,Baku E.S.,BESL-MR5979,Supply Of Bomag BW 65H Double Vibrator Roller  Spare Parts,Electrical,Electrical,19447.68,USD,Raquel I.,Quotation
10641,Q-1005-M6946,MICRON,31 Aug 2015,IQ,Baku E.S.,BESL-MR750,Kestrel 1000 Wind Meter,Mechanical Items,Mechanical,750,USD,Hamza M.,Quotation
10642,Q-1005-T6934,MICRON,31 Aug 2015,IQ,Baku E.S.,BESL-MR5884,Hacksaw - Facom,Tools,Tools,16835.3,USD,Raquel I.,Quotation
10643,Q-815-C6003,MICRON,31 Aug 2015,IQ,Microtech T.L.,N/A,FIRE RATED AND NON FIRE RATED POLYURETHANE FOAM,Polyurethane Foam,Chemicals,12848.5,AED,Karim E.,Quotation
10644,Q-1005-V6930,MICRON,31 Aug 2015,IQ,Ghantoot B.G.,CENTURION RESIDENCE,INSS1440 FIRE BARRIER SEALANT,Building Materials,Various,5800,AED,Karim E.,Quotation
10645,Q-1005-T6933,MICRON,31 Aug 2015,IQ,Baku E.S.,BESL-MR5326,Check Valve 82HC188TLGB HARRIS  Brand,Tools,Tools,3946,USD,Hamza M.,Quotation
10646,Q-1005-T6932,MICRON,31 Aug 2015,IQ,Baku E.S.,BESL-MR3568,Straight Edge 3m,Tools,Tools,956.4,USD,Lorelie S.,Quotation
10647,Q-1005-T6930,MICRON,31 Aug 2015,IQ,Baku E.S.,BESL-MR5791,NIPPEL,Tools,Tools,940,USD,Raquel I.,Quotation
10648,Q-1005-C6001,MICRON,30 Aug 2015,IQ,Hybrid C.,...,Supply Of DC6150( Fire Resistant Cable Coating And DC310 9 Fireproof Cable Paint),Polyurethane Foam,Chemicals,1868,AED,Karim E.,Quotation
10649,Q-1005-V4364,MICRON,30 Aug 2015,IQ,Baku E.S.,BESL-MR3569,Kemppi Tig Torch Insulating Ring,Misc.,Various,700,USD,Raquel I.,Quotation
10650,Q-1005-V4362,MICRON,30 Aug 2015,IQ,Baku E.S.,BESL,Lead Plate,Misc.,Various,219750,USD,Raquel I.,Quotation
10651,Q-1005-M4004,MICRON,30 Aug 2015,IQ,Baku E.S.,BESL-MR5885,Various Tools,Machine / Equipments,Mechanical,829.2,USD,Raquel I.,Quotation
10652,Q-1005-M4003,MICRON,30 Aug 2015,IQ,Baku E.S.,BESL-MR5888-Printer BMP 41 Kit And Accesories,Printer BMP 41 Kit And Accesories,Machine / Equipments,Mechanical,23297,USD,Maricar I.,Quotation
10653,Q-815-C6002,MICRON,26 Aug 2015,IQ,Microtech T.L.,Qatar University,MVL 2000 Non Fire Rated Foam,Polyurethane Foam,Chemicals,584562.5,AED,Karim E.,Quotation
10654,Q-1005-V4358,MICRON,25 Aug 2015,IQ,Us E.A.,PR4387371 - Spare Parts For Sliding Gates (B&B ARMR),Spare Parts For Sliding Gates (B&B ARMR),Misc.,Various,9634.5,USD,Maricar I.,Quotation
10655,Q-1005-V4357,MICRON,25 Aug 2015,IQ,Us E.A.,PR4576972 - Spare Parts For Switch Gear  Panel Assembly,Spare Parts For Switch Gear  Panel Assembly,Electrical,Electrical,8530.5,USD,Maricar I.,Quotation
10656,Q-1005-V6928,MICRON,25 Aug 2015,IQ,Baku E.S.,BESL-MR3543,Ladder Werner Fiberglass,Building Materials,Various,5700,USD,Raquel I.,Quotation
10657,Q-1005-V4355,MICRON,24 Aug 2015,IQ,Baku E.S.,BESL-MR3544,Projector NL Eurobay,Misc.,Various,16000,USD,Raquel I.,Quotation
10658,Q-1005-V6927,MICRON,24 Aug 2015,IQ,Baku E.S.,"BESL-MR4989-All Terrain Tire   Rim, Foamed","All Terrain Tire   Rim, Foamed",Building Materials,Various,8928,USD,Maricar I.,Quotation
10659,Q-982-V4252,MICRON,24 Aug 2015,IQ,"Emr, I.",Project-SSL-O-54689/TJ-15-019,Structual Steel Gr. A355 Jr European Standard,Building Materials,Various,152607.19,USD,Mahesh B.,Quotation
10660,Q-1005-F7004,MICRON,24 Aug 2015,IQ,Sabawoon S.C.,SSCC - Supply Of DC 315 - 250GALS - Kabul,DC315 Thermal Barrier,Firestop/ DC 315,Fire,16250,USD,Mahesh B.,Order
10661,RFQ-566-S9074,MACRO,23 Aug 2015,RFQ,Faizi M.C.,Khas Kunar,CO ORD-578-714-2001-D Omission Of Fuel Supply,Subcontract,Services,0,USD, ,Quotation
10662,Q-1005-S9071,FIRESTOP,23 Aug 2015,IQ,Sofitel D.D.,Sofitel Dubai Downtown,DC68 Spary To Protect,Subcontract,Services,180695.59,AED,Karim E.,Quotation
10663,Q-1005-T6928,MICRON,23 Aug 2015,IQ,Baku E.S.,BESL-MR5803-Various Torque Wrenches,Various Torque Wrenches,Tools,Tools,5459,USD,Maricar I.,Quotation
10664,Q-815-V4353,MACRO,23 Aug 2015,IQ,Redland C.C.,Khas Kunar Project - Supply Of Water Meter,Water Meter,Misc.,Various,1825,USD,Maricar I.,Order
10665,Q-1005-T6924,MICRON,23 Aug 2015,IQ,Baku E.S.,BESL-MR3477,Inspection Torches,Tools,Tools,462.5,USD,Shahbas A.S.,Quotation
10666,Q-1005-E6929,MACRO,20 Aug 2015,IQ,Macec G.O.,MFNDU - Supply Of Electric Heater-2KW,Electric Heaters,Mechanical Items,Mechanical,163304,USD,Mahesh B.,Order
10667,Q-1005-E6960,MACRO,20 Aug 2015,IQ,Tatekan C.,MFNDU,Electrical BaseBoard Heaters,Electrical,Electrical,9384.9,USD,Mahesh B.,Order
10668,Q-1005-A5306,MICRON,20 Aug 2015,IQ,Microtech T.L.,Qatar University,Foam LOK 2000 (ASTM E84 Firerated Foam),Paints,Architectural,898920,AED,Karim E.,Quotation
10669,Q-1005-L4008,MICRON,19 Aug 2015,IQ,Desa I.,"AIR FREIGHT CHARGES FROM FOB, UK TO CPT, BAKU","AIR FREIGHT CHARGES FROM FOB, UK TO CPT, BAKU",Transportation,Logistics,1295.25,USD,Tamraz M.,Order
10670,Q-1005-M6944,MICRON,19 Aug 2015,IQ,Baku E.S.,BESL-MR 3450,"Lg Bolt Complete With 1 Nut, 1 Taper Washers, 1 Spring Washer",Mechanical Items,Mechanical,738.15,USD,Raquel I.,Quotation
10671,Q-1005-V6926,MICRON,19 Aug 2015,IQ,Us E.A.,PR4599718 - MATERIALS FOR FM RESTROOM MODIFICATION,MATERIALS FOR FM RESTROOM MODIFICATION,Sanitary and Toilet Accessories,Architectural,5172,USD,Maricar I.,Quotation
10672,Q-1005-L4007,MICRON,18 Aug 2015,IQ,Tatekan C.,MFNDU,"Transportation Of Water Proofing System From Sharjah To MFNDU, Kabul",Transportation,Logistics,16483,USD,Mahesh B.,Quotation
10673,Q-1005-M6943,MICRON,17 Aug 2015,IQ,Baku E.S.,BESL-MR5715,Gate Valve,Mechanical Items,Mechanical,27310.35,USD,Hamza M.,Quotation
10674,Q-1005-M6941,MICRON,17 Aug 2015,IQ,Baku E.S.,BESL-MR5741,Drip Tray,Mechanical Items,Mechanical,24550,USD,Raquel I.,Quotation
10675,Q-1005-E6925,MICRON,17 Aug 2015,IQ,Baku E.S.,BESL-MR5774,Permabond Engineering Adhesive,Electrical,Electrical,3153.5,USD,Hamza M.,Quotation
10676,Q-1005-M4002,MICRON,17 Aug 2015,IQ,Baku E.S.,BESL MR 5772,Wacker Neuson DS70,Machine / Equipments,Mechanical,10700,USD,Raquel I.,Quotation
10677,Q-1005-V4271,MICRON,16 Aug 2015,IQ,Us E.A.,PR4569964 - Spare Parts For York Millennium Chiller,Spare Parts For York Millennium Chiller,Mechanical Items,Mechanical,47390.2,AED,Maricar I.,Quotation
10678,RFQ-637-S9084,MACRO,16 Aug 2015,RFQ,World G.E.,MOI-NPCC,"KN037, De-Scope Gravel Road, Side Walk, Swing Gate",Subcontract,Services,0,USD, ,Order
10679,RFQ-637-S9083,MACRO,16 Aug 2015,RFQ,Mainawal R.,MOI-NPCC,"ORD 637-714-2001-I KN037, De-Scope Parking, Field, And Water",Subcontract,Services,0,USD, ,Order
10680,Q-1005-M6940,MICRON,16 Aug 2015,IQ,Baku E.S.,BESL-5718,Rf Y Type Strainer,Mechanical Items,Mechanical,14825,USD,Tamraz M.,Quotation
10681,Q-1005-M6939,MICRON,16 Aug 2015,IQ,Baku E.S.,BESL-MR5716-NON ASBESTOS KLINGERIT GASKET,NON ASBESTOS KLINGERIT GASKET,Mechanical Items,Mechanical,6848.77,USD,Tamraz M.,Order
10682,Q-1005-M6938,MICRON,16 Aug 2015,IQ,Baku E.S.,BESL-MR5731-Spare Parts For Atlas Copco Compressors And Compactor,Spare Parts For Atlas Copco Compressors And Compactor,Mechanical Items,Mechanical,3871.25,USD,Maricar I.,Quotation
10683,Q-1005-E6923,MICRON,16 Aug 2015,IQ,Baku E.S.,BESL-MR3371-STANLEY METER AND STABILA LEVEL,STANLEY METER AND STABILA LEVEL,Tools,Tools,2760,USD,Maricar I.,Quotation
10684,Q-1005-L4006,MICRON,16 Aug 2015,IQ,Tatekan C.,MFNDU,Transportation Services Of Exterior Insulation Finishing System.(EIFS,Transportation,Logistics,40348.5,USD,Mahesh B.,Quotation
10685,RFQ-566-S9073,MACRO,16 Aug 2015,RFQ,Faizi M.C.,KHAS KUNAR,CO ORD-578-714-2001-D - Increasing The Subcontract Value To Assist FMCC In Order To Expedite The Project Completion.,Subcontract,Services,303552,USD, ,Quotation
10686,Q-1005-M6936,MICRON,16 Aug 2015,IQ,Baku E.S.,BESL-MR5717,CS FLANGE,Mechanical Items,Mechanical,34385.95,USD,Tamraz M.,Quotation
10687,Q-1005-M6934,MICRON,16 Aug 2015,IQ,Baku E.S.,BESL-MR3469,Hand Brender Robot Coupe MP-450 Ultra,Mechanical Items,Mechanical,1183,USD,Lorelie S.,Quotation
10688,Q-1005-M6933,MICRON,16 Aug 2015,IQ,Baku E.S.,"BESL-MR3459-BAILEY Drain And Sweep?s, Brushes","BAILEY Drain And Sweep?s, Brushes",Sanitary and Toilet Accessories,Architectural,1896,USD,Hamza M.,Quotation
10689,Q-1005-E6922,MICRON,12 Aug 2015,IQ,Baku E.S.,BESL-MR5697,Flash Light Torch (Small),Electrical,Electrical,1660,USD,Lorelie S.,Quotation
10690,Q-1005-M6932,MICRON,12 Aug 2015,IQ,Baku E.S.,BESL-MR3802,Mixer 110v,Mechanical Items,Mechanical,1146,USD,Raquel I.,Quotation
10691,Q-1005-M6931,MICRON,11 Aug 2015,IQ,Us E.A.,PR4400959 - Parts For Fire Engine Controller,Parts For Fire Engine Controller,Mechanical Items,Mechanical,5788,USD,Maricar I.,Quotation
10692,Q-1005-M6930,MICRON,11 Aug 2015,IQ,Baku E.S.,BESL-MR4770,PIPE CLAMP,Mechanical Items,Mechanical,9915.9,USD,Raquel I.,Quotation
10693,RFQ-637-S9082,MACRO,11 Aug 2015,RFQ,Mainawal R.,MOI-NPCC,CO 637-714-2001-H : KN035 - REA 001 Electrical & Water Distribution,Subcontract,Services,68454.3,USD, ,Quotation
10694,Q-1005-V4268,MICRON,11 Aug 2015,IQ,Baku E.S.,BESL-MR5664-PROBE DISINFECTANT WIPES PAL,PROBE DISINFECTANT WIPES PAL,Misc.,Various,1226.88,USD,Tamraz M.,Quotation
10695,Q-1005-V4267,MICRON,11 Aug 2015,IQ,Baku E.S.,BESL-MR5680 - UT Machine Brand KRAUTKRAMER,UT Machine Brand KRAUTKRAMER,Misc.,Various,18398,USD,Maricar I.,Quotation
10696,Q-1005-A5355,MICRON,10 Aug 2015,IQ,Faizi M.C.,Khas Kunar Project : W912ER-11-D0003 [Supply Of SS Mirrors],SS Mirrors,Sanitary and Toilet Accessories,Architectural,1500,USD,Maricar I.,Order
10697,RFQ-566-S9072,MACRO,10 Aug 2015,RFQ,Specialists C.,Khas Kunar,Change Order ORD578-714-2006-A; Fence Various Location,Subcontract,Services,44000,USD, ,Order
10698,Q-1005-E6920,MICRON,10 Aug 2015,IQ,Us E.A.,PR4557450 - New Trane Chiller Compressor,New Trane Chiller Compressor,Mechanical Items,Mechanical,82866.5,AED,Maricar I.,Quotation
10699,Q-1005-M6926,MICRON,10 Aug 2015,IQ,Baku E.S.,BESL,Motor Siren,Mechanical Items,Mechanical,645,USD,Raquel I.,Quotation
10700,Q-1005-V4268,MACRO,10 Aug 2015,IQ,Us E.A.,PR4570681 - Raised Floor Materials For Floor Maintenance,Raised Floor Materials For Floor Maintenance,Building Materials,Various,89078.65,AED,Maricar I.,Order
10701,Q-815-V4353,MICRON,10 Aug 2015,IQ,Us E.A.,PR4556458 - Spare Parts For Repairing And Maintenance Of The Existing  Building Automation System (BAS),Spare Parts For Repairing And Maintenance Of The Existing  Building Automation System (BAS),Electrical,Electrical,75577.2,AED,Maricar I.,Quotation
10702,RFQ-637-S9081,MACRO,09 Aug 2015,RFQ,Team f.R.,MOI_NPCC,"ORD637-714-004-E KN036, RFI 136 & 137 Differing Site Conditions",Subcontract,Services,157840.5,USD, ,Order
10703,Q-1005-M6925,MICRON,09 Aug 2015,IQ,Baku E.S.,BESL-PO-02672015 - Pooltest 3,Chlorine Colorimeter,Building Materials,Various,862.37,USD,Hamza M.,Order
10704,Q-1005-M6924,MICRON,09 Aug 2015,IQ,Baku E.S.,BESL-MR5591,Male Fitting,Mechanical Items,Mechanical,1950,USD,Lorelie S.,Quotation
10705,Q-1005-M6923,MICRON,09 Aug 2015,IQ,Baku E.S.,BESL-3374,Test Probes Set (Fluke TLK-220),Mechanical Items,Mechanical,2860,USD,Raquel I.,Quotation
10706,Q-1005-M6922,MICRON,09 Aug 2015,IQ,Baku E.S.,BESL-MR3380,Fluke,Mechanical Items,Mechanical,1651,USD,Raquel I.,Quotation
10707,Q-1005-M6920,MICRON,05 Aug 2015,IQ,Baku E.S.,BESL-MR3322,Stainless Steel Banding Strip,Mechanical Items,Mechanical,1834,USD,Marman I.,Quotation
10708,Q-1005-M6919,MICRON,04 Aug 2015,IQ,Reliance P.C.,MFNDU Fit Out_Supply Of EMT Conduit & Fittings,EMT Conduit & Fittings,Electrical,Electrical,2872.5,USD,Mahesh B.,Quotation
10709,Q-1005-M6917,MICRON,03 Aug 2015,IQ,Baku E.S.,BESL - MR5567 - Battery For DCD 740C1,Battery For DCD 740C1,Tools,Tools,1072.6,USD,Maricar I.,Quotation
10710,Q-1005-M6916,MICRON,03 Aug 2015,IQ,Baku E.S.,BESL - MR3225 - Low Height Hydraulic Cylinder,Low Height Hydraulic Cylinder,Tools,Tools,4528,USD,Marman I.,Quotation
10711,Q-1005-V6897,MICRON,02 Aug 2015,IQ,Redland C.C.,Khas Kunar Fit Out - Redland - MEDICAL FLOORING VEGA PLUS,MEDICAL FLOORING VEGA PLUS,Building Materials,Various,5047,USD,Maricar I.,Order
10712,Q-1005-M6914,MICRON,02 Aug 2015,IQ,Tatekan C.,MFNDU - TATEKAN - R 410 Refrigerant Air Conditioner,R 410 Refrigerant Air Conditioner,Mechanical Items,Mechanical,26900,USD, ,Quotation
10713,Q-815-M4102,MICRON,02 Aug 2015,IQ,Baku E.S.,BESL - PO 0257.2015 - HSS-G DIN 338 VARIOUS SIZES,HSS-G DIN 338 VARIOUS SIZES,Building Materials,Various,8175.7,USD,Marman I.,Order
10714,Q-815-C6001,MICRON,02 Aug 2015,IQ,Power P.C.,Power Proof Contracting,Lapolla FL 2500 ASTM E84 RATED FOAM,Polyurethane Foam,Chemicals,561884,AED, ,Quotation
10715,RFQ-982-S9076,MACRO,02 Aug 2015,RFQ,Tatekan C.a.,MFNDU,CO ORD-982-1590A-3 - Scope Reduction - Site Water Distribution,Subcontract,Services,0,USD, ,Order
10716,Q-815-M4101,MICRON,02 Aug 2015,IQ,Redland C.C.,Khas Kunar Fit Out_Supply Of ACROVYN 4000 - Wall Bumper System,ACROVYN 4000 - WALL BUMPER SYSTEM,Building Materials,Various,7684.8,USD,Maricar I.,Order
10717,Q-1005-M6911,MICRON,02 Aug 2015,IQ,Baku E.S.,BESL-MR3333-Low Pressure Valves - Apollo,Low Pressure Valves - Apollo,Mechanical Items,Mechanical,1576.86,USD,Lorelie S.,Quotation
10718,Q-1005-M6910,MICRON,02 Aug 2015,IQ,Baku E.S.,"BESL-MR3229,3230,3249-PO BESL-02592015 - Supply Of LG Bolt Complete With 2 Nuts And 2 Washers",LG Bolt Complete With 2 Nuts And 2 Washers,Mechanical Items,Mechanical,761.36,USD,Raquel I.,Order
10719,Q-1005-M6909,MICRON,30 Jul 2015,IQ,Tatekan C.,MFNDU - TATEKAN -  SUPPLY OF CEILING FAN,CEILING FAN,Mechanical Items,Mechanical,4252,USD,Marman I.,Quotation
10720,Q-1005-L4004,MICRON,29 Jul 2015,IQ,Desa I.,"DESA - AIR FREIGHT FROM BOCHOLT, GERMANY TO DWC, DUBAI",AIR FREIGHT FROM GERMANY TO DUBAI,Transportation,Logistics,985.01,USD,Tamraz M.,Order
10721,Q-1005-L4003,MICRON,29 Jul 2015,IQ,Desa I.,DESA - AIR FREIGHT FROM TURKEY TO DWC,AIR FREIGHT FROM TURKEY TO DWC,Transportation,Logistics,430,USD,Tamraz M.,Order
10722,RFQ-637-S9080,MACRO,29 Jul 2015,RFQ,Mainawal R.,"MOI-NPCC; KN036, RFI 136 & 137  Differing Site Conditions","Change Order 637-714-2001-G: R00027 RFP-0023 KN036, RFI 136 & 137  Differing Site Conditions",Subcontract,Services,15826.41,USD, ,Order
10723,RFQ-637-S9079,MACRO,28 Jul 2015,RFQ,Abdul K.C.,"MOI NPCC KN039, Roof  Access - NPCC","CO 637-714-2003-D : RFP0024 KN039, Roof  Access - NPCC",Subcontract,Services,67318.33,USD, ,Quotation
10724,RFQ-637-S9078,MACRO,28 Jul 2015,RFQ,World G.E.,MOI-NPCC,"Change Order ORD637-714-2004-E: R00031 RFP-0023 KN038, Helipad Gravel",Subcontract,Services,48569.06,USD, ,Quotation
10725,Q-1005-V6896,MICRON,27 Jul 2015,IQ,Baku E.S.,BESL MR3026,Brannan Digital Thermo Hygrometer,Building Materials,Various,2600,USD,Raquel I.,Quotation
10726,Q-1005-E6904,MICRON,26 Jul 2015,IQ,Reliance P.C.,MFNDU Fit Out_RPC_Supply Of Explosion Proof Lighting Fixture,Explosion Proof Lighting Fixture,Electrical,Electrical,0,USD,Maricar I.,Quotation
10727,Q-1005-M6907,MACRO,23 Jul 2015,IQ,Reliance P.C.,RELIANCE POWER COMPANY - MFNDU SUPPLY OF 9 KG DRY CHEMICAL POWDER EXTINGUISHER (BRISTOL),9 KG DRY CHEMICAL POWDER EXTINGUISHER,Mechanical Items,Mechanical,10200,USD,Marman I.,Order
10728,Q-1005-M6906,MICRON,23 Jul 2015,IQ,Baku E.S.,BESL-MR5339,"Bolt, Nut And Flat Washer And Grinder",Mechanical Items,Mechanical,14801.5,USD,Raquel I.,Quotation
10729,Q-1005-M6904,MICRON,21 Jul 2015,IQ,Reliance P.C.,MFNDU,EMT Pipes & Fittings,Mechanical Items,Mechanical,84914.3,USD,Mahesh B.,Quotation
10730,Q-1005-M6903,MACRO,21 Jul 2015,IQ,Reliance P.C.,MFNDU,Electric Cables And Wires,Electrical,Electrical,81110,USD,Mahesh B.,Order
10731,Q-1005-M6902,MACRO,21 Jul 2015,IQ,Reliance P.C.,MFNDU - RPC - Supply Of Ceiling Fan - Panasonic F56MZ2 271 NOS,Ceiling Fan - Panasonic F56MZ2 271 NOS,Mechanical Items,Mechanical,14403.65,USD,Maricar I.,Order
10732,Q-1005-M6901,MACRO,21 Jul 2015,IQ,Reliance P.C.,MFNDU,Electric Unit Heater,Mechanical Items,Mechanical,60055,USD,Mahesh B.,Order
10733,Q-1005-M6900,MICRON,21 Jul 2015,IQ,Reliance P.C.,MFNDU,Water Heater,Mechanical Items,Mechanical,105691,USD,Mahesh B.,Quotation
10734,Q-1005-V6895,MICRON,20 Jul 2015,IQ,Baku E.S.,BESL - MR5369 - STEEL WIRE ROPES,STEEL WIRE ROPES,Building Materials,Various,624,USD,Maricar I.,Quotation
10735,Q-1005-M6899,MICRON,20 Jul 2015,IQ,Baku E.S.,BESL - MR5359 - Chain Block And Flat Soft Eye Webbing Sling,Chain Block And Flat Soft Eye Webbing Sling,Mechanical Items,Mechanical,11209.2,USD,Maricar I.,Quotation
10736,Q-1005-M6897,MICRON,20 Jul 2015,IQ,Baku E.S.,BESL-MR5393,Threaded Copper Bond Earth Rods,Mechanical Items,Mechanical,989.4,USD,Marman I.,Quotation
10737,Q-1005-M6896,MICRON,20 Jul 2015,IQ,Baku E.S.,BESL - MR 5369 - Garnet 30 / 60 MESH,Garnet 30 / 60 MESH,Mechanical Items,Mechanical,23340,USD,Maricar I.,Quotation
10738,Q-1005-V4266,MICRON,16 Jul 2015,IQ,Baku E.S.,BESL,M6 X 20 BRASS HEX SET,Misc.,Various,631,USD,Raquel I.,Quotation
10739,Q-1005-E6874,MICRON,16 Jul 2015,IQ,Fox L.a.,MFNDU,Electrical Water Heater,Electrical,Electrical,118445,USD,Mahesh B.,Quotation
10740,Q-1005-V4265,MICRON,16 Jul 2015,IQ,Baku E.S.,BESL-SD2MR3103,Safety Boots,Misc.,Various,790,USD,Raquel I.,Quotation
10741,Q-1005-T1011,MICRON,15 Jul 2015,IQ,Baku E.S.,BESL-MR5054,Strapping Set,Tools,Tools,2570,USD,Raquel I.,Quotation
10742,Q-1005-L4002,MICRON,14 Jul 2015,IQ,Faizi M.C.,Khas Kunar Fit Out_K2 - FMCC - Transportation Of Power Transformers From PEL To K2 Project - 10nos,Transportation Of Power Transformers From PEL To K2 Project - 10nos,Transportation,Logistics,37409,USD,Ferdinand R.,Order
10743,Q-1005-M6895,MICRON,14 Jul 2015,IQ,Fox L.a.,MFNDU - FOX - CEILING FAN,Ceiling Fan,Mechanical Items,Mechanical,18124.15,USD,Maricar I.,Quotation
10744,Q-1005-V6894,MICRON,14 Jul 2015,IQ,Fox L.a.,NPCC - FOX - Supply Of AC ACCESSORIES - COPPER TUBES AND RUBBER INSULATION,AC ACCESSORIES - COPPER TUBES AND RUBBER INSULATION,Building Materials,Various,4581.61,USD,Maricar I.,Order
10745,Q-1005-T1010,MICRON,14 Jul 2015,IQ,Baku E.S.,BESL-MR3180,Dewalt Metal Chop Saw And Grinder,Tools,Tools,2010,USD,Raquel I.,Quotation
10746,Q-1005-V4263,MICRON,14 Jul 2015,IQ,Baku E.S.,BESL-MR4005,Calcium Silicate Board,Misc.,Various,0,USD,Marman I.,Quotation
10747,Q-1005-M6893,MICRON,14 Jul 2015,IQ,Baku E.S.,BESL-2158SD2 - GAS ARC PRESSURE REGULATOR,GAS ARC PRESSURE REGULATOR,Mechanical Items,Mechanical,1774,USD,Maricar I.,Quotation
10748,Q-1005-T1009,MICRON,13 Jul 2015,IQ,Baku E.S.,BESL,RATCHET TYPE TORQUE WRENCH,Tools,Tools,2547,USD,Raquel I.,Quotation
10749,Q-1005-V6893,MICRON,13 Jul 2015,IQ,Baku E.S.,BESL - PO 0244.2015 - SUPPLY OF DENSO TAPE 50MM,DENSO TAPE 50MM,Building Materials,Various,1425,USD,Marman I.,Order
10750,Q-982-V4251,MICRON,13 Jul 2015,IQ,Fox L.a.,MFNDU-Fox,Fire Extinguisher,Building Materials,Various,9360,USD,Raquel I.,Quotation
10751,RFQ-566-1893,MACRO,13 Jul 2015,RFQ,Faizi M.C.,Khas Kunar Fit Out_Change Order ORD578-714-2001-C : UTILITY SCOPE GAP,Change Order 578-714-2001-C : UTILITY SCOPE GAP,Fit Out Project,Architectural,0,USD, ,Order
10752,Q-1005-C6000,MICRON,12 Jul 2015,IQ,Siac T.S.,SIAC TECHNICAL SERVICES LLC- PO #000336-SUPPLY OF LAPOLLA,LAPOLLA FL2000 ASTM E84 RATED FOAM,Polyurethane Foam,Chemicals,217920,AED,Karim E.,Order
10753,Q-1005-V4260,MICRON,12 Jul 2015,IQ,Fox L.a.,NPCC Project - FOX - Supply Of Water Meter For B-326,Water Meter For B-326,Building Materials,Various,4110,USD,Maricar I.,Order
10754,Q-1005-V4258,MICRON,12 Jul 2015,IQ,Fox L.a.,NPCC - FOX - Supply Of Backflow Preventer With Wye Strainer,ZURN WILKINS Backflow Preventer With Wye Strainer,Building Materials,Various,22950,USD,Marman I.,Order
10755,Q-1005-E6873,MICRON,12 Jul 2015,IQ,Fox L.a.,MFNDU,Electrical Unit Heaters,Electrical,Electrical,118374,USD,Mahesh B.,Quotation
10756,Q-1005-V4257,MICRON,12 Jul 2015,IQ,Baku E.S.,BESL-MR3108 - Contact Tips M8 - Kemmpi,Contact Tips M8 - Kemmpi,Building Materials,Various,2400,USD,Maricar I.,Quotation
10757,Q-1005-M6892,MICRON,12 Jul 2015,IQ,Baku E.S.,BESL-MR611,Safe Step,Mechanical Items,Mechanical,15933,USD,Lorelie S.,Quotation
10758,Q-1005-V4256,MICRON,12 Jul 2015,IQ,Baku E.S.,BESL-MR5104,FLANGE  PROTECTOR,Misc.,Various,66302.5,USD,Lorelie S.,Quotation
10759,Q-1005-V4255,MICRON,12 Jul 2015,IQ,Baku E.S.,BESL-SD2MR3147 - Supply Of Mag-tac LED Hand Lamps,Led Hand Lamps - MAG-TAC,Electrical,Electrical,2010,USD,Maricar I.,Quotation
10760,Q-1005-M4001,MICRON,12 Jul 2015,IQ,Baku E.S.,BESL PO 0264/2015 - SUPPLY OF PUMP AND PRESSURE WASHER,BESL PO 0264/2015 - SUPPLY OF PUMP AND PRESSURE WASHER,Machine / Equipments,Mechanical,5098.13,USD,Maricar I.,Order
10761,Q-1005-L4001,MICRON,09 Jul 2015,IQ,Faizi M.C.,Khaskunar,Transportation From EX.Works USA To K2-Consoildated Shipmentss,Transportation,Logistics,127450,USD,Tamraz M.,Order
10762,Q-1005-M6891,MICRON,09 Jul 2015,IQ,Baku E.S.,BESL-MR3115,"Nuts,washers And Spring Washers",Mechanical Items,Mechanical,1360,USD,Raquel I.,Quotation
10763,RFQ-637-T1000,MACRO,08 Jul 2015,RFQ,Gasos ,MOI-NPCC Fit Out Supply Of ALTAIR 4X MULTIGAS DETECTOR 2 Nos. (NPCC And MFNDU),ALTAIR 4X MULTIGAS DETECTOR 2 Nos. (NPCC And MFNDU),Tools,Tools,4800,AED,Marman I.,Order
10764,RFQ-637-S9077,MACRO,08 Jul 2015,RFQ,Mainawal R.,MOI-NPCC - MODIFICATION ORD637-714-2001-F,Change Order 637-714-2001-F R00028 KN034 - Sniper Screen  Upgrade,Subcontract,Services,294532.53,USD,Cecil R.,Order
10765,Q-1005-M6890,MICRON,08 Jul 2015,IQ,Redland C.C.,Khas Kunar Project : W912ER-11-D0013-0003 [Supply Of Nautilus Eyewash Station (Model No : NTLS SS 520)],Nautilus Eyewash Station (Model No : NTLS SS 520),Mechanical Items,Mechanical,5312.85,USD,Marman I.,Order
10766,Q-1005-V6890,MICRON,07 Jul 2015,IQ,Baku E.S.,BESL-MR2322-2042,"Bosch Die Grinder GGS 8 CE, 110V, 750W, 8000 Rpm",Building Materials,Various,68420,USD,Raquel I.,Quotation
10767,Q-1005-V6889,MICRON,05 Jul 2015,IQ,Fox L.a.,MOI-NPCC - SUPPLY FUJITSU AC UNITS,FUJITSU AC UNITS,Mechanical Items,Mechanical,99069.6,USD,Maricar I.,Quotation
10768,Q-1005-V6888,MICRON,05 Jul 2015,IQ,Baku E.S.,BESL-MR5157,Carbon Bruch For Grinder Dewalt,Building Materials,Various,2226,USD,Raquel I.,Quotation
10769,Q-1005-V6887,MICRON,05 Jul 2015,IQ,Baku E.S.,BESL-MR5063,DENSO PASTE,Building Materials,Various,25194.25,USD,Lorelie S.,Quotation
10770,Q-1005-V6886,MICRON,05 Jul 2015,IQ,Baku E.S.,BESL-MR5213,Raychem Heat Shrink Tubing,Building Materials,Various,7721.52,USD,Hamza M.,Quotation
10771,Q-1005-M6878,MICRON,05 Jul 2015,IQ,Yarash C.&.,MFNDU,Unit Heaters,Mechanical Items,Mechanical,240555.59,USD,Mahesh B.,Quotation
10772,Q-1005-M6877,MACRO,05 Jul 2015,IQ,Yarash C.&.,"MFNDU-Fit Out, Afghanistan",Panasonic Ceiling Fans,Mechanical Items,Mechanical,71752.5,USD, ,Order
10773,Q-1005-M6876,MICRON,05 Jul 2015,IQ,Yarash C.&.,MFNDU,Electrical Wires/Cables,Mechanical Items,Mechanical,442881,USD,Mahesh B.,Quotation
10774,Q-1005-M6874,MICRON,05 Jul 2015,IQ,Yarash C.&.,MFNDU,Baymak Water Heaters,Mechanical Items,Mechanical,197820,USD,Mahesh B.,Quotation
10775,Q-1005-M6872,MICRON,05 Jul 2015,IQ,Yarash C.&.,MFNDU,Exhaust Fans,Mechanical Items,Mechanical,88308,USD, ,Quotation
10776,Q-1005-M6871,MICRON,05 Jul 2015,IQ,Yarash C.&.,MFNDU,Air Handling Units,Mechanical Items,Mechanical,95400,USD, ,Quotation
10777,Q-1005-V6885,MICRON,02 Jul 2015,IQ,Baku E.S.,BESL-SD2MR2997,FUCHS Renep 220 And FUCHS Renolin Extra 32S,Building Materials,Various,0,USD,Raquel I.,Quotation
10778,Q-715-V4255,MICRON,01 Jul 2015,IQ,Habile B.C.,MOI - HBCC,EXPLOSION PROOF EXHAUST FAN (USA),Building Materials,Various,17748.07,USD, ,Quotation
10779,Q-1005-V6882,MICRON,01 Jul 2015,IQ,Habile B.C.,MOI - HBCC,EXHAUST FAN WALL TYPE,Building Materials,Various,7595,USD, ,Quotation
10780,Q-1005-V6881,MICRON,01 Jul 2015,IQ,Habile B.C.,MOI - HBCC,SAND TRAP LOUVER,Building Materials,Various,6936.17,USD, ,Quotation
10781,Q-1005-M6812,MICRON,30 Jun 2015,IQ,Fox L.a.,NPCC Project - Supply Of Watts Balancing Valves,WATTS Balancing Valves,Building Materials,Various,2028.6,USD,Marman I.,Order
10782,Q-1005-V6880,MICRON,30 Jun 2015,IQ,Abdul K.C.,NPCC-KABUL- SUPPLY OF STAINLESS STEEL KITCHEN HOOD,STAINLESS STEEL KITCHEN HOOD,Building Materials,Various,7000,USD,Maricar I.,Order
10783,Q-1005-T1008,MICRON,30 Jun 2015,IQ,Baku E.S.,BESL-MPR06422,Lather Machine Right And Left Cutter,Tools,Tools,2641.5,USD,Raquel I.,Quotation
10784,Q-637-V4251,MICRON,29 Jun 2015,IQ,Abdul K.C.,"MOI-NPCC, Kabul",Bullet Proof Glasses,Building Materials,Various,61512.5,USD,Mahesh B.,Quotation
10785,Q-1005-E6872,MICRON,28 Jun 2015,IQ,Merit E.C.,Khas Kunar Project -W912ER-11-D0013-0003 - Pelsan Emergency Light PN 5514-103,Emergency Light - PELSAN,Electrical,Electrical,4680,USD,Maricar I.,Order
10786,Q-1005-M6811,MICRON,25 Jun 2015,IQ,Abdul K.C.,AKCC-566-SUPPLY OF RECIRCULATION PUMP GRUNDFOS,Recirculation Pump,Mechanical Items,Mechanical,0,USD,Marman I.,Quotation
10787,Q-615-V4352,MICRON,25 Jun 2015,IQ,Baku E.S.,BESL - 0234.2015 - SUPPLY OF HEXAGEN BOLTS AND NUTS,HEXAGEN BOLT M30 GRADE 8.8.,Misc.,Various,512.44,USD,Raquel I.,Order
10788,Q-615-V4351,MICRON,25 Jun 2015,IQ,Baku E.S.,BESL-MR4948,Trotech BZ05 Indoor Thermo Hygrometer,Misc.,Various,1500,USD,Raquel I.,Quotation
10789,Q-1005-T1007,MICRON,25 Jun 2015,IQ,Baku E.S.,BESL-MR3590,Wacker Neuson RCP16  230V & RCP25 230V(Rebar Cutter),Tools,Tools,21022,USD,Raquel I.,Quotation
10790,Q-1005-V6879,MICRON,25 Jun 2015,IQ,Baku E.S.,BESL-MR3008,Adjustable Torque Wrench FXL32,Building Materials,Various,4444.41,USD,Lorelie S.,Quotation
10791,Q-1005-V6877,MICRON,24 Jun 2015,IQ,Baku E.S.,BESL-MR4997,3M Scotchfill Electrical Putty With MSDS,Building Materials,Various,2105,USD,Lorelie S.,Quotation
10792,Q-1005-M6810,MICRON,24 Jun 2015,IQ,Abdul K.C.,Khas Kunar Project - AKCC - K4236C Intermatic Photocel,K4236C Intermatic Photocell,Mechanical Items,Mechanical,2480,USD,Marman I.,Quotation
10793,Q-1005-V6873,MICRON,24 Jun 2015,IQ,Tatekan C.,MFNDU Fit Out_Supply Of Low Voltage Cables & Grounding Cables,Low Voltage Cables & Grounding Cables,Electrical,Electrical,1430300.12,USD,Mahesh B.,Order
10794,Q-1005-V6871,MICRON,24 Jun 2015,IQ,Merit E.C.,Khas Kunar - W912ER-11-D0013-0003- 4 Way Toggle Switches (Hubbell Brand),4 Way Toggle Switches (Hubbell Brand),Electrical,Electrical,1700,USD,Maricar I.,Order
10795,Q-615-V4253,MICRON,24 Jun 2015,IQ,Merit E.C.,Khas Kunar -  W912ER-11-D0013-0003 - Grills And Dampers - SABRO,Grills And Dampers - SABRO,Mechanical Items,Mechanical,7736,USD,Marman I.,Order
10796,Q-1005-V6870,MICRON,24 Jun 2015,IQ,Merit E.C.,Khas Kunar - MERIT - Supply Of Pressure Regulator - Ingersoll Rand,Pressure Regulator - Ingersoll Rand,Mechanical Items,Mechanical,44000.16,USD,Maricar I.,Quotation
10797,Q-1005-V6869,MICRON,24 Jun 2015,IQ,Baku E.S.,BESL-PO-0233.2015-SUPPLY OF HDG BOLTS & NUTS,M18X40   Hex Head Bolt Galvanize 8.8 Grade,Building Materials,Various,2388,USD,Raquel I.,Order
10798,Q-1005-V6867,MICRON,23 Jun 2015,IQ,Fox L.a.,MFNDU FOX - PPE SAMPLES,PPE SAMPLES,Building Materials,Various,106.5,USD,Marman I.,Order
10799,Q-1005-V6866,MICRON,23 Jun 2015,IQ,Macec G.O.,MFNDU,Air Conditioner,Electrical,Electrical,191700,USD,Maricar I.,Quotation
10800,Q-1005-V6865,MICRON,23 Jun 2015,IQ,Macec G.O.,MFNDU,Expansion Tank,Building Materials,Various,6900,USD,Raquel I.,Quotation
10801,Q-1005-V6864,MICRON,23 Jun 2015,IQ,Macec G.O.,MFNDU,Electric Water Heater,Building Materials,Various,0,USD,Mahesh B.,Order
10802,Q-1005-V6863,MACRO,23 Jun 2015,IQ,Macec G.O.,MFNDU Project : Supply Of Electric Cables,Electrical Wire And Cable,Building Materials,Various,412409.31,USD,Mahesh B.,Order
10803,Q-1005-V6862,MICRON,23 Jun 2015,IQ,Macec G.O.,MFNDU,Supply Of  Extruded Polystyrene Sheet For Roof (Rigid Insulation),Building Materials,Various,288960,USD,Raquel I.,Quotation
10804,Q-1005-V6860,MICRON,23 Jun 2015,IQ,Baku E.S.,BESL-MR4891,Hydraulic TRANSPALET,Building Materials,Various,3475.92,USD,Hamza M.,Quotation
10805,Q-1005-A5354,MICRON,23 Jun 2015,IQ,Redland C.C.,Khas Kunar Project : W912ER-11-D0013-0003  [Supply Of SS Mirrors],SS MIRROR - 60CM X 90CM,Sanitary and Toilet Accessories,Architectural,5700,USD,Maricar I.,Order
10806,Q-1005-A5353,MICRON,23 Jun 2015,IQ,Merit E.C.,Khas Kunar Project : W912ER-11-D0013-0003  [Supply Of SS Mirrors],SS MIRROR - 60CM X 90CM,Sanitary and Toilet Accessories,Architectural,5700,USD,Maricar I.,Order
10807,Q-1005-V6858,MICRON,23 Jun 2015,IQ,Baku E.S.,BESL-MR2978,Digital Temperature Controller,Electrical,Electrical,925.8,USD,Lorelie S.,Quotation
10808,RFQ-781-S9074,MACRO,22 Jun 2015,RFQ,Power C.,Al Dhafra Fit Out Supply Of Manpower Support,Manpower Support ? Al Dhafra Air Base Project,Subcontract,Services,40000,AED, ,Order
10809,Q-1005-F7003,MICRON,22 Jun 2015,IQ,Shahzad S.C.,SSCES - Supply Of 5000 Gals DC315 - Ex Kabul,DC315 Thermal Barrier,Firestop/ DC 315,Fire,271500,USD,Maricar I.,Order
10810,Q-1005-A5352,MICRON,22 Jun 2015,IQ,Sabawoon S.C.,Khas Kunar Project : W912ER-11-D0013-0003  [Supply Of SS Mirrors],SS MIRROR - 60CM X 90CM,Sanitary and Toilet Accessories,Architectural,21000,USD,Maricar I.,Order
10811,Q-1005-V6856,MICRON,21 Jun 2015,IQ,Baku E.S.,BESL- MR2928 - Supply Of Lincolin Spare Parts,Lincolin Spare Parts,Building Materials,Various,2975,USD,Maricar I.,Quotation
10812,Q-1005-E6803,MICRON,21 Jun 2015,IQ,Abdul K.C.,KHAS KUNAR - W912ER-11-D0013-0003 - SUPPLY OF HUBBELL 3 And 4 WAY TOGGLE SWITCHES,HUBBELL 3 AND 4 WAY TOGGLE SWITCHES,Electrical,Electrical,2490,USD,Maricar I.,Order
10813,Q-1005-V6855,MICRON,21 Jun 2015,IQ,Baku E.S.,BESL-MR2772- SUPPLY OF RESPIRATOR AND CARTRIDGE,Respirator 3M 6200 And Cartridge 6001,Building Materials,Various,112.5,USD,Raquel I.,Order
10814,Q-615-V4252,MICRON,21 Jun 2015,IQ,Baku E.S.,BESL - MR 4931,LIMIT SWITCH AND ACCESSORIES,Building Materials,Various,6380,USD,Marman I.,Quotation
10815,Q-1005-V6853,MICRON,21 Jun 2015,IQ,Baku E.S.,BESL-MR2164SD2,(big) Kennedy,Building Materials,Various,930,USD,Lorelie S.,Quotation
10816,Q-1005-V6852,MICRON,21 Jun 2015,IQ,Baku E.S.,BESL-MR2838,380/220V Preservation Panel LPN IP65,Building Materials,Various,23280,USD,Raquel I.,Quotation
10817,Q-1005-M6810,MICRON,21 Jun 2015,IQ,Merit E.C.,Khas Kunar Project : W912ER-11-D0013-0003 [Nautilus Eyewash Station 24 NOS],Nautilus Eyewash Station - SS 520,Building Materials,Various,22800,USD,Maricar I.,Order
10818,Q-1005-V6848,MICRON,18 Jun 2015,IQ,Baku E.S.,BESL-MR2941,Werko Twist Drill,Building Materials,Various,3919.9,USD,Raquel I.,Quotation
10819,Q-1005-V6846,MICRON,18 Jun 2015,IQ,Baku E.S.,BESL -  MR 2917 - KEMPPI MASTERLIG MLS 3000 SPARES,MR 2917 - KEMPPI MASTERLIG MLS 3000 SPARES,Building Materials,Various,34134.7,USD,Marman I.,Quotation
10820,Q-1005-V6844,MICRON,18 Jun 2015,IQ,Baku E.S.,BESL- 0245.2015 - SUPPLY OF HOSE,"Hose 600, 500, 100 Bar",Building Materials,Various,9684,USD,Raquel I.,Order
10821,Q-1005-V6841,MICRON,16 Jun 2015,IQ,Baku E.S.,BESL-MR4425,Smooth Jaw Wrench,Building Materials,Various,384,USD,Raquel I.,Quotation
10822,Q-1005-V6840,MICRON,16 Jun 2015,IQ,Abdul K.C.,NPCC - AKCC - BOSCH ADDRESSABLE FIRE ALARM SYSTEM,BOSCH ADDRESSABLE FIRE ALARM SYSTEM,Building Materials,Various,28000,USD,Maricar I.,Order
10823,Q-1005-V6839,MICRON,16 Jun 2015,IQ,Baku E.S.,BESL-MR2225SD2 - Hellermantyton Three Pronged For Sleeves And Grommets D KIT,Hellermantyton Three Pronged For Sleeves And Grommets D KIT,Building Materials,Various,5925,USD,Lorelie S.,Quotation
10824,Q-1005-L4000,MICRON,16 Jun 2015,IQ,Faizi M.C.,K2 Project - Transportation Of Power Transformers,"Transportation Of Power Transformers From Lahore,Pakistan To K2 Project,Afghanistan",Transportation,Logistics,42533,USD,Mahesh B.,Order
10825,Q-1005-V6838,MICRON,16 Jun 2015,IQ,Baku E.S.,BESL-MR2934,"Plastic Gloves XL, Paint Roller And Microfiber Roller Cover",Building Materials,Various,1729.25,USD,Raquel I.,Quotation
10826,Q-1005-V6837,MICRON,16 Jun 2015,IQ,Baku E.S.,BESL-MR4797,VARIOUS DEWALT TOOLS,Building Materials,Various,21050.9,USD,Marman I.,Quotation
10827,Q-1005-M6809,MICRON,15 Jun 2015,IQ,Baku E.S.,BESL-MR4797,BESL-MR4797 SUPPLY OF MILLER WELDING MACHINE AND ACCESSORIES,Mechanical Items,Mechanical,17312,USD,Marman I.,Quotation
10828,Q-1005-M6808,MICRON,15 Jun 2015,IQ,Baku E.S.,BESL-MR4797,KARNASCH VARIOUS TOOLS,Mechanical Items,Mechanical,3083,USD,Marman I.,Quotation
10829,Q-1005-V6836,MICRON,15 Jun 2015,IQ,Baku E.S.,BESL,SUBMERSIBLE PUMP DUTY POINT : 9.46L/S @ 5.31 M HEAD FLYGT PUMP MODEL : CF3045.181 HT - 250,Building Materials,Various,2595,USD,Marman I.,Quotation
10830,RFQ-781-V4251,MACRO,15 Jun 2015,RFQ,Midas S.,Al Dhafra Fit Out_Supply Of FIRST AID KIT METAL MEDIUM AND SAFETY MASK 3M 8210,FIRST AID KIT METAL MEDIUM AND SAFETY MASK 3M 8210,Building Materials,Various,519.65,AED,Marman I.,Order
10831,Q-1005-V6835,MICRON,15 Jun 2015,IQ,Baku E.S.,BESL-MR2860,Respirator 3M 6300,Building Materials,Various,1688,USD,Raquel I.,Quotation
10832,Q-615-V4252,MICRON,15 Jun 2015,IQ,Baku E.S.,BESL  -MR4551 - Supply Of Steam Cleaner,Carlo De Giorgi Cleaner,Building Materials,Various,2112.5,USD,Maricar I.,Quotation
10833,Q-1005-V6833,MICRON,15 Jun 2015,IQ,Baku E.S.,BESL-0223.2015 - SUPPLY OF LG BOLT COMPLETE WITH 2 NUTS AND 2 WASHERS GR 8.8,BESL-0223.2015 - LG Bolt Complete With 2 Nuts And 2 Washers GR 8.8,Building Materials,Various,3494.06,USD,Raquel I.,Order
10834,Q-1005-V6832,MICRON,14 Jun 2015,IQ,Baku E.S.,BESL-MR2899SD2,"10T Jack, 5T Jack And 8T Jack",Building Materials,Various,3836,USD,Marman I.,Quotation
10835,RFQ-573-E6804,MACRO,14 Jun 2015,RFQ,Jubaili B.L.,Delaram Fit Out Supply Of FUEL LEVEL GAUGE FOR FUEL TANK (AFRISO EUROGAUGE),FUEL LEVEL GAUGE FOR FUEL TANK (AFRISO EUROGAUGE),Electrical,Electrical,5520,USD, ,Order
10836,Q-1005-V6827,MICRON,14 Jun 2015,IQ,Baku E.S.,"BESL-MR4829 Drilling Machine, Hole Cutter And Pilot Pins","Drilling Machine, Hole Cutter And Pilot Pins",Building Materials,Various,12060,USD,Marman I.,Quotation
10837,Q-615-C6000,MICRON,14 Jun 2015,IQ,Primeseal I.A.,Prime,Lapolla Polyurethane Foam,Polyurethane Foam,Chemicals,5900,AED, ,Quotation
10838,Q-1005-V6826,MICRON,11 Jun 2015,IQ,Baku E.S.,BESL,Manhole Covers,Building Materials,Various,5430.1,USD,Hamza M.,Quotation
10839,RFQ-982-S9075,MACRO,10 Jun 2015,RFQ,S&b I.L.,"MFNDU - SUBCONTRACT - S&B Infrastructure, LTD.  W5J9JE-15-C-0004","SUBCONTRACT - S&B Infrastructure, LTD. -EXHIBIT D: S&BI COSTS - W5J9JE-15-C-0004",Subcontract,Services,329388,USD,Cecil R.,Order
10840,Q-1005-V6824,MICRON,10 Jun 2015,IQ,Faizi M.C.,Khas Khunar Project-W912ER-11-D-0013-0003- [SUPPLY OF TESTING EQUIPMENT- FLUKE 1550C],Testing Equipment - Fluke 1550C,Building Materials,Various,3800,USD,Ferdinand R.,Order
10841,Q-615-T1000,MICRON,09 Jun 2015,IQ,Baku E.S.,BESL - PO - BESL-0214.2015 - SUPPLY OF SCHMERSAL [LIMIT SWITCH],Schmersal - Z4VH 335-11z (Limit Switch),Tools,Tools,1300,USD,Tamraz M.,Order
10842,RFQ-573-V4254,MACRO,09 Jun 2015,RFQ,Cala L.S.,Delaram Fit Out_Supply Of PL 9 : HALIDE BULB AS PER ATTACHED,PL 9 : HALIDE BULB AS PER ATTACHED,Building Materials,Various,124,USD, ,Order
10843,Q-1005-V6823,MICRON,09 Jun 2015,IQ,Abdul K.C.,AKCC : 60 NOS OF GFCI RECEPTACLE P/N 70225-10HGD,GFCI RECEPTACLE P/N 70225-10HGD,Building Materials,Various,12914.4,USD,Marman I.,Quotation
10844,Q-637-S9076,MACRO,09 Jun 2015,RFQ,Abdul K.C.,MOI NPCC - (ORD637-714-2003-C),Change Order ORD637-714-2003-C - KN028 ?  De-Scope Elevators In NPCC,Subcontract,Services,0,USD,Marty A.M.,Order
10845,Q-1005-M6807,MICRON,08 Jun 2015,IQ,Baku E.S.,BESL 4751: SUPPLY OF Bosch Laser Meter GLM250 WITH CALIBRATION CERTIFICATE,Bosch Laser Meter GLM250 WITH CALIBRATION CERTIFICATE,Mechanical Items,Mechanical,2975,USD,Marman I.,Quotation
10846,Q-1005-V6820,MICRON,08 Jun 2015,IQ,Baku E.S.,BESL-MR2765,M10 Plastic Washer And Plastic Ring,Building Materials,Various,900,USD,Raquel I.,Quotation
10847,Q-1005-V6819,MICRON,07 Jun 2015,IQ,Baku E.S.,BESL PO 0263.2015 - GRAY DUCTING TAPE - 24MM,BESL PO 0263.2015 - GRAY DUCTING TAPE - 24MM,Building Materials,Various,2175,USD,Maricar I.,Order
10848,RFQ-982-1746,MACRO,07 Jun 2015,RFQ,World G.E.,MFNDU: WORLD GATE LSA SUBCONTRACT,SUBCONTRACT - WORLD GATE,Subcontract,Services,535998,USD, ,Order
10849,RFQ-573-S9051,MACRO,07 Jun 2015,RFQ,Ferooz F.S.,Delaram Fit Out_Supply Of PETROL FOR FINAL PL ANA FUEL DISPENSER,PETROL FOR FINAL PL ANA FUEL DISPENSER,LSA - Life Support Area,Services,2375,USD, ,Order
10850,Q-1005-V6817,MICRON,07 Jun 2015,IQ,Baku E.S.,BESL-MR2855,Wizard Pipe Wrap And Drain Rod,Building Materials,Various,2128,USD,Hamza M.,Quotation
10851,RFQ-781-S9032,MACRO,04 Jun 2015,RFQ,Honeywell I.M.,Al Dhafra - ADDITIONAL MATERIALS REQUIREMENT  - Honeywell International Middle East Ltd,ADDITIONAL MATERIALS REQUIREMENT,Construction,Services,377880,AED, ,Order
10852,Q-1005-E6802,MICRON,04 Jun 2015,IQ,Abdul K.C.,NPCC Project - Supply Of Automatic Transfer Switch / By-Pass Isolation Switch (GE),Automatic Transfer Switch / By-Pass Isolation Switch (GE),Electrical,Electrical,68500,USD,Maricar I.,Order
10853,RFQ-573-V4253,MACRO,04 Jun 2015,RFQ,Al M.H.,Delaram Fit Out_Supply Of Door Closer For Aluminum Door. KALE BRAND MODEL NO. KD-002/30-330,PL 9 - Door Closer For Aluminum Door. KALE BRAND MODEL NO. KD-002/30-330,Building Materials,Various,528,AED, ,Order
10854,RFQ-573-E6803,MACRO,03 Jun 2015,RFQ,Haji G.S.,Delaram Fit Out_Supply Of PL 9 : ADDITIONAL ELECTRICAL MATERIALS,PL 9 : ADDITIONAL ELECTRICAL MATERIALS,Electrical,Electrical,1500,USD, ,Order
10855,RFQ-573-A5203,MACRO,03 Jun 2015,RFQ,Cala L.S.,Delaram Fit Out_Supply Of PL 9 : DOOR STOPPER (HALF MOON),PL 9 : DOOR STOPPER (HALF MOON),Doors,Architectural,230,USD, ,Order
10856,RFQ-566-E6801,MACRO,03 Jun 2015,RFQ,Sgs G.L.,ND/Q-134/DB15 INSPECTION OF POWER TRANSFORMERS IN PAKISTAN,IND/Q-134/DB15 INSPECTION OF POWER TRANSFORMERS IN PAKISTAN,Electrical,Electrical,700,USD, ,Order
10857,Q-1005-M4109,MICRON,02 Jun 2015,IQ,Faizi M.C.,Khas Khunar Project - W912ER-11-D-0013-0003 [SUPPLY OF SPARE PARTS UNIT HEATERS (BLOWER AND ELEMENT)],FMCC- SUPPLY OF SPARE PARTS UNIT HEATERS (BLOWER AND ELEMENT),Mechanical Items,Mechanical,197.35,USD, ,Order
10858,Q-1005-M4107,MICRON,02 Jun 2015,IQ,Sabawoon S.C.,Khas Khunar Project : W912ER-11-D-0013-0003 [SUPPLY OF UNIT HEATERS SPARE PARTS],SSCC- SUPPLY OF SPARE PARTS UNIT HEATERS (BLOWER AND ELEMENT),Mechanical Items,Mechanical,11365,USD, ,Order
10859,Q-1005-M4106,MICRON,02 Jun 2015,IQ,Redland C.C.,Khas Khunar Project : W912ER-11-D0013-0003 - SUPPLY OF UNIT HEATERS SPARE PARTS (BLOWER AND ELEMENT),REDLAND - SUPPLY OF SPARE PARTS UNIT HEATERS (BLOWER AND ELEMENT),Mechanical Items,Mechanical,9565.3,USD, ,Order
10860,Q-1005-M4105,MICRON,02 Jun 2015,IQ,Abdul K.C.,Khas Khunar Project : W912ER-11-D0013-0003- SUPPLY OF UNIT HEATERS SPARE PARTS (BLOWER AND ELEMENT),AKCC - SUPPLY OF SPARE PARTS UNIT HEATERS (BLOWER AND ELEMENT),Mechanical Items,Mechanical,7500.9,USD, ,Order
10861,Q-1005-V6815,MICRON,02 Jun 2015,IQ,Baku E.S.,BESL- MR4560,Elcometer And Test Stand,Building Materials,Various,3894,USD,Hamza M.,Quotation
10862,Q-1005-V6814,MICRON,02 Jun 2015,IQ,Baku E.S.,BESL- MR2708,Lincolin Invertec And Lincolin Torch,Building Materials,Various,51900,USD,Raquel I.,Quotation
10863,RFQ-573-V4252,MACRO,02 Jun 2015,RFQ,Cala L.S.,Delaram Fit Out_Supply Of GLASS PANEL (1200MM*800*10MM THICK WITH ALUMINUM FRAME) AND FUEL GAUGE (10000 US GALLONS),GLASS PANEL (1200MM*800*10MM THICK WITH ALUMINUM FRAME) AND FUEL GAUGE (10000 US GALLONS),Building Materials,Various,545,USD, ,Order
10864,Q-615-V4252,MICRON,02 Jun 2015,IQ,Baku E.S.,BESL- MR4553,Industrial Plug And Industrial Socket,Building Materials,Various,16527,USD,Marman I.,Quotation
10865,Q-1005-V6812,MICRON,02 Jun 2015,IQ,Baku E.S.,BESL- MR4138,Twine Rope For Fitting Bags-MR 4138,Building Materials,Various,1275,USD,Raquel I.,Quotation
10866,Q-1005-V6810,MICRON,01 Jun 2015,IQ,Baku E.S.,Baku Engineering Supplies LTD -  MR 343 - Hydrotest Drying Components - FLANGE,MR 343 - Hydrotest Drying Components - FLANGE,Building Materials,Various,5758,USD,Marman I.,Quotation
10867,Q-1005-A5302,MICRON,31 May 2015,IQ,Baku E.S.,Baku Engineering Supplies LTD -  FIRE RETARDANT VARNISH NATIONAL,FIRE RETARDANT VARNISH NATIONAL,Paints,Architectural,17528,USD,Marman I.,Quotation
10868,Q-1005-V6809,MICRON,28 May 2015,IQ,Redland C.C.,Khas Khunar Project : Exhaust Fan,K2 - REDLAND - Q-1005-V6809 [Quotation For Sidewall Direct Drive Exhaust Fan],Building Materials,Various,5900,USD, ,Quotation
10869,Q-1005-V6808,MICRON,28 May 2015,IQ,Baku E.S.,Baku Engineering Supplies LTD - Supply Of MR 2766 - MOLYKOTE BR2 PLUS,MR 2766 - MOLYKOTE BR2 PLUS,Building Materials,Various,600,USD,Marman I.,Quotation
10870,RFQ-573-V4352,MACRO,28 May 2015,RFQ,Elia T.C.,Delaram Fit Out_Supply Of WARRANTY MANAGEMENT PLAN TRANSLATION TO DARI AND PASHTO,WARRANTY MANAGEMENT PLAN TRANSLATION TO DARI AND PASHTO,Misc.,Various,700,USD, ,Order
10871,Q-1005-E6801,MICRON,27 May 2015,IQ,Baku E.S.,Baku Engineering Supplies LTD - Supply Of EMERGENCY LIGHTING LUMINARY  HALOGEN LAMP - TETRA 2 - AA2207-AA2Y,EMERGENCY LIGHTING LUMINARY  HALOGEN LAMP - TETRA 2 - AA2207-AA2Y,Electrical,Electrical,6250,USD,Marman I.,Order
10872,RFQ-982-1592A,MACRO,27 May 2015,RFQ,Macec -.M.,MFNDU - SUBCONTRACTS - MACEC,SUBCONTRACTS - MACEC,,,16063608,USD,Cecil R.,Order
10873,Q-1005-A5351,MICRON,26 May 2015,IQ,Abdul K.C.,Khas Kunar Fit Out : Supply Of SS Mirror,SS MIRROR - 60CM X 90CM,Sanitary and Toilet Accessories,Architectural,13200,USD,Maricar I.,Order
10874,RFQ-573-E6802,MACRO,26 May 2015,RFQ,Ikizler A.A.,Delaram Fit Out_Supply Of SPARES-ADDITIONAL IKIZZLER EXIT SIGN,SPARES-ADDITIONAL IKIZZLER EXIT SIGN,Electrical,Electrical,397,EURO, ,Order
10875,Q-1005-M4104,MICRON,25 May 2015,IQ,Merit E.C.,Khas Kunar Fit Out_Supply Of Expansion Tank,EXPANSION TANK - HIDROTANK BRAND,Mechanical Items,Mechanical,2110,USD,Maricar I.,Order
10876,RFQ-573-M4101,MACRO,25 May 2015,RFQ,Technical I.S.,"Delaram Fit Out_Supply Of SPARES - SPB-2020, F&F Fenner V-belt","SPARES - SPB-2020, F&F Fenner V-belt",Mechanical Items,Mechanical,850,AED, ,Order
10877,RFQ-573-E6801,MACRO,25 May 2015,RFQ,Aw R.L.,Delaram Fit Out_Supply Of ADDITIONAL SPARES INCANDESCENT ONE PIECE WITH APPROVED LENS STABILIZED HIGH IMPACT POLY CARBONATE 70W ( C ),ADDITIONAL SPARES INCANDESCENT ONE PIECE WITH APPROVED LENS STABILIZED HIGH IMPACT POLY CARBONATE 70W ( C ),Electrical,Electrical,2465,AED, ,Order
10878,RFQ-573-A5201,MACRO,25 May 2015,RFQ,Consort A.H.,Delaram Fit Out_Supply Of ADDITIONAL SPARES HINGES,ADDITIONAL SPARES HINGES,Doors,Architectural,680,AED, ,Order
10879,RFQ-573-V4251,MACRO,25 May 2015,RFQ,United C.&.,Delaram Fit Out_Supply Of ADDITIONAL SPARES PLUMBING,ADDITIONAL SPARES PLUMBING,Building Materials,Various,208.1,USD, ,Order
10880,Q-1005-F7002,MICRON,24 May 2015,IQ,Ascorp C.L.,Ascorp Holdings-Abu Dhabi,DC315thermal Barrier And Lapolla Polyurethane Foam,Firestop/ DC 315,Fire,833457,USD, ,Quotation
10881,Q-1005-P4252,MICRON,24 May 2015,IQ,Baku E.S.,Baku Engineering Supplies LTD - Supply Of 3M Earplug,5000 PAIRS 3M EAR PLUG (3M-1110) (10 BOX X 500PAIRS/BOX),PPE,Protection,1050,USD,Marman I.,Order
10882,RFQ-781-S9073,MACRO,21 May 2015,RFQ,Galaxy A.G.,Fit Out Dhafra - Manpower - Safety Officer And Quantity Surveyor,Manpower - Safety Officer And Quantity Surveyor,Subcontract,Services,55000,AED, ,Order
10883,RFQ-573-S9031,MACRO,21 May 2015,RFQ,Kamal B.C.,Delaram Fit Out_Supply Of WWTP GRADING AND LEGACY BUILDING SITE GRADING,WWTP GRADING AND LEGACY BUILDING SITE GRADING,Construction,Services,6000,USD, ,Order
10884,Q-1005-F7001,MICRON,21 May 2015,IQ,Road a.R.,RRCC - Supply Of 75 Gallons Of DC 315,75 Gallons (15 Bucket) Of DC315 Thermal Barrier,Firestop/ DC 315,Fire,4500,USD, ,Order
10885,RFQ-637-S9074,MACRO,21 May 2015,RFQ,Mainawal R.,MOI NPCC Fit Out_Change Order 637-714-2001-D : CONSTRUCTION OF KN019 - Perimeter Wall For Expanded Security,Change Order 637-714-2001-D : R 00020 CONSTRUCTION OF KN019 - Perimeter Wall For Expanded Security,Subcontract,Services,1115.91,USD, ,Order
10886,Q-515-L4000,MICRON,20 May 2015,IQ,Desa I.,SEA FREIGHT FROM SHANGHAI TO JEBEL ALI,SEA FREIGHT FROM SHANGHAI TO JEBEL ALI,Transportation,Logistics,282.5,USD,Tamraz M.,Order
10887,RFQ-982-1590B,MACRO,20 May 2015,RFQ,Tatekan C.a.,MFNDU - SUBCONTRACTS - TATEKAN,SUBCONTRACTS - TATEKAN,Subcontract,Services,9491023,USD, ,Cancled
10888,Q-1005-V6806,MICRON,19 May 2015,IQ,Merit E.C.,Khaskunar Project : W912ER - 11 - D0013 0003 [SUPPLY OF UNIT HEATERS AND SPARE PARTS],Supply Of Dimplex Unit Heaters And Spares,Mechanical Items,Mechanical,7523.45,USD, ,Order
10889,RFQ-982-1614A,MACRO,19 May 2015,RFQ,Yarash C.L.,MFNDU - SUBCONTRACT - YARASH,SUBCONTRACT - YARASH,Subcontract,Services,14764083,USD, ,Order
10890,RFQ-573-E6800,MACRO,18 May 2015,RFQ,Haji G.S.,Delaram Fit Out Supply Of SEARCH LIGHT HANDLE 210 CM WITHOUT INSATALLATION - RFI - 0086,SEARCH LIGHT HANDLE 210 CM WITHOUT INSATALLATION - RFI - 0086,Electrical,Electrical,3660,USD, ,Order
10891,Q-1005-S9032,MICRON,18 May 2015,IQ,Sohail M.C.,Delaram Project : SMCC - VARIOUS MATERIALS,VARIOUS MATERIALS,Construction,Services,1112.5,USD, ,Order
10892,RFQ-497-V4252,MACRO,17 May 2015,RFQ,Haven F.&.,Delaram Fit Out_Supply Of 2 Loop Analogue Addressable Fire Protection And Alarm Panel - Extended Battery Cabinet,2 Loop Analogue Addressable Fire Protection And Alarm Panel - Extended Battery Cabinet,Building Materials,Various,19000,AED, ,Order
10893,RFQ-497-A5352,MACRO,17 May 2015,RFQ,Junaid S.E.,Delaram Fit Out_Supply Of JOMIX LION SERIES CP SINK MIXER - WALL MOUNTED LONG NECK L 6012 Pl # 8,JOMIX LION SERIES CP SINK MIXER - WALL MOUNTED LONG NECK L 6012 Pl # 8,Sanitary and Toilet Accessories,Architectural,1920,AED, ,Order
10894,RFQ-982-S9072,MACRO,14 May 2015,RFQ,Truth l.E.,MFNDU - SUBCONTRACT - Truth Land Engineering Services,SUBCONTRACT - Truth Land Engineering Services,Subcontract,Services,57230,USD, ,Order
10895,RFQ-637-9073,MACRO,13 May 2015,RFQ,World G.E.,MOl-NPCC Fit Out_Change Order 637-714-2004-D : West ECP Descope (ORD637-714-2004-D),Change Order 637-714-2004-D : West ECP Descope,Fit Out Project,Architectural,2667.6,USD, ,Order
10896,RFQ-573-V4351,MACRO,13 May 2015,RFQ,Falcon E.L.,Delaram Fit Out_Supply FUELS FOR DELARAM TURNOVER,FUELS FOR DELARAM TURNOVER,Misc.,Various,123998,USD, ,Order
10897,RFQ-497-E6801,MACRO,13 May 2015,RFQ,Haji G.S.,Delaram Fit Out_Supply Of PL 8 CIRCUIT BREAKER ABB BRAND 225 AMPS AND 100 AMPS,PL 8 CIRCUIT BREAKER ABB BRAND 225 AMPS AND 100 AMPS,Electrical,Electrical,295,USD, ,Order
10898,RFQ-982-S9071,MACRO,13 May 2015,RFQ,Team f.R.,MFNDU - SUBCONTRACT - TEAM FOR RISK MANAGEMENT,SUBCONTRACT - TEAM FOR RISK MANAGEMENT,Subcontract,Services,874937.62,USD, ,Order
10899,Q-1005-V6804,MICRON,13 May 2015,IQ,Kamal b.C.,Delaram Fit Out - KBCC - Supply Of Door Closer For Aluminum Door,Door Closer For Aluminum Door,Building Materials,Various,2850,USD,Maricar I.,Order
10900,RFQ-497-V4251,MACRO,13 May 2015,RFQ,Cala L.S.,Delaram Fit Out_Supply Of VISON GLASS WITH GEORGIAN WIRE 95CM*60CM 6 MM THICK TEMPERED CLEAR GLASS WITH METAL FRAME,VISON GLASS WITH GEORGIAN WIRE 95CM*60CM 6 MM THICK TEMPERED CLEAR GLASS WITH METAL FRAME,Building Materials,Various,1050,USD, ,Order
10901,RFQ-497-E6800,MACRO,12 May 2015,RFQ,Haji G.S.,Delaram Fit Out_Supply Of METAL HALIDE FOR CANOPY LIGHT 170 WATTS,METAL HALIDE FOR CANOPY LIGHT 170 WATTS,Electrical,Electrical,80,USD, ,Order
10902,Q-1005-M4102,MICRON,12 May 2015,IQ,Fox L.a.,MOI-NPCC Fit Out_Supply Of AC UNITS - WALL MOUNTED SPLIT TYPE MITSUBISHI BRAND - NPCC-MOL-0790& 0790A,AC UNITS - WALL MOUNTED SPLIT TYPE MITSUBISHI BRAND - NPCC-MOL-0790& 0790A,Mechanical Items,Mechanical,73347.91,USD,Maricar I.,Order
10903,Q-1005-S9031,MICRON,11 May 2015,IQ,Abdul K.C.,Khas Khunar Fit Out _Supply Of EXPANSION TANK,EXPANSION TANK - HIDROTANK BRAND,Construction,Services,4520,USD,Maricar I.,Order
10904,RFQ-781-S9072,MACRO,10 May 2015,RFQ,Stars G.C.,Al Dhafra - Subcontract - AS PER SOW - Stars General Contracting L.L.C.,SUBCONTRACT - AS PER SOW - Stars General Contracting L.L.C.,Subcontract,Services,85854.5,USD, ,Order
10905,RFQ-781-S9071,MACRO,10 May 2015,RFQ,Galaxy A.G.,Al Dhafra - Subcontract - Galaxy,SUBCONTRACTS - GALAXY,Subcontract,Services,815147,USD, ,Quotation
10906,Q-515-V4251,MICRON,10 May 2015,IQ,Baku E.S.,Baku Engineering Supplies LTD,Supply Of Various Hand Tools (Beta And Caterpillar),Building Materials,Various,0,USD,Raquel I.,Quotation
10907,Q-1005-M4101,MICRON,10 May 2015,IQ,Abdul K.C.,Khas Kunar Project : W912ER-11-D0013 - 0003 [SUPPLY OF 15 NOS UNIT HEATERS],Supply Of  15 Nos Of Dimplex Units Heaters,Mechanical Items,Mechanical,4500,USD,Tamraz M.,Order
10908,Q-1005-F7000,MICRON,10 May 2015,IQ,Road a.R.,RRCC-Supply Of 225 Gallons Of DC315 Thermal Barrier-EX Herat,RRCC-Supply Of 225 Gallons Of DC315 Thermal Barrier,Firestop/ DC 315,Fire,13500,USD, ,Order
10909,Q-1005-V6803,MICRON,04 May 2015,IQ,Baku E.S.,BESL - MR 3938 - FITTING BAGS,FITTING BAGS,Building Materials,Various,12676,USD,Maricar I.,Quotation
10910,RFQ-982-1590A,MACRO,04 May 2015,RFQ,Tatekan C.a.,MFNDU - SUBCONTRACT - TATEKAN,SUBCONTRACT - TATEKAN,Subcontract,Services,9491023,USD, ,Order
10911,RFQ-982-1591A,MACRO,04 May 2015,RFQ,Fox L.a.,MFNDU - SUBCONTRACT - FOX,SUBCONTRACT - FOX,Subcontract,Services,7046365,USD, ,Order
10912,Q-1005-T1006,MICRON,04 May 2015,IQ,Baku E.S.,BESL - MR4178 - Various Tools,Various Tools,Tools,Tools,0,USD,Maricar I.,Quotation
10913,Q-1005-T1005,MICRON,04 May 2015,IQ,Baku E.S.,BESL - PO 2162015 - Denso Tape 50mm,Denso Tape,Tools,Tools,475,USD,Maricar I.,Order
10914,Q-1005-V6802,MICRON,04 May 2015,IQ,Baku E.S.,BESL - MR4161 - Gin Wheel Scaffolding,Gin Wheel Scaffolding,Building Materials,Various,2680,USD,Marman I.,Quotation
10915,RFQ-497-S9031,MACRO,04 May 2015,RFQ,Sohail M.C.,Delaram Fit Out_Change Order ORD573-714-2004-I : DFAC Service Area Fencing And Propane Gas Storage Canopy,Change Order ORD573-714-2004-I : DFAC Service Area Fencing And Propane Gas Storage Canopy,Construction,Services,48296,USD, ,Quotation
10916,Q-1005-M4000,MICRON,03 May 2015,IQ,Kandahar U.G.,Kandahar United Group,"Supply Of S Span Machine, Cladding Machine",Machine / Equipments,Mechanical,760000,USD,Raquel I.,Quotation
10917,Q-1005-T1004,MICRON,03 May 2015,IQ,Baku E.S.,"BESL - PO - BESL-02112015 - SUPPLY OF FLUKE METER, BOSCH LASER MEASURER, AIR FILTER","FLUKE METER, BOSCH LASER MEASURER, AIR FILTER",Tools,Tools,3400,USD,Maricar I.,Order
10918,RFQ-637-S9072,MACRO,03 May 2015,RFQ,Team f.R.,MOI-NPCC - RFP-0014; KN019 - Security Expansion_ECP Operations (ORD637-714-007-C),Change Order 637-714-007-C ; R00020 RFP-0014; KN019 - Security Expansion_ECP Operations,Subcontract,Services,367405.81,USD, ,Order
10919,Q-1005-E6801,MICRON,29 Apr 2015,IQ,Baku E.S.,"BESL - 4139 - SOLID WIRE, STICK ELECTRODE, AND FLUX CORE WIRE","SOLID WIRE, STICK ELECTRODE, AND FLUX CORE WIRE",Building Materials,Various,5207.25,USD,Marman I.,Quotation
10920,RFQ-637-S9072,MACRO,29 Apr 2015,RFQ,Mainawal R.,MOI-NPCC Construction Of Perimeter Fence As Part Of Expanded Security (CO-ORD637-714-2001-D),Change Order CO-ORD637-714-2001-D; MOI-NPCC Construction Of Perimeter Fence As Part Of Expanded Security,Fit Out Project,Architectural,1115.91,USD,Cecil R.,Order
10921,Q-1005-V4252,MICRON,29 Apr 2015,IQ,Baku E.S.,BESL - 4131 - Chain Pipe Clamp,Chain Pipe Clamp,Building Materials,Various,87068.25,USD,Maricar I.,Quotation
10922,Q-1005-A5301,MICRON,29 Apr 2015,IQ,Baku E.S.,BESL - MR2462 - White Contract Paint WCP-2 400ml,White Contract Paint WCP-2 400ml,Paints,Architectural,1580,USD,Marman I.,Quotation
10923,Q-1005-T1003,MICRON,29 Apr 2015,IQ,Baku E.S.,BESL - MR2459SDS - Metric Thickness Feeler Gauges,Metric Thickness Feeler Gauges,Tools,Tools,1135,USD,Maricar I.,Quotation
10924,Q-1005-E6800,MICRON,29 Apr 2015,IQ,Baku E.S.,BESL - 3 X 32A  110V  Plug-socket Extension (long) Type (yellow Color),PLUG-SOCKET,Electrical,Electrical,5500,USD,Maricar I.,Quotation
10925,RFQ-637-S9071,MACRO,28 Apr 2015,RFQ,Mainawal R.,MOI-NPCC Fit Out_Change Order 637-714-2001-E : RFP-0018 KN028 Removal Of Excess Soil.,Change Order 637-714-2001-E : R00024 RFP-0018 KN028 Removal Of Excess Soil.,Subcontract,Services,29794.78,USD, ,Order
10926,Q-1005-T1002,MICRON,28 Apr 2015,IQ,Baku E.S.,"BESL - MR4045 - Various Testers For Blotter, Impact Test","Various Testers For Blotter, Impact Test",Tools,Tools,6516.9,USD,Maricar I.,Quotation
10927,Q-1005-V4252,MICRON,28 Apr 2015,IQ,Baku E.S.,BESL - Corrosive Preventive And Grease,Corrosive Preventive And Grease,Misc.,Various,4803,USD,Marman I.,Quotation
10928,Q-1005-T1000,MICRON,28 Apr 2015,IQ,Baku E.S.,BESL - Hand Held GPS Sets And Alumicolor Drafting Fan,Hand Held GPS Sets And Alumicolor Drafting Fan,Tools,Tools,1960,USD,Raquel I.,Quotation
10929,Q-1005-V4251,MICRON,28 Apr 2015,IQ,Baku E.S.,BESL - SCPX(382) PARKER Coupling And Nipples,SCPX(382) PARKER Coupling And Nipples,Building Materials,Various,1384.75,USD,Marman I.,Quotation
10930,Q-1005-M4101,MICRON,28 Apr 2015,IQ,Baku E.S.,BESL - SUPPLY OF VALVES AND SEALANTS,VALVES AND SEALANTS,Building Materials,Various,1639.35,USD,Marman I.,Quotation
10931,Q-1005-V4251,MICRON,28 Apr 2015,IQ,Baku E.S.,Baku Engineering Supplies LTD,795 Pcs Eurosafe FFP3 Valved Particulate Respirator,PPE,Protection,2512.2,USD,Raquel I.,Order
10932,RFQ-637-1636,MACRO,26 Apr 2015,RFQ,Cala L.S.,MOI-NPCC Fit Out_Supply Of INTERIOR DOOR SIGNAGES,INTERIOR DOOR SIGNAGES,Building Materials,Various,8855,USD, ,Order
10933,Q-1005-1635,MICRON,26 Apr 2015,IQ,Desa I.,AIR FREIGHT FROM EX-GERMANY TO DWC,AIR FREIGHT FROM EX-GERMANY TO DWC,Transportation,Logistics,1448.4,USD, ,Order
10934,Q-415-1634,MICRON,26 Apr 2015,IQ,Ecc-i ,ECCI - Supply Of GE Contactor And Circuit Breaker,GE Contactor And Circuit Breaker,Electrical,Electrical,1450,USD,Maricar I.,Quotation
10935,RFQ-497-1633,MACRO,26 Apr 2015,RFQ,Falcon E.L.,Delaram Fit Out_Supply Of FUEL SUPPLIES PETROL AND DIESEL FOR JUBAILI AND MVL TANKS,FUEL SUPPLIES - Petrol And Diesel,Misc.,Various,29374.8,USD, ,Order
10936,Q-1005-1629,MICRON,23 Apr 2015,IQ,Access P.G.,Access Point Group,"K Span Machine, Cladding Machine",Machine / Equipments,Mechanical,760000,USD, ,Quotation
10937,RFQ-637-1622,MACRO,23 Apr 2015,RFQ,Hbcc -.H.,MOI-NPCC Fit Out_RFP0017; KN023 ? Descope Well Drilling And  Well House,Change Order 637-714-2005-A; RFP0017; KN023 ? Descope Well Drilling And  Well House,Subcontract,Services,0,USD, ,Order
10938,RFQ-573-1621,MACRO,23 Apr 2015,RFQ,Sohail M.C.,"Delaram Fit Out_Change Order ORD573-714-2004-H : BUILDING STAIRCASE 207 B, 370 B, AND BUILDING RAMP 207 A, 307 A, 807","Change Order ORD573 -714-2004-H : BUILDING STAIRCASE 207 B, 370 B, AND BUILDING RAMP 207 A, 307 A, 807",Construction,Services,20000,USD, ,Order
10939,RFQ-982-1620,MACRO,22 Apr 2015,RFQ,Abdul R.H.,Test,Test,Containers,Various,1,USD, ,Quotation
10940,RFQ-566-1618,MACRO,22 Apr 2015,RFQ,Endurance B.,Khas Khunar Fit Out_Supply Of ENDURANCE BIOBARRIER ZERO VOC ? NON TOXIC ANTI MOLD PROTECTION,ENDURANCE BIOBARRIER ZERO VOC ? NON TOXIC ANTI MOLD PROTECTION,Chemicals,Chemicals,675,USD, ,Order
10941,RFQ-781-1615,MACRO,20 Apr 2015,RFQ,Galaxy A.G.,Al Dhafra - Subcontract - Galaxy,SUBCONTRACTS - GALAXY,Subcontract,Services,815147,AED, ,Order
10942,RFQ-982-1614,MACRO,20 Apr 2015,RFQ,Yarash C.L.,MFNDU - SUBCONTRACTS - YARASH,SUBCONTRACTS - YARASH,Subcontract,Services,14764083,USD, ,Order
10943,Q-415-1612,MICRON,20 Apr 2015,IQ,Ecci ,"ECCI - Quotation For Blower, Silencer And Ecograph","Blower, Silencer And Ecograph",Mechanical Items,Mechanical,12705,USD,Maricar I.,Order
10944,RFQ-637-1607,MACRO,16 Apr 2015,RFQ,World G.E.,MOI NPCC Fit Out_Change Order 637-714-2004-C : Electrical Upgrade For MOI Auditorium (Bldg 326),Change Order 637-714-2004-C : Electrical Upgrade For MOI Auditorium (Bldg 326),Fit Out Project,Architectural,3680,USD, ,Order
10945,Q-415-1606,MICRON,16 Apr 2015,IQ,Al N.G.,AL NOUR GROUP COMPANY -Baghdad Iraq,"FrameCad Machine, Kspan Machine And Cladding Machine-EX DUBAI",,,760000,USD, ,Quotation
10946,RFQ-497-1604,MACRO,16 Apr 2015,RFQ,Haven F.&.,Delaram Fit Out_Supply Of LOOP CARDS AND MOTHER BOARDS FOR FIRE ALARM SYSTEM,LOOP CARDS AND MOTHER BOARDS FOR FIRE ALARM SYSTEM,Building Materials,Various,3750,AED, ,Order
10947,Q-415-1603,MICRON,15 Apr 2015,IQ,Road a.R.,RRCC-Supply Of 945 Gallons Of DC315 Thermal Barrier,945 Gallons Of DC315 Thermal Barrier,,,56700,USD, ,Order
10948,RFQ-497-1602,MACRO,15 Apr 2015,RFQ,Al T.E.,Delaram Fit Out_Supply Of Approved Thermostat - STEGO FZ011.01170.0-00,Approved Thermostat - STEGO FZ011.01170.0-00,Electrical,Electrical,960,AED, ,Order
10949,RFQ-1005-1601,MICRON,14 Apr 2015,IQ,Redland C.C.,SUPPLY OF FRP PIPES,FRP PIPES,Fit Out Project,Architectural,0,USD, ,Quotation
10950,RFQ-637-1600,MACRO,14 Apr 2015,RFQ,Medal B.E.,MOI-NPCC Fit Out_Supply Of TEX SCREW WITH EPDM WASHER - SDS ( Self Drilling Screw) 5.5 X 40mm,TEX SCREW WITH EPDM WASHER - SDS ( Self Drilling Screw) 5.5 X 40mm,Building Materials,Various,120,USD, ,Order
10951,RFQ-497-1599,MACRO,14 Apr 2015,RFQ,Haven F.&.,Delaram Fit Out_Supply Of MOTHERBOARD AND LOOP DRIVER CARD FOR COOPER FA PANELS PL#7,MOTHERBOARD AND LOOP DRIVER CARD FOR COOPER FA PANELS PL#7,Building Materials,Various,3750,AED, ,Quotation
10952,RFQ-982-1597,MACRO,13 Apr 2015,RFQ,Cala L.S.,MFNDU Fit Out_Supply Of PPE SAFETY MATERIALS,MFNDU - PPE SAFETY MATERIALS,Building Materials,Various,3804,USD, ,Order
10953,Q-415-1595,MICRON,12 Apr 2015,IQ,Trade l.S.,Trade Link Services,Supply Of 144 Sets If Lapolla Polyurethane Foam,,,288000,USD, ,Quotation
10954,Q-415-1593,MICRON,12 Apr 2015,RFQ,Desa I.,"AIR FREIGHT FROM EX-GERMANY TO DWC, DUBAI","AIR FREIGHT FROM EX-GERMANY TO DWC, DUBAI",,,2437.88,USD, ,Order
10955,RFQ-982-1592,MACRO,12 Apr 2015,RFQ,Macec -.M.,MFNDU - SUBCONTRACTS - MACEC,SUBCONTRACTS - MACEC,,,16063608,USD, ,Order
10956,RFQ-497-1587,MACRO,12 Apr 2015,RFQ,Haven F.&.,Delaram Fit Out_Supply Of ANALOGUE ADDRESSABLE HEAT DETECTOR C/W BASE,ANALOGUE ADDRESSABLE HEAT DETECTOR C/W BASE,Building Materials,Various,180,AED, ,Order
10957,RFQ-637-1586,MACRO,12 Apr 2015,RFQ,Wall S.G.,MOI-NPCC Fit Out _Supply Of Rental Vehicles (5 Months),Rental Vehicles (5 Months),Rental,Rental,11500,USD, ,Order
10958,RFQ-497-1585,MACRO,09 Apr 2015,RFQ,Haji G.S.,Delaram Fit Out_Supply Of ELECTRICAL PUNCH LIST # 7,ELECTRICAL PUNCH LIST # 7,Electrical,Electrical,6278.25,USD, ,Order
10959,Q-415-1584,MACRO,09 Apr 2015,IQ,Mvl G.,TRADING,MICRON MAIN,,,0,USD,Abie M.,Order
10960,Q-415-1582,MACRO,09 Apr 2015,IQ,Global D.L.,Delaram Fit Out_Surplus Materials For Lot 1-4,Surplus Materials For Lot 1-4,,,0,USD, ,Quotation
10961,Q-415-1581,MACRO,08 Apr 2015,IQ,The V.C.,Al Dhafra - W912ER-11-C-0039 - 15% Payment For Honeywell And 20% MVL Fee,Al Dhafra - W912ER-11-C-0039 - 15% Payment For Honeywell And 20% MVL Fee,,,86530.61,USD, ,Quotation
10962,Q-415-1579,MICRON,08 Apr 2015,IQ,Padena H.,Padena Hoor,Supply Of DC68 Fabric Spray,,,354525,USD,Azim R.,Quotation
10963,RFQ-637-1577,MACRO,07 Apr 2015,RFQ,Mainawal R.,MOl NPCC Fit Out_Change Order 637-714-2001-C : FIRE BARRIER,Change Order 637-714-2001-C : R00016 FIRE BARRIER,Subcontract,Services,11696.4,USD, ,Order
10964,RFQ-637-1576,MACRO,07 Apr 2015,RFQ,Mainawal R.,MOl NPCC Fit Out_637-714-2001-B : KN018 - Potable Water System And Water Hydrants,Change Order 637-714-2001-B : R00019 KN018 - Potable Water System And Water Hydrants,Subcontract,Services,575481,USD, ,Order
10965,RFQ-637-1575,MACRO,07 Apr 2015,RFQ, ,Kabul Fit Out_RFP-010; KN015 : Electrical Upgrade For MOI Auditorium (Bldg 326),RFP-0010; KN015 : Electrical Upgrade For MOI Auditorium (Bldg 326),,,0,USD, ,Cancled
10966,RFQ-637-1574,MACRO,07 Apr 2015,RFQ,Abdul K.C.,MOI NPCC Fit Out_Change Order 637-714-2003-A : Terrazzo Tile Base At Stair Locations,Change Order 637-714-2003-A & E: R00018 Terrazzo Tile Base At Stair Locations,Subcontract,Services,45000,USD, ,Order
10967,RFQ-566-1573,MACRO,07 Apr 2015,RFQ, ,Khas Kunar Fit Out_Change Order ORD578-714-2004-C: Communication System Building 801,Change Order ORD578-714-2004-C: Communication System Building 801,Subcontract,Services,26000,USD, ,Order
10968,RFQ-566-1572,MACRO,07 Apr 2015,RFQ,Redland C.C.,Khas Kunar Fit Out_Change Order ORD578-714-2004-B : Vehicle Entrance Ramp,Change Order ORD578-714-2004-B : Vehicle Entrance Ramp,Fit Out Project,Architectural,46000,USD, ,Order
10969,RFQ-566-1571,MACRO,07 Apr 2015,RFQ,Faizi M.C.,Khas Kunar Fit Out_Change Order ORD578-714-2001-B : Parade Review Stand,Change Order ORD578-714-2001-B : Parade Review Stand,Fit Out Project,Architectural,49896,USD, ,Order
10970,RFQ-566-1570,MACRO,07 Apr 2015,RFQ,Akbar M.G.,Khas Kunar Fit Out_Supply Of Walk In Freezer And Walk Chiller,WALK IN FREEZER AND WALK CHILLER,Building Materials,Various,77000,USD, ,Order
10971,Q-415-1569,MICRON,06 Apr 2015,IQ,Abdul K.C.,NPCC Fit Out_AKCC - Supply Of 14 Nos Of Stainless Steel Kitchen Hood,14 Nos Of Stainless Steel Kitchen Hood,,,58902,USD, ,Quotation
10972,RFQ-573-1568,MACRO,06 Apr 2015,RFQ,Tatekan C.a.,Delaram Fit Out_Landscaping [Hard Elements And Pebbles] Flag Poles,Landscaping [Hard Elements And Pebbles] Flag Poles,Fit Out Project,Architectural,21835.7,USD, ,Order
10973,Q-415-1567,MICRON,06 Apr 2015,IQ,Kamal b.C.,Delaram Fit Out - KBCC - Supply Of Gravity Shutter With Aluminum Insect Screen,Gravity Shutter With Aluminum Insect Screen,,,2780,USD,Maricar I.,Order
10974,RFQ-573-1566,MACRO,06 Apr 2015,RFQ,Sohail M.C.,Delaram Fit Out_Change Order ORD573-714-2004-G : Site Work-Backup Generator Canopy And Fencing,Change Order ORD573-714-2004-G : Site Work-Backup Generator Canopy And Fencing,Construction,Services,45346,USD, ,Order
10975,Q-415-1565,FIRESTOP,06 Apr 2015,IQ,Fan E.A.,Hospital Project In Kuwait,DC333 Intumescent Fireproof Primer,,,173550,USD,Azim R.,Quotation
10976,Q-415-1564,MICRON,06 Apr 2015,IQ,Macec G.O.,MACEC - Supply Of 5 Gallons Of DC315 Thermal Barrier,DC315 Thermal Barrier,,,325,USD, ,Order
10977,Q-415-1563,MICRON,05 Apr 2015,IQ,Shahzad S.C.,Various Projects - Supply Of 25000 Gals DC315 Thermal Fire Barrier,25000 Gals DC315 Thermal Barrier,,,1400000,USD,Admin ,Order
10978,RFQ-637-1562,MACRO,02 Apr 2015,RFQ,World G.E.,Kabul Fit Out_Change Order 637-714-2004-B : ADDITIONS TO SOW - HELIPAD,Change Order 637-714-2004-B : ADDITIONS TO SOW - HELIPAD,Fit Out Project,Architectural,310098.66,USD, ,Order
10979,RFQ-637-1561,MACRO,02 Apr 2015,RFQ,World G.E.,"Kabul Fit Out_Change Order 637-714-2004-A : Anchor Bolt, Terrazo Tiles & Demolition And Disposal Of Temporary ECP","Change Order 637-714-2004-A : Anchor Bolt, Terrazo Tiles & Demolition And Disposal Of Temporary ECP",Fit Out Project,Architectural,140850,USD, ,Order
10980,RFQ-497-1560,MACRO,01 Apr 2015,RFQ,Haji G.S.,Delaram Fit Out_Supply Of PL#07 EXPLOSION PROOF JUNCTION BOX 3/4 INCH THREAD 4 HOLES AS PER ATTACHED DATA SHEET,PL#07-EXPLOSION PROOF JUNCTION BOX 3/4 INCH THREAD 4 HOLES AS PER ATTACHED DATA SHEET,Electrical,Electrical,1125,USD, ,Order
10981,Q-415-1559,MICRON,01 Apr 2015,IQ,Faizi M.C.,Khaskunar Project : W912ER-11-D0013-0003 [SUPPLY OF 10 NOS UNIT HEATERS],Supply Of Dimplex Unit Heaters,,,2420,USD, ,Order
10982,Q-315-1558,MICRON,30 Mar 2015,IQ,Kamal b.C.,Delaram Fit Out_Supply Of Explosion Proof Thermostat - 862E,Explosion Proof Thermostat - 862E (Spares),,,2260,USD,Maricar I.,Order
10983,RFQ-566-1557,MACRO,29 Mar 2015,RFQ,Haji G.S.,Khas Khunar Fit Out_Supply Of FRANCIS SEARCHLIGHT FR300C MODEL A4826 HANDLE 2100MM,GUARD TOWER  SEARCHLIGHT FR300C MODEL A4826 HANDLE 2100MM,Electrical,Electrical,30100,USD, ,Order
10984,Q-315-1556,MICRON,29 Mar 2015,IQ,Faizi M.C.,FMCC - Transportation Of Cables From Istanbul Turkey To Khaskunar Project Site,Transportation Of 336 MT (Metric Ton) Cables,,,280000,USD, ,Order
10985,RFQ-573-1555,MACRO,29 Mar 2015,RFQ,Ulusoy E.&.,Delaram Fit Out_Supply Of SWITCH GEAR COMPOUND COMPLETE SET,SWITCH GEAR COMPOUND COMPLETE SET,,,1993.06,USD, ,Order
10986,Q-315-1554,MICRON,29 Mar 2015,IQ,Faizi M.C.,K2 Project-Khaskunar,Supply Of Dimplex Unit Heaters,,,600,USD, ,Quotation
10987,Q-315-1552,MICRON,26 Mar 2015,IQ,Habile B.C.,MOI-NPCC Kabul,HVAC And Eyeswash Station,,,4921,USD, ,Quotation
10988,Q-315-1551,MICRON,26 Mar 2015,IQ,Fox L.a.,NPCC Fit Out_FOX - Supply Of Electric Duct Heater - VEAB,Electric Duct Heater - VEAB,,,17874,USD, ,Quotation
10989,RFQ-573-1550,MACRO,25 Mar 2015,RFQ,Panel T.E.,Delaram Fit Out_Supply To KBCC - CHEMICAL BLDG ELEC. MATERIALS,KBCC - CHEMICAL BLDG ELEC. MATERIALS,Building Materials,Various,5756.5,USD, ,Order
10990,Q-315-1549,MICRON,25 Mar 2015,IQ,Habile B.C.,MOI-NPCC-Kabul,Gravity Shutters,,,0,USD,Raquel I.,Quotation
10991,Q-315-1548,MICRON,24 Mar 2015,IQ,Habile B.C.,"MOI-NPCC, Kabul",Ex.Proof Unit Heaters,,,32500,USD, ,Quotation
10992,Q-315-1547,MICRON,24 Mar 2015,IQ,Merit E.C.,Khaskunar Project : W912ER - 11 -D0013 0003 [SUPPLY OF 10 NOS UNIT HEATERS],Supply Of 10 Pcs ACN3N Dimplex Unit Heaters,,,2000,USD,Raquel I.,Order
10993,Q-315-1546,MACRO,24 Mar 2015,IQ,Mvl G.,Fit Out Qargha - W5J9JE-15-C-0004 - Construction Of The Marshall Fahim National Defense University (MFNDU),Fit Out Qargha - W5J9JE-15-C-0004 - Construction Of The Marshall Fahim National Defense University (MFNDU),,,0,USD,Abie M.,Order
10994,Q-315-1545,MICRON,24 Mar 2015,IQ,Road a.R.,RRCC - Supply Of 1000 Gals DC315 - Ex Works Herat,1000 Gallons Of DC315 Thermal Barrier,,,60000,USD, ,Order
10995,Q-315-1544,MICRON,23 Mar 2015,IQ,Habile B.C.,"MOI-NPCC , Kabul",Inline Centrifugal Fans - TCF,,,16309,USD, ,Quotation
10996,Q-315-1543,MICRON,23 Mar 2015,IQ,Kamal b.C.,KBCC - Delaram Fit Out  - Supply Of Detention Cell Toilet Fixtures,DETENTION CELL TOILET FIXTURES,,,28900,USD,Maricar I.,Order
10997,Q-315-1540,MICRON,22 Mar 2015,IQ,Kamal b.C.,KBCC - Delaram Fit Out - SUPPLY OF DETENTION CELL LIGHTING FIXTURES - D & D2,DETENTION CELL LIGHTING FIXTURES - D & D2,,,11275.5,USD,Maricar I.,Order
10998,RFQ-573-1538,MACRO,19 Mar 2015,RFQ,Elia T.C.,Delaram Fit Out_Translation Of O & M Construction Manuals - Dari & Pashto,Translation Of O&M Construction Manuals - Dari & Pashto,Misc.,Various,11264,USD, ,Order
10999,RFQ-573-1537,MACRO,19 Mar 2015,RFQ,United C.&.,Delaram Fit Out_Supply Of Whole EPDM Waterproofing System ORGANIX,Whole EPDM Waterproofing System ORGANIX,Building Materials,Various,2490,USD, ,Order
11000,RFQ-497-1536,MACRO,19 Mar 2015,RFQ,Panel T.E.,Delaram Fit Out_Supply Of Electrical Panel Board 300A (200x100x35 Cm),Electrical Panel Board 300A (200x100x35 Cm),Building Materials,Various,3000,USD, ,Order
11001,Q-315-1534,MICRON,19 Mar 2015,IQ,Kamal b.C.,Delaram - Supply Of Door Lighting Fixture - C,Door Lighting Fixture - C,,,7560,USD,Maricar I.,Order
11002,Q-315-1533,MICRON,18 Mar 2015,IQ,Desa I.,SEA FREIGHT FROM SHANGHAI TO SHARJAH,SEA FREIGHT FROM SHANGHAI TO SHARJAH,,,882.6,USD,Tamraz M.,Order
11003,Q-315-1532,MICRON,18 Mar 2015,IQ,Sohail M.C.,SMCC - SUPPLY OF Various Materials,SMCC - SUPPLY OF Various Materials,,,3875,USD,Maricar I.,Quotation
11004,RFQ-497-1529,MACRO,18 Mar 2015,RFQ,Haji G.S.,Delaram Fit Out_Supply Of PL #6 ADDITIONAL ELECTRICAL MATERIALS,PL #6 ADDITIONAL ELECTRICAL MATERIALS,Electrical,Electrical,2346.5,USD, ,Order
11005,Q-315-1527,MICRON,17 Mar 2015,IQ,Kamal b.C.,KBCC - Supply Of Lighting Fixture G And G2,Lighting Fixture G And G2 (Frater),,,1022,USD,Maricar I.,Order
11006,RFQ-497-1526,MACRO,17 Mar 2015,RFQ,Panel T.E.,Delaram Fit Out_Supply Of PL #6 METAL BOX FOR VIKO RECEPTACLE (SAME AS SUPPLIED BEFORE),PL #6 METAL BOX FOR VIKO RECEPTACLE (SAME AS SUPPLIED BEFORE),Building Materials,Various,285,USD, ,Order
11007,RFQ-497-1524,MACRO,17 Mar 2015,RFQ,United C.&.,Delaram Fit Out Supply Of PL #6 DOUBLE ROBE HOOK RAK 21005 KLUDIRAK CALIBER,PL #6 DOUBLE ROBE HOOK RAK 21005 KLUDIRAK CALIBER,Building Materials,Various,640,USD, ,Order
11008,RFQ-573-1522,MACRO,15 Mar 2015,RFQ,Rubaiya Z.B.,Delaram Fit Out_Supply Of INCINERATOR OFFLOAD PUMP TRANSFER MATERIALS - SEAMLESS PIPE,INCINERATOR OFFLOAD PUMP TRANSFER MATERIALS - SEAMLESS PIPE,Building Materials,Various,17490,AED, ,Order
11009,Q-315-1520,MICRON,12 Mar 2015,IQ,Kamal b.C.,SUPPLY OF SAND TRAP LOUVER AND GRILL REGISTER,SAND TRAP LOUVER AND GRILL REGISTER,,,6293,USD,Maricar I.,Order
11010,RFQ-573-1519,MACRO,11 Mar 2015,RFQ,Jubaili B.L.,Delaram Fit Out_Supply Of MV Switch 24KV With Fuse Base 200A,MV Switch 24KV With Fuse Base 200A,Electrical,Electrical,5400,USD, ,Quotation
11011,Q-315-1518,MICRON,11 Mar 2015,IQ,Kamal b.C.,SUPPLY OF BACK FLOW PREVENTER AND FLOOR DRAINS,BACK FLOW PREVENTER AND FLOOR DRAINS,,,3875,USD,Maricar I.,Order
11012,RFQ-497-1517,MACRO,11 Mar 2015,RFQ,Cala L.S.,Delaram Fit Out Supply Of ADDITIONAL CONCERTINA WIRE FOR FENCES 2ND ORDER,ADDITIONAL CONCERTINA WIRE FOR FENCES 2ND ORDER,Building Materials,Various,612,USD, ,Order
11013,Q-315-1516,MICRON,10 Mar 2015,IQ,Kamal b.C.,KBCC,Explosion Proof Fire Alarm System,,,130140,USD, ,Cancled
11014,Q-315-1515,MICRON,10 Mar 2015,IQ,Kamal b.C.,KBCC - SUPPLY OF EYE/FACE STATION AND THERMOSTAT,FACE/EYE STATION AND THERMOSTAT,,,810,USD,Maricar I.,Order
11015,RFQ-497-1513,MACRO,09 Mar 2015,RFQ,Glen D.I.,Delaram Fit Out_Supply UNIT HEATER HEATER GLEN DIMPLES AC3N,UNIT HEATER HEATER GLEN DIMPLES AC3N,Mechanical Items,Mechanical,1786.05,GBP, ,Order
11016,RFQ-573-1512,MACRO,08 Mar 2015,RFQ,Prime S.I.,Delaram Fit Out_Supply INCINERATOR OFFLOAD PUMP TRANSFER MATERIALS - FOAM BLOCK - CENTRALIZER FOR FRP,INCINERATOR OFFLOAD PUMP TRANSFER MATERIALS - FOAM BLOCK - CENTRALIZER FOR FRP ( 4 IN. PIPE INSERT),Building Materials,Various,9640,AED, ,Order
11017,Q-315-1510,MICRON,08 Mar 2015,IQ,Redland C.C.,REDLAND - Supply Of INCINERATOR AREA MATERIALS - FRP Pipes And Fittings,INCINERATOR AREA MATERIALS - FRP Pipes And Fittings,,,8258.2,USD,Mahesh B.,Order
11018,Q-315-1509,MICRON,08 Mar 2015,IQ,Redland C.C.,Delaram - Supply Of ZIP TYPE WRAP AROUND CABLE REPAIR SLEEVE CRSM 107/29-1500,ZIP TYPE WRAP AROUND CABLE REPAIR SLEEVE CRSM 107/29-1500,,,217,USD,Maricar I.,Order
11019,RFQ-573-1508,MACRO,05 Mar 2015,RFQ,Future P.I.,Delaram Fit Out - Supply Of INCINERATOR OFFLOAD PUMP TRANSFER MATERIALS - FRP PIPES AND FITTINGS,INCINERATOR OFFLOAD PUMP TRANSFER MATERIALS - FRP PIPES AND FITTINGS,Building Materials,Various,9238.76,USD, ,Order
11020,Q-315-1507,MICRON,05 Mar 2015,IQ,Kamal b.C.,Supply Of 1 No. Electric Water Heater - 500 Ltrs Capacity,1 No. Electric Water Heater - 500 Ltrs Capacity,,,1100,USD,Mahesh B.,Order
11021,RFQ-497-1506,MACRO,05 Mar 2015,RFQ,Al K.G.,Delaram Fit Out_Supply Of 3000 Watt Dimmer Switches For Fans (SAME AS SUPPLIED BEFORE) PL 4,3000 Watt Dimmer Switches For Fans (SAME AS SUPPLIED BEFORE) PL 4,Electrical,Electrical,1700,USD, ,Order
11022,RFQ-573-1505,MACRO,05 Mar 2015,RFQ,Consort A.H.,Delaram Fit Out_Supply Of  SPARES - STEEL DOOR ACCESSORIES,SPARES - STEEL DOOR ACCESSORIES,Doors,Architectural,600,AED, ,Order
11023,RFQ-497-1504,MACRO,04 Mar 2015,RFQ,Cala L.S.,Delaram Fit Out_Supply Of ADDITIONAL CONCERTINA WIRE FOR FENCES,ADDITIONAL CONCERTINA WIRE FOR FENCES,Building Materials,Various,378,USD, ,Order
11024,RFQ-573-1503,MACRO,04 Mar 2015,RFQ,Medal B.E.,Delaram Fit Out_Supply Of WOODEN RACK FOR WEAPONS (AS PER APPROVED DRAWING),WOODEN RACK FOR WEAPONS (AS PER APPROVED DRAWING),Building Materials,Various,19950,USD, ,Order
11025,RFQ-566-1501,MACRO,04 Mar 2015,RFQ,Faizi M.C.,Khas Khunar Fit Out_Supply Of Utilities Waste Water Treatment,Change Order ORD578-714-2001-A : Utilities Waste Water Treatment,Fit Out Project,Architectural,150000,USD, ,Order
11026,Q-315-1496,MICRON,04 Mar 2015,IQ,Abdul K.C.,Khas Kunar - Supply Of 10 NOS GUARD TOWER SEARCHLIGHTS,10 NOS GUARD TOWER SEARCHLIGHTS,,,27000,USD,Maricar I.,Order
11027,RFQ-573-1495,MACRO,04 Mar 2015,RFQ,Redland C.C.,Delaram Fit Out_Supply & Installation Of Elec. Works And Installation Of Fuel Pipe System For Incinerator Area,Change Order ORD573-714-2005-C : Supply & Installation Of Elec. Works And Installation Of Fuel Pipe System For Incinerator Area,Fit Out Project,Architectural,45832.42,USD, ,Order
11028,RFQ-497-1494,MACRO,04 Mar 2015,RFQ,Pelsan E.S.,Delaram Fit Out_Supply Of CHEMICAL BUILDING AND PL 4 ELECTRICAL MATERIAL [LIGHTING FIXTURE B & B2],CHEMICAL BUILDING AND PL 4 ELECTRICAL MATERIAL [LIGHTING FIXTURE B & B2],Electrical,Electrical,2994.7,USD, ,Order
11029,RFQ-497-1493,MACRO,03 Mar 2015,RFQ,Cala L.S.,"Delaram Fit Out_Supply Of 4TH PUNCHLIST - GI PLAIN SHEET,  M10 ANCHOR BOLT AND CE170A TONER","4TH PUNCHLIST - GI PLAIN SHEET,  M10 ANCHOR BOLT AND CE170A TONER",Building Materials,Various,1168.5,USD, ,Order
11030,Q-315-1492,MICRON,03 Mar 2015,IQ,Rimal I.S.,Midfield Terminal Buidling,"INSS1140 Fire Barrier Caulk (10,000 Tubes)",,,330000,AED, ,Quotation
11031,Q-315-1490,MICRON,02 Mar 2015,IQ,Abdul K.C.,AKCC (MOI),Supply Of 112 Pcs Of Legrand Floor Box,,,13160,USD, ,Quotation
11032,RFQ-573-1489,MACRO,02 Mar 2015,RFQ,Ruya P.V.,Delaram Fit Out_Supply Of SPARES - DOOR ACCESSORIES ALUMINUM DOOR AND PVC DOOR,SPARES - DOOR ACCESSORIES ALUMINUM DOOR AND PVC DOOR,Doors,Architectural,12010.4,USD, ,Order
11033,RFQ-573-1488,MACRO,02 Mar 2015,RFQ,Rubaiya Z.B.,Delaram Fit Out_Supply Of SPARES PLUMBING MATERIALS [GI MI CPVC FITTINGS],SPARES - PLUMBING MATERIALS [GI MI CPVC FITTINGS],Building Materials,Various,554,AED, ,Order
11034,RFQ-573-1487,MACRO,01 Mar 2015,RFQ,Bristol F.E.,"Delaram Fit Out_Supply Of SPARES - Fire Extinguishers, Dry Chemical Type, 4.5 Kg, Ref FE","SPARES - Fire Extinguishers, Dry Chemical Type, 4.5 Kg, Ref FE",Building Materials,Various,1870,AED, ,Order
11035,Q-315-1486,MICRON,01 Mar 2015,IQ,Bait A.N.,Bait Al Nokhada Tents & Fabric Shade LLC,DC68 Fabric Spray,,,23920,AED, ,Quotation
11036,RFQ-497-1484,MACRO,01 Mar 2015,RFQ,Ruya P.V.,Delaram Fit Out_Supply Of ADDITIONAL DOOR HARDWARE 3RD PUNCHLIST,ADDITIONAL DOOR HARDWARE 3RD PUNCHLIST,Doors,Architectural,4197,USD, ,Order
11037,RFQ-573-1483,MACRO,01 Mar 2015,RFQ,United C.&.,Delram Fit Out_Supply Of SPARES  CLEANOUT STRAIGHT - 3 INCHES OATEY 74217,SPARES  CLEANOUT STRAIGHT - 3 INCHES OATEY 74217,Building Materials,Various,465,USD, ,Order
11038,RFQ-497-1482,MACRO,01 Mar 2015,RFQ,Reliable C.F.,Delaram Fit Out_Supply Of Flexible Conduit Connection 3/4 Inch,Flexible Conduit Connection 3/4 Inch,Electrical,Electrical,324,USD, ,Order
11039,RFQ-573-1481,MACRO,26 Feb 2015,RFQ, ,Delaram Fit Out_Supply To KBCC - CHEMICAL BLDG ELEC. MATERIALS,KBCC - CHEMICAL BLDG ELEC. MATERIALS,Fit Out Project,Architectural,5756.5,USD,Rufino S.J.,Order
11040,Q-215-1479,MICRON,26 Feb 2015,IQ,Al S.C.,Al Sahel Contracting Co. LLC,Supply Of INSS1440,,,17766,AED, ,Quotation
11041,RFQ-573-1478,MACRO,25 Feb 2015,RFQ,Milli F.,Delaram Fit Out_Supply Of SPARES - PLUMBING MATERIALS [UPVC & PVC FITTINGS],SPARES - PLUMBING MATERIALS [UPVC & PVC FITTINGS],Building Materials,Various,341.65,USD, ,Order
11042,RFQ-573-1477,MACRO,25 Feb 2015,RFQ,Aw R.L.,Delaram Fit Out_Supply Of SPARES - INCANDESCENT ONE PIECE WITH APPROVED LENS STABILIZED HIGH IMPACT POLY CARBONATE (100W),SPARES - INCANDESCENT ONE PIECE WITH APPROVED LENS STABILIZED HIGH IMPACT POLY CARBONATE (100W),Electrical,Electrical,8250,AED, ,Order
11043,Q-215-1476,MICRON,25 Feb 2015,IQ,Tk I.F.,TK International FZE,Supply Of 6 Pails Of DC6150 Cable Coating,,,3150,USD, ,Quotation
11044,RFQ-497-1475,MACRO,25 Feb 2015,RFQ,Accura ,Delaram Fit Out_Supply Of ALUMINUM FILTER 18 SQ.M,ALUMINUM FILTER 18 SQ.M,,,4250,AED, ,Order
11045,RFQ-497-1474,MACRO,25 Feb 2015,RFQ,Nuween G.c.,Delaram Fit Out_Supply Of  ADDITIONAL MATERIALS FOR FENCES,ADDITIONAL MATERIALS FOR FENCES,Construction,Services,17850,USD, ,Order
11046,Q-215-1473,MICRON,24 Feb 2015,IQ,Hybrid C.,Hybrid Chemicals,Firestop Materials,,,221600,USD, ,Quotation
11047,Q-215-1472,MICRON,24 Feb 2015,IQ,Merit E.C.,Khaskunar Project : W912ER - 11 - D0013 0003 [SUPPLY OF 344 NOS UNIT HEATERS],Supply Of 344 NOS Dimplex Unit Heaters,,,68800,USD,Mahesh B.,Order
11048,Q-215-1471,MICRON,24 Feb 2015,IQ,Sabawoon S.C.,Khaskunar Project : W912ER - 11 -D0013 0003 [SUPPLY OF 646 NOS UNIT HEATERS],Supply Of 646 Nos Dimplex Unit Heaters,,,129200,USD,Mahesh B.,Order
11049,Q-215-1470,MICRON,24 Feb 2015,IQ,Abdul K.C.,Khaskunar Project : W912ER-11-D0013 - 0003 [SUPPLY OF 425 NOS UNIT HEATERS],Supply Of  425 Nos Of Dimplex Units Heaters,,,85000,USD,Mahesh B.,Order
11050,RFQ-497-1469,MACRO,24 Feb 2015,RFQ,Frank S.M.,Delaram Fit Out_Supply Of  LEADED SINGLE WOODEN DOORS,LEADED SINGLE WOODEN DOORS,Building Materials,Various,10700,AED, ,Order
11051,RFQ-573-1468,MACRO,24 Feb 2015,RFQ,United C.&.,Delaram Fit Out_Supply Of SPARES - PLUMBING (SANITARY WARES),SPARES - PLUMBING (SANITARY WARES),Building Materials,Various,3143,USD, ,Order
11052,RFQ-573-1467,MACRO,23 Feb 2015,RFQ,Ikizler A.A.,Delaram Fit Out_Supply Of SPARES - IKIZLER EXIT SIGN (SAME AS SUPPLIED BEFORE),SPARES - IKIZLER EXIT SIGN (SAME AS SUPPLIED BEFORE),Electrical,Electrical,2342.3,EURO, ,Order
11053,RFQ-573-1466,MACRO,23 Feb 2015,RFQ,World B.G.,Delaram Fit Out_Supply Of SPARES - THERMOSTAT N/C+N/O FZK011.,SPARES - THERMOSTAT N/C+N/O FZK011.,Electrical,Electrical,1743,AED, ,Order
11054,RFQ-573-1465,MACRO,23 Feb 2015,RFQ,Tic L.E.,Delaram Fit Out_Supply Of SPARES - DECO LIGHTING FIXTURE EMERGENCY BATTERY PACK (B) DCX-1236-WH2250 (as Per Approved Data Sheet Of Deco Emergency Light),SPARES - DECO LIGHTING FIXTURE EMERGENCY BATTERY PACK (B) DCX-1236-WH2250 (as Per Approved Data Sheet Of Deco Emergency Light),Electrical,Electrical,5882.97,USD, ,Order
11055,RFQ-497-1464,MACRO,23 Feb 2015,RFQ,Panel T.E.,"Delaram Fit Out_Supply Of 100x40mm, PERFORATED CABLE TRAY, PREGALVANIZED","100x40mm, PERFORATED CABLE TRAY, PREGALVANIZED",Building Materials,Various,3118,USD, ,Order
11056,RFQ-573-1463,MACRO,22 Feb 2015,RFQ,Junaid S.E.,Delaram Fit Out_Supply Of SPARES - JOMIX LION SERIES CP SINK MIXER - WALL MOUNTED /LONG NECK L 6012,SPARES - JOMIX LION SERIES CP SINK MIXER - WALL MOUNTED /LONG NECK L 6012,Sanitary and Toilet Accessories,Architectural,4020,AED, ,Order
11057,RFQ-573-1462,MACRO,22 Feb 2015,RFQ,Haven F.&.,Delaram Fit Out_Supply Of SPARES - Analogue Addressable Optical Smoke Detector C/w Base CAP320+CAB3000,SPARES - Analogue Addressable Optical Smoke Detector C/w Base CAP320+CAB3000,Building Materials,Various,11235,AED, ,Order
11058,RFQ-573-1461,MACRO,22 Feb 2015,RFQ, ,Delaram Fit Out_Additional Pipe And Fittings For The Incinerator Area,Additional Pipe And Fittings For The Incinerator Area,Electrical,Electrical,79966,USD, ,Order
11059,RFQ-573-1460,MACRO,22 Feb 2015,RFQ,Cala L.S.,Delaram Fit Out_Supply Of  SPARES - WALL MOUNTED SINK MIXER/SHORT NECK,SPARES - WALL MOUNTED SINK MIXER/SHORT NECK,Building Materials,Various,1134,USD, ,Order
11060,Q-215-1459,MICRON,22 Feb 2015,IQ,Redland C.C.,Khaskunar Project : W912ER - 11 -D0013 0003 [SUPPLY OF 544 NOS UNIT HEATERS],Supply Of 544 Nos Dimplex Unit Heaters,,,108800,USD,Mahesh B.,Order
11061,RFQ-573-1458,MACRO,22 Feb 2015,RFQ,Gulf O.L.,Delaram Fit Out_Supply Of SPARES - TWISTED LAMP. TORNADO. PHILIPS BRAND 42W WW E27 220-240V,SPARES - TWISTED LAMP. TORNADO. PHILIPS BRAND 42W WW E27 220-240V,Electrical,Electrical,27268.5,AED, ,Order
11062,RFQ-497-1457,MACRO,22 Feb 2015,RFQ,Century M.S.,Delaram Fit Out Supply Of EXCEL CLEAT ANGLE  (20mm),EXCEL CLEAT ANGLE  (20mm) CONNECTOR,Building Materials,Various,2250,AED, ,Order
11063,Q-215-1456,MICRON,22 Feb 2015,IQ,Kamal b.C.,Delaram - Supply Of CEILING FAN AND MK SWITCH,CEILING FAN AND MK SWITCH,,,1064.6,USD,Maricar I.,Order
11064,RFQ-497-1455,MACRO,22 Feb 2015,RFQ,Medal B.E.,Delaram Fit Out_Supply Of Nurses Cabinet 138 (Cabinet  With Counter-top Stone),Nurses Cabinet 138 (Cabinet  With Counter-top Stone),Building Materials,Various,550,USD, ,Order
11065,Q-215-1454,MICRON,19 Feb 2015,IQ,Desa I.,"Transportation Of 1 X 40?GP ( EXW- Schwabach D-91126, Germany ? CPT- Port Khalid, UAE)","Transportation Of 1 X 40?GP ( EXW- Schwabach D-91126, Germany ? CPT- Port Khalid, UAE)",,,3000,USD,Tamraz M.,Order
11066,RFQ-497-1453,MACRO,19 Feb 2015,RFQ,Smka E.L.,Delaram Fit Out_Supply Of PUNCH LIST 3 MK SWITCH,PUNCH LIST 3 MK SWITCH,Electrical,Electrical,4459,AED, ,Order
11067,RFQ-497-1452,MACRO,19 Feb 2015,RFQ,Medal B.E.,Delaram Fit Out_Supply Of Nurses Cabinet 138 (Cabinet  With Countertop Stone,Nurses Cabinet 138 (Cabinet  With Countertop Stone,Building Materials,Various,550,USD, ,Quotation
11068,RFQ-497-1451,MACRO,19 Feb 2015,RFQ,Al F.P.,Delram Fit Out_Supply Of ADDITIONAL CEILING FAN 5 SPEED PANASONIC MODEL F56MZ2,ADDITIONAL CEILING FAN 5 SPEED PANASONIC MODEL F56MZ2,Mechanical Items,Mechanical,3925,AED, ,Order
11069,RFQ-497-1450,MACRO,18 Feb 2015,RFQ,Sahari G.o.,Delaram Fit Out Supply Of DURO DYNE FLEXIBLE CONNECTOR (100 FFET),DURO DYNE FLEXIBLE CONNECTOR (100 FFET),,,500,AED, ,Order
11070,Q-215-1448,MICRON,18 Feb 2015,IQ,Bhcc ,"ANCOP Camp Tombstone, Contract T No: W5J9JE 15-C 0001 0002 - Supply Of 1500 Gals DC315 [Ex-Work Herat]",Supply Of 1500 Gallons Of DC315 Thermal Barrier,,,90000,USD, ,Order
11071,Q-215-1447,MICRON,18 Feb 2015,IQ,Bhcc ,"ANCOP Nad Ali, Contract No.W5J9JE15 C000 10001 - Supply Of 1500 Gals DC315 [Ex Work Herat]",Suppy Of  1500 Gallons Of DC315 Thermal Barrier,,,90000,USD, ,Order
11072,Q-215-1446,MICRON,18 Feb 2015,IQ,Abdul K.C.,Abdul Kabir Construction Company,54 Pcs Of Fire Extinguishers,,,6048,USD, ,Cancled
11073,RFQ-497-1445,MACRO,17 Feb 2015,RFQ,Reliable C.F.,Delaram Fit Out_Supply Of KIMMCO INSULATION MATERIALS AND EMT STRAP 3/4 INCHES ALEX BRAND UL LISTED,KIMMCO INSULATION MATERIALS AND EMT STRAP 3/4 INCHES ALEX BRAND UL LISTED,Electrical,Electrical,2365,USD, ,Order
11074,RFQ-497-1442,MACRO,16 Feb 2015,RFQ,Khan E.C.,"Delaram Fit Out_Supply Of TAIL PIPE SUPPORT, HVAC FRAME AND ALUMINUM TAPE FOR DUCT INSULATION","TAIL PIPE SUPPORT, HVAC FRAME AND ALUMINUM TAPE FOR DUCT INSULATION",Building Materials,Various,4541.2,USD, ,Order
11075,RFQ-497-1441,MACRO,15 Feb 2015,RFQ,Skylight E.W.,Delaram Fit Out_Supply Of SPLICE KIT RAYCHEM BRAND EPKJ3117D364,SPLICE KIT RAYCHEM BRAND EPKJ3117D364,Electrical,Electrical,510,AED, ,Order
11076,RFQ-573-1440,MACRO,12 Feb 2015,RFQ,Sohail M.C.,Delaram Fit Out_Supply Of 30 METER RCC RETAINING WALL,Change Order ORD573-714-2004-F : 30 METER RCC RETAINING WALL,Construction,Services,60208,USD, ,Order
11077,RFQ-573-1439,MACRO,11 Feb 2015,RFQ,Sohail M.C.,Delaram Fit Out_Supply Of FENCE AROUND THE WASTE MANAGEMENT AREA,Change Order ORD573-714-2004-E : FENCE AROUND THE WASTE MANAGEMENT AREA,Construction,Services,34810,USD, ,Order
11078,RFQ-497-1438,MACRO,09 Feb 2015,RFQ,Haji G.S.,Delaram Fit Out_Supply Of ADDITIONAL ELECTRICAL PUNCH LIST #3,ADDITIONAL ELECTRICAL PUNCH LIST #3,Building Materials,Various,4940.1,USD, ,Order
11079,Q-215-1437,MICRON,09 Feb 2015,IQ,Fatrat L...,Fatrat Limited,1000 Gallons Of DC315 Thermal Barrier,,,62000,USD, ,Quotation
11080,RFQ-497-1436,MACRO,09 Feb 2015,RFQ,Prime S.I.,Delaram Fit Out_Supply Of FOAM BLOCK - CENTRALIZER FOR FRP PIPES,FOAM BLOCK - CENTRALIZER FOR FRP PIPES,Building Materials,Various,13093.75,AED, ,Order
11081,RFQ-573-1433,MACRO,02 Feb 2015,RFQ,Obo W.a.,Delaram Fit Out_Supply Of Re-routing Of Existing Waste Water,Change Order A : Re-routing Of Existing Waste Water,Construction,Services,69825,USD, ,Order
11082,RFQ-497-1432,MACRO,01 Feb 2015,RFQ,Akbar M.G.,Delaram Fit Out_Supply Of Commercial Kitchen Hood Support,Commercial Kitchen Hood Support,Building Materials,Various,7795,USD, ,Order
11083,RFQ-497-1431,MACRO,01 Feb 2015,RFQ,Nishat G.C.,Delaram Fit Out_Supply Of DYMO LABELLING MACHINE,DYMO LABELLING MACHINE 280,Misc.,Various,540,AED, ,Order
11084,RFQ-573-1430,MACRO,01 Feb 2015,RFQ,Rahim G.C.,Delaram Fit Out_Supply Of ADDITIONAL ROOFING FOR SMALL ARMS BUILDINGS,ADDITIONAL ROOFING FOR SMALL ARMS BUILDINGS,Construction,Services,7565,USD, ,Order
11085,RFQ-573-1429,MACRO,28 Jan 2015,RFQ,Vortex ,Delaram Fit Out_Supply Of RECTIFICATION OF EXISTING WATER WELL,RECTIFICATION OF EXISTING WATER WELL,Building Materials,Various,367194.31,USD, ,Quotation
11086,RFQ-566-1428,MACRO,28 Jan 2015,RFQ,Redland C.C.,Khas Khunar Fit Out_Supply Of Additional SOW For Phase 2 Buildings,Change Order ORD578-714-2004-A : Additional SOW For Phase 2 Buildings,Fit Out Project,Architectural,62700,USD, ,Order
11087,Q-115-1427,MICRON,27 Jan 2015,IQ,Road a.R.,RRCC - Supply Of  2000 Gals DC315 - Ex Works Herat,2000 Gallons Of DC315 Thermal Barrier,,,120000,USD, ,Order
11088,RFQ-497-1426,MACRO,26 Jan 2015,RFQ,Pride K.C.,Delaram Fit Out_Supply Of GALVANIZED BARBED WIRE 2.5MM WIRE DIA. FOR FENCING,GALVANIZED BARBED WIRE 2.5MM WIRE DIA. FOR FENCING,Tools,Tools,1150,USD, ,Order
11089,Q-115-1425,MICRON,26 Jan 2015,IQ,Ecc-i ,Project 5999,Benjamin Moore Paints-Ex Work Dubai,,,19973.1,USD, ,Quotation
11090,RFQ-573-1424,MACRO,25 Jan 2015,RFQ,Akbar M.G.,Delaram Fit Out _Supply Of Supply And Installation Of Inlet Butterfly Valves,Supply And Installation Of Inlet Butterfly Valves,Building Materials,Various,4170,USD, ,Order
11091,Q-115-1423,MICRON,25 Jan 2015,IQ,Desa I.,AIR FREIGHT FROM SHANGHAI TO DWC,AIR FREIGHT FROM SHANGHAI TO DWC,,,5280.76,USD, ,Order
11092,RFQ-573-1422,MACRO,25 Jan 2015,RFQ,Omran G.C.,Delaram Fit Out_Supply Of Water Well Testing And Disinfection,Water Well Testing And Disinfection,,,5050,USD, ,Order
11093,RFQ-497-1421,MACRO,25 Jan 2015,RFQ,Falcon E.L.,Delaram Fit Out_Supply Of DIESEL FUEL FOR TESTING AND COMMISSIONING OF FUEL LINES,DIESEL FUEL FOR TESTING AND COMMISSIONING OF FUEL LINES,Misc.,Various,32190,USD, ,Order
11094,Q-115-1420,MICRON,22 Jan 2015,IQ,Desa I.,SEA FREIGHT EX WORKS ABERDEEN TO SHARJAH,SEA FREIGHT EX WORKS ABERDEEN TO SHARJAH,,,3067.41,USD, ,Order
11095,RFQ-497-1419,MACRO,21 Jan 2015,RFQ,Smka E.L.,Delaram Fit Out_Supply Of MK SWITCH BOX K8901ALM  (as Per Received Sample Picture),MK SWITCH BOX K8901ALM (as Per Received Sample Picture),Electrical,Electrical,1497.6,AED, ,Order
11096,RFQ-573-1418,MACRO,21 Jan 2015,RFQ,Rahim G.C.,Delaram Fit Out_Supply Of ROOFING REQUIREMENT FOR GUARD TOWERS,ROOFING REQUIREMENT FOR GUARD TOWERS,Construction,Services,6829,USD, ,Order
11097,Q-115-1417,MICRON,21 Jan 2015,IQ,Interior D.C.,Interior Design Consultancy Services,Supply Of Corrosion Inhibitor,Chemicals,Chemicals,398980.81,AED,Hayat M.,Quotation
11098,Q-115-1416,MICRON,21 Jan 2015,IQ,Obo W.&.,Delaram Project : PO - 012015 [Supply Of 4 Core Low Voltage Cables],Supply Of 4 Core Low Voltage Cables,,,14004,USD,Mahesh B.,Order
11099,RFQ-573-1414,MACRO,20 Jan 2015,RFQ,Medal B.E.,Delaram Fit Out_Supply Of TexSscrew With EPDM Washer,TexSscrew With EPDM Washer,Building Materials,Various,82.5,USD, ,Order
11100,RFQ-497-1413,MACRO,20 Jan 2015,RFQ,Cala L.S.,Delaram Fit Out_Supply Of FROSTED FILM US BRAND,FROSTED FILM US BRAND,Building Materials,Various,760,USD, ,Order
11101,Q-115-1412,MACRO,19 Jan 2015,IQ,The V.C.,215th ANA Brigade Garrison Delaram,AfghanTax Reimbursement Of OBO For 2013,,,1781.82,USD, ,Quotation
11102,RFQ-637-1411,MACRO,18 Jan 2015,RFQ,Global D.L.,Kabul Fit Out_Supply Of VEHICLE RENTALS 5 MONTHS,VEHICLE RENTALS 5 MONTHS,Transportation,Logistics,12000,USD, ,Order
11103,RFQ-497-1410,MACRO,18 Jan 2015,RFQ,Gulf T.,Delaram Fit Out_Supply Of INSTALLATION TOOLS - PU FLOORING,INSTALLATION TOOLS - PU FLOORING,Building Materials,Various,8848,AED, ,Order
11104,RFQ-497-1409,MACRO,18 Jan 2015,RFQ,Rubaiya Z.B.,Delaram Fit Out_Supply Of  Bison Kit Used In Lead Shielding (4.5 Liters),Bison Kit Used In Lead Shielding (4.5 Liters),Building Materials,Various,2120,AED, ,Order
11105,RFQ-497-1408,MACRO,14 Jan 2015,RFQ,Anwar A.M.,Delaram Fit Out_Supply Of LEAD SHEET 1 Mtr X 2 Mtr X 2 Mm X 55 Rolls RAYPROTEC,LEAD SHEET 1 Mtr X 2 Mtr X 2 Mm X 55 Rolls RAYPROTEC,,,30250,AED, ,Order
11106,RFQ-573-1407,MACRO,14 Jan 2015,RFQ,Al K.G.,Delaram Fit Out_Supply Of HEAT SHRINK 15 KV MULTICORE 3*150 MM2 ( RAYCHEM BRAND),HEAT SHRINK 15 KV MULTICORE 3*150 MM2 ( RAYCHEM BRAND),Electrical,Electrical,740,USD, ,Order
11107,RFQ-497-1406,MACRO,13 Jan 2015,RFQ,Afi E.,Delaram Fit Out_Supply Of PANEL BOARD - DUPLEX FUEL PUMP CONTROL PANEL,PANEL BOARD - DUPLEX FUEL PUMP CONTROL PANEL,Electrical,Electrical,6452.8,EURO, ,Order
11108,RFQ-573-1405,MACRO,13 Jan 2015,RFQ,Farid H.C.,Delaram Fit Out_Supply Of TEXAS WALLS (2 METER LENGTH *2.24 METER WIDTH),TEXAS WALLS (2 METER LENGTH *2.24 METER WIDTH),Construction,Services,10450,USD, ,Order
11109,Q-115-1404,MACRO,13 Jan 2015,IQ,The V.C.,Al Dhafra - W912ER-11-C-0039 - 60% Payment For Honeywell And 20% MVL Fee,60% Payment For Honeywell And 20% MVL Fee,,,349387.19,USD, ,Quotation
11110,RFQ-497-1403,MACRO,13 Jan 2015,RFQ,Cala L.S.,Delaram Fit Out_Supply Of Of Expansion Bolt M12 X 150mm,Expansion Bolt M12 X 150mm,Building Materials,Various,360,USD, ,Order
11111,Q-115-1402,MICRON,13 Jan 2015,IQ,Cloisall C.L.,CLOISALL CO.LLC (Abu Dhabi Aiport Project),500 Gallons Of DC333 Fire Proof Paint,,,496000,AED, ,Quotation
11112,RFQ-781-1401,MACRO,11 Jan 2015,RFQ,Rubaiya Z.B.,Al Dhafra Fit Out_Supply Of PPE MATERIALS,PPE MATERIALS,Building Materials,Various,261,AED, ,Order
11113,RFQ-497-1395,MACRO,11 Jan 2015,RFQ,Haji G.S.,Delaram Fit Out_Supply Of HEAT SHRINK (RAYCHEM BRAND) DIMMER SWITCH (SURFACE MOUNTED) AND PVC CONNECTOR,HEAT SHRINK (RAYCHEM BRAND) DIMMER SWITCH (SURFACE MOUNTED) AND PVC CONNECTOR,Electrical,Electrical,1941.8,USD, ,Order
11114,Q-115-1394,MICRON,08 Jan 2015,IQ,Macec G.O.,MACEC - Supply Of 40 Gals DC315 - Ex Works Herat,40 Gallons Of DC315 Thermal Barrier,,,2480,USD, ,Order
11115,RFQ-781-1393,MACRO,08 Jan 2015,RFQ,Midas S.,Al Dhafra Fit Out_Supply Of PPE Materials,PPE Materials,Building Materials,Various,0,USD, ,Quotation
11116,RFQ-497-1392,MACRO,08 Jan 2015,RFQ,Pride K.C.,Delram Fit Out_Supply Of Tools For Roofing Works,Tools For Roofing Works,Machine / Equipments,Mechanical,2576,USD, ,Order
11117,RFQ-497-1391,MACRO,08 Jan 2015,RFQ,Century M.S.,Delaram Fit Out_Supply Of PREMIER DUCT SEALANT 32-17 (24 NOS/BOX),PREMIER DUCT SEALANT 32-17 (24 NOS/BOX),Building Materials,Various,1955,AED, ,Order
11118,RFQ-497-1390,MACRO,07 Jan 2015,RFQ,Reliable C.F.,Delaram Fit Out_Supply Of Wire Nut - 6 Mm. And  Aluminum Tape 50 Mm Wide-22.5 M Long,Wire Nut - 6 Mm. And  Aluminum Tape 50 Mm Wide-22.5 M Long,Electrical,Electrical,1744,USD, ,Order
11119,RFQ-497-1389,MACRO,07 Jan 2015,RFQ,National P.F.,Delaram Fit Out_Supply Of National Epoxy Thinner,National Epoxy Thinner,Paints,Architectural,11250,AED, ,Order
11120,RFQ-497-1388,MACRO,06 Jan 2015,RFQ,Industrial E.C.,Delaram Fit Out_Supply Of EXPLOSION PROOF HEAVY DUTY THERMOSTAT MERCOID,EXPLOSION PROOF HEAVY DUTY THERMOSTAT MERCOID,Building Materials,Various,2496,USD, ,Order
11121,RFQ-497-1386,MACRO,06 Jan 2015,RFQ,Reliable C.F.,Delaram Fit Out_Supply Of EMT LB CONNECTORS 3/4 Inches UL LISTED,EMT LB CONNECTORS 3/4 Inches UL LISTED,Electrical,Electrical,1206,USD, ,Order
11122,RFQ-573-1385,MACRO,06 Jan 2015,RFQ,Universal D.P.,Delaram Fit Out_Supply Of Panic Bars For Single & Double Doors,Supply Of Panic Bars For Single & Double Doors,Doors,Architectural,4850,AED, ,Order
11123,RFQ-497-1384,MACRO,05 Jan 2015,RFQ,Sefatullah N.W.,Delaram Fit Out_Supply Of NATIONAL PAINTS EPOXY THINNER,NATIONAL PAINTS EPOXY THINNER,Paints,Architectural,3125,USD, ,Order
11124,RFQ-497-1383,MACRO,05 Jan 2015,RFQ,Reliable C.F.,Delaram Fit Out_Supply Of Mitsubishi AC MSH-A10,Mitsubishi AC MSH-A10,Electrical,Electrical,1305,USD, ,Order
11125,RFQ-497-1382,MACRO,05 Jan 2015,RFQ,United C.&.,Delaram Fit Out_Supply Of Mastertile 30 - Gray,Mastertile 30 - Gray,Building Materials,Various,1000,USD, ,Order
11126,RFQ-497-1381,MACRO,04 Jan 2015,RFQ,Haven F.&.,Delaram Fit Out_Supply Of DFAC FIRE ALARM SYSTEM AND ADDITIONAL FIRE ALARM SYSTEM,DFAC FIRE ALARM SYSTEM AND ADDITIONAL FIRE ALARM SYSTEM,Building Materials,Various,39900,AED, ,Order
11127,RFQ-497-1380,MACRO,04 Jan 2015,RFQ,Bristol F.E.,Delaram Fit OutSupply Of BRISTOL FIRE EXTINGUISHERS FOR CLUSTER B AND CLUSTER C,BRISTOL FIRE EXTINGUISHERS FOR CLUSTER B AND CLUSTER C,Building Materials,Various,13145,AED, ,Order
11128,RFQ-497-1379,MACRO,30 Dec 2014,RFQ,Haji G.S.,Delaram Fit Out_Supply Of ALEX 90 DEG RIGID ELBOW 3/4 Inches WITH COUPLING,ALEX 90 DEG RIGID ELBOW 3/4 Inches WITH COUPLING,Electrical,Electrical,1386,USD, ,Order
11129,RFQ-497-1378,MACRO,30 Dec 2014,RFQ,Century M.S.,Delaram Fit Out_Supply Of MOTORIZED DAMPERS VCD,MOTORIZED DAMPERS VCD,Building Materials,Various,16000,AED, ,Order
11130,RFQ-497-1377,MACRO,29 Dec 2014,RFQ,Reliable C.F.,Delaram Fit Out_Supply Of EMT CONDUIT CONNECTORS - COMPRESSION TYPE,EMT CONDUIT CONNECTORS - COMPRESSION TYPE,Electrical,Electrical,2995,USD, ,Order
11131,RFQ-497-1376,MACRO,29 Dec 2014,RFQ,Aw R.L.,Delaram Fit Out_Supply Of LIGHTING FIXTURE MEDICAL - D,LIGHTING FIXTURE MEDICAL - D,Electrical,Electrical,3200,AED, ,Order
11132,RFQ-497-1375,MACRO,28 Dec 2014,RFQ,Al H.M.,Delaram Fit Out_Supply Of ADDITIONAL SS MIRRORS,ADDITIONAL SS MIRRORS,Building Materials,Various,7020,AED, ,Order
11133,RFQ-158-1374,MACRO,23 Dec 2014,RFQ,Rubaiya Z.B.,Delaram Fit Out_Supply Of Male And Female Connect Coupling,Male And Female Connect Coupling,,,6970,AED, ,Order
11134,RFQ-497-1372,MACRO,22 Dec 2014,RFQ,Haji G.S.,Delaram Fit Out_Supply Of  ADDITIONAL ELECTRICAL ITEMS,ADDITIONAL ELECTRICAL ITEMS,Electrical,Electrical,3671,USD, ,Order
11135,RFQ-497-1371,MACRO,22 Dec 2014,RFQ,Frank S.M.,Delaram Fit Out_Supply Of Lead Lined Wooden Doors For Medical,Lead Lined Wooden Doors For Medical,Building Materials,Various,34350,AED, ,Order
11136,RFQ-573-1369,MACRO,21 Dec 2014,RFQ,Durob G.T.,Delaram Fit Out_Supply Of Key Cabinets,KEY CABINETS,Building Materials,Various,7827.5,AED, ,Order
11137,RFQ-573-1368,MACRO,21 Dec 2014,RFQ,Haji G.S.,Delaram Fit Out_Suplly Of LV MV SPLICE KIT  RAYCHEM BRAND,LV MV SPLICE KIT RAYCHEM BRAND,Electrical,Electrical,1757,USD, ,Order
11138,RFQ-497-1366,MACRO,21 Dec 2014,RFQ,Tic L.E.,Delaram Fit Out S_Supply Of ADDITIONAL EMERGENCY BATTERY PACK - DECO LIGHTING,ADDITIONAL EMERGENCY BATTERY PACK - DECO LIGHTING,Electrical,Electrical,516.05,USD, ,Order
11139,Q-1214-1365,MICRON,16 Dec 2014,IQ,Desa I.,AIR FREIGHT EX WORKS GERMANY TO DWC,AIR FREIGHT EX WORKS GERMANY TO DWC,,,1627.25,USD, ,Order
11140,RFQ-497-1364,MACRO,16 Dec 2014,RFQ,Future P.I.,Delaram Fit Out_Supply Of FRP PIPES AND FITTINGS,FRP PIPES AND FITTINGS,Building Materials,Various,21474.8,USD, ,Order
11141,RFQ-158-1362,MACRO,16 Dec 2014,RFQ,Bristol F.E.,Delaram Fit Out_Supply Of 4.5 KG DRY POWDER FIRE EXTINGUISHER (BRISTOL - UAE) For CLUSTER A,4.5 KG DRY POWDER FIRE EXTINGUISHER (BRISTOL - UAE) For CLUSTER A,Building Materials,Various,8525,AED, ,Order
11142,RFQ-497-1361,MACRO,16 Dec 2014,RFQ,Cala L.S.,Delaram Fit Out_Supply Of SILICON SEALANT AND GASKET SEALANT,SILICON SEALANT AND GASKET SEALANT,Building Materials,Various,10900,USD, ,Order
11143,RFQ-497-1360,MACRO,15 Dec 2014,RFQ,Nishat G.C.,Delaram Fit Out_Supply Of DYMO D1 Tape 12mmx7mtr Black On White (DYS0720530 ),DYMO D1 Tape 12mmx7mtr Black On White (DYS0720530 ),Misc.,Various,18500,AED, ,Order
11144,RFQ-497-1359,MACRO,15 Dec 2014,RFQ,Cala L.S.,Delaram Fit Out_Supply Of  CARTRIDGE FOR LABELING MACHINE 12mm,CARTRIDGE FOR LABELING MACHINE 12mm,Building Materials,Various,950,USD, ,Order
11145,RFQ-497-1358,MACRO,15 Dec 2014,RFQ,Al K.G.,Delaram Fit Out_Supply Of DIMMER SWITCH FOR FANS 3000WATTS/13AMP,DIMMER SWITCH FOR FANS 3000WATTS/13AMP,Electrical,Electrical,22177.56,AED, ,Order
11146,Q-1214-1357,MACRO,15 Dec 2014,IQ,The V.C.,FINAL APPLICATION FOR PAYMENT TO Hero Lucky Group Of Companies (HLG),FINAL APPLICATION FOR PAYMENT,,,864593,USD, ,Quotation
11147,RFQ-497-1356,MACRO,15 Dec 2014,RFQ,Aziz U.N.,Delaram Fit Out_Supply Of Rigid Insulation Styrofoam And Alpha Dry (Adhesive),Rigid Insulation Styrofoam And Alpha Dry (Adhesive),Paints,Architectural,28580,USD, ,Order
11148,RFQ-497-1355,MACRO,14 Dec 2014,RFQ,Haji G.S.,Delaram Fit Out_Supply Of ADDITIONAL ELECTRICAL TOOLS,ADDITIONAL ELECTRICAL TOOLS,Electrical,Electrical,4433,USD, ,Order
11149,RFQ-497-1354,MACRO,14 Dec 2014,RFQ,Hamd G.,Delaram Fit Out_Supply Of ADDITIONAL POWER TOOLS - MAKITA,ADDITIONAL POWER TOOLS - MAKITA,Construction,Services,6017.2,USD, ,Order
11150,RFQ-497-1350,MACRO,14 Dec 2014,RFQ,Tekmark I.F.,Delaram Fit Out_Supply Of FIRE RATED COUNTER SHUTTER IMPORTED (AS PER UL STANDARDS) MALAYSIA MADE,FIRE RATED COUNTER SHUTTER IMPORTED (AS PER UL STANDARDS) MALAYSIA MADE,Building Materials,Various,51475,AED, ,Order
11151,RFQ-573-1349,MACRO,14 Dec 2014,RFQ,Farid H.C.,Delaram Fit Out_Supply Of ALASKA WALL (4M LENGTH *2.24M WIDTH) TRANSPORTATION AND 25 TON CRANE,ALASKA WALL (4M LENGTH *2.24M WIDTH) TRANSPORTATION AND 25 TON CRANE,Construction,Services,64300,USD, ,Order
11152,RFQ-497-1344,MACRO,11 Dec 2014,RFQ,Tekmark I.F.,Delaram Fit Out_Supply Of Additional 20 Liters Of Paint For The B.1.1 Doors Same Supplied Before. RAL 1013,Additional 20 Liters Of Paint For The B.1.1 Doors Same Supplied Before. RAL 1013,Building Materials,Various,1160,AED, ,Order
11153,Q-1214-1343,MICRON,11 Dec 2014,IQ,Desa I.,Transportation Of LCL From Shanghai,Transportation Of LCL From Shanghai,,,1328.02,USD, ,Order
11154,RFQ-497-1342,MACRO,11 Dec 2014,RFQ,Top L.C.,Delaram Fit Out_Supply Of TEFLON TAPE TAIWAN BRAND,TEFLON TAPE TAIWAN BRAND,Building Materials,Various,720,USD, ,Order
11155,RFQ-497-1341,MACRO,10 Dec 2014,RFQ,Haji G.S.,"Delaram Fit Out_Supply Of Magnetic Contactor, Cable Ties, PVC Conduit SCH 80","Magnetic Contactor, Cable Ties, PVC Conduit SCH 80",Electrical,Electrical,2433.2,USD, ,Order
11156,RFQ-497-1340,MACRO,10 Dec 2014,RFQ,Akbar M.G.,Delaram Fit Out_Subcontracting Agreement For Installation / Testing / Comissioning Of Kitchen Hoods,Subcontracting Agreement For Installation / Testing / Comissioning Of Kitchen Hoods,Fit Out Project,Architectural,51495,USD, ,Order
11157,RFQ-497-1339,MACRO,10 Dec 2014,RFQ,Haji G.S.,Delaram Fit Out_Supply Of 3/4 In. IMC--- Arrow Pipe And Alex UL Listed Brand,"ARROW PIPE IMC CONDUIT, 3/4 INCHES",Electrical,Electrical,5445,USD, ,Order
11158,RFQ-497-1338,MACRO,09 Dec 2014,RFQ,Haji G.S.,Delaram Fit Out_Supply Of  AIR TERMINAL AND ACCESSORIES - AMPER,AIR TERMINAL AND ACCESSORIES - AMPER,Electrical,Electrical,8444,USD, ,Order
11159,RFQ-497-1336,MACRO,09 Dec 2014,RFQ,Medal B.E.,Delaram Fit Out_Supply Of FIBERGLASS WOOL AND INSULATION SCREEN,FIBERGLASS WOOL AND INSULATION SCREEN,Building Materials,Various,390,USD, ,Order
11160,RFQ-497-1335,MACRO,09 Dec 2014,RFQ,Milli F.,Delaram Fit Out_Supply Of ADDITIONAL PVC PIPES AND FITTINGS - MILLI,ADDITIONAL PVC PIPES AND FITTINGS - MILLI,Building Materials,Various,1798.3,USD, ,Order
11161,RFQ-497-1334,MACRO,08 Dec 2014,RFQ,Al H.M.,Delaram Fit Out_Supply Of Stainless Steel Toilet Paper Holder With Cover (Model 02.112-30 Inox Bright),Stainless Steel Toilet Paper Holder With Cover (Model 02.112-30 Inox Bright),Building Materials,Various,259.2,AED, ,Order
11162,RFQ-497-1333,MACRO,08 Dec 2014,RFQ,Glen D.I.,Delaram Fit Out_Supply Of Additional 26 Pcs AC3N Dimplex Unit Heaters,Additional 26 Pcs AC3N Dimplex Unit Heaters,Building Materials,Various,1719.9,GBP, ,Order
11163,RFQ-497-1332,MACRO,08 Dec 2014,RFQ,Cala L.S.,Delaram Fit Out_Supply Of ADDITIONAL PLUMBING,"CPVC PIPE AND FITTINGS, GI FITTINGS, CPVC CLEANER",Building Materials,Various,5619.32,USD, ,Order
11164,RFQ-497-1331,MACRO,08 Dec 2014,RFQ,United C.&.,Delaram Fit Out_Supplu Of EUROPA MEDIUM SOAP DISH AND FLUSH STRING,EUROPA MEDIUM SOAP DISH & FLUSH STRING,Building Materials,Various,748,USD, ,Order
11165,RFQ-497-1330,MACRO,08 Dec 2014,RFQ,Industrial E.C.,Delaram Fit Out_Supply Of Back Flow Preventer With Air Gap - ZURN,Back Flow Preventer With Air Gap - ZURN,Building Materials,Various,564,USD, ,Order
11166,RFQ-497-1329,MACRO,07 Dec 2014,RFQ,Rubaiya Z.B.,"Delaram Fit Out_Supply Of STRAINER & ACC., PRESSURE GAUGE, BALL VALVES CRANE D171","STRAINER & ACC., PRESSURE GAUGE, BALL VALVES CRANE D171",Building Materials,Various,14886,AED, ,Order
11167,RFQ-497-1328,MACRO,07 Dec 2014,RFQ,Royal S.P.,Delaram Fit Out_Supply Of FITTINGS AND FOR SEWER LINE PIPE,FITTINGS AND SEWER LINE PIPE,Building Materials,Various,1347.3,USD, ,Quotation
11168,RFQ-497-1327,MACRO,07 Dec 2014,RFQ,Ruya P.V.,Delaram Fit Out_Supply Of PVC DOOR - LHR (G),PVC DOOR - LHR (G),Doors,Architectural,330,USD, ,Order
11169,RFQ-497-1326,MACRO,07 Dec 2014,RFQ,Tekmark I.F.,Delaram Fit Out_Supply Of Additional Weather-strip And Door Vision Glass For Type B.1.1,Additional Weather-strip And Door Vision Glass For Type B.1.1,Building Materials,Various,15852.5,AED, ,Order
11170,RFQ-497-1325,MACRO,07 Dec 2014,RFQ,Cala L.S.,Delaram Fit Out_Supply Of HVAC MATERIALS - FABRICATED,HVAC MATERIALS - FABRICATED,Building Materials,Various,6300.15,USD, ,Order
11171,RFQ-497-1324,MACRO,07 Dec 2014,RFQ,United C.&.,Delaram Fit Out_Supply Of ADDITIONAL SANITARY WARES AND SIKADUR 31 CF SLOW,ADDITIONAL SANITARY WARES AND SIKADUR 31 CF SLOW,Building Materials,Various,12766,USD, ,Order
11172,RFQ-497-1323,MACRO,07 Dec 2014,RFQ,Haji G.S.,Delaram Fit Out_Supply Of 4C And 5C Hes Kablo And Copper Cable Lugs,4C And 5C Hes Kablo And Copper Cable Lugs,Electrical,Electrical,6743.1,USD, ,Order
11173,RFQ-497-1322,MACRO,06 Dec 2014,RFQ,Arabian E.S.,Delaram Fit Out_Supply Of Additional Weather-strip And Door Vision Glass For Type B.1.1],Additional Weather-strip And Door Vision Glass For Type B.1.1],Building Materials,Various,8210,AED, ,Quotation
11174,RFQ-497-1321,MACRO,04 Dec 2014,RFQ,Reliable C.F.,Delaram Fit Out_Supply Of BARE COPPER AND GROUNDING CABLE (VATAN KABLO BRAND) AND  EXPLOSION PROOF EMERGENCY BATTERY PACK,BARE COPPER AND GROUNDING CABLE (VATAN KABLO BRAND) AND  EXPLOSION PROOF EMERGENCY BATTERY PACK (as Per Approved Data Sheet),Electrical,Electrical,16155,USD, ,Order
11175,Q-1214-1320,MICRON,04 Dec 2014,IQ,Faizi M.C.,Khas Kunar Fit Out - Supply Of 4 Core Low Voltage Cables,4 CORE LOW VOLTAGE CABLES,,,120000,USD, ,Order
11176,RFQ-497-1319,MACRO,04 Dec 2014,RFQ,Cortem M.E.,Delaram Fit Out_Supply Of EXPLOSION PROOF SWITCH - 25A. EFSCO-22,EXPLOSION PROOF SWITCH - 25A. EFSCO-22,Electrical,Electrical,980,AED, ,Order
11177,RFQ-497-1318,MACRO,04 Dec 2014,RFQ,Century M.S.,Delaram Fit Out_Supply Of AIR OUTLETS GRAVITY SHUTTER. TRANSFER GRILLE RAL9010. FRESH AIR LOUVER. ALUMINUM FILTER,AIR OUTLETS GRAVITY SHUTTER. TRANSFER GRILLE RAL9010. FRESH AIR LOUVER. ALUMINUM FILTER,Building Materials,Various,19076,AED, ,Order
11178,RFQ-497-1317,MACRO,04 Dec 2014,RFQ,Century M.S.,Delaram Fit Out Supply Of RECTANGULAR DUCTING FABRICATED FORM GI SHEET IN COIL,RECTANGULAR DUCTING FABRICATED FORM GI SHEET IN COIL,Building Materials,Various,3939,AED, ,Order
11179,RFQ-497-1316,MACRO,04 Dec 2014,RFQ,Aziz U.N.,Delaram Fit Out_Supply Of Supply Of Additional Jotun Jollyfix Paint System-Papaya 1785,Supply Of Additional Jotun Jollyfix Paint System-Papaya 1785,Paints,Architectural,1837.5,USD, ,Order
11180,RFQ-497-1315,MACRO,03 Dec 2014,RFQ,Rahim G.C.,Delaram Fit Out_Supply Of ROOFING SYSTEM REQUIREMENT SMALL ARMS. VEHICLE REFUELING POINT & GUARD TOWERS,ROOFING SYSTEM REQUIREMENT SMALL ARMS. VEHICLE REFUELING POINT & GUARD TOWERS,Building Materials,Various,15397.38,USD, ,Order
11181,Q-1214-1314,MICRON,03 Dec 2014,IQ,Road a.R.,Supply Of Graco Gun Tip And TSL Liquid,Graco Gun Tip And TSL Liquid,,,440,USD, ,Order
11182,RFQ-497-1313,MACRO,01 Dec 2014,RFQ,Haji G.S.,Delaram Fit Out_Supply Of COPPER CABLE LUGS FOR DP,COPPER CABLE LUGS FOR DP,Electrical,Electrical,3096,USD, ,Order
11183,RFQ-497-1312,MACRO,01 Dec 2014,RFQ,Aw R.L.,Delaram Fit Out_Supply Of LIGHTING FIXTURES A3 AND A4 - FRATER,LIGHTING FIXTURES A3 AND A4 - FRATER,Electrical,Electrical,23515,AED, ,Order
11184,RFQ-573-1311,MACRO,01 Dec 2014,RFQ,Panel T.E.,Delaram Fit Out_Supply Of DISTRIBUTIION PANEL FOR [WMO DB & YP],DISTRIBUTIION PANEL FOR [WMO DB & YP],Building Materials,Various,3030,USD, ,Order
11185,RFQ-497-1310,MACRO,01 Dec 2014,RFQ,Cortem M.E.,Delaram Fit Out_Supply Of EXPROOF DISCONNECT SWITCH - EFSCO 24 FOR REFUELLING POINT,EXPROOF DISCONNECT SWITCH - EFSCO 24 FOR REFUELLING POINT,Electrical,Electrical,11050,AED, ,Quotation
11186,RFQ-497-1309,MACRO,01 Dec 2014,RFQ,Haji G.S.,Delaram Fit Out_Supply Of CONDUIT CONNECTOR - ALEX - TC 602,CONDUIT CONNECTOR - ALEX - TC 602,Electrical,Electrical,20820,USD, ,Order
11187,Q-1114-1308,MICRON,30 Nov 2014,IQ,Road a.R.,Road And Roof Construction Company,Graco Spray Gun Accessories,,,440,USD, ,Quotation
11188,RFQ-497-1307,MACRO,30 Nov 2014,RFQ,Haji G.S.,"Delaram Fit Out_Supply Of ALEX BRAND - 3/4 PVC FLEX. CONDUIT,LIQ.TIGHT CONDUIT AND CONNECTOR","ALEX BRAND - 3/4 PVC FLEX. CONDUIT,LIQ.TIGHT CONDUIT AND CONNECTOR",Electrical,Electrical,5880,USD, ,Order
11189,Q-1114-1306,MICRON,30 Nov 2014,IQ,Desa I.,Transportation Of 1x20?GP From FOB Port Dalian( China) To Sharjah ( SAIF Zone),Transportation Of 1x20?GP From FOB Port Dalian( China) To Sharjah ( SAIF Zone),,,2992.85,USD, ,Order
11190,RFQ-573-1305,MACRO,27 Nov 2014,RFQ,Panel T.E.,Dealram Fit Out_Supply Of Panel Board For ASP [Ammunition Supply Point],Panel Board For ASP [Ammunition Supply Point],Sandwich Panel,Architectural,560,USD, ,Order
11191,RFQ-158-1304,MACRO,26 Nov 2014,RFQ,Baymak M.S.,Delaram Fit Out_Supply Of PANELS FOR 6KW BAYMAK WATER HEATER,PANELS FOR 6KW BAYMAK WATER HEATER,Mechanical Items,Mechanical,2064,USD, ,Order
11192,RFQ-158-1303,MACRO,25 Nov 2014,RFQ,Gulf T.,Delaram Fit Out_Supply Of VOLLEYBALL COURT FLOORING [SHEET RUBBER COMPOSITION],VOLLEYBALL COURT FLOORING [SHEET RUBBER COMPOSITION],Building Materials,Various,39000,AED, ,Order
11193,RFQ-497-1302,MACRO,25 Nov 2014,RFQ,Tic L.E.,Delaram Fit Out_Supply Of  INTERIOR LIGHTING FIXTURE FOR GUARD TOWER & GUARD SHACK,INTERIOR LIGHTING FIXTURE FOR GUARD TOWER,Electrical,Electrical,2548,USD, ,Order
11194,RFQ-497-1301,MACRO,24 Nov 2014,RFQ,Medal B.E.,Delaram Fit Out_Supply Of STAINLESS STEEL TABLES (DFAC),STAINLESS STEEL TABLES (DFAC),Building Materials,Various,2600,USD, ,Order
11195,RFQ-497-1300,MACRO,24 Nov 2014,RFQ,Izocam T.V.,Delaram Fit Out_Supply Of Additional SANDWICH PANEL Accessories,Additional SANDWICH PANEL Accessories 2nd,Sandwich Panel,Architectural,4314.31,USD, ,Order
11196,Q-1114-1299,MICRON,24 Nov 2014,IQ,Accu ,ACCU Afghanistan Project - Supply Of 8000 Gals DC315 - Ex Works Herat,8000 Gallons Of DC315 Thermal Barrier,,,480000,USD,Raquel I.,Order
11197,RFQ-497-1298,MACRO,23 Nov 2014,RFQ,Medal B.E.,"Delaram Fit Out_Supply Of MATERIALS, FABRICATION AND INSTALLATION OF CABINETS, STAINLESS SINKS, MIXERS AND OTHERS","MATERIALS, FABRICATION AND INSTALLATION OF CABINETS, STAINLESS SINKS, MIXERS AND OTHERS",Building Materials,Various,52260,USD, ,Order
11198,Q-1114-1297,MICRON,23 Nov 2014,IQ, ,"K Span Project, Afghanistan","13,335 Gallons Of DC315 Thermal Barrier",,,866775,USD,Raquel I.,Quotation
11199,RFQ-497-1296,MACRO,23 Nov 2014,RFQ,Al H.P.,Delaram Fit Out_Supply Of CPVC MALE ADAPTER 65MM SIZE 2-1/2 INCHES,CPVC MALE ADAPTER 65MM SIZE 2-1/2 INCHES,Building Materials,Various,720,AED, ,Order
11200,RFQ-573-1294,MACRO,23 Nov 2014,RFQ,Elpim E.C.,Delaram Fit Out_Supply Of INCINERATOR AREA - EXPROOF FITTINGS - CORTEM,INCINERATOR AREA - EXPROOF FITTINGS - CORTEM,Electrical,Electrical,3820.83,EURO, ,Order
11201,RFQ-497-1293,MACRO,23 Nov 2014,RFQ,Gulf O.L.,Delaram Fit Out_Supply Of INCANDESCENT LAMP FOR GUARD TOWER / SHACK LIGHTING FIXTURE,INCANDESCENT LAMP FOR GUARD TOWER / SHACK LIGHTING FIXTURE,Electrical,Electrical,45,AED, ,Order
11202,RFQ-573-1292,MACRO,23 Nov 2014,RFQ,Cortem M.E.,Delaram Fit Out_Supply Of APPROVED EXPLOSION LIGHTING FIXTURE - CORTEM - J2 [INCINERATOR AREA],APPROVED EXPLOSION LIGHTING FIXTURE - CORTEM - J2 [INCINERATOR AREA],Electrical,Electrical,70720,AED, ,Order
11203,RFQ-158-1290,MACRO,20 Nov 2014,RFQ,Gulf T.,Delaram Fit Out_Supply Of VOLLEY BALL COURT FLOORING,VOLLEY BALL COURT FLOORING,Building Materials,Various,28687.5,AED, ,Quotation
11204,RFQ-158-1289,MACRO,20 Nov 2014,RFQ,Gulf T.,Delaram Fit Out_Supply Of GYM FLOORING [RESILIENT MAT UNDERLAY],GYM FLOORING [RESILIENT MAT UNDERLAY],Building Materials,Various,120750,AED, ,Order
11205,RFQ-573-1288,MACRO,20 Nov 2014,RFQ,Al F.P.,Delaram Fit Out_Supply Of CEILING FAN 5 SPEED PANASONIC,CEILING FAN 5 SPEED PANASONIC,Mechanical Items,Mechanical,165,AED, ,Order
11206,RFQ-497-1287,MACRO,20 Nov 2014,RFQ,Pelsan E.S.,"Delaram Fit Out_Supply Of MEDICAL LIGHTING FIXTURE FOR TYPE A1F, B, C - SOLTA","MEDICAL LIGHTING FIXTURE FOR TYPE A1F, B, C - SOLTA",Electrical,Electrical,1698.95,USD, ,Order
11207,RFQ-497-1286,MACRO,20 Nov 2014,RFQ,Tic L.E.,Delaram Fit Out_Supply Of Lighting Fixture Assembly For Our Guard Tower And Guard Shack,Lighting Fixture Assembly For Our Guard Tower And Guard Shack,Electrical,Electrical,0,USD, ,Quotation
11208,RFQ-497-1285,MACRO,20 Nov 2014,RFQ,Gulf O.L.,Delaram Fit Out_Supply Of INCANDESCENT LAMP FOR GUARD TOWER / SHACK LIGHTING FIXTURE,INCANDESCENT LAMP FOR GUARD TOWER / SHACK LIGHTING FIXTURE,Electrical,Electrical,45,USD, ,Quotation
11209,RFQ-573-1284,MACRO,20 Nov 2014,RFQ,Haji G.S.,"Delaram Fit Out_Supply Of  ELECTRICAL PVC PIPES , EMT PIPES AND FITTINGS FOR POWERHOUSE","ELECTRICAL PVC PIPES, EMT PIPES AND FITTINGS FOR POWEHOUSE",Electrical,Electrical,336.65,USD, ,Order
11210,RFQ-497-1283,MACRO,19 Nov 2014,RFQ,Knauf L.,Delaran Fit Out_Supply Of K762 KNAUF SAFEBOARD [LEAD LINED WALL],K762 KNAUF SAFEBOARD [LEAD LINED WALL],Building Materials,Various,33182.54,AED, ,Order
11211,RFQ-573-1282,MACRO,19 Nov 2014,RFQ,Redland C.C.,"Delaram Fit Out_Supply Of INSTALLATION , TESTING  AND COMMISSIONING OF REFUELING POINT DISTRIBUTION LINE","Change Order ORD573-714-2005-B : INSTALLATION , TESTING  AND COMMISSIONING OF REFUELING POINT DISTRIBUTION LINE",Fit Out Project,Architectural,47865.44,USD, ,Order
11212,Q-1114-1281,MICRON,18 Nov 2014,IQ,Redland C.C.,SUPPLY OF FUEL SUPPLY SYSTEM AND REFUELING STATION,FUEL SUPPLY SYSTEM AND REFUELING STATION,,,50000,USD, ,Order
11213,RFQ-497-1279,MACRO,17 Nov 2014,RFQ,Amazon ,Delaram Fit Out_Supply Of ENCASED NON-FREEZE WALL HYDRANT ZURN Z1320-C-10,ENCASED NON-FREEZE WALL HYDRANT ZURN Z1320-C-10,Building Materials,Various,357.49,USD, ,Order
11214,RFQ-497-1278,MACRO,17 Nov 2014,RFQ,Al H.M.,Delaram Fit Out_Supply Of SS BACKSPLASH AND CORNER GUARD,SS BACKSPLASH AND CORNER GUARD,Building Materials,Various,24669.95,AED, ,Order
11215,RFQ-573-1276,MACRO,17 Nov 2014,RFQ,Medal B.E.,Delaram Fit Out_Supply Of TexSscrew With EPDM Washer (6.30mm X 25mm),TexSscrew With EPDM Washer (6.30mm X 25mm),Building Materials,Various,2138.86,USD, ,Order
11216,RFQ-497-1275,MACRO,16 Nov 2014,RFQ,Sohail M.C.,Delaram Fit Out_Supply And Installation Hesco Works In Secondary ECP Gate,Change Order ORD573-714-2004-D : Supply And Installation Of Hesco Works In Secondary ECP Gate,Fit Out Project,Architectural,21000,USD, ,Order
11217,RFQ-573-1273,MACRO,16 Nov 2014,RFQ,Royal S.P.,Delaram Fit Out_Supply Of 4 IN. PVC ELECTRICAL CONDUIT AND FITTINGS - ROYAL BRAND,4 IN. PVC ELECTRICAL CONDUIT AND FITTINGS - ROYAL BRAND,Electrical,Electrical,116924.84,USD, ,Order
11218,Q-1114-1270,FIRESTOP,16 Nov 2014,IQ,Das I.G.,Das International Group,25 Gallons Of DC333 Fireproof Paint,,,23000,AED, ,Quotation
11219,RFQ-573-1269,MACRO,16 Nov 2014,RFQ,Sohail M.C.,Delaram Fit Out_SITE WORK - FENCES ON 7 UNITS OF SMALL ARMS STORAGE,Change Order ORD573-714-2004-C : FENCES ON 7 UNITS OF SMALL ARMS STORAGE,Fit Out Project,Architectural,61124,USD, ,Order
11220,Q-1114-1268,MACRO,13 Nov 2014,IQ,Mvl G.,Fit Out Kabul - MFNDU,Fit Out Kabul - MFNDU,,,0,USD, ,Quotation
11221,Q-1114-1267,MACRO,13 Nov 2014,IQ,Mvl G.,Fit Out Dhafra - AL DHAFRA BASE ABU DHABI,Fit Out Dhafra - AL DHAFRA BASE ABU DHABI,,,0,USD, ,Order
11222,RFQ-497-1265,MACRO,11 Nov 2014,RFQ,Gmg D.T.,Delaram Fit Out_Supply Of JUNCTION BOX COOPER C.H,JUNCTION BOX COOPER TP432 WITH TP472,Electrical,Electrical,4876,USD, ,Order
11223,RFQ-573-1263,MACRO,10 Nov 2014,RFQ,United C.&.,"Delaram Fit Out_Supply Of C CHANNEL, FURRING CHANNEL AND EXPANSION BOLT FOR ROOF SYSTEM","C CHANNEL, FURRING CHANNEL AND EXPANSION BOLT FOR ROOF SYSTEM",Building Materials,Various,11037.64,USD, ,Order
11224,RFQ-637-1262,MACRO,10 Nov 2014,RFQ,Mabani S.L.,Kabul Fit Out_Supply Of PEBSS And PPA,PEBSS And PPA,Construction,Services,305000.31,USD, ,Order
11225,RFQ-158-1261,MACRO,10 Nov 2014,RFQ,United C.&.,Delaram Fit Out_Supply Of MASTERTILE 30 AND TILE GROUT FOR CERAMIC TILES (MASTERTILE 530 LM WHITE),MASTERTILE 30 AND TILE GROUT FOR CERAMIC TILES (MASTERTILE 530 LM WHITE),Building Materials,Various,4314.25,USD, ,Order
11226,RFQ-637-1260,MACRO,09 Nov 2014,RFQ,World G.E.,Kabul Fit Out_SITE WORK - SCOPE OF WORK,Subcontract Order 637-714-2004 : AUDITORIUM BLD - NPCC,Fit Out Project,Architectural,1523529.75,USD, ,Order
11227,RFQ-637-1259,MACRO,09 Nov 2014,RFQ,Hbcc -.H.,Kabul Fit Out_SITE WORK - SCOPE OF WORK,Subcontract Order 637-714-2005 : FACILITIES - SCOPE OF WORK,Fit Out Project,Architectural,1382764.62,USD, ,Order
11228,RFQ-637-1258,MACRO,09 Nov 2014,RFQ,Mainawal R.,MOI NPCC Fit Out_SITE WORK - ADDITIONAL SCOPE OF WORK,Change Order 637-714-2001-A : ADDITIONAL SCOPE OF WORK,Fit Out Project,Architectural,4600504.5,USD, ,Order
11229,RFQ-573-1257,MACRO,09 Nov 2014,RFQ,Kamal B.C.,Delaram Fit Out_Site Work -  Installation Of Conduits For Ten Buildings,Change Order B : Installation Of Conduits For Ten Buildings,Construction,Services,64200,USD, ,Order
11230,RFQ-158-1256,MACRO,09 Nov 2014,RFQ,Gem I.E.,Delaram Fit Out_Supply Of PNEUMATIC PRESSURE REGULATOR MODEL # RM4000-15-W-T8,PNEUMATIC PRESSURE REGULATOR MODEL # RM4000-15-W-T8,Building Materials,Various,16324.56,AED, ,Order
11231,RFQ-158-1255,MACRO,06 Nov 2014,RFQ,Gem I.E.,Delaram Fit Out_Supply Of TAILPIPE EXHAUST SYSTEM - 101 : Stationery Vehicle Exhaust System Components,TAILPIPE EXHAUST SYSTEM - 101 : Stationery Vehicle Exhaust System Components,Building Materials,Various,190743,AED, ,Order
11232,RFQ-573-1254,MACRO,06 Nov 2014,RFQ,Akbar M.G.,"Delaram Fit Out_SITE WORK - SUPPLY, INSTALLATION, TESTING AND COMMISSIONING FOR REMAINING WATER DISTRIBUTION LINE","SITE WORK - SUPPLY, INSTALLATION, TESTING AND COMMISSIONING FOR REMAINING WATER DISTRIBUTION LINE",Construction,Services,219147,USD, ,Order
11233,RFQ-497-1253,MACRO,06 Nov 2014,RFQ,Frank S.M.,Delaram Fit Out_Supply Of LEADED GLASS AND WINDOW FRAME,LEADED GLASS AND WINDOW FRAME,Building Materials,Various,5800,AED, ,Order
11234,Q-1114-1252,MICRON,06 Nov 2014,IQ,Redland C.C.,Supply Of FUEL SUPPLY SYSTEM AND REFUELING STATION,FUEL SUPPLY SYSTEM AND REFUELING STATION,,,22837.4,USD, ,Order
11235,Q-1114-1250,MICRON,05 Nov 2014,IQ,Road a.R.,Road And Roof Construction (RRCC),1600 Tubes Of INSS2460 Fire Barrier Silicone Sealant,,,13600,USD, ,Quotation
11236,RFQ-497-1249,MACRO,05 Nov 2014,RFQ,Gulf T.,Delaram Fit Out_Supply Of MEDICAL FLOORING,MEDICAL FLOORING,Building Materials,Various,5640,AED, ,Order
11237,RFQ-573-1247,MACRO,04 Nov 2014,RFQ,Sohail M.C.,Delaram Fit-Out_SITE WORK - Remaining Fences On Lagoon Area And Fuel Ext. Form Area,Change Order ORD573-714-2004-B : Remaining Fences On Lagoon Area And Fuel Ext. Form Area,Construction,Services,93810,USD, ,Order
11238,RFQ-497-1246,MACRO,04 Nov 2014,RFQ,Haji G.S.,Delaram Fit Out_Supply Of JUNCTION BOX 4 Inch With COVER (ALEX BRAND),JUNCTION BOX 4 Inch With COVER (ALEX BRAND),Electrical,Electrical,7350,USD, ,Order
11239,RFQ-158-1245,MACRO,04 Nov 2014,RFQ,Rubaiya Z.B.,Delaram Fit Out_Supply Of WATER HOSE CONNECTOR 1/2*1/2,WATER HOSE CONNECTOR 1/2*1/2,Building Materials,Various,560,AED, ,Order
11240,RFQ-497-1242,MACRO,03 Nov 2014,RFQ,Ope E.D.,Delaram Fit Out_Supply Of ABOVE GROUND FUEL TANK STORAGE 10000 AND 38000 LITER,ABOVE GROUND FUEL TANK STORAGE 10000 AND 38000 LITER,Building Materials,Various,16325,USD, ,Order
11241,RFQ-497-1241,MACRO,30 Oct 2014,RFQ,Afi E.,Delaram Fit Out_Supply Of EXPLOSION PROOF FITTINGS AND SEALING COMPOUND,EXPLOSION PROOF FITTINGS AND SEALING COMPOUND,Electrical,Electrical,8487,EURO, ,Order
11242,RFQ-497-1240,MACRO,30 Oct 2014,RFQ,Sohail M.C.,Delaram Fit Out_Change Order ORD573-714-2004-A : SECONDARY ECP GATE REMAINING WORKS,Change Order ORD573-714-2004-A : SECONDARY ECP GATE REMAINING WORKS,Construction,Services,61500,USD, ,Order
11243,RFQ-497-1238,MACRO,30 Oct 2014,RFQ,Izocam T.V.,Delaram Fit Out_Supply Of Additional SANDWICH PANEL Accessories,Additional SANDWICH PANEL Accessories,Building Materials,Various,15931.2,USD, ,Order
11244,RFQ-497-1237,MACRO,29 Oct 2014,RFQ,Cortem M.E.,Delaram Fit Out_Supply Of EXPLOSION PROOF FITTING,EXPLOSION PROOF FITTING,Electrical,Electrical,68300,AED, ,Order
11245,Q-1014-1236,MICRON,29 Oct 2014,IQ,Prime O.G.,Prime Projects,Supply Of FM011 Moldable Firestop Putty,,,0,USD, ,Quotation
11246,RFQ-497-1235,MACRO,29 Oct 2014,RFQ,Gulf O.L.,Delaram Fit Out_Supply For INCANDESCENT LAMP FOR GUARD TOWER / SHACK LIGHTING FIXTURE,INCANDESCENT LAMP FOR GUARD TOWER / SHACK LIGHTING FIXTURE ? 220V ? 50HZ ? 100W,Electrical,Electrical,45,USD, ,Quotation
11247,RFQ-497-1234,MACRO,29 Oct 2014,RFQ,Medal B.E.,Delaram Fit Out_Supply Of Cold-Bended Steel Angle 50mm X 50mm X  1.5mmthick X 2.40m Long,Cold-Bended Steel Angle 50mm X 50mm X  1.5mmthick X 2.40m Long,Building Materials,Various,3141.4,USD, ,Order
11248,RFQ-497-1233,MACRO,29 Oct 2014,RFQ,Rubaiya Z.B.,Delaram Fit Out _Supply Of WATER HAMMER ARRESTOR,WATER HAMMER ARRESTOR,Building Materials,Various,714,AED, ,Order
11249,RFQ-497-1231,MACRO,28 Oct 2014,RFQ,Khan E.C.,Delaram Fit Out_SUPPLY OF WOOD BURNING STOVES AND ACCESSORIES,WOOD BURNING STOVES AND ACCESSORIES,Building Materials,Various,27400,USD, ,Order
11250,RFQ-497-1230,MACRO,28 Oct 2014,RFQ,Setaf I.L.,Delaram Fit Out_Supply Of ADDITIONAL GYPSUM BOARD 200 SHEETS - 12.50MM,ADDITIONAL GYPSUM BOARD 200 SHEETS - 12.50MM,Construction,Services,2380,USD, ,Order
11251,RFQ-497-1227,MACRO,28 Oct 2014,RFQ,Redland C.C.,Delaram Fit Out_SITE WORK - SUPPLY AND INSTALLATION - FUEL TANK CANOPY,Change Order A : SUPPLY AND INSTALLATION - FUEL TANK CANOPY,Building Materials,Various,65634.07,USD, ,Order
11252,RFQ-497-1226,MACRO,28 Oct 2014,RFQ,Ahi C.F.,Delaram Fit Out_Supply Of HEAT PUMP FOR MEDICAL,HEAT PUMP FOR MEDICAL,Mechanical Items,Mechanical,66050,USD, ,Order
11253,RFQ-497-1222,MACRO,27 Oct 2014,RFQ,Top L.C.,"Delram Fit Out_Supply Of RUBBER SHEET 5MM * 90CM WIDTH, CPVC SOLVENT CEMENT","RUBBER SHEET 5MM * 90CM WIDTH, CPVC SOLVENT CEMENT",Building Materials,Various,2800.88,USD, ,Order
11254,Q-1014-1221,MICRON,27 Oct 2014,IQ,Bhcc ,BHCC,3000 Gallons Of DC315 Thermal Barrier,,,180000,USD, ,Quotation
11255,Q-1014-1220,MICRON,27 Oct 2014,IQ,Road a.R.,Road And Roof Construction Company (RRCC),Supply Of Airless Spray Graco Ultra MAX II 795,,,13300,USD, ,Quotation
11256,RFQ-497-1218,MACRO,26 Oct 2014,RFQ,Milli F.,"Delaram Fit Out_Supply Of PVC PIPES AND FITTINGS [APLACO, SPEARS, AGM, MILLI-SCH 40]","PVC PIPES AND FITTINGS [APLACO, SPEARS, AGM, MILLI-SCH 40]",Building Materials,Various,3756.66,USD, ,Order
11257,RFQ-566-1217,MACRO,26 Oct 2014,RFQ,Al M.A.,Khas Khunar Fit Out_Supply Of GENERATOR PARTS 150KVA PERKINS,GENERATOR PARTS 150KVA PERKINS,Mechanical Items,Mechanical,3820.2,AED, ,Order
11258,RFQ-497-1216,MACRO,26 Oct 2014,RFQ,Al H.P.,"Delaram Fit Out_Supply Of PLUMBING - PVC, CPVC FITTINGS","PLUMBING - PVC, CPVC FITTINGS",Building Materials,Various,8092.7,AED, ,Order
11259,RFQ-497-1215,MACRO,23 Oct 2014,RFQ,Nase A.S.,Delaram Fit Out_Supply Of DIGITAL MULTI METER AND MEGGER TESTER,DIGITAL MULTI METER AND MEGGER TESTER,Mechanical Items,Mechanical,3040,AED, ,Order
11260,RFQ-573-1213,MACRO,23 Oct 2014,RFQ,Akbar M.G.,Delaram Fit Out_Site Work - Supply And Installation Of PUMP FOR WATER WELL RECTIFICATION,SITE WORK - SUPPLY AND INSTALL - PUMP FOR WATER WELL RECTIFICATION,Building Materials,Various,16245,USD, ,Order
11261,RFQ-497-1212,MACRO,23 Oct 2014,RFQ,Rahim G.C.,Delaram Fit Out_Supply Of GALVANIZED CORRUGATED SHEET,GALVANIZED CORRUGATED SHEET,Construction,Services,12000,USD, ,Quotation
11262,RFQ-573-1211,MACRO,23 Oct 2014,RFQ,Kamal B.C.,Delaram Fit OUt_SITE WORK - SUPPLY AND INSTALL - ASPHALT WORKS,Change Order A : SUPPLY AND INSTALL - ASPHALT WORKS,Building Materials,Various,26580,USD, ,Order
11263,RFQ-497-1210,MACRO,22 Oct 2014,RFQ,Rubaiya Z.B.,"Delaram Fit Out_Supply Of Plumbing - PVC, CPVC, BI Pipes And Fittings","Plumbing - PVC, CPVC, BI Pipes And Fittings",Building Materials,Various,15399.5,AED, ,Order
11264,Q-1014-1209,MICRON,22 Oct 2014,IQ,Accredited B.,Accredited  Builders,90 Tons Of Pre Painted Galavanized Steel And Lapolla Foam Lok 2000,,,295900,USD, ,Quotation
11265,Q-1014-1208,MICRON,22 Oct 2014,IQ,Road a.R.,Road And Roof Construction Company - Supply Of 3000 Gals DC315-Ex Work Herat,3000 Gallons  DC315 Thermal Barrier,,,186000,USD, ,Order
11266,Q-1014-1206,MICRON,21 Oct 2014,IQ,Ecc-i ,ECCI Porject 5999,Supply Of Benjamin Moore Paint,,,4520,USD, ,Quotation
11267,RFQ-158-1205,MACRO,21 Oct 2014,RFQ,Panel T.E.,Delaram Fit Out_Supply Of PANEL BOARDS,PANEL BOARDS,Building Materials,Various,259400,USD, ,Order
11268,RFQ-497-1204,MACRO,20 Oct 2014,RFQ,Ope E.D.,Delaram Fit Out_Supply Of Fuel System And Refuelling Station,FUEL SUPPLY SYSTEM AND REFUELING STATION,Fit Out Project,Architectural,109907.25,USD, ,Order
11269,RFQ-497-1203,MACRO,20 Oct 2014,RFQ,Afi E.,Delaram Fit Out Supply Of VIKO RECEPTACLE,VIKO DUPLEX RECEPTACLE,Electrical,Electrical,11919.26,USD, ,Order
11270,RFQ-497-1201,MACRO,19 Oct 2014,RFQ,Panel T.E.,Delaram Fit Out_Supply Of METAL BOX FOR VIKO RECEPTACLE,METAL BOX FOR VIKO RECEPTACLE,Electrical,Electrical,21880.4,USD, ,Order
11271,RFQ-158-1199,MACRO,19 Oct 2014,RFQ,Gulf O.L.,Delaram Fit Out_Supply Of Tornado 42W WW E27 Twister Lamp - Philips,Tornado 42W WW E27 Twister Lamp - Philips,Electrical,Electrical,8085,AED, ,Order
11272,RFQ-497-1198,MACRO,19 Oct 2014,RFQ,Ael ,Delaram Fit Out_Supply Of Refueling Station Lighting Fixtures - Appleton,Refueling Station Lighting Fixtures - Appleton,Electrical,Electrical,3393.48,GBP, ,Order
11273,RFQ-497-1196,MACRO,16 Oct 2014,RFQ,Haji C.C.,Delaram Fit Out_Supply Of  DIMMING BALLAST & EM BASIC KIT,DIMMING BALLAST & EM BASIC KIT,Electrical,Electrical,4890,AED, ,Order
11274,RFQ-158-1193,MACRO,16 Oct 2014,RFQ,Tic L.E.,Delaram Fit Out_Supply Of Additional Deco Light Emergency Light - Type [B],Additional Deco Light Emergency Light - Type [B],Electrical,Electrical,12385.2,USD, ,Order
11275,RFQ-158-1192,MACRO,16 Oct 2014,RFQ,Merchant I.I.,Delaram Fit Out_Supply Of Additional Lighting Fixture - AL2 [Topaz],Additional Lighting Fixture - AL2 [Topaz],Electrical,Electrical,1128,USD, ,Order
11276,RFQ-158-1191,MACRO,16 Oct 2014,RFQ,Industrial E.C.,Delaram Fit Out_Supply Of Additional Leviton Lampholder 9875 [AL1],Additional Leviton Lampholder 9875 - [AL1],Building Materials,Various,429,USD, ,Order
11277,RFQ-158-1190,MACRO,15 Oct 2014,RFQ,Sbs ,Delaram Fit Out_Supply Of H2S GAS DETECTOR - SBS,H2S GAS DETECTOR - SBS,Mechanical Items,Mechanical,10479,USD, ,Order
11278,RFQ-497-1189,MACRO,14 Oct 2014,RFQ,Dogan T.O.,Delaram Fit Out_Suplly Of FENCES AND ACCESORIES,DOGAN FENCES AND ACCESSORIES,Building Materials,Various,149613.98,USD, ,Order
11279,Q-1014-1187,MICRON,14 Oct 2014,IQ,Megatech I.,Megatech Inc - Suppy Of 1300 Gals DC315 - Kabul,Supply Of 1300 Gallons Of DC315 Thermal Barrier,,,80600,USD, ,Order
11280,RFQ-497-1184,MACRO,13 Oct 2014,RFQ,Afi E.,Delaram FIt Out_Supply Of EMT CONDUIT CONNECTOR 3/4,EMT CONDUIT CONNECTOR 3/4 INCHES,Electrical,Electrical,2732.65,USD, ,Order
11281,RFQ-497-1183,MACRO,13 Oct 2014,RFQ,Arj W.T.,Delaram Fit Out_Supply Of WATER HEATER - RE CIRCULATING PUMP - LOWARA (Xylem TLCH 32-12L),WATER HEATER - RE CIRCULATING PUMP - LOWARA (Xylem TLCH 32-12L),Mechanical Items,Mechanical,7500,AED, ,Order
11282,RFQ-497-1182,MACRO,12 Oct 2014,RFQ,Leminar A.C.,Delaram Fit Out Supply Of INLINE AND WALL FANS,"INLINE, WALL AND EXPROOF EXHAUST FANS",Mechanical Items,Mechanical,295800,AED, ,Order
11283,RFQ-497-1179,MACRO,09 Oct 2014,RFQ,Century M.S.,Delaram Fit Out_Supply Of SS DUCT - HVAC,SS DUCT - HVAC,Mechanical Items,Mechanical,83850,AED, ,Order
11284,RFQ-637-1178,MACRO,08 Oct 2014,RFQ,Haji G.S.,Kabul Fit Out_Supply Of 20 KVA GENERATOR (CHINA BRAND),20 KVA GENERATOR (CHINA BRAND),Electrical,Electrical,4200,USD, ,Order
11285,Q-1014-1177,MICRON,08 Oct 2014,IQ,Admiral ,Admiral,130 Gallons Of DC333 Fireproof Paint And  170 Gallons NCB-928,,,53800,USD, ,Quotation
11286,RFQ-497-1176,MACRO,08 Oct 2014,RFQ,Top L.C.,Delaram Fit Out_Supply Of CPVC SOLVENT CEMENT,CPVC SOLVENT CEMENT,Building Materials,Various,724,USD, ,Order
11287,RFQ-497-1174,MACRO,07 Oct 2014,RFQ,Medal B.E.,Delaram Fit Out_Supply Of GI PIPE AND STEEL PLATE FOR BOLLARDS AND HAND RAIL / STEEL RAILING,GI PIPE AND STEEL PLATE FOR BOLLARDS AND HAND RAIL / STEEL RAILING,Building Materials,Various,1590,USD, ,Order
11288,RFQ-497-1173,MACRO,07 Oct 2014,RFQ,Top L.C.,Delaram Fit Out_Supply Of  RUBBER SHEET AND CPVC SOLVENT CEMENT,RUBBER SHEET FOR HVAC,Construction,Services,2080,USD, ,Order
11289,Q-1014-1172,MICRON,02 Oct 2014,IQ,Ecc-i ,ECC Bahrain,81 Nos Of Speed Queen Washers,,,139754,USD,Raquel I.,Quotation
11290,Q-1014-1171,MICRON,01 Oct 2014,IQ,Bhcc ,BHCC - Supply Of 16000 Gals DC315 - Gamberi,16000 Gals DC315 Thermal Barrier,,,960000,USD,Raquel I.,Order
11291,RFQ-637-1169,MACRO,01 Oct 2014,RFQ,Medal B.E.,Kabul Fit Out_Supply Of MVL-PPE,MVL-PPE,Building Materials,Various,274,USD, ,Order
11292,Q-1014-1168,MICRON,01 Oct 2014,IQ,Ahlia C.C.,Ahlia Chemicals - Supply Of 300 Gals DC315-Kuwait Port,300 Gallons Of DC315 Thermal Barrier,,,19500,USD,Raquel I.,Order
11293,RFQ-573-1167,MACRO,30 Sep 2014,RFQ,United E.C.,Delaram Fit Out_Supply Of   Mitsubishi AC Units MODEL: MSH-A10 AND MODEL: MSH-A24,Mitsubishi AC Units MODEL: MSH-A10 AND MODEL: MSH-A24,Mechanical Items,Mechanical,14500,AED, ,Order
11294,RFQ-497-1166,MACRO,30 Sep 2014,RFQ,Izocam T.V.,Delaram Fit Out_Supply Of Sandwich Panel & Accessories IZOCAM,Sandwich Panel & Accessories IZOCAM,Sandwich Panel,Architectural,30417.42,USD, ,Order
11295,RFQ-497-1165,MACRO,30 Sep 2014,RFQ,Khan E.C.,Delaram Fir Out_Supply Of Wood Burning Stove,Supply Of Wood Burning Stove,Building Materials,Various,26400,USD, ,Quotation
11296,RFQ-573-1164,MACRO,30 Sep 2014,RFQ,Panel T.E.,Delaram Fit Out_Supply Of LIGHT POLE - 750W FOR AMMUNITION SUPPLY POINT,LIGHT POLE - 750W FOR AMMUNITION SUPPLY POINT,Building Materials,Various,0,USD, ,Quotation
11297,RFQ-573-1163,MACRO,29 Sep 2014,RFQ,Seval K.,Delaram Fit Out_Supply Of 4C X 500MM2 CABLE - SEVAL KABLO,4C X 500MM2 CABLE - SEVAL KABLO,Electrical,Electrical,160010,USD, ,Order
11298,RFQ-637-1161,MACRO,29 Sep 2014,RFQ, ,Kabul Fit Out_Supply INSTALLATION OF LSA,INSTALLATION OF LSA,LSA - Life Support Area,Services,168530,USD, ,Order
11299,Q-914-1160,MICRON,29 Sep 2014,IQ,Trade L.L.,Trade Links Ltd.,25 Sets Of Lapolla Polyurethane And DC15 Thermal Barrier,,,91900,USD,Raquel I.,Quotation
11300,RFQ-497-1159,MACRO,29 Sep 2014,RFQ,Akbar M.G.,Delaram Fit Out_Supply Of COLD STORAGE ROOM PACKAGE,COLD STORAGE ROOM PACKAGE,Building Materials,Various,77000,USD, ,Order
11301,RFQ-497-1158,MACRO,29 Sep 2014,RFQ,Industrial E.C.,Delaram Fit Out _Supply Of GRABBER LOX SCREW,GRABBER LOX SCREW,Building Materials,Various,426,USD, ,Order
11302,RFQ-497-1156,MACRO,28 Sep 2014,RFQ,Trident S.F.,Delaram Fit Out_Supply Of Prestige,Prestige Aluminum Flagpole - 12 Mtr,Building Materials,Various,105462.5,AED, ,Order
11303,RFQ-497-1155,MACRO,28 Sep 2014,RFQ,United C.&.,Delaram Fit Out_Supply Of MASTERTILE  530LM WHITE (TILE GROUT FOR CERAMIC TILES)AND GRAY (TILE GROUT FOR TERRAZO TILES),MASTERTILE  530LM WHITE (TILE GROUT FOR CERAMIC TILES)AND GRAY (TILE GROUT FOR TERRAZO TILES),Building Materials,Various,2085,USD, ,Order
11304,RFQ-637-1154,MACRO,28 Sep 2014,RFQ,Medal B.E.,Kabul Fit Out_Supply Of  SAFETY VESTS & HELMETS,MVL SAFETY VESTS & HELMETS,Building Materials,Various,1740,USD, ,Order
11305,Q-914-1153,MICRON,25 Sep 2014,IQ,Ecc-i ,Special Mission Wing Kandar Air Field - Supply Of Acrylic Sheet For Window,Acrylic Sheet For Window,,,4494,USD, ,Order
11306,RFQ-497-1152,MACRO,24 Sep 2014,RFQ,Ruya P.V.,Delaram Fit Out_Supply Of ALUMINUM DOORS,ALUMINUM DOORS,Doors,Architectural,296263,USD, ,Order
11307,RFQ-497-1151,MACRO,24 Sep 2014,RFQ,Rubaiya Z.B.,Delaram Fit Out_Supply Of KIMMCO PIPE INSULATION AND ALUMINUM TAPE,KIMMCO PIPE INSULATION AND ALUMINUM TAPE,Building Materials,Various,34926.22,USD, ,Order
11308,RFQ-158-1150,MACRO,24 Sep 2014,RFQ,Gmg D.T.,Delaram Fit Out_Supply Of VIKO RECEPTACLE,VIKO DUPLEX RECEPTACLE,Electrical,Electrical,12840.34,USD, ,Quotation
11309,RFQ-158-1149,MACRO,23 Sep 2014,RFQ,Panel T.E.,Delaram Fit Out_Supply Of VIKO DUPLEX RECEPTACLE BOX [FABRICATED],VIKO DUPLEX RECEPTACLE BOX [FABRICATED],Building Materials,Various,21880.4,USD, ,Quotation
11310,Q-914-1147,MICRON,23 Sep 2014,IQ,Kamal b.C.,Kamal Baba Constrcution And Production Material Company,Supply Of 120 Pcs Of Rodding Eye Aluminum-Model 101 DRE Brand Polypipe,,,3270,USD, ,Order
11311,RFQ-497-1146,MACRO,23 Sep 2014,RFQ,United E.C.,Delaram Fit Out_Supply Of MITSUBISHI AC UNIT - MSH-18 [SAME SUPPLIED BEFORE],MITSUBISHI AC UNIT - MSH-18 [SAME SUPPLIED BEFORE],Mechanical Items,Mechanical,2700,AED, ,Order
11312,RFQ-497-1145,MACRO,22 Sep 2014,RFQ,Gmg D.T.,Delaram Fit Out_Supply Of ELECTRO LINE OUTLET BOXES AND COVER CODED A,ELECTRO LINE OUTLET BOXES AND COVER CODED A,Building Materials,Various,4316,USD, ,Order
11313,RFQ-573-1144,MACRO,22 Sep 2014,RFQ,Cortem M.E.,Delaram Fit Out_Supply Of APPROVED EXPLOSION LIGHTING FIXTURE - CORTEM - J2 [Same Supplied Before],APPROVED EXPLOSION LIGHTING FIXTURE - CORTEM - J2 [Same Supplied Before],Electrical,Electrical,5856,AED, ,Order
11314,RFQ-497-1143,MACRO,22 Sep 2014,RFQ,Midas S.,Delaram Fit Out_Supply Of EYEWASH STATION - HAWS - SAME SUPPLIED BEFORE,EYEWASH STATION - HAWS - SAME SUPPLIED BEFORE,Building Materials,Various,1850,AED, ,Order
11315,RFQ-497-1142,MACRO,22 Sep 2014,RFQ,United C.&.,Delaram Fit Ouy_Supply Of MASTERTILE 200,BASF MASTERTILE 200,Building Materials,Various,750,USD, ,Order
11316,RFQ-497-1141,MACRO,21 Sep 2014,RFQ,Haji G.S.,Delaram Fit Out_Supply Of BOOT FOR MV Heatshrink Cable Breakouts 3C X 150MM2,BOOTS FOR MV Heatshrink Cable Breakouts 3C X 150MM2,Electrical,Electrical,1750,USD, ,Quotation
11317,RFQ-497-1140,MACRO,21 Sep 2014,RFQ,Capstone C.F.,Delaram Fit Out_Supply Of Capstone Firebricks,CAPSTONE FIREBRICKS,,,42625,AED, ,Order
11318,RFQ-497-1139,MACRO,18 Sep 2014,RFQ,Ikizler A.A.,Delaram Fit Out_Supply Of IKIZLER EXIT SIGN [SAME AS SUPPLIED BEFORE],IKIZLER EXIT SIGN [SAME AS SUPPLIED BEFORE],Electrical,Electrical,9329.5,EURO, ,Order
11319,RFQ-497-1138,MACRO,18 Sep 2014,RFQ,Gulf O.L.,Delaram Fit Out_Supply Of GEWISS ROTARY SWITCHES [2 POLE AND 4 POLE],GEWISS ROTARY SWITCHES [2 POLE AND 4 POLE],Building Materials,Various,16500,USD, ,Order
11320,RFQ-497-1137,MACRO,17 Sep 2014,RFQ,Rubaiya Z.B.,Delaram Fit Out_Supply Of CPVC 90 DEG ELBOW AND PIPE HANGER GALVANISED ADDITIONAL REQUIREMENT,CPVC 90 DEG ELBOW AND PIPE HANGER GALVANISED ADDITIONAL REQUIREMENT,Building Materials,Various,4780,AED, ,Order
11321,RFQ-497-1135,MACRO,15 Sep 2014,RFQ,Gulf O.L.,"Delaram Fit Out_Supply Of TORNADO 42W WW E27 220-240V [FOR LIGHTING FIXTURE AL1, AL2 & AL3]","TORNADO 42W WW E27 220-240V [FOR LIGHTING FIXTURE AL1, AL2 & AL3]",Electrical,Electrical,113312.5,AED, ,Order
11322,Q-914-1134,MACRO,15 Sep 2014,IQ,The V.C.,AFGHAN TAXES TO BE PAID TO MINISTRY OF FINANCE - AFG,AFGHAN TAXES TO BE PAID TO MINISTRY OF FINANCE - AFG,,,474865,USD, ,Quotation
11323,RFQ-497-1132,MACRO,14 Sep 2014,RFQ,United C.&.,"Delaram Fit Out_Supply Of CERAMIC TILES, TILE ADHESIVE MASTERTILE 30","CERAMIC TILES, TILE ADHESIVE MASTERTILE 30",Building Materials,Various,10897,USD, ,Order
11324,RFQ-497-1131,MACRO,14 Sep 2014,RFQ,Tic L.E.,Delaram Fit Out_Supply Of DECO LIGHTING FIXTURE EMERGENCY BATTERY PACK -[B] DCX-1236-WH-2250,DECO LIGHTING FIXTURE EMERGENCY BATTERY PACK -[B] DCX-1236-WH-2250,Electrical,Electrical,39143.3,USD, ,Order
11325,RFQ-497-1130,MACRO,14 Sep 2014,RFQ,Aw R.L.,Delaram Fit Out_Supply Of GRANDLITE LIGHTING FIXTURE [D] VT956,GRANDLITE LIGHTING FIXTURE [D] VT956,Electrical,Electrical,6944,AED, ,Order
11326,RFQ-497-1128,MACRO,14 Sep 2014,RFQ,Industrial E.C.,"Delaram Fit Out_Supply Of 1ST & 2ND STAGE EMERSON REGULATOR, PACIFIC SEISMIC SHUT OFF VALVE, FUSIBLE LINK VALVE BI-TORQ","1ST & 2ND STAGE EMERSON REGULATOR, PACIFIC SEISMIC SHUT OFF VALVE, FUSIBLE LINK VALVE BI-TORQ",Building Materials,Various,883.85,USD, ,Order
11327,RFQ-497-1127,MACRO,11 Sep 2014,RFQ,Rubaiya Z.B.,"Delaram Fit Out_Supply Of FLEXIBLE CONNECTOR, 1?, Union Type, RBM Flex","FLEXIBLE CONNECTOR, 1?, Union Type, RBM Flex",Building Materials,Various,120,AED, ,Order
11328,RFQ-497-1126,MACRO,11 Sep 2014,RFQ,Sts E.,Delaram Fit Out_Supply Of STS CABLE TRAY AND ACCESSORIES,STS CABLE TRAY AND ACCESSORIES,Electrical,Electrical,12299,USD, ,Order
11329,RFQ-497-1125,MACRO,11 Sep 2014,RFQ,Cortem M.E.,Delaram Fit Out_Supply Of CORTEM EXPLOSION PROOF LIGHTING FIXTURE - J & J2,CORTEM EXPLOSION PROOF LIGHTING FIXTURE - J & J2,Electrical,Electrical,108136,AED, ,Order
11330,Q-914-1124,MICRON,10 Sep 2014,IQ,Afghanistan R.A.,"Supply Of 125 Gallons DC315 - Ex Works, Herat",Supply Of 125 Gallons Of DC315 Thermal Barrier,,,7875,USD, ,Order
11331,RFQ-497-1123,MACRO,10 Sep 2014,RFQ,Merchant I.I.,Delaram Fit Out_Supply Of TOPAZ AND KILLARK LIGHTING FIXTURE JELLY JAR - AL2 & AL3,TOPAZ AND KILLARK LIGHTING FIXTURE JELLY JAR - AL2 & AL3,Electrical,Electrical,44879.08,USD, ,Order
11332,RFQ-497-1122,MACRO,10 Sep 2014,RFQ,Rubaiya Z.B.,Delaram Fit Out_Supply Of ANBISOLUTIONS-RBM FLEX,APPROVED RUBBER EXPANSION JOINT,Building Materials,Various,120,AED, ,Quotation
11333,RFQ-497-1121,MACRO,09 Sep 2014,RFQ,Maxell I.L.,Delaram Fit Out_Supply Of MAXELL DUCT HEATER,MAXELL DUCT HEATER,Mechanical Items,Mechanical,256309.5,AED, ,Order
11334,RFQ-497-1120,MACRO,09 Sep 2014,RFQ,Leminar A.C.,Delaram Fit Out_Supply Of APPROVED CASAL EXHAUST FANS,APPROVED CASAL EXHAUST FANS,Mechanical Items,Mechanical,87235.8,AED, ,Order
11335,RFQ-497-1117,MACRO,09 Sep 2014,RFQ,Pitsan M.S.,Delaram Fit Out_Supply Of Pitsan Exproof Electrical Unit Heaters,Pitsan Exproof Electrical Unit Heaters,Building Materials,Various,59400,USD, ,Order
11336,RFQ-573-1116,MACRO,08 Sep 2014,RFQ,Medal B.E.,Delaram Fit Out_Supply Of WIRE PULLING LUBRICANT - 3M,WIRE PULLING LUBRICANT - 3M,Building Materials,Various,1710,USD, ,Order
11337,RFQ-497-1115,MACRO,08 Sep 2014,RFQ,Setaf I.L.,Delaram Fit Out_Suppl Of STANDARD PLYWOOD. 4FT X 8FT X 18MM,STANDARD PLYWOOD. 4FT X 8FT X 18MM,Transportation,Logistics,1125,USD, ,Order
11338,RFQ-497-1113,MACRO,08 Sep 2014,RFQ,Haji G.S.,Delaram Fit Out_Supply Of FRANCIS SEARCH LIGHT 1000-WATTS (FR-300CP),FRANCIS SEARCH LIGHT 1000-WATTS (FR-300CP),Electrical,Electrical,11100,USD, ,Order
11339,RFQ-497-1111,MACRO,08 Sep 2014,RFQ,United C.&.,Delaram Fit Out_Supply Of Tile Adhesive Mastertile 30,Tile Adhesive Mastertile 30,Building Materials,Various,5018.5,USD, ,Order
11340,Q-914-1109,MICRON,06 Sep 2014,IQ,Afghanistan R.A.,250 Gallons Of DC315 - Ex Works Herat,250 Gallons Of DC315 - Ex Works Herat,,,15750,USD, ,Order
11341,Q-914-1107,MICRON,03 Sep 2014,IQ,Ecc-i ,Projecr ECCI 5999,Transportation Of 6 Drums QD Primer,,,3250,USD, ,Quotation
11342,RFQ-497-1106,MACRO,03 Sep 2014,RFQ,Haven F.&.,Delaram Fit Out_Supply Of ADDRESSABLE FIRE ALARM DEVICE - COOPER,ADDRESSABLE FIRE ALARM DEVICE- COOPER,Building Materials,Various,216555,AED, ,Order
11343,RFQ-573-1105,MACRO,03 Sep 2014,RFQ,Tekmark I.F.,"Delaram Fit Out_Supply Of POWERHOUSE STEEL DOORS - TYPE D1, D2, D3, D5","POWERHOUSE STEEL DOORS - TYPE D1, D2, D3, D5",Windows,Architectural,13507,AED, ,Order
11344,RFQ-497-1104,MACRO,02 Sep 2014,RFQ,Aw R.L.,Delaram Fit Out_Supply Of GRANDLITE SM353 LIGHTING FIXTURE,GRANDLITE SM353 LIGHTING FIXTURE,Electrical,Electrical,46020,AED, ,Order
11345,RFQ-497-1103,MACRO,02 Sep 2014,RFQ,Gmg D.T.,Delaram Fit Out_Supply Of ELECTROLINE EMT CONDUIT AND ELECTROLINE CONDUIT STRAP 2 HOLE 3/4,ELECTROLINE EMT CONDUIT AND CONDUIT STRAP 2 HOLE 3/4 INCHES,Electrical,Electrical,40530,USD, ,Order
11346,RFQ-158-1102,MACRO,01 Sep 2014,RFQ,Khan E.C.,Delaram Fit Out_Supply Of Galvanized Grates And Galvanized Angle,GALVANIZED GRATES AND GALVANIZED ANGLE,Building Materials,Various,30300,USD, ,Order
11347,Q-814-1101,MICRON,31 Aug 2014,IQ,Ecc-i ,ECCI Project 5999,"Supply Of 6 Drums Of QD Primer, 20 Ltr. Color: Red",,,3300,USD, ,Quotation
11348,Q-814-1098,MICRON,31 Aug 2014,IQ,Afghanistan R.A.,"Supply Of 250 Gallons Of DC315 Thermal Barrier - Ex Works, Herat, Afghanistan",250 Gallons Of DC315 Thermal Barrier,,,15750,USD, ,Order
11349,RFQ-566-1097,MACRO,31 Aug 2014,RFQ,Shah C.C.,Khas Khunar Project_Supply Of Consumables,CONSUMABLES,Construction,Services,2385.9,USD, ,Order
11350,RFQ-497-1096,MACRO,31 Aug 2014,RFQ,Haji G.S.,Delaram Fit Out_Supply Of DUCAB 2.5MM2 CABLE. SOLID. NYY,DUCAB 2.5MM2 CABLE. SOLID. NYY,Electrical,Electrical,5040,USD, ,Order
11351,RFQ-497-1095,MACRO,28 Aug 2014,RFQ,Seval K.,Delaram Fit Out_Supply Of SEVAL BLACK 3C X 4MM2 NYY CABLE,SEVAL BLACK 3C X 4MM2 NYY CABLE,Electrical,Electrical,11300,USD, ,Order
11352,Q-814-1093,MICRON,28 Aug 2014,IQ,Contrack I.I.,Job 277 Garrison Support Kandak KAIA - Supply Of 26 Sets Lapolla And 655 DC315 - PO277-0088-A-QA,26 Sets Of Lapolla Polyurethane And 655 Gallons Of DC315,,,111475,USD, ,Order
11353,RFQ-497-1092,MACRO,28 Aug 2014,RFQ,Gmg D.T.,Delaram Fit Out_Supply Of MK Switches [S3 & S4],MK SWITCHES [S3 & S4],Electrical,Electrical,8903.34,GBP, ,Order
11354,RFQ-573-1091,MACRO,28 Aug 2014,RFQ,Haji G.S.,Delaram Fit Out_Supply Of COPPER CABLE LUG,COPPER CABLE LUG,Electrical,Electrical,3107.4,USD, ,Order
11355,RFQ-158-1090,MACRO,28 Aug 2014,RFQ,Rubaiya Z.B.,Delaram Fit Out_Supply Of Additional Plumbing Material,"Additional CPVC, GI, BI Fittings And Supports",Building Materials,Various,6045.65,AED, ,Order
11356,RFQ-158-1089,MACRO,28 Aug 2014,RFQ,Al H.P.,Delaram Fir Out_Supply Of Additional Plumbing Materials,Additional CPVC PIPES AND FITTINGS,Building Materials,Various,8123.58,AED, ,Order
11357,Q-814-1087,MICRON,28 Aug 2014,IQ,Metag ,Djbouti Project,Knauf Gypsuboard,,,15929,USD, ,Quotation
11358,RFQ-497-1086,MACRO,27 Aug 2014,RFQ,Aziz U.N.,Delaram Fit Out_Supply Of JOTUN JOLLYFIX PAINT SYSTEM FOR 919.60M2,JOTUN JOLLYFIX PAINT SYSTEM FOR 919.60M2,Paints,Architectural,1275,USD, ,Order
11359,RFQ-497-1085,MACRO,27 Aug 2014,RFQ,Setaf I.L.,Delaram Fit Out_Supply Of GYPSUM BOARD MR 12.50MM. And Plywood For Comm.,GYPSUM BOARD MR 12.50MM. And Plywood For Comm.,Transportation,Logistics,8802,USD, ,Order
11360,RFQ-158-1084,MACRO,27 Aug 2014,RFQ,Medal B.E.,Delaram Fit Out_Supply Of ELFY-SIL GP SILICON SEALANT. 300ML,ELFY-SIL GP SILICON SEALANT. 300ML,Building Materials,Various,960,USD, ,Order
11361,RFQ-497-1083,MACRO,27 Aug 2014,RFQ,Khan E.C.,Delaram Fit Out_Supply Of Cast Iron Trench Drain Grating,Cast Iron Trench Drain Grating,,,3494,USD, ,Order
11362,RFQ-497-1080,MACRO,26 Aug 2014,RFQ,Haji G.S.,Delaram Fit Out_Supply Of Arrow Pipe And Prysmian Cable,ARROW PIPE AND 3C X 4MM2 PRYSMIAN CABLE,,,48267,USD, ,Order
11363,Q-814-1079,MICRON,24 Aug 2014,IQ,Prime O.G.,Prime One Group General Trading -Kuwait,Supply Of 300 Gallons Of DC315 Thermal Barrier,,,19500,USD, ,Quotation
11364,Q-814-1078,MACRO,23 Aug 2014,IQ,Mvl G.,Fit Out Kabul - W912DQ-12-C-4004 - Construction Of Ministry Of Interior (MOI-NPCC),MOI-NPCC Fit Out,,,0,USD, ,Order
11365,RFQ-497-1076,MACRO,21 Aug 2014,RFQ,Haji G.S.,Delaram Fit Out_Supply Of Conduit Connector ALEX TC-602,CONDUIT CONNECTOR ALEX TC-602,Electrical,Electrical,1200,USD, ,Order
11366,RFQ-497-1075,MACRO,20 Aug 2014,RFQ,United C.&.,Delaram Fit Out_Supply Of TILE GROUT BASF Mastertile,Tile Grout BASF Mastertile 530LM,Building Materials,Various,1260,USD, ,Order
11367,Q-814-1074,MICRON,20 Aug 2014,IQ,Metag ,Djbouti Project,Supply Of 612 Sheets Of Knauf Gypsum Board,,,10886.8,USD, ,Quotation
11368,RFQ-497-1073,MACRO,20 Aug 2014,RFQ,Medal B.E.,Delaram Fit Out_Supply Of Wall Mounted Sink Mixer BT Splendour,Wall Mounted Sink Mixer BT Splendour,Building Materials,Various,8370,USD, ,Order
11369,RFQ-497-1072,MACRO,20 Aug 2014,RFQ,Junaid S.E.,Delaram Fit Out_Supply Of Wall Mounted Sink Mixer Jomix L6012,Wall Mounted Sink Mixer JOMIX L6012,Sanitary and Toilet Accessories,Architectural,22200,AED, ,Order
11370,Q-814-1071,MICRON,19 Aug 2014,IQ,Metag ,Djibouti Project,"Supply Of 28 Nos Of Steel Doors, 1 Vault Door And 54 Aluminum Fixed Windows",,,38954,USD, ,Quotation
11371,Q-814-1070,MICRON,19 Aug 2014,IQ,Ecc-i ,ECCI Project 5999,Supply Of 50 Bags Of Master Top 538,,,7650,USD, ,Quotation
11372,RFQ-497-1069,MACRO,18 Aug 2014,RFQ,Pishtazan S.K.,Delaram Fit Out_Supply Of TILE GROUT BASF Mastertile,TILE GROUT BASF MASTERTILE 530,Building Materials,Various,1820,USD, ,Order
11373,Q-814-1068,MICRON,18 Aug 2014,IQ,Ecc-i ,ECCI  Project 5999,18 Gallons Of Benjamin Moore Paint,,,3690,USD, ,Quotation
11374,RFQ-158-1067,MACRO,17 Aug 2014,RFQ,Haji G.S.,Delaram Fit Out_Supply Of Fire Alarm Cable,DRAKA FIRE ALARM CABLE - FT30 FIRETUF,Electrical,Electrical,23000,USD, ,Order
11375,RFQ-497-1063,MACRO,17 Aug 2014,RFQ,Hydam I.L.,Delaram Fit Out_Supply Of Wall Bumper - Acrovyn Model SCR - 50N,ACROVYN WALL BUMPER MODEL SCR - 50 N,Building Materials,Various,13240,AED, ,Order
11376,Q-814-1062,MICRON,17 Aug 2014,IQ,Shah F.C.,Shah Fisal Construction Company - Supply Of 175 Gals DC-315 Thermal Barrier,175 Gals DC-315 Thermal Barrier,,,11025,USD, ,Order
11377,Q-814-1061,MICRON,17 Aug 2014,IQ,Afghanistan R.A.,Afghanistan Rehabilitation And Architecture Organized Co.,775 Gals Of DC315 Thermal Barrier,,,48825,USD, ,Order
11378,RFQ-497-1060,MACRO,14 Aug 2014,RFQ,As K.&.,Delaram Fit Out_Supply Of Terrazo Tiles,TERRAZO TILES,Sanitary and Toilet Accessories,Architectural,4012.5,USD, ,Quotation
11379,Q-814-1059,MICRON,14 Aug 2014,IQ,Ecc-i ,Camp Garmsir - Supply Of Belimo-SM 230 Damper Actuator - PO 346047,Belimo-SM 230 Damper Actuator,,,6075,USD, ,Order
11380,RFQ-497-1058,MACRO,14 Aug 2014,RFQ,Industrial E.C.,Fit Out_Supply Of Back Flow Preventer - ZURN,ZURN BACK FLOW PREVENTER,Building Materials,Various,14685.75,USD, ,Order
11381,Q-814-1057,MICRON,14 Aug 2014,IQ,Empire T.C.,Empire Trading Co. LLC,DC315 Thermal Barrier,,,123750,AED, ,Quotation
11382,RFQ-497-1056,MACRO,14 Aug 2014,RFQ,Izocam T.V.,"Fit Out_Supply Of Wall Panel, Ceiling Panel And Accesories","WALL PANEL, CEILING PANEL AND ACCESORIES",Sandwich Panel,Architectural,75193.91,USD, ,Order
11383,RFQ-497-1055,MACRO,13 Aug 2014,RFQ,Mercury S.I.,Delaram Fit Out_Supply Of SINK STRAINER BASKET - PEX,SINK STRAINER BASKET - PEX,Building Materials,Various,9100,AED, ,Order
11384,RFQ-573-1054,MACRO,13 Aug 2014,RFQ,Tekmark I.F.,Delaram Fit Out_Supply Of Aluminum |Windows And W4,ALUMINUM WINDOWS [W1 And W4],Windows,Architectural,75568,AED, ,Order
11385,Q-814-1053,MICRON,13 Aug 2014,IQ,Accu ,ACCU Afghanistan Project - Supply Of 3000 Gals Of DC315 Thermal Barrier,3000 Gals Of DC315 Thermal Barrier,,,183000,USD, ,Order
11386,Q-814-1052,FIRESTOP,13 Aug 2014,IQ,Empire T.C.,Empire Trading LLC,DC315 Thermal Barrier,,,9625,AED, ,Order
11387,RFQ-497-1051,MACRO,12 Aug 2014,RFQ,Gerpa E.T.,Delaram Fit Out_Supply Of Cable Trunking,GERPAAS CABLE TRUNKING,Electrical,Electrical,60395.62,USD, ,Order
11388,RFQ-497-1050,MACRO,12 Aug 2014,RFQ,Medal B.E.,"Delaram Fit Out_Supply Of GI Angle, Rubber Sheet And Pipe Support","GI Angle, Rubber Sheet And Pipe Support",Building Materials,Various,21920,USD, ,Order
11389,RFQ-566-1049,MACRO,11 Aug 2014,RFQ,Shah C.C.,"Khas Khunar Project_Supply Of Fuel, Vehicles And Waste Disposal","Fuel, Vehicles And Waste Disposal",Construction,Services,34640,USD, ,Order
11390,RFQ-158-1047,MACRO,07 Aug 2014,RFQ,Haven F.&.,Delaram Fit Out_Supply Of Deep Bases For Solex And Sounder Beacon,Deep Bases For Solex And Sounder Beacons,Building Materials,Various,5350,AED, ,Order
11391,RFQ-497-1045,MACRO,06 Aug 2014,RFQ,Jijibla T.L.,Delaram Fit Out_Supply Of WIKA Pressure Gauge And Gauge Cock,WIKA Pressure Gauge And Gauge Cock,Building Materials,Various,4290,AED, ,Order
11392,RFQ-497-1044,MACRO,04 Aug 2014,RFQ,Century M.S.,"Delaram Fit Out_Supply Of Air Outlets, Louvers And GI Ductwork","Air Outlets, Louvers And GI Ductwork",Mechanical Items,Mechanical,92000,AED, ,Order
11393,Q-814-1043,MICRON,04 Aug 2014,IQ,Reliable C.G.,Reliable City General Trading,DC315 Thermal Barrier,,,166250,USD, ,Quotation
11394,RFQ-497-1042,MACRO,04 Aug 2014,RFQ,Century M.S.,Delaram Fit Out_Supply Of M.S. Ducting For DFAC,Pre Fabricated M.S Ducting For DFAC,Mechanical Items,Mechanical,37240,AED, ,Order
11395,RFQ-158-1041,MACRO,04 Aug 2014,RFQ,Century M.S.,Delaram Fit Out_Supply Of Aluminium Filter EXCELAIR,Aluminium Filter - EXCELAIR,Mechanical Items,Mechanical,29200,AED, ,Order
11396,RFQ-573-1040,MACRO,03 Aug 2014,RFQ,Arabian E.S.,Delaram Fit Out_Supply Of Aluminum Sliding Windows,Supply Of Aluminum Sliding Windows,Doors,Architectural,20872,USD, ,Quotation
11397,RFQ-497-1039,MACRO,03 Aug 2014,RFQ,Gmg D.T.,Delaram Fit Out_Supply Of Electroline EMT Conduit Connector,Supply Of Electroline EMT Conduit Connector,Electrical,Electrical,8035.2,USD, ,Order
11398,RFQ-497-1038,MACRO,03 Aug 2014,RFQ,Seval K.,Delaram Fit Out_Supply Of Seval Cables,Supply Of Seval Cables,Electrical,Electrical,120068.8,USD, ,Order
11399,Q-814-1037,MICRON,03 Aug 2014,IQ,Shah F.C.,Shah Fisal Construction Company,DC315 Thermal Barrier,,,25200,USD, ,Order
11400,RFQ-497-1036,MACRO,30 Jul 2014,RFQ,Rubaiya Z.B.,"Delaram Fit Out_ Supply Of Hot Water Line, Supports And Air Compressor Line","Supports,  Air Compressor Line And Hot Water Line",Building Materials,Various,14703.6,AED, ,Order
11401,RFQ-497-1035,MACRO,30 Jul 2014,RFQ,Century M.S.,Delaram Fit Out-Supply Of HVAC Accessories,Supply Of HVAC Accessories,Mechanical Items,Mechanical,18060,AED, ,Order
11402,RFQ-497-1034,MACRO,30 Jul 2014,RFQ,Century M.S.,Delaram Fit Out_Supply Of GD Items For MEDICAL & DFAC,Supply Of GD Items For MEDICAL & DFAC,Mechanical Items,Mechanical,9300,AED, ,Order
11403,RFQ-497-1033,MACRO,30 Jul 2014,RFQ,Century M.S.,Delaram Fit Out_Supply Of VCD For MEDICAL,Supply Of Volume Control Dampers For MEDICAL,Mechanical Items,Mechanical,1700,AED, ,Order
11404,RFQ-497-1032,MACRO,30 Jul 2014,RFQ,Century M.S.,Delaram Fit Out_Supply Of Spiral Ductwork For MEDICAL,Supply Of Spiral Ductwork For MEDICAL,Mechanical Items,Mechanical,7900,AED, ,Order
11405,RFQ-497-1031,MACRO,30 Jul 2014,RFQ,Century M.S.,Delaram Fit Out_Supply Of GI Ductwork For MEDICAL,Supply Of GI Ductwork For MEDICAL,Mechanical Items,Mechanical,64472.1,AED, ,Order
11406,RFQ-497-1030,MACRO,30 Jul 2014,RFQ,Century M.S.,Delaram Fit Out_Supply Of VCD For DFAC Large,Supply Of Volume Control Dampers For DFAC Large,Mechanical Items,Mechanical,3300,AED, ,Order
11407,RFQ-497-1029,MACRO,30 Jul 2014,RFQ,Century M.S.,Delaram Fit Out_Supply Of GI Ductwork For DFAC Large,Supply Of GI Ductwork For DFAC Large,Mechanical Items,Mechanical,22235,AED, ,Order
11408,RFQ-497-1028,MACRO,30 Jul 2014,RFQ,Century M.S.,Delaram Fit Out_Supply Of Air Outlets For MEDICAL & DFAC - EXCELAIR,Supply Of Air Outlets For MEDICAL AND DFAC - EXCELAIR,Mechanical Items,Mechanical,2400,AED, ,Order
11409,RFQ-497-1027,MACRO,30 Jul 2014,RFQ,Century M.S.,Delaram Fit Out_Supply Of VCD And MVCD,Supply Of VCD And  MVCD,Mechanical Items,Mechanical,31300,AED, ,Order
11410,RFQ-497-1026,MACRO,30 Jul 2014,RFQ,Century M.S.,Delaram Fit Out_Supply Of GI Ductwork And Spiral Ductwork,GI Ductwork  And   Spiral Ductwork,Mechanical Items,Mechanical,71500,AED, ,Order
11411,RFQ-158-1025,MACRO,30 Jul 2014,RFQ,Century M.S.,Delaram Fit Out_Supply Of GS & BS (Aluminium Filter),Supply Of GS & BS (Aluminium Filter),Mechanical Items,Mechanical,4774,AED, ,Quotation
11412,RFQ-158-1024,MACRO,30 Jul 2014,RFQ,Century M.S.,Delaram Fit Out_Supply Of GS & BS (Aluminium Filter),Supply Of GS & BS (Aluminium Filter),Mechanical Items,Mechanical,3750,AED, ,Order
11413,RFQ-158-1023,MACRO,30 Jul 2014,RFQ,Century M.S.,Delaram Fir Out_Supply Of Volume Control Damper,Volume Control Damper,Mechanical Items,Mechanical,1215,AED,Maricar I.,Order
11414,Q-714-1022,MICRON,30 Jul 2014,IQ,Ecc-i ,ECCI Project  5999_Supply Of Sikaflex Construction And Sika Selant Gun,Sikaflex Construction   Sika Sealant Gun,,,4715,USD, ,Quotation
11415,Q-714-1021,MICRON,30 Jul 2014,IQ,Ecc-i ,ECCI Project  5999_Supply Of Sikaflex Construction And Sika Selant Gun,Sikaflex Construction   Sika Sealant Gun,,,4715,USD, ,Quotation
11416,Q-714-1020,MICRON,27 Jul 2014,IQ,Contrack I.I.,"Job 277 Garrison Support Kandak,SMS KAIA - PO 277-0078-A-QA-A1",765 Gallons Of DC315 Thermal Barrier,,,49725,USD, ,Order
11417,Q-714-1019,MICRON,24 Jul 2014,IQ,Afghanistan R.A.,Afghanistan Rehabilitation And Architecture Organized Co.,750 Gals DC315 Thermal Barrier,,,47250,USD, ,Order
11418,Q-714-1018,MICRON,24 Jul 2014,IQ,Ecc-i ,ECCI Project 5999 - Supply Of Pilot QD Primer - Red,Pilot II QD Primer - Red,,,5378,USD, ,Order
11419,RFQ-497-1017,MACRO,23 Jul 2014,RFQ,Milli F.,Delaram Ft Out_Supply Of Sewage Line And Cold Waterline PVC Pipes And Fittings,Sewage Line And Cold Waterline PVC Pipes And Fittings,Building Materials,Various,18555.72,USD, ,Order
11420,RFQ-497-1016,MACRO,23 Jul 2014,RFQ,Haji G.S.,Delaram Fit Out_Supply Of EMT Conduit Connector 3/4 In,EMT Conduit Connector 3/4 In,Electrical,Electrical,3000,USD, ,Order
11421,RFQ-497-1015,MACRO,23 Jul 2014,RFQ,Al H.P.,Delaram Fit Out_Supply Of Hot Water Line And Cold Waterline CPVC & PVC Pipes And Fittings,Hot Water Line And Cold Waterline CPVC,Building Materials,Various,68276.31,AED, ,Order
11422,Q-714-1014,MICRON,23 Jul 2014,IQ,Ecc-i ,"SMW Project , Kandahar - Supply Of 50 Gallons Of DC315 Thermal Barrier",50 Gallons Of DC315 Thermal Barrier,,,4250,USD, ,Order
11423,RFQ-497-1013,MACRO,22 Jul 2014,RFQ,Ruya P.V.,Delaram Fir Out_Supply Of PVC Doors,PVC DOORS,Doors,Architectural,59400,USD, ,Order
11424,RFQ-497-1012,MACRO,22 Jul 2014,RFQ,Rubaiya Z.B.,Delaram Fit Out_Supply Of Crane Ball Valves & Pegler Check Vlaves,CRANE BALL VALVES & PEGLER CRANE VALVES,Building Materials,Various,55000,AED, ,Order
11425,RFQ-158-1011,MACRO,22 Jul 2014,RFQ,Gulf O.L.,Fit Out Delaram_Supply Of Gewiss Disconnect Switch - GW70434,Gewiss Disconnect Switch - GW70434,Electrical,Electrical,84420,AED, ,Order
11426,RFQ-158-1009,MACRO,21 Jul 2014,RFQ,Al T.E.,Delaram Fit Out_Supply Of STEGO Thermostat - FZ011.01170.0-00,STEGO Thermostat - FZ011.01170.0-00,Electrical,Electrical,4800,AED, ,Order
11427,RFQ-497-1008,MACRO,21 Jul 2014,RFQ,United C.&.,Delaram Fit Out_Supply Of Sanitary Accessories,SANITARY ACCESSORIES,Building Materials,Various,62983,USD, ,Order
11428,RFQ-497-1007,MACRO,21 Jul 2014,RFQ,Setaf I.L.,Delaram Fit Out_Supply Of Gypsum Board And Baumacol Grout,Gypsum Board And Baumacol Grout,Transportation,Logistics,22748,USD, ,Order
11429,RFQ-497-1006,MACRO,21 Jul 2014,RFQ,Al H.M.,Delaram Fit Out_Supply Of Toilet Accessories,SUPPLY OF TOILET ACCESSSORIES,,,243464.41,AED, ,Order
11430,RFQ-573-1005,MACRO,20 Jul 2014,RFQ,Universal D.P.,"Delaram Fit Out_Supply Of Cylinder, Panic Bar And Double Door Strike","CYLINDER, PANIC BAR AND DOUBLE STRIKE DOOR",Doors,Architectural,38395,AED, ,Order
11431,RFQ-573-1004,MACRO,20 Jul 2014,RFQ,Consort A.H.,Delaram Fit Out_Supply Of Door Accesories,Door Closer Plate And Cylinder - Consort,Doors,Architectural,15925,AED, ,Order
11432,RFQ-573-1003,MACRO,20 Jul 2014,RFQ,Arabian E.S.,Delaram Fit Out_Supply Of Door And Door Accesories,Door And Door Accesories,Doors,Architectural,22354.5,USD, ,Order
11433,RFQ-497-1002,MACRO,20 Jul 2014,RFQ,Bin M.&.,Delaram Fit Out_Supply Of Polypipe - 110mm Rodding Eye Aluminum,Polypipe - 110mm Rodding Eye Aluminum,,,22207.5,AED, ,Order
11434,Q-714-1001,MACRO,20 Jul 2014,IQ,Mvl G.,Fit Out Delaram - W5J9LE-11-C-0034; Lakeshore Project No. L1U07 - Prime Contract,Delaram Fit Out - Prime Scope,,,0,USD, ,Order
11435,RFQ-158-1000,MACRO,20 Jul 2014,RFQ,World B.G.,Delaram Fit Out_Supply Of STEGO Thermostat - FZ011.01170.0-00,STEGO Thermostat - FZ011.01170.0-00,Electrical,Electrical,9462,AED, ,Order
11436,RFQ-158-994,MACRO,07 Jul 2014,RFQ,Top L.C.,"Delaram Fit Out_Supply Of PVC CONNECTOR,RUBBER BUSHING,TIE ROD CONNECTOR","PVC CONNECTOR,RUBBER BUSHING,TIE ROD CONNECTOR",,,9942.8,USD, ,Order
11437,RFQ-158-993,MACRO,07 Jul 2014,RFQ,Midas S.,Delaram Fit Out_Supply Of PPE Materials,PPE MATERIALS,Building Materials,Various,6737,AED, ,Order
11438,RFQ-158-992,MACRO,07 Jul 2014,RFQ,Setaf I.L.,Delaram Fit Out_Supply Of Manual Steel Bending Machine,MANUAL STEEL BENDING MACHINE,Transportation,Logistics,3250,USD, ,Order
11439,Q-714-991,MACRO,06 Jul 2014,IQ,Mvl G.,Fit Out Khas Khunar - W912ER-11-D-0013 - Completion Contract,Khas Kunar Fit Out,,,0,USD, ,Order
11440,Q-714-990,MICRON,03 Jul 2014,IQ,Macec G.O.,1000 Gals DC315 To Ghazni,1000 Gals DC315 Thermal Barrier,,,62000,USD, ,Order
11441,RFQ-158-989,MACRO,01 Jul 2014,RFQ,Haji G.S.,Delaram Fit Out_Supply Of Tie Rod Back Plate And Rivet Guns,Tie Rod Back Plate And Rivet Guns,Electrical,Electrical,3450,USD, ,Order
11442,RFQ-497-988,MACRO,30 Jun 2014,RFQ,Izocam T.V.,Delaram Fit Out_Supply Of Windows Trim And Profile Hanger,Windows Trim And Profile Hanger,Sandwich Panel,Architectural,10095.2,USD, ,Order
11443,Q-614-987,MICRON,26 Jun 2014,IQ,Contrack I.I.,Kabul_Supply Of PR Finished Metal Roof System - 2036M2 - - PO 269-6065-A-QA,PR Finished Metal Roof System - 4714M2 - PO 269-6065-A-QA,,,82259.3,USD, ,Order
11444,RFQ-158-986,MACRO,22 Jun 2014,RFQ,Pishtazan S.K.,"Delaram Fit Out_Supply Of Additional CPVC Reducer, GI Nipple","Additional CPVC Reducer, GI Nipple",Building Materials,Various,2394.25,USD, ,Order
11445,Q-614-985,MICRON,17 Jun 2014,IQ,Ecc-i ,Camp Garmsir - Supply Of Sandwich Panel Accessories - PO346047 MOD 44,Sandwich Panel Accessories,,,7551,USD, ,Order
11446,RFQ-497-984,MACRO,12 Jun 2014,RFQ,Consort A.H.,Delaram Fit Out_Replacement For Door Hinges CHB105,Door Hinges - CHB105 Consort,Doors,Architectural,3360,AED, ,Order
11447,Q-614-982,FIRESTOP,08 Jun 2014,IQ,Solico C.L.,Solico Contracting Company LLC,Sealant,,,23460,AED,Azim R.,Quotation
11448,Q-614-981,MICRON,05 Jun 2014,IQ,Contrack I.I.,Kabul_Supply Of Galvanized Steel Sheets RAL 8007 - PO 269-6064-A-00-A1,Gavanized Steel Sheets RAL 8007,,,82015,USD,Raquel I.,Order
11449,Q-614-980,MW-OCS,05 Jun 2014,IQ,Gs E.&.,ALDABB YIA Facilities Development Phase III,Two Train Desalters -MW7747C,,,0,USD,Yaser A.,Quotation
11450,Q-614-979,MW-OCS,05 Jun 2014,IQ,Daewoo E.&.,ALDABB YIA Facilities Development Phase III,Two Train Desalters -MW774B,,,0,USD,Yaser A.,Quotation
11451,Q-614-978,MW-OCS,05 Jun 2014,IQ,Saipem I.P.,ALDABB YIA Facilities Development Phase III,Two Train Desalter-MW7747,,,0,USD,Yaser A.,Quotation
11452,Q-614-977,MW-OCS,05 Jun 2014,IQ,Petrofac ,ALDABB YIA Facilities Development Phase III,Gas Separation Train -MW7750,,,0,USD,Yaser A.,Quotation
11453,Q-614-976,MW-OCS,05 Jun 2014,IQ,Petrofac ,ALDABB YIA Facilities Development Phase III,Two Train Desalters -MW7747-A,,,0,USD,Yaser A.,Quotation
11454,Q-614-974,MICRON,03 Jun 2014,IQ,Afghanistan R.A.,ARAO Co. Project,550 Gals DC315 Thermal Barrier,,,34650,USD, ,Order
11455,Q-514-972,MICRON,27 May 2014,IQ,Contrack I.I.,Kabul_Supply Of PR Finished Metal Roof System - 2036M2 - - PO 269-6062-A-QA,PR Finished Metal Roof System - 2036M2 - PO 269-6062-A-QA,,,35528.2,USD, ,Order
11456,RFQ-158-971,MACRO,26 May 2014,RFQ,Sts E.,Delaram Fit Out_Supply Of STS Cable Tray And Accessories,STS Cable Tray And Accessories,Electrical,Electrical,37685.1,USD, ,Order
11457,Q-514-970,MICRON,22 May 2014,IQ,Shah F.C.,Shah Fisal Construction Company,DC315 Thermal Barrier,,,31500,USD, ,Quotation
11458,Q-514-969,MICRON,22 May 2014,IQ,China S.,Al Amal Psychiatric Hospital,Pipe Insulation,,,81660,AED, ,Quotation
11459,Q-514-967,MICRON,21 May 2014,IQ,Electron G.,Electron Group Project,Glasswool Insulation Materials,,,26186.92,USD, ,Quotation
11460,RFQ-497-966,MACRO,20 May 2014,RFQ,Haji G.S.,Delaram Fit Out_Supply Of Alex Flexible Conduit,Alex Flexible Conduit And Connector - 3/4 IN.,Electrical,Electrical,3690,USD,Maricar I.,Order
11461,RFQ-256-965,MACRO,19 May 2014,RFQ,Century M.S.,Shorabak Fit Out_Supply Of Washable Filters (300mm X 200mm),Washable Filters (300mm X 200mm),Mechanical Items,Mechanical,100,AED, ,Order
11462,Q-514-964,MICRON,18 May 2014,IQ,Contrack I.I.,CII Project 289 Iraq,Acoustical Mineral Fiber Tile And Moisture Resistant Acoustical (including Accessories),,,266277.59,USD,Raquel I.,Quotation
11463,RFQ-497-963,MACRO,18 May 2014,RFQ,Jotun P.C.,Delaram Fit Out_Supply Of Jotun Powder Coating,Jotun Powder Coating,Paints,Architectural,1760,AED,Maricar I.,Order
11464,Q-514-962,MICRON,18 May 2014,IQ,Contrack I.I.,CII Project 289 Iraq,Rockwool Insulation,,,113859.2,USD,Raquel I.,Quotation
11465,Q-514-961,MICRON,13 May 2014,IQ,Contrack I.I.,CII Project 289 Iraq,Terrazzo Tile,,,113437.16,USD,Raquel I.,Quotation
11466,Q-514-960,MICRON,12 May 2014,IQ,Ecc-i ,Transportation From Dubai To Garmsir,Transportation From Dubai To Camp Garmsir,,,4500,USD,Mahesh B.,Order
11467,Q-514-959,MICRON,11 May 2014,IQ,Contrack I.I.,CII Project 289 Iraq,Gypsum Board With Accessories,,,26042.24,USD,Raquel I.,Quotation
11468,Q-514-958,MICRON,11 May 2014,IQ,Megatech I.,Megatech Inc Project,Lapolla Polyurethane And DC315 Thermal Barrier,,,554000,USD, ,Quotation
11469,Q-514-957,MICRON,08 May 2014,IQ,Contrack I.I.,CII Project 289 Iraq,Ceramic Tiles,,,36382.31,USD,Raquel I.,Quotation
11470,Q-514-956,MICRON,08 May 2014,IQ,Contrack I.I.,CII Project 289 Iraq Project,Fences,,,39290.02,USD, ,Quotation
11471,Q-514-955,MICRON,06 May 2014,IQ,Baku E.S.,Baku Engineering -ExDubai,PIPES,,,43476,USD, ,Quotation
11472,Q-514-954,MICRON,06 May 2014,IQ,Rulewave ,Ruleway Project-Ex Work Dubai,1000 KVA DG SET,,,331601,USD, ,Quotation
11473,RFQ-256-953,MICRON,06 May 2014,RFQ,Consort A.H.,Shorabak Fit Out_Supply Of Door Accessories-Consort,Door Accessories-Consort,Doors,Architectural,5030,AED, ,Order
11474,Q-514-951,MICRON,05 May 2014,IQ,Venco I.C.,Imtiaz International,Dimplex Unit Heaters,,,33730,USD, ,Quotation
11475,RFQ-256-950,MACRO,04 May 2014,RFQ,Industrial E.C.,Shorabak Fit Out_Supply Of Various Tools,Various Materials [Smoke Detector & Floor Drain],Building Materials,Various,1787.3,USD,Maricar I.,Order
11476,RFQ-256-949,MACRO,04 May 2014,RFQ,Rubaiya Z.B.,Shorabak Fit Out_Supply Of Various Tools,"Various Materials [Fittings, FE, MIXER, Bulkhead]",Building Materials,Various,4880,AED, ,Order
11477,Q-514-948,MICRON,01 May 2014,IQ,Venco I.C.,Imtiaz International,Electric Unit Heaters And Make Up Air Unit,,,15250,USD, ,Quotation
11478,RFQ-158-947,MACRO,30 Apr 2014,RFQ,Haji G.S.,Delaram Fit Out_Supply Of Various Tools,Various Tools,Electrical,Electrical,22553.7,USD,Maricar I.,Order
11479,Q-414-946,MICRON,30 Apr 2014,IQ,Ecc-i ,Camp Garmsir - Supply Of 11 Nos Cooper Explosion Thermostat,Cooper Explosion Thermostat - HRC1,,,30800,USD, ,Quotation
11480,Q-414-945,MICRON,30 Apr 2014,IQ,Ecc-i ,ECCI Project 5999,Pilot QD Primer,,,8349,USD,Azim R.,Quotation
11481,Q-414-944,MICRON,30 Apr 2014,IQ,Equinox C.,Equinox Company,Cable Tray Ladder,,,6832,USD,Raquel I.,Quotation
11482,RFQ-158-943,MACRO,29 Apr 2014,RFQ,Century M.S.,Delaram Fit Out_Supply Of Various Materials,"Various Materials [AC Acc., Holesaw, Flex Duct]",Building Materials,Various,18078.28,AED,Maricar I.,Order
11483,RFQ-158-941,MACRO,28 Apr 2014,RFQ,Al Y.E.,Delaram Fit Out_Supply Of Masking Tape,Masking Tape,Building Materials,Various,4750,AED,Maricar I.,Order
11484,RFQ-158-940,MACRO,28 Apr 2014,RFQ,As K.&.,Delaram Fit Out_Supply Of Terrazo Tiles,SA-755 - TERRAZO TILES,Sanitary and Toilet Accessories,Architectural,4012.5,USD,Maricar I.,Order
11485,RFQ-158-939,MACRO,28 Apr 2014,RFQ,International C.I.,Delaram Fit Out_Supply Of Schuko Socket - 70225-10HGD,SCHUKO CEE 7 GFCI RECEPTACLE - 70225-10HGD,Electrical,Electrical,94426.08,USD,Maricar I.,Order
11486,RFQ-256-938,MACRO,27 Apr 2014,RFQ,Haji G.S.,Shorabak Fit Out_Supply Of Various Electrical Materials,Various Electrical Materials,Electrical,Electrical,1483,USD,Maricar I.,Order
11487,RFQ-256-937,MACRO,24 Apr 2014,RFQ,Elpim E.C.,Shorabak Fit Out_Supply Of CORTEM Wire Guard For Lighting Fixture FLF-236 (36W),CORTEM Wire Guard For Lighting Fixture FLF-236 (36W),Electrical,Electrical,3242.8,EURO,Maricar I.,Order
11488,Q-414-936,MICRON,24 Apr 2014,IQ,Ecc-i ,Camp Garmsir - Supply Of Weatherproof Receptacle - GEWISS GW27044,Weatherproof Receptacle - GEWISS GW27044,,,13300,USD, ,Order
11489,RFQ-158-935,MACRO,24 Apr 2014,RFQ,Rubaiya Z.B.,"Delaram Fit Out - Supply Of Thermometer, P. Gauge, Gauge Cock","Thermometer, P. Gauge, Gauge Cock",Building Materials,Various,7334,AED, ,Order
11490,Q-414-934,MICRON,23 Apr 2014,IQ,Ecc-i ,"Supply Of Unit Heaters, Exproof Exit Light, E. Light, Exproof Thermostat - Shorabak","Unit Heaters, Exproof Exit Light, E. Light, Exproof THermostat",,,33740,USD, ,Order
11491,RFQ-158-933,MACRO,23 Apr 2014,RFQ,Aw R.L.,Delaram Fit Out_Supply Of GRANDLITE Lighting Fixture C - Bulkhead SM353,GRANDLITE Lighting Fixture C - Bulkhead SM353,Electrical,Electrical,65080,AED,Maricar I.,Order
11492,RFQ-256-932,MACRO,22 Apr 2014,RFQ,Haji G.S.,Shorabak Fit Out_Supply Of Exproof Exit Sign And Emergency Light,"Exproof Exit Sign, Emergency Light And Floodlight",Electrical,Electrical,4560,USD, ,Order
11493,RFQ-497-931,MACRO,22 Apr 2014,RFQ,Smk U.I.,Delaram Fit Out_Supply Of Metag Aluminum Door,Aluminum Internal Doors,Doors,Architectural,168203.14,USD,Maricar I.,Order
11494,RFQ-497-930,MACRO,21 Apr 2014,RFQ,Rak C.,Delaram Fit Out_Supply Of Ceramic Tiles,Ceramic Tiles - 20/UNI WHG,Sanitary and Toilet Accessories,Architectural,56160,USD,Maricar I.,Order
11495,RFQ-497-929,MACRO,21 Apr 2014,RFQ,Glen D.I.,Delaram Fit Out_Supply Of Dimplex Unit Heaters,Dimplex Unit Heaters - AC3N,Mechanical Items,Mechanical,56756.7,GBP,Maricar I.,Order
11496,Q-414-927,MICRON,21 Apr 2014,IQ,Yarestan H.C.,Yarestan Herat Construction-Ex Herat,1000 Gals DC315 Thermal Barrier,,,60000,USD, ,Order
11497,Q-414-926,MICRON,20 Apr 2014,IQ,Omran H.G.,Omran Inc.,Airless Spray Painting Pump,,,9000,USD, ,Quotation
11498,RFQ-497-925,MACRO,17 Apr 2014,RFQ,Basf C.C.,Delaram Fit Out_Supply Of Mastertile 30 And PCI Gisogrund,Mastertile 30 And PCI Gisogrund,Chemicals,Chemicals,37965,AED,Maricar I.,Order
11499,RFQ-497-924,MACRO,17 Apr 2014,RFQ,Creative C.C.,Delaram Fit Out_Supply Of Concrete Sealer,A-Z 103 CONCRETE SEALER,Building Materials,Various,12000,AED,Maricar I.,Order
11500,RFQ-497-923,MACRO,17 Apr 2014,RFQ,National P.F.,Delaram Fit Out_Supply Of National Paints,National Paints - Floor Epoxy,Paints,Architectural,101915,AED,Maricar I.,Order
11501,Q-414-922,MICRON,17 Apr 2014,IQ,Omran H.G.,Omran Inc -Ex Herat,DC315 Thermal Barrier,,,442000,USD, ,Quotation
11502,RFQ-158-921,MACRO,17 Apr 2014,RFQ,Setaf I.L.,Delaram Fit Out_Supply Of BAUMACOL Grout,"BAUMACOL Grout, Plastic Roll, Masking Tape",Transportation,Logistics,3240,USD, ,Order
11503,RFQ-158-920,MACRO,17 Apr 2014,RFQ,Midas S.,Delaram Fit Out_Supply Of HAWS Eyewash Station [HW7361 HW7461],HAWS Eyewash Station [HW7361 HW7461],Building Materials,Various,1850,AED, ,Order
11504,RFQ-497-919,MACRO,16 Apr 2014,RFQ,Al F.P.,Delaram Fit Out_Supply Of PANASONIC Ceiling Fan,PANASONIC Ceiling Fan - MODEL F56MZ2,Mechanical Items,Mechanical,84152,AED,Maricar I.,Order
11505,RFQ-158-918,MACRO,15 Apr 2014,RFQ,Gmg D.T.,Delaram Fit Out_Supply Of Cortem Various Explosion Materials,Cortem Various Explosion Materials,Electrical,Electrical,25923.7,EURO,Maricar I.,Order
11506,RFQ-497-917,MACRO,15 Apr 2014,RFQ,Baymak M.S.,Delaram Fit Out_Supply Of 500 Ltr Tank Single Coil 2 X 9kw Electrical Panel Tripase,500 Ltr Tank Single Coil 2 X 9kw Electrical Panel Tripase,Mechanical Items,Mechanical,52800,USD, ,Order
11507,RFQ-497-915,MACRO,15 Apr 2014,RFQ,Gmg D.T.,Delaram Fit Out_Supply Of COOPER Junction Box [TP432   TP472],COOPER Junction Box [TP432   TP472],Electrical,Electrical,15757.96,USD, ,Order
11508,RFQ-158-912,MACRO,14 Apr 2014,RFQ,Haji G.S.,Delaram Fit Out_Supply Of Threaded Rod M10 X 3000 And Flexible Hose 4 Inch,Threaded Rod M10 X 3000 And Flexible Hose 4 Inch,Electrical,Electrical,3275,USD, ,Order
11509,RFQ-158-911,MACRO,14 Apr 2014,RFQ,United C.&.,Delaram Fit Out_Supply Of Tile Adhesive  [Mastertile And PCI Gisogrund] For 1030 SQM Ceramic Tiles,Tile Adhesive [Mastertile And PCI Gisogrund] For 1030 SQM Ceramic Tiles,Building Materials,Various,6260,USD, ,Order
11510,RFQ-158-910,MACRO,14 Apr 2014,RFQ,Rubaiya Z.B.,Delaram Fit Out_Supply Of CRANE GATE VALVES - D151,CRANE GATE VALVES - D151,Building Materials,Various,1827,AED, ,Order
11511,RFQ-158-909,MACRO,13 Apr 2014,RFQ,Leminar A.C.,Delaram Fit Out_Supply Of LEMINAR Explosion Proof Exhaust Fan,LEMINAR Explosion Proof Exhaust Fan,Mechanical Items,Mechanical,66000,AED, ,Order
11512,RFQ-158-907,MACRO,13 Apr 2014,RFQ,Cortem M.E.,Delaram Fit Out_Supply Of CORTEM Explosion Proof Lighting Fixture [J And J2],CORTEM Explosion Proof Lighting Fixture [J And J2],Electrical,Electrical,54744,AED, ,Order
11513,Q-414-906,MICRON,13 Apr 2014,IQ,Yarestan H.C.,"Supply Of 1000 Gals DC315 Thermal Barrier - Ex Works, Herat","1000 Gals DC315 Thermal Barrier - Ex Works, Herat",,,60000,USD, ,Order
11514,Q-414-905,MICRON,13 Apr 2014,IQ,Ecc-i ,Camp Garmsir - Supply Of Baymak Water Heaters - 500 Ltrs,Baymak Water Heaters - 500 Ltrs,,,1950,USD, ,Order
11515,Q-414-904,MICRON,13 Apr 2014,IQ,Ecc-i ,Kabul  Depot Project - Supply Of 205 Gallons DC315 - PO 348989,205 Gals DC315 Thermal Barrier,,,13325,USD,Abie M.,Order
11516,RFQ-158-903,MICRON,10 Apr 2014,RFQ,Century M.S.,Delaram Fit Out_Supply Of GI Ducting And Accessories,HVAC-GI Ducting And Accessories,Building Materials,Various,53181.66,AED, ,Order
11517,RFQ-158-902,MACRO,10 Apr 2014,RFQ,United C.&.,Delaram Fit Out_Supply Of RAK Ceramic Tiles,Ceramic Tiles - RAK Ceramics,Building Materials,Various,22600,USD, ,Order
11518,RFQ-158-901,MACRO,09 Apr 2014,RFQ,Maxell I.L.,Delaram Fit Out_Supply Of MAXELL Electric Duct Heater,MAXELL Electric Duct Heater,Mechanical Items,Mechanical,20100,AED, ,Order
11519,RFQ-158-900,MACRO,09 Apr 2014,RFQ,Ikizler A.A.,Delaram Fit Out_Supply Of IKIZLER EXIT SIGN - 81223.108,IKIZLER EXIT SIGN - 81223.108,Electrical,Electrical,10520.5,EURO, ,Order
11520,Q-414-899,MICRON,09 Apr 2014,IQ,Ecc-i ,Supply Of Galvanised Steel Grating Cover - Shorabak,Steel Grating Cover - Galvanised,,,12341.4,USD, ,Order
11521,Q-414-898,MICRON,09 Apr 2014,IQ, ,2/215 Brigade Garrison Delaram - Transport Services - P008934,Helicopter Transport Services,,,120000,USD, ,Order
11522,RFQ-256-897,MACRO,09 Apr 2014,RFQ,Sotoon G.O.,Shorabak Fit Out_Supply Of Steel Grating Covers - Galvanised,Steel Grating Covers - Galvanised,Building Materials,Various,12341.4,USD, ,Order
11523,RFQ-158-896,MACRO,08 Apr 2014,RFQ,Blue L.E.,Delaram Fit Out_Supply Of FRATER Lighting Fixture [BG And BG2],FRATER Lighting Fixture [BG And BG2],Electrical,Electrical,14367.5,AED, ,Order
11524,RFQ-158-895,MICRON,08 Apr 2014,RFQ,Century M.S.,Delaram Fit Out_ Supply Of HVAC-Accessories Wall Cap And Tapes,HVAC-Accessories Wall Cap And Tapes,Building Materials,Various,30293,AED, ,Order
11525,RFQ-158-894,MICRON,07 Apr 2014,RFQ,Century M.S.,"Delaram Fit Out_Supply Of Spiral Tubes,Elbow,Coupler And Clamp","HVAC-Supply Of Spiral Tubes,Elbow,Coupler And Clamp",Building Materials,Various,1369.74,AED, ,Order
11526,RFQ-158-893,MICRON,07 Apr 2014,RFQ,Century M.S.,Delaram Fit Out_Supply Of Motorized VCD,HVAC-Supply Of Motorized VCD,Building Materials,Various,56365,AED, ,Order
11527,RFQ-158-892,MICRON,07 Apr 2014,RFQ,Century M.S.,Delaram Fit Out_Supply Of Excelair Air Outlets,HVAC- Supply Of Excelair Air Outlets,Building Materials,Various,117615,AED, ,Order
11528,RFQ-158-891,MACRO,07 Apr 2014,RFQ,Rubaiya Z.B.,Delaram Fit Out_Supply Of Crane Ball Valves & Pegler Check Valves,Crane Ball Valves & Pegler Check Valves,Building Materials,Various,43998,AED, ,Order
11529,Q-414-890,MACRO,05 Apr 2014,IQ, ,Delaram,Water Tank Erection,,,75000,USD, ,Quotation
11530,RFQ-158-889,MACRO,03 Apr 2014,RFQ,Leminar A.C.,Delaram Fit Out_Supply Of CASALS INLINE CENTRIFUGAL FANS,CASALS INLINE CENTRIFUGAL FANS,Mechanical Items,Mechanical,53645.82,AED, ,Order
11531,Q-414-888,FIRESTOP,03 Apr 2014,IQ,Al J.E.,Al Jaber Carpentry & Decor,INTUMESCENT STRIP,,,96255,AED,Azim R.,Quotation
11532,Q-414-887,MICRON,03 Apr 2014,IQ,Specialists C.J.,Specialist Construction JV,Wall Thimble,,,17180,USD,Cecil R.,Quotation
11533,RFQ-497-886,MACRO,03 Apr 2014,RFQ,Industrial E.C.,Delaram Fit Out_Supply Of Leviton Porcelain Lamp Holder - L1,Leviton Porcelain Lamp Holder - L1,Building Materials,Various,3625,USD, ,Order
11534,Q-414-885,MACRO,03 Apr 2014,IQ, ,Fit Out Delaram - W5J9LE-11-C-0034; Lakeshore Project No. L1U07 - P008093 - Scope 2,Delaram Fit Out - Scope 2,,,0,USD, ,Order
11535,Q-414-883,MICRON,02 Apr 2014,IQ,Ecc-i ,Camp Garmsir - Supply Of 250 Gals DC315 And Eyewash Station,250 Gals DC315 Thermal Barrier & Eyewash Station,,,17120,USD, ,Order
11536,Q-414-882,MICRON,02 Apr 2014,IQ,Ecc-i ,Shorabak Afghanistan,Fire Alarm System For Recon Buildings 3 X POLS,,,14275.89,USD, ,Order
11537,RFQ-256-881,MACRO,01 Apr 2014,RFQ,The E.L.,Shorabak Fit Out_Supply Of LED EXIT SIGN - LEDRBB,LED EXIT SIGN - LEDRBB,Electrical,Electrical,76.25,USD, ,Order
11538,RFQ-256-879,MACRO,31 Mar 2014,RFQ,Haji G.S.,"Shorabak Fit Out_Supply Of Supply Of GI Threaded Elbow, Wire Nut, 8mm Screws","GI Threaded Elbow, Wire Nut, 8mm Screws, PVC Conduit",Electrical,Electrical,1940,USD, ,Order
11539,RFQ-256-878,MACRO,31 Mar 2014,RFQ,Smka E.L.,Shorabak Fit Out_MK 2W Switch [K4892 + K3701 + K3631],MK 2W Switch & Cortem Junction Box [K4892   K3701   K3631 & SFX-26.1V],Electrical,Electrical,4812.4,AED, ,Order
11540,Q-314-877,MICRON,31 Mar 2014,IQ,Ecc-i ,Ana Camp Commando Phase 3,Supply Of Emergency Lights And Smoke Detector,,,10338,USD,Raquel I.,Quotation
11541,RFQ-158-876,MACRO,30 Mar 2014,RFQ,Haji G.S.,Delaram Fit Out_Supply Of MAKITA COMBO DRILL - 18V,MAKITA COMBO DRILL - 18V,Electrical,Electrical,2560,USD,Maricar I.,Order
11542,Q-314-874,FIRESTOP,27 Mar 2014,IQ,Iberland ,Iberland Project,Spray Foam Roofing System,,,894096.19,USD,Azim R.,Quotation
11543,RFQ-158-873,MACRO,27 Mar 2014,RFQ,Gmg D.T.,"Delaram Fit Out_Supply Of MK Switches [S1, S3, S4]","MK Switches [S1, S3, S4]",Electrical,Electrical,16023.97,GBP,Maricar I.,Order
11544,Q-314-872,FIRESTOP,26 Mar 2014,IQ,United F.G.,Palazzo Hotel Site-Dubai,Firestop Materials,,,35075.05,AED,Azim R.,Quotation
11545,RFQ-256-871,MACRO,25 Mar 2014,RFQ,Cortem M.E.,Shorabak Fit Out_Supply Of CORTEM Exproof Switch - EFSCO 24,CORTEM Exproof Switch - EFSCO 24,Electrical,Electrical,5720,AED, ,Order
11546,RFQ-158-869,MACRO,24 Mar 2014,RFQ,United C.&.,"Delaram Fit Out_Supply Of Bibcock, Floor Drain, Soap Dish","Bibcock, Floor Drain, Soap Dish",Building Materials,Various,2238,USD, ,Order
11547,RFQ-158-868,MACRO,24 Mar 2014,RFQ,Rak C.,Delaram Fit Out_Supply Of Ceramic Tile Bianco Model,Ceramic Tile - Bianco Model,Sanitary and Toilet Accessories,Architectural,4370,AED, ,Order
11548,RFQ-256-867,MACRO,23 Mar 2014,RFQ,Panel T.E.,Shorabak Fit Out_Supply Of MCB 20A 3P  Hyundai,MCB 20A 3P  Hyundai,Building Materials,Various,80,USD, ,Order
11549,Q-314-865,MICRON,20 Mar 2014,IQ,Ecc-i ,SMW Kandahar,Exhaust Fan,,,0,USD,Raquel I.,Quotation
11550,Q-314-864,MICRON,20 Mar 2014,IQ, ,"Delaram L1U07 - Supply Of 370 Sets Poly, 5000 Gals DC315 And Electrical Items - P008866_Change Order 01",180 Sets Of Polyurethane Foam,,,491580,USD, ,Order
11551,Q-314-863,MICRON,17 Mar 2014,IQ,Ecc-i ,SMW Kandahar,Baymak Water Heater,,,0,USD, ,Quotation
11552,Q-314-862,MICRON,17 Mar 2014,IQ,Yarestan H.C.,Yarestan Herat Construction-Ex Herat,DC315 Thermal Barrier,,,65000,USD, ,Quotation
11553,RFQ-158-860,MACRO,16 Mar 2014,RFQ,Fakhri &.B.,Delaram Fit Out_Supply Of KIMMCO Mineral Fiber Insulation With Glass Jacket,KIMMCO Mineral Fiber Insulation With Glass Jacket,Building Materials,Various,4364.22,AED, ,Order
11554,RFQ-158-859,MACRO,16 Mar 2014,RFQ,Century M.S.,Delaram Fit Out_Supply Of Volume Control Damper,HVAC - VCD AND MVCD,Building Materials,Various,58065,AED, ,Order
11555,RFQ-158-855,MACRO,16 Mar 2014,RFQ,Century M.S.,"Delaram Fit Out_Supply Of GI Ducting, Sheet, Gaskets","HVAC - GI DUCTING, SHEET, GASKET",Building Materials,Various,56689.1,AED,Maricar I.,Order
11556,RFQ-158-854,MACRO,16 Mar 2014,RFQ,Century M.S.,Delaram Fit Out_Supply Of ExcelAir Air Outlets,HVAC - ExcelAir Air Outlets,Building Materials,Various,118314,AED,Maricar I.,Order
11557,RFQ-158-853,MACRO,16 Mar 2014,RFQ,Century M.S.,Delaram Fit Out_Supply Of Acccessories,HVAC Accessories,Building Materials,Various,34670,AED,Maricar I.,Order
11558,RFQ-256-852,MACRO,16 Mar 2014,RFQ,Haji G.S.,Shorabak Fit Out_Supply Of Various Materials,Various Electrical Items,Electrical,Electrical,534,USD, ,Order
11559,RFQ-158-850,MACRO,13 Mar 2014,RFQ,Thomas &.B.,Delaram Fit Out_Supply Of Emergi-lite Emergency Light,Emergi-lite Emergency Light,Electrical,Electrical,53508,USD,Maricar I.,Order
11560,RFQ-158-849,MACRO,13 Mar 2014,RFQ,Industrial E.C.,Delaram Fit Out_Supply Of ZURN Wilkins Backflow Preventer,ZURN Wilkins Backflow Preventer,Building Materials,Various,14186.45,USD,Maricar I.,Order
11561,RFQ-158-848,MACRO,13 Mar 2014,RFQ,Industrial E.C.,Delaram Fit Out_Supply Of Leviton Porcelain Lamp Holder - L1,Leviton Porcelain Lamp Holder - L1,Building Materials,Various,8845,USD,Maricar I.,Order
11562,Q-314-847,MICRON,13 Mar 2014,IQ, ,Khaskunar Lakeshore,Lapolla Polyurethane,,,300120,USD,Abie M.,Quotation
11563,Q-314-846,MICRON,09 Mar 2014,IQ,Akar L.S.,Akar Landscaping Service And Agriculture,DC315 Thermal Barrier,,,42250,USD,Azim R.,Quotation
11564,Q-314-844,MICRON,09 Mar 2014,IQ,State C.,Supply Of 200 Gallons Of DC315 Thermal Barrier - Ex-Herat,200 Gals DC315 Thermal Barrier,,,13000,USD, ,Order
11565,RFQ-256-841,MACRO,06 Mar 2014,RFQ,Haji G.S.,Shorabak Fit Out_Supply Of Cadweld Machine,Cadweld Machine And Legrand Socket,Electrical,Electrical,3655,USD,Maricar I.,Order
11566,RFQ-256-840,MACRO,05 Mar 2014,RFQ,Leminar A.C.,Shorabak Fit Out_Supply Of Exhaust Fan HJB 56 M4/H 1.1KW,Exhaust Fan HJB 56 M4/H 1.1KW,Mechanical Items,Mechanical,2285,USD,Maricar I.,Order
11567,RFQ-256-837,MACRO,04 Mar 2014,RFQ,Century M.S.,Shorabak Fit Out_Gravity Louver And Duct Connector,Gravity Louver And Duct Connector,Building Materials,Various,1028,USD,Maricar I.,Order
11568,RFQ-256-834,MACRO,04 Mar 2014,RFQ,Leminar A.C.,Shorabak Fit Out_Supply Of Exhaust Fan - HJB 56 M4/H 1.1KW,Exhaust Fan - HJB 56 M4/H 1.1KW,Mechanical Items,Mechanical,0,USD, ,Quotation
11569,RFQ-158-833,MACRO,04 Mar 2014,RFQ,Junaid S.E.,Delaram Fit Out_Supply Of Jomix Mixer L 6012,JOMIX MIXER L6012,Sanitary and Toilet Accessories,Architectural,2640,USD,Maricar I.,Order
11570,RFQ-158-830,MACRO,04 Mar 2014,RFQ,Rubaiya Z.B.,Delaram Fit Out_Supply Of Sink Basket Strainer,Sink Basket Strainer,Building Materials,Various,1260,AED,Maricar I.,Order
11571,Q-314-829,MICRON,04 Mar 2014,IQ,Ecc-i ,Special Mission Wing,Electrical Cables,,,101872.4,USD,Raquel I.,Quotation
11572,RFQ-256-828,MACRO,04 Mar 2014,RFQ,Panel T.E.,Shorabak Fit Out_Supply Of Contactor For Panel Board,Contactor For Panel Board,Building Materials,Various,1820,USD,Maricar I.,Order
11573,Q-314-827,MICRON,03 Mar 2014,IQ,Lakeshore T.,Supply Of GRACO Spare Parts - P008146 Change Order 03,GRACO Spare Parts,,,33132,USD,Mahesh B.,Order
11574,Q-314-826,MICRON,03 Mar 2014,IQ,Macec G.O.,MACEC GROUP OF COMPANIES,DC315 Thermal Barrier And Lapolla Polyurethane,,,163250,USD, ,Quotation
11575,RFQ-256-825,MACRO,03 Mar 2014,RFQ,Haji G.S.,Shorabak Fit Out_Supply Of Gewiss Disconnect Switch,Gewiss Disconnect Switch,Electrical,Electrical,348,USD, ,Order
11576,Q-314-823,MICRON,03 Mar 2014,IQ,Macec G.O.,MACEC GROUP OF COMPANIES_Supply Of 1250 Gals DC315 Thermal Fire Barrier,1250 Gals Of DC315 Thermal Barrier,,,78750,USD, ,Order
11577,RFQ-158-822,MACRO,03 Mar 2014,RFQ,United C.&.,"Delaram Fit Out_Supply Of Sanitary [Water Closet, Shower And Mixer]","Sanitary [Water Closet, Shower And Mixer]",Building Materials,Various,11145,USD,Maricar I.,Order
11578,RFQ-256-820,MACRO,02 Mar 2014,RFQ,United C.&.,Shorabak Fit Out_Supply Of Air Vents And GI Fittings,Air Vents And GI Fittings,Building Materials,Various,623.25,USD,Maricar I.,Order
11579,Q-314-818,MICRON,02 Mar 2014,IQ,Ecc-i ,SMW Project,Booster Pump,,,48500,USD,Raquel I.,Quotation
11580,Q-314-817,MICRON,02 Mar 2014,IQ,Ecc-i ,Camp Garmsir - Supply Of 250 Gallons Of DC315,250 Gallons DC315,,,16250,USD, ,Order
11581,RFQ-158-815,MACRO,27 Feb 2014,RFQ,Saqf S.C.,Delaram Fit Out_Supply Of KNAUF MR/H1 Gypsum Board TE,KNAUF MR/H1 Gypsum Board TE,Building Materials,Various,9675,USD, ,Order
11582,Q-214-814,MICRON,26 Feb 2014,IQ,Ecc-i ,Camp Garmsir - Supply Of Dimplex AC3N Unit Heaters,Dimplex AC3N Unit Heaters,,,11664,USD, ,Order
11583,RFQ-158-813,MACRO,25 Feb 2014,RFQ,Leminar A.C.,"Delaram Fit Out_Supply Of Leminar Propeller Wall Type, With Gravity Shutters Exhaust Fans","Propeller Wall Type, With Gravity Shutters Exhaust Fans",Mechanical Items,Mechanical,107808.56,AED,Maricar I.,Order
11584,RFQ-256-810,MACRO,25 Feb 2014,RFQ,Storage B.S.,Shorabak Fit Out_Supply Of H2-JB Junction Box,H2-JB Junction Box,Building Materials,Various,150,USD, ,Order
11585,RFQ-158-809,MACRO,25 Feb 2014,RFQ,Industrial E.C.,Delaram Fit Out_Supply Of Cooper Electrical Items,Supply Of Cooper Electrical Items,Building Materials,Various,7350,USD,Maricar I.,Order
11586,RFQ-158-808,MACRO,24 Feb 2014,RFQ,Ruya P.V.,Delaram Fit Out_Supply Of PVC Doors,PVC Doors,Doors,Architectural,19436,USD,Maricar I.,Order
11587,RFQ-158-807,MACRO,24 Feb 2014,RFQ,Gmg D.T.,Delaram Fit Out_Supply Of Various Electrical Items,Various Electrical Items,Electrical,Electrical,5124.92,USD, ,Order
11588,RFQ-158-806,MACRO,24 Feb 2014,RFQ,Gerpa E.T.,Delaram Fit Out_Supply Of GERPAAS Electrical Items,GERPAAS Electrical Items,Electrical,Electrical,19369.4,USD, ,Order
11589,RFQ-256-802,MACRO,23 Feb 2014,RFQ,Pitsan M.S.,Shorabak Fit Out_Supply Of Explosion Proof Unit Heaters - Pitsan,Explosion Proof Unit Heaters - Pitsan,Mechanical Items,Mechanical,3600,USD, ,Order
11590,Q-214-801,MICRON,23 Feb 2014,IQ, ,Delaram L1U07 - Supply Of 180 Sets Poly - P008866 Change Order 01,Delaram L1U07 - Supply Of 180 Sets Poly - P008866 Change Order 01,,,491580,USD, ,Quotation
11591,Q-214-799,MACRO,20 Feb 2014,RFQ,Ecc-i ,"Shorabak Fit Out_Supply Of Floodlight, Lightning Rod, 120mm2 Cable, Panel Labels, Door Panic Bars And DC315","Floodlight, Lightning Rod, 120mm2 Cable, Panel Labels, Door Panic Bars And DC315",,,40678,USD,Maricar I.,Order
11592,RFQ-158-798,MACRO,18 Feb 2014,RFQ,Titanic T.L.,Delaram Fit Out_Supply Of Supports System,"Supply Of Supports System - GI, India",Building Materials,Various,17900.89,AED,Maricar I.,Order
11593,RFQ-158-797,MACRO,18 Feb 2014,RFQ,Rubaiya Z.B.,Delaram Fit Out_Supply Of Supports System,Supply Of Supports System - GI,Building Materials,Various,10148.25,AED,Maricar I.,Order
11594,RFQ-158-795,MACRO,18 Feb 2014,RFQ,United C.&.,Delaram Fit Out_Supply Of Mastertop Epoxy And Sikadur Adhesive,Supply Of Mastertop Epoxy And Sikadur Adhesive,Building Materials,Various,9420,USD,Maricar I.,Order
11595,RFQ-158-793,MACRO,18 Feb 2014,RFQ,Ecs G.W.,Delaram Fit Out_Supply Of Draka Cables,Draka Fire Alarm Cable - FT30,Electrical,Electrical,9150,AED,Maricar I.,Order
11596,Q-214-791,MICRON,17 Feb 2014,IQ,Ecc-i ,ECCI,"Bolts, Nuts And Washers",,,0,USD, ,Quotation
11597,Q-214-790,MICRON,17 Feb 2014,IQ,Ain Z.C.,Ain Zara Company,Roof Foam System,,,164150,USD,Azim R.,Quotation
11598,RFQ-256-789,MACRO,16 Feb 2014,RFQ,Ig G.T.,Shorabak Fit Out_Supply Of Tie Rod Back Plate,Tie Rod Back Plate,Building Materials,Various,1575,AED,Maricar I.,Order
11599,RFQ-256-788,MACRO,16 Feb 2014,RFQ,Arabian E.S.,Shorabak Fit Out_Supply Of Steel Door Fire Rated,Steel Door Fire Rated,Doors,Architectural,3660,USD,Maricar I.,Order
11600,RFQ-256-787,MACRO,13 Feb 2014,RFQ,Rubaiya Z.B.,Shorabak Fit Out_Supply Of Crane Ball Valves,Crane Ball Valves,Building Materials,Various,2920,AED,Maricar I.,Order
11601,RFQ-256-786,MACRO,13 Feb 2014,RFQ,Rajay I.L.,"Shorabak Fit Out_Supply Of GI BIS Fittings, Pegler Valves, Hose Connector","GI BIS Fittings, Pegler Valves, Hose Connector",Building Materials,Various,2523.5,AED,Maricar I.,Order
11602,RFQ-158-785,MACRO,13 Feb 2014,RFQ,National P.F.,Delaram Fit Out_Supply Of National Paints,National Paints,Paints,Architectural,158700,AED,Maricar I.,Order
11603,RFQ-256-784,MICRON,13 Feb 2014,RFQ,Dana E.,Shorabak Fit Out_Supply Of Gewiss GI Box,GEWISS GI BOX,Building Materials,Various,207.5,USD, ,Order
11604,RFQ-256-783,MACRO,13 Feb 2014,RFQ,Rajay I.L.,"Shorabak Fit Out_Supply Of BIS Fittings, Pegler Valves And Hose Connector","GI BIS Fittings, Pegler Valves And Hose Connector",Building Materials,Various,4096.5,AED,Maricar I.,Order
11605,Q-214-781,MICRON,13 Feb 2014,IQ, ,Lakeshore Project,"Transportation As Per PL Job No. 4077, 4328 And 3280",,,63750,USD,Raquel I.,Quotation
11606,RFQ-256-780,MICRON,13 Feb 2014,RFQ,Rajay I.L.,Shorabak Fit Out_Supply GI BIS Fittings & Pegler Valves,GI BIS Fittings & Pegler Valves,Building Materials,Various,1905.5,USD,Maricar I.,Order
11607,RFQ-158-778,MACRO,12 Feb 2014,RFQ,Gulf O.L.,Delaram Fit Out_Supply Of Philips Twisted Lamps,Philips Twisted Lamps - 42W,Electrical,Electrical,162500,AED,Maricar I.,Order
11608,RFQ-256-777,MACRO,12 Feb 2014,RFQ,Al H.M.,Shorabak Fit Out_Supply Of Toilet Grab Bars,Toilet Accesory - Grab Bar,Building Materials,Various,4068,USD,Maricar I.,Order
11609,Q-214-776,MICRON,12 Feb 2014,IQ,Omran H.G.,Omran Gulf_Supply Of Dimplex Unit Heaters - PO 201402002,"Supply Of Warm Air Curtain -Brand: Glen Dimplex,  Model AC3N",,,11664,USD,Maricar I.,Order
11610,Q-214-775,MICRON,12 Feb 2014,IQ,Ecc-i ,Garmsir - Supply Of Floor Epoxy,Floor Epoxy,,,101200,USD,Maricar I.,Quotation
11611,RFQ-256-774,MACRO,12 Feb 2014,RFQ,Haji G.S.,Shorabak Fit Out_Supply Of Ducab Cables,4mm 2 Ducab Cables And 4C HES Cables,Electrical,Electrical,3226,USD,Maricar I.,Order
11612,RFQ-256-773,MACRO,12 Feb 2014,RFQ,Zadran G.o.,Shorabak Fit Out_Monthly Rental Of Scissor Lifts Machinery,Monthly Rental Of Scissor Lifts Machinery,Rental,Rental,10800,USD,Maricar I.,Order
11613,Q-214-771,MICRON,11 Feb 2014,IQ,Ecc-i ,Special Wing In Kandahar Airfield,Make Up Air Unit,,,0,USD,Raquel I.,Quotation
11614,RFQ-158-770,MACRO,11 Feb 2014,RFQ,Analog G.T.,Delaram Fit Out_Supply Of Mobile Scaffolding Tower,Mobile Scaffolding Tower,Building Materials,Various,10699.8,AED,Maricar I.,Order
11615,RFQ-256-769,MACRO,11 Feb 2014,RFQ,Setaf I.L.,Shorabak Fit Out_Supply Of Generators And Tools,Generators And Tools,Transportation,Logistics,5580,USD,Maricar I.,Order
11616,RFQ-256-768,MACRO,10 Feb 2014,RFQ,Haji G.S.,"Shorabak Fit Out_Supply Of Ducab Cables, Flex Conduit & Connectors","Supply Of Ducab Cables, Flex Conduit & Connectors",Electrical,Electrical,2610,USD,Maricar I.,Order
11617,Q-214-767,MICRON,10 Feb 2014,IQ,Ecc-i ,Special Wing In Kandahar  Airfiled,Dimplex Unit Heaters,,,0,USD,Raquel I.,Quotation
11618,Q-214-766,MICRON,10 Feb 2014,IQ,Ecc-i ,"ECCI Project 5999_Supply Of Mastertop 538 And PCI Primer Gisoground - Exworks, Dubai",Mastertop 538 And PCI Primer Gisoground,,,1884.4,USD,Azim R.,Order
11619,Q-214-765,MICRON,10 Feb 2014,IQ,Ecc-i ,Camp Bastion,Reddiplex EPDM Self Adhesive Seal,,,14000,USD,Raquel I.,Quotation
11620,Q-214-764,MICRON,06 Feb 2014,IQ,Ecc-i ,Special Mission Wing,Electrical Material,,,13858.16,USD,Raquel I.,Quotation
11621,RFQ-256-763,MACRO,06 Feb 2014,RFQ,Elpim E.C.,Shorabak Fit Out_Supply Of Cortem Exproof Junction Box,Cortem Exproof Junction Box,Electrical,Electrical,1178,EURO,Maricar I.,Order
11622,RFQ-158-761,MICRON,06 Feb 2014,RFQ,Al H.M.,Delaram Fit Out_Supply Of Toilet & Shower Accesories,Toilet And Shower Accessories,Building Materials,Various,109722.6,AED,Maricar I.,Order
11623,Q-214-760,MICRON,04 Feb 2014,IQ,Metag ,Kandahar Airbase,Airless Spray Painting Pump,,,8952,USD,Mahesh B.,Quotation
11624,Q-214-759,MICRON,04 Feb 2014,IQ,Gulf S.E.,Supply Of 5 Gals DC333 Fireproof Paint - Kuwait,DC333 Fireproof Paint,,,350,USD,Azim R.,Quotation
11625,Q-214-758,MICRON,04 Feb 2014,IQ,Ecc-i ,Supply Of Dimplex Unit Heaters - Camp Garmsir,Dimplex Unit Heaters,,,2392,USD, ,Order
11626,Q-214-757,MICRON,03 Feb 2014,IQ,Perfect F.C.,Oman Convention Center-Exhibition Hall Roof,Monoglass Sprayon Fiberglass System,,,0,AED,Azim R.,Quotation
11627,Q-214-756,MICRON,03 Feb 2014,IQ,Ecc-i ,Kandahar Project_Supply Of Explosion Proof Unit Heaters,Pitsan Unit Heater ( Explosion Proof),,,10150,USD, ,Order
11628,RFQ-256-755,MACRO,02 Feb 2014,RFQ,Haji G.S.,Shorabak Fit Out_Supply Of 120mm2 Cables,120mm2 Cables - HES Brand,Electrical,Electrical,5417.75,USD, ,Order
11629,RFQ-256-754,MACRO,02 Feb 2014,RFQ,United C.&.,Shorabak Fit Out_Supply Of Silkadur 31 CF SLOW,Sikadur 31 CF Slow,Building Materials,Various,2250,USD, ,Order
11630,Q-214-753,MICRON,02 Feb 2014,IQ,Macec G.O.,Kabul - Supply Of 1300 Gals DC315 And 80 Sets Of Polyurethane,1300 Gals DC315 And 80 Sets Lapolla Polyurethane,,,293900,USD, ,Order
11631,RFQ-158-752,MACRO,30 Jan 2014,RFQ,Rajay I.L.,"Delaram Fit Out_Supply Of Surya GI Pipes, Jazeera BI Pipes And BIS Fittings","Surya GI Pipes, Jazeera BI Pipes And BIS Fittings",Building Materials,Various,35720.25,USD, ,Order
11632,RFQ-256-750,MACRO,30 Jan 2014,RFQ,Elpim E.C.,Shorabak Fit Out_Supply Of CORTEM Guard For Lighting Fixture FLF-236 (36W) And Cortem Ex-proof Thermostat,CORTEM Guard And Ex-proof Thermostat,Electrical,Electrical,3687.2,EURO, ,Order
11633,RFQ-256-749,MACRO,30 Jan 2014,RFQ,Al T.E.,Shorabak Fit Out_Supply Of Thermostat,STEGO Thermostat,Electrical,Electrical,4480,AED,Maricar I.,Order
11634,RFQ-256-747,MACRO,30 Jan 2014,RFQ,Al H.M.,Shorabak Fit Out_Supply Of KNOSSOS Toilet Tissue Holder And Panel Mirror,KNOSSOS Toilet Tissue Holder And Panel Mirror,Building Materials,Various,1120.95,USD, ,Order
11635,Q-114-746,MICRON,30 Jan 2014,IQ, ,"Fighter Hanger Consolidated Rigging Facility - W912WE-11-D-0013, TASK ORDER 0002 - Supply Of Sound Attenuation And GB Acc. - P008872",Sound Attenuation And GB Accessories,,,42889.17,USD,Raquel I.,Order
11636,Q-114-745,MICRON,30 Jan 2014,IQ,Perfect F.C.,Oman Convention Center-Exhibition Hall Roof,Lapolla Polyurethane,,,714000,USD,Azim R.,Quotation
11637,Q-114-744,MICRON,30 Jan 2014,IQ, ,LAKESHORE PROJECT,TRANSPORTATION OF SANDWICH PANEL,,,42500,USD,Raquel I.,Cancled
11638,RFQ-158-741,MACRO,29 Jan 2014,RFQ,Al H.P.,Delaram Fit Out_Supply Of CPVC Pipes (Gulf Plastic) And Fittings (Zenith),CPVC Pipes (Gulf Plastic) And Fittings (Zenith),Building Materials,Various,46000,USD,Maricar I.,Order
11639,Q-114-740,MICRON,28 Jan 2014,IQ, ,LAKESHORE PROJECT,TRANSPORTATION OF PACKAGES FROM DUBAI TO BAGRAM AFGHANISTAN,,,3452,USD,Raquel I.,Quotation
11640,RFQ-158-739,MACRO,27 Jan 2014,RFQ,Merchant I.I.,Delaram Fit Out_Supply Of Cooper Vapor Proof Lighting - TP7820,Cooper Vapor Proof Lighting - TP7820,Electrical,Electrical,7448,USD,Maricar I.,Order
11641,Q-114-738,MICRON,27 Jan 2014,IQ,Itsi G.C.,ITSI Gilbane Company,Transportation Of Fans And Air Hnadling Units,,,52500,USD,Raquel I.,Quotation
11642,RFQ-158-737,MACRO,26 Jan 2014,RFQ,Al H.M.,Delaram Fit Out_Supply Of Knossos Tissue Holder And Panel Mirror,Knossos - Tissue Holder And Panel Mirror,Building Materials,Various,1120.95,USD,Maricar I.,Order
11643,Q-114-736,MICRON,26 Jan 2014,IQ,M.i.c. I.I.,MIC Industries,Fiber Glass Batts,,,1123.2,USD, ,Quotation
11644,Q-114-735,MICRON,26 Jan 2014,IQ,Ecc-i ,Camp Hero East,DC315 Thermal Barrier,,,17875,USD, ,Order
11645,Q-114-734,MICRON,23 Jan 2014,IQ,Ecc-i ,Supply Of 3M Splice Kit & Hubbel Cord Grips - Shorab,3M Splice Kit & Hubbel Cord Grips,,,1090,USD, ,Order
11646,RFQ-158-733,MACRO,23 Jan 2014,RFQ,Ruya P.V.,Delaram Fit Out_Supply Of PVC / Aluminum Door,PVC / Aluminum Door,Doors,Architectural,154347,USD,Maricar I.,Order
11647,RFQ-256-732,MICRON,23 Jan 2014,RFQ,Rubaiya Z.B.,Shorabak Fit Out Project,"Additional BI Fittings [Union, Fitting, Regulator W/P. Gauge]",Building Materials,Various,5133.5,AED,Maricar I.,Order
11648,RFQ-256-731,MACRO,23 Jan 2014,RFQ,Rajay I.L.,"Shorabak Fit Out_Supply Of Additional BI Fittings [Valve, Clamp, Pipe, Nipple]","Additional BI Fittings [Valve, Clamp, Pipe, Nipple]",Building Materials,Various,3481.5,AED,Maricar I.,Order
11649,RFQ-158-727,MACRO,21 Jan 2014,RFQ,Baymak M.S.,Delaram Fit Out_Supply Of Baymak 500 Ltrs Water Heater,BAYMAK 500 LTR Water Heater,Mechanical Items,Mechanical,10790,USD,Maricar I.,Order
11650,RFQ-158-726,MACRO,21 Jan 2014,RFQ,Haven F.&.,Delaram Fit Out_Supply Of Addressable Fire Alarm System,COOPER - Addressable Fire Alarm System,Building Materials,Various,278410,AED,Maricar I.,Order
11651,RFQ-158-725,MACRO,21 Jan 2014,RFQ,Al F.P.,Delaram Fit Out_Supply Of Panasonic Ceiling Fan,PANASONIC Ceiling Fan,Mechanical Items,Mechanical,54479,USD, ,Order
11652,RFQ-158-724,MACRO,21 Jan 2014,RFQ,Gmg D.T.,Delaram Fit Out_Supply Of SEVAL Cables,SEVAL Cable,Electrical,Electrical,132288.84,USD,Maricar I.,Order
11653,Q-114-723,MICRON,20 Jan 2014,IQ,Macec G.O.,KABUL - Supply Of 525 Gallons Of DC315 Thermal Barrier And 32 Sets Of Lapolla Polyurethane,525 Gallons Of DC315 Thermal Barrier And 32 Sets Of Lapolla Polyurethane,,,118995,USD, ,Order
11654,RFQ-158-722,MACRO,20 Jan 2014,RFQ,Pelsan E.S.,Delaram Fit Out_Supply Of Pelsan Lighing Fixture,PELSAN Lighting Fixture,Electrical,Electrical,57064.5,USD, ,Order
11655,Q-114-721,MICRON,19 Jan 2014,IQ,Ecc-i ,KABUL DEPOT PROJECT_SUPPLY OF 8 SETS OF LAPOLLA POLYURETHANE,8 Sets Lapolla Polyurethane Foam,,,19591.2,USD, ,Order
11656,Q-114-720,MICRON,19 Jan 2014,IQ,Iecc C.,Camp Garmsir - Supply Of Dimplex Unit Heaters,Dimplex Unit Heaters,,,6835,USD, ,Order
11657,RFQ-256-718,MACRO,16 Jan 2014,RFQ,Industrial E.C.,Shorabak Fit Out_Supply Of Apollo Back Flow Preventer - 3,Apollo Back Flow Preventer - 3,Building Materials,Various,1785,USD, ,Order
11658,RFQ-256-717,MACRO,16 Jan 2014,RFQ,Ig G.T.,Shorabak Fit Out_Supply Of Buckeye Fire Extinguisher,Buckeye Fire Extinguisher,Building Materials,Various,22320,AED, ,Order
11659,Q-114-716,MICRON,15 Jan 2014,IQ,Ecc-i ,"Camp Garmsir,Helmand Province",Fire Extinguisher,,,3780,USD, ,Quotation
11660,RFQ-256-715,MACRO,15 Jan 2014,RFQ,Industrial E.C.,Shorabak Fit Out_Supply Of Additional Fire Alarm System,Additional Fire Alarm System,Building Materials,Various,34910.58,USD, ,Order
11661,RFQ-158-714,MACRO,14 Jan 2014,RFQ,Leminar A.C.,Delaram Fit Out_Supply Of Ceiling Type SB125/H And SB150/H,Ceiling Type SB125/H And SB150/H,Mechanical Items,Mechanical,105300,AED, ,Order
11662,RFQ-158-713,MACRO,14 Jan 2014,RFQ,Midas S.,Delaram Fit Out_Supply Of HAWS Eyewash Station,HAWS Eyewash Station,Building Materials,Various,35200,AED, ,Order
11663,Q-114-712,MICRON,14 Jan 2014,IQ,Ecc-i ,"Camp Garmsir,Helmand Province",Fire Extinguisher,,,149000,USD,Raquel I.,Quotation
11664,RFQ-158-711,MACRO,14 Jan 2014,RFQ,Glen D.I.,Delaram Fit Out_Supply Of Dimplex Unit Heaters,Dimplex Unit Heaters,Mechanical Items,Mechanical,108486,GBP, ,Order
11665,RFQ-158-710,MACRO,14 Jan 2014,RFQ,United E.C.,Delaram Fit Out_Supply Of Mitsubishi AC Units,Mitsubishi AC Units,Mechanical Items,Mechanical,36000,AED, ,Order
11666,Q-114-709,MICRON,14 Jan 2014,IQ,Ecc-i ,Shorabak Afghanistan_Supply Of Additional Fire Alarm System For Recon Buildings 3 X POLS,Fire Alarm System,,,36327,USD,Hayat M.,Order
11667,Q-114-706,MICRON,13 Jan 2014,IQ,Ecc-i ,Camp Hero East_Supply Of 500 Gallons Of DC315 Thermal Barrier,DC315 Thermal Barrier,,,32500,USD, ,Order
11668,Q-114-705,MICRON,09 Jan 2014,IQ,Ecc-i ,Supply Of Franklin Motor For Grundfos Water Well Pump - Camp Shorab - PO 348612,Franklin Motor For Grundfos Water Well Pump,,,3650,USD, ,Order
11669,Q-114-704,MICRON,09 Jan 2014,IQ,Ecc-i ,Camp Garmsir_Supply Of 187 Units Of Explosion Proof Junction Box,Explosion Proof Junction Box,,,17963.22,USD,Mahesh B.,Order
11670,Q-114-703,MICRON,08 Jan 2014,IQ,State C.,Ghanzi Afghanistan _Supply Of 1950 Gallons Of DC315 Thermal Barrier-Ex Herat,DC315 Thermal Barrier,,,81250,USD, ,Order
11671,RFQ-256-702,MACRO,08 Jan 2014,RFQ,Pitsan M.S.,Shorabak Fit Out_Supply Of Explosion Proof Unit Heaters,Explosion Proof Unit Heaters - Pitsan,Mechanical Items,Mechanical,5400,USD, ,Order
11672,RFQ-256-701,MACRO,07 Jan 2014,RFQ,Arabian E.S.,Shorabak Fit Out_Supply Of Fire Rated Steel Doors,Fire Rated Steel Doors,Doors,Architectural,3677,USD, ,Order
11673,RFQ-258-700,MACRO,07 Jan 2014,RFQ,Al T.E.,Shorabak Fit Out_Supply Of Thermostat,Thermostat,,,1785,AED, ,Order
11674,Q-114-699,MICRON,07 Jan 2014,IQ,Kabul A.T.,Kabul Afghanistan_Supply Of 1000 Gallons Of DC315-Ex Herat,DC315 Thermal Barrier,,,65000,USD, ,Quotation
11675,RFQ-256-694,MACRO,06 Jan 2014,RFQ,Industrial E.C.,Shorabak Fit Out_Supply Of ZURN Cleanout And Floor Drains,ZURN Cleanout And Floor Drains,Building Materials,Various,5526,USD, ,Order
11676,Q-114-693,MICRON,06 Jan 2014,IQ,Ecc-i ,Camp Garmsir_Supply Of Air Compressor And Air Dryer (Ingersoll Rand),Air Compressor And Air Dryer,,,35860,USD,Raquel I.,Order
11677,RFQ-256-692,MACRO,06 Jan 2014,RFQ,Gmg D.T.,Shorabak Fit Out_Supply Of Explosion Proof Fittings And Sealing Compound,Explosion Proof Fittings And Sealing Compound,Electrical,Electrical,1459.6,EURO, ,Order
11678,RFQ-256-691,MACRO,05 Jan 2014,RFQ,Aw R.L.,Shorabak Fit Out_Supply Of Bulkhead FRBH 91B,Frater Bulkhead - FRBH 91B,Electrical,Electrical,336,AED, ,Order
11679,RFQ-256-690,MACRO,05 Jan 2014,RFQ,Haji G.S.,"Shorabak Fit Out_Supply Of Metal Conduit - 3/4""","GI Metal Conduit - 3/4""",Electrical,Electrical,600,USD, ,Order
11680,RFQ-256-689,MACRO,05 Jan 2014,RFQ,Erse K.&.,Shorabak Fit Out_Supply Of Fire Cable,Erse Fire Cable,Electrical,Electrical,144,USD, ,Order
11681,Q-114-688,MICRON,05 Jan 2014,IQ,Ecc-i ,Supply Of Dow Corning 813C To Shorabak,Dow Corning 813C,,,4500,USD,Maricar I.,Order
11682,Q-114-687,MICRON,05 Jan 2014,IQ,Ecc-i ,Supply Of Various Materials To Shorabak,Various Materials,,,5180.25,USD,Maricar I.,Quotation
11683,Q-114-686,MICRON,02 Jan 2014,IQ,Ecc-i ,"SMW Project, Kandahar Afghanistan",Sewage Pump Set,,,14758,USD,Waqar N.,Quotation
11684,RFQ-256-685,MICRON,02 Jan 2014,RFQ,Rajay I.L.,Shorabak Fit Out Project,GI Pipes And Fittings,Building Materials,Various,2967.35,AED, ,Order
11685,Q-1213-684,MICRON,31 Dec 2013,IQ,Contrack I.I.,PROJECT 277_ Supply Of 87 Sets Poly And 600 Gals DC315 - Kabul - PO# 277-0035-A-00,DC315 THERMAL BARRIER AND LAPOLLA POLYURETHANE,,,269550,USD, ,Order
11686,RFQ-256-683,MICRON,31 Dec 2013,RFQ,Srg T.L.,SHORABAK FIT OUT,ELECTRICAL ITEMS,Electrical,Electrical,5439,AED,Mahesh B.,Order
11687,RFQ-256-682,MACRO,31 Dec 2013,RFQ,Haji G.S.,Shorabak Fit Out_Supply Of Electrical Items,ELECTRICAL ITEMS,Electrical,Electrical,14735.75,USD,Mahesh B.,Order
11688,Q-1213-681,MICRON,31 Dec 2013,IQ,Ecc-i ,KABUL DEPOT PROJECT_SUPPLY OF 1750 GALLONS OF DC315 THERMAL BARRIER,DC315 THERMAL BARRIER,,,16250,USD, ,Quotation
11689,RFQ-256-680,MICRON,31 Dec 2013,RFQ,Cortem M.E.,Cortem Explosion Proof Lightings & Fittings,Cortem Explosion Proof Lightings & Fittings,Electrical,Electrical,61680,USD, ,Order
11690,Q-1213-679,MICRON,30 Dec 2013,IQ,Golden R.R.,KABUL AFGHANISTAN PROJECT,DC315  THERMAL BARRIER,,,113750,USD, ,Quotation
11691,Q-1213-678,MICRON,29 Dec 2013,IQ,Ecc-i ,KABUL DEPOT PROJECT_ SUPPLY OF 1750 GALLONS OF DC315 THERMAL BARRIER,DC315 THERMAL BARRIER,,,113750,USD, ,Order
11692,RFQ-371-677,MICRON,29 Dec 2013,RFQ,Focus A.C.,ITSI GILBANE PROJECT,SUPALAFLEX FLEXIBLE DUCT,Building Materials,Various,1596,USD,Raquel I.,Order
11693,Q-1213-676,MICRON,29 Dec 2013,IQ, ,LAKESHORE PROJECT_DELIVERY OF 5000  GALLONS OF DC315 THERMAL BARRIER AND 370 SETS OFLAPOLLA POLYURETHANE,DC315 THERAL BARRIER AND LAPOLLA POLYURETHANE,,,1325470,USD, ,Cancled
11694,RFQ-256-674,MICRON,24 Dec 2013,RFQ,Century M.S.,Po For Air Outlets And Volume Control Dampers,Air Outlets And Volume Control Damper,Mechanical Items,Mechanical,2431,AED, ,Order
11695,RFQ-256-673,MICRON,24 Dec 2013,RFQ,Panel T.E.,PO For Panel Boards,Panel Boards Nema 3R Weather Proof Type,Building Materials,Various,2200,USD, ,Order
11696,RFQ-256-672,MICRON,24 Dec 2013,RFQ,Leminar A.C.,Po For Wall Mounted Exhaust  Fans,Explosion Proof Exhaust Fans,Mechanical Items,Mechanical,45500,USD, ,Order
11697,Q-1213-671,MICRON,23 Dec 2013,IQ,Itsi G.C.,ITSI GILBANE PROJECT_SUPPLY OF FLEXIBLE DUCT,INSULATED FLEXIBLE DUCT,,,2913.22,USD,Raquel I.,Order
11698,Q-1213-670,MICRON,23 Dec 2013,IQ,Ecc-i ,CAMP SHORAB_SUPPLY OF SIKA CERAMIC 201,SIKA CERAMIC 201,,,4865,USD,Raquel I.,Quotation
11699,Q-1213-669,MACRO,22 Dec 2013,RFQ,Ecc-i ,"CAMP SHORAB PROJECT-W5J9LE-11-C-0045-ANA 215TH QRF, ENGINEER",FINAL PRICE OF POL & ARMS STORAGE BUILDINGS,,,315679.09,USD, ,Quotation
11700,Q-1213-668,MICRON,17 Dec 2013,IQ,Ecc-i ,KABUL DEPOT PROJECT_SUPPLY OF 8 SETS OF LAPOLLA POLYURETHANE,LAPOLLA POLYURETHANE,,,21768,USD, ,Order
11701,Q-1213-667,MICRON,17 Dec 2013,IQ,Uecedc (.E.,UNIVERSAL EYE CONSTRUCTION COMPANY PROJECT-SUPPLY OF 8 SETS OF LAPOLLA POLYURETHANE_EX HERAT,LAPOLLA POLYURETHANE,,,22000,USD, ,Quotation
11702,RFQ-256-666,MICRON,16 Dec 2013,RFQ,Century M.S.,SHORABAK FIT UT PROJECT,FLEXIBLE DUCT CONNECTOR,Building Materials,Various,255,USD, ,Order
11703,RFQ-256-665,MICRON,16 Dec 2013,RFQ,Century M.S.,SHORABAK FIT OUT PROJECT,HVAC ITEMS,Building Materials,Various,1780,AED, ,Order
11704,Q-1213-662,MICRON,15 Dec 2013,IQ,Ecc-i ,CAMP HERO_SUPPLY OF 10 NOS OF WERMER MANHOLE LADDER,MANHOLE LADDER,,,10730,USD,Raquel I.,Quotation
11705,Q-1213-661,MICRON,11 Dec 2013,IQ,Lexus E.&.,LEXUS ENGINEERING & CONTRACTING COMPANY,LAPOLLA PRODUCTS,,,267780,USD,Azim R.,Quotation
11706,Q-1213-660,MICRON,10 Dec 2013,RFQ,Ecc-i ,"CAMP SHORAB PROJECT-W5J9LE-11-C-0045 - ANA 215th QRF, Engineer & Light Signal, Camp Shorabak, Helmand, Afghanistan, Subk. 4611 000 - Interior Fit Out",FLOOR PREPARATION AND JOINT WORK,,,12990,USD, ,Order
11707,Q-1213-658,MICRON,09 Dec 2013,IQ,Ecc-i ,Supply Of Sandwich Panel Accesories - Camp Garmsir,Sandwich Panel Accessories,,,9600,USD,Mahesh B.,Order
11708,Q-1213-657,MICRON,09 Dec 2013,IQ,Ecc-i ,CAMP SAYER_SUPPLY OF 25 NOS OF 500 LITER WASTE OIL TANK,500 LITERS WASTE OIL TANK,,,95000,USD,Azim R.,Cancled
11709,Q-1213-653,MICRON,04 Dec 2013,IQ, ,LAKESHORE PROJECT_SUPPLY OF ACOUSTICAL CEILING SYSTEM,ACOUSTICAL CEILING SYSTEM,,,142625,USD,Raquel I.,Quotation
11710,Q-1213-652,MICRON,03 Dec 2013,IQ,Ecc-i ,SOF JOC_TRANSPORTATION OF SANDWICH PANELS,TRANSPORTATION OF SANDWICH PANELS,,,4550,USD,Mahesh B.,Order
11711,Q-1113-649,MICRON,27 Nov 2013,IQ,Emrooz E.&.,EMROOZ ENGINEERING_SUPPLY OF 16 SETS OF LAPOLLA POLYURETHANE-EX WORK,LAPOLLA POLYURETHANE,,,44000,USD,Azim R.,Cancled
11712,RFQ-256-648,MACRO,27 Nov 2013,RFQ,Al Y.L.,Shorabak Fit Out_Supply Of Additional Windows,Windows,Windows,Architectural,2400,AED, ,Order
11713,Q-1113-647,MICRON,27 Nov 2013,IQ, ,LAKESHORE_SUPPLY OF SOUND ATTENUATION BATTS AND GB ACCESSORIES,SOUND ATTENUATION BATTS AND GB ACCESSORIES,,,0,USD,Raquel I.,Quotation
11714,Q-1113-646,MICRON,25 Nov 2013,IQ,Shah F.C.,Shah Fisal Construction Company_Supply Of 250 Gallons Of DC315 Thermal Barrier-EX WORKS,195 Gals DC315 Thermal Barrier,,,12285,USD, ,Order
11715,RFQ-256-644,MACRO,24 Nov 2013,RFQ,Rubaiya Z.B.,Shorabak Fit Out_Supply Of CPVC And PVC Fittings,CPVC Fittings,Building Materials,Various,1305,AED, ,Order
11716,RFQ-256-641,MACRO,20 Nov 2013,RFQ,Knauf L.,Shorabak Fit Out_Supply Of Readygips _ KNAUF,Readygips - Knauf,Building Materials,Various,8400,USD,Maricar I.,Order
11717,Q-1113-640,MICRON,19 Nov 2013,IQ,Contrack I.I.,BP 13-57 POWERPLANT CAMP ARIFJAN KUWAIT,GENERATORS,,,103650,USD,Raquel I.,Quotation
11718,Q-1113-639,MICRON,19 Nov 2013,IQ,Gulf E.C.,Gulf Eagle Project_Supply Of 25 Gals Of DC315 Thermal Barrier,25 Gals DC315 Thermal / Fire Barrier,,,5325,AED,Mahesh B.,Order
11719,Q-1113-638,MICRON,18 Nov 2013,IQ, ,,GYPSUM BOARD AND ACCESSORIES,,,0,USD,Raquel I.,Quotation
11720,Q-1113-637,MICRON,17 Nov 2013,IQ,Specialized M.S.,MIDFIELD PROJECT_SUPPLY OF AIR DIFFUSER FOAM,AIR DIFFUSER FOAM,,,622966.5,AED,Azim R.,Quotation
11721,Q-1113-635,MICRON,17 Nov 2013,IQ,Golden R.R.,Golden Relief Resources_Supply Of 750 Gallons Of DC315 - PO 27297,750 Gals DC315 Thermal Barrier,,,45750,USD, ,Order
11722,Q-1113-634,MICRON,17 Nov 2013,IQ,Shah F.C.,"Herat, Afghanistan",75 Gals DC315 Thermal Barrier,,,4725,USD, ,Order
11723,Q-1113-631,MICRON,14 Nov 2013,IQ,Ecc-i ,ECCI PROJECT 5999_Supply Of Sikaflex Construction+,Supply Of Sikaflex Construction+,,,8225,USD,Maricar I.,Order
11724,Q-1113-630,MICRON,13 Nov 2013,IQ,Contrack I.I.,CONTRACK INTERNATIONAL PROJECT_SUPPPLY OF PVC WINDOWS,PVC WINDOWS,,,145092.05,USD,Raquel I.,Quotation
11725,RFQ-256-629,MACRO,12 Nov 2013,RFQ,Century M.S.,Shorabak Fit Out_Supply Of Materials To Fix Filters In The Sand Trap - CMS,Materials To Fix Filters In The Sand Trap - CMS,Mechanical Items,Mechanical,4275,USD,Maricar I.,Order
11726,Q-1113-628,MICRON,12 Nov 2013,IQ,Ecc-i ,CAMP HERO _SUPPLY OF 625 GALLONS OF DC315 THERMAL BARRIER,625 Gals DC315 THERMAL BARRIER,,,37500,USD, ,Quotation
11727,RFQ-256-627,MACRO,12 Nov 2013,RFQ,Rubaiya Z.B.,Shorabak Fit Out_Supply Of Fiberglass Insulation - KIMMCO,Fiberglass Insulation - KIMMCO,Building Materials,Various,8791.25,USD,Maricar I.,Order
11728,Q-1113-625,FIRESTOP,11 Nov 2013,IQ,Solico C.L.,"GF+5 PF+HC+43 Typ. Floor +Penthouse Bldg. For ASAS Real Estate At Al Khan,Sharjah-U.A.E.",Firestop Sealant (Intumescent & Acrylic Based) And Fire Barrier Foam,,,23229,USD, ,Quotation
11729,Q-1113-624,MICRON,11 Nov 2013,IQ,Ecc-i ,Camp Hero East - Transportation Of Windows And Accesories,Transportation From Dubai To Camp Hero,,,15750,USD, ,Order
11730,Q-1113-623,MICRON,10 Nov 2013,IQ,Itsi G.C.,ITSI GILBANE PROJECT_Supply Of Copper Tubes / Pipes,COPPER TUBES / PIPES,,,3643.58,USD,Raquel I.,Order
11731,Q-1113-622,MICRON,10 Nov 2013,IQ,Emta C.,Khost Ana Parsa Garrison Afghanistan _Supply Of  1400 Gallons Of DC315 And 25 Sets Of Lapolla Polyurethane,1400 Galllons Of DC315 Thermal Barrier And 25 Sets Lapolla Polyurethane Foam,,,135475,USD, ,Order
11732,RFQ-256-620,MACRO,10 Nov 2013,RFQ,Jubaili B.L.,Shorabak Fit Out_Supply Of Automatic Transfer Switch,Automatic Transfer Switch,Electrical,Electrical,5600,AED,Maricar I.,Order
11733,RFQ-256-619,MACRO,10 Nov 2013,RFQ,Leminar A.C.,"Shorabak Fit Out_Supply Of Exhaust Fan - CASALS, Spain",Exhaust Fans - CASALS,Mechanical Items,Mechanical,30100,AED,Maricar I.,Order
11734,RFQ-256-618,MACRO,10 Nov 2013,RFQ,Systemair M.E.,Shorabak Fit Out_Supply Of Duct Heaters,Duct Heaters,Mechanical Items,Mechanical,34600,AED,Maricar I.,Order
11735,Q-1113-617,MICRON,10 Nov 2013,IQ,Contrack I.I.,CONTRACK INTERNATIONAL PROJECTS_SUPPLY OF ALUMINUM WINDOWS,ALUMINUM WINDOWS,,,118225,USD,Raquel I.,Quotation
11736,Q-1113-615,MICRON,10 Nov 2013,IQ,Ecc-i ,"PROJECT 5999- 05- 3081_Excavation Shoring Steel -Bishek, Kyrgyzstan",Excavation Shoring Steel,,,54688.8,USD,Raquel I.,Order
11737,RFQ-256-614,MACRO,08 Nov 2013,RFQ,Industrial E.C.,Shorabak Fit Out_Supply Of Floor Drain - ZURN,129 Pcs Floor Drain - ZURN,Building Materials,Various,5869.5,USD,Maricar I.,Order
11738,Q-1113-613,MICRON,07 Nov 2013,IQ,Shah F.C.,Shah Fisal Construction Company_Supply Of 100 Gallons Of DC315 Thermal Barrier-Ex Works,100 Gals DC315 Thermal / Fire Barrier,,,6300,USD, ,Order
11739,Q-1113-611,MICRON,06 Nov 2013,IQ,Metag ,Ex Works - Supply Of 20 Gals DC315 Thermal / Fire Barrier,20 Gals DC 315 Thermal / Fire Barrier,,,1180,USD, ,Order
11740,Q-1113-609,MICRON,05 Nov 2013,IQ,Ecc-i ,Project 5999_Supply Of Nuts And Washer - PO 349206-1,Nuts And Washers,,,2115,USD, ,Order
11741,RFQ-256-608,MACRO,05 Nov 2013,RFQ,Bin M.&.,Shorabak Fit Out_Supply Of Hot Water Circulation Pump,Hot Water Circulation Pump,Building Materials,Various,520,AED,Maricar I.,Order
11742,RFQ-256-607,MACRO,05 Nov 2013,RFQ,Century M.S.,Shorabak Fit Out_Supply Of Roof And Wall Cap,Roof And Wall Cap,Building Materials,Various,1515,AED,Maricar I.,Order
11743,RFQ-256-606,MACRO,04 Nov 2013,RFQ,Century M.S.,Shorabak Fit Out_Supply Of Duct Insulation,Duct Insulation - AFICO,Building Materials,Various,7418,AED,Maricar I.,Order
11744,RFQ-256-605,MACRO,04 Nov 2013,RFQ,Panel T.E.,Shorabak Fit Out_Supply Of Electrical  Panel Board,Electrical Panel Board,Electrical,Electrical,27550,USD,Maricar I.,Order
11745,Q-1113-604,MICRON,04 Nov 2013,IQ,Abdul Q.M.,CAMP SHAHEEN_SUPPLY OF LEAD SHEETS,LEAD SHEETS,,,15400,USD, ,Quotation
11746,RFQ-256-603,MACRO,04 Nov 2013,RFQ,Srg T.L.,Shorabak Fit Out_Supply Of Low Voltage Cables DUCAB,Low Voltage Cables DUCAB,Electrical,Electrical,26070,AED,Maricar I.,Order
11747,RFQ-256-602,MACRO,04 Nov 2013,RFQ,Rajay I.L.,Shorabak Fit Out_Supply Of Additional GI Fittings,GI Fittings - Additional,Fit Out Project,Architectural,133.25,AED,Maricar I.,Order
11748,Q-1113-600,MICRON,02 Nov 2013,IQ,Ecc-i ,Kandahar - Supply Of 200 Gals DC315 Thermal Fire Barrier,200 Gals DC 315 Thermal / Fire Barrier,,,12000,USD, ,Order
11749,RFQ-1013-599,MACRO,31 Oct 2013,RFQ,Baymak M.S.,Shorabak Fit Out_Supply Of Water Heater - Baymak,Water Heater - Baymak,,,3840,USD, ,Order
11750,RFQ-1013-598,MACRO,31 Oct 2013,RFQ,Medal B.E.,Shorabak Fit Out_Supply Of Sink Mixer,Sink Mixer,,,1470,USD,Maricar I.,Order
11751,Q-1013-597,MICRON,31 Oct 2013,IQ,Itsi G.C.,ITSI GILBANE PROJECT_SUPPLY AND TRANSPORTATION OF CASALS CENTRIFUGAL FANS,CASALS CENTRIFUGAL FANS,,,9400,USD, ,Quotation
11752,RFQ-1013-596,MICRON,31 Oct 2013,RFQ,Rajay I.L.,"Shorabak Fit Out Project_Supply Of Valves, Thermometer, P. Gauge, Flanges","Valves, Thermometer, P. Gauge, Flanges",,,13924.25,AED,Maricar I.,Order
11753,RFQ-1013-595,MACRO,30 Oct 2013,RFQ,Mvl G.,"Shorabak Fit Out_Supply Of ATS System GE, ZENITH","ATS System GE, ZENITH",,,25500,AED,Maricar I.,Order
11754,RFQ-1013-594,MACRO,30 Oct 2013,RFQ,Glen D.I.,Shorabak Fit Out_Supply Of Unit Heaters - Dimplex,Unit Heaters - AC3N,,,23218.65,GBP,Maricar I.,Order
11755,RFQ-1013-593,MACRO,30 Oct 2013,RFQ,Storage B.S.,Shorabak Fit Out Project_Supply Of Hydrogen Gas Detector,Hydrogen Gas Detector - SBS,,,6455,USD,Maricar I.,Order
11756,Q-1013-592,MICRON,30 Oct 2013,IQ,Ecc-i ,ECCI Camp Shorabak_Fabrication Of Gun Racks,Fabrication Of Gun Racks,,,31500,USD, ,Quotation
11757,Q-1013-590,MICRON,29 Oct 2013,IQ, ,Lakeshore Toltest_Supply Of Knauf Gypsum Board And Studs,Knauf Gypsum Board And Studs,,,269626.31,USD, ,Quotation
11758,RFQ-1013-588,MACRO,28 Oct 2013,RFQ,Leminar A.C.,SHORABAK FIT OUT PROJECT_SUPPLY OF CMS FANS,FANS - CASAL,,,77650,AED,Maricar I.,Order
11759,Q-1013-587,MICRON,28 Oct 2013,IQ,Ecc-i ,ECCI_Supply Of Hyyperthem Powermax 30 Parts,Hyperthem Powermax 30 Parts,,,2248,USD,Maricar I.,Quotation
11760,Q-1013-586,MICRON,28 Oct 2013,IQ,Venco I.C.,VICC Project_Supply Of 30 Gallons Of DC15 Thermal Barrier,200 Gals DC315 Thermal / Fire Barrier,,,2520,USD, ,Order
11761,RFQ-1013-585,MICRON,27 Oct 2013,RFQ,Elpim E.C.,Shorabak Fit Out Project_Supply Of Cortem Accessories,Cortem Accessories - ELPIM,,,1566,EURO,Maricar I.,Order
11762,Q-1013-584,MICRON,27 Oct 2013,IQ,Ecc-i ,Camp Shorab - Polyurethane Foam 5 Sets - PO348612M9,5 Sets Polyurethane Foam,,,13605,USD, ,Order
11763,Q-1013-583,MICRON,27 Oct 2013,IQ,Ecc-i ,Camp Hero East - Supply Of Legrand Electrical Items,Legrand Electrical Items,,,2789.5,USD,Maricar I.,Quotation
11764,Q-1013-582,MICRON,27 Oct 2013,IQ,Shah F.C.,Supply Of 200 Gallons Of DC315 Thermal Barrier To Afghanistan_Ex Works,200 Gals DC315 Thermal Barrier,,,12600,USD, ,Order
11765,RFQ-1013-581,MACRO,24 Oct 2013,RFQ,Industrial E.C.,Shorabak Fit Out_Supply Of Fire Alarm System - Firelite,Fire Alarm System - Firelite,,,11960,USD,Maricar I.,Order
11766,RFQ-1013-580,MACRO,23 Oct 2013,RFQ,Srg T.L.,Shorabak Fit Out_Supply Of DUCAB Cables,DUCAB Cables,,,6594.55,AED,Maricar I.,Order
11767,RFQ-1013-579,MACRO,23 Oct 2013,RFQ,The E.L.,Shorabak Fit Out_Supply Of Exit Light,Exit Light,,,2595,USD,Maricar I.,Order
11768,Q-1013-578,MICRON,23 Oct 2013,IQ,Ecc-i ,Kandahar - Supply Of 150 Gals DC315 Thermal Fire Barrier,150 Gals DC315 Thermal Fire Barrier,,,9000,USD, ,Order
11769,Q-1013-574,MICRON,22 Oct 2013,IQ,Ecc-i ,Garmsir - Air Freight/Transportation Of Dimplex Unit Heaters,Transportation Of Dimplex Unit Heaters,,,30000,USD, ,Order
11770,RFQ-1013-573,MACRO,22 Oct 2013,RFQ,Gmg D.T.,Shorab Fit Out_Supply Of Cortem Explosion Proof Junction Box,Exproof Junction Box - Cortem,,,1200.6,GBP,Maricar I.,Order
11771,RFQ-1013-572,MACRO,21 Oct 2013,RFQ,Cortem M.E.,"Shorab Fit Out_Supply Of Cortem Explosion Proof Sockets, Plugs, Switch","Explosion Proof Socket, Plug, Switch - Cortem",,,50960,AED,Maricar I.,Order
11772,Q-1013-568,MICRON,20 Oct 2013,IQ,Petrofac E.L.,EXPANSION OF BAB GAS COMPRESSION PH II,SOLAR STREET LIGHTS,,,2189000,USD,Azim R.,Cancled
11773,RFQ-1013-566,MACRO,17 Oct 2013,RFQ,Dogan T.O.,Shorabak Fit Out_Supply Of Fences,FENCES - DOGAN,,,12000.15,USD,Maricar I.,Order
11774,RFQ-1013-565,MACRO,17 Oct 2013,RFQ,Gmg D.T.,Shorabak Fit Out_Supply Of MK Switches,MK Switches - GMG,,,15153.48,GBP,Maricar I.,Order
11775,Q-1013-564,MICRON,17 Oct 2013,IQ,Ecc-i ,Camp Garmsir-Supply Of 100 Gallons Of DC315,100 Gals DC315 Thermal Barrier,,,6300,USD, ,Order
11776,RFQ-1013-563,MICRON,13 Oct 2013,RFQ,Ecc-i ,Shorbak Fit Out Project_Supply Of MK Electrical Materials,MK Electrical Materials,,,0,USD, ,Order
11777,Q-1013-561,MICRON,13 Oct 2013,IQ,Ecc-i ,CAMP SHAHEEN AFGHANISTAN_SUPPLY OF EXPLOSION PROOF EXHAUST FAN - PO 346271 MOD 13,1 Unit Explosion Proof Exhaust Fans,,,4500,USD,Cecil R.,Order
11778,Q-1013-560,MICRON,12 Oct 2013,IQ,Ecc-i ,Camp Samangan,Transportation Charges From Dubai To Camp Samangan,,,10200,USD, ,Quotation
11779,RFQ-1013-559,MACRO,09 Oct 2013,RFQ,Gem I.E.,Shorabak Fit Out_Stationery Vehicle Exhaust System - Plymovent,Stationery Vehicle Exhaust System - Plymovent,,,35509.28,USD, ,Order
11780,RFQ-1013-558,MACRO,09 Oct 2013,RFQ,Akma G.T.,Shorabak Fit Out_Supply Of PVC And CPVC - AKMA,PVC And CPVC - AKMA,,,84975.19,AED,Maricar I.,Order
11781,RFQ-1013-557,MACRO,08 Oct 2013,RFQ,Fara S.C.,Shorabak Fit Out_Supply & Installation Of Roll-Up Door,Roll-Up Door - FARASAZEH,,,74800,USD,Maricar I.,Order
11782,RFQ-1013-555,MACRO,08 Oct 2013,RFQ,Baymak M.S.,Shorabak Fit Out_Supply Of Water Heater,Water Heater - Baymak,,,6680,USD,Maricar I.,Order
11783,Q-1013-553,MICRON,08 Oct 2013,IQ,Gulf E.C.,Gulf Eagle Project_Supply Of 200 Gals Of DC315 Thermal Barrier - LPO 40786,100 Gals DC315 Thermal / Fire Barrier,,,22000,AED,Tamraz M.,Order
11784,Q-1013-551,MICRON,07 Oct 2013,IQ,Shah F.C.,Supply Of 100 Gals DC315 - Ex Works,100 Gals DC315 Thermal Barrier,,,6300,USD, ,Order
11785,Q-1013-550,MICRON,06 Oct 2013,IQ,Venco I.C.,VICC Project_Supply Of 300 Gallons Of Thermal Barrier - V13-21588,300 Gals DC315 Thermal / Fire Barrier,,,18900,USD, ,Order
11786,Q-1013-549,MICRON,06 Oct 2013,IQ,Contrack I.I.,DC315 Thermal Barrier 437 Gals - PO 257-0111-A-QA.01,435 GALS DC 315 Thermal Barrier,,,13110,USD, ,Order
11787,RFQ-1013-546,MACRO,03 Oct 2013,RFQ,Century M.S.,"Dampers, Air Outlets And Filters","Dampers, Air Outlets And Filters",,,24192,AED,Maricar I.,Order
11788,Q-1013-545,MICRON,03 Oct 2013,IQ, ,Lakeshore Khaskunar Project_Transportation And Demurage Charges- K2,Transportation And Demurage Charges- K2,,,13850,USD,Abie M.,Quotation
11789,RFQ-1013-544,MACRO,03 Oct 2013,RFQ,Industrial E.C.,Fan And Fire Extinguisher,Fan And Fire Extinguisher,,,18774.8,USD,Maricar I.,Order
11790,RFQ-1013-543,MACRO,02 Oct 2013,RFQ,Al H.M.,Stainless Steel Bathroom Accessories,Bathroom Fixtures - Knossos,,,14978.7,USD,Maricar I.,Order
11791,Q-1013-542,MICRON,02 Oct 2013,IQ,Baku E.S.,Baku Engineering Supplies Ltd Project,Spare Parts,,,4550.66,USD,Tamraz M.,Quotation
11792,Q-1013-540,MICRON,01 Oct 2013,IQ,Contrack I.I.,Kabul Afghanistan_Supply Of 20 Gallons Of DC315 And 1 Set Of Lapolla Polyurethane,DC315 Thermal Barrier And Lapolla Polyurethane,,,4081,USD, ,Quotation
11793,Q-1013-538,MICRON,01 Oct 2013,IQ,Biltek ,Ana 2/20th Garrison Kunduz Afghanistan_Supply Of 1800 Gallons Of DC315 Thermal Barrier,1800 Gals DC315 Thermal / Fire Barrier,,,113400,USD, ,Order
11794,Q-913-537,MICRON,30 Sep 2013,IQ,Ecc-i ,Camp Hero Project_Supply Of 550 Gallons Of DC315,550 Gals DC315 Thermal Barrier,,,34650,USD, ,Order
11795,RFQ-913-536,MACRO,30 Sep 2013,RFQ,Ecc-i ,Lighting Switches - MK,Lighting Switches - MK,,,6152,AED,Maricar I.,Order
11796,RFQ-913-535,MACRO,30 Sep 2013,RFQ,Smka E.L.,Wiring Accessories - MK,Wiring Accessories - MK,,,23080.64,AED,Maricar I.,Order
11797,RFQ-913-534,MACRO,30 Sep 2013,RFQ,Interplast C.L.,Supply Of Junction Box,Junction Box,,,5763.56,AED,Maricar I.,Order
11798,RFQ-913-533,MACRO,30 Sep 2013,RFQ,Rubaiya Z.B.,CPVC And PVC,CPVC And PVC,,,38467.95,AED,Maricar I.,Order
11799,Q-913-529,MICRON,26 Sep 2013,IQ,Contrack I.I.,Kabul - Ana Heavy Repair Workshop - W912ER-11-D-0009 TASK #008 - PO 281-9240-O-00,Armature - Rewinding/Refurbishment,,,2750,USD, ,Order
11800,Q-913-528,MICRON,26 Sep 2013,IQ,Shah F.C.,Afghan Projects,500 Gals DC315 Thermal Barrier,,,31500,USD, ,Order
11801,Q-913-527,MICRON,26 Sep 2013,IQ,Ecc-i ,Camp Garmsir Afghanistan,Unit Heaters,,,486680,USD, ,Quotation
11802,RFQ-913-526,MACRO,25 Sep 2013,RFQ,Rajay I.L.,Shorabak Fit Out Project_Supply Of GI And BI Pipes,GI And BI Pipes,,,14026.35,AED,Maricar I.,Order
11803,Q-913-525,MICRON,25 Sep 2013,IQ,Contrack I.I.,Kabul Afghanistan_Supply Of Sandwich Panel,Sandwich Panel,,,36000,USD, ,Quotation
11804,Q-913-523,MICRON,24 Sep 2013,IQ,Emta C.,Khost Ana Parsa Garrsion Afghanistan_Supply Of 1440 Gallons Of DC315 Thermal Barrier,1440 Gals DC315 Thermal / Fire Barrier,,,97920,USD, ,Order
11805,Q-913-522,MICRON,24 Sep 2013,IQ,Ecc-i ,Camp Shaheen Afghanistan_Supply Of 500 Gallons Of DC315 Thermal Barrier,500 Gals DC315 Thermal Barrier,,,32500,USD, ,Order
11806,Q-913-521,MACRO,23 Sep 2013,RFQ,Izocam T.V.,Shorabak Fit Our Project_Supply Of Glasswool Insulation Material,Glasswool Insulation Material,,,13903.49,USD, ,Order
11807,Q-913-520,MACRO,23 Sep 2013,RFQ,Al Y.L.,Shorabak Fit Our Project_Supply Of Windows,Windows,,,131235,AED, ,Order
11808,Q-913-519,MICRON,23 Sep 2013,IQ,Contrack I.I.,Qalat - Supply Of 65 Sets Polyurethane - PO 267-6065-A-00-QA,47 Sets Polyurethane Foam,,,125651.68,USD, ,Order
11809,Q-913-518,MICRON,23 Sep 2013,IQ,Ecc-i ,Camp Hero - Supply Of Sandwich Panel,1393.20 M2 Sandwich Panel,,,51548.4,USD, ,Order
11810,RFQ-913-517,MICRON,22 Sep 2013,RFQ,Ecc-i ,Shorabak Fit Ou Project_Supply Of Junction Box,Junction Box,,,0,USD,Maricar I.,Quotation
11811,Q-913-516,MICRON,22 Sep 2013,IQ,Ecc-i ,Camp Garmsir Afghanistan,Water Heater And Unit Heater,,,687336,USD,Azim R.,Order
11812,Q-913-513,MICRON,21 Sep 2013,IQ,Unique W.-.,Developer Test Inquiry,Developer Test Inquiry,,,10500000,USD, ,Order
11813,RFQ-913-512,MACRO,19 Sep 2013,RFQ,Arabian E.S.,Shorabak Fit Out Project_Supply Of Steel Doors,Steel Door,,,98001.54,USD,Maricar I.,Order
11814,RFQ-913-511,MACRO,19 Sep 2013,RFQ,Ay A.O.,Shorabak Fit Out Project_Supply Of PVC Single Door,PVC Single Door,,,12384,USD,Maricar I.,Order
11815,RFQ-913-510,MACRO,18 Sep 2013,RFQ,Cortem M.E.,Shorabak Fit Out Project_Supply Of Fluorescent Light Fixture,Fluorescent Light Fixture,,,26400,AED,Maricar I.,Order
11816,RFQ-913-509,MACRO,18 Sep 2013,RFQ,Aw R.L.,Shorabak Fit Our Project_Supply Of Electrical Materials,Electrical Materials,,,213318,AED,Maricar I.,Order
11817,Q-913-508,MICRON,17 Sep 2013,IQ,Ecc-i ,Camp Hero - Supply Of Sandwich Panel,4888.50 M2 Sandwich Panel,,,179829.66,USD, ,Order
11818,Q-913-506,MICRON,17 Sep 2013,IQ,Itsi G.C.,Kabul Projects,Transportation From US To Kabul,,,92000,USD, ,Quotation
11819,Q-913-504,MACRO,16 Sep 2013,RFQ,Ecc-i ,ECCI SHORABAK FIT OUT WORK_SUPPLY OF WINDOWS,Windows,,,76080,USD, ,Quotation
11820,Q-913-501,MICRON,15 Sep 2013,IQ,Emta C.,Khost Ana Parsa Garrison Afhanistan_Supply Of 360 Gallons Of DC315 Thermal Barrier,360 Gals DC315 Thermal Barrier,,,27000,USD, ,Order
11821,Q-913-500,MICRON,12 Sep 2013,IQ,Clima U.,SHATT ALARAB HOTEL PROJECT BASRAH IRAQ_ SUPPLY OF  8388 M2  ACOUSTIC INSULATION,IZOCAM ACOUSTIC INSULATION,,,21808.8,USD, ,Quotation
11822,Q-913-498,MICRON,11 Sep 2013,IQ,Omran H.G.,C148-016 Kabul Afghanistan_Supply Of 3730 Gallons Of DC315 And 240 Sets Of Lapolla Polyurethane,DC315 Thermal Barrier And Polyurethane Foam,,,918440,USD,Azim R.,Quotation
11823,Q-913-496,MACRO,11 Sep 2013,IQ,Ecc-i ,Polyurethane Foam 50 Sets - PO # 348612M8,50 Sets Polyurethane Foam,,,136050,USD, ,Order
11824,Q-913-495,MICRON,11 Sep 2013,IQ,Murshid B.L.,"GARMSIR PROJECT AFGHANISTAN SUPPLY OF 500 LITERS HOT WATER STORAGE TANK, ELECTRIC WATER  HEATER, SURFACE MOUNTED UNIT HEATER","500 LITERS HOT WATER STORAGE TANK, ELECTRIC WATER  HEATER, SURFACE MOUNTED UNIT HEATER",,,687336,USD,Azim R.,Quotation
11825,Q-913-493,MACRO,08 Sep 2013,IQ, ,Iraq - Design Work For Security Walls Project - IQGP000001,Iraq - Design Work For Security Walls Project,,,5000,USD,Hayat M.,Quotation
11826,Q-913-492,MICRON,08 Sep 2013,IQ,Ecc-i ,Transportation From Dubai To Camp Samangan/Mazar E-Sheriff-Explosion Proof Items,Transportation From Dubai To Camp Samangan/Mazar E-Sheriff-Explosion Proof Items,,,6250,USD,Mahesh B.,Quotation
11827,Q-913-489,MICRON,05 Sep 2013,IQ,Ecc-i ,ANA 3/3/209th Infantry Afghanistan_ Supply Of Various Electrical Materials,Various Electrical Materials,,,0,USD,Maricar I.,Quotation
11828,Q-913-488,MICRON,05 Sep 2013,IQ,Shah F.C.,DC315 1000 Gallons & Lapolla 58 SETS To Afghanistan_Ex_Works,1000 Gals DC315 Thermal Barrier And 35 Sets Of Polyurethane Foam,,,193608,USD, ,Order
11829,Q-913-486,MICRON,04 Sep 2013,IQ,Golden R.R.,9890WO Ref No.17136 - Supply Of 135 Gal DC315 - Ex Works - PO 26308,DC315 Thermal Fire Barrier,,,8505,USD, ,Order
11830,Q-913-485,MICRON,04 Sep 2013,IQ,Biltek ,Ana 2/20th Garrison Kunduz Afghanistan_Supply Of 65 Sets Of Polyurethane Foam And 1800 Gallons Of DC315,Polyurethane Foam And DC315 Thermal Barrier,,,291740,USD, ,Quotation
11831,Q-913-484,MICRON,03 Sep 2013,IQ,Ecc-i ,Garmsir - Supply Of 250 Gallons DC 315,DC 315 Thermal Barrier,,,15750,USD, ,Order
11832,Q-913-483,MACRO,02 Sep 2013,RFQ,Knauf L.,Knauf Gypsum Board,Knauf Gypsum Board,,,277381.97,AED, ,Order
11833,Q-913-482,MACRO,02 Sep 2013,RFQ,Framecad I.F.,ECCI Shorabak Fit Out Work_Supply Of Steel Coil,Steel Coil,,,24172.8,USD, ,Order
11834,Q-913-480,MACRO,01 Sep 2013,IQ,Ecc-i ,W5J9LE-11-C-0045 - MVL.SUBK.4611.000 - Fitout Work,Shorabak Fit Out Work,,,2900040,USD, ,Order
11835,Q-913-479,MICRON,01 Sep 2013,IQ,Ecc-i ,Shaheen - Transportation Of Ventilation Fans,Transportation Of Ventilation Fans,,,17250,USD, ,Order
11836,Q-913-478,MICRON,01 Sep 2013,IQ,Golden R.R.,JOB 9782 WO Ref No. 17050 - Supply Of 880 Gals Of DC315 - PO 26248,DC 315 Thermal Fire Barrier,,,55440,USD, ,Order
11837,Q-813-477,MICRON,31 Aug 2013,IQ,Ecc-i ,"Camp Shaheen - Supply Of Air Compressor,Air Dryer And Vehicle Exhaust Fan","Air Compressor,Air Dryer And Vehicle Exhaust Fan",,,178031,USD,Maricar I.,Order
11838,Q-813-476,MICRON,31 Aug 2013,IQ,Ecc-i ,Garmsir - Supply Of  Concrete Sealer,AZ-103 Concrete Sealer,,,158031.17,USD,Maricar I.,Order
11839,Q-813-475,MICRON,28 Aug 2013,IQ,Michael B.J.,Arch Span Testing - PO 179303,Arch Span Testing,,,7100,USD, ,Order
11840,Q-813-473,MICRON,28 Aug 2013,IQ,Afghanistan R.A.,Supply Of 8 Sets Lapolla Polyurethane Foam - Herat,Lapolla Polyurethane Foam,,,21768,USD, ,Order
11841,Q-813-472,MICRON,27 Aug 2013,IQ,Shah F.C.,Ghazni Project - Supply Of 10 Sets Lapolla Polyurethane,10 Sets Lapolla Polyurethane Foam,,,27210,USD, ,Order
11842,Q-813-471,MICRON,27 Aug 2013,IQ,Ecc-i ,ECCI_SUPPLY OF CONCRETE COMPRESSION MACHINE,CONCRETE COMPRESSION MACHINE,,,0,USD,Maricar I.,Quotation
11843,Q-813-469,MICRON,25 Aug 2013,IQ,Ecc-i ,"Camp Garmsir,Helmand Province Afghanistan_Supply Of 66 Units Of Electromode Electric Unit Heaters",66 Nos Electric Unit Heaters (Explosion Proof),,,108900,USD,Raquel I.,Order
11844,Q-813-468,MICRON,24 Aug 2013,IQ,Contrack I.I.,Qalat - W5J9LE-12-C-0017 - Supply Of 1875 Gallons Of DC315 Thermal Barrier - PO 267-6059-A-00-Q,DC315 Thermal Barrier,,,105000,USD, ,Order
11845,Q-813-467,MICRON,24 Aug 2013,IQ,Gharany G.,Camp Hero Kandahar Province_Supply Of 7 Sets Of Polyurethane And 85 Gallons Of DC315 Thermal Barrier Ex Works Herat Warehouse,7 SetsPolyurethane And 85 Gals DC315 Thermal Barrier,,,24285,USD, ,Order
11846,Q-813-466,MACRO,24 Aug 2013,IQ,Ecc-i ,DC 315 7500 Gallons - PO348612M7,DC 315 Thermal Barrier,,,450000,USD, ,Order
11847,Q-813-465,MICRON,24 Aug 2013,IQ,Obaidullah I.I.,Kabul Afghanistan_Supply Of 8 Sets Of Polyurethane And 105 Sets Of DC315 Ex Works Herat  Warehouse,DC315 Thermal Barrier And Polyurethane,,,28265,USD, ,Quotation
11848,Q-813-464,MICRON,19 Aug 2013,IQ, ,KHASKUNAR LAKESHORE_TAX PAYMENT OF 250 TONS - W912ER-11-D-0013-0003 - P008240_Change Order #03,TAX PAYMENT FOR 250 TONS,,,25000,USD, ,Order
11849,Q-813-461,MICRON,15 Aug 2013,IQ,Contrack I.I.,Kabul,Dowanol PU Remover,,,4400,USD,Mahesh B.,Quotation
11850,Q-813-460,MICRON,13 Aug 2013,IQ,Ecc-i ,Camp Shorabak - RFP-W5J9LE-12-C-0072 - Supply Of Fire Alarm System (4613.000),Fire Detection And Alarm System,,,28706.4,USD,Maricar I.,Quotation
11851,Q-813-455,MICRON,12 Aug 2013,IQ,Emta C.,KHOST ANA PARSA GARRISON AFGHANISTAN-SUPPLY OF1771 GALLONS OF DC315 AND 114 SETS OF LAPOLLA POLYURETHANE,DC315 THERMAL BARRIER AND LAPOLLA POLYURETHANE FOAM,,,433989,USD,Abie M.,Quotation
11852,Q-813-454,MICRON,12 Aug 2013,IQ,Ecc-i ,CAMP SHAHEEN - Supply Of Mechanical Items - PO # 346922M5 And 346271M8,Supply Of Mechanical Items,,,180939.28,USD, ,Order
11853,Q-813-452,MICRON,12 Aug 2013,IQ,Afghanistan R.A.,Herat Afghanistan_Supply Of 220 Gallons Of DC315 - PO 30082013,DC315 Thermal Barrier,,,14300,USD, ,Order
11854,Q-813-451,MICRON,11 Aug 2013,IQ, ,Bagram Air Field Afghanistan_Supply Of Miller Plasma Parts,Miller Plasma Parts,,,6192.5,USD,Mahesh B.,Quotation
11855,Q-813-450,MICRON,11 Aug 2013,IQ,Golden R.R.,Camp Dwyer - Job Ref. 8794 WO Ref. 16867 - PO 26064,DC315 Thermal Barrier,,,89775,USD,Mahesh B.,Order
11856,Q-813-449,MICRON,07 Aug 2013,IQ,Ecc-i ,ECCi Project 5999_Supply Of Fabricated Steel Ladders,Steel Ladder,,,12410,USD,Raquel I.,Quotation
11857,Q-813-448,MICRON,06 Aug 2013,IQ,Afghanistan R.A.,"Herat , Afghanistan",Lapolla Polyurethane Foam,,,19047,USD, ,Order
11858,Q-813-447,MICRON,04 Aug 2013,IQ,Ecc-i ,Kabul Depot Project Afghanistan-Supply Of 108 Sets Of Lapolla And 2370 Gallons Of DC315,DC315 And Lapolla Polyurethane,,,422592,USD, ,Order
11859,Q-813-446,MICRON,01 Aug 2013,IQ,Ecc-i ,Suppyl Of 46 Sets Lapolla And 575 Gals DC315 - Kandahar Air Base,Polyurethane Foam,,,159620,USD, ,Order
11860,Q-713-444,MICRON,30 Jul 2013,IQ,Ecc-i ,Kabul,Hypertherm Plasma Cutter Parts,,,805,USD,Mahesh B.,Quotation
11861,Q-713-443,MICRON,30 Jul 2013,IQ,Afghanistan R.A.,"Supply Of 150 Gallons DC315 - Ex-Works, Herat - PO 30072013",DC 315 Thermal / Fire Barrier,,,9750,USD, ,Order
11862,Q-713-442,MICRON,29 Jul 2013,IQ,Obaidullah I.I.,"Kabul, Afghanistan",Graco Mark V Airless Sprayer,,,46325,USD,Mahesh B.,Quotation
11863,Q-713-441,MICRON,29 Jul 2013,IQ,Ecc-i ,Pitsan Unit Heaters 19 Pcs - PO 346258M4,Pitsan Unit Heaters,,,25650,USD,Abie M.,Order
11864,Q-713-440,MICRON,29 Jul 2013,IQ,Shah F.C.,Supply Of 1500 Gallons Of DC315 To Afghanistan_EX WORKS,1500 Gals DC315 Thermal Barrier,,,94500,USD,Mahesh B.,Order
11865,Q-713-439,MICRON,29 Jul 2013,IQ,Metag I.T.,Supply Of DC315 Thermal Barrier -Tarin Kowt - PO ANK13.AT02.0321,DC315 Thermal Barrier,,,351325,USD,Raquel I.,Order
11866,Q-713-438,MICRON,29 Jul 2013,IQ,Ecc-i ,Pitsan Unit Heaters  23 Pcs.   - PO346922M4 & 346271M7,Pitsan Unit Heaters,,,31050,USD,Abie M.,Order
11867,Q-713-437,MICRON,28 Jul 2013,IQ,Tetra T.E.,Kabul Afghanistan_Supply Of Airless Sprayer For DC315,Graco Mark V Airless Sprayer,,,45500,USD,Mahesh B.,Cancled
11868,Q-713-434,MICRON,25 Jul 2013,IQ,Ecc-i ,"CAMP GARMSIR, AFGHANISTAN_TRANSPORT OF SEARCH LIGHTS FROM UAE TO CAMP GARMSIR",Transportation Of Search Lights From UAE To Camp Garmsir,,,3750,USD, ,Order
11869,Q-713-433,MICRON,24 Jul 2013,IQ,Ecc-i ,"Camp Garmsir,Helmand Afghanistan_Supply Of 2500 Units Of Electric Unit Heaters",Electric Unit Heaters,,,727500,USD,Abie M.,Quotation
11870,Q-713-432,MICRON,24 Jul 2013,IQ,Venco I.C.,Project-120206-KS-00/MRF:1235/ Supply Of 150 Gallons Of DC315 - PO V13-21464,DC315 Thermal Barrier,,,9450,USD, ,Order
11871,Q-713-431,MICRON,24 Jul 2013,IQ,Uecedc (.E.,Kabul Afghanistan_Supply Of 3335 Gallons Of DC315,Thermal Barrier DC315,,,216775,USD,Mahesh B.,Quotation
11872,Q-713-430,MICRON,23 Jul 2013,IQ,Ecc-i ,KABUL DEPOT PROJECT AFGHANISTAN_SUPPLY OF 107 SETS OF LAPOLLA AND 2369 GALLONS OF DC315,SUPPLY OF LAPOLLA POLYURETHANE  AND DC315,,,422592,USD,Mahesh B.,Order
11873,Q-713-429,MICRON,23 Jul 2013,IQ,Ecc-i ,Camp Garmsir - Supply Of 608 M2 Of Sandwich Panel - PO 346047,Sandwich Panel,,,26204.8,USD, ,Order
11874,Q-713-428,MICRON,23 Jul 2013,IQ,Ecc-i ,"CAMP SHAHEEN,MAZAR E SHARIF AFGHANISTAN -SUPPLY OF ELECTRICAL & MECHANICAL ITEMS - PO # 346922M5 And 346271M8",ELECTRICAL AND MECHANICAL ITEMS,,,180939.28,USD,Cecil R.,Order
11875,Q-713-425,MICRON,23 Jul 2013,IQ,Ecc-i ,Camp Shorab - Supply Of 2500 Gallons DC 315 - PO 346812 MOD #06,DC 315,,,150000,USD, ,Order
11876,Q-713-424,MICRON,23 Jul 2013,IQ,Ecc-i ,"CAMP SHAHEEN,MAZAR E SHARIF AFGHANISTAN PROJECT 5548 AND 5549_ SUPPLY OF HOSE REEL",HOSE REEL,,,66885,USD,Maricar I.,Quotation
11877,Q-713-420,MICRON,21 Jul 2013,IQ,Tetra T.E.,ANA Camp Shorabak - W5J9LE-12-C-0029 - PO 1096009 MOD 02,Polyurethane Foam,,,247611,USD, ,Order
11878,Q-713-419,MICRON,21 Jul 2013,IQ,Ecc-i ,Camp Shaheen - Supply Of Ventilux Lights - PO 346922 Mod # 3 And 346271 Mod # 6,Emergency Lights - Ventilux,,,79352,USD, ,Order
11879,Q-713-418,MICRON,20 Jul 2013,IQ,Golden R.R.,JOB 9782 Camp Bastion - Supply Of 3155 Gals Of  DC315 - PO 25673,DC 315 Thermal Fire Barrier,,,205075,USD, ,Order
11880,Q-713-417,MICRON,20 Jul 2013,IQ,Ecc-i ,"Camp Shaheen, Mazar E Sharif Afghanistan Project  5548 And 5549_ Supply Of  Eyewash And Hose Reel",Eyewash,,,20013,USD,Maricar I.,Quotation
11881,Q-713-415,MICRON,18 Jul 2013,IQ,Macec G.O.,Kabul - Supply Of DC315 And Polyurethane Foam - PO Sharana-091213-01,2665 Gals DC315 Thermal Barrier And 140 Sets Lapolla Foam,,,543795,USD, ,Order
11882,Q-713-414,MICRON,17 Jul 2013,IQ,Itsi G.C.,FA8903-06-D-8513: Supply Of GI Steel Coil And Sheets - Kabul - PO 8796-07031.3524,GI Steel Coil And GI Sheet,,,27139,USD, ,Order
11883,Q-713-413,MICRON,17 Jul 2013,IQ,Tetra T.E.,Camp Hadrian - Supply Of 2500 Gals DC315 Thermal Barrier - PO 1096761,Thermal Barrier DC315,,,175000,USD, ,Order
11884,Q-713-412,MICRON,17 Jul 2013,IQ,Tetra T.E.,Camp Gereshk - Supply Of  2500 Gals DC315 Thermal Barrier - PO 1096474 MOD #01,Thermal Barrier DC315,,,170000,USD, ,Order
11885,Q-713-410,MACRO,14 Jul 2013,IQ,Qasr A.S.,Abu Dhabi - Supply Of LED Bulbs,LED Bulbs,,,27225,AED,Maricar I.,Quotation
11886,Q-713-408,MICRON,14 Jul 2013,IQ,Contrack I.I.,SUPPLY OF FIRE EXTINGUISHER - KUWAIT,FIRE EXTINGUISHERS,,,83160,USD,Maricar I.,Cancled
11887,Q-713-406,MICRON,10 Jul 2013,IQ,Ecc-i ,Supply Of 46 Sets Lapolla Polyurethane - Camp Garmsir,Lapolla Polyurethane Foam,,,126500,USD,Mahesh B.,Order
11888,Q-713-404,MICRON,08 Jul 2013,IQ,Afghanistan R.A.,"Herat , Afghanistan",DC315 Thermal Barrier,,,1575,USD, ,Order
11889,Q-713-400,MICRON,03 Jul 2013,IQ,Afghanistan R.A.,Herat - Supply Of 100 Gals DC315,DC315 Thermal Barrier,,,6300,USD, ,Order
11890,Q-713-398,MICRON,02 Jul 2013,IQ,Ecc-i ,Camp Garmsir - Transportation Of Anchor Bolts,Transportation From Mabani To Camp Bastion,,,1950,USD, ,Order
11891,Q-713-397,MICRON,01 Jul 2013,IQ,Ecc-i ,Camp Sayar - Supply Of Centrifugal Fans - PO 344966,Centrifugal Fan 18/18,,,11850,USD,Mahesh B.,Order
11892,Q-713-396,MICRON,01 Jul 2013,IQ,Tetra T.E.,Camp Gereshk - Supply Of 650 Gals DC315 - PO 1096474,DC315 Thermal Barrier,,,44200,USD, ,Order
11893,Q-713-395,MICRON,01 Jul 2013,IQ,Metag I.T.,Mezar-E-Sheriff - Supply Of 25 Gals DC315,DC315 Thermal Barrier,,,1475,USD, ,Order
11894,Q-713-393,MICRON,01 Jul 2013,IQ,Metag I.T.,Supply Of Lapolla Polyurethane And DC315 Thermal Barrier-Tarin Kowt - PO ANK13.AT02.0305,Lapolla Polyurethane And DC315 Thermal Barrier,,,430606,USD, ,Order
11895,Q-713-392,MICRON,01 Jul 2013,IQ,Ecc-i ,Supply Of DC 315 To Camp Sayar,DC315 Thermal Barrier,,,17100,USD, ,Order
11896,Q-613-391,MICRON,30 Jun 2013,IQ,Contrack I.I.,Project 277_ Supply Of INSS2460 Silicone Fire Barrier Sealant-Kabul Afghanistan,INSS2460 Silicone Fire Barrier Sealant,,,1248,USD, ,Order
11897,Q-613-390,MICRON,30 Jun 2013,IQ,Ecc-i ,SUPPLY OF HOSE REEL_CAMP SAYER AFGHANISTAN,SUPPLY OF HOSE REEL,,,130400,USD,Raquel I.,Quotation
11898,Q-613-386,MICRON,29 Jun 2013,IQ,Venco I.C.,Kabul - Supply Of 275 Gals DC315 - PO V13-21427,DC315 Thermal Barrier,,,17325,USD, ,Order
11899,Q-613-385,MICRON,29 Jun 2013,IQ, ,Delaram,Dowanol & TSL Solvent,,,6575,USD, ,Order
11900,Q-613-384,MICRON,27 Jun 2013,IQ,Contrack I.I.,QALAT - SUPPLY OF POLY- W5J9LE-12-0017 PO: 267-6007-A-00-A2,POLYURETHANE FOAM,,,427748.81,USD, ,Order
11901,Q-613-383,MICRON,27 Jun 2013,IQ,Waheedullah A.Z.,Fire Barrier Silicone,Fire Barrier Silicon,,,2640,USD, ,Order
11902,Q-613-382,MICRON,26 Jun 2013,IQ,Ecc-i ,ECC PR 5999-09-2134 - PO 349206,Benjamin Moore Paints,,,78953.69,USD,Maricar I.,Order
11903,Q-613-381,MICRON,26 Jun 2013,IQ,Contrack I.I.,PROJECT 277- SUPPLY OF OPERABLE PARTITION- KABUL AFGHANISTAN,FOLDING PANEL PARTITIONS,,,52172.9,USD,Raquel I.,Quotation
11904,Q-613-379,MICRON,26 Jun 2013,IQ,Contrack I.I.,PROJECT 280 - Kabul - Supply Of Metal Lockers,LOCKERS,,,6560,USD,Maricar I.,Cancled
11905,Q-613-378,MICRON,26 Jun 2013,IQ,Contrack I.I.,Projects 278 And 281 - Supply Of Fire Extinguisher - Kabul,FIRE EXTINGUISHER,,,13014,USD,Maricar I.,Cancled
11906,Q-613-377,MICRON,26 Jun 2013,IQ,Ecc-i ,Camp Sayar,RAL 1014 Paint,,,1825,USD,Mahesh B.,Cancled
11907,Q-613-376,MICRON,26 Jun 2013,IQ,Ecc-i ,Supply Of MV Termination Kit - Camp Sayer_Farah Province Afghanistan,MV Termination Kit,,,5230,USD,Cecil R.,Cancled
11908,Q-613-374,MICRON,25 Jun 2013,IQ,Ecc-i ,Camp Sayar,Motor For SF-7 Centrifugal Fans,,,6300,USD,Mahesh B.,Cancled
11909,Q-613-371,MICRON,24 Jun 2013,IQ,Waheedullah A.Z.,Delaram - Supply Of PVC And Aluminium Doors,ALUMINUM AND PVC DOORS,,,1984.7,USD,Maricar I.,Cancled
11910,Q-613-370,MICRON,24 Jun 2013,IQ,Winchester P.,Supply Of Fire Proof Paint - DC 333,Fire Proof Paint - DC 333,,,6800,USD, ,Order
11911,Q-613-366,MICRON,23 Jun 2013,IQ,Metag I.T.,DC315 Thermal Barrier-EX Works,DC315 Thermal Barrier,,,1770,USD, ,Order
11912,Q-613-364,MICRON,22 Jun 2013,IQ,Biltek ,Biltek,Lapolla FL2000 + DC315,,,108640,USD, ,Order
11913,Q-613-363,MACRO,20 Jun 2013,RFQ,United C.&.,Fit Out Delaram-W59LE-11-C-0034 Lakeshore Project No. L1U07-P008093,SANITARY WARES,,,10480,USD, ,Order
11914,Q-613-361,MICRON,19 Jun 2013,IQ,Afghanistan R.A.,Herat-Afghanistan-18 Sets Lapolla Polyurethane Foam - PO 01072013,Lapolla Polyurethane Foam,,,48978,USD, ,Order
11915,Q-613-360,MICRON,19 Jun 2013,IQ, ,"ANA 2/215 Brigade Garrison, Camp Delaram-1,Phase 3-5,000 Gallons DC315 - P000475_Change Order 03",5000 Gals DC315 Thermal / Fire Barrier,,,315000,USD, ,Order
11916,Q-613-359,MACRO,19 Jun 2013,RFQ,Bin M.&.,Fit Out Delaram-W59LE-11-C-0034 Lakeshore Project No. L1U07-P008093,Rodding Eye_Aluminum,,,8838.8,USD, ,Order
11917,Q-613-357,MICRON,17 Jun 2013,IQ,Tetra T.E.,ANA Camp Shorabak - W5J9LE-12-C-0029 - PO 1096009,Lapolla Polyurethane Foam,,,408150,USD, ,Order
11918,Q-613-356,MICRON,16 Jun 2013,IQ,Ecc-i ,"Transportation Of PEB Materials - Camp Gamsir, Helmand, Afghanistan -",Transportation Of  PEBs,,,38600,USD, ,Order
11919,Q-613-355,MICRON,15 Jun 2013,IQ,Ecc-i ,Camp Shorab-Afghanistan,Miller And Hypertherm Parts-Cutting Machine,,,4340,USD,Mahesh B.,Quotation
11920,Q-613-354,MICRON,15 Jun 2013,IQ,Ecc-i ,Camp Shorab,Electric Motors For Air Compressors,,,1900,USD, ,Order
11921,Q-613-353,MICRON,13 Jun 2013,IQ, ,Khaskunar I & II - W912ER-11-D-0013 - Supply Of Lapolla Foam And DC315 - P008567,Lapolla Polyurethane And DC315 Thermal/Fire Barrier,,,3976765,USD,Abie M.,Order
11922,Q-613-352,MICRON,13 Jun 2013,IQ,Contrack I.I.,Paints - Contrack 4 Project,Paints For 4 Projects,,,0,USD,Maricar I.,Quotation
11923,Q-613-350,MICRON,12 Jun 2013,IQ, ,W5J9LE-11-C-0034-Delaram-Supply Of Polyurethane Foam - P008466,331 Sets Lapolla Polyurethane Foam,,,903961,USD, ,Order
11924,Q-613-349,MICRON,12 Jun 2013,IQ,Metag I.T.,Camp Shorab - Supply Of Nitrile Gloves,Nitrile Gloves,,,2225,USD,Maricar I.,Cancled
11925,Q-613-348,MACRO,11 Jun 2013,RFQ,Milli F.,Fit Out Delaram-W59LE-11-C-0034 Lakeshore Project No. L1U07-P008093,UPVC And PVC,,,4828.11,USD, ,Order
11926,Q-613-345,MICRON,11 Jun 2013,IQ,Ecc-i ,Camp Shaheen-Afghanistan,Electrical Materials,,,154314,USD,Mahesh B.,Cancled
11927,Q-613-344,MACRO,09 Jun 2013,RFQ, ,Fit-Out - Delaram - W5J9LE-11-C-0034; Lakeshore Project No. L1U07 - P008093,Exhaust Fan,,,265310,USD, ,Quotation
11928,Q-613-343,MICRON,09 Jun 2013,RFQ,National P.F.,Fit-Out - Delaram - W5J9LE-11-C-0034; Lakeshore Project No. L1U07 - P008093,Paints,,,139686.2,AED, ,Order
11929,Q-613-340,MICRON,09 Jun 2013,IQ,Ecc-i ,Camp Sayar - Supply Of Jail Cell Toilets [Detention Center],Supply Of Jail Cell Toilets,,,5125,USD, ,Order
11930,Q-613-338,MICRON,09 Jun 2013,IQ,Ecc-i ,Camp Shorab - 4611.00 - Supply Of Graco & Miller Parts,Graco Parts & Miller Parts,,,9027,USD, ,Order
11931,Q-613-336,MICRON,08 Jun 2013,IQ,Ecc-i ,RFQ5999-00-1202 Tools For Stone,Construction Tools,,,0,USD,Maricar I.,Quotation
11932,Q-613-335,MACRO,04 Jun 2013,RFQ,Gmg D.T.,Fit-Out - Delaram - W5J9LE-11-C-0034; Lakeshore Project No. L1U07 - P008093,Distribution Panel,,,174949.3,USD, ,Order
11933,Q-613-334,MICRON,04 Jun 2013,IQ,Ecc-i ,Camp Sayar,Graco Gun Tips,,,620,USD,Mahesh B.,Quotation
11934,Q-613-333,MICRON,03 Jun 2013,IQ,Ecc-i ,KABUL-W5J9LE-10D-0022-0004-SL C0020 LIFTING SUSPENSION OF WORK FOR THERMAL BARRIER,MONOKOTE CEMENTIOUS THERMAL BARRIER,,,731532.25,USD,Abie M.,Quotation
11935,Q-613-330,MICRON,02 Jun 2013,IQ, ,"Delaram L1U07 - Supply Of 370 Sets Poly, 5000 Gals DC315 And Electrical Items - P008866","370 Sets Poly, 5000 Gals DC315 And Electrical Items - P08866",,,2394932.5,USD,Abie M.,Order
11936,Q-613-328,MICRON,02 Jun 2013,IQ,Venco I.C.,Ex-works - Supply Of 125 Gallons DC 315,DC 315 Thermal / Fire Barrier,,,7875,USD, ,Order
11937,Q-513-326,MICRON,29 May 2013,IQ,Ecc-i ,Camp Shorbak - Supply Of Pole Gun,Pole Gun Extension,,,2200,USD, ,Order
11938,Q-513-325,MACRO,28 May 2013,RFQ,United C.&.,Fit-Out - Delaram - W5J9LE-11-C-0034; Lakeshore Project No. L1U07 - P008093,OATEY CLEANOUTS,,,2750,USD, ,Order
11939,Q-513-324,MICRON,27 May 2013,IQ,Ecc-i ,Camp Hero - Supply Of Relay For Makita Table Saw 2704,Switch - Makita Table Saw 2704,,,388,USD, ,Order
11940,Q-513-323,MICRON,27 May 2013,IQ,Ecc-i ,Camp Sayar,Graco Gun Tip,,,280,USD, ,Order
11941,Q-513-322,MICRON,27 May 2013,RFQ,Century M.S.,Fit Out Delaram - W5J9LE-11-C-0034; Lakeshore Project No. L1U07 - P008093,"Air Outlets, Motorized Volume Control Damper",,,168500,AED, ,Order
11942,Q-513-321,MICRON,25 May 2013,IQ,Venco I.C.,Kabul - Supply Of DC315 - PO V13-21370,DC315 Thermal Barrier,,,22050,USD, ,Order
11943,Q-513-320,MICRON,23 May 2013,IQ, ,Khaskunar I & II - W912ER-11-D-0013-0003 - P008240,1.0mm And 1.52mm Steel Coils,,,419160,USD, ,Order
11944,Q-513-319,MICRON,22 May 2013,IQ, ,Khaskunar Ph I & II - W912ER-11-D-0013 - P008240_CHANGE ORDER 01,1.0mm & 1.50mm Steel Coils,,,2968025,USD, ,Order
11945,Q-513-318,MACRO,22 May 2013,RFQ,Century M.S.,Fit-Out - Delaram - W5J9LE-11-C-0034; Lakeshore Project No. L1U07 - P008093,HVAC Ducting And Accesories,,,90745.6,AED, ,Order
11946,Q-513-317,MICRON,22 May 2013,RFQ,Ay A.O.,Fit-Out - Delaram - W5J9LE-11-C-0034; Lakeshore Project No. L1U07 - P008093,Aluminium And PVC Doors,,,157943.2,USD, ,Order
11947,Q-513-316,MICRON,22 May 2013,IQ,Metag I.T.,Mazar-E-Sherif - Supply Of 25 Gallons DC315,DC315 Thermal Barrier,,,1475,USD, ,Order
11948,Q-513-315,MICRON,21 May 2013,IQ,Ecc-i ,MP Area(5448) Camp Shaheen,Explosion Proof Electrical Items,,,17850,USD,Mahesh B.,Cancled
11949,Q-513-313,MICRON,19 May 2013,IQ,Ecc-i ,Camp Hero East,Sandwich Panel,,,4840,USD,Mahesh B.,Cancled
11950,Q-513-311,MICRON,18 May 2013,IQ, ,Darulaman - Supply Of 150 Gallons DC 315,DC 315 To Darulaman,,,9450,USD, ,Order
11951,Q-513-309,MICRON,15 May 2013,IQ,Zacc -.A.,Kabul - Supply Of DC315,"DC 315 Thermal Barrier - Kabul, Afghanistan",,,93248,USD, ,Order
11952,Q-513-307,MICRON,14 May 2013,IQ,Ecc-i ,Shaheen - Supply Of Various Spare Parts,Powermax 30 Plasma Parts,,,2504,USD, ,Order
11953,Q-513-306,MICRON,13 May 2013,IQ,Ecc-i ,Camp Hero East - Supply Of Sandwich Panel - PO 346021,Sandwich Panel,,,186917,USD, ,Order
11954,Q-513-305,MICRON,13 May 2013,IQ,Contrack I.I.,Kabul-Supply Of PRFinished Metal Roof System-PO 269-6019-A-00,PRFinished Metal Roof System,,,153581.14,USD, ,Order
11955,Q-513-304,MICRON,12 May 2013,IQ,Ecc-i ,Camp Garmsir - Supply Of PU Remover,PU Remover,,,1550,USD, ,Order
11956,Q-513-303,MICRON,12 May 2013,IQ,Ecc-i ,Camp Garmsir - Supply Of Sandwich Panel Accesories,Sandwich Panel Accessories,,,11064.5,USD, ,Order
11957,Q-513-302,MICRON,11 May 2013,IQ,Venco I.C.,Kabul,DC315 Thermal Barrier,,,9450,USD, ,Order
11958,Q-513-301,MICRON,09 May 2013,IQ,Metag I.T.,Tarinkowt-4/205th Garrison Brigade Phase 1-PO ANK13.AT02.0260,Prima Flex Cement Boards,,,62000,USD, ,Order
11959,Q-513-300,MICRON,08 May 2013,IQ,Lakeshore T.,W5J9LE-11-C-0034-Delaram,Polyurethane Foam & DC315 Thermal Barrier,,,2298335,USD,Mahesh B.,Cancled
11960,Q-513-299,MICRON,07 May 2013,IQ,Venco I.C.,Kabul - Supply Of 120 Gals DC315 - PO V13-21330,DC315 Thermal Barrier,,,7560,USD, ,Order
11961,Q-513-298,MICRON,04 May 2013,IQ,Ecc-i ,Shaheen - W912DQ-11-C-4015 - Supply Of Cortem Explosion Proof Lights,Explosion Proof Emergency Lights,,,82466.5,EURO, ,Order
11962,Q-513-296,MICRON,04 May 2013,IQ,Ecc-i ,"ANA Brigade, Camp Sayar",Centrifugal Fans,,,29087.23,USD, ,Order
11963,Q-513-295,MICRON,02 May 2013,RFQ,R.a.k. C.,Fit-Out - Delaram - W5J9LE-11-C-0034; Lakeshore Project No. L1U07 - P008093,Ceramic Tiles,,,84538.08,AED, ,Order
11964,Q-513-292,MICRON,01 May 2013,RFQ,Sika U.L.,Fit-Out - Delaram - W5J9LE-11-C-0034; Lakeshore Project No. L1U07 - P008093,SIKA,,,10600,AED, ,Order
11965,Q-513-291,MICRON,01 May 2013,RFQ,Lakeshore T.,Fit Out Delaram - W5J9LE-11-C-0034; Lakeshore Project No. L1U07 - P008093,Delaram Fit Out - Scope 1,,,0,USD, ,Order
11966,Q-513-290,MICRON,01 May 2013,IQ,Ecc-i ,Mazar-E-Sheriff - Supply Of Explosion Proof Lights,Explosion Proof Emergency Lights,,,3300,USD, ,Order
11967,Q-513-289,MICRON,01 May 2013,IQ,Lakeshore T.,Delaram - Supply Of Graco Spares - W5J9LE-11-C-0034 - P008146 - Change Order # 02,Graco Parts,,,792,USD, ,Order
11968,Q-413-288,MICRON,29 Apr 2013,IQ,Ecc-i ,Camp Sayar - W5J9LE-11-C-0018-4605.000 - Supply Of Paint RAL 1014,Paint RAL 1014,,,4300,USD, ,Order
11969,Q-413-287,MICRON,27 Apr 2013,IQ,Waheedullah A.Z.,"Supply Of Sandwich Panel To Delaram, Afghanistan",Sandwich Panel & Accessories,,,340000,USD, ,Order
11970,Q-413-284,MICRON,23 Apr 2013,IQ, ,Fit-Out - Delaram - Supply Of Sanitary Wares And Drains,Sanitary Wares And Drains,,,14525,USD, ,Order
11971,Q-413-283,MICRON,22 Apr 2013,IQ,Metag I.T.,Metag Projects,Polyurethane & Thermal Barrier,,,2095740,USD, ,Order
11972,Q-413-282,MACRO,22 Apr 2013,RFQ,Gmg D.T.,Fit Out - Delaram - Supply Of Electrical Materials,Supply Of Electrical Materials,,,324014.66,USD, ,Order
11973,Q-413-281,MICRON,16 Apr 2013,IQ,Sebianca C.F.,Kandahar - W5J9LE-13-C-0013 - Supply Of DC315 And Polyurethane,Polyurethane & DC315 Thermal Barrier,,,86383,USD, ,Order
11974,Q-413-280,MICRON,14 Apr 2013,IQ, ,Delaram Phase-II,Fire Rated Doors,,,10247,USD,Mahesh B.,Cancled
11975,Q-413-279,MICRON,14 Apr 2013,IQ,Ecc-i ,Camp Hero - Supply Of Makita - W5J9LE-11-C-0046 - PO 346021,Makita Tools,,,325,USD, ,Order
11976,Q-413-277,MICRON,11 Apr 2013,IQ,Venco I.C.,Ex-Works - Supply Of 650 Gals - DC315 - PO 21293,DC315 Thermal Barrier,,,38350,USD, ,Order
11977,Q-413-275,MICRON,10 Apr 2013,IQ,Ecc-i ,Garmsir - Supply Of 600 Gals DC315 - W5J9LE-11-C-0043 - PO 346047,DC315 Thermal Barrier,,,37800,USD, ,Order
11978,Q-413-273,MICRON,08 Apr 2013,IQ,Ecc-i ,Camp Garmsir,DC315 Thermal Barrier,,,50400,USD,Mahesh B.,Cancled
11979,Q-413-272,MICRON,07 Apr 2013,IQ,Ecc-i ,Supply Of Makita And Dewalt - W5J9LE-11-C-0046 - PO347372,Makita And Dewalt,,,1566.8,USD, ,Order
11980,Q-413-271,MICRON,06 Apr 2013,IQ,Ecc-i ,Camp Garmsir,DC315 Thermal Barrier,,,9450,USD, ,Order
11981,Q-413-270,MICRON,06 Apr 2013,IQ,Metag I.T.,DC 315 Thermal Barrier - Ex Works,DC 315 Thermal Barrier - Ex Works,,,2360,USD, ,Order
11982,Q-413-269,MICRON,03 Apr 2013,IQ,Farhan ,Afghan Projects,DC315 Thermal Barrier,,,68,USD,Mahesh B.,Cancled
11983,Q-413-268,MICRON,03 Apr 2013,IQ,Recon I.,Camp Bastion,DC315 Thermal Barrier,,,251600,USD,Mahesh B.,Cancled
11984,Q-413-267,MICRON,03 Apr 2013,IQ,Golden R.R.,"DC315 - Job 8794 - Camp Dwyer, Afghanistan",DC315 Thermal Barrier,,,68000,USD, ,Order
11985,Q-413-265,MICRON,01 Apr 2013,IQ, ,Khaskunar Ph I & Ph II,Steel Coil,,,4164440.75,USD,Mahesh B.,Cancled
11986,Q-413-264,MICRON,01 Apr 2013,IQ, ,Khaskunar,Steel Coils,,,204160,USD, ,Order
11987,Q-313-263,MICRON,31 Mar 2013,IQ,Tetra T.E.,Camp Gereshk,DC315 Thermal Barrier,,,49300,USD,Maricar I.,Cancled
11988,Q-313-261,MICRON,25 Mar 2013,IQ,Ecc-i ,Shaheen - Water Heater For Camp Shaheen Project - PO 346922 & 346271,Water Heaters - Camp Shaheen Projoect,,,128254.5,USD, ,Order
11989,Q-313-258,MICRON,21 Mar 2013,IQ,Ecc-i ,Supply Of Makita & Dewalt - W5J9LE-11-C-0046 - PO 346021,Dewalt And Makita Tools,,,8691.8,USD, ,Order
11990,Q-313-255,MICRON,20 Mar 2013,IQ, ,Lakeshore Toltest - Equipments / Spares - Delaram - PO 8146 Change Order #01,Graco Parts,,,2820,USD, ,Order
11991,Q-313-254,MICRON,19 Mar 2013,IQ, ,Mazar-e-Sheriff,Steel Door Exterior,,,57389,USD,Mahesh B.,Cancled
11992,Q-313-253,MICRON,18 Mar 2013,IQ, ,Camp Bagram,Vise Grips & Miller Parts,,,5299,USD,Mahesh B.,Cancled
11993,Q-313-252,MICRON,18 Mar 2013,IQ,Metag I.T.,Supply Of Polyurethane And DC315 - Helmand/Afghanistan (ANA) 215th CLB - Order No.: ANK13.AH07.0085,Lapolla Polyurethane Foam & DC315 Thermal Barrier,,,955181,USD, ,Order
11994,Q-313-251,MICRON,16 Mar 2013,IQ, ,Mazar-E-Sheriff-Lakeshore,DC315 Thermal Barrier,,,102000,USD, ,Quotation
11995,Q-313-250,MICRON,16 Mar 2013,IQ,Metag I.T.,Tarinkowt/Afghanistan. 4/205th,Polyurethane Foam - BASF,,,243264,USD, ,Order
11996,Q-313-249,MICRON,16 Mar 2013,IQ,Ecc-i ,W5J9LE-12-C-0008-Camp Shorab,Polyurethane Foam,,,380812,USD, ,Quotation
11997,Q-313-246,MICRON,11 Mar 2013,IQ,Ecc-i ,W5J9LE-11-C-0043-4610-Camp Garmsir,Sandwich Panel,,,491279.94,USD, ,Order
11998,Q-313-245,MICRON,11 Mar 2013,IQ,Ecc-i ,"Ana 3/207th Garrison, Badghis",Polyurethane Foam And DC 315 Thermal / Fire Barrier,,,2544388.75,USD, ,Order
11999,Q-313-244,MICRON,10 Mar 2013,IQ,Contrack I.I.,Qalat - Supply Of Poly And DC315 - W5J9LE-12-C-0017 - PO: 267-6007-A-00,Polyurethane Foam,,,1632505.25,USD, ,Order
12000,Q-313-243,MICRON,06 Mar 2013,IQ,Multiforms L.,Factory Use,GI Steel Coil,,,38533.5,AED, ,Quotation
Total : ,,,,,,,,,,"245,503.17(GBP)",Avg. : ,"22,318.47(GBP)",
,,,,,,,,,,"166,917.13(EURO)",,"8,785.11(EURO)",
,,,,,,,,,,"3,377,929.80(QAR)",,"562,988.30(QAR)",
,,,,,,,,,,"499,087.50(SAR)",,"249,543.75(SAR)",
,,,,,,,,,,"227,175,529.51(USD)",,"142,967.61(USD)",
,,,,,,,,,,"103,195,625.02(AED)",,"75,160.69(AED)",
