"Quotation Report - Date : January-28, 2026 10:59 AM",,,,,,,,,,,,,
No,Number,Company,Date,Type,Client,Project Name,Description,Material,Material Code,Quo. Value,Cur.,MVL Contact,Status
3001,Q-1192-F12093,FIRESTOP,19 Oct 2022,IQ,Al F.F.,PARK INN#ATCON#JVT#000004,"SUPPLY OF INSS1186, INSS1440",Firestop/ DC 315,Fire,6016.5,AED,Ajeesh J.,Order
3002,Q-1192-F12072A,FIRESTOP,19 Oct 2022,IQ,Rimal I.S.,Abudhabi Midfield# LPO 159/2022,SUPPLY OF INSS1440 5G PAIL,Firestop/ DC 315,Fire,4200,AED,Islam S.,Order
3003,RFQ-5410-V40001,"MVL USA, INC",19 Oct 2022,RFQ,Gibraltar P.S.,(KUW-135) GE5019R0095 REPLACEMENT OF EXISTING ANTI-RAM HYDRAULIC VEHICLE BARRIER AT US EMBASSY KUWAIT,VEHICLE BARRIER,Building Materials,Various,306785,USD, ,Order
3004,Q-1192-F12092,FIRESTOP,19 Oct 2022,IQ,New V.A.,STRUCTURAL &amp; WEATHER SEALANT,SUPPLY NWS&amp;SGS,Firestop/ DC 315,Fire,98733.6,USD,Habib B.,Quotation
3005,Q-1192-F12091,FIRESTOP,19 Oct 2022,IQ,Fibrex L.,"5 STAR HOTEL AND HOTEL APARTMENTS DEVELOPMENT, RAS AL KHAIMAH",SUPPLY OF INSS1186,Firestop/ DC 315,Fire,23.33,AED,Dinesh M.,Quotation
3006,Q-1192-F12090,FIRESTOP,18 Oct 2022,IQ,Jpm A.T.,2B+G+11 FLOOR- OST # LPO JPM/MVL/0257/2022,SUPPLY OF INSS1186 5G PAIL,Firestop/ DC 315,Fire,6037.5,AED,Ajeesh J.,Order
3007,Q-1192-F12089,FIRESTOP,18 Oct 2022,IQ,Jpm A.T.,G403-RIVIERA PHASE 2-AZIZI # LPO JPM/MVL/0253/2022,SUPPLY OF INSS1186 5G PAIL,Firestop/ DC 315,Fire,2756.25,AED,Habib B.,Order
3008,Q-1192-F12088,FIRESTOP,18 Oct 2022,IQ,001 C.,"FATTAN,LA VIE,JUMEIRAH # LPO 023- REV 02","SUPPLY OF INSS1440, INSS1186",Firestop/ DC 315,Fire,6930,AED,Habib B.,Order
3009,Q-1192-F12087,FIRESTOP,18 Oct 2022,IQ,Alec E.&.,FIRESTOPPING PROJECT,PRICE LIST,Firestop/ DC 315,Fire,8037.13,AED,Habib B.,Quotation
3010,RFQ-1569-R1503,MACRO,18 Oct 2022,RFQ,New S.O.,MVL Group Office Related POs,RENT TO OWN (Model &ndash; SHARP MX-3051 &ndash; 30PPM &ndash; High Quality ) 1 YEAR WITH SERVICE,Rental,Rental,17766,AED, ,Order
3011,RFQ-1569-V4266,MACRO,18 Oct 2022,RFQ,Al K.C.,MVL Group Office Related PO,"DESKTOP, LAPTOP, AND MONITORS FOR HO OFFICE",Building Materials,Various,10825.5,AED, ,Order
3012,Q-1192-F12086,FIRESTOP,17 Oct 2022,IQ,Venture I.T.,FIRESTOPPING PROJECT,SUPPLY OF DC68,Firestop/ DC 315,Fire,2100,AED,Habib B.,Quotation
3013,Q-4814-V4360,MACRO,17 Oct 2022,IQ,Ancd -.A.,MASS &amp; Co. SOV 6 Plus Admin Fee,MASS &amp; Co. SOV 6 Plus Admin Fee,Misc.,Various,11482.56,USD, ,Order
3014,Q-1192-V4446,FIRESTOP,17 Oct 2022,IQ,International C.T.,Materials Testing Done By UL GMBH,MVL Firestop,Misc.,Various,23000,USD, ,Order
3015,Q-1192-F12085,FIRESTOP,17 Oct 2022,IQ,Al B.C.,G+2P+9+R Residential Building Plot 645-5963 Majan Wadi Al Safa 3# LP02022P00100939,Supply Of Fire Stop Materials,Firestop/ DC 315,Fire,1275.75,AED,Ajeesh J.,Order
3016,Q-1192-F12084,FIRESTOP,16 Oct 2022,IQ,Safety W.,AL WASL # AIROLINK,SUPPLY OF INSS1186,Firestop/ DC 315,Fire,1155,AED,Habib B.,Order
3017,Q-1192-F12055A,FIRESTOP,16 Oct 2022,IQ,Classic F.C.,FIRESTOPPING PROJECT,SUPPLY OF INSS2460 DARK GREY,Firestop/ DC 315,Fire,945,AED,Habib B.,Order
3018,Q-1192-F12083,FIRESTOP,16 Oct 2022,IQ,Firestop I.T.,FIFA CARPET PROJECT,SUPPLY OF DC68,Firestop/ DC 315,Fire,29250,AED,Islam S.,Quotation
3019,Q-1192-F12082,FIRESTOP,14 Oct 2022,IQ,Al E.C.,"AL NAEEM 5, COMMERCIAL &amp; RESIDENTIAL BUILDING (G+3M+30TYP+R), PLOT NO: 314030014, RAK DAFFAN, RAS AL KHAIMAH, UAE",SUPPLY OF INSS0285 &amp; D64,Firestop/ DC 315,Fire,82162.5,AED,Ajeesh J.,Quotation
3020,Q-1192-F12081,FIRESTOP,14 Oct 2022,IQ,Al E.C.,"AL NAEEM 5, COMMERCIAL &amp; RESIDENTIAL BUILDING (G+3M+30TYP+R), PLOT NO: 314030014, RAK DAFFAN, RAS AL KHAIMAH, UAE",Supply Of Fire Stop Materials - CIVIL,Firestop/ DC 315,Fire,72418.5,AED,Ajeesh J.,Quotation
3021,Q-1192-F12080,FIRESTOP,14 Oct 2022,IQ,Al E.C.,"AL NAEEM 5, COMMERCIAL &amp; RESIDENTIAL BUILDING (G+3M+30TYP+R), PLOT NO: 314030014, RAK DAFFAN, RAS AL KHAIMAH, UAE",Supply Of Fire Stop Materials MEP,Firestop/ DC 315,Fire,155268.75,AED,Dinesh M.,Quotation
3022,Q-1192-F12079,FIRESTOP,14 Oct 2022,IQ,Al E.C.,"AL NAEEM 5, COMMERCIAL &amp; RESIDENTIAL BUILDING (G+3M+30TYP+R), PLOT NO: 314030014, RAK DAFFAN, RAS AL KHAIMAH, UAE",Supply Of Fire Stop Materials MEP,Firestop/ DC 315,Fire,126761.25,AED,Dinesh M.,Quotation
3023,RFQ-5410-V40000,MACRO,14 Oct 2022,RFQ,Gibraltar P.S.,(KUW-135) GE5019R0095 REPLACEMENT OF EXISTING ANTI-RAM HYDRAULIC VEHICLE BARRIER AT US EMBASSY KUWAIT,VEHICLE BARRIER,Building Materials,Various,306785,USD, ,Quotation
3024,Q-1192-F12078,FIRESTOP,14 Oct 2022,IQ,Miroj J.T.,EMBORN FACTORY FI,SUPPLY OF INSS1440 310ML,Firestop/ DC 315,Fire,57.75,AED,Ramshad K.,Order
3025,Q-1192-F12077,FIRESTOP,14 Oct 2022,IQ,Grand S.B.,FIRESTOPPING PROJECT,SUPPLY OF INSS1186 - 600 ML SAUSAGE,Firestop/ DC 315,Fire,20.48,AED,Habib B.,Quotation
3026,Q-1192-F12076,FIRESTOP,13 Oct 2022,IQ,New S.E.,86- G+4F+RF+RES BUILD # LPO 29388,SUPPLY OF INSS1440 5G PAIL,Firestop/ DC 315,Fire,840,AED,Ajith S.,Order
3027,Q-1192-F12075,FIRESTOP,13 Oct 2022,IQ,City N.C.,INDUSTRIAL FACILITY FOR SHRINATH FLEXIPACK @ KIZAD,"SUPPLY OF INSS1440, D64",Firestop/ DC 315,Fire,2835,AED,Dinesh M.,Quotation
3028,Q-1005-E7049,MV LLC,12 Oct 2022,IQ,Arabian C.C.,Supply &amp; Delivery Of Uninterruptible Power Supply(UPS)-Khamis,Supply &amp; Delivery Of Uninterruptible Power Supply(UPS)-Khamis,Electrical,Electrical,33352,USD, ,Quotation
3029,Q-1192-F12019A,FIRESTOP,12 Oct 2022,IQ,Al S.,"B+G+1st+4P+SRV. FL+SWIMING POL FLR.+H.C FL. + 23 TYP.+SRV. FL.+PENTHOUSE (DUPLEX) + ROF+TOP OF ROF HOTEL BUILDING ON PLOT NO. 3473902, AT AL MERKADH, DUBAIFOR TRASAND",Supply Of Fire Stop Materials MEP,Firestop/ DC 315,Fire,142721.25,AED,Ajeesh J.,Quotation
3030,Q-1192-F12074,FIRESTOP,12 Oct 2022,IQ,Atis T.S.,FIRESTOPPING PROJECT,SUPPLY OF DC68,Firestop/ DC 315,Fire,1942.5,AED,Habib B.,Order
3031,Q-1192-F12073,FIRESTOP,11 Oct 2022,IQ,Huge B.C.,MUTTAWA TOWER# LPO PD/HG/PO/25482,SUPPLY OF CFS01,Firestop/ DC 315,Fire,2913.75,AED,Ajeesh J.,Order
3032,Q-1005-M7054,MV LLC,11 Oct 2022,IQ,Titanit C.L.,Supply &amp; Delivery Of Oil Water Separator-Al Kharj-KSA,Supply &amp; Delivery Of Oil Water Separator-Al Kharj-KSA,Mechanical Items,Mechanical,23974.79,USD,Mahesh B.,Order
3033,Q-1192-F12072,FIRESTOP,11 Oct 2022,IQ,Rimal I.S.,Abudhabi Midfield# LPO 150/2022,SUPPLY OF INSS1440 5G PAIL,Firestop/ DC 315,Fire,6720,AED,Islam S.,Order
3034,Q-1192-F12071,FIRESTOP,11 Oct 2022,IQ,Rukn A.M.,NEUTRAL WETAHER SEALANT,SUPPLY OF NWS 2000,Firestop/ DC 315,Fire,1050,AED,Habib B.,Order
3035,Q-1192-F12070,FIRESTOP,11 Oct 2022,IQ,Arabian C.G.,"2B+G+6F+ROOF COMMERCIAL &amp; RESIDENTIAL COMPLEX ON PLOT No. 3210222, MADINAT DUBAI AL MELAHEYAH, DUBAI# LPO 2207543",SUPPLY OF INSS1186 5G PAIL,Firestop/ DC 315,Fire,21000,AED,Habib B.,Order
3036,Q-5213-V40007,MACRO,11 Oct 2022,RFQ,(atc) A.T.,(KSA 127) W912ER21C0015 AL KHARJ WAREHOUSE,OSHA SAFETY REBAR CAPS,Building Materials,Various,1020,USD,Mahesh B.,Order
3037,Q-1192-F12069,FIRESTOP,11 Oct 2022,IQ,Door M.T.,Six Villas Project  For BEMCO,SUPPLY OF INSS1440,Firestop/ DC 315,Fire,840,AED,Habib B.,Quotation
3038,Q-1192-F12068,FIRESTOP,11 Oct 2022,IQ,Door M.T.,Six Villas Project  For BEMCO # LPO 106-2022,SUPPLY OF INSS1186 &amp; INSS1440,Firestop/ DC 315,Fire,5250,AED,Habib B.,Order
3039,Q-1005-M7053,MV LLC,10 Oct 2022,IQ,Elite P.E.,Supply &amp; Delivery Of Flexible Connector- Qatar,Supply &amp; Delivery Of Flexible Connector- Qatar,Mechanical Items,Mechanical,5900,USD,Mahesh B.,Quotation
3040,RFQ-1192-V4322,FIRESTOP,10 Oct 2022,RFQ,Fujairah R.F.,MVL Firestop,SLAB WITHOUT FACING SXXX Density 160Kg M3 Thickness 50mm Size1.2 Mtr X .6 Mtr. 360 SQM,Building Materials,Various,13173.3,AED, ,Order
3041,Q-1192-F12067,FIRESTOP,06 Oct 2022,IQ,Shield C.C.,Suhsil Ali Al Mazrouei@Raha-RBW6 Plot C19,SUPPLY OF INSS1440 5G PAIL,Firestop/ DC 315,Fire,882,AED,Habib B.,Order
3042,Q-1192-F12066,FIRESTOP,06 Oct 2022,IQ,Do B.H.,"Commercial &amp; Residential Building ( B+G+P+6T+7th+8th ) International City 2- Warsan Fourth, Dubai, UAE# LPO JYB0610-2022",SUPPLY OF INSS1186 5G PAIL,Firestop/ DC 315,Fire,3360,AED,Ramshad K.,Order
3043,Q-1192-F12065,FIRESTOP,05 Oct 2022,IQ,Rimal I.S.,PROJECT IN ABU DHABI AIRPORT MIDFIELD,"SUPPLY OF INSS1440,INSS0285",Firestop/ DC 315,Fire,1365,AED,Islam S.,Quotation
3044,Q-1192-F12064,FIRESTOP,05 Oct 2022,IQ,Gulf E.C.,"Gulf Catering Services @ Mussafah 09, AUH","SUPPLY OF INSS1440, D64",Firestop/ DC 315,Fire,903,AED,Dinesh M.,Order
3045,RFQ-3742-V4265,MACRO,05 Oct 2022,RFQ,Cummins A.K.,W912ER-19-C-0018 Care And Preservation Vehicle Maintenance Facility,Cummins Generator Service,Building Materials,Various,1280,KWD, ,Order
3046,Q-1192-F12063,FIRESTOP,05 Oct 2022,IQ,Alibtikar A.T.,FIRESTOPPING PROJECT,SUPPLY OF DC68,Firestop/ DC 315,Fire,1417.5,AED,Habib B.,Order
3047,Q-1192-F12062,FIRESTOP,04 Oct 2022,IQ,Multi A.S.,"Kings College Hospital, Jeddah",SUPPLY OF INSS1186 5G PAIL,Firestop/ DC 315,Fire,6045,AED,Islam S.,Quotation
3048,Q-1192-F12061,FIRESTOP,04 Oct 2022,IQ,Al A.E.,"JOOD PALACE HOTEL/COMMERCIAL/RESIDENTIAL BUILDING, NO50/8, PLOT NO. 124-192, DUBAI, UAE",Supply Of Fire Stop Materials MEP,Firestop/ DC 315,Fire,46633.65,AED,Dinesh M.,Quotation
3049,Q-1192-F12060,FIRESTOP,04 Oct 2022,IQ,Multi A.S.,FIRESTOPPING PROJECT,Supply Of Fire Stop Materials MEP,Firestop/ DC 315,Fire,108210,AED,Islam S.,Quotation
3050,Q-1192-F12059,FIRESTOP,03 Oct 2022,IQ,Jpm A.T.,OST - 2B+G+11 FLOOR# LPO JPM/MVL/0249/2022,SUPPLY OF INSS1186 5G PAIL,Firestop/ DC 315,Fire,6037.5,AED,Ajeesh J.,Order
3051,Q-1192-F12058,FIRESTOP,03 Oct 2022,IQ,Metco C.,HOTEL PROJECT- EGYPT,Supply Of Fire Stop Materials,Firestop/ DC 315,Fire,95625.95,AED,Islam S.,Quotation
3052,Q-5213-V40005,MACRO,03 Oct 2022,IQ,(atc) A.T.,(KSA 127) W912ER21C0015 AL KHARJ WAREHOUSE,Weep Vent And Mortar Vent,Building Materials,Various,6626.64,USD,Mahesh B.,Order
3053,Q-5193-V40000,MACRO,03 Oct 2022,IQ,Arabian C.C.,"(KSA-126) W912ER21C0014 Khamis Simulator Facility, Kingdom Of Saudi Arabia","Weep Vent, Mortar Vent &amp; OSHA Rebar Caps",Building Materials,Various,9215.75,USD,Mahesh B.,Order
3054,Q-1192-F12057,FIRESTOP,03 Oct 2022,IQ,Asian I.,FIRESTOPPING PROJECT In BANGLADESH# LPO ASI-12092022,Supply Of INSS1440 600 Ml Sausage,Firestop/ DC 315,Fire,11500,AED,Islam S.,Order
3055,Q-1192-F12056,FIRESTOP,03 Oct 2022,IQ,Fscunion Y.S.,TURKEY PROJECT,SUPPLY OF INSS1186 5G PAIL,Firestop/ DC 315,Fire,9900,USD,Islam S.,Order
3056,Q-1192-F12055,FIRESTOP,03 Oct 2022,IQ,Classic F.C.,FIRESTOPPING PROJECT,SUPPLY OF INSS2460 DARK GREY,Firestop/ DC 315,Fire,3150,AED,Habib B.,Order
3057,Q-1192-F12054,FIRESTOP,03 Oct 2022,IQ,Al B.C.,G+2P+9+R Residential Building Plot 645-5963 Majan Wadi Al Safa 3# LP02022P00100931,SUPPLY OF INSS1440 5G PAIL,Firestop/ DC 315,Fire,756,AED,Ajeesh J.,Order
3058,Q-1192-F12053,FIRESTOP,30 Sep 2022,IQ,Pgs G.C.,"PROPOSED DUBAI LAGOON ZONE 3, B+G+8+R BUILDING,      BLDG. F1, PLOT NO.: 5981801, DUBAI, UAE",SUPPLY OF MVL FIRESTOP MATERIAL,Firestop/ DC 315,Fire,9492,AED,Ajeesh J.,Quotation
3059,Q-1192-F12035A,FIRESTOP,29 Sep 2022,IQ,Rukn A.M.,WEATHER SEALANT,SUPPLY OF NWS 2000,Firestop/ DC 315,Fire,1365,AED,Habib B.,Order
3060,Q-1192-F12052,FIRESTOP,29 Sep 2022,IQ,Deep S.S.,ADNOC  PROJECT,SUPPLY OF INSS1440,Firestop/ DC 315,Fire,826.88,AED,Habib B.,Quotation
3061,RFQ-5213-V40004,MACRO,29 Sep 2022,RFQ,Gcc D.L.,(KSA 127) W912ER21C0015 AL KHARJ WAREHOUSE,Weep Vent And Mortar Vent,Building Materials,Various,9495,USD, ,Order
3062,Q-1192-F12051,FIRESTOP,28 Sep 2022,IQ,New S.E.,86-(G+4F+RF) Res Build @ Warsan # LPO 29164-R,"SUPPLY OF FP05, D120,SSHOOP,INFS0812",Firestop/ DC 315,Fire,3885.08,AED,Ajith S.,Order
3063,Q-1192-F12050,FIRESTOP,28 Sep 2022,IQ,Al H.,"PROPOSED G+4 BUILDING, PLOT NO.2523, AJMAN, UAE","SUPPLY OF FP05, INSS1440",Firestop/ DC 315,Fire,2280.6,AED,Islam S.,Quotation
3064,Q-1192-F12049,FIRESTOP,28 Sep 2022,IQ,Jas A.,Artifact Fire Protection,Supply Of DC 68,Firestop/ DC 315,Fire,3412.5,AED,Ramshad K.,Quotation
3065,Q-1192-F12048,FIRESTOP,28 Sep 2022,IQ,Srh A.B.,"PROPOSED RESIDENTIAL BUILDING GROUND + 1P+1st+7TYPICAL + ROOF, AL SATWA, DUBAI, PLOT NO.3347572# LPO MK 315",Supply Of Fire Stop Materials,Firestop/ DC 315,Fire,1974,AED,Ajeesh J.,Order
3066,Q-1192-F12047,FIRESTOP,28 Sep 2022,IQ,Polaris I.I.,PII/21/061 # LPO 583,SUPPLY OF DC68,Firestop/ DC 315,Fire,17850,AED,Habib B.,Order
3067,RFQ-5503-O1,MVL Greece,28 Sep 2022,RFQ,Public B.,GRE-121 N6247022C0002 Communications Center - Souda Bay,Supply And Delivery Of Laptop HP 15S-FQ2008NV (Intel Core I7-1165G7/16GB/1TB SSD/,Computer Peripherals,Office Assets,2546.94,EURO,Marman I.,Order
3068,RFQ-1192-F12046,FIRESTOP,28 Sep 2022,RFQ,International C.T.,MVL Firestop,Order No. INCA-20220927-10,Firestop/ DC 315,Fire,39145,USD, ,Order
3069,RFQ-1569-O29,MACRO,28 Sep 2022,RFQ,Dnv B.A.,"MVL MICHIGAN (US), MVL (UAE), MVL (LEBANON)",CMMC LEVEL 3 SELF- ASSESSMENT SERVICE,Computer Peripherals,Office Assets,67200,AED, ,Order
3070,Q-1192-F12045,FIRESTOP,27 Sep 2022,IQ,Al A.C.,NAEEM TOWER ( B+G+2M+20F) # LPO 102201693,SUPPLY OF INSS1440 5G PAIL,Firestop/ DC 315,Fire,5670,AED,Islam S.,Order
3071,Q-1192-F12044,FIRESTOP,27 Sep 2022,IQ,Atcon C.L.,P102 -PALM HOTEL ( B+G+10TYP+ROOF+UPPER ROOF)# LPO 6959,"SUPPLY OF INSS1440, INSS1186",Firestop/ DC 315,Fire,2539.32,AED,Islam S.,Order
3072,Q-1192-F12043,FIRESTOP,27 Sep 2022,IQ,Greaves A.P.,Dolmen Mall Lahore,"Supply Of INSS1440,GASKET",Firestop/ DC 315,Fire,733058,AED,Islam S.,Quotation
3073,Q-1192-F12042,FIRESTOP,26 Sep 2022,IQ,Maxitech I.L.,PRICE LIST,Supply Of Fire Stop Materials,Firestop/ DC 315,Fire,10256.23,AED,Islam S.,Quotation
3074,Q-1005-M7052,MV LLC,23 Sep 2022,IQ,Ms A.C.,Supply &amp; Delivery Of Air Conditioners(PTAC Units)-W50S7K-22-R-0021,Supply &amp; Delivery Of Air Conditioners(PTAC Units)-W50S7K-22-R-0021,Mechanical Items,Mechanical,119940,USD, ,Quotation
3075,RFQ-4814-V40002,MACRO,22 Sep 2022,RFQ,Maxim H.R.,(QTR 193) - W912ER21C0005 - USACE TRANS REGIONAL LOGISTICS COMPLEX (TRLC),Missile Impact Skylight Panel,Building Materials,Various,68973.66,USD, ,Order
3076,Q-1192-F11020C,FIRESTOP,21 Sep 2022,IQ,Fibrex L.,AL AIN PROJECT#F-ALM-ASJ01-PUR-27798-2022.R-0,SUPPLY OF INSS2460 BLACK,Firestop/ DC 315,Fire,5985,AED,Habib B.,Order
3077,RFQ-5503-V4351,MVL Greece,21 Sep 2022,RFQ,Zacharakis G.,GRE-121 N6247022C0002 Communications Center - Souda Bay,Supply And Installation Of PHOTOCOPY MACHINE KONICA MINOLTA C250 PHOTOCOPY MACHINE 250i  And 1 Set Of Toners,Misc.,Various,4042.4,EURO,Marman I.,Order
3078,Q-1192-F12041,FIRESTOP,21 Sep 2022,IQ,Al F.F.,PRICE LIST,Supply Of Fire Stop Materials,Firestop/ DC 315,Fire,9079.74,AED,Ajeesh J.,Quotation
3079,RFQ-1192-V4445,FIRESTOP,20 Sep 2022,RFQ,Grand S.C.,MVL Firestop,STATIONARIES SUPPLIES - FIRESTOP,Misc.,Various,2125.72,AED,Marman I.,Order
3080,Q-1192-F12040,FIRESTOP,20 Sep 2022,IQ,Al M.A.,G+5TYP+6TH+R # WARSAN FOURTH,Unit Rate Quotation,Firestop/ DC 315,Fire,0,AED,Ajith S.,Quotation
3081,Q-1192-F12039,FIRESTOP,20 Sep 2022,IQ,Al H.B.,"RESIDENTIAL BUILDING IC3-L-11 (G+2P+6 TYP+ R ),IC3-B22(G+P+4+R),IC3-B17(G+P+4+R), WARSAN FOURTH, DUBAI,UAE PO# 0519/GEN/ABC/2022",Supply Of Fire Stop Materials MEP,Firestop/ DC 315,Fire,30040.5,AED,Ajeesh J.,Order
3082,Q-1192-F12038,FIRESTOP,20 Sep 2022,IQ,Fibrex L.,SULAFA TOWER # LPO F-ALM-AE1803-PUR-47297-2022.R-0,SUPPLY OF INSS2460 BLACK,Firestop/ DC 315,Fire,59850,AED,Habib B.,Order
3083,Q-1192-F12037,FIRESTOP,20 Sep 2022,IQ,Pgs G.C.,Derby Residence # Meydan,Supply Of Fire Stop Materials,Firestop/ DC 315,Fire,1651.65,AED,Ajeesh J.,Quotation
3084,Q-1192-F12036,FIRESTOP,20 Sep 2022,IQ,Pearl P.S.,PO/PC/L/1314,SUPPLY OF DC315,Firestop/ DC 315,Fire,336,AED,Islam S.,Order
3085,Q-1192-F12035,FIRESTOP,20 Sep 2022,IQ,Rukn A.M.,WEATHER SEALANT,SUPPLY OF NWS 2000,Firestop/ DC 315,Fire,4095,AED,Habib B.,Order
3086,Q-1192-F12034,FIRESTOP,19 Sep 2022,IQ,Inayah E.W.,NEW PRICE LIST,Supply Of Fire Stop Materials,Firestop/ DC 315,Fire,9079.74,AED,Islam S.,Quotation
3087,Q-1192-F12033,FIRESTOP,19 Sep 2022,IQ,Pgs G.C.,DERBY RESIDENCE-2- G+4 BUILDING-MEYDAN,SUPPLY OF INFS0812,Firestop/ DC 315,Fire,1848,AED,Ajeesh J.,Order
3088,RFQ-5213-V40003,MACRO,19 Sep 2022,RFQ,M. S.A.,(KSA 127) W912ER21C0015 AL KHARJ WAREHOUSE,Translucent Wall Panels (KALWALL),Building Materials,Various,158700,SAR, ,Order
3089,Q-1192-F12032,FIRESTOP,19 Sep 2022,IQ,Media P.I.,"Arabian Hospitality Investment Conference (AHIC) Cocktail Event , Mina A'Salam Majlis A'Salam Ballroom# LPO MP2022/1512",SUPPLY OF DC68,Firestop/ DC 315,Fire,2467.5,AED,Ramshad K.,Order
3090,Q-1192-F12031,FIRESTOP,19 Sep 2022,IQ,Jpm A.T.,"PROPOSED COMMERCIAL / RESIDENTIAL / OFFICE BLDG. (G+2P+9FL+R), Plot No.: 2470260, Al Qusais Ind., Dubai# FAST BUILDING CONT.",Supply Of Fire Stop Materials MEP,Firestop/ DC 315,Fire,47717.25,AED,Ajith S.,Quotation
3091,Q-1005-M7051,MACRO,16 Sep 2022,IQ,Titanit C.L.,Supply &amp; Delivery Roof Top Package Unit(DX) - AL Kharj-KSA,Supply &amp; Delivery Roof Top Package Unit(DX) - AL Kharj-KSA,Mechanical Items,Mechanical,62274.8,USD,Mahesh B.,Order
3092,RFQ-4814-A5202,MACRO,15 Sep 2022,RFQ,Vulcan I.L.,(QTR 193) - W912ER21C0005 - USACE TRANS REGIONAL LOGISTICS COMPLEX (TRLC),"WOODEN DOORS, FRAMES AND DOOR HARDWARES",Doors,Architectural,473240.25,AED, ,Order
3093,Q-1192-F12030,FIRESTOP,15 Sep 2022,IQ,Smithline R.C.,FIRESTOPPING PROJECT,SUPPLY OF DC315,Firestop/ DC 315,Fire,336,AED,Islam S.,Quotation
3094,Q-1192-F12029,FIRESTOP,15 Sep 2022,IQ,Cooltech E.S.,Proposed Project In Sri Lanka,SUPPLY OF MVL FIRESTOP MATERIAL,Firestop/ DC 315,Fire,442930,AED,Islam S.,Quotation
3095,Q-1192-F12028,FIRESTOP,15 Sep 2022,IQ,Al F.C.,"COMMERCIAL BUILDING (G+12), SECTOR NO.: RBW7, PLOT NO.: C30, AL RAHA BEACH, ABU DHABI",SUPPLY OF MVL FIRESTOP MATERIAL,Firestop/ DC 315,Fire,44966.25,AED,Islam S.,Quotation
3096,Q-1192-F12027,FIRESTOP,15 Sep 2022,IQ,Img T.P.,IMG THEME PARK DUBAI,SUPPLY OF DC68 SPRAY TO PROTECT,Firestop/ DC 315,Fire,22050,AED,Ramshad K.,Quotation
3097,Q-1192-F11951A,FIRESTOP,14 Sep 2022,IQ,Hypery I.L.,BANGLADESH FIRESTOPPING PROJECT_PO # 22-0915,"SUPPLY OF INSS1440, INSS1186",Firestop/ DC 315,Fire,15360,AED,Habib B.,Order
3098,Q-1192-F12026,FIRESTOP,13 Sep 2022,IQ,Polaris I.I.,MAF Mall @ Senegal_PO # 555,SUPPLY OF DC68 SPRAY TO PROTECT,Firestop/ DC 315,Fire,5355,AED,Habib B.,Order
3099,Q-1192-F12025,FIRESTOP,13 Sep 2022,IQ,Dnb C.,"G+3 Residential Building, Plot No.: 598-1268, Dubai Investments Park, Dubai, UAE",SUPPLY OF MVL FIRESTOP MATERIAL,Firestop/ DC 315,Fire,12332.25,AED,Ajeesh J.,Quotation
3100,Q-1192-F12002A,FIRESTOP,13 Sep 2022,IQ,Jpm A.T.,RUKN TOWER DUBAI LAND LPO # 0243/09/2022,Supply Of Fire Stop Materials - CIVIL &amp; MEP,Firestop/ DC 315,Fire,3150,AED,Islam S.,Order
3101,Q-1192-F11831B,FIRESTOP,13 Sep 2022,IQ,Jpm A.T.,ALEXIS TOWER # LPO JPM/MVL/0207/2022-03,SUPPLY OF CIVIL &amp; MEP,Firestop/ DC 315,Fire,3150,AED,Islam S.,Order
3102,Q-1192-F11912A,FIRESTOP,13 Sep 2022,IQ,Jpm A.T.,Omis Tower- 3B+G+23 TYP BLDG # LPO JPM/MVL/0242/09/2022,SUPPLY OF INSS1186 5G PAIL,Firestop/ DC 315,Fire,6084.75,AED,Islam S.,Order
3103,Q-1192-F11998A,FIRESTOP,13 Sep 2022,IQ,Jpm A.T.,2B+G+11 FLOOR- OST CONT. # LPO JPM/MVL/0244/09/2022,SUPPLY OF INSS1186 &amp; INSS1440,Firestop/ DC 315,Fire,7008.75,AED,Ajeesh J.,Order
3104,RFQ-4814-S9094,MACRO,13 Sep 2022,RFQ,Ancd -.A.,(QTR 193) - W912ER21C0005 - USACE TRANS REGIONAL LOGISTICS COMPLEX (TRLC),LIGHTING POLES,Subcontract,Services,35640,QAR, ,Quotation
3105,Q-4814-V4359,MACRO,13 Sep 2022,IQ,Ancd -.A.,MASS &amp; Co. SOV 5 Plus Admin Fee,MASS &amp; Co. SOV 5 Plus Admin Fee,Misc.,Various,20668.4,USD, ,Order
3106,Q-5404-V4352,MACRO,13 Sep 2022,IQ,Multimarque G.T.,Carrier 50TJM-18A9A1A0A0AS Packaged System 14.6 Ton- AC Unit,Carrier 50TJM-18A9A1A0A0AS Packaged System 14.6 Ton- AC Unit,Misc.,Various,49324.82,USD, ,Order
3107,Q-5404-V4351,MACRO,12 Sep 2022,IQ,Multimarque G.T.,Diesel Generator Set Plus Management Fee 6%,Diesel Generator Set Plus Management Fee 6%,Misc.,Various,45919.78,USD, ,Order
3108,Q-1192-F11703A,FIRESTOP,12 Sep 2022,IQ,New S.E.,86-(G+4F+RF) Res Build @ Warsan # LPO 29040,"SUPPLY OF INSS1186, INSS1440, D120",Firestop/ DC 315,Fire,840,AED,Ajith S.,Order
3109,Q-1192-F12024,FIRESTOP,12 Sep 2022,IQ,Al F.I.,"G+M Warehouse, Plot No.: 5330375, Saih Shuaib 4, DIC, Dubai",SUPPLY OF INSS2460 BLACK,Firestop/ DC 315,Fire,22176,AED,Ajeesh J.,Quotation
3110,Q-1192-F11493A,FIRESTOP,12 Sep 2022,IQ,Nascon E.L.,AYKON CITY# LPO 1104-22 Rev 1,"SUPPLY OF INSS1440, CFS01",Firestop/ DC 315,Fire,18795,AED,Islam S.,Order
3111,RFQ-1569-S9003,MACRO,12 Sep 2022,RFQ,Isra M.E.,MVL REAL STATE,(AL WASL PLOT) REMOVAL OF SIGNBOARDS AND DELIVERY OF REMOVED REUSABLE MATERIALS TO DIP WAREHOUSE,Design,Services,1680,AED, ,Order
3112,Q-1192-F11982A,FIRESTOP,12 Sep 2022,IQ,001 C.,CITY WALK # LPO 022,SUPPLY OF INSS1186 5G PAIL,Firestop/ DC 315,Fire,6300,AED,Habib B.,Order
3113,Q-1005-V7041,MACRO,09 Sep 2022,IQ,Arabian C.C.,Supply &amp; Delivery Of Ductile Iron Pipes &amp; Fittings - Khamis - KSA,Supply &amp; Delivery Of Ductile Iron Pipes &amp; Fittings - Khamis - KSA,Building Materials,Various,55740.1,USD,Mahesh B.,Quotation
3114,Q-1192-F12023,FIRESTOP,08 Sep 2022,IQ,Modern B.C.,UNIT RATE - MIRDIF SAUDI GERMAN HOSPITAL,Supply Of Fire Stop Materials - CIVIL,Firestop/ DC 315,Fire,0,AED,Ajeesh J.,Quotation
3115,Q-1192-F12022,FIRESTOP,08 Sep 2022,IQ,Al M.C.,"Proposed Commercial &amp; Residential Building, G+4+R, Plot No.: 1170116, Al Murrar, Dubai# LPO MANH-1000",Supply Of Fire Stop Materials MEP,Firestop/ DC 315,Fire,4173.75,AED,Ajith S.,Order
3116,Q-1192-F12021,FIRESTOP,08 Sep 2022,IQ,Modern B.C.,"SAUDI GERMAN HOSPITAL (B+G+1+SERVICE ROOF), PLOT NO.: 2514369, MIRDIF, DUBAI, UAE",Supply Of Fire Stop Materials - CIVIL,Firestop/ DC 315,Fire,766.5,AED,Ajeesh J.,Quotation
3117,Q-1192-F12020,FIRESTOP,08 Sep 2022,IQ,Asian I.,BANGLADESH FIRESTOPPING PROJECT-PO # ASI-12092022,SUPPLY OF INSS1440,Firestop/ DC 315,Fire,13100,AED,Islam S.,Order
3118,Q-1192-F12019,FIRESTOP,08 Sep 2022,IQ,Al S.,"B+G+1st+4P+SRV. FL+SWIMING POL FLR.+H.C FL. + 23 TYP.+SRV. FL.+PENTHOUSE (DUPLEX) + ROF+TOP OF ROF HOTEL BUILDING ON PLOT NO. 3473902, AT AL MERKADH, DUBAIFOR TRASAND",Supply Of Fire Stop Materials MEP,Firestop/ DC 315,Fire,122081.4,AED,Ajeesh J.,Quotation
3119,Q-1192-F12018,FIRESTOP,08 Sep 2022,IQ,Al S.,"B+G+1st+4P+SRV. FL+SWIMING POL FLR.+H.C FL. + 23 TYP.+SRV. FL.+PENTHOUSE (DUPLEX) + ROF+TOP OF ROF HOTEL BUILDING ON PLOT NO. 3473902, AT AL MERKADH, DUBAI FOR TRASAND",Supply Of Fire Stop Materials - CIVIL,Firestop/ DC 315,Fire,39049.5,AED,Ajeesh J.,Quotation
3120,Q-1192-F12017,FIRESTOP,07 Sep 2022,IQ,Gulf I.H.,FIRESTOPPING &amp; GENERAL PURPOSE,"SUPPLY OF 2460, DC68, NWS &amp; SGS",Firestop/ DC 315,Fire,1845.74,AED,Habib B.,Quotation
3121,Q-1192-F12016,FIRESTOP,07 Sep 2022,IQ,Elbaz C.L.,"PROPOSED 2B+G+6+HC RESIDENTIAL BLDG, PLOT NO.: 6731027, AL BARSHA SOUTH THIRD",Supply Of Fire Stop Materials - CIVIL,Firestop/ DC 315,Fire,10836,AED,Ajeesh J.,Quotation
3122,Q-1192-F12015,FIRESTOP,06 Sep 2022,IQ,Arco I.L.,FIRESTOPPING PROJECT,SUPPLY OF DC 68,Firestop/ DC 315,Fire,210,AED,Habib B.,Order
3123,Q-1192-F12014,FIRESTOP,06 Sep 2022,IQ,Royal A.E.,"PIER - 8, 5 - Star Hotel, Plot No. 392-318, Marina, Dubai",Supply Of Fire Stop Materials - CIVIL,Firestop/ DC 315,Fire,53455.5,AED,Islam S.,Quotation
3124,Q-1192-F12013,FIRESTOP,06 Sep 2022,IQ,Engineering O.,FIRESTOPPING PROJECT,SUPPLY OF DC68,Firestop/ DC 315,Fire,2310,AED,Habib B.,Quotation
3125,RFQ-5213-S9089,MACRO,06 Sep 2022,RFQ,Staines I.G.,(KSA 127) W912ER21C0015 AL KHARJ WAREHOUSE,CLADDING MATERIAL (ROOF AND WALL PANEL),Subcontract,Services,210776.59,USD, ,Order
3126,Q-1192-F12012,FIRESTOP,06 Sep 2022,IQ,Al F.F.,PARK INN # ATCON# JVT# LPO 000002,"SUPPLY OF INSS1186, INSS1440",Firestop/ DC 315,Fire,2005.5,AED,Ajeesh J.,Order
3127,Q-1192-F12011,FIRESTOP,05 Sep 2022,IQ,Abdullah A.A.,SAUDI PROJECT# LPO PUR-ORD-2022-00501,"SUPPLY OF INSS1440, FP05,CFS01",Firestop/ DC 315,Fire,33761,AED,Islam S.,Order
3128,Q-1192-F11672A,FIRESTOP,05 Sep 2022,IQ,Desert R.C.,ATLANTIS FIRESTOPPING  PROJECT,SUPPLY OF DC68,Firestop/ DC 315,Fire,1890,AED,Habib B.,Order
3129,Q-1005-E7048,MACRO,05 Sep 2022,IQ,25th S.B.,Supply &amp; Delivery Of Grounding Materials-Al Udeid Air Base,Supply &amp; Delivery Of Grounding Materials-Al Udeid Air Base,Electrical,Electrical,23719.95,USD, ,Quotation
3130,Q-1192-F12010,FIRESTOP,05 Sep 2022,IQ,East C.C.,Iris Data Centre/285# LPO 4500008435,SUPPLY OF INSS2460 BLACK,Firestop/ DC 315,Fire,6195,AED,Habib B.,Order
3131,Q-1005-V7040,MV LLC,01 Sep 2022,IQ,408th R.C.,Supply And Delivery Of Construction Materials- SOLICITATION: W912D1-22-Q-0045,Supply And Delivery Of Construction Materials- SOLICITATION: W912D1-22-Q-0045,Building Materials,Various,23320,KWD,Mahesh B.,Quotation
3132,Q-1192-F12009,FIRESTOP,31 Aug 2022,IQ,Al A.C.,"B+G+11 RESIDENTIAL BUILDING, PLOT NO.: 6488662,WADI AL SAFA # LPO 002/STO/2022/0431, DUBAI",Supply Of FP05,Firestop/ DC 315,Fire,3822,AED,Ajeesh J.,Order
3133,RFQ-5783-S9071,"MVL USA, INC",31 Aug 2022,RFQ,Blk C.&.,"KUW-129.49 W5J9JE22F0021 Tent Building TT5000, Zone 5, Camp Arifjan, Kuwait",COMPLETE JO SOW,Subcontract,Services,216800,USD, ,Quotation
3134,Q-1192-F12008,FIRESTOP,29 Aug 2022,IQ,Saif A.J.,FIRESTOPPING PROJECT # LPO SAS/PO/22/2466,SUPPLY OF INSS2460 ALS128 GREY,Firestop/ DC 315,Fire,11760,AED,Habib B.,Order
3135,Q-1192-F12007,FIRESTOP,29 Aug 2022,IQ,Artisan T.&.,FIRESTOPPING PROJECT,SUPPLY OF DC68,Firestop/ DC 315,Fire,1942.5,AED,Islam S.,Order
3136,Q-1192-F12006,FIRESTOP,29 Aug 2022,IQ,Al B.C.,G+2P+9+R Residential Building Plot 645-5963 Majan Wadi Al Safa 3#  LP02022P001009 18 Revision 01,Supply Of FP05,Firestop/ DC 315,Fire,551.25,AED,Ajeesh J.,Order
3137,Q-1192-F12005,FIRESTOP,29 Aug 2022,IQ,Drc I.E.,"Proposed (B+G+9 Typical Floors + RF) Residential Building,              Plot No.: AFC-026, Al Furjan, Dubai, UAE",Supply Of Fire Stop Materials MEP,Firestop/ DC 315,Fire,45245.55,AED,Islam S.,Quotation
3138,Q-1192-F12004,FIRESTOP,29 Aug 2022,IQ,Drc I.E.,"Proposed (B+G+9 Typical Floors + RF) Residential Building,              Plot No.: AFC-026, Al Furjan, Dubai, UAE",Supply Of Fire Stop Materials - CIVIL,Firestop/ DC 315,Fire,14143.5,AED,Islam S.,Quotation
3139,Q-1192-F12003,FIRESTOP,29 Aug 2022,IQ,Bahrain &.E.,"Six Villas Project, Sector No.: E48, Plot No.: 200 To Plot No.: 205, Abu Dhabi, UAE","SUPPLY OF INSS1440, INFS0812, D64",Firestop/ DC 315,Fire,10531.5,AED,Habib B.,Quotation
3140,Q-1192-F12002,FIRESTOP,25 Aug 2022,IQ,Jpm A.T.,"THE GROOVE - PHASE 1 (SUB-STRUCTURE &amp; SUPER-STRUCTURE) @ SAADIYAT ISLAND, ABU DHABI",Supply Of Fire Stop Materials - CIVIL &amp; MEP,Firestop/ DC 315,Fire,430658.56,AED,Habib B.,Quotation
3141,Q-1192-F12001,FIRESTOP,25 Aug 2022,IQ,001 C.,"Deira Waterfront Development, Mixed-use Development, Plot 5 &amp; Plot 7, Delta Emarate",Supply Of Fire Stop Materials MEP,Firestop/ DC 315,Fire,89511.5,AED,Habib B.,Quotation
3142,Q-1192-F12000,FIRESTOP,25 Aug 2022,IQ,001 C.,"Deira Waterfront Development, Mixed-use Development, Plot 5 &amp; Plot 7, Dubai, UAE",Supply Of Fire Stop Materials - CIVIL,Firestop/ DC 315,Fire,19131,AED,Habib B.,Quotation
3143,Q-1192-F11999,FIRESTOP,24 Aug 2022,IQ,Oea A.L.,2B+G+4P+30 Residential Building | Al Karama Dubai,SUPPLY OF NWS 2000,Firestop/ DC 315,Fire,14175,AED,Islam S.,Quotation
3144,Q-1192-F11998,FIRESTOP,24 Aug 2022,IQ,Jpm A.T.,2B+G+11 FLOOR- OST CONT. # LPO JPM/MVL/0237/2022,SUPPLY OF INSS1186 &amp; INSS1440,Firestop/ DC 315,Fire,4205.25,AED,Ajeesh J.,Order
3145,Q-1192-F11984A,FIRESTOP,24 Aug 2022,IQ,Tanseeq E.O.,MOCK UP SAMPLE,SUPPLY OF DC68,Firestop/ DC 315,Fire,157.5,AED,Islam S.,Order
3146,Q-1192-F11997,FIRESTOP,24 Aug 2022,IQ,Jpm A.T.,SEVEN HOTEL# LPO JPM/MVL/0236/2022,SUPPLY OF INSS1186 5G PAIL,Firestop/ DC 315,Fire,4410,AED,Islam S.,Order
3147,Q-1192-F11996,FIRESTOP,23 Aug 2022,IQ,Nascon E.L.,BANIYAS NORTH DEVELOPMENT PHASE 3,"SUPPLY OF INSS1440, INFS0812, SSHOOP, D64",Firestop/ DC 315,Fire,204630.77,AED,Islam S.,Quotation
3148,Q-1192-F11995,FIRESTOP,23 Aug 2022,IQ,Jpm A.T.,(3B+G+11 TYP+R)-GHANTOOT- ABU DHABI # LPO JPM/MVL/0235- R1/2022,SUPPLY OF INSS1186 5G PAIL,Firestop/ DC 315,Fire,1653.75,AED,Habib B.,Order
3149,Q-1005-L4131,MACRO,23 Aug 2022,IQ,Titanit C.L.,Supply &amp; Delivery Of Compact Substation - Al Kharj - KSA,Supply &amp; Delivery Of Compact Substation - Al Kharj - KSA,Transportation,Logistics,0,USD,Mahesh B.,Quotation
3150,Q-1192-F11994,FIRESTOP,23 Aug 2022,IQ,Multi A.S.,FIRESTOPPING PROJECT,Supply Of Fire Stop Materials,Firestop/ DC 315,Fire,7724.49,AED,Islam S.,Quotation
3151,Q-1192-F11993,FIRESTOP,23 Aug 2022,IQ,Shabab A.M.,Iris Data Center External Package - Abudhabi # LPO 31429,Supply Of INSS2460 Black &amp; NWS,Firestop/ DC 315,Fire,19530,AED,Habib B.,Order
3152,Q-1192-F11992,FIRESTOP,23 Aug 2022,IQ,Yousif G.C.,"Commercial Building (2 Nos), G+5F+RF+TR, Sector No.: SHS16,          Plot No.: C16, Al Riyadh City, Abu Dhabi, UAE",MEP - PVC PPR EJ &amp; WITHOUT FLOOR PENETRATION,Firestop/ DC 315,Fire,21593.25,AED,Habib B.,Quotation
3153,Q-1005-L4130,MV LLC,23 Aug 2022,IQ,American C.G.,"Supply &amp; Delivery - Toyota Land Cruiser Vehicles-US Embassy, Mali","Supply &amp; Delivery - Toyota Land Cruiser Vehicles-US Embassy, Mali",Transportation,Logistics,319591,USD,Mahesh B.,Quotation
3154,Q-1192-F11991,FIRESTOP,23 Aug 2022,IQ,Yousif G.C.,"Commercial Building (2 Nos), G+5F+RF+TR, Sector No.: SHS16,          Plot No.: C16, Al Riyadh City, Abu Dhabi, UAE",MEP - PVC PPR EJ &amp; WITH FLOOR PENETRATION,Firestop/ DC 315,Fire,27105.75,AED,Habib B.,Quotation
3155,Q-1192-F11990,FIRESTOP,23 Aug 2022,IQ,Yousif G.C.,"Commercial Building (2 Nos), G+5F+RF+TR, Sector No.: SHS16,        Plot No.: C16, Al Riyadh City, Abu Dhabi, UAE",Supply Of Fire Stop Materials - CIVIL,Firestop/ DC 315,Fire,11655,AED,Habib B.,Quotation
3156,Q-1192-F11989,FIRESTOP,22 Aug 2022,IQ,001 C.,"B+G+6 TIRAZ ACCOMMODATION BUILDINGS,CLUSTER 2 (T5 TO T8) ALL MEP SERVICES) # Egycon PLOT NO.: 3288/14, SHARJAH,",Supply Of Fire Stop Materials MEP,Firestop/ DC 315,Fire,91316.1,AED,Habib B.,Quotation
3157,Q-1192-F11988,FIRESTOP,22 Aug 2022,IQ,001 C.,"B+G+6 TIRAZ ACCOMMODATION BUILDINGS, PLOT NO.: 3288/14, SHARJAH, UAECLUSTER 1 (T1 TO T4) Elect, Tele &amp; LC) # Egycon Electromechanical Works LLC",Supply Of Fire Stop Materials MEP,Firestop/ DC 315,Fire,15196.44,AED,Habib B.,Quotation
3158,Q-1192-F11987,FIRESTOP,22 Aug 2022,IQ,Malt T.L.,INDEX FIXING,SUPPLY OF THROUGH BOLTS,Firestop/ DC 315,Fire,19792.5,AED,Islam S.,Quotation
3159,Q-1192-F11986A,FIRESTOP,22 Aug 2022,IQ,Al H.,SITE 575- AJMAN # LPO 2007412,SUPPLY OF INSS1186 5G PAIL,Firestop/ DC 315,Fire,3874.5,AED,Islam S.,Order
3160,Q-1192-F11986,FIRESTOP,22 Aug 2022,IQ,Al H.,SITE 575- AJMAN # LPO 2007411,SUPPLY OF INSS1440 5G PAIL,Firestop/ DC 315,Fire,2116.8,AED,Islam S.,Order
3161,Q-1192-F11985,FIRESTOP,22 Aug 2022,IQ,Al H.,"AHJ 576 PROPOSED G+4 BUILDING, PLOT NO.2523, AJMAN # LPO 2007410",SUPPLY OF INSS1440 5G PAIL,Firestop/ DC 315,Fire,2116.8,AED,Islam S.,Order
3162,Q-1192-F11984,FIRESTOP,22 Aug 2022,IQ,Tanseeq E.O.,FIRESTOPPING PROJECT,SUPPLY OF DC68,Firestop/ DC 315,Fire,1942.5,AED,Islam S.,Order
3163,RFQ-1192-F11983,FIRESTOP,22 Aug 2022,RFQ,International C.T.,MVL Firestop - Stocks,Order No. INCA-20220822-09,Firestop/ DC 315,Fire,2000,USD, ,Order
3164,Q-1192-F11982,FIRESTOP,19 Aug 2022,IQ,001 C.,LA VIE # LPO 0019,SUPPLY OF INSS1186 5G PAIL,Firestop/ DC 315,Fire,4725,AED,Habib B.,Order
3165,Q-1192-F11890A,FIRESTOP,18 Aug 2022,IQ,Naser M.A.,P017 BUHASA INTEGRATED FIELD DEVELOPMENT# LPO 300382378,"SUPPLY OF FP05, D64",Firestop/ DC 315,Fire,3990,AED,Habib B.,Order
3166,Q-1192-F11907A,FIRESTOP,18 Aug 2022,IQ,Arabian C.G.,"Proposed 2B+G+29+Mech.Floor Hotel &amp; Residential Building, Plot No.:BB.A06.064 (DM NO.3460155), Business Bay, Dubai",SUPPLY OF INSS1186 &amp; D64,Firestop/ DC 315,Fire,21231,AED,Habib B.,Quotation
3167,Q-1192-F11981,FIRESTOP,18 Aug 2022,IQ,001 C.,JUMEIRAH PROJECT# LPO 0020,SUPPLY OF INSS1186 5G PAIL,Firestop/ DC 315,Fire,5670,AED,Habib B.,Order
3168,Q-1192-F11980,FIRESTOP,18 Aug 2022,IQ,001 C.,AL FATTAN# LPO 0018,"SUPPLY OF INSS1186, INSS1440",Firestop/ DC 315,Fire,11340,AED,Habib B.,Order
3169,Q-1192-F11979,FIRESTOP,18 Aug 2022,IQ,Al H.,"AL MAMSHA RA4, (B+G+9F+R),  PLOT NO.5052, PLOT AREA MUWEILAH, SHARJAH# LPO 2007469",Supply Of Fire Stop Materials MEP,Firestop/ DC 315,Fire,26474.7,AED,Islam S.,Order
3170,Q-1192-F11978,FIRESTOP,18 Aug 2022,IQ,Al H.,"AL MAMSHA RA1,(B+G+9F+R),  PLOT NO.5052, PLOT AREA MUWEILAH, SHARJAH# LPO 2007470",Supply Of Fire Stop Materials MEP,Firestop/ DC 315,Fire,30009,AED,Islam S.,Order
3171,Q-1192-F11977,FIRESTOP,18 Aug 2022,IQ,Al H.,"PROPOSED G+4 BUILDING, PLOT NO.2523, AJMAN, UAE",Supply Of Fire Stop Materials - CIVIL,Firestop/ DC 315,Fire,4662,AED,Islam S.,Quotation
3172,Q-1192-F11976,FIRESTOP,18 Aug 2022,IQ,Al H.,"PROPOSED G+4 BUILDING, PLOT NO.2523, AJMAN, UAE",Supply Of Fire Stop Materials MEP,Firestop/ DC 315,Fire,8128.05,AED,Islam S.,Quotation
3173,Q-4814-V4358,MACRO,17 Aug 2022,IQ,Ancd -.A.,Al Tanawa SOV #4 Plus Admin Fee,Al Tanawa SOV #4 Plus Admin Fee,Misc.,Various,31887.2,USD, ,Order
3174,Q-1192-F11975,FIRESTOP,17 Aug 2022,IQ,Arco I.L.,SAMPLE FOR FIRESTOPPING PROJECT,SUPPLY OF DC68,Firestop/ DC 315,Fire,105,AED,Habib B.,Order
3175,Q-4814-V4357,MACRO,17 Aug 2022,IQ,Ancd -.A.,Al Tanawa SOV #3 Plus Admin Fee,Al Tanawa SOV #3 Plus Admin Fee,Misc.,Various,31887.2,USD, ,Order
3176,Q-4814-V4356,MACRO,17 Aug 2022,IQ,Ancd -.A.,Al Tanawa SOV #2 Plus Admin Fee,Al Tanawa SOV #2 Plus Admin Fee,Misc.,Various,21258.13,USD, ,Order
3177,Q-4814-V4355,MACRO,17 Aug 2022,IQ,Ancd -.A.,Al Tanawa SOV #1 Plus Admin Fee,Al Tanawa SOV #1 Plus Admin Fee,Misc.,Various,21258.13,USD, ,Order
3178,Q-4814-V4354,MACRO,17 Aug 2022,IQ,Ancd -.A.,MASS &amp; Co. - SOV #4 Plus Admin Fee,MASS &amp; Co. - SOV #4 Plus Admin Fee,Misc.,Various,51919.43,USD, ,Order
3179,Q-4814-V4353,MACRO,17 Aug 2022,IQ,Ancd -.A.,MASS &amp; Co. - SOV #3 Plus Admin Fee,MASS &amp; Co. - SOV #3 Plus Admin Fee,Misc.,Various,46627.65,USD, ,Order
3180,Q-4814-V4352,MACRO,17 Aug 2022,IQ,Ancd -.A.,MASS &amp; Co. - SOV #2 Plus Admin Fee,MASS &amp; Co. - SOV #2 Plus Admin Fee,Misc.,Various,19241.84,USD, ,Order
3181,Q-4814-V4351,MACRO,17 Aug 2022,IQ,Ancd -.A.,MASS &amp; Co. SOV #1 Plus Admin Fee,MASS &amp; Co. SOV #1 Plus Admin Fee,Misc.,Various,21614.04,USD, ,Order
3182,Q-1192-F11974,FIRESTOP,16 Aug 2022,IQ,Smart 4.P.,AL QASSIMI HOSPITAL FOR WOMEN &amp; CHILDREN (AC Maintenance)# PO 00000664,"SUPPLY OF INSS1440, D64, INSPECTION LABEL",Firestop/ DC 315,Fire,2835,AED,Ajith S.,Order
3183,Q-1192-F11973,FIRESTOP,16 Aug 2022,IQ,Arabian C.G.,"HOLIDAY INN- 2B+G+29+Mech.Floor Hotel &amp; Residential Building, Plot No.:BB.A06.064 (DM NO.3460155), Business Bay# LPO 2205652- Rev 01","SUPPLY OF INSS1186, INSFS0812-80MMx SSHOOP- 8*3",Firestop/ DC 315,Fire,29240.72,AED,Habib B.,Order
3184,Q-1192-F11972,FIRESTOP,16 Aug 2022,IQ,International H.C.,CENTER OF EXCELLENCE- SGH -DUBAI # LPO 13662,SUPPLY OF CFS01,Firestop/ DC 315,Fire,6510,AED,Habib B.,Order
3185,RFQ-5213-V4352,MACRO,15 Aug 2022,RFQ,Reda S.,(KSA 127) W912ER21C0015 AL KHARJ WAREHOUSE,"36 Unit First Aid Kit With BBP And CPR, Metal Case First Aid Onl - AL KHARJ",Misc.,Various,1380,SAR, ,Order
3186,RFQ-5213-V4351,MACRO,15 Aug 2022,RFQ,White B.,(KSA 127) W912ER21C0015 AL KHARJ WAREHOUSE,KSA 127 (AL KHARJ) Clinic Room Equipment - WHITEBOX SUPPLIER,Misc.,Various,2921,SAR, ,Order
3187,Q-1192-F11971,FIRESTOP,15 Aug 2022,IQ,New S.E.,"G+7 RESIDENTIAL BUILDING, PLOT NO.6731147, AL BARSHA SOUTH 3RD, DUBAI, UAE",Supply Of Fire Stop Materials MEP,Firestop/ DC 315,Fire,37332.75,AED,Ajith S.,Quotation
3188,Q-1192-F11970,FIRESTOP,15 Aug 2022,IQ,New S.E.,"G+7 RESIDENTIAL BUILDING, PLOT NO.6731147, AL BARSHA SOUTH 3RD, DUBAI, UAE",Supply Of Fire Stop Materials - CIVIL,Firestop/ DC 315,Fire,19514.25,AED,Ajith S.,Quotation
3189,Q-1192-F11969,FIRESTOP,15 Aug 2022,IQ,Jpm A.T.,2B+G+11 FLOOR- OST CONT. # LPO JPM/MVL/0233/2022,SUPPLY OF INSS1440 5G PAIL,Firestop/ DC 315,Fire,1596,AED,Ajeesh J.,Order
3190,Q-1192-F11968,FIRESTOP,15 Aug 2022,IQ,New S.E.,"G+7 RESIDENTIAL BUILDING, PLOT NO.6731147, AL BARSHA SOUTH 3RD, DUBAI, UAE",Supply Of Fire Stop Materials - CIVIL,Firestop/ DC 315,Fire,21451.5,AED,Ajith S.,Quotation
3191,Q-1192-F11906B,FIRESTOP,15 Aug 2022,IQ,Al T.H.,FIRESTOPPING PROJECT,SUPPLY OF INSS2460 BLACK,Firestop/ DC 315,Fire,1050,AED,Islam S.,Order
3192,Q-1192-F11967,FIRESTOP,15 Aug 2022,IQ,Assabloy ,FIRESTOPPING PROJECT,SUPPLY OF INSS2460 ALS128 GREY,Firestop/ DC 315,Fire,21134.4,AED,Habib B.,Quotation
3193,Q-1192-F11966,FIRESTOP,11 Aug 2022,IQ,Al F.F.,"THE COMMUNITY B + G + 4P + 25 FLOORS + ROOF , JVT , DUBAI , UAE",Supply Of Fire Stop Materials - CIVIL,Firestop/ DC 315,Fire,27405,AED,Ajeesh J.,Quotation
3194,Q-1192-F11965,FIRESTOP,11 Aug 2022,IQ,Al F.F.,"THE COMMUNITY (PROPOSED PARK INN HOTEL) B + G + 4P + 25 FLOORS + ROOF , JVT , DUBAI , UAE",Supply Of Fire Stop Materials MEP,Firestop/ DC 315,Fire,55944,AED,Ajeesh J.,Quotation
3195,Q-1192-F11964,FIRESTOP,11 Aug 2022,IQ,Alc C.L.,"(B+G+M+2 HOTEL APARTMENTS FLOORS), PLOT NO.: 0901042, ALAQAH, FUJAIRAH",Supply Of Fire Stop Materials MEP,Firestop/ DC 315,Fire,29820,AED,Islam S.,Quotation
3196,Q-1192-F11963,FIRESTOP,11 Aug 2022,IQ,Alc C.L.,"(B+G+M+2 HOTEL APARTMENTS FLOORS), PLOT NO.: 0901042, ALAQAH, FUJAIRAH",Supply Of Fire Stop Materials - CIVIL,Firestop/ DC 315,Fire,28980,AED,Islam S.,Quotation
3197,RFQ-1192-V4444,FIRESTOP,11 Aug 2022,RFQ,Bestway H.E.,MVL FIRESTOP - WAREHOUSE,RECTIFY STACKER MACHINE HYDRAULLIC LIFT CONTROL SYSTEM,Misc.,Various,687.75,AED, ,Order
3198,Q-1192-F11962,FIRESTOP,11 Aug 2022,IQ,Jpm A.T.,G403-RIVIERA PHASE 2- AZIZI # LPO 0231/2022-R1,SUPPLY OF INSS1186 5G PAIL,Firestop/ DC 315,Fire,6615,AED,Habib B.,Order
3199,Q-1005-E7047,MV LLC,11 Aug 2022,IQ,Bureau o.R.,Supply And Delivery Of LED High Bay Lighting-AZ SN:140R4022Q0071,Supply And Delivery Of LED High Bay Lighting-AZ,Electrical,Electrical,245570,USD,Mahesh B.,Quotation
3200,Q-1192-F11961,FIRESTOP,10 Aug 2022,IQ,Jpm A.T.,MOCK UP - 2B+G+11 FLOOR - OST CONTRACTING # LPO JPM/MVL/0232/2022,"SUPPLY OF INSS1440 1G PAIL , D64",Firestop/ DC 315,Fire,215.63,AED,Ajeesh J.,Order
3201,Q-1192-F11960,FIRESTOP,09 Aug 2022,IQ,Safina A.N.,KUWAIT PROJECT # LPO 1000,SUPPLY OF INSS1440 5G PAIL,Firestop/ DC 315,Fire,18975,AED,Islam S.,Order
3202,Q-1192-F11959,FIRESTOP,09 Aug 2022,IQ,Hassan A.B.,"PRPOSED G+P+6 BUILDING ON PLOT NO.4210101, DUBAI STUDIO CITY, DUBAI, UAE",Supply Of Fire Stop Materials MEP,Firestop/ DC 315,Fire,17298.75,AED,Ajith S.,Quotation
3203,Q-1192-F11958,FIRESTOP,09 Aug 2022,IQ,Hassan A.B.,"PROPOSED G+P+6 BUILDING ON PLOT NO.: 4210101,                          DUBAI STUDIO CITY, DUBAI, UAE",Supply Of Fire Stop Materials - CIVIL,Firestop/ DC 315,Fire,12274.5,AED,Ajith S.,Quotation
3204,RFQ-1192-F11957,FIRESTOP,09 Aug 2022,RFQ,International C.T.,MVL FIRESTOP - Order No. INCA-20220809-08,Order No. INCA-20220809-08,Firestop/ DC 315,Fire,21780,USD, ,Order
3205,Q-1192-F11956,FIRESTOP,09 Aug 2022,IQ,Classic F.C.,PEDESTRIAN LINK BRIDGE AND STAIRCASE GRID LINE,SUPPLY OF INSS2460- DARK GREY,Firestop/ DC 315,Fire,3780,AED,Habib B.,Order
3206,Q-1192-F11955,FIRESTOP,08 Aug 2022,IQ,Venco I.C.,"Proposed Residential Apartment (2B+G+1P+10 Typ.), Plot No.: AFRA 039 B, Al Furjan, Dubai",Supply Of Fire Stop Materials MEP,Firestop/ DC 315,Fire,40330.5,AED,Ajeesh J.,Quotation
3207,Q-1192-F11954,FIRESTOP,08 Aug 2022,IQ,Venco I.C.,"Proposed Residential Apartment (2B+G+1P+10 Typ.), Plot No.: AFRA 039 B, Al Furjan, Dubai",Supply Of Fire Stop Materials - CIVIL,Firestop/ DC 315,Fire,23835,AED,Ajeesh J.,Quotation
3208,Q-1192-F11953,FIRESTOP,08 Aug 2022,IQ,001 C.,"OLGANA TOWER, PROPOSED 2B+G+3P+38+ROOF (41 LEVELS) RESIDENTIAL BUILDING, PLOT NO.: AA-T-002, SAFOUH FIRST, DUBAI",Supply Of Fire Stop Materials - CIVIL,Firestop/ DC 315,Fire,36225,AED,Habib B.,Quotation
3209,RFQ-1192-V4321,FIRESTOP,08 Aug 2022,RFQ,Fujairah R.F.,MVL FIRESTOP,SLAB WITHOUT FACING (SXXX) 160 Kg And 120 Kg,Building Materials,Various,22377.6,AED, ,Order
3210,Q-1192-F11952,FIRESTOP,08 Aug 2022,IQ,Jpm A.T.,1B+G+P+6TYP+7TH+8TH+ROOF-DO BUY HOMES- CITY NIGHT# LPO JPM/MVL/0230/2022-R2,"SUPPLY OF CFS01, INFS0812,SSHOOP,D120,FP05",Firestop/ DC 315,Fire,3632.26,AED,Habib B.,Order
3211,Q-1192-F11951,FIRESTOP,08 Aug 2022,IQ,Hypery I.L.,BANGLADESH FIRESTOPPING PROJECT,"SUPPLY OF INSS1440, INSS1186",Firestop/ DC 315,Fire,12690,AED,Habib B.,Quotation
3212,RFQ-1192-V4320,FIRESTOP,08 Aug 2022,RFQ,Al M.C.,MVL FIRESTOP MATERIAL REPLENISHMENT,SUPPLY OF MAKING SAMPLE BOARDS 6MM THICK WITH HANDLE - 40 X 60 CM,Building Materials,Various,1260,AED, ,Order
3213,Q-1192-F11950,FIRESTOP,04 Aug 2022,IQ,Southern G.C.,"B+G+4+R RESIDENTIAL BUILDING, ON PLOT - 6218437, AT WARSAN FIRST, DUBAI# LPO 2022/74",Supply Of Fire Stop Materials MEP,Firestop/ DC 315,Fire,10535.7,AED,Ajith S.,Order
3214,Q-1192-F11949,FIRESTOP,04 Aug 2022,IQ,Omis C.C.,"OMIS TOWER, COMMERCIAL RESIDENTIAL TOWER, 2B+G+4P+1F OFFICE+19RESD TYP+R, AL QUASIMYA ALNAD, SHARJAH, UAE.",Supply Of Fire Stop Materials MEP,Firestop/ DC 315,Fire,4017.3,AED,Ajith S.,Quotation
3215,Q-1192-F11948,FIRESTOP,03 Aug 2022,IQ,Ramada C.L.,"Proposed Residential Building (G+2P+8Typical Floors+Health Club), Plot No.: 3347569, Al Satwa, Dubai",Supply Of Fire Stop Materials MEP,Firestop/ DC 315,Fire,12600,AED,Ajeesh J.,Quotation
3216,Q-1192-F11947,FIRESTOP,03 Aug 2022,IQ,Al R.C.,"NIRVANA PROPOSED RESIDENTAIL APARTMENTS (B+G+7),            PALM JUMEIRAH, DUBAI, UAE",MEP- PVC PPR SEALANT ONLY,Firestop/ DC 315,Fire,98107.8,AED,Habib B.,Quotation
3217,Q-1192-F11946,FIRESTOP,03 Aug 2022,IQ,Al R.C.,"NIRVANA PROPOSED RESIDENTAIL APARTMENTS (B+G+7),            PALM JUMEIRAH, DUBAI, UAE",MEP- WITHOUT FLOOR PENETRATIONS,Firestop/ DC 315,Fire,82147.8,AED,Habib B.,Quotation
3218,Q-1192-F11859A,FIRESTOP,03 Aug 2022,IQ,Diamond F.A.,Dubai Media City Project# LPO 2086,SUPPLY OF  INSS1186-600 ML SAUSAGE,Firestop/ DC 315,Fire,4914,AED,Ajeesh J.,Order
3219,Q-1192-F11945,FIRESTOP,03 Aug 2022,IQ,Al R.C.,"NIRVANA PROPOSED RESIDENTAIL APARTMENTS (B+G+7), PALM JUMEIRAH, DUBAI, UAE",Supply Of Fire Stop Materials - CIVIL,Firestop/ DC 315,Fire,34230,AED,Habib B.,Quotation
3220,RFQ-5213-V40002,MACRO,03 Aug 2022,RFQ,Unitech (.K.,KSA-127 W912ER21C0015  Al Kharj Warehouse,UNITECH FILLER BOARDS,Building Materials,Various,2971.31,SAR, ,Order
3221,Q-1192-F11944,FIRESTOP,03 Aug 2022,IQ,Alibtikar A.T.,GOVERNMENT FIRESTOPPING PROJECT,SUPPLY OF DC 68,Firestop/ DC 315,Fire,70875,AED,Habib B.,Order
3222,Q-1192-F11943,FIRESTOP,01 Aug 2022,IQ,Al A.A.,FIRESTOPPING PROJECT,SUPPLY OF INSS2460 ALS128 GREY,Firestop/ DC 315,Fire,44100,AED,Islam S.,Quotation
3223,RFQ-5327-S9073,MACRO,01 Aug 2022,RFQ,Dalal S.I.,"KUW-129.16 JO 0012 W912ER21F0160 CH-47 Weather Shelter A Camp Buering Kuwait And KUW-129.17 W912ER21F0161 W912ER21R2004, CH-47 Weather Shelter B, Camp Buehring, Kuwait",Cladding Material On Behalf Of MEDCO Kuwait (JOC) 5327 &amp; 5328,Subcontract,Services,295200,USD, ,Order
3224,Q-1192-F11942,FIRESTOP,01 Aug 2022,IQ,La V.D.,FIRESTOPPING- QATAR PROJECT,SUPPLY OF DC 68,Firestop/ DC 315,Fire,1350,AED,Islam S.,Quotation
3225,RFQ-4814-M4106,MACRO,01 Aug 2022,RFQ,Jubaili B.,(QTR 193) - W912ER21C0005 - USACE TRANS REGIONAL LOGISTICS COMPLEX (TRLC),BACKUP GENERATOR WITH INTEGRAL FUEL TANK,Mechanical Items,Mechanical,205500,QAR, ,Order
3226,Q-1192-F11941,FIRESTOP,01 Aug 2022,IQ,Naser M.A.,P016 QUSAHWIRA FIELD DVPT.PHASE 2,"SUPPLY OF FP05, INSS1440",Firestop/ DC 315,Fire,3229.8,AED,Habib B.,Order
3227,Q-1192-F11940,FIRESTOP,01 Aug 2022,IQ,001 C.,"RESIDENTIAL APARTMENTS, DUBAI HILLS, DUBAI, UAE PLOT. 1405-6319922-1212-2021 ( G+P+9TYPICAL+ROOF)",CIVIL: Building In The Plot No.1405-6319922-1212-2021 (Single Building).,Firestop/ DC 315,Fire,13545,AED,Habib B.,Quotation
3228,Q-1192-F11939,FIRESTOP,01 Aug 2022,IQ,001 C.,"RESIDENTIAL APARTMENTS, DUBAI HILLS, DUBAI, UAE PLOT. 0204 -6312126- 1212-2021( G+P+9TYPICAL+ROOF) 2 TOWER  (Two Tower With Common Ground Floor)",CIVIL:  Building In The Plot No.0204 -6312126- 1212-2021,Firestop/ DC 315,Fire,32760,AED,Habib B.,Quotation
3229,Q-1192-F11938,FIRESTOP,01 Aug 2022,IQ,001 C.,"G+P+9F+R RESIDENTIAL APARTMENTS, DUBAI HILLS, DUBAI, UAE,  Plot-1405-6319922-1212-2021 (G+P+9TYPICAL+ROOF)",MEP - Building With Plot No.-1405-6319922-1212-2021 (Single Building),Firestop/ DC 315,Fire,33582.2,AED,Habib B.,Quotation
3230,Q-1192-F11937,FIRESTOP,01 Aug 2022,IQ,001 C.,"RESIDENTIAL APARTMENTS, DUBAI HILLS, DUBAI, UAE, PLOT. 0204 -6312126- 1212-2021 ( G+P+9TYPICAL+ROOF) 2 TOWER  (Two Tower With Common Ground Floor)",MEP - Building In The Plot No.0204 -6312126- 1212-2021,Firestop/ DC 315,Fire,66636.15,AED,Habib B.,Quotation
3231,Q-1192-F11936,FIRESTOP,28 Jul 2022,IQ,Al M.C.,"PROPOSED LABOR ACCOMMODATION (B+G+5+ROOF), PLOT NO.: 6223671, WARSAN SECOND, DUBAI# LPO10678",Supply Of Fire Stop Materials MEP,Firestop/ DC 315,Fire,7035,AED,Ajeesh J.,Order
3232,Q-1192-F11935,FIRESTOP,28 Jul 2022,IQ,Atcon C.L.,"THE COMMUNITY (PROPOSED PARK INN HOTEL) B + G + 4P + 25 FLOORS + ROOF , JVT , DUBAI , UAE",MEP - PVC FD SEALANT ONLY,Firestop/ DC 315,Fire,15718.5,AED,Ajeesh J.,Quotation
3233,Q-1192-F11934,FIRESTOP,27 Jul 2022,IQ,Jeet B.C.,"Sharjah Sustainable City On Plot No.: 670 At Umm Fannain, Sharjah# LPO 008332","SUPPLY OF INSS1440, D64",Firestop/ DC 315,Fire,451.48,AED,Ajeesh J.,Order
3234,Q-1192-F11906A,FIRESTOP,27 Jul 2022,IQ,Al T.H.,FIRESTOPPING PROJECT,SUPPLY OF INSS2460 ALS 128,Firestop/ DC 315,Fire,1050,AED,Islam S.,Order
3235,Q-1192-F11933,FIRESTOP,27 Jul 2022,IQ,International H.C.,CENTER OF EXCELLENCE # LPO 13548,SUPPLY OF CFS01 &amp; D120,Firestop/ DC 315,Fire,19414.5,AED,Habib B.,Order
3236,Q-1192-F11932,FIRESTOP,26 Jul 2022,IQ,Al B.C.,"PROPOSED G+2P+9 FLOORS RESIDENTIAL &amp; RETAIL BUILDING, PLOT NO: 6455963, WADI AL SAFA 3, DUBAI.# LPO 2022P00100893","SUPPLY OF SSHOOP,FP05,D120",Firestop/ DC 315,Fire,2129.4,AED,Ajeesh J.,Order
3237,Q-1192-F11931,FIRESTOP,26 Jul 2022,IQ,S.c. P.,PROJECT IN ROMANIA,SUPPLY OF DC315,Firestop/ DC 315,Fire,8526,USD,Islam S.,Quotation
3238,Q-1192-F11930,FIRESTOP,26 Jul 2022,IQ,Aia C.L.,"RESIDENTIAL BUILDING, B+G+2P+7 TYPICAL+R, PLOT NO.: IC3-L-33, AL WARSAN 4, DUBAI, UAE",Supply Of Fire Stop Materials MEP,Firestop/ DC 315,Fire,20980.05,AED,Ajeesh J.,Quotation
3239,Q-1192-F11929,FIRESTOP,26 Jul 2022,IQ,Jpm A.T.,G403-RIVIERA PHASE 2- AZIZI # LPO JPM/MVL/0227/2022,SUPPLY OF INSS1186 5G PAIL,Firestop/ DC 315,Fire,4200,AED,Habib B.,Order
3240,Q-1192-F11928,FIRESTOP,26 Jul 2022,IQ,Jpm A.T.,(3B+G+11 TYP+R)-GHANTOOT- ABU DHABI # LPO JPM/MVL/0228/2022,SUPPLY OF INSS1440 5G PAIL,Firestop/ DC 315,Fire,2310,AED,Habib B.,Order
3241,Q-1192-F11927,FIRESTOP,26 Jul 2022,IQ,Globe B.C.,UNIT RATE ESTIMATION - Proposed Project In Al Arjan,Supply Of Fire Stop Materials,Firestop/ DC 315,Fire,0,AED,Ajeesh J.,Quotation
3242,Q-1192-F11926,FIRESTOP,25 Jul 2022,IQ,Gbh I.C.,"Dibba Bulk Handling Terminal Package 2 &ndash;Material Handling Equipment And Civil Works, Fujairah, U.A.E.",Supply Of Fire Stop Materials - CIVIL,Firestop/ DC 315,Fire,3507,AED,Islam S.,Quotation
3243,Q-1192-F11925,FIRESTOP,25 Jul 2022,IQ,Al R.G.,"PROPOSED RESIDENTIAL BUILDING GROUND + 1P+1st+7TYPICAL + ROOF, AL SATWA, DUBAI, PLOT NO.3347572",Supply Of Fire Stop Materials MEP,Firestop/ DC 315,Fire,12913.95,AED,Ajeesh J.,Quotation
3244,Q-1192-F11924,FIRESTOP,25 Jul 2022,IQ,Al R.G.,"PROPOSED RESIDENTIAL BUILDING GROUND + 1P+1st+7TYPICAL + ROOF, AL SATWA, DUBAI, PLOT NO.3347572",Supply Of Fire Stop Materials - CIVIL,Firestop/ DC 315,Fire,5481,AED,Ajeesh J.,Quotation
3245,Q-1192-F11923A,FIRESTOP,25 Jul 2022,IQ,Engineering O.,RFQ - FP-5026000068 - Construction Of Kitchen Extension At Al Lissaili,SUPPLY OF INSS1440 1G PAIL,Firestop/ DC 315,Fire,357,AED,Habib B.,Order
3246,Q-1192-F11923,FIRESTOP,25 Jul 2022,IQ,Engineering O.,RFQ - FP-5026000068 - Construction Of Kitchen Extension At Al Lissaili,SUPPLY OF INSS1186 1G PAIL,Firestop/ DC 315,Fire,273,AED,Habib B.,Order
3247,Q-1192-F11922,FIRESTOP,25 Jul 2022,IQ,001 C.,FATTAN TOWER- KARAMA # LPO 0017,SUPPLY OF INSS1186 &amp; INSS1440,Firestop/ DC 315,Fire,12600,AED,Habib B.,Order
3248,Q-1192-F11921,FIRESTOP,22 Jul 2022,IQ,Globe B.C.,Proposed Project In Al Arjan,UNIT PRICE QUOTATION,Firestop/ DC 315,Fire,2488.5,AED,Ajeesh J.,Quotation
3249,Q-1192-F11920,FIRESTOP,20 Jul 2022,IQ,001 C.,MADINAT JUMEIRAH TRANSFERRED FROM LAVIE # AL SAHEL# LPO 0016,SUPPLY OF INSS1186 5G PAIL,Firestop/ DC 315,Fire,9975,AED,Habib B.,Order
3250,Q-1192-F11919,FIRESTOP,20 Jul 2022,IQ,Shield C.C.,FIRESTOPPING PROJECT,SUPPLY OF ALS128,Firestop/ DC 315,Fire,34.65,AED,Habib B.,Quotation
3251,RFQ-1192-V4443,FIRESTOP,20 Jul 2022,RFQ,Smile C.,MVL FIRESTOP - MISC,BUSINESS CARDS - AJEESH AND  AJITH (TECHNICAL ENGINEERS),Misc.,Various,252,AED, ,Order
3252,Q-1192-F11918,FIRESTOP,20 Jul 2022,IQ,Jpm A.T.,Sports City Project For OST Construction,SUPPLY OF CIVIL &amp; MEP FIRESTOP MATERIALS,Firestop/ DC 315,Fire,23035.95,AED,Ajeesh J.,Quotation
3253,Q-1192-F11917,FIRESTOP,19 Jul 2022,IQ,Camber E.,Adnoc Maintenance Job Tender,"Supply Of INSS1440, FP04,D64",Firestop/ DC 315,Fire,9576,AED,Ramshad K.,Quotation
3254,Q-1192-F11916,FIRESTOP,19 Jul 2022,IQ,East C.C.,Kalba Villas 151,SUPPLY OF NWS 2000,Firestop/ DC 315,Fire,118125,AED,Habib B.,Quotation
3255,Q-1192-F11915,FIRESTOP,19 Jul 2022,IQ,Modern B.C.,"PROPOSED RETAIL &amp; RESIDENTIAL BUILDING (G+4),                  PLOT NO.: 6731185, AL BARSHA SOUTH THIRD, DUBAI# LPO 7635",Supply Of Fire Stop Materials MEP,Firestop/ DC 315,Fire,20475,AED,Ajeesh J.,Order
3256,Q-1192-F11914,FIRESTOP,19 Jul 2022,IQ,Pepco E.C.,"Proposed Residential Building (G+4Typ.), Plot No.: 6439647, Wadi Safa 2, Dubai, UAE",Supply Of Fire Stop Materials MEP,Firestop/ DC 315,Fire,8284.5,AED,Ajith S.,Quotation
3257,Q-1192-F11913,FIRESTOP,19 Jul 2022,IQ,Voce I.C.,"RESIDENTIAL BUILDING (G+3P+10), PLOT NO.: 6457888,                      WADI AL SAFA 3, DUBAI, UAE",Supply Of Fire Stop Materials MEP,Firestop/ DC 315,Fire,34125,AED,Ajeesh J.,Quotation
3258,Q-1192-F11912,FIRESTOP,19 Jul 2022,IQ,Jpm A.T.,Omis Tower- 3B+G+23 TYP BLDG # LPO JPM/MVL/0224/2022,SUPPLY OF INSS1186 5G PAIL,Firestop/ DC 315,Fire,9345,AED,Islam S.,Order
3259,Q-1192-F11911,FIRESTOP,19 Jul 2022,IQ,Voce I.C.,"RESIDENTIAL BUILDING (G+3P+10), PLOT NO.: 6457888,                      WADI AL SAFA 3, DUBAI, UAE",Supply Of Fire Stop Materials - CIVIL,Firestop/ DC 315,Fire,20685,AED,Ajeesh J.,Quotation
3260,Q-1192-F11909,FIRESTOP,19 Jul 2022,IQ,East C.C.,FQ. MR#14307. Project@ADI028200-Kalba 151 Villas,SUPPLY OF NWS 2000,Firestop/ DC 315,Fire,8137.5,AED,Habib B.,Quotation
3261,Q-1192-F11908,FIRESTOP,19 Jul 2022,IQ,Powertech C.a.,FIRESTOPPING PROJECT,SUPPLY OF INSS1440 &amp; INSS2460,Firestop/ DC 315,Fire,892.5,AED,Islam S.,Quotation
3262,Q-1192-F11906,FIRESTOP,18 Jul 2022,IQ,Al T.H.,FIRESTOPPING PROJECT,SUPPLY OF INSS2460 ALS 128,Firestop/ DC 315,Fire,1050,AED,Islam S.,Order
3263,Q-1192-F11905,FIRESTOP,14 Jul 2022,IQ,Jpm A.T.,1B+G+8TYP-DO BUY HOMES- CITY NIGHT# LPO JPM/MVL/0222/2022,"SUPPLY OF INSS1440, INSS1186",Firestop/ DC 315,Fire,9187.5,AED,Habib B.,Order
3264,Q-1192-F11904,FIRESTOP,14 Jul 2022,IQ,Arabian C.G.,FIC- VARIATION QUANTITY_GULF ASIA_GAS SHAFT,SUPPLY OF FP04 AND INSS1440,Firestop/ DC 315,Fire,403305,AED,Habib B.,Quotation
3265,Q-1192-F11903,FIRESTOP,12 Jul 2022,IQ,Glass T.F.,STRUCTURAL SEALANT# LPO 01787/2022,SUPPLY OF SGS 6000 BLACK,Firestop/ DC 315,Fire,11025,AED,Habib B.,Order
3266,Q-1192-F11902,FIRESTOP,12 Jul 2022,IQ,Adc E.S.,"MISK City District Cooling Plant, Saudi Arabia",Unit Rate,Firestop/ DC 315,Fire,0,AED,Islam S.,Quotation
3267,Q-1192-F11901,FIRESTOP,07 Jul 2022,IQ,Adc E.S.,"MISK City District Cooling Plant, Saudi Arabia",Supply Of Fire Stop Materials - CIVIL,Firestop/ DC 315,Fire,7376.25,AED,Islam S.,Quotation
3268,Q-1192-V4442,FIRESTOP,07 Jul 2022,IQ,International C.T.,Materials Testing Institute University Of Stuggart,MVL Firestop,Misc.,Various,5288.27,USD, ,Order
3269,Q-1192-F11900,FIRESTOP,07 Jul 2022,IQ,Atcon C.L.,"THE COMMUNITY (PROPOSED PARK INN HOTEL) B + G + 4P + 25 FLOORS + ROOF , JVT , DUBAI , UAE",Supply Of Fire Stop Materials MEP,Firestop/ DC 315,Fire,73878,AED,Ajeesh J.,Quotation
3270,Q-1192-F11899,FIRESTOP,07 Jul 2022,IQ,Atcon C.L.,"THE COMMUNITY B + G + 4P + 25 FLOORS + ROOF , JVT , DUBAI , UAE",Supply Of Fire Stop Materials - CIVIL,Firestop/ DC 315,Fire,42315,AED,Ajeesh J.,Quotation
3271,Q-1192-F11898,FIRESTOP,07 Jul 2022,IQ,Safina A.N.,SAMPLES# LPO 207001,Supply Of Fire Stop Materials,Firestop/ DC 315,Fire,11356.71,AED,Islam S.,Order
3272,Q-1192-F11897,FIRESTOP,06 Jul 2022,IQ,Quantum A.C.,"PROPOSED B+G+6+ROOF , NAS 2 RESIDENTIAL BUILDING","SUPPLY OF INSS1440, D64",Firestop/ DC 315,Fire,97677.3,AED,Ramshad K.,Quotation
3273,Q-1192-F11896,FIRESTOP,06 Jul 2022,IQ,Dutco C.C.,Intercontinental Hotel # Business Bay # Plot Number 3460548,Supply Of Fire Stop Materials MEP,Firestop/ DC 315,Fire,73615.5,AED,Islam S.,Quotation
3274,Q-1192-F11895,FIRESTOP,06 Jul 2022,IQ,Dutco C.C.,Intercontinental Hotel # Business Bay # Plot Number 3460548,Supply Of Fire Stop Materials - CIVIL,Firestop/ DC 315,Fire,34534.5,AED,Islam S.,Quotation
3275,Q-1192-F11894,FIRESTOP,05 Jul 2022,IQ,Jpm A.T.,G403-RIVIERS PHASE 2 - AZIZ MEYDAN# LPO JPM/MVL/0220/2022,SUPPLY OF INSS1186 5G PAIL,Firestop/ DC 315,Fire,4200,AED,Habib B.,Order
3276,Q-1192-F11893,FIRESTOP,05 Jul 2022,IQ,Al F.C.,"PROPOSED RESIDENTIAL BUILDING (G+2P+7TYP+) AT AL FURJAN L.L.C, PLOT NO.AFC 022",Supply Of Fire Stop Materials - CIVIL,Firestop/ DC 315,Fire,45570,AED,Islam S.,Quotation
3277,Q-1192-F11892,FIRESTOP,05 Jul 2022,IQ,Safina A.N.,Hessa Al Mubarak,Samples,Firestop/ DC 315,Fire,21529.98,AED,Islam S.,Quotation
3278,Q-1192-F11891,FIRESTOP,05 Jul 2022,IQ,East C.C.,Kalba 283Villa,SUPPLY OF NWS 2000,Firestop/ DC 315,Fire,146475,AED,Habib B.,Quotation
3279,Q-1192-F11890,FIRESTOP,04 Jul 2022,IQ,Naser M.A.,RFQ MR P017 100332541,"SUPPLY OF INSS1440, FP05, D64",Firestop/ DC 315,Fire,12390,AED,Habib B.,Quotation
3280,Q-1192-F11889,FIRESTOP,04 Jul 2022,IQ,S.t.s. T.C.,FIRESTOPPING PROJECT,"SUPPLY OF INSS1440, FP05",Firestop/ DC 315,Fire,724.5,AED,Islam S.,Quotation
3281,Q-1192-F11888,FIRESTOP,04 Jul 2022,IQ,Deep S.S.,ADNOC PROJECT,"SUPPLY OF INSS1440, FP05",Firestop/ DC 315,Fire,750.75,AED,Habib B.,Order
3282,Q-1192-F11887,FIRESTOP,04 Jul 2022,IQ,Al A.C.,"2B+G+11+R RESIDENTIAL BUILDING, PLOT NO.: 6488610,            WADI AL SAFA 5, DUBAI, UAE",Supply Of Fire Stop Materials MEP,Firestop/ DC 315,Fire,28024.5,AED,Ajeesh J.,Quotation
3283,Q-1192-F11886,FIRESTOP,04 Jul 2022,IQ,Tameer E.C.,"PROPOSED G+4+GYM COMER. AND RESI. BUILDING, AL BARSHA SOUTH 3RD, PARCEL ID : 6731240",Supply Of Fire Stop Materials MEP,Firestop/ DC 315,Fire,65677.5,AED,Islam S.,Quotation
3284,Q-1192-F11885,FIRESTOP,04 Jul 2022,IQ,International H.C.,SGH AJMAN 3RD FLOOR # LPO 13388,"SUPPLY OF INSS1186, INSS1440, D64",Firestop/ DC 315,Fire,4200,AED,Habib B.,Order
3285,Q-1192-F11884,FIRESTOP,04 Jul 2022,IQ,Ssangyong -.T.,Deira Waterfront Plot 3 # LPO STJV-DWD-LPO-2022-4527,Supply Of INSS1186,Firestop/ DC 315,Fire,304.5,AED,Habib B.,Order
3286,Q-1192-F11883,FIRESTOP,04 Jul 2022,IQ,Insulco E.,FIRESTOPPING PROJECT,SUPPLY OF DC6150,Firestop/ DC 315,Fire,21420,AED,Ramshad K.,Quotation
3287,Q-1192-F11882,FIRESTOP,01 Jul 2022,IQ,Jumairah L.I.,RTA PROJECT - Replacement Of 10 No's Of Elevators For Pedestrian Bridges At Various Locations In Dubai# LPO JLI/P33/2022/294,SUPPLY OF INSS2460 BLACK,Firestop/ DC 315,Fire,13230,AED,Habib B.,Order
3288,Q-1192-F11881,FIRESTOP,30 Jun 2022,IQ,Condor B.C.,"CONDOR MARINA STAR, 4B + G + 24 FLOORS + HC, MARSA, DUBAI, UAE, PLOT NO. 392-495",Supply Of Fire Stop Materials - CIVIL,Firestop/ DC 315,Fire,25830,AED,Islam S.,Quotation
3289,Q-1192-F11880,FIRESTOP,30 Jun 2022,IQ,Al T.H.,FIRESTOPPING PROJECT,SUPPLY OF INSS2460 BLACK,Firestop/ DC 315,Fire,2100,AED,Islam S.,Order
3290,RFQ-1192-F11879,FIRESTOP,30 Jun 2022,RFQ,International C.T.,MVL FIRESTOP,Order No. INCA-20220630-07,Firestop/ DC 315,Fire,3075,USD, ,Order
3291,Q-1192-F11878,FIRESTOP,29 Jun 2022,IQ,Fibrex L.,AL AIN HOSPITAL PROJECT # F-ALM-ASJ01-PUR-44131-2022.R-0,SUPPLY OF INSS2460 BLACK,Firestop/ DC 315,Fire,5985,AED,Habib B.,Order
3292,Q-1192-F11877,FIRESTOP,29 Jun 2022,IQ,Safina A.N.,"Hessa Al Mubarak District, Kuwait",SUPPLY OF INSS1440,Firestop/ DC 315,Fire,27197.5,AED,Islam S.,Quotation
3293,Q-1192-F11876,FIRESTOP,29 Jun 2022,IQ,Grand S.B.,FIRESTOPPING PROJECT,PRICE LIST,Firestop/ DC 315,Fire,5579.2,AED,Habib B.,Quotation
3294,Q-1192-F11875,FIRESTOP,28 Jun 2022,IQ,Al M.C.,"PROPOSED LABOR ACCOMMODATION (B+G+5+ROOF),                      PLOT NO.: 6223671, WARSAN SECOND, DUBAI, UAE",Supply Of Fire Stop Materials MEP,Firestop/ DC 315,Fire,9870,AED,Ajeesh J.,Quotation
3295,Q-1192-F11874,FIRESTOP,28 Jun 2022,IQ,Al M.C.,"PROPOSED LABOR ACCOMMODATION (B+G+5+ROOF),                      PLOT NO.: 6223671, WARSAN SECOND, DUBAI, UAE",Supply Of Fire Stop Materials - CIVIL,Firestop/ DC 315,Fire,10773,AED,Ajeesh J.,Quotation
3296,Q-1192-F11873,FIRESTOP,28 Jun 2022,IQ,Al A.C.,"2B+G+11+R RESIDENTIAL BUILDING, PLOT NO.: 6488610,            WADI AL SAFA 5, DUBAI, UAE",Supply Of Fire Stop Materials - CIVIL,Firestop/ DC 315,Fire,21577.5,AED,Ajeesh J.,Quotation
3297,Q-1192-F11872,FIRESTOP,28 Jun 2022,IQ,Safina A.N.,Hessa Al Mubarak Project In Kuwait,"Supply Of INSS1440, FP05",Firestop/ DC 315,Fire,1985,AED,Islam S.,Quotation
3298,Q-1192-F11871,FIRESTOP,28 Jun 2022,IQ,Jpm A.T.,B+G+4+R RESIDENTIAL BUILDING- EMIRATES SAND# LPO JPM/MVL/0214/2022,"SUPPLY OF INSS1440,FP05,INFS0812,INSS1186",Firestop/ DC 315,Fire,3599.4,AED,Ajith S.,Order
3299,Q-1192-F11870,FIRESTOP,27 Jun 2022,IQ,Golden W.C.,"PRPOSED COMMERCIAL AND RESIDENTIAL BUILDING (B+G+6+R), AL WARQA'A FIRST, PLOT NO.4210474, DUBAI, UAE.",Supply Of Fire Stop Materials - CIVIL,Firestop/ DC 315,Fire,10447.5,AED,Ajith S.,Quotation
3300,Q-1192-F11869,FIRESTOP,27 Jun 2022,IQ,Drc I.E.,"MH-0106B &ndash; Port De La Mer Apartments &ndash; Phase 5B  (La Sirene) ON PLOT NO. 5 -PHASE 5 JUMEIRAH FIRST, DUBAI, U.A.E.",Supply Of Fire Stop Materials MEP,Firestop/ DC 315,Fire,68433.75,AED,Islam S.,Quotation
3301,Q-1192-F11868,FIRESTOP,27 Jun 2022,IQ,Drc I.E.,"MH-0106B &ndash; Port De La Mer Apartments &ndash; Phase 5B  (La Sirene) ON PLOT NO. 5 -PHASE 5 JUMEIRAH FIRST, DUBAI, U.A.E.",Supply Of Fire Stop Materials - CIVIL,Firestop/ DC 315,Fire,19629.75,AED,Islam S.,Quotation
3302,Q-1192-F11867,FIRESTOP,27 Jun 2022,IQ,Drc I.E.,"MH-0106B &ndash; Port De La Mer Apartments &ndash; Phase 5A  (La Sirene) ON PLOT NO. 5 -PHASE 5 JUMEIRAH FIRST, DUBAI, U.A.E.",Supply Of Fire Stop Materials MEP,Firestop/ DC 315,Fire,68397,AED,Islam S.,Quotation
3303,Q-1192-F11866,FIRESTOP,27 Jun 2022,IQ,Drc I.E.,"MH-0106B &ndash; Port De La Mer Apartments &ndash; Phase 5A  (La Sirene) ON PLOT NO. 5 -PHASE 5 JUMEIRAH FIRST, DUBAI, U.A.E.",Supply Of Fire Stop Materials - CIVIL,Firestop/ DC 315,Fire,27683.25,AED,Islam S.,Quotation
3304,Q-1192-F11865,FIRESTOP,27 Jun 2022,IQ,Adc E.S.,"MISK City District Cooling Plant, SAUDI",Supply Of Fire Stop Materials MEP- Normal Systems,Firestop/ DC 315,Fire,10127.25,AED,Islam S.,Quotation
3305,Q-1192-F11864,FIRESTOP,27 Jun 2022,IQ,Groundup C.&.,"G + 3P +19 FLOORS + ROOF RESIDENTIAL AND COMMERCIAL BUILDING, PLOT NO. :3460661, BUSINES BAY, DUBAI, UAE",Supply Of Fire Stop Materials - CIVIL,Firestop/ DC 315,Fire,22134,AED,Habib B.,Quotation
3306,Q-1192-F11863,FIRESTOP,27 Jun 2022,IQ,Safina A.N.,FIRESTOPPING PROJECT,Supply Of Fire Stop Materials,Firestop/ DC 315,Fire,0,AED,Islam S.,Quotation
3307,Q-1192-F11862,FIRESTOP,27 Jun 2022,IQ,Hi S.B.,"KHALED BUILDING, PROPOSED BUILDING B+G+7TYP+R , PLOT NO.1241194, LOCATIO : AL MURAQQABAT, UAE, DUBAI.",Supply Of Fire Stop Materials MEP,Firestop/ DC 315,Fire,16374.75,AED,Ajith S.,Quotation
3308,Q-1192-F11861,FIRESTOP,27 Jun 2022,IQ,Safina A.N.,PRICE LIST,SUPPLY OFCIVIL &amp; MEP FIRESTOP MATERIALS,Firestop/ DC 315,Fire,1893.26,AED,Islam S.,Quotation
3309,Q-1192-F11860,FIRESTOP,27 Jun 2022,IQ,International H.C.,CENTER OF EXCELLENCE SGH DUBAI# LPO 13414,SUPPLY OF CFS01 &amp; D120,Firestop/ DC 315,Fire,20984.25,AED,Habib B.,Order
3310,Q-1192-F11859,FIRESTOP,24 Jun 2022,IQ,Diamond F.A.,Dubai Media City Project,SUPPLY OF  INSS2460 ALS 128 &amp; INSS1186,Firestop/ DC 315,Fire,52.5,AED,Ajeesh J.,Quotation
3311,Q-1192-F11858,FIRESTOP,23 Jun 2022,IQ,Al M.E.,"PROPOSED BUILDING G +2P+12 TYPICAL, PLOT NO.6457874,  WADI AL SAFA 3, DUBAI, UAE",Supply Of Fire Stop Materials MEP,Firestop/ DC 315,Fire,19514.25,AED,Ajeesh J.,Quotation
3312,Q-1192-F11857,FIRESTOP,23 Jun 2022,IQ,Safina A.N.,Proposed Project In Kuwait,SUPPLY O F INSS0285,Firestop/ DC 315,Fire,46250,AED,Islam S.,Quotation
3313,Q-1192-F11856,FIRESTOP,23 Jun 2022,IQ,Safina A.N.,Proposed Project In Kuwait,Supply Of INSS1186,Firestop/ DC 315,Fire,199500,AED,Islam S.,Quotation
3314,Q-1192-F11855,FIRESTOP,23 Jun 2022,IQ,Dna C.S.,"MEEZAN BANK, PLOT#3, G-8, BLUE AREA ISLAMABAD, PAKISTAN",Supply Of Fire Stop Materials - CIVIL,Firestop/ DC 315,Fire,66750,AED,Habib B.,Quotation
3315,Q-1192-F11854,FIRESTOP,23 Jun 2022,IQ,Dna C.S.,"MEEZAN BANK, PLOT#3, G-8, BLUE AREA ISLAMABAD, PAKISTAN",Supply Of Fire Stop Materials MEP,Firestop/ DC 315,Fire,76350,AED,Habib B.,Quotation
3316,Q-1192-F11853,FIRESTOP,23 Jun 2022,IQ,Trans C.C.,"PROPOSED RETAIL/RESIDENTIAL BUILDING (G+2P+10+GYM), ON PLOT NO.6734084, AL BARSHA SOUTH 3RD.",Supply Of Fire Stop Materials - CIVIL,Firestop/ DC 315,Fire,23887.5,AED,Ajith S.,Quotation
3317,Q-1192-F11852,FIRESTOP,22 Jun 2022,IQ,001 C.,"PROPOSED MOSQUE, IMAM BLOCK &amp; ABLUTION (GROUND ONLY) PLOT NO 2470259, AL QUSAIS IND. FOURTH",Supply Of Fire Stop Materials - CIVIL,Firestop/ DC 315,Fire,850.5,AED,Habib B.,Order
3318,Q-1192-F11851,FIRESTOP,22 Jun 2022,IQ,001 C.,"PROPOSED MOSQUE, IMAM BLOCK &amp; ABLUTION (GROUND ONLY) PLOT NO 2470259, AL QUSAIS IND. FOURTH",Supply Of Fire Stop Materials MEP,Firestop/ DC 315,Fire,2131.5,AED,Habib B.,Order
3319,Q-1192-F11850,FIRESTOP,22 Jun 2022,IQ,Jpm A.T.,"2B+G+6+ROOF FLOOR BUILDING, PLOT NO 6731061, AL BARSHA SOUTH 3RD, DUBAI For GOLDEN BUILDING CONT.",Supply Of Fire Stop Materials,Firestop/ DC 315,Fire,23567.32,AED,Ajeesh J.,Quotation
3320,RFQ-1569-V4265,MACRO,22 Jun 2022,RFQ,Quality P.C.,MVL OFFICE,INSECTICIDAL AND RESIDUAL SPRAY/GEL TREATMENT (ONE TIME SERVICE),Building Materials,Various,367.5,AED, ,Order
3321,Q-1192-F11849,FIRESTOP,22 Jun 2022,IQ,001 C.,"DUBAI TECHNOLOGY, ELECTRONIC 4B+G+44 BUILDING,                 PLOT NO.: 3720562, AL SAFOUH FIRST, DUBAI, UAE",Supply Of Fire Stop Materials - CIVIL,Firestop/ DC 315,Fire,73395,AED,Habib B.,Quotation
3322,Q-1192-F11848,FIRESTOP,22 Jun 2022,IQ,001 C.,"SKY SPIRAL TOWER#  DUBAI TECHNOLOGY, ELECTRONIC 4B+G+44 BUILDING,            PLOT NO.: 3720562, AL SAFOUH FIRST, DUBAI, UAE",Supply Of Fire Stop Materials MEP,Firestop/ DC 315,Fire,233757.41,AED,Habib B.,Quotation
3323,Q-1192-F11847,FIRESTOP,21 Jun 2022,IQ,Jpm A.T.,(3B+G+11 TYP+R)-GHANTOOT- ABU DHABI # LPO JPM/MVL/0211/2022,SUPPLY OF INSS1440 5G PAIL,Firestop/ DC 315,Fire,2310,AED,Habib B.,Order
3324,Q-1192-F11846,FIRESTOP,20 Jun 2022,IQ,New N.E.,Villa Project In Dubai Hills Estate,"Supply Of INSS1440, D64",Firestop/ DC 315,Fire,924,AED,Ramshad K.,Quotation
3325,Q-1192-F11845,FIRESTOP,20 Jun 2022,IQ,Al H.,"AL MAMSHA RA3, PLOT NO.5052, PLOT AREA MUWEILAH, SHARJAH# LPO 2007045",Supply Of Fire Stop Materials MEP,Firestop/ DC 315,Fire,30045.75,AED,Islam S.,Order
3326,Q-1192-F11844,FIRESTOP,20 Jun 2022,IQ,Al H.,"AL MAMSHA SN1, PLOT NO.5052, PLOT AREA MUWEILAH, SHARJAH# LPO 2007044",Supply Of Fire Stop Materials MEP,Firestop/ DC 315,Fire,22352.4,AED,Islam S.,Order
3327,Q-1192-F11794A,FIRESTOP,20 Jun 2022,IQ,Engineering O.,Construction Of Kitchen Extension At Al Lissaili# 1700204244,SUPPLY OF INSS1186,Firestop/ DC 315,Fire,682.5,AED,Habib B.,Order
3328,Q-1192-F11657A,FIRESTOP,20 Jun 2022,IQ,Pgs G.C.,"NAD AL SHEBA, BLD NO.6188971, MEYDAN",SUPPLY OF FP05,Firestop/ DC 315,Fire,141.75,AED,Islam S.,Order
3329,Q-1192-F11843,FIRESTOP,20 Jun 2022,IQ,Bowyer W.,"Mercedes-Benz World Premier Flagship Showroom, On Plot No. 3372424",Supply Of Fire Stop Materials MEP,Firestop/ DC 315,Fire,540.75,AED,Islam S.,Quotation
3330,Q-1192-F11811A,FIRESTOP,20 Jun 2022,IQ,International H.C.,SAUDI GERMAN HOSPITAL # AJMAN,"SUPPLY OF INSS1186, INSS1440",Firestop/ DC 315,Fire,1323,AED,Habib B.,Order
3331,Q-1192-F11842,FIRESTOP,16 Jun 2022,IQ,Jpm A.T.,G403: RIVIERA PHASE 2- AZIZI MEYDAN # LPO JPM/MVL/0209/2022,SUPPLY OF INSS1186 5G PAIL,Firestop/ DC 315,Fire,4200,AED,Habib B.,Order
3332,Q-1192-F11841,FIRESTOP,15 Jun 2022,IQ,001 C.,"2B+G+11 FLOORS + ROOF RESIDENTIAL &amp; COM. BUILDING ON PLOT NO.3150130 UMM HURAIR SECOND, DUBAI.",Supply Of Fire Stop Materials - CIVIL,Firestop/ DC 315,Fire,27405,AED,Habib B.,Quotation
3333,Q-1192-F11840,FIRESTOP,15 Jun 2022,IQ,Al M.C.,"Proposed B+G+6+Roof Comm./Res. Building, Plot No.: 2330123, Al Qusais 2nd, Dubai, UAE",Supply Of Fire Stop Materials - CIVIL,Firestop/ DC 315,Fire,29295,AED,Ajith S.,Quotation
3334,Q-1192-F11825A,FIRESTOP,15 Jun 2022,IQ,Nascon E.L.,AYKON CITY- Podium &amp; Typical Floors# LPO 0711-22,SUPPLY OF INSS1440,Firestop/ DC 315,Fire,9450,AED,Islam S.,Order
3335,Q-1192-F11839,FIRESTOP,15 Jun 2022,IQ,Golden B.C.,"U/G TANK + B + G + 6 + ROOF FLOORS RESIDENTIAL / COMMERCIAL BUILDING, AL BARSHA SOUTH 3RD, DUBAI.",Supply Of Fire Stop Materials MEP,Firestop/ DC 315,Fire,33699.75,AED,Jerin V.,Quotation
3336,Q-1192-F11838,FIRESTOP,15 Jun 2022,IQ,Golden B.C.,"U/G TANK + B + G + 6 + ROOF FLOORS RESIDENTIAL / COMMERCIAL BUILDING, AL BARSHA SOUTH 3RD, DUBAI.",Supply Of Fire Stop Materials - CIVIL,Firestop/ DC 315,Fire,11235,AED,Jerin V.,Quotation
3337,Q-1192-F11837,FIRESTOP,15 Jun 2022,IQ,001 C.,AL FATTAN#GULF ASIA# KARAMA# LPO 0015,SUPPLY OF INSS1186 5G PAIL,Firestop/ DC 315,Fire,7875,AED,Habib B.,Order
3338,Q-1192-F11836,FIRESTOP,14 Jun 2022,IQ,001 C.,"PROPOSED COMMERCIAL &amp; RESIDENTIAL BUILDING (2B+G+M+1P+8+1R), ON PLOT NO.214-0535, BLOCK - AL GARHOUD, DUBAI, UAE.",Supply Of Fire Stop Materials - CIVIL,Firestop/ DC 315,Fire,27405,AED,Habib B.,Quotation
3339,Q-1192-F11835,FIRESTOP,13 Jun 2022,IQ,Sharfil T.W.,CITIZEN# LPO 1017/2022,SUPPLY OF DC68,Firestop/ DC 315,Fire,2835,AED,Habib B.,Order
3340,Q-1192-F11834,FIRESTOP,13 Jun 2022,IQ,Trans C.C.,"PROPOSED RETAIL/RESIDENTIAL BUILDING (G+2P+10+GYM), ON PLOT NO.6734084, AL BARSHA SOUTH 3RD.",Supply Of Fire Stop Materials MEP,Firestop/ DC 315,Fire,45297,AED,Ajith S.,Quotation
3341,Q-1192-F11831A,FIRESTOP,13 Jun 2022,IQ,Jpm A.T.,ALEXIS TOWER # LPO JPM/MVL/0207/2022,SUPPLY OF CIVIL &amp; MEP,Firestop/ DC 315,Fire,74576.25,AED,Islam S.,Order
3342,Q-1192-F11833,FIRESTOP,13 Jun 2022,IQ,Glass T.F.,STRUCTURAL SEALANT# LPO 01765-22,SUPPLY OF SGS 6000 BLACK,Firestop/ DC 315,Fire,4410,AED,Habib B.,Order
3343,Q-1192-F11832,FIRESTOP,13 Jun 2022,IQ,East C.C.,MBZ - Building C05 - Abu Dhabi,SUPPLY OF NWS 2000,Firestop/ DC 315,Fire,19530,AED,Habib B.,Quotation
3344,Q-1192-F11830,FIRESTOP,13 Jun 2022,IQ,001 C.,AL FATTAN# GULF ASIA# KARAMA#LPO 0014,"SUPPLY OF INSS1186,INSS1440",Firestop/ DC 315,Fire,8295,AED,Habib B.,Order
3345,Q-1192-F11822A,FIRESTOP,10 Jun 2022,IQ,Sharfil T.W.,CITIZEN SCHOOL # LPO 10162022,SUPPLY OF DC68,Firestop/ DC 315,Fire,8505,AED,Habib B.,Order
3346,RFQ-1192-F11829,FIRESTOP,10 Jun 2022,RFQ,International C.T.,MVL Firestop,Order No. INCA-20220610-06,Firestop/ DC 315,Fire,43658,USD, ,Order
3347,Q-1192-F11828,FIRESTOP,09 Jun 2022,IQ,Jpm A.T.,Omis Tower # LPO JPM/MVL/0215/2022,SUPPLY OF INSS0285 5G,Firestop/ DC 315,Fire,4263,AED,Islam S.,Order
3348,Q-1192-F11827,FIRESTOP,09 Jun 2022,IQ,For Y.S.,Solar Panel Project In Abudhabi,Supply Of INSS1440-5G,Firestop/ DC 315,Fire,9177769,AED,Islam S.,Quotation
3349,Q-1192-F11826,FIRESTOP,09 Jun 2022,IQ,For Y.S.,Solar Panel Project In Abudhabi,Supply Of INSS1440 600 Ml Sausage,Firestop/ DC 315,Fire,9800020,AED,Islam S.,Quotation
3350,RFQ-5213-V40001,MACRO,09 Jun 2022,RFQ,Jabal C.C.,(KSA 127) W912ER21C0015 AL KHARJ WAREHOUSE,Labor Toilets And Prayer Room Site Facilities,Building Materials,Various,53417.5,SAR, ,Order
3351,Q-1192-F11825,FIRESTOP,09 Jun 2022,IQ,Nascon E.L.,AYKON CITY- Podium &amp; Typical Floors,"SUPPLY OF INSS1440,D120",Firestop/ DC 315,Fire,12978,AED,Islam S.,Quotation
3352,Q-1192-F11824,FIRESTOP,08 Jun 2022,IQ,Joseph P.&.,ADNOC PROJECT,SUPPLY OF INSS2460 BLACK,Firestop/ DC 315,Fire,2415,AED,Habib B.,Quotation
3353,Q-1192-F11823,FIRESTOP,08 Jun 2022,IQ,Jpm A.T.,"West Bay Tower ( 4B+G+3P+30F+MECH+HC) @ Plot No : 346-6809,Business Bay, Dubai",Supply Of Fire Stop Materials MEP,Firestop/ DC 315,Fire,69661.2,AED,Islam S.,Quotation
3354,Q-1192-F11822,FIRESTOP,08 Jun 2022,IQ,Sharfil T.W.,CITIZEN SCHOOL # LPO 1015/2022,SUPPLY OF DC68,Firestop/ DC 315,Fire,21262.5,AED,Habib B.,Order
3355,Q-1192-F11821,FIRESTOP,08 Jun 2022,IQ,Metco C.,PRICE LIST,Supply Of Fire Stop Materials,Firestop/ DC 315,Fire,5229.07,AED,Islam S.,Quotation
3356,Q-1192-F11789A,FIRESTOP,08 Jun 2022,IQ,Al T.H.,FIRESTOPPING PROJECT,SUPPLY OF INSS2460 BLACK,Firestop/ DC 315,Fire,5250,AED,Islam S.,Order
3357,Q-1192-F11820,FIRESTOP,08 Jun 2022,IQ,Drc I.E.,"PROPOSED B+G+12 STOREY MIXED USE BUILDING ON PLOT NO. 3475286, AL MERKADH, SOBHA HEARTLAND, DUBAI - UAE.",Supply Of Fire Stop Materials MEP,Firestop/ DC 315,Fire,97104,AED,Islam S.,Quotation
3358,Q-1192-F11819,FIRESTOP,07 Jun 2022,IQ,Snowbow F.P.,PROPOSED PROJECT IN DUBAI,INSS0285,Firestop/ DC 315,Fire,325,AED,Habib B.,Quotation
3359,Q-1192-F11818,FIRESTOP,07 Jun 2022,IQ,Heptagon C.C.,Two Towers @ Sixth Circle &ndash; Jordan,"SUPPLY OF CW/FS120, B195/G,UF JOINTING",Firestop/ DC 315,Fire,1318000,AED,Islam S.,Quotation
3360,Q-1192-F11817,FIRESTOP,07 Jun 2022,IQ,Snowbow F.P.,PROPOSED PROJECT IN DUBAI,"SUPPLY OF INSS1186, D64",Firestop/ DC 315,Fire,704.16,AED,Habib B.,Quotation
3361,Q-1005-M7050,MACRO,07 Jun 2022,IQ,Elite P.E.,Supply &amp; Delivery Of  Grey Cast Iron Valve Box,Supply &amp; Delivery Of  Grey Cast Iron Valve Box,Mechanical Items,Mechanical,22356,USD,Mahesh B.,Order
3362,Q-1192-F11816,FIRESTOP,07 Jun 2022,IQ,Tiger C.C.,"Proposed G+3P+14+Roof Commercial &amp; Residential Building, Plot No 3261444@ Al Jaddaf, Dubai, UAE",INSS2460 WHITE,Firestop/ DC 315,Fire,262500,AED,Islam S.,Quotation
3363,Q-1192-F11815,FIRESTOP,07 Jun 2022,IQ,Insulco E.,Ref. No.: 08-13896/EST/SJ,MEP,Firestop/ DC 315,Fire,48783,AED,Islam S.,Quotation
3364,Q-1192-F11814,FIRESTOP,07 Jun 2022,IQ,Insulco E.,Ref. No.: 08-13896/EST/SJ,CJ,Firestop/ DC 315,Fire,12558,AED,Islam S.,Quotation
3365,Q-1192-F11813,FIRESTOP,07 Jun 2022,IQ,Insulco E.,Ref. No.: 08-13896/EST/SJ,SUPPLY INSS0285,Firestop/ DC 315,Fire,53865,AED,Islam S.,Quotation
3366,Q-1192-F11812,FIRESTOP,06 Jun 2022,IQ,Naser M.A.,LPO 300380169,"SUPPLY OF INSS1440, FP05",Firestop/ DC 315,Fire,3229.8,AED,Habib B.,Order
3367,Q-1192-F11811,FIRESTOP,06 Jun 2022,IQ,International H.C.,SAUDI GERMAN HOSPITAL # AJMAN,"SUPPLY OF INSS1186, INSS1440",Firestop/ DC 315,Fire,1323,AED,Habib B.,Order
3368,Q-1192-F11810,FIRESTOP,06 Jun 2022,IQ,Mohammed A.A.,FIRESTOPPING PROJECT,SUPPLY OF INSS1186,Firestop/ DC 315,Fire,142275,AED,Islam S.,Quotation
3369,Q-1192-F11809,FIRESTOP,06 Jun 2022,IQ,Thrones F.o.,FIRESTOPPING PROJECT,"SUPPLY OF SSHOOP, INFS0812,INSS1440",Firestop/ DC 315,Fire,932.4,AED,Habib B.,Order
3370,Q-1192-F11779A,FIRESTOP,03 Jun 2022,IQ,East C.C.,MR#13948 (2). PR-1100004626 ( For Sheet &amp; Silicone ) Project : C9-274 AUH,SUPPLY OF NWS 2000,Firestop/ DC 315,Fire,16275,AED,Habib B.,Quotation
3371,Q-1192-F11808,FIRESTOP,03 Jun 2022,IQ,Al M.B.,FIRESTOPPING PROJECT,SUPPLY OF INSS2460 ALS128,Firestop/ DC 315,Fire,3150,AED,Islam S.,Quotation
3372,Q-1192-F11807,FIRESTOP,03 Jun 2022,IQ,Jpm A.T.,3B+G+11TYP+R (GHANTOOT),SUPPLY OF INSS1186 AND INSS1440,Firestop/ DC 315,Fire,4226.25,AED,Habib B.,Order
3373,RFQ-4814-V4200,MVL Qatar,02 Jun 2022,RFQ,Qatar T.A.,(QTR 193) - W912ER21C0005 - USACE TRANS REGIONAL LOGISTICS COMPLEX (TRLC),FLATBED  TRAILER WITH DRIVER,Containers,Various,800,QAR, ,Order
3374,RFQ-1569-O28,MACRO,02 Jun 2022,RFQ,Anigma T.,MVL OFFICE IT REQUIREMENT,HIGH PERFORMANCE DESKTOP AS PER SPECIFICATIONS,Computer Peripherals,Office Assets,3675,AED, ,Order
3375,Q-1192-F11806,FIRESTOP,02 Jun 2022,IQ,Asian I.,BANGLADESH PROJECT,SUPPLY OF INSS1186,Firestop/ DC 315,Fire,16750,AED,Islam S.,Order
3376,Q-3742-V4357,MACRO,02 Jun 2022,IQ,Sahraa A.R.,W912ER-19-C-0018 Care And Preservation Vehicle Maintenance Facility,PROCUREMENT SUPPORT - CN017,Misc.,Various,77434.2,USD, ,Order
3377,Q-1192-F11805,FIRESTOP,02 Jun 2022,IQ,Jpm A.T.,AJ 417 AL MAFRAQ MALL _PO # JPM/MVL/0203/2022,SUPPLY OF MVL FIRESTOP MATERIALS,Firestop/ DC 315,Fire,4263,AED,Islam S.,Order
3378,Q-1192-F11804,FIRESTOP,01 Jun 2022,IQ,Al T.C.,"4B + G+ 3P + 30TYP + MECH + H.C FLRS COMMERCIAL AND RESIDENTIAL BUILDING ON PLOT NO.3466809, BUSINESS BAY DUBAI",SUPPLY OF MVL FIRESTOP MATERIAL,Firestop/ DC 315,Fire,48825,AED,Islam S.,Quotation
3379,Q-1192-F11803,FIRESTOP,31 May 2022,IQ,Drc I.E.,"PROPOSED COM. AND RESIDENTIAL BLDNG (G+19TYP+H.C), PLOT NO.3460584, BUSINESS BAY, DUBAI, UAE.",SUPPLY OF MVL FIRESTOP MATERIAL,Firestop/ DC 315,Fire,54353.25,AED,Islam S.,Quotation
3380,Q-1192-F11802,FIRESTOP,31 May 2022,IQ,Drc I.E.,"PROPOSED COM. AND RESIDENTIAL BLDNG (G+19TYP+H.C), PLOT NO.3460584, BUSINESS BAY, DUBAI, UAE.",SUPPLY OF MVL FIRESTOP MATERIAL,Firestop/ DC 315,Fire,111363,AED,Islam S.,Quotation
3381,Q-1192-F11801,FIRESTOP,31 May 2022,IQ,Al T.C.,"West Bay Tower ( 4B+G+3P+30F+MECH+HC) @  Plot No : 346-6809,Business Bay, Dubai",SUPPLY OF MVL FIRESTOP MATERIAL,Firestop/ DC 315,Fire,100794.75,AED,Islam S.,Quotation
3382,Q-1192-F11800,FIRESTOP,31 May 2022,IQ,Safety W.,"AL JADA DEVELOPMENT BLOCK J - PHASE 1, PLOT NO.: 7300, RESIDENTIAL BUILDINGS (B+G+5/6+RF) - 8 BLDGS., SHARJAH",SUPPLY OF MVL FIRESTOP MATERIAL,Firestop/ DC 315,Fire,115941,AED,Islam S.,Quotation
3383,Q-1192-F11597A,FIRESTOP,31 May 2022,IQ,Technoman C.,"B+G+4+R RESIDENTIAL &amp; COMMERCIAL BUILDING, AL WARSAN FIRST, PLOT NO.: 6218675, DUBAI, UAE _PO # POL-2452281",Supply Of Fire Stop Materials MEP,Firestop/ DC 315,Fire,29118.6,AED,Ajeesh J.,Order
3384,Q-1192-F11783A,FIRESTOP,31 May 2022,IQ,001 C.,"AL ZAHIA BUILDING UP TOWN, PLOT NO.483/1868, SHARJAH, UAE",Supply Of Fire Stop Materials - CIVIL,Firestop/ DC 315,Fire,67095,AED,Habib B.,Quotation
3385,Q-1005-V7037,MV LLC,31 May 2022,IQ,United S.M.,4 Military Style Tents - Rental For 13 Days - Abu Dhabi,4 Military Style Tents - Rental For 13 Days - Abu Dhabi,Building Materials,Various,36335,USD, ,Quotation
3386,RFQ-3742-V4264C,MACRO,31 May 2022,RFQ,British L.K.,W912ER-19-C-0018 Care And Preservation Vehicle Maintenance Facility,RENTAL OF MANLIFT WITH FUEL,Building Materials,Various,550,KWD, ,Order
3387,Q-1192-F11799,FIRESTOP,30 May 2022,IQ,Fire S.I.,PO2022071,SUPPLY OF INSS2460 ALS128,Firestop/ DC 315,Fire,10080,AED,Habib B.,Order
3388,Q-1192-F11798,FIRESTOP,30 May 2022,IQ,Dna C.S.,MEEZAN TOWER,SUPPLY OF SIDERISE FIRESTOPPING MATERIALS,Firestop/ DC 315,Fire,86110,AED,Islam S.,Quotation
3389,Q-1192-F11797,FIRESTOP,30 May 2022,IQ,Prima T.,QATAR PROJECT,SUPPLY OF FP05-2 SIDED,Firestop/ DC 315,Fire,270000,AED,Islam S.,Quotation
3390,Q-1192-F11796A,FIRESTOP,27 May 2022,IQ,Source B.I.,BANGLADESH PROJECT,SUPPLY OF INSS1186,Firestop/ DC 315,Fire,8215.2,USD,Islam S.,Quotation
3391,Q-1192-F11796,FIRESTOP,27 May 2022,IQ,Source B.I.,BANGLADESH PROJECT,SUPPLY OF INSS1186,Firestop/ DC 315,Fire,36180,AED,Islam S.,Quotation
3392,Q-1192-F11778A,FIRESTOP,27 May 2022,IQ,International H.C.,SAUDI GERMAN HOSPITAL # AJMAN- 3RD FLOOR # LPO 13115,"SUPPLY OF INSS1440, INSS1186,INFS0812,D64",Firestop/ DC 315,Fire,609,AED,Habib B.,Order
3393,Q-1005-M7049,MACRO,27 May 2022,IQ,Elite P.E.,Supply &amp; Delivery Of Fire Rated Cabinets,Supply &amp; Delivery Of Fire Rated Cabinets,Mechanical Items,Mechanical,5952,USD,Mahesh B.,Order
3394,Q-1192-F11794,FIRESTOP,27 May 2022,IQ,Engineering O.,Construction Of Kitchen Extension At Al Lissaili# 1700204244,SUPPLY OF  INSS1440,Firestop/ DC 315,Fire,892.5,AED,Habib B.,Order
3395,Q-1192-F11793A,FIRESTOP,26 May 2022,IQ,Asian I.,BANGLADESH PROJECT,SUPPLY OF INSS1186,Firestop/ DC 315,Fire,11000,AED,Islam S.,Quotation
3396,Q-1192-F11793,FIRESTOP,26 May 2022,IQ,Asian I.,BANGLADESH PROJECT,SUPPLY OF INSS1186,Firestop/ DC 315,Fire,18090,AED,Islam S.,Quotation
3397,Q-1192-F11790A,FIRESTOP,26 May 2022,IQ,Abdullah A.A.,KSA PROJECT,SUPPLY OF MVL FIRESTOP MATERIALS_PO# PUR-ORD-2022-00293,Firestop/ DC 315,Fire,17316.6,AED,Islam S.,Order
3398,RFQ-1569-V4394,MACRO,25 May 2022,RFQ,Smart S.T.,ERGONOMIC CHAIR,ERGONOMIC CHAIR,Misc.,Various,1288,AED, ,Order
3399,Q-1192-F11792,FIRESTOP,25 May 2022,IQ,Asian I.,BANGLADESH PROJECT,SUPPLY OF MVL FIRESTOP MATERIALS,Firestop/ DC 315,Fire,2452.31,USD,Islam S.,Quotation
3400,Q-1192-F11791,FIRESTOP,25 May 2022,IQ,Asian I.,BANGLADESH PROJECT,SUPPLY OF MVL FIRESTOP MATERIALS,Firestop/ DC 315,Fire,3481.21,USD,Islam S.,Quotation
3401,RFQ-4814-A5201,MACRO,24 May 2022,RFQ,Techtradedoors T.L.,QTR 193 - W912ER21C0005 - USACE AEC TRANS REGIONAL LOGISTICS COMPLEX (TLC),VERTICAL LIFT DOORS,Doors,Architectural,359702,QAR, ,Order
3402,Q-1192-F11650A,FIRESTOP,24 May 2022,IQ,Hammada D.C.,FIRESTOPPING PROJECT,SUPPLY OF DC68,Firestop/ DC 315,Fire,2050,AED,Islam S.,Order
3403,Q-1192-F11790,FIRESTOP,24 May 2022,IQ,Abdullah A.A.,KSA PROJECT,SUPPLY OF MVL FIRESTOP MATERIALS,Firestop/ DC 315,Fire,17600,AED,Islam S.,Quotation
3404,Q-1192-F11789,FIRESTOP,24 May 2022,IQ,Al T.H.,FIRESTOPPING PROJECT,SUPPLY OF INSS2460 BLACK,Firestop/ DC 315,Fire,3150,AED,Islam S.,Order
3405,Q-1192-F11788A,FIRESTOP,23 May 2022,IQ,Jpm A.T.,"ALEXIS TOWER, PROPOSED RESIDENTIAL BUILDING (3B+G+3P+13Typ.), PLOT NO.: DJAZ1-TRE-20RES027, JABAL ALI INDUSTRIAL 2518, DUBAI, UAE_CIVIL",SUPPLY OF MVL FIRESTOP MATERIALS,Firestop/ DC 315,Fire,29610,AED,Islam S.,Quotation
3406,Q-1192-F11788,FIRESTOP,23 May 2022,IQ,Jpm A.T.,"ALEXIS TOWER, PROPOSED RESIDENTIAL BUILDING (3B+G+3P+13Typ.), PLOT NO.: DJAZ1-TRE-20RES027, JABAL ALI INDUSTRIAL 2518, DUBAI, UAE_MEP",SUPPLY OF MVL FIRESTOP MATERIALS,Firestop/ DC 315,Fire,44991.45,AED,Islam S.,Quotation
3407,Q-1192-F11787,FIRESTOP,23 May 2022,IQ,Civil P.G.,PGC-190008-C-P1,SUPPLY OF MVL FIRESTOP MATERIALS,Firestop/ DC 315,Fire,6027,AED,Habib B.,Quotation
3408,Q-1192-F11705B,FIRESTOP,23 May 2022,IQ,Al H.,AL-Mamsha AHJ-572,Supply Of INFS0812,Firestop/ DC 315,Fire,1852.2,AED,Arun stephen ,Order
3409,Q-1192-F11786,FIRESTOP,20 May 2022,IQ,Strabag-ozkar J.,Hatta Pumped Storage Hydro Power Plant Project# LPO BRX-PO-2022-007848,SUPPLY OF D64,Firestop/ DC 315,Fire,735,AED,Islam S.,Order
3410,Q-1192-F11785,FIRESTOP,20 May 2022,IQ,Safety F.F.,PRICE LIST,Supply Of Fire Stop Materials,Firestop/ DC 315,Fire,5636.68,AED,Ajith S.,Quotation
3411,RFQ-5342-M4101,MACRO,20 May 2022,RFQ,Industrial E.P.,"W912ER21F0112 To Construct Electrical Ring And Radial Circuit (Ring 3), Camp Arifjan, Kuwait.",RING MAIN UNIT,Mechanical Items,Mechanical,20262,KWD, ,Order
3412,Q-1192-F11784,FIRESTOP,19 May 2022,IQ,001 C.,"PROPOSED B+G+4 STOREY RESIDENTIAL BUILDING ON PLOT JVC14QMRP200 AT JUMEIRAH VILLAGE, DUBAI,DELTA EMIRATES",Supply Of Fire Stop Materials MEP,Firestop/ DC 315,Fire,60553.71,AED,Habib B.,Quotation
3413,Q-1192-F11783,FIRESTOP,19 May 2022,IQ,001 C.,"PROPOSED B+G+4 STOREY RESIDENTIAL BUILDING ON PLOT JVC14QMRP200 AT JUMEIRAH VILLAGE, DUBAI- DELTA EMIRATES",Supply Of Fire Stop Materials - CIVIL,Firestop/ DC 315,Fire,42052.5,AED,Habib B.,Quotation
3414,Q-1192-F11782,FIRESTOP,19 May 2022,IQ,Source B.I.,FIRESTOPPING PROJECT,Supply Of Fire Stop Materials,Firestop/ DC 315,Fire,2374.23,USD,Islam S.,Quotation
3415,Q-1192-F11781,FIRESTOP,19 May 2022,IQ,Smart G.a.,WEATHER SEALANT,SUPPLY OF NWS 2000,Firestop/ DC 315,Fire,18.38,AED,Habib B.,Quotation
3416,Q-1192-F11780,FIRESTOP,18 May 2022,IQ,Jpm A.T.,RUKAN TOWER# LPO JPM/MVL/0199/2022,Supply Of Fire Stop Materials,Firestop/ DC 315,Fire,122090.85,AED,Islam S.,Order
3417,Q-1192-F11779,FIRESTOP,18 May 2022,IQ,East C.C.,MR#13948 (2). PR-1100004248 ( For Sheet &amp; Silicone ) Project : C9-274 AUH,SUPPLY OF NWS 2000,Firestop/ DC 315,Fire,16.27,AED,Habib B.,Quotation
3418,RFQ-1192-V4316A,FIRESTOP,18 May 2022,RFQ,Fujairah R.F.,MVL Firestop,SLAB WITHOUT FACING (SXXX) Density: 160Kg/M3 Thickness: 50mm Size:1.2 MtrX 0.6 Mtr,Building Materials,Various,12852,AED, ,Order
3419,Q-1192-F11778,FIRESTOP,18 May 2022,IQ,International H.C.,SAUDI GERMAN HOSPITAL # AJMAN- 3RD FLOOR # LPO 13115,"SUPPLY OF INSS1440, INSS1186,INFS0812,D64",Firestop/ DC 315,Fire,2436,AED,Habib B.,Order
3420,Q-1192-F11777,FIRESTOP,17 May 2022,IQ,Pepco E.C.,"Proposed Residential Building (G+4Typ.), Plot No.: 6439647, Wadi Safa 2, Dubai, UAE",Supply Of Fire Stop Materials - CIVIL,Firestop/ DC 315,Fire,6457.5,AED,Ajith S.,Quotation
3421,Q-1192-F11776,FIRESTOP,17 May 2022,IQ,Menasco M.C.,SEVEN TIDES # LPO 102200660,CFS01 SUPPLY,Firestop/ DC 315,Fire,2441.25,AED,Islam S.,Order
3422,RFQ-1192-F11775,FIRESTOP,13 May 2022,RFQ,International F.T.,DC360 (5G PAIL),DC360 (5G PAIL),Firestop/ DC 315,Fire,160,USD, ,Order
3423,Q-1192-F11774,FIRESTOP,13 May 2022,IQ,Jpm A.T.,LPO JPM/MVL/0199/2022# RUKN TOWER,SUPPLY OF INSS1186 5G PAIL,Firestop/ DC 315,Fire,7560,AED,Islam S.,Order
3424,Q-1192-F11773,FIRESTOP,13 May 2022,IQ,Jpm A.T.,MASDAR CITY- GHNTOOT-3B+G+11TYP+R# LPO 0197/2022,Supply Of Fire Stop Materials MEP,Firestop/ DC 315,Fire,3517.5,AED,Habib B.,Order
3425,Q-1192-F11772,FIRESTOP,13 May 2022,IQ,001 C.,"PROPOSED (G+3P+18) COMM. &amp; RESIDENTIAL BUILDING, PLOT NO.: 3460635, BUSINESS BAY, DUBAI, UAE",MEP- PPR PVC SEALANT ONLY,Firestop/ DC 315,Fire,65214.14,AED,Habib B.,Quotation
3426,Q-1192-F11771,FIRESTOP,13 May 2022,IQ,001 C.,"PROPOSED G+12 FLOORS+R MIXED USED BUILDING, PLOT NO.: 246-169, AL QUSAIS IND. 3RD, DUBAI, UAE.",Supply Of Fire Stop Materials - CIVIL,Firestop/ DC 315,Fire,14647.5,AED,Habib B.,Quotation
3427,Q-1192-F11770,FIRESTOP,13 May 2022,IQ,001 C.,"PROPOSED G+12+R MIXED USE BUILDING ON PLOT NO.246-169 AL QUSAIS INDUSTRIAL THREE, DUBAI, FOR NSCO",MEP WITHOUT FLOOR PENETRATION,Firestop/ DC 315,Fire,42749.95,AED,Habib B.,Quotation
3428,Q-1192-F11769,FIRESTOP,12 May 2022,IQ,Alibtikar A.T.,LPO 120522/MVL/IBT/006,SUPPLY OF DC 68,Firestop/ DC 315,Fire,1417.5,AED,Habib B.,Order
3429,Q-1192-F11768,FIRESTOP,12 May 2022,IQ,Asqalan ,PRICE LIST,FIRESTOP,Firestop/ DC 315,Fire,2635.06,AED,Habib B.,Quotation
3430,Q-1192-F11767,FIRESTOP,12 May 2022,IQ,Asqalan ,MEP UNIT RATE,Supply Of Fire Stop Materials,Firestop/ DC 315,Fire,0,AED,Habib B.,Quotation
3431,Q-1192-F11766,FIRESTOP,12 May 2022,IQ,Asqalan ,UNIT RATE- CIVIL,Supply Of Fire Stop Materials,Firestop/ DC 315,Fire,2.09,AED,Habib B.,Quotation
3432,RFQ-3742-V4264B,MACRO,11 May 2022,RFQ,British L.K.,W912ER-19-C-0018 Care And Preservation Vehicle Maintenance Facility,RENTAL OF MANLIFT WITH FUEL,Building Materials,Various,650,KWD, ,Order
3433,Q-1192-F11765,FIRESTOP,11 May 2022,IQ,Alibtikar A.T.,LPO 110522/MVL/IBT/006,SUPPLY OF DC68,Firestop/ DC 315,Fire,1417.5,AED,Habib B.,Order
3434,Q-1192-F11764,FIRESTOP,11 May 2022,IQ,Fibrex L.,SULAFA TOWER# LPO F-ALM-AE1803-PUR-42123-2022.R-0,SUPPLY OF SGS 6000 BLACK,Firestop/ DC 315,Fire,4200,AED,Habib B.,Order
3435,Q-1192-F11763,FIRESTOP,10 May 2022,IQ,Al N.G.,FIRESTOPPING PROJECT,SUPPLY OF INSS2460 BLACK,Firestop/ DC 315,Fire,16800,AED,Islam S.,Quotation
3436,Q-1005-A5217,MV LLC,10 May 2022,IQ,Impresa P.,"Supply &amp; Delivery Of Wooden Doors - US NAVFAC/Family Building/ Vicenza, Italy","Supply &amp; Delivery Of Wooden Doors - US NAVFAC/Family Building/ Vicenza, Italy",Doors,Architectural,0,USD,Mahesh B.,Quotation
3437,Q-1192-F11762,FIRESTOP,09 May 2022,IQ,Tiger C.C.,"PROPOSED  3B+G+4P+2 OFFICES+17 RESD. BUILDING, WADI AL SAFA 5, PLOT NO.6488520, DUBAI , UAE",Supply Of Fire Stop Materials MEP,Firestop/ DC 315,Fire,101214.75,AED,Islam S.,Quotation
3438,Q-1192-F11761,FIRESTOP,09 May 2022,IQ,Dubai P.L.,FIRESTOPPING PROJECT,SUPPLY OF INSS1186,Firestop/ DC 315,Fire,26.25,AED,Arun stephen ,Quotation
3439,Q-1192-F11760,FIRESTOP,09 May 2022,IQ,Media P.I.,ONSTAGE - Aster GNA Awards# LPO MP2022/1112,SUPPLY OF DC68,Firestop/ DC 315,Fire,525,AED,Ramshad K.,Order
3440,RFQ-4814-M4105,MACRO,09 May 2022,RFQ,Align E.W.,QTR 193 - W912ER21C0005 - USACE AEC TRANS REGIONAL LOGISTICS COMPLEX (TLC),FIRE WATER STORAGE TANKS,Mechanical Items,Mechanical,471450,AED, ,Order
3441,RFQ-3742-R1501A,MACRO,09 May 2022,RFQ,Amjad G.G.,W912ER-19-C-0018 Care And Preservation Vehicle Maintenance Facility,RENTAL OF FORKLIFT,Rental,Rental,2018.75,KWD, ,Order
3442,Q-1192-F11759,FIRESTOP,09 May 2022,IQ,Palgan I.C.,GHANTOOT - AL RAHA RESIDENTIAL BUILDING# LPO 2717,SUPPLY OF INSS1186 5G PAIL,Firestop/ DC 315,Fire,1155,AED,Habib B.,Order
3443,Q-1192-F11758,FIRESTOP,09 May 2022,IQ,Deep S.S.,ADNOC  PROJECT# LPO DSS-PO-MVL-009-22,"SUPPLY OF INSS1440, FP05, GUN",Firestop/ DC 315,Fire,2451.75,AED,Habib B.,Order
3444,Q-1192-F11757,FIRESTOP,05 May 2022,IQ,Al F.G.,"Commercial Building (2B+GF+8 Typ.+ RF), Al Raha Beach, Sector : RBW7, Plot - C25, Abu Dhabi# # LPO 18894 R",SUPPLY OF CFS01 &amp; D120,Firestop/ DC 315,Fire,7245,AED,Habib B.,Order
3445,Q-1192-F11756,FIRESTOP,05 May 2022,IQ,Fibrex L.,WEATHER SEALANT,SUPPLY OF NWS 2000,Firestop/ DC 315,Fire,16.27,AED,Habib B.,Quotation
3446,Q-1192-F11755,FIRESTOP,29 Apr 2022,IQ,Fibrex L.,SMOKE AND ACOUSTIC SEALANT,SUPPLY OF INSS0285,Firestop/ DC 315,Fire,10.5,AED,Habib B.,Quotation
3447,Q-1005-M7047,MACRO,28 Apr 2022,IQ,Elite P.E.,"Supply &amp; Delivery Of Exhaust &amp; Supply Fans-TRLC, Qatar","Supply &amp; Delivery Of Exhaust &amp; Supply Fans-TRLC, Qatar",Mechanical Items,Mechanical,99804.15,USD,Mahesh B.,Quotation
3448,Q-1192-F11754A,FIRESTOP,28 Apr 2022,IQ,Jijibla T.L.,FIRESTOPPING PROJECT,SUPPLY OF FM011,Firestop/ DC 315,Fire,977.55,AED,Islam S.,Quotation
3449,Q-1192-F11753A,FIRESTOP,28 Apr 2022,IQ,Technomax M.E.,RFQ-1424/2022,SUPPLY OF FM011,Firestop/ DC 315,Fire,977.55,AED,Islam S.,Quotation
3450,Q-1192-V4441,FIRESTOP,28 Apr 2022,IQ,International C.T.,Wimpey Lab Testing,Wimpey Lab Testing,Misc.,Various,3757.14,USD, ,Order
3451,RFQ-1192-V4440,FIRESTOP,28 Apr 2022,RFQ,Printek S.,MVL FIRESTOP,SHARP TONER FOR Sharp MX3550V (SHARP MX61FT ),Misc.,Various,1942.5,AED, ,Order
3452,Q-1192-F11754,FIRESTOP,28 Apr 2022,IQ,Jijibla T.L.,FIRESTOPPING PROJECT,SUPPLY OF INSS1440 5G PAIL,Firestop/ DC 315,Fire,945,AED,Islam S.,Quotation
3453,Q-1192-F11753,FIRESTOP,28 Apr 2022,IQ,Technomax M.E.,RFQ-1424/2022,SUPPLY OF INSS1440,Firestop/ DC 315,Fire,945,AED,Islam S.,Quotation
3454,Q-1192-F11752,FIRESTOP,28 Apr 2022,IQ,Efficient E.S.,FIRESTOPPING PROJECT,Supply Of Fire Stop Materials,Firestop/ DC 315,Fire,5438,AED,Islam S.,Quotation
3455,Q-1192-F11751,FIRESTOP,28 Apr 2022,IQ,001 C.,PRICE LIST,Supply Of Fire Stop Materials,Firestop/ DC 315,Fire,5579.2,AED,Habib B.,Quotation
3456,Q-1192-F11750,FIRESTOP,28 Apr 2022,IQ,Door M.T.,PRICE LIST,Supply Of Fire Stop Materials,Firestop/ DC 315,Fire,5579.2,AED,Habib B.,Quotation
3457,Q-1192-F11749,FIRESTOP,27 Apr 2022,IQ,International H.C.,CENTER OF EXCELLENCE SGH DUBAI# LPO 12997,SUPPLY OF D64,Firestop/ DC 315,Fire,3465,AED,Habib B.,Order
3458,Q-1192-F11748,FIRESTOP,27 Apr 2022,IQ,Target E.C.,INJECTABLE MORTAR &amp; ANCHOR ROD,SUPPLY OF INDEX,Firestop/ DC 315,Fire,17895.78,AED,Islam S.,Quotation
3459,Q-1192-F11747,FIRESTOP,26 Apr 2022,IQ,Jpm A.T.,3B+G+11TYP+R- GHANTOOT- MASDAR CITY # LPO JPM/MVL/0183/2021,"SUPPLY OF INSS1186, INSS1440",Firestop/ DC 315,Fire,2651.25,AED,Habib B.,Order
3460,Q-1192-F11746,FIRESTOP,26 Apr 2022,IQ,Jpm A.T.,MAFRAQ MALL # LPO JPM/MVL/0182/2022,"SUPPLY OF INSS1440, SSHOOP",Firestop/ DC 315,Fire,3045,AED,Arun stephen ,Order
3461,Q-1192-F11745,FIRESTOP,26 Apr 2022,IQ,Jpm A.T.,SEVEN HOTEL# LPO JPM/MVL/0181/2022,SUPPLY OF INSS1186 5G PAIL,Firestop/ DC 315,Fire,4987.5,AED,Arun stephen ,Order
3462,Q-1005-A5216,MV LLC,26 Apr 2022,IQ,Impresa P.,"Supply &amp; Delivery Of Overhead Coiling And Sectional Doors - US NAVFAC/Family Building/ Vicenza, Italy","Supply &amp; Delivery Of Overhead Coiling And Sectional Doors - US NAVFAC/Family Building/ Vicenza, Italy",Doors,Architectural,283806,USD,Mahesh B.,Quotation
3463,Q-1192-F11744,FIRESTOP,26 Apr 2022,IQ,Firetrap ,FIRESTOPPING PROJECT,Supply Of Dubai Price,Firestop/ DC 315,Fire,1154.04,USD,Islam S.,Quotation
3464,Q-1192-F11743,FIRESTOP,26 Apr 2022,IQ,001 C.,LA VIE # LPO 0012,SUPPLY OF INSS1186 5G PAIL,Firestop/ DC 315,Fire,12075,AED,Habib B.,Order
3465,Q-1192-F11742,FIRESTOP,26 Apr 2022,IQ,001 C.,AL FATTAN- KARAMA# LPO 0013,"SUPPLY OF INSS1186, INFS0812",Firestop/ DC 315,Fire,3570,AED,Habib B.,Order
3466,Q-1192-F11741,FIRESTOP,26 Apr 2022,IQ,Firetrap ,FIRESTOPPING PROJECT,Supply - Taiwan Price,Firestop/ DC 315,Fire,996.28,USD,Islam S.,Quotation
3467,Q-1192-F11740,FIRESTOP,25 Apr 2022,IQ,Technical A.C.,R-1083- PACKAGE A-G+6+R RESIDENTIAL BLDNG-AL WASL- QUSAIS PROJECT# LPO 06767,SUPPLY OF INSS0285,Firestop/ DC 315,Fire,11760,AED,Arun stephen ,Order
3468,Q-1005-A5215,MV LLC,25 Apr 2022,IQ,Impresa P.,"Supply &amp; Delivery Of Overhead Aluminum Doors - US NAVFAC/Family Building/ Vicenza, Italy","Supply &amp; Delivery Of Overhead Aluminum Doors - US NAVFAC/Family Building/ Vicenza, Italy",Doors,Architectural,104829,USD,Mahesh B.,Quotation
3469,Q-1005-M7046,MACRO,25 Apr 2022,IQ,Elite P.E.,"Supply &amp; Delivery Of Destratification Fans - Al Udeid , Qatar","Supply &amp; Delivery Of Destratification Fans - Al Udeid , Qatar",Mechanical Items,Mechanical,51967.2,USD,Mahesh B.,Quotation
3470,Q-1005-M7045,MVL Nepal,25 Apr 2022,IQ,Elite P.E.,"Supply &amp; Delivery Of Destratification Fans - Al Udeid , Qatar","Supply &amp; Delivery Of Destratification Fans - Al Udeid , Qatar",Mechanical Items,Mechanical,0,USD, ,Cancled
3471,Q-1192-F11705A,FIRESTOP,25 Apr 2022,IQ,Al H.,AL-Mamsha AHJ-572,Supply Of INFS0812,Firestop/ DC 315,Fire,1852.2,AED,Arun stephen ,Order
3472,Q-1192-F11739,FIRESTOP,25 Apr 2022,IQ,Hi S.B.,"PROPOSED KHALED BUILDING B+G+7 TYP+R , ON PLOT NO.1241194, AL MURAQABAT, DUBAI, UAE",Supply Of Fire Stop Materials MEP,Firestop/ DC 315,Fire,1008,AED,Muhammad N.,Quotation
3473,RFQ-1192-F11738,FIRESTOP,22 Apr 2022,RFQ,International F.T.,MVL Firestop,"NON HAZARDOUS - Water Based Fireproof Paint, DC360, Sample, 1 Gallon Per Pail, Toatl 2 Pails",Firestop/ DC 315,Fire,360,USD, ,Quotation
3474,Q-1192-F11737,FIRESTOP,20 Apr 2022,IQ,Safety W.,JEET CONTRACTING # LPO 2009,"SUPPLY OF INSS1186, INSS1440",Firestop/ DC 315,Fire,2730,AED,Muhammad N.,Order
3475,RFQ-3550-V4384,MVL Nepal,20 Apr 2022,RFQ,S.tech E.&.,"72036719F00003 - Nepal Community Reconstruction Program (NRCP) IDIQ Contract, Task Order For The Reconstruction Of Schools And Health Facilities In Sindhuli District Of Nepal",TENCATE GEOGRID 200/50,Building Materials,Various,1057680,NPR, ,Order
3476,Q-1192-F11736,FIRESTOP,20 Apr 2022,IQ,Safina A.N.,CURTAIN WALL,INSS1186 SUPPLY,Firestop/ DC 315,Fire,650,AED,Islam S.,Quotation
3477,Q-1192-F11735,FIRESTOP,19 Apr 2022,IQ,Ramco T.a.,FIRESTOPPING PROJECT,Supply Of Fire Stop Materials,Firestop/ DC 315,Fire,5438,AED,Islam S.,Quotation
3478,Q-1192-F11734,FIRESTOP,19 Apr 2022,IQ,Quantum A.C.,G+6 BARSHA,SUPPLY OF INSS1440,Firestop/ DC 315,Fire,27.3,AED,Arun stephen ,Quotation
3479,RFQ-3742-V4264A,MACRO,18 Apr 2022,RFQ,British L.K.,W912ER-19-C-0018 Care And Preservation Vehicle Maintenance Facility,RENTAL OF MANLIFT WITH FUEL,Building Materials,Various,450,KWD, ,Order
3480,Q-1192-F11733,FIRESTOP,18 Apr 2022,IQ,Al F.C.,Abu Shagara Project - Sharjah # LPO J16959,"SUPPLY OF CFS01, FP04, D120",Firestop/ DC 315,Fire,4825.8,AED,Habib B.,Order
3481,Q-1192-F11732,FIRESTOP,18 Apr 2022,IQ,Al F.C.,"PROPOSED RESIDENTIAL BUILDING (G+2P+7TYP+R) AT AL FURJAN L.L.C, PLOT NO.AFC 022 LPO# J17073",MEP- PVC PPR EJ,Firestop/ DC 315,Fire,102170.25,AED,Islam S.,Order
3482,Q-3742-V4356,MACRO,18 Apr 2022,IQ,Sahraa A.R.,W912ER-19-C-0018 Care And Preservation Vehicle Maintenance Facility,PROCUREMENT SUPPORT - CN01,Misc.,Various,139200.09,USD, ,Order
3483,Q-1192-F11731,FIRESTOP,18 Apr 2022,IQ,Jpm A.T.,RUKAN TOWER,CIVIL &amp; MEP,Firestop/ DC 315,Fire,146838.3,AED,Islam S.,Quotation
3484,RFQ-1192-V4319,FIRESTOP,18 Apr 2022,RFQ,Fujairah R.F.,MVL FIRESTOP,Slab Without Facing SXXX Density 64kg M3 Thickness 50mm Size 1.2 MtrX.6 Mtr 360 M2.,Building Materials,Various,5197.5,AED, ,Order
3485,Q-1192-F11730,FIRESTOP,18 Apr 2022,IQ,Menasco M.C.,SEVEN TIDES # LPO 102200474,SUPPLY OF CFS01 &amp; D120,Firestop/ DC 315,Fire,3113.25,AED,Arun stephen ,Order
3486,RFQ-3734-S9113,MACRO,14 Apr 2022,RFQ,Sbk O.S.,(QTR-173) W912ER-19-C-0016 CONSOLIDATED SQUADRON OPERATIONS FACILITY,CSOF - Electrical Manpower For 3/4 Days,Subcontract,Services,4200,QAR, ,Order
3487,Q-1192-F11729,FIRESTOP,14 Apr 2022,IQ,Jpm A.T.,SEVEN HOTEL# LPO JPM/MVL/0179/2022,SUPPLY OF INSS1186 5G PAIL,Firestop/ DC 315,Fire,4987.5,AED,Arun stephen ,Order
3488,Q-1192-F11728,FIRESTOP,14 Apr 2022,IQ,Alibtikar A.T.,140422/MVL/IBT/005,SUPPLY OF DC 68,Firestop/ DC 315,Fire,1417.5,AED,Habib B.,Order
3489,Q-1192-F11727,FIRESTOP,12 Apr 2022,IQ,Joseph P.&.,ADNOC  PROJECT,SUPPLY OF INSS2460 BLACK,Firestop/ DC 315,Fire,24150,AED,Muhammad N.,Order
3490,RFQ-5416-S9073,"MVL USA, INC",11 Apr 2022,RFQ,(glv) G.L.,KUW-129.32 W912ER21F0177 CAB HQ,Panel Board Modification To CAB HQ,Subcontract,Services,4873.19,USD, ,Quotation
3491,RFQ-3742-R1501,MACRO,11 Apr 2022,RFQ,Amjad G.G.,W912ER-19-C-0018 Care And Preservation Vehicle Maintenance Facility,RENTAL OF FORKLIFT,Rental,Rental,1400,KWD, ,Order
3492,Q-1192-F11726,FIRESTOP,11 Apr 2022,IQ,Mohd. A.G.,STRUCTURAL SEALANT,SUPPLY OF SGS 6000,Firestop/ DC 315,Fire,11025,AED,Habib B.,Order
3493,Q-1192-F11725,FIRESTOP,08 Apr 2022,IQ,001 C.,"PROPOSED BUILDING AT CITY WALK PHASE 5, ON PLOT NO. 3439519, DUBAI, UAE",CIVIL FIRESTOP SUPPLY,Firestop/ DC 315,Fire,40635,AED,Habib B.,Quotation
3494,Q-1192-F11724,FIRESTOP,07 Apr 2022,IQ,Safety W.,"AL JADA DEVELOPMENT BLOCK J - PHASE 1, PLOT NO.: 7300, RESIDENTIAL BUILDINGS (B+G+5/6+RF) - 8 BLDGS., SHARJAH",MEP PVC PPR EJ,Firestop/ DC 315,Fire,129998.71,AED,Islam S.,Quotation
3495,Q-1005-E7045,MVL Nepal,07 Apr 2022,IQ,Elite P.E.,"Supply &amp; Delivery Of Tracer Wire - Bare Copper - Al Udeid Airbase,Qatar","Supply &amp; Delivery Of Tracer Wire - Bare Copper - Al Udeid Airbase,Qatar",Electrical,Electrical,2115,USD,Mahesh B.,Quotation
3496,Q-1005-A5214,MV LLC,05 Apr 2022,IQ,Impresa P.,"Supply &amp; Delivery Of Aluminum Windows - US NAVFAC/Family Building/ Vicenza, Italy","Supply &amp; Delivery Of Aluminum Windows - US NAVFAC/Family Building/ Vicenza, Italy",Doors,Architectural,0,USD, ,Quotation
3497,Q-1005-V7036,MV LLC,05 Apr 2022,IQ,Impresa P.,Supply &amp; Delivery Of Wall Partition System-Vicenza Family Building-USNAVFAC,Supply &amp; Delivery Of Wall Partition System-Vicenza Family Building-USNAVFAC,Building Materials,Various,0,USD, ,Quotation
3498,Q-1192-F11723,FIRESTOP,05 Apr 2022,IQ,Sigma C.T.,"P07 Al Thumama Complex, Qatar",MEP FIRESTOP SUPPLY,Firestop/ DC 315,Fire,107350,AED,Islam S.,Quotation
3499,Q-1192-F11722,FIRESTOP,05 Apr 2022,IQ,Sigma C.T.,"P07 Al Thumama Complex, Qatar",SUPPLY OF INSS1186 5G PAIL,Firestop/ DC 315,Fire,172000,AED,Islam S.,Quotation
3500,Q-1192-F11721,FIRESTOP,01 Apr 2022,IQ,Jpm A.T.,MAFRAQ MALL # LPO 0174//2022,INSS1440 5G,Firestop/ DC 315,Fire,2887.5,AED,Arun stephen ,Order
3501,RFQ-3742-V4264,MACRO,31 Mar 2022,RFQ,British L.K.,W912ER-19-C-0018 Care And Preservation Vehicle Maintenance Facility,"RENTAL OF MANLIFT WITH FUEL (APRIL 2, 2022  APRIL 16, 2022)",Building Materials,Various,450,KWD, ,Order
3502,Q-1192-F11720,FIRESTOP,31 Mar 2022,IQ,East C.C.,Iris Data Centre/285# LPO 4500007292,SUPPLY OF INSS2460 BLACK,Firestop/ DC 315,Fire,11151,AED,Habib B.,Order
3503,Q-1192-F11719,FIRESTOP,31 Mar 2022,IQ,Insulation D.,DUBAI - VILLA PROJECT),SUPPLY ON NWS- WHITE,Firestop/ DC 315,Fire,182700,AED,Islam S.,Quotation
3504,Q-1192-F11718,FIRESTOP,31 Mar 2022,IQ,001 C.,"PROPOSED B+G+MEZZ.+5P+69F COMMERCIAL &amp; RESIDENTIAL TOWER. PLOT NO.3466861, BUSINESS BAY, DUBAI, UAE",MEP - WITHOUT FLOOR PENETRATION PVC PPR EJ &amp; WITH FLOOR PENETRATION,Firestop/ DC 315,Fire,323484,AED,Habib B.,Quotation
3505,Q-1192-F11717,FIRESTOP,31 Mar 2022,IQ,001 C.,"PROPOSED B+G+MEZZ.+5P+69F COMMERCIAL &amp; RESIDENTIAL TOWER. PLOT NO.3466861, BUSINESS BAY, DUBAI, UAE",MEP - PVC PPR EJ &amp; WITH FLOOR PENETRATION,Firestop/ DC 315,Fire,392784,AED,Habib B.,Quotation
3506,Q-1192-F11716,FIRESTOP,31 Mar 2022,IQ,Technical A.C.,R-1083- PACKAGE A-G+6+R RESIDENTIAL BLDNG-AL WASL- QUSAIS PROJECT,SUPPLY OF INSS0285 5G,Firestop/ DC 315,Fire,882,AED,Arun stephen ,Order
3507,Q-1192-F11715,FIRESTOP,31 Mar 2022,IQ,Door M.T.,CITY OF LIGHTS# LPO 102-2022,SUPPLY OF INSS1440 1 G PAIL,Firestop/ DC 315,Fire,2520,AED,Habib B.,Order
3508,Q-1192-F11714,FIRESTOP,30 Mar 2022,IQ,East C.C.,ADX002600- COMMERCIAL BLDNG- RAHA BEACH C21# LPO 4500007015,SUPPLY OF NEUTRAL WEATHER SEALANT,Firestop/ DC 315,Fire,8137.5,AED,Habib B.,Order
3509,Q-1192-F11713,FIRESTOP,30 Mar 2022,IQ,001 C.,LA VIE # LPO 0011,SUPPLY OF INSS1186 5G PAIL,Firestop/ DC 315,Fire,4200,AED,Habib B.,Order
3510,Q-1192-F11712,FIRESTOP,30 Mar 2022,IQ,Asian I.,BANGLADESH PROJECT# LPO ASI-04042022,"INSS1440- 1G, 600 ML SAUSAGE",Firestop/ DC 315,Fire,23100,AED,Muhammad N.,Order
3511,Q-1192-F11711,FIRESTOP,30 Mar 2022,IQ,General I.,FIRESTOPPING PROJECT,"SUPPLY OF INSS1440, D64- Fire Fighting Normal System",Firestop/ DC 315,Fire,1915.2,AED,Islam S.,Quotation
3512,Q-1192-F11710,FIRESTOP,29 Mar 2022,IQ,East C.C.,RFQ. MR#13878. PR-1100004164 ( For Silicone ) Project : C21 Al Raha,SUPPLY OF NWS 2000,Firestop/ DC 315,Fire,16.27,AED,Habib B.,Quotation
3513,Q-1192-F11709,FIRESTOP,29 Mar 2022,IQ,Evolve C.O.,RFQ-252 Fire Sealant For 2Mockup Villas( Eastern Residence Villas (2 Mockup 5BR &amp; 6BR),Supply Of INSS1186,Firestop/ DC 315,Fire,273,AED,Arun stephen ,Quotation
3514,Q-1192-F11708,FIRESTOP,29 Mar 2022,IQ,Strabag-ozkar J.,Hatta Pumped Storage Hydro Power Plant Project# LPO BRX-PO-2022-007706,"SUPPLY OF INSS1186, D64",Firestop/ DC 315,Fire,3150,AED,Islam S.,Order
3515,Q-1192-F11707,FIRESTOP,28 Mar 2022,IQ,Al B.C.,"PROPOSED G+2P+9 FLOORS RESIDENTIAL &amp; RETAIL BUILDING, PLOT NO: 6455963, WADI AL SAFA 3, DUBAI.# LPO 2022P00100826",SUPPLY OF INSS1440 5G PAIL,Firestop/ DC 315,Fire,1512,AED,Muhammad N.,Order
3516,Q-1192-F11706,FIRESTOP,28 Mar 2022,IQ,Joseph P.&.,FIRESTOPPING PROJECT,SUPPLY OF INSS2460 BLACK,Firestop/ DC 315,Fire,3465,AED,Muhammad N.,Quotation
3517,Q-1192-F11705,FIRESTOP,28 Mar 2022,IQ,Al H.,AL-Mamsha AHJ-572,Supply Of INFS0812,Firestop/ DC 315,Fire,1852.2,AED,Arun stephen ,Order
3518,Q-1192-F11704,FIRESTOP,24 Mar 2022,IQ,Door M.T.,ABUDHABI MARINA MULTIPURPOSE BUILDING# LPO 101-2022,"SUPPLY OF INSS1440, FP05",Firestop/ DC 315,Fire,3034.5,AED,Habib B.,Order
3519,Q-1192-F11703,FIRESTOP,23 Mar 2022,IQ,New S.E.,86-(G+4F+RF) Res Build @ Warsan # LPO 27116,"SUPPLY OF INSS1186, INSS1440, D120",Firestop/ DC 315,Fire,6100.5,AED,Muhammad N.,Order
3520,Q-1192-F11702,FIRESTOP,23 Mar 2022,IQ,Drc I.E.,"DUBAI POLICE WORKSHOP 73, AL NAHDA, DUBAI# LPO DRC/P117/250322/135",Supply Of Fire Stop Materials MEP,Firestop/ DC 315,Fire,1869,AED,Arun stephen ,Order
3521,Q-1192-F11701,FIRESTOP,23 Mar 2022,IQ,Al T.C.,"PROPOSED G+4+GYM COMER. AND RESI. BUILDING, AL BARSHA SOUTH 3RD, PARCEL ID : 6731240",Supply Of Fire Stop Materials - CIVIL,Firestop/ DC 315,Fire,21052.5,AED,Arun stephen ,Quotation
3522,RFQ-4814-V40001,MACRO,23 Mar 2022,RFQ,Al T.T.,QTR 193 - W912ER20R0029 - USACE AEC TRANS REGIONAL LOGISTICS COMPLEX (TLC),BACK FILLING MATERIALS,Building Materials,Various,370000,QAR, ,Order
3523,RFQ-5416-S9072,"MVL USA, INC",22 Mar 2022,RFQ,(glv) G.L.,KUW-129.32 W912ER21F0177 CAB HQ,"Change ATS To MTS, Delete Generator Installation",Subcontract,Services,-12552.28,USD, ,Quotation
3524,Q-1192-F11700,FIRESTOP,22 Mar 2022,IQ,Arabian C.G.,"HOLIDAY INN- 2B+G+29+Mech.Floor Hotel &amp; Residential Building, Plot No.:BB.A06.064 (DM NO.3460155), Business Bay# LPO 2201818",SUPPLY OF SSHOOP,Firestop/ DC 315,Fire,7224,AED,Habib B.,Order
3525,Q-1192-F11699,FIRESTOP,22 Mar 2022,IQ,Jpm A.T.,B+G+4+R RESIDENTAIL BUILDING- EMIRATES SANDS# LPO 0167/03/2022,SUPPLY OF INSS1186 5G PAIL,Firestop/ DC 315,Fire,1496.25,AED,Arun stephen ,Order
3526,Q-1192-F11698,FIRESTOP,22 Mar 2022,IQ,Jpm A.T.,Omis Tower# LPO JPM/MVL/0190/2022,"Supply Of INSS1440, 1186, FP05, D120,CFS01, INFS0812",Firestop/ DC 315,Fire,90885.9,AED,Islam S.,Order
3527,Q-1005-A5213,MV LLC,22 Mar 2022,IQ,Impresa P.,"Supply &amp; Delivery Of Steel Doors - US NAVFAC/Family Building/ Vicenza, Italy","Supply &amp; Delivery Of Steel Doors - US NAVFAC/Family Building/ Vicenza, Italy",Doors,Architectural,663140,USD,Mahesh B.,Quotation
3528,Q-1192-F11697,FIRESTOP,21 Mar 2022,IQ,East C.C.,"Proposed Commercial &amp; Residential Building (2B+G+M+1P+8+1R) On Plot N0 214-0535, AL GARHOUD","SUPPLY OF INSS2460, WEATHER SEALANT",Firestop/ DC 315,Fire,256987.5,AED,Habib B.,Quotation
3529,Q-1192-F11696,FIRESTOP,21 Mar 2022,IQ,Amana C.&.,AJ426 Al Dhafra Airbase Project # LPO J 141302,SUPPLY OF DC360,Firestop/ DC 315,Fire,2782.5,AED,Habib B.,Order
3530,RFQ-5213-V40000,MACRO,21 Mar 2022,RFQ,Naffco K.,KSA-127 W912ER21C0015  Al Kharj Warehouse,FLOW TEST FOR FIRE HYDRANT SYSTEM,Building Materials,Various,11500,SAR, ,Order
3531,Q-1192-F11695,FIRESTOP,21 Mar 2022,IQ,International H.C.,CENTER OF EXCELLENCE SGH DUBAI# LPO 12721,"SUPPLY OF INSS1440, INSS1186, INFS0812",Firestop/ DC 315,Fire,25032,AED,Habib B.,Order
3532,Q-1192-F11694,FIRESTOP,18 Mar 2022,IQ,Glass T.F.,STRUCTURAL SEALANT # LPO /01707/2021,SUPPLY OF SGS 2000 BLACK,Firestop/ DC 315,Fire,4410,AED,Habib B.,Order
3533,Q-1192-F11603A,FIRESTOP,17 Mar 2022,IQ,Door M.T.,FIRESTOPPING PROJECT,Supply Of Fire Stop Materials,Firestop/ DC 315,Fire,3030.3,AED,Habib B.,Cancled
3534,Q-1192-F11693,FIRESTOP,17 Mar 2022,IQ,Safety W.,NEW PRICE LIST,Supply Of Fire Stop Materials,Firestop/ DC 315,Fire,5579.2,AED,Habib B.,Quotation
3535,Q-1192-F11692,FIRESTOP,17 Mar 2022,IQ,Huge B.C.,MUTTAWA TOWER,SUPPLY OF CFS01,Firestop/ DC 315,Fire,1942.5,AED,Muhammad N.,Order
3536,Q-1192-F11691,FIRESTOP,16 Mar 2022,IQ,Ezz-al B.C.,FIRESTOPPING PROJECT- SAUDI PROJECT,SUPPLY OF FB01-15,Firestop/ DC 315,Fire,37500,AED,Islam S.,Quotation
3537,Q-1005-M7044,MACRO,16 Mar 2022,IQ,Elite P.E.,"Supply &amp; Delivery Of Fire Department Connection-TRLC, Qatar","Supply &amp; Delivery Of Fire Department Connection-TRLC, Qatar",Mechanical Items,Mechanical,3306,USD,Mahesh B.,Order
3538,Q-1192-F11690,FIRESTOP,15 Mar 2022,IQ,New S.E.,86-(G+4F+RF) Res Build @ Warsan # LPO 27037,SUPPLY OF INSS1186,Firestop/ DC 315,Fire,1155,AED,Muhammad N.,Order
3539,Q-1192-F11689,FIRESTOP,15 Mar 2022,IQ,Insulation D.,NEW PRICE LIST,Supply Of Fire Stop Materials,Firestop/ DC 315,Fire,5838.64,AED,Habib B.,Quotation
3540,Q-1192-F11688,FIRESTOP,14 Mar 2022,IQ,Lazourdy C.&.,"Staff Accommodation (G+2F+Roof) In Al Dhafra City &ndash; Al Ghuwaifat, Al Dhafra City- Al Ghuwaifat, Plot No.: P1000",Supply Of Fire Stop Materials MEP,Firestop/ DC 315,Fire,18144,AED,Habib B.,Quotation
3541,Q-1192-F11687,FIRESTOP,14 Mar 2022,IQ,Lazourdy C.&.,"Staff Accommodation (G+2F+Roof) In Al Dhafra City &ndash; Al Ghuwaifat, Al Dhafra City- Al Ghuwaifat, Plot No.: P1000",Supply Of Fire Stop Materials - CIVIL,Firestop/ DC 315,Fire,13146,AED,Habib B.,Quotation
3542,Q-1192-F11686,FIRESTOP,14 Mar 2022,IQ,Arki G.D.,JPB/FT/00275 # AL WATHBA 20 BEDROOM VILLA#LPO 2604,"SUPPLY OF INSS1440, D64",Firestop/ DC 315,Fire,913.5,AED,Islam S.,Order
3543,RFQ-3742-V4263,MACRO,14 Mar 2022,RFQ,British L.K.,W912ER-19-C-0018 Care And Preservation Vehicle Maintenance Facility,RENTAL OF MANLIFT WITH FUEL,Building Materials,Various,590,KWD, ,Order
3544,Q-1192-F11685,FIRESTOP,14 Mar 2022,IQ,Jpm A.T.,NEW PRICE LIST,Supply Of Fire Stop Materials,Firestop/ DC 315,Fire,8472.58,AED,Arun stephen ,Quotation
3545,Q-1005-E7044,MV LLC,14 Mar 2022,IQ,Impresa P.,"Supply, Delivery &amp; Installation Of Elevators - US NAVFAC/Family Building/ Vicenza, Italy","Supply, Delivery &amp; Installation Of Elevators - US NAVFAC/Family Building/ Vicenza, Italy",Electrical,Electrical,1301641,USD,Mahesh B.,Quotation
3546,RFQ-4814-S9088,MACRO,14 Mar 2022,RFQ,Staines I.G.,QTR 193 - W912ER20R0029 - USACE AEC TRANS REGIONAL LOGISTICS COMPLEX (TLC),CLADDING MATERIALS,Subcontract,Services,592158,USD, ,Order
3547,Q-1192-F11684,FIRESTOP,14 Mar 2022,IQ,Huge B.C.,MUTTAWA TOWER,SUPPLY OF CFS01 AND D120,Firestop/ DC 315,Fire,1727.25,AED,Muhammad N.,Order
3548,Q-1192-F11683,FIRESTOP,10 Mar 2022,IQ,Hi S.B.,"KHALED BUILDING, PROPOSED BUILDING B+G+7TYP+R , PLOT NO.1241194, LOCATIO : AL MURAQQABAT, UAE, DUBAI.",Supply Of Fire Stop Materials - CIVIL,Firestop/ DC 315,Fire,7602,AED,Muhammad N.,Quotation
3549,Q-1192-F11682,FIRESTOP,10 Mar 2022,IQ,Samra P.C.,"GARDENIA RESIDENTIAL BLDG. B+G+4FL+R, PLOT NO.: JVC 15 S MRA 400, JUMEIRAH VILLAGE DISTRICT 15, DUBAI, UAE",Supply Of Fire Stop Materials MEP,Firestop/ DC 315,Fire,26848.5,AED,Muhammad N.,Quotation
3550,RFQ-1192-F11681,FIRESTOP,10 Mar 2022,RFQ,International F.T.,MVL Firestop,DC360 - 1G Pail,Firestop/ DC 315,Fire,424,USD, ,Quotation
3551,Q-1192-F11680,FIRESTOP,10 Mar 2022,IQ,Safety W.,INTERMASS 3&amp; 4 # LPO 1795,"SUPPLY OF INSS1186, INSS1440",Firestop/ DC 315,Fire,3228.75,AED,Habib B.,Order
3552,RFQ-1192-F11679,FIRESTOP,09 Mar 2022,RFQ,International C.T.,MVL Firestop - Stocks Replenishment,Order No. INCA-20220309-05,Firestop/ DC 315,Fire,20644,USD, ,Order
3553,Q-1192-F11678,FIRESTOP,09 Mar 2022,IQ,Akhtar H.A.,STRUCTURAL SEALANT,SUPPLY OF SGS 2000 BLACK,Firestop/ DC 315,Fire,798,AED,Habib B.,Order
3554,Q-1192-F11677,FIRESTOP,09 Mar 2022,IQ,Square M.C.,3B+G+13F+R Floor Building,Supply Of Fire Stop Materials - CIVIL,Firestop/ DC 315,Fire,51870,AED,Habib B.,Quotation
3555,RFQ-1192-F11676,FIRESTOP,09 Mar 2022,RFQ,Wimpey L.(.,MVL FIRESTOP - TESTING,TESTING OF INSS2460 (USEPA-600/R-93/116 AND  ASTM C518),Firestop/ DC 315,Fire,1207.5,AED, ,Order
3556,Q-1192-F11675,FIRESTOP,08 Mar 2022,IQ,Sahara E.S.,"G+M FACTORY &amp; STORE ON PLOT # 5310643 SAIH SHUAIB 2, DIC, DUBAI",Supply Of Fire Stop Materials,Firestop/ DC 315,Fire,0,AED,Islam S.,Quotation
3557,Q-1192-F11674,FIRESTOP,08 Mar 2022,IQ,Fast B.C.,"Rimal Residences, Proposed G+5 Floor+Roof Residential Development, Plot No.: 967, Al Khan, Al Khaldia, Sharjah",Supply Of Fire Stop Materials MEP,Firestop/ DC 315,Fire,54925.5,AED,Arun stephen ,Quotation
3558,Q-1192-F11673,FIRESTOP,08 Mar 2022,IQ,Fast B.C.,"Rimal Residences, Proposed G+5 Floor+Roof Residential Development, Plot No.: 967, Al Khan, Al Khaldia, Sharjah",Supply Of Fire Stop Materials - CIVIL,Firestop/ DC 315,Fire,24517.5,AED,Arun stephen ,Quotation
3559,Q-1192-F11672,FIRESTOP,08 Mar 2022,IQ,Desert R.C.,ATLANTIS FIRESTOPPING  PROJECT,SUPPLY OF DC68,Firestop/ DC 315,Fire,2031.75,AED,Arun stephen ,Quotation
3560,Q-1192-F11671,FIRESTOP,07 Mar 2022,IQ,Jpm A.T.,BEMCO- AL RAHA # LPO JPM/MVL/0164/2022,"SUPPLY OF INSS1440, FP05,SSHOOP",Firestop/ DC 315,Fire,4819.5,AED,Habib B.,Order
3561,Q-1192-F11670,FIRESTOP,07 Mar 2022,IQ,Jpm A.T.,AL 417 AL MAFRAQ MALL # LPO JPM/MVL/0163/2022- R1,"SUPPLY OF INSS1440,  FP05",Firestop/ DC 315,Fire,2118.9,AED,Arun stephen ,Order
3562,Q-1192-F11669,FIRESTOP,07 Mar 2022,IQ,Jpm A.T.,SEVEN TIDES# LPO JPM/MVL/0161/2022,SUPPLY OF INSS1186 5G PAIL,Firestop/ DC 315,Fire,7481.25,AED,Arun stephen ,Order
3563,Q-1192-F11668,FIRESTOP,07 Mar 2022,IQ,Arabian C.G.,"HOLIDAY INN- 2B+G+29+Mech.Floor Hotel &amp; Residential Building, Plot No.:BB.A06.064 (DM NO.3460155), Business Bay# LPO 2201555",SUPPLY OF INSS1186 - 600 ML SAUSAGE,Firestop/ DC 315,Fire,420,AED,Habib B.,Order
3564,Q-1192-F11667,FIRESTOP,07 Mar 2022,IQ,Four P.B.,"Hotel Building (B+G+M+7 Typ.+ RF), Bur Dubai","SUPPLY OF CFS01, D120",Firestop/ DC 315,Fire,1806,AED,Habib B.,Quotation
3565,Q-1192-F11666,FIRESTOP,07 Mar 2022,IQ,Nascon E.L.,AYKON CITY # LPO 0291-22,SUPPLY OF CFS01,Firestop/ DC 315,Fire,8505,AED,Arun stephen ,Order
3566,Q-1192-F11665,FIRESTOP,04 Mar 2022,IQ,International H.C.,CENTER OF EXCELLENCE SGH DUBAI# LPO 12638,SUPPLY OF D64,Firestop/ DC 315,Fire,4620,AED,Habib B.,Order
3567,Q-1192-F11664,FIRESTOP,04 Mar 2022,IQ,Al A.C.,"AL JADA DEVELOPMENT BLOCK J - PHASE 1, PLOT NO.: 7300, RESIDENTIAL BUILDINGS (B+G+5/6+RF) - 8 BLDGS., SHARJAH",Supply Of Fire Stop Materials - CIVIL,Firestop/ DC 315,Fire,89302.5,AED,Habib B.,Quotation
3568,Q-1192-F11663,FIRESTOP,03 Mar 2022,IQ,001 C.,"MADINAT JUMEIRAH LIVING ASAYEL (PHASE 3A),                         PLOT NO.: 3660509, UMM SUQEIM-3, DUBAI, UAE",Supply Of Fire Stop Materials - CIVIL,Firestop/ DC 315,Fire,75285,AED,Habib B.,Quotation
3569,Q-1192-F11662,FIRESTOP,03 Mar 2022,IQ,Al A.C.,"RESIDENTIAL / COMMERCIAL BUILDING (4 NOS), RAS AL KHIMA PLOT NO.602035110",Supply Of Fire Stop Materials MEP,Firestop/ DC 315,Fire,30854.25,AED,Arun stephen ,Quotation
3570,Q-1192-F11601B,FIRESTOP,03 Mar 2022,IQ,Huge B.C.,MUTTAWA TOWER,"SUPPLY OF CFS01, D120",Firestop/ DC 315,Fire,2362.5,AED,Muhammad N.,Order
3571,Q-1192-F11661,FIRESTOP,03 Mar 2022,IQ,Joseph P.&.,LPO 110724,SUPPLY OF INSS2460 BLACK,Firestop/ DC 315,Fire,693,AED,Muhammad N.,Order
3572,Q-1192-F11660,FIRESTOP,03 Mar 2022,IQ,Minar E.,CABLE PENETRATION,SUPPLY OF FM011,Firestop/ DC 315,Fire,420,AED,Muhammad N.,Quotation
3573,RFQ-4814-V40000,MACRO,03 Mar 2022,RFQ,Engineering S.C.,QTR 193 - W912ER20R0029 - USACE AEC TRANS REGIONAL LOGISTICS COMPLEX (TLC),UPS SYSTEM,Building Materials,Various,63445,QAR, ,Order
3574,Q-1192-F11659,FIRESTOP,02 Mar 2022,IQ,Jeet B.C.,"SEE INSTITUTE PROJECT, PLOT NO.: 6659954, SUSTAINABLE CITY, DUBAI, UAE",Supply Of Fire Stop Materials MEP,Firestop/ DC 315,Fire,6132,AED,Muhammad N.,Quotation
3575,Q-1192-F11658,FIRESTOP,02 Mar 2022,IQ,Jeet B.C.,"SEE INSTITUTE PROJECT, PLOT NO.: 6659954, SUSTAINABLE CITY, DUBAI, UAE",Supply Of Fire Stop Materials - CIVIL,Firestop/ DC 315,Fire,8505,AED,Muhammad N.,Quotation
3576,RFQ-5270-O1,MACRO,02 Mar 2022,RFQ,Accent O.S.,BAH-122-N3319120R4008 Bahrain Mini-Multiple Award Construction Contract (MACC),Brother MFC-T4500DW Inkjet MFP A3 And INK SET,Computer Peripherals,Office Assets,2445.45,AED, ,Order
3577,Q-1192-F11657,FIRESTOP,02 Mar 2022,IQ,Pgs G.C.,"NAD AL SHEBA, BLD NO.6188971, MEYDAN",SUPPLY OF FP05,Firestop/ DC 315,Fire,283.5,AED,Islam S.,Order
3578,Q-1192-F11656,FIRESTOP,02 Mar 2022,IQ,Gutmann M.E.,WEATHER SEALANT,SUPPLY OF NWS 2000,Firestop/ DC 315,Fire,3360,AED,Islam S.,Quotation
3579,Q-1192-F11655,FIRESTOP,01 Mar 2022,IQ,Diamond F.A.,FIRESTOPPING PROJECT,SUPPLY OF INSS2460 BLACK,Firestop/ DC 315,Fire,12600,AED,Arun stephen ,Order
3580,Q-1192-F11654,FIRESTOP,01 Mar 2022,IQ,001 C.,"MADINAT JUMEIRAH LIVING ASAYEL (PHASE 3A),                         PLOT NO.: 3660509, UMM SUQEIM-3, DUBAI, UAE",Supply Of Fire Stop Materials - CIVIL,Firestop/ DC 315,Fire,66150,AED,Habib B.,Cancled
3581,Q-1192-F11653,FIRESTOP,01 Mar 2022,IQ,Al B.G.,FIRESTOPPING PROJECT,Supply Of Fire Stop Materials,Firestop/ DC 315,Fire,3815,AED,Islam S.,Quotation
3582,Q-1192-F11652,FIRESTOP,01 Mar 2022,IQ,001 C.,LA VIE- AL SAHEL # LPO 0010,SUPPLY OF INSS1186 5G PAIL,Firestop/ DC 315,Fire,3150,AED,Habib B.,Order
3583,Q-1192-F11651,FIRESTOP,01 Mar 2022,IQ,001 C.,AL FATTAN- KARAMA- 0009,"SUPPLY OF INSS1186, INSS1440, INFS0812",Firestop/ DC 315,Fire,10416,AED,Habib B.,Order
3584,Q-1192-F11650,FIRESTOP,28 Feb 2022,IQ,Hammada D.C.,FIRESTOPPING PROJECT,SUPPLY OF DC68,Firestop/ DC 315,Fire,1950,AED,Islam S.,Quotation
3585,Q-1192-F11649,FIRESTOP,28 Feb 2022,IQ,Think T.C.,FIRESTOPPING PROJECT,SUPPLY OF DC68,Firestop/ DC 315,Fire,4410,AED,Islam S.,Order
3586,Q-1192-F11648,FIRESTOP,28 Feb 2022,IQ,Jpm A.T.,MASDAR CITY- GHNTOOT-3B+G+11TYP+R# LPO 0160/02/2022,"SUPPLY OF INSS1186,INSS1440, FP05",Firestop/ DC 315,Fire,4691.4,AED,Habib B.,Order
3587,Q-1192-F11647,FIRESTOP,28 Feb 2022,IQ,Jpm A.T.,AL RAHA BEACH -BEMCO #LPO JPM/MVL/157/2022,"SUPPLY OF INSS144, INFS0812",Firestop/ DC 315,Fire,2278.5,AED,Habib B.,Order
3588,Q-1192-F11646,FIRESTOP,25 Feb 2022,IQ,Al F.C.,AFC 130-BUILIDING @BU SHAGARAH- SHARJAH# J16919,SUPPLY OF INSS1440 5G PAIL,Firestop/ DC 315,Fire,819,AED,Habib B.,Order
3589,Q-1192-F11645,FIRESTOP,24 Feb 2022,IQ,Al F.C.,"LABOR ACCOMMODATION B+G+5+R, PLOT NO.: 622-3247, WARSAN SECOND, DUBAI, UAE",Supply Of Fire Stop Materials - CIVIL,Firestop/ DC 315,Fire,14175,AED,Muhammad N.,Quotation
3590,Q-1192-F11644,FIRESTOP,24 Feb 2022,IQ,Emirates S.C.,"COMM. &amp; RESIDENTIAL BUILDING G+2P+12F+R,                          PLOT NO.: 3731409, BARSHA FIRST DUBAI, UAE",Supply Of Fire Stop Materials MEP,Firestop/ DC 315,Fire,55629,AED,Arun stephen ,Quotation
3591,Q-1192-F11536A,FIRESTOP,24 Feb 2022,IQ,Al A.C.,"B+G+11 RESIDENTIAL BUILDING, PLOT NO.: 6488662,WADI AL SAFA 5, DUBAI, UAE# LPO 002/STO/2022/0094",Supply Of Fire Stop Materials MEP &amp; CIVIL,Firestop/ DC 315,Fire,54211.5,AED,Muhammad N.,Order
3592,Q-1192-F11643,FIRESTOP,23 Feb 2022,IQ,Fibrex L.,SULAFA TOWER # LPO F-ALM-AE1803-PUR-39350-2022-R-0,SUPPLY OF INSS2460 BLACK,Firestop/ DC 315,Fire,119700,AED,Habib B.,Order
3593,Q-1005-E7043,MV LLC,23 Feb 2022,IQ,Global S.&.,Supply &amp; Delivery Of Transformers-Nigeria,Supply &amp; Delivery Of Transformers-Nigeria,Electrical,Electrical,8200000,USD,Mahesh B.,Quotation
3594,Q-1005-E7042,MV LLC,23 Feb 2022,IQ,Global S.&.,Supply &amp; Delivery Of Transformers-Nigeria,Supply &amp; Delivery Of Transformers-Nigeria,Electrical,Electrical,10629000,USD,Mahesh B.,Quotation
3595,Q-1192-F11642,FIRESTOP,23 Feb 2022,IQ,Menasco M.C.,"PROPOSED RESIDENTIAL BLDG. (G+4+R), PLOT NO.: 6439764, WADI AL SAFA 2, DUBAI, UAE",Supply Of Fire Stop Materials - CIVIL,Firestop/ DC 315,Fire,3360,AED,Arun stephen ,Quotation
3596,Q-1192-F11641,FIRESTOP,23 Feb 2022,IQ,Menasco M.C.,"PROPOSED RESIDENTIAL BLDG. (G+4+R), PLOT NO.: 6439764, WADI AL SAFA 2, DUBAI, UAE",Supply Of Fire Stop Materials MEP,Firestop/ DC 315,Fire,9091.95,AED,Arun stephen ,Quotation
3597,Q-1192-F11640,FIRESTOP,23 Feb 2022,IQ,Leader L.,FIRESTOPPING PROJECT,SUPPLY OF DC 68,Firestop/ DC 315,Fire,1890,AED,Habib B.,Quotation
3598,Q-1192-F11639,FIRESTOP,23 Feb 2022,IQ,Bond I.L.,FIRESTOPPING PROJECT,SUPPLY OF DC 68,Firestop/ DC 315,Fire,1890,AED,Habib B.,Quotation
3599,RFQ-1569-O27,MACRO,23 Feb 2022,RFQ,Burhani C.T.,MVL Office - IT,ESET Endpoint Protection  Advanced Renewal For A Year,Computer Peripherals,Office Assets,3811.5,AED, ,Order
3600,RFQ-1192-F11638,FIRESTOP,23 Feb 2022,RFQ,International C.T.,MVL FIRESTOP,Order No. INCA-20220223-04 - INSS2460 Fire Barrier Silicone Sealant (BLACK),Firestop/ DC 315,Fire,109500,USD, ,Order
3601,Q-1192-F11637,FIRESTOP,22 Feb 2022,IQ,Technoman C.,"B+G+4+R RESIDENTIAL &amp; COMMERCIAL BUILDING,                       AL WARSAN FIRST, PLOT NO.: 6218675, DUBAI, UAE",Supply Of Fire Stop Materials MEP,Firestop/ DC 315,Fire,22706.25,AED,Ajeesh J.,Quotation
3602,RFQ-1569-O26,MACRO,22 Feb 2022,RFQ,Burhani C.T.,MVL OFFICE - IT,MICROSOFT AZURE SUBSCRIPTION (PAY AS YOU GO),Computer Peripherals,Office Assets,3817.8,AED, ,Order
3603,Q-1192-F11636,FIRESTOP,22 Feb 2022,IQ,Al K.A.,FIRESTOPPING PROJECT,SUPPLY OF INSS2460 BLACK,Firestop/ DC 315,Fire,47250,AED,Habib B.,Quotation
3604,Q-1192-F11635,FIRESTOP,21 Feb 2022,IQ,Emirates S.C.,"PROPOSED B+G+4+R RESIDENTIAL BUILDING, PLOT NO.: 6439720, WADI AL SAFA 2, DUBAI, UAE (2 Buildings Typ.)",Supply Of Fire Stop Materials - CIVIL,Firestop/ DC 315,Fire,6174,AED,Arun stephen ,Quotation
3605,Q-1192-F11634,FIRESTOP,21 Feb 2022,IQ,Al H.,SITE 572 MAMASHA 33 BUILDINGS# LPO 2006179,SUPPLY OF INSS1440,Firestop/ DC 315,Fire,26989.2,AED,Arun stephen ,Order
3606,Q-1192-F11633,FIRESTOP,21 Feb 2022,IQ,Jpm A.T.,"AJ 417 AL MAFRAQ MALL , ABUDHABI # LPO JPM/MVL/0156/2022","SUPPLY OF INSS1440, INFS0812",Firestop/ DC 315,Fire,1228.5,AED,Arun stephen ,Order
3607,Q-1192-F11632,FIRESTOP,21 Feb 2022,IQ,Al R.C.,"PROPOSED LABOUR ACCOMMODATION G+2+ROOF ONLY,MUHAISANAH, DUBAI, UAE.PLOT NO. 2640568",Supply Of Fire Stop Materials MEP,Firestop/ DC 315,Fire,30759.75,AED,Islam S.,Quotation
3608,Q-1192-F11631,FIRESTOP,21 Feb 2022,IQ,Rise a.S.,PROJECT IN SHARJAH,SUPPLY OF INSS1186 5G PAIL,Firestop/ DC 315,Fire,682.5,USD,Islam S.,Quotation
3609,Q-1192-F11630,FIRESTOP,21 Feb 2022,IQ,Al F.G.,"Commercial Building (2B+GF+8 Typ.+ RF), Al Raha Beach,                     Sector : RBW7, Plot - C25, Abu Dhabi#  # LPO 18776",SUPPLY OF CFS01 &amp; D120,Firestop/ DC 315,Fire,7245,AED,Habib B.,Order
3610,Q-1192-F11629,FIRESTOP,21 Feb 2022,IQ,Safety W.,"INTERMASS, MISK 3&amp;4 3 LPO 1781",SUPPLY OF INSS1440 5G PAIL,Firestop/ DC 315,Fire,1732.5,AED,Habib B.,Order
3611,RFQ-1192-F11628,FIRESTOP,21 Feb 2022,RFQ,Wimpey L.(.,MVL FIRESTOP,"TESTING FOR ESTIDAMA_NWS2000, SGS6000",Firestop/ DC 315,Fire,2415,AED, ,Order
3612,Q-1192-F11627,FIRESTOP,18 Feb 2022,IQ,International H.C.,CENTER OF EXCELLENCE SGH DUBAI# LPO 12506,"SUPPLY OF INSS1186, INSS1440, D64",Firestop/ DC 315,Fire,8694,AED,Habib B.,Order
3613,RFQ-1192-F11626,FIRESTOP,17 Feb 2022,RFQ,International C.T.,MVL Firestop,INSS2460 Fire Barrier Silicone Sealant (BLACK) Packed: 20Fl.Oz/Pc; 20Pcs/Box,Firestop/ DC 315,Fire,21024,USD, ,Order
3614,Q-1192-F11625,FIRESTOP,17 Feb 2022,IQ,Fine E.F.,FIRESTOPPING PROJECT,SUPPLY OF DC68,Firestop/ DC 315,Fire,1890,AED,Habib B.,Quotation
3615,Q-1192-F11624,FIRESTOP,17 Feb 2022,IQ,New S.E.,85 - ( G+2P+7F+R) RES.BUILD- SATWA,"SUPPLY OF D120, CFS01, STEEL CLAMP",Firestop/ DC 315,Fire,2866.5,AED,Muhammad N.,Order
3616,Q-1192-F11623,FIRESTOP,16 Feb 2022,IQ,Allied V.E.,PRIVATE VILLA THEYAB AL NAHYAN &ndash; ABU DHABI,"SUPPLY OF INSS2460, FB01-15",Firestop/ DC 315,Fire,16485,AED,Habib B.,Order
3617,Q-1192-F11622,FIRESTOP,16 Feb 2022,IQ,Arabian S.M.,FIRESTOPPING PROJECT,SUPPLY OF INSS1186,Firestop/ DC 315,Fire,675,AED,Islam S.,Quotation
3618,Q-1192-F11621,FIRESTOP,16 Feb 2022,IQ,001 C.,AL FATTAN- KARAMA# LPO 0008,"SUPPLY OF INSS1186, INSS1440, INFS0812",Firestop/ DC 315,Fire,2772,AED,Habib B.,Order
3619,RFQ-1192-V4318,FIRESTOP,16 Feb 2022,RFQ,Fujairah R.F.,MVL Firestop,Slab Without Facing SXXX Density 64kg M3 Thickness 50mm Size 1.2 MtrX.6 Mtr 360 M2,Building Materials,Various,4921.56,AED, ,Order
3620,Q-1192-F11604A,FIRESTOP,16 Feb 2022,IQ,Al F.C.,Abu Shagara Project - Sharjah# LPO J16907,Supply Of Fire Stop Materials MEP,Firestop/ DC 315,Fire,4754.4,AED,Habib B.,Order
3621,Q-1192-F11620,FIRESTOP,15 Feb 2022,IQ,New V.A.,PAKISTAN PROJECT,SUPPLY OF NWS 2000,Firestop/ DC 315,Fire,295312.5,AED,Habib B.,Quotation
3622,Q-1192-F11619,FIRESTOP,15 Feb 2022,IQ,Alu G.S.,"Banque Du Caire- New Capitak, Egypt",SUPPLY OF INSS1186 5G PAIL,Firestop/ DC 315,Fire,13704.45,USD,Islam S.,Quotation
3623,Q-1192-F11617,FIRESTOP,15 Feb 2022,IQ,Belco E.,DUBAI ISLAMIC BANK # LPO 013238,SUPPLY OF INSS1440 5G PAIL,Firestop/ DC 315,Fire,1701,AED,Muhammad N.,Order
3624,Q-1192-F11616,FIRESTOP,15 Feb 2022,IQ,Hajar T.A.,BAHRAIN SMELTER PLANT PROJECT,WOODEN CRATE,Firestop/ DC 315,Fire,600,USD,Raquel I.,Order
3625,Q-3742-V4355,MACRO,15 Feb 2022,IQ,Sahraa A.R.,W912ER-19-C-0018 Care And Preservation Vehicle Maintenance Facility,PROCUREMENT SUPPORT - CN 02 &amp; 15,Misc.,Various,59264.6,USD, ,Order
3626,Q-1192-F11615,FIRESTOP,15 Feb 2022,IQ,East C.C.,IRIS DATA CENTER_PO # 4500006539,SUPPLY OF INSS2460 BLACK,Firestop/ DC 315,Fire,5565,AED,Habib B.,Order
3627,Q-1192-F11614,FIRESTOP,14 Feb 2022,IQ,Joseph P.&.,FIRESTOPPING PROJECT # LPO 110168,SUPPLY OF INSS2460 BLACK,Firestop/ DC 315,Fire,1732.5,AED,Muhammad N.,Order
3628,Q-1192-F11601A,FIRESTOP,14 Feb 2022,IQ,Huge B.C.,MUTTAWA TOWER,"SUPPLY OF CFS01, D120",Firestop/ DC 315,Fire,2572.5,AED,Muhammad N.,Order
3629,Q-1192-F11613,FIRESTOP,14 Feb 2022,IQ,Jpm A.T.,SEVEN HOTEL# LPO JPM/MVL/0153/2022,SUPPLY OF INSS1186 5G PAIL,Firestop/ DC 315,Fire,7481.25,AED,Arun stephen ,Order
3630,Q-1192-F11612,FIRESTOP,10 Feb 2022,IQ,Al M.C.,"PROPOSED NEW GROUND + MEZZANINE + 7 TYPICAL FLOOR + ROOF COMMERCIAL / RESIDENTIAL BUILDING ON SECTOR - ME-9, PLOT - C -142, MOHAMMED BIN ZAYED CITY - ABU DHABI",Supply Of Fire Stop Materials - CIVIL,Firestop/ DC 315,Fire,7749,AED,Habib B.,Quotation
3631,Q-1192-F11611,FIRESTOP,10 Feb 2022,IQ,Fast B.C.,"PROPOSED COMMERCIAL / RESIDENTIAL / OFFICE BLDG. (G+2P+9FL+R), Plot No.: 2470260, Al Qusais Ind., Dubai, UAE",Supply Of Fire Stop Materials CIVIL &amp;  MEP,Firestop/ DC 315,Fire,69422.52,AED,Ajith S.,Quotation
3632,Q-1192-F11610,FIRESTOP,10 Feb 2022,IQ,Fast E.M.,"PROPOSED COMMERCIAL / RESIDENTIAL / OFFICE BLDG. (G+2P+9FL+R), Plot No.: 2470260, Al Qusais Ind., Dubai, UAE",Supply Of Fire Stop Materials - CIVIL,Firestop/ DC 315,Fire,20748,AED,Arun stephen ,Quotation
3633,Q-1192-F11609,FIRESTOP,10 Feb 2022,IQ,Unesia A.C.,STRUCTURAL &amp; WEATHER SEALANT,SUPPLY OF SGS 6000 &amp; NWS 2000,Firestop/ DC 315,Fire,43.05,AED,Islam S.,Quotation
3634,Q-1192-F11608,FIRESTOP,10 Feb 2022,IQ,New S.E.,86 - G+4F+RF- RES BUILD WARSAN # LPO 26664,"SUPPLY OF INSS1440, D64",Firestop/ DC 315,Fire,1900.5,AED,Muhammad N.,Order
3635,Q-1192-F11607,FIRESTOP,09 Feb 2022,IQ,Graphics T.L.,FIRESTOPPING PROJECT,SUPPLY OF INSS1440,Firestop/ DC 315,Fire,960,AED,Islam S.,Quotation
3636,Q-1192-F11606,FIRESTOP,08 Feb 2022,IQ,Sahara E.S.,"G+M FACTORY  &amp; STORE ON PLOT  # 5310643 SAIH SHUAIB 2, DIC, DUBAI",Supply Of Fire Stop Materials MEP,Firestop/ DC 315,Fire,12547.5,AED,Islam S.,Quotation
3637,Q-1192-F11605,FIRESTOP,08 Feb 2022,IQ,Bravo C.L.,RESIDENTIAL APARTMENT BUILDING B+G+ 4+ ROOF#LPO J-145/AW-8437/028/2022,"SUPPLY OF INSS1186 , D64",Firestop/ DC 315,Fire,13797,AED,Ajith S.,Order
3638,Q-1192-F11604,FIRESTOP,07 Feb 2022,IQ,Al F.C.,Abu Shagara Project - Sharjah,Supply Of Fire Stop Materials MEP,Firestop/ DC 315,Fire,10693.2,AED,Habib B.,Quotation
3639,Q-1192-F11603,FIRESTOP,07 Feb 2022,IQ,Door M.T.,FIRESTOPPING PROJECT,Supply Of Fire Stop Materials,Firestop/ DC 315,Fire,3182.55,AED,Habib B.,Quotation
3640,Q-1192-F11602,FIRESTOP,07 Feb 2022,IQ,Firetech I.L.,FIRESTOPPING PROJECT,"SUPPLY OF INSS2460, SSCI",Firestop/ DC 315,Fire,13521,USD,Islam S.,Quotation
3641,Q-1192-F11601,FIRESTOP,07 Feb 2022,IQ,Huge B.C.,MUTTAWA TOWER,"SUPPLY OF CFS01, D120",Firestop/ DC 315,Fire,1181.25,AED,Muhammad N.,Order
3642,RFQ-4814-E6801,MACRO,07 Feb 2022,RFQ,Creo L.C.,QTR 193 - W912ER20R0029 - USACE AEC TRANS REGIONAL LOGISTICS COMPLEX (TLC),LIGHT FITTINGS (SAMPLES),Electrical,Electrical,7300,QAR, ,Order
3643,Q-1192-F11600,FIRESTOP,07 Feb 2022,IQ,Sultan I.,FIRESTOPPING PROJECT,SUPPLY OF SSCI,Firestop/ DC 315,Fire,15645,AED,Muhammad N.,Quotation
3644,Q-1192-F11599,FIRESTOP,04 Feb 2022,IQ,Fibrex L.,"Shamd Reflection, Al Reem Island &ndash; Abu Dhabi# F-CON-ALD003-PUR-38651-2022-R-0",SUPPLY OF INSS2460 DARK GREY,Firestop/ DC 315,Fire,5355,AED,Habib B.,Order
3645,Q-1192-F11598,FIRESTOP,03 Feb 2022,IQ,Manycon T.&.,QATAR ARMY,SUPPLY OF INSS1186 5G PAIL,Firestop/ DC 315,Fire,77000,AED,Islam S.,Quotation
3646,Q-1192-F11597,FIRESTOP,03 Feb 2022,IQ,Technoman C.,"B+G+4+R RESIDENTIAL &amp; COMMERCIAL BUILDING, AL WARSAN FIRST, PLOT NO.: 6218675, DUBAI, UAE",Supply Of Fire Stop Materials MEP,Firestop/ DC 315,Fire,26304.6,AED,Ajeesh J.,Quotation
3647,RFQ-1192-F11596,FIRESTOP,03 Feb 2022,RFQ,Wimpey L.(.,MVL FIRESTOP,TESTING CDPH (INSS1186 And INSS1440),Firestop/ DC 315,Fire,12600,AED, ,Order
3648,Q-1192-F11595,FIRESTOP,03 Feb 2022,IQ,Levant S.T.,Otantik Restaurant,"Supply Of INSS1440, D64",Firestop/ DC 315,Fire,533.4,AED,Arun stephen ,Order
3649,Q-1005-A5212,MV LLC,03 Feb 2022,IQ,Belmark ,Supply &amp; Delivery Of Steel Doors-N3319121F4297 DESIGN BUILD PRE-ENG BLDGS WATERFRONT UAE,Supply &amp; Delivery Of Steel Doors-N3319121F4297 DESIGN BUILD PRE-ENG BLDGS WATERFRONT UAE,Doors,Architectural,8686.7,USD, ,Quotation
3650,Q-1192-F11594,FIRESTOP,02 Feb 2022,IQ,Dutco C.C.,WEATHER SEALANT,SUPPLY OF NWS 2000,Firestop/ DC 315,Fire,5880,AED,Islam S.,Quotation
3651,Q-1192-F11593,FIRESTOP,02 Feb 2022,IQ,Al A.G.,"GOVERNMENT OF UAE, MTFPB",SUPPLY OF DC68,Firestop/ DC 315,Fire,115762.5,AED,Habib B.,Quotation
3652,Q-1192-F11592,FIRESTOP,02 Feb 2022,IQ,Safety W.,INTERMASS MISK 3 &amp; 4 # 1764,SUPPLY OF INSS1186 5G PAIL,Firestop/ DC 315,Fire,4987.5,AED,Habib B.,Order
3653,Q-1192-F11591,FIRESTOP,02 Feb 2022,IQ,Glass T.F.,GLASS PROCESSING PLANT# LPO 01671/2022,SUPPLY OF SGS 2000 BLACK,Firestop/ DC 315,Fire,4410,AED,Habib B.,Order
3654,Q-1192-F11590,FIRESTOP,02 Feb 2022,IQ,Jpm A.T.,SEVEN TIDES #LPO JPM/MVL/0150/2022,SUPPLY OF INSS1186 5G PAIL,Firestop/ DC 315,Fire,4987.5,AED,Arun stephen ,Order
3655,Q-1192-F11589,FIRESTOP,02 Feb 2022,IQ,Al H.,Sharjah Airport Cargo Terminal Expansion,Supply Of Fire Stop Materials,Firestop/ DC 315,Fire,1835.4,AED,Arun stephen ,Quotation
3656,Q-1192-F11588,FIRESTOP,02 Feb 2022,IQ,001 C.,"PROPOSED SCHOOL, PLOT NO.AFSC01, AL FURJAN, DUBAI, UAE",Supply Of Fire Stop Materials MEP,Firestop/ DC 315,Fire,15093.75,AED,Habib B.,Quotation
3657,Q-1192-F11587,FIRESTOP,01 Feb 2022,IQ,Safety W.,INTERMASS MISK 3 &amp; 4 # LPO 1763,SUPPLY OF INFS0812,Firestop/ DC 315,Fire,1470,AED,Habib B.,Order
3658,Q-1192-F11586,FIRESTOP,01 Feb 2022,IQ,Asian I.,FIRESTOPPING PROJECT# LPO ASI-220222,"SUPPLY OF INSS1440, FP04",Firestop/ DC 315,Fire,9220,AED,Muhammad N.,Order
3659,Q-1192-F11585,FIRESTOP,01 Feb 2022,IQ,Fast E.M.,"PROPOSED G+2+R BOOK STORE, PLOT NO.: 84,           UNIVERSITY CITY, SHARJAH",Supply Of Fire Stop Materials MEP,Firestop/ DC 315,Fire,13188,AED,Arun stephen ,Quotation
3660,Q-1192-F11584,FIRESTOP,01 Feb 2022,IQ,Fast E.M.,"PROPOSED G+2+R BOOK STORE, PLOT NO.: 84,           UNIVERSITY CITY, SHARJAH",Supply Of Fire Stop Materials - CIVIL,Firestop/ DC 315,Fire,11287.5,AED,Arun stephen ,Quotation
3661,Q-1192-F11583,FIRESTOP,31 Jan 2022,IQ,Twin T.I.,FIRESTOPPING PROJECT,SUPPLY OF DC6150,Firestop/ DC 315,Fire,100000,USD,Islam S.,Quotation
3662,RFQ-1192-F11582,FIRESTOP,28 Jan 2022,RFQ,International C.T.,MVL Firestop,INCA - 2nd Order - 2022 - Order No. INCA-20220128-02,Firestop/ DC 315,Fire,31270,USD, ,Order
3663,Q-1192-F11581,FIRESTOP,27 Jan 2022,IQ,Manycon T.&.,FIRESTOPPING PROJECT,SUPPLY OF DC68,Firestop/ DC 315,Fire,110500,AED,Islam S.,Quotation
3664,Q-3734-V4273J,MACRO,27 Jan 2022,IQ,Metron C.&.,(QTR-173) W912ER-19-C-0016 CONSOLIDATED SQUADRON OPERATIONS FACILITY,PROCUREMENT SUPPORT FOR - 3734 - CSOF - METRON,Building Materials,Various,404975.75,USD, ,Order
3665,RFQ-4814-M4104,MACRO,27 Jan 2022,RFQ,Carrier S.C.,QTR 193 - W912ER20R0029 - USACE AEC TRANS REGIONAL LOGISTICS COMPLEX (TLC),CHILLER PUMPS PANEL,Mechanical Items,Mechanical,62040,QAR, ,Order
3666,Q-1192-F11580,FIRESTOP,27 Jan 2022,IQ,Al S.G.,"Ahad Residence 5B+G+30+RF, Business Bay, Dubai",SUPPLY OF INSS2460 BEIGE,Firestop/ DC 315,Fire,91350,AED,Islam S.,Quotation
3667,Q-1192-F11579,FIRESTOP,27 Jan 2022,IQ,Edge P.C.,"G+6 Typical Floors + Roof Floor Residential Building, Plot No.: RB-77, Dubai South, Dubai, UAE",SUPPLY OF MVL FIRESTOP MATERIALS,Firestop/ DC 315,Fire,35306.25,AED,Arun stephen ,Quotation
3668,Q-1192-F11578,FIRESTOP,26 Jan 2022,IQ,High S.C.,"RESIDENTIAL COMMERCIAL BUILDING B+G+5+R ON PLOT NO.JVC13PMRA006, JVC, DUBAI.",Supply Of Fire Stop Materials - CIVIL,Firestop/ DC 315,Fire,19656,AED,Muhammad N.,Quotation
3669,Q-1192-F11577,FIRESTOP,26 Jan 2022,IQ,Emirates F.F.,FIRESTOPPING PROJECT,SUPPLY OF INSS2460 BLACK,Firestop/ DC 315,Fire,168000,AED,Gilbert J.,Quotation
3670,Q-1192-F11576,FIRESTOP,26 Jan 2022,IQ,Jpm A.T.,MAFRAQ MALL # LPO 0146/01/2022,SUPPLY OF INSS1440 5G PAIL,Firestop/ DC 315,Fire,2310,AED,Arun stephen ,Order
3671,Q-1192-F11575,FIRESTOP,25 Jan 2022,IQ,Al S.G.,FIRESTOPPING PROJECT,SUPPLY OF INSS2460 RAL 9002,Firestop/ DC 315,Fire,35280,AED,Islam S.,Quotation
3672,Q-1192-F11574,FIRESTOP,25 Jan 2022,IQ,Emirates S.C.,"COMM. &amp; RESIDENTIAL BUILDING G+2P+12F+R, Plot No. 3731409 BARSHA FIRST DUBAI, UAE",Supply Of Fire Stop Materials - CIVIL,Firestop/ DC 315,Fire,23205,AED,Arun stephen ,Quotation
3673,Q-1192-F11573,FIRESTOP,25 Jan 2022,IQ,Emirates S.C.,"COMM. &amp; RESIDENTIAL BUILDING G+2P+12F+R, Plot No. 3731409 BARSHA FIRST DUBAI, UAE",Supply Of Fire Stop Materials - CIVIL,Firestop/ DC 315,Fire,23625,AED,Arun stephen ,Quotation
3674,Q-1192-F11572,FIRESTOP,24 Jan 2022,IQ,Eagle S.I.,FIRESTOPPING PROJECT,Supply Of Fire Stop Materials,Firestop/ DC 315,Fire,1708.2,USD,Islam S.,Quotation
3675,Q-1192-F11571,FIRESTOP,24 Jan 2022,IQ,Al R.E.,LPO POHO-22-00943,SUPPLY OF INSS1440 5G PAIL,Firestop/ DC 315,Fire,7665,AED,Arun stephen ,Order
3676,Q-1192-F11570,FIRESTOP,24 Jan 2022,IQ,East C.C.,RFQ. MR#13632 (2) Silicone - Project@ MBZ C05/021,SUPPLY OF NWS 2000,Firestop/ DC 315,Fire,46331.25,AED,Habib B.,Quotation
3677,Q-1192-F11569,FIRESTOP,24 Jan 2022,IQ,Tiger C.C.,Regina P242-WEATHER SEALANT,SUPPLY OF NWS,Firestop/ DC 315,Fire,25410,AED,Islam S.,Quotation
3678,Q-1192-F11568,FIRESTOP,24 Jan 2022,IQ,Glass T.F.,STRUCTURAL  SEALANT &amp; GUN FOR SAUSAGE,SUPPLY OF SGS 6000,Firestop/ DC 315,Fire,987,AED,Habib B.,Order
3679,Q-1192-F11567,FIRESTOP,24 Jan 2022,IQ,Deep S.S.,ADNOC PROJECT # LPO DSS-PO-MVL-005-22,SUPPLY OF INSS1440,Firestop/ DC 315,Fire,144.9,AED,Habib B.,Order
3680,Q-1192-F11566,FIRESTOP,20 Jan 2022,IQ,001 C.,"LA VIE TOWER (B+G+36 FLOORS + ROOF), MARSA DUBAI - JBR, PLOT NO.3920529# LPO 0007",SUPPLY OF INSS1186 5G PAIL,Firestop/ DC 315,Fire,3150,AED,Habib B.,Order
3681,Q-1192-F11565,FIRESTOP,20 Jan 2022,IQ,Fabco A.M.,Abudhabi Project,SUPPLY OF INSS2460 BLACK,Firestop/ DC 315,Fire,8583.75,AED,Muhammad N.,Quotation
3682,Q-1192-F11564,FIRESTOP,20 Jan 2022,IQ,Global H.a.,FIRESTOPPING PROJECT,SUPPLY OF INSS1440 5G PAIL,Firestop/ DC 315,Fire,8400,AED,Habib B.,Quotation
3683,Q-1192-F11563,FIRESTOP,19 Jan 2022,IQ,001 C.,"PROPOSED B+G+MEZZ.+5P+69F COMMERCIAL &amp; RESIDENTIAL TOWER. PLOT NO.3466861, BUSINESS BAY, DUBAI, UAE",Supply Of Fire Stop Materials - CIVIL,Firestop/ DC 315,Fire,95025,AED,Habib B.,Quotation
3684,Q-1192-F11562,FIRESTOP,19 Jan 2022,IQ,Out o.t.,WEDDING JOB# LPO 1331-2022,SUPPLY OF DC68,Firestop/ DC 315,Fire,4935,AED,Ramshad K.,Order
3685,Q-1192-F11561,FIRESTOP,18 Jan 2022,IQ,Mm S.C.,IHHN HB-01 BLDG PAKISTAN,SUPPLY OF MVL FIRESTOP MATERIALS,Firestop/ DC 315,Fire,89925,AED,Muhammad N.,Quotation
3686,RFQ-4814-E6800,MACRO,17 Jan 2022,RFQ,Creo L.C.,QTR 193 - W912ER20R0029 - USACE AEC TRANS REGIONAL LOGISTICS COMPLEX (TLC),VARIOUS LIGHTING FIXTURES,Electrical,Electrical,328075,QAR, ,Order
3687,Q-1192-F11560,FIRESTOP,17 Jan 2022,IQ,Tiger C.C.,Rejina Tower,SUPPLY OF NWS 2000,Firestop/ DC 315,Fire,1942.5,AED,Islam S.,Quotation
3688,Q-1192-F11559,FIRESTOP,14 Jan 2022,IQ,Tiger C.C.,"BLUE WAVE P327, DUBAI LAND",SUPPLY OF INSS2460 WHITE &amp; BLACK,Firestop/ DC 315,Fire,1041600,AED,Islam S.,Quotation
3689,Q-1192-F11558,FIRESTOP,13 Jan 2022,IQ,Al Q.G.,"Lift Frame &amp; Wall-Gate Tower, Sharjah, UAE","SUPPLY OF INSS1440, FP04",Firestop/ DC 315,Fire,580912.5,AED,Muhammad N.,Quotation
3690,Q-1192-F11557,FIRESTOP,13 Jan 2022,IQ,Al S.A.,"RESIDENTIAL BUILDING, 2B+G+4 TYPICAL, PLOT NO.: JVC15NMRA100, JUMEIRAH VILLAGE COMMUNITY, DUBAI",Supply Of Fire Stop Materials - CIVIL,Firestop/ DC 315,Fire,44152.5,AED,Islam S.,Quotation
3691,Q-1192-F11556,FIRESTOP,13 Jan 2022,IQ,Safety W.,"MISK 3,4 # LPO 1757",SUPPLY OF CFS01,Firestop/ DC 315,Fire,2730,AED,Habib B.,Order
3692,Q-1192-F11555,FIRESTOP,13 Jan 2022,IQ,Mep G.E.,FIRESTOPPING PROJECT,SUPPLY OF FB01-15,Firestop/ DC 315,Fire,630,AED,Muhammad N.,Quotation
3693,Q-1192-F11554,FIRESTOP,13 Jan 2022,IQ,Eastern I.L.,"PROPOSED (G+3) BUILDING (ISCS SCHOOL NADD AL SHIBA-PHASE3) NADD AL SHIBA THIRD DUBAI, UAE PLOT NO.6166779",Supply Of Fire Stop Materials MEP,Firestop/ DC 315,Fire,17955,AED,Arun stephen ,Quotation
3694,Q-1192-F11553,FIRESTOP,13 Jan 2022,IQ,Eastern I.L.,INTERNATIONAL SCHOOL OF CREATIVE SCIENCE NAAD AL SHIBA - PHASE 3,Supply Of Fire Stop Materials - CIVIL,Firestop/ DC 315,Fire,12022.5,AED,Arun stephen ,Quotation
3695,Q-1192-F11552,FIRESTOP,12 Jan 2022,IQ,Al A.C.,"ONE TYPICAL FLOOR QUANTITY- BUILDING (B+G+M+P+20+R), PLOT NO.: 314020224, RAK, DAFFAN",Supply Of Fire Stop Materials MEP,Firestop/ DC 315,Fire,3755.85,AED,Arun stephen ,Quotation
3696,Q-1192-F11551,FIRESTOP,12 Jan 2022,IQ,Team E.E.,G+P+10 RETAIL AND RESIDENTIAL BUILDING ON                      PLOT NO.: AFC009 AT JABAL ALI FIRST - DUBAI,Supply Of Fire Stop Materials - CIVIL,Firestop/ DC 315,Fire,42157.5,AED,Habib B.,Quotation
3697,Q-1192-F11550,FIRESTOP,12 Jan 2022,IQ,Jpm A.T.,1B+G+8TYP-DO BUY HOMES- CITY NIGHT# LPO JPM/MVL/0144/2022,"SUPPLY OF INSS1186, INSS1440",Firestop/ DC 315,Fire,2257.5,AED,Habib B.,Order
3698,Q-1192-F11549,FIRESTOP,12 Jan 2022,IQ,Efs E.L.,FIRESTOPPING PROJECT- ISRAEL,"SUPPLY OF SCCI, INFS0812, DC68",Firestop/ DC 315,Fire,449,USD,Islam S.,Quotation
3699,Q-1192-F11548,FIRESTOP,11 Jan 2022,IQ,Alibtikar A.T.,FIRESTOPPING PROJECT# LPO 110122/MVL/IBT/004,SUPPLY OF DC68,Firestop/ DC 315,Fire,7087.5,AED,Habib B.,Order
3700,Q-1192-F11547,FIRESTOP,11 Jan 2022,IQ,Fuji A.&.,FIRESTOPPING  &amp; GENERAL PROJECT,"SUPPLY OF INSS2460 BLACK,NWS &amp; SGS",Firestop/ DC 315,Fire,71.4,AED,Islam S.,Quotation
3701,RFQ-1192-F11546,FIRESTOP,11 Jan 2022,RFQ,International C.T.,MVL Firestop,Fire Barrier Foam US150A 14kg/pail And 6kg/pail,Firestop/ DC 315,Fire,14000,USD, ,Order
3702,Q-1192-F11545,FIRESTOP,10 Jan 2022,IQ,International H.C.,CENTER OF EXCELLENCE SGH DUBAI# LPO 12229,SUPPLY OF INSS1440,Firestop/ DC 315,Fire,9996,AED,Habib B.,Order
3703,Q-1192-F11544,FIRESTOP,10 Jan 2022,IQ,Sharfil T.W.,LIWA PUMPING STATION # LPO 1003/2022,"SUPPLY OF INSS1186, D64",Firestop/ DC 315,Fire,3856.65,AED,Habib B.,Order
3704,Q-1192-F11543,FIRESTOP,06 Jan 2022,IQ,Al F.A.,DATA CENTRE_PO# 6592,SUPPLY OF INSS2460 BLACK,Firestop/ DC 315,Fire,117600,AED,Muhammad N.,Order
3705,Q-1192-F11542,FIRESTOP,06 Jan 2022,IQ,Mep G.E.,STRUCTURAL &amp; WEATHER SEALANT,SUPPLY OF SGS 6000 &amp; NWS 2000,Firestop/ DC 315,Fire,46.2,AED,Muhammad N.,Quotation
3706,Q-1192-F11541,FIRESTOP,05 Jan 2022,IQ,Jpm A.T.,1B+G+8TYP-DO BUY HOMES- CITY NIGHT# LPO JPM/MVL/0142/2022,"SUPPLY OF INSS1186, INSS1440",Firestop/ DC 315,Fire,3176.25,AED,Habib B.,Order
3707,Q-1192-F11540,FIRESTOP,05 Jan 2022,IQ,East C.C.,IRIS DATA CENTER_PO # 4500006161,SUPPLY OF INSS2460 BLACK,Firestop/ DC 315,Fire,11130,AED,Habib B.,Order
3708,Q-1192-F11539,FIRESTOP,04 Jan 2022,IQ,Jpm A.T.,SEVEN TIDES # LPO JPM/MVL/0141/2021,SUPPLY OF INSS1186 5G PAIL,Firestop/ DC 315,Fire,4987.5,AED,Arun stephen ,Order
3709,RFQ-1192-S9073,FIRESTOP,04 Jan 2022,RFQ,Sel C.R.,MVL Firestop,Nissan Kicks ( Mini Suv) 2019. Monthly Rental - Islam,Subcontract,Services,2310,AED, ,Order
3710,Q-1192-F11538,FIRESTOP,04 Jan 2022,IQ,Minar E.,MARINE CABLE FIRESTOP,SUPPLY OF FM011,Firestop/ DC 315,Fire,367.5,AED,Muhammad N.,Quotation
3711,Q-1192-F11537,FIRESTOP,04 Jan 2022,IQ,Al A.C.,"B+G+11 RESIDENTIAL BUILDING, PLOT NO.: 6488662,                    WADI AL SAFA 5, DUBAI, UAE",Supply Of Fire Stop Materials - CIVIL,Firestop/ DC 315,Fire,18900,AED,Muhammad N.,Quotation
3712,Q-1192-F11536,FIRESTOP,04 Jan 2022,IQ,Al A.C.,"B+G+11 RESIDENTIAL BUILDING, PLOT NO.: 6488662,                    WADI AL SAFA 5, DUBAI, UAE",Supply Of Fire Stop Materials MEP,Firestop/ DC 315,Fire,48730.5,AED,Muhammad N.,Quotation
3713,Q-1192-F11535,FIRESTOP,03 Jan 2022,IQ,International H.C.,CENTER OF EXCELLENCE SGH DUBAI# LPO 12198,SUPPLY OF INFS0812,Firestop/ DC 315,Fire,6510,AED,Habib B.,Order
3714,Q-1192-F11514A,FIRESTOP,28 Dec 2021,IQ,Palgan I.C.,GHANTOOT - AL RAHA RESIDENTIAL BUILDING# LPO 2666,SUPPLY OF INSS1186 5G PAIL,Firestop/ DC 315,Fire,1155,AED,Habib B.,Order
3715,Q-1192-F11534,FIRESTOP,28 Dec 2021,IQ,Al B.C.,"PROPOSED G+2P+9 FLOORS RESIDENTIAL &amp; RETAIL BUILDING, PLOT NO: 6455963, WADI AL SAFA 3, DUBAI",SUPPLY OF MVL-IL,Firestop/ DC 315,Fire,3.15,AED,Muhammad N.,Quotation
3716,Q-1192-F11533,FIRESTOP,28 Dec 2021,IQ,Atcon C.L.,P-104-AMINA RESIDENCE  II (G+4P+15+ROOF) PLOT NO. JVC 171CP002B JVC DUBAI_PO NO.5737,SUPPLY OF MVL FIRESTOP MATERIALS,Firestop/ DC 315,Fire,73412.06,AED,Muhammad N.,Order
3717,Q-1192-F11519A,FIRESTOP,28 Dec 2021,IQ,001 C.,RAHBA HOSPITAL,Supply Of Fire Stop Materials - CIVIL,Firestop/ DC 315,Fire,49.22,AED,Habib B.,Order
3718,Q-1192-F11532,FIRESTOP,27 Dec 2021,IQ,Noval F.,FIRESTOPPING PROJECT,SUPPLY OF DC68,Firestop/ DC 315,Fire,2467.5,AED,Ramshad K.,Quotation
3719,Q-1192-F11531,FIRESTOP,27 Dec 2021,IQ,Jpm A.T.,Commercial Development (3B+G+11TYP+R)- Ghantoot &amp;  BEMCO- Al Raha # LPO JPM/MVL/0140/2021,"SUPPLY OF INSS1440, INFS0812",Firestop/ DC 315,Fire,5565,AED,Habib B.,Order
3720,Q-1192-F11530,FIRESTOP,27 Dec 2021,IQ,001 C.,AL RAHBA HOSPITAL - ABUDHABI # LPO 0005,"SUPPLY OF INSS1440, FP05",Firestop/ DC 315,Fire,1743,AED,Habib B.,Order
3721,Q-1192-F11529,FIRESTOP,26 Dec 2021,IQ,Creative C.F.,CREATIVE CLINIC # LPO 1221-001,SUPPLY OF FP04 &amp; INSS1440,Firestop/ DC 315,Fire,3927,AED,Muhammad N.,Order
3722,Q-1192-F11327A,FIRESTOP,26 Dec 2021,IQ,Arabian C.G.,"2B+G+6F+ROOF COMMERCIAL &amp; RESIDENTIAL COMPLEX ON PLOT No. 3210222, MADINAT DUBAI AL MELAHEYAH, DUBAI # LPO 2109530",Supply Of Fire Stop Materials MEP &amp; CIVIL,Firestop/ DC 315,Fire,325935.75,AED,Habib B.,Cancled
3723,Q-1192-F11528,FIRESTOP,26 Dec 2021,IQ,Khalifa L.C.,Residential Building (2B+G+5TYP+2R),SUPPLY OF INSS1440,Firestop/ DC 315,Fire,94.5,AED,Muhammad N.,Order
3724,Q-1192-F11527,FIRESTOP,26 Dec 2021,IQ,Khalifa L.C.,"PROPOSED 2B+G+5+GYM+ROOF, PLOT NO.: 2330148,                  DAMASCUS ROAD, DUBAI",Supply Of Fire Stop Materials MEP,Firestop/ DC 315,Fire,87312.75,AED,Muhammad N.,Quotation
3725,Q-1192-F11526,FIRESTOP,26 Dec 2021,IQ,Jpm A.T.,SEVEN TIDES # LPO JPM/MVL/0137/2021,SUPPLY OF INSS1186 5G PAIL,Firestop/ DC 315,Fire,4987.5,AED,Arun stephen ,Order
3726,RFQ-1192-V4317,FIRESTOP,22 Dec 2021,RFQ,Fujairah R.F.,MVL Firestop,SLAB WITHOUT FACING (SXXX) Density: 160Kg/M3 Thickness: 120mm Size:1.2 MtrX .6 Mtr.,Building Materials,Various,6111.13,AED, ,Order
3727,RFQ-3742-V4261,MACRO,21 Dec 2021,RFQ,British L.K.,W912ER-19-C-0018 Care And Preservation Vehicle Maintenance Facility,BOOMTRUCK WITH OPERATOR AND FUEL,Building Materials,Various,1000,KWD, ,Order
3728,Q-1192-F11525,FIRESTOP,20 Dec 2021,IQ,Consent L.,"PROPOSED B+G+5 RESIDENTIAL BUILDING, PLOT NO.6458041, WADI AL SAFA 3, DUBAI, UAE (2 BUILDINGS)",Supply Of Fire Stop Materials - CIVIL,Firestop/ DC 315,Fire,16327.5,AED,Arun stephen ,Quotation
3729,Q-1192-F11524,FIRESTOP,20 Dec 2021,IQ,Granada E.C.,"G+2P+7F+R BUILDING, PLOT NO.: JVC12NNEW002, JVC, DUBAI",Supply Of Fire Stop Materials MEP,Firestop/ DC 315,Fire,17220,AED,Muhammad N.,Quotation
3730,RFQ-1569-R1502,MACRO,19 Dec 2021,RFQ,New S.O.,MVL PROPOSALS,RENT TO OWN (Model &ndash; SHARP MX-3051 &ndash; 30PPM &ndash; High Quality ) 1 YEAR WITH SERVICE,Rental,Rental,17850.04,AED, ,Order
3731,Q-1192-F11523,FIRESTOP,19 Dec 2021,IQ,International H.C.,CENTER OF EXCELLENCE SGH DUBAI# LPO 12076,SUPPLY OF INSS1440 5G PAIL,Firestop/ DC 315,Fire,9996,AED,Habib B.,Order
3732,Q-1192-F11522,FIRESTOP,15 Dec 2021,IQ,Al B.C.,"PROPOSED G+2P+9 FLOORS RESIDENTIAL &amp; RETAIL BUILDING, PLOT NO: 6455963, WADI AL SAFA 3, DUBAI.# LPO 2021P00100758",Supply Of Fire Stop Materials MEP,Firestop/ DC 315,Fire,29025.15,AED,Muhammad N.,Order
3733,Q-1192-F11521,FIRESTOP,15 Dec 2021,IQ,001 C.,FIRESTOPPING PROJECT,"SUPPLY OF INSS1186, INSS1440, FP05",Firestop/ DC 315,Fire,4420.5,AED,Habib B.,Quotation
3734,Q-1192-F11520,FIRESTOP,15 Dec 2021,IQ,Elma E.,ADNOC AL TALLA SITE-J-2012  # POD-21/1331,"SUPPLY OF INSS1440, FP05",Firestop/ DC 315,Fire,2058,AED,Habib B.,Order
3735,Q-1192-F11519,FIRESTOP,15 Dec 2021,IQ,001 C.,"PROPOSED (G+3P+18) COMM. &amp; RESIDENTIAL BUILDING, PLOT NO.: 3460635, BUSINESS BAY, DUBAI, UAE",Supply Of Fire Stop Materials - CIVIL,Firestop/ DC 315,Fire,20475,AED,Habib B.,Quotation
3736,Q-1192-F11518,FIRESTOP,15 Dec 2021,IQ,Fscunion Y.S.,TURKEY PROJECT,TRANSPORTATION CHARGE,Firestop/ DC 315,Fire,2500,USD,Muhammad N.,Order
3737,Q-1192-F11517,FIRESTOP,15 Dec 2021,IQ,Jpm A.T.,1B+G+8TYP-DO BUY HOMES- CITY NIGHT# LPO JPM/MVL/0136/2021,"SUPPLY OF INSS1186, INSS1440",Firestop/ DC 315,Fire,6352.5,AED,Habib B.,Order
3738,Q-1192-F11516,FIRESTOP,14 Dec 2021,IQ,Safety W.,INTERMASS MISK 3 &amp; 4 # LPO 1742,SUPPLY OF INFS0812 &amp; SSHOOP,Firestop/ DC 315,Fire,3675,AED,Habib B.,Order
3739,Q-1192-F11515,FIRESTOP,14 Dec 2021,IQ,Safety W.,AIROLINK#AL WASL DEVELOPMENT#LPO 1741,SUPPLY OF INSS1186 5G PAIL,Firestop/ DC 315,Fire,7481.25,AED,Arun stephen ,Order
3740,RFQ-3742-V4260,MACRO,14 Dec 2021,RFQ,British L.K.,W912ER-19-C-0018 Care And Preservation Vehicle Maintenance Facility,FORKLIFT AND MANLIFT WITH OPERATOR,Building Materials,Various,1430,KWD, ,Order
3741,Q-1192-F11514,FIRESTOP,14 Dec 2021,IQ,Palgan I.C.,GHANTOOT - AL RAHA RESIDENTIAL BUILDING# LPO 2654,SUPPLY OF INSS1186 5G PAIL,Firestop/ DC 315,Fire,1155,AED,Habib B.,Order
3742,Q-1192-F11513,FIRESTOP,13 Dec 2021,IQ,Khalifa L.C.,Mock Up Residential Building (2B+G+5TYP+2R),"SUPPLY OF INSS1440, INFS0812",Firestop/ DC 315,Fire,275.1,AED,Muhammad N.,Order
3743,Q-1192-F11512,FIRESTOP,12 Dec 2021,IQ,John A.&.,STRUCTURAL &amp; WEATHER SEALANT,SUPPLY OF SGS 6000 &amp; NWS 2000,Firestop/ DC 315,Fire,32.55,AED,Habib B.,Quotation
3744,Q-1192-F11511,FIRESTOP,12 Dec 2021,IQ,Dubco C.L.,"K1 RESIDENTIAL+COMMERCIAL BUILDING (5B+G+HC+MECH ROOM+37F+ROOF), PLOT 3936247, JLT, DUBAI",Supply Of Fire Stop Materials MEP,Firestop/ DC 315,Fire,161879.55,AED,Arun stephen ,Quotation
3745,Q-1192-F11510,FIRESTOP,12 Dec 2021,IQ,Dubco C.L.,"K1 RESIDENTIAL+COMMERCIAL BUILDING (5B+G+HC+MECH ROOM+37F+ROOF), PLOT 3936247, JLT, DUBAI",Supply Of Fire Stop Materials - CIVIL,Firestop/ DC 315,Fire,115878,AED,Arun stephen ,Quotation
3746,Q-1192-F11414A,FIRESTOP,12 Dec 2021,IQ,Al B.C.,"PROPOSED G+2P+9 FLOORS RESIDENTIAL &amp; RETAIL BUILDING, PLOT NO: 6455963, WADI AL SAFA 3, DUBAI.",Supply Of Fire Stop Materials,Firestop/ DC 315,Fire,21010.5,AED,Muhammad N.,Quotation
3747,Q-1192-F11509,FIRESTOP,12 Dec 2021,IQ,Team E.E.,G+P+10 RETAIL AND RESIDENTIAL BUILDING ON PLOT NO.: AFC009 AT JABAL ALI FIRST - DUBAI,Supply Of Fire Stop Materials MEP,Firestop/ DC 315,Fire,50972.25,AED,Habib B.,Quotation
3748,Q-1192-F11508,FIRESTOP,12 Dec 2021,IQ,Elma E.,ADNOC OTG STATION SHARJAH # LPO POD-21/1784,"SUPPLY OF INSS1440, FP05",Firestop/ DC 315,Fire,640.5,AED,Habib B.,Order
3749,Q-1192-F11506A,FIRESTOP,09 Dec 2021,IQ,Abraa.com ,GLOBAL VILLAGE TECHBOOTH &amp; CHRISTMAS TREE # LPO 1313-2021,SUPPLY OF DC68,Firestop/ DC 315,Fire,2467.5,AED,Raquel I.,Quotation
3750,Q-1192-F11507,FIRESTOP,09 Dec 2021,IQ,Chust T.,INDUSTRIAL APPLICATION,SUPPLY OF DC315,Firestop/ DC 315,Fire,34000,USD,Raquel I.,Quotation
3751,Q-1192-F11505,FIRESTOP,09 Dec 2021,IQ,Out o.t.,GLOBAL VILLAGE TECHBOOTH &amp; CHRISTMAS TREE # LPO 1313-2021,SUPPLY OF DC68,Firestop/ DC 315,Fire,2467.5,AED,Ramshad K.,Order
3752,Q-1192-F11504,FIRESTOP,09 Dec 2021,IQ,New S.E.,"G+4 FLOORS + ROOF RESIDENTIAL BUILDING ON                      PLOT NO.: 6218404, AT WARSAN FIRST, DUBAI, UAE",Supply Of Fire Stop Materials MEP,Firestop/ DC 315,Fire,17892,AED,Muhammad N.,Quotation
3753,Q-1192-F11503,FIRESTOP,09 Dec 2021,IQ,Alutal A.a.,INHOUSE PROJECT,SUPPLY OF INSS2460 GREY,Firestop/ DC 315,Fire,15834,AED,Arun stephen ,Quotation
3754,Q-1192-F11502,FIRESTOP,09 Dec 2021,IQ,Rise a.S.,SUBSTATION,SUPPLY OF DC6150,Firestop/ DC 315,Fire,894600,AED,Muhammad N.,Quotation
3755,Q-1192-F11501,FIRESTOP,09 Dec 2021,IQ,001 C.,AL RAHBA HOSPITAL - ABUDHABI # LPO 0004,SUPPLY OF FP05,Firestop/ DC 315,Fire,378,AED,Habib B.,Order
3756,Q-1192-F11500,FIRESTOP,08 Dec 2021,IQ,Nascon E.L.,REVA DAMAC # LPO 2328-21,SUPPLY OF INSS1440 5G PAIL,Firestop/ DC 315,Fire,2107.88,AED,Arun stephen ,Order
3757,Q-1005-M7043,MACRO,08 Dec 2021,IQ,Prism T.E.,Supply &amp; Delivery Of ExProof AC Units- CPF Kuwait,Supply &amp; Delivery Of ExProof AC Units- CPF Kuwait,Mechanical Items,Mechanical,16350,USD,Mahesh B.,Order
3758,Q-1192-F11457A,FIRESTOP,07 Dec 2021,IQ,001 C.,AL RAHBA HOSPITAL - ABUDHABI # LPO 0003,"SUPPLY OF 1186, INSS440",Firestop/ DC 315,Fire,2730,AED,Habib B.,Order
3759,Q-1192-F11499,FIRESTOP,07 Dec 2021,IQ,Safety W.,INTERMASS MISK 3&amp;4 LPO # 1736,SUPPLY OF SSHOOP,Firestop/ DC 315,Fire,735,AED,Habib B.,Order
3760,RFQ-1192-V4439,FIRESTOP,06 Dec 2021,RFQ,Materials T.I.,MVL Firestop - EOTA TR 024 (INFS0812) AND EOTA TR 024 (INSS1440) TESTING,EOTA TR 024 (INFS0812) AND EOTA TR 024 (INSS1440) TESTING,Misc.,Various,5194.8,EURO, ,Order
3761,Q-1192-F11498,FIRESTOP,06 Dec 2021,IQ,Raq C.C.,"PROPOSED RESIDENTIAL BUILDINGS 2B+G+8TYP+R (1 NO) CP02-007, PLOT NO.: 3475058 (8884652) &amp;  PROPOSED RESIDENTIAL BUILDINGS 2B+G+9TYP+R (2 NOS) CP02- 008 &amp; 009,  PLOT NO.: 3475059 (8884653) &amp; PLOT NO.: 3475060 (8884654),  MEYDAN ONE, DUBAI, UAE.",Supply Of Fire Stop Materials MEP,Firestop/ DC 315,Fire,229503.75,AED,Arun stephen ,Quotation
3762,Q-1192-F11497,FIRESTOP,06 Dec 2021,IQ,Diagram A.C.,"G+5+ROOF FLOOR BLDG@PLOT C161-AL NAJDAH STREET, ABUDHABI # LPO J-153-PO-SILICON-01",SUPPLY OF INSS2460 BLACK,Firestop/ DC 315,Fire,14883.75,AED,Muhammad N.,Order
3763,Q-3742-V4353P,MACRO,06 Dec 2021,IQ,Sahraa A.R.,W912ER-19-C-0018 Care And Preservation Vehicle Maintenance Facility,PROCUREMENT SUPPORT - CN14,Misc.,Various,15296,USD, ,Order
3764,Q-3742-V4353O,MACRO,06 Dec 2021,IQ,Sahraa A.R.,W912ER-19-C-0018 Care And Preservation Vehicle Maintenance Facility,PROCUREMENT SUPPORT - CN13,Misc.,Various,57043.71,USD, ,Order
3765,Q-3742-V4354,MACRO,06 Dec 2021,IQ,Sahraa A.R.,W912ER-19-C-0018 Care And Preservation Vehicle Maintenance Facility,Procurement Support CN013,Misc.,Various,57043.71,USD, ,Cancled
3766,Q-1192-F11496,FIRESTOP,05 Dec 2021,IQ,Elma E.,ADNOCPO # PO21/1741,"SUPPLY OF INSS1440, FP05",Firestop/ DC 315,Fire,640.5,AED,Habib B.,Order
3767,Q-1192-F11495,FIRESTOP,05 Dec 2021,IQ,Fscunion Y.S.,TURKEY PROJECT# FSCU.21/12-1872,SUPPLY OF INSS1186 5G PAIL,Firestop/ DC 315,Fire,6850,USD,Muhammad N.,Order
3768,Q-1192-F11494,FIRESTOP,05 Dec 2021,IQ,Sharfil T.W.,HOTEL  PROJECT # LPO -1017/2021,SUPPLY OF DC 68,Firestop/ DC 315,Fire,2835,AED,Habib B.,Order
3769,RFQ-1569-V4393,MACRO,05 Dec 2021,RFQ,Mba S.T.,STATIONARIES SUPPLY FOR SITE (JEBEL ALI),STATIONARIES SUPPLY FOR SITE (JEBEL ALI),Misc.,Various,371.18,AED, ,Order
3770,Q-1192-F11493,FIRESTOP,05 Dec 2021,IQ,Nascon E.L.,AYKON CITY # LPO 2291-21,"SUPPLY OF INSS1440, INFS0812",Firestop/ DC 315,Fire,9408.79,AED,Arun stephen ,Order
3771,Q-1192-F11492,FIRESTOP,30 Nov 2021,IQ,New S.E.,"G+4 FLOORS + ROOF RESIDENTIAL BUILDING ON PLOT NO. 6218404, AT WARSAN FIRST, DUBAI, UAE",Supply Of Fire Stop Materials - CIVIL,Firestop/ DC 315,Fire,10953.6,AED,Muhammad N.,Quotation
3772,Q-1192-F11491,FIRESTOP,30 Nov 2021,IQ,New S.E.,"G+4 FLOORS + ROOF RESIDENTIAL BUILDING ON PLOT NO. 6218404, AT WARSAN FIRST, DUBAI, UAE",Supply Of Fire Stop Materials - CIVIL,Firestop/ DC 315,Fire,16653,AED,Muhammad N.,Quotation
3773,Q-1192-F11490,FIRESTOP,29 Nov 2021,IQ,Safety W.,FIRESTOPPING PROJECT,REVISED PRICE LIST,Firestop/ DC 315,Fire,2017.05,AED,Habib B.,Quotation
3774,RFQ-3734-S9035,MACRO,29 Nov 2021,RFQ,Al S.T.,(QTR 173) W912ER-19-C-0016 CONSOLIDATED SQUADRON OPERATIONS FACILITY,Rack Side Accessories &amp; Terminations And Testing,Construction,Services,8760,QAR, ,Order
3775,Q-1192-F11489,FIRESTOP,29 Nov 2021,IQ,East C.C.,IRIS DATA CENTER_PO # 4500005910,SUPPLY OF INSS2460 BLACK,Firestop/ DC 315,Fire,16695,AED,Habib B.,Order
3776,Q-1192-F11488,FIRESTOP,29 Nov 2021,IQ,Safety W.,INTERMASS MISK 3&amp; 4 # LPO 1731,SUPPLY OF INFS0812,Firestop/ DC 315,Fire,7350,AED,Habib B.,Order
3777,Q-1192-F11487,FIRESTOP,28 Nov 2021,IQ,Asian F.E.,"PROPOSED RESIDENTIAL BUILDING 2B+G+7TYP, MEYDAN ONE, OLD PLOT NO.8884658/NEW PLOT NO.3475056, CP-02-013",Supply Of Fire Stop Materials MEP,Firestop/ DC 315,Fire,54794.25,AED,Arun stephen ,Quotation
3778,Q-1192-F11486,FIRESTOP,28 Nov 2021,IQ,Safety W.,FAMILY DEVELOPMENT# LPO 1730,SUPPLY OF CFS01,Firestop/ DC 315,Fire,409.5,AED,Habib B.,Order
3779,Q-1192-F11485,FIRESTOP,25 Nov 2021,IQ,Atcon C.L.,"PROPOSED RESIDENCE BUILDING, G+4P+15 TYPICAL + ROOF, PLOT NO.: JVC17TCP002B, JVC, DUBAI",Supply Of Fire Stop Materials - CIVIL#3MM,Firestop/ DC 315,Fire,17372.25,AED,Muhammad N.,Quotation
3780,Q-1192-F11484,FIRESTOP,25 Nov 2021,IQ,Atcon C.L.,"PROPOSED RESIDENCE BUILDING, G+4P+15 TYPICAL + ROOF, PLOT NO.: JVC17TCP002B, JVC, DUBAI",Supply Of Fire Stop Materials - CIVIL# 6mm,Firestop/ DC 315,Fire,26276.25,AED,Muhammad N.,Quotation
3781,RFQ-4814-M4103,MACRO,25 Nov 2021,RFQ,M.a.h.y. K.&.,QTR 193 - W912ER20R0029 - USACE AEC TRANS REGIONAL LOGISTICS COMPLEX (TLC),CHILLED WATER PUMPS,Mechanical Items,Mechanical,134678.06,AED, ,Order
3782,Q-1192-F11483,FIRESTOP,25 Nov 2021,IQ,Nrcem E.S.,BANGLADESH FIRESTOPPING PROJECT,"SUPPLY OF INSS1440 1G PAIL, 600 ML SAUSAGE",Firestop/ DC 315,Fire,1060,USD,Muhammad N.,Quotation
3783,RFQ-3734-M4105,MACRO,25 Nov 2021,RFQ,M.a.h.y. K.&.,(QTR-173) W912ER-19-C-0016 CONSOLIDATED SQUADRON OPERATIONS FACILITY,PRIMARY CHILLED WATER PUMPS,Mechanical Items,Mechanical,130297.57,AED, ,Cancled
3784,RFQ-3734-V4356,MACRO,25 Nov 2021,RFQ,The M.A.,(QTR-173) W912ER-19-C-0016 CONSOLIDATED SQUADRON OPERATIONS FACILITY,Replacement Of 7 Interior Signage,Misc.,Various,3980,QAR, ,Order
3785,Q-1192-F11482,FIRESTOP,25 Nov 2021,IQ,Rua G.M.,STRUCTURAL  SEALANT,SUPPLY OF SGS 2000 BLACK,Firestop/ DC 315,Fire,346.5,AED,Habib B.,Order
3786,RFQ-3734-M4104,MACRO,25 Nov 2021,RFQ,Alaina E.S.,(QTR-173) W912ER-19-C-0016 CONSOLIDATED SQUADRON OPERATIONS FACILITY,GI SUPPORTS FOR THE CABINET COUNTERTOPS,Mechanical Items,Mechanical,2400,QAR, ,Order
3787,Q-1192-F11481,FIRESTOP,25 Nov 2021,IQ,Al A.C.,"NAEEM TOWER (BUILDING (B+G+M+P+20+R),-PLOT NO.: 314020224, RAK, DAFFAN# LPO 102200754",Supply Of Fire Stop Materials MEP,Firestop/ DC 315,Fire,85000.81,AED,Arun stephen ,Order
3788,RFQ-1569-O25,MACRO,24 Nov 2021,RFQ,Codegreen S.,MVL OFFICE - YEARLY RENEWAL Sophos SG 230 Full Guard - 1 Year Subscription,Sophos SG 230 Full Guard - 1 Year Subscription,Computer Peripherals,Office Assets,8242.5,AED, ,Order
3789,RFQ-5416-S9071,"MVL USA, INC",23 Nov 2021,RFQ,(glv) G.L.,KUW-129.32 W912ER21F0177 CAB HQ,COMPLETE JO SOW,Subcontract,Services,1018200,USD, ,Quotation
3790,Q-1192-F11480,FIRESTOP,23 Nov 2021,IQ,001 C.,"SANDSTONE B+G+4 RESIDENTIAL BUILDING,                             PLOT NO.: JVC14EMRP002, JUMEIRAH VILLAGE CIRCLE, DUBAI, UAE",Supply Of Fire Stop Materials - CIVIL,Firestop/ DC 315,Fire,13755,AED,Habib B.,Quotation
3791,Q-1192-F11479,FIRESTOP,23 Nov 2021,IQ,Cladtech A.,WEATHER SEALANT,SUPPLY OF NWS RAL 7046,Firestop/ DC 315,Fire,19.43,AED,Arun stephen ,Quotation
3792,Q-1192-F11478,FIRESTOP,22 Nov 2021,IQ,Alibtikar A.T.,FIRESTOPPING PROJECT,SUPPLY OF DC68,Firestop/ DC 315,Fire,1417.5,AED,Habib B.,Order
3793,Q-1192-F11477,FIRESTOP,22 Nov 2021,IQ,001 C.,"RESIDENTIAL BUILDING (B+G+12+R), PLOT NO.: 3474849, MEYDAN, DUBAI, UAE",Supply Of Fire Stop Materials - CIVIL,Firestop/ DC 315,Fire,19477.5,AED,Habib B.,Quotation
3794,Q-1192-F11476,FIRESTOP,22 Nov 2021,IQ,001 C.,"(B+G+16+R) RESIDENTIAL BUILDING, PLOT NO.: 3474844, MEYDAN, DUBAI, UAE",Supply Of Fire Stop Materials - CIVIL,Firestop/ DC 315,Fire,30817.5,AED,Habib B.,Quotation
3795,Q-1192-F11475,FIRESTOP,21 Nov 2021,IQ,Aras M.D.,"ARAS MEDICAL CONTAINERS (3NOS), DUBAI PARKS &amp; RESORTS, DUBAI# LPO MVL-21-01",Supply Of Fire Stop Materials MEP,Firestop/ DC 315,Fire,666.75,AED,Ramshad K.,Order
3796,Q-1192-F11474,FIRESTOP,21 Nov 2021,IQ,Safety W.,AL WASL# AIROLINK# LPO 1724,Supply Of Fire Stop Materials - CIVIL,Firestop/ DC 315,Fire,2493.75,AED,Arun stephen ,Order
3797,Q-1192-F11473,FIRESTOP,21 Nov 2021,IQ,Safety W.,INTERMASS MISK 3 &amp; 4 # LPO 1723,SUPPLY OF INSS1186 5G PAIL,Firestop/ DC 315,Fire,2493.75,AED,Habib B.,Order
3798,Q-1192-F11472,FIRESTOP,18 Nov 2021,IQ,001 C.,"RESIDENTIAL BUILDING B+G+8+R, PLOT NO. 3474847, DUBAI, UAE",Supply Of Fire Stop Materials - CIVIL,Firestop/ DC 315,Fire,14752.5,AED,Habib B.,Quotation
3799,Q-1192-F11471,FIRESTOP,18 Nov 2021,IQ,001 C.,"RESIDENTIAL BUILDING B+G+8+R, PLOT NO. 3474846, DUBAI, UAE",Supply Of Fire Stop Materials - CIVIL,Firestop/ DC 315,Fire,14227.5,AED,Habib B.,Quotation
3800,Q-1192-F11470,FIRESTOP,18 Nov 2021,IQ,001 C.,"RESIDENTIAL BUILDING B+G+6+R, PLOT NO. 3474842, DUBAI,",Supply Of Fire Stop Materials - CIVIL,Firestop/ DC 315,Fire,12390,AED,Habib B.,Quotation
3801,Q-1192-F11469,FIRESTOP,18 Nov 2021,IQ,Rotaj A.E.,WEATHER SEALANT,SUPPLY OF NWS 2000,Firestop/ DC 315,Fire,14.96,AED,Habib B.,Quotation
3802,RFQ-4814-M4102,MACRO,18 Nov 2021,RFQ,Oriental T.C.,QTR 193 - W912ER20R0029 - USACE AEC TRANS REGIONAL LOGISTICS COMPLEX (TLC),"AIR COMPRESSOR, AIR DRYER AND AIR LINE FILTER",Mechanical Items,Mechanical,61110,QAR, ,Order
3803,Q-1192-F11468,FIRESTOP,17 Nov 2021,IQ,Ant B.M.,FIRESTOPPING PROJECT,"SUPPLY OF INSS1440,CFS01, FP05",Firestop/ DC 315,Fire,2625,AED,Arun stephen ,Quotation
3804,Q-1192-F11467,FIRESTOP,16 Nov 2021,IQ,Al N.G.,FIRESTOPPING PROJECT,SUPPLY OF INSS2460 BLACK,Firestop/ DC 315,Fire,63000,AED,Arun stephen ,Quotation
3805,Q-1192-F11466,FIRESTOP,16 Nov 2021,IQ,Safety W.,INTERMASS MISK 3&amp; 4 # LPO 1719,SUPPLY OF INFS0812,Firestop/ DC 315,Fire,2940,AED,Habib B.,Order
3806,Q-1192-F11465,FIRESTOP,16 Nov 2021,IQ,Sharfil T.W.,DIB- AL AIN( PROPOSED B+G+2M+2F,SUPPLY OF MVL-IL,Firestop/ DC 315,Fire,157.5,AED,Habib B.,Order
3807,Q-1192-F11464,FIRESTOP,16 Nov 2021,IQ,Jpm A.T.,3B+G+11TYP+R- GHANTOOT- MASDAR CITY # LPO JPM/MVL/0134/2021,SUPPLY OF INSS1186 5G PAIL,Firestop/ DC 315,Fire,4987.5,AED,Habib B.,Order
3808,Q-1192-F11463,FIRESTOP,16 Nov 2021,IQ,Jpm A.T.,1B+G+P+6TYP+7TH+8TH+ROOF-DO BUY HOMES# LPO JPM/MVL/0133/2021,"SUPPLY OF INSS1186, CFS01,FP05",Firestop/ DC 315,Fire,3122.7,AED,Habib B.,Order
3809,Q-1192-F11462,FIRESTOP,15 Nov 2021,IQ,001 C.,"LA VIE TOWER (B+G+36 FLOORS + ROOF), MARSA DUBAI - JBR, PLOT NO.3920529, DUBAI UAE",Supply Of Fire Stop Materials - CIVIL,Firestop/ DC 315,Fire,38535,AED,Habib B.,Quotation
3810,Q-1192-F11461,FIRESTOP,15 Nov 2021,IQ,Media P.I.,"DGEP., DXB LIVE (DWTC),DEC (EXPO 2020)",SUPPLY OF DC68,Firestop/ DC 315,Fire,630,AED,Ramshad K.,Order
3811,Q-1192-F11460,FIRESTOP,15 Nov 2021,IQ,Deep S.S.,ADNOC  PROJECT # LPO DSS-PO-MVL-020-21,"SUPPLY OF INSS1440, FP05",Firestop/ DC 315,Fire,298.2,AED,Habib B.,Order
3812,Q-1192-F11459,FIRESTOP,11 Nov 2021,IQ,Emcc C.L.,FIRESTOPPING PROJECT,Supply Of Fire Stop Materials,Firestop/ DC 315,Fire,2294.25,AED,Habib B.,Quotation
3813,Q-1192-F11458,FIRESTOP,11 Nov 2021,IQ,Nascon E.L.,AYKON CITY # LPO 2197-21,SUPPLY OF INSS1186 5G PAIL,Firestop/ DC 315,Fire,7276.5,AED,Arun stephen ,Order
3814,Q-1192-F11254B,FIRESTOP,11 Nov 2021,IQ,Nascon E.L.,REVA PROJECT # LPO 2242-21,"SUPPLY OF SSHOOP, INFS0812",Firestop/ DC 315,Fire,12180,AED,Arun stephen ,Order
3815,Q-1192-F11457,FIRESTOP,11 Nov 2021,IQ,001 C.,AL RAHBA HOSPITAL - ABUDHABI # LPO 0002,"SUPPLY OF 1186, IN440, INFS0812,SSHOOP",Firestop/ DC 315,Fire,7350,AED,Habib B.,Order
3816,Q-1192-F11456,FIRESTOP,10 Nov 2021,IQ,Jpm A.T.,1B+G+8TYP-DO BUY HOMES- CITY NIGHT# LPO JPM/MVL/0131/2021,"Supply Of INSS1440, INFS0812",Firestop/ DC 315,Fire,3255,AED,Habib B.,Order
3817,Q-1192-F11455,FIRESTOP,10 Nov 2021,IQ,Sharfil T.W.,DIB- AL AIN( PROPOSED B+G+2M+2F)# LPO -1016/2021,Supply Of Fire Stop Materials MEP,Firestop/ DC 315,Fire,4460.4,AED,Habib B.,Order
3818,Q-1192-F11454,FIRESTOP,10 Nov 2021,IQ,Sharfil T.W.,FIRESTOPPING PROJECT- ALAIN,Supply Of Fire Stop Materials,Firestop/ DC 315,Fire,1930.95,AED,Habib B.,Quotation
3819,Q-1192-F11452,FIRESTOP,10 Nov 2021,IQ,Marina F.M.,"C66, Omar Gaith Building , T-AMC-20-0010","SUPPLY OF CFS01, D120",Firestop/ DC 315,Fire,624.75,AED,Muhammad N.,Order
3820,Q-1192-F11451,FIRESTOP,09 Nov 2021,IQ,Prism T.E.,KUWAIT  PROJECT # LPO PTE-MV-21-526,"SUPPLY OF FP05, INSS1440",Firestop/ DC 315,Fire,26412.75,AED,Arun stephen ,Order
3821,RFQ-5213-S9082,MACRO,09 Nov 2021,RFQ,Kirby C.C.,KSA-127 W912ER21C0015  Al Kharj Warehouse,PEB STEEL STRUCTURE,Subcontract,Services,1064900,SAR, ,Order
3822,Q-1192-F11450,FIRESTOP,09 Nov 2021,IQ,Jpm A.T.,"LEEBARCH PALACE ( G+3P+15TYP+HC) PLOT NO. 6734072, ARJAN, DUBAI# LPO JPM/MVL/0129/2021","SUPPLY OF D120, CFS01",Firestop/ DC 315,Fire,1680,AED,Habib B.,Order
3823,Q-1192-F11449,FIRESTOP,09 Nov 2021,IQ,Nascon E.L.,"Reva Damac, Business Bay","SUPPLY OF SSHOOP, INFS0812",Firestop/ DC 315,Fire,309.75,AED,Arun stephen ,Quotation
3824,Q-1192-F11448,FIRESTOP,09 Nov 2021,IQ,First C.E.,"PROPOSED CONSTRUCTION OF RESIDENTIAL BLDNG G+3PODIUM+11 FLOOR+ ROOF  PLOT NO.2410256 AL NAHDA 2ND, DUBAI, UAE.",Supply Of Fire Stop Materials - CIVIL,Firestop/ DC 315,Fire,28770,AED,Habib B.,Quotation
3825,Q-1192-F11254A,FIRESTOP,08 Nov 2021,IQ,Nascon E.L.,REVA PROJECT_PO # 1299-21,SUPPLY OF MVL FIRESTOP MATERIALS,Firestop/ DC 315,Fire,20064.21,AED,Arun stephen ,Quotation
3826,Q-1192-F11447,FIRESTOP,08 Nov 2021,IQ,Edge P.C.,PROPOSED G+4TYP.+RF LABOR CAMP - JEBEL ALI INDUSTRIAL FIRST - PLOT NO.: 5998532,Supply Of Fire Stop Materials MEP,Firestop/ DC 315,Fire,14931,AED,Arun stephen ,Quotation
3827,Q-1192-F11446,FIRESTOP,08 Nov 2021,IQ,Edge P.C.,PROPOSED G+4TYP.+RF LABOR CAMP - JEBEL ALI INDUSTRIAL FIRST - PLOT NO.: 5998532,Supply Of Fire Stop Materials - CIVIL,Firestop/ DC 315,Fire,13807.5,AED,Arun stephen ,Quotation
3828,RFQ-4814-M4101,MACRO,08 Nov 2021,RFQ,Carrier S.C.,QTR 193 - W912ER20R0029 - USACE AEC TRANS REGIONAL LOGISTICS COMPLEX (TLC),AIR COOLED SCREW CHILLERS,Mechanical Items,Mechanical,320000,USD, ,Order
3829,Q-1192-F11445,FIRESTOP,07 Nov 2021,IQ,International H.C.,CENTER OF EXCELLENCE SGH DUBAI# LPO 11851,"SUPPLY OF INSS1186, INSS1440, SSHOOP",Firestop/ DC 315,Fire,25788,AED,Habib B.,Order
3830,Q-1192-F11402A,FIRESTOP,07 Nov 2021,IQ,Arabian C.G.,"PROPOSED UG+G+8P+26 FLOORS+2MECH. FLOORS+ROOF, COMM. &amp; RESIDENTIAL BUILDING, PLOT NO.: 3180169, AL KARAMA, DUBAI, UAE",Supply Of Fire Stop Materials MEP,Firestop/ DC 315,Fire,107693.25,AED,Habib B.,Quotation
3831,Q-1192-F11444,FIRESTOP,07 Nov 2021,IQ,001 C.,"PROPOSED UG+G+8P+26 FLOORS+2MECH. FLOORS+ROOF, COMM. &amp; RESIDENTIAL BUILDING, PLOT NO.: 3180169,                          AL KARAMA, DUBAI, UAE",Supply Of Fire Stop Materials MEP,Firestop/ DC 315,Fire,94578.75,AED,Habib B.,Quotation
3832,Q-1192-F11443,FIRESTOP,07 Nov 2021,IQ,East C.C.,IRIS DATA CENTER_PO # 4500005711,SUPPLY OF INSS2460 BLACK,Firestop/ DC 315,Fire,16695,AED,Habib B.,Order
3833,RFQ-3734-V4288,MACRO,04 Nov 2021,RFQ,Road L.T.,(QTR-173) W912ER-19-C-0016 CONSOLIDATED SQUADRON OPERATIONS FACILITY,VARIATION WORK - SUPPLY AND INSTALLATION OF ACOUSTICAL CEILING,Building Materials,Various,33000,QAR, ,Order
3834,Q-1192-F11442,FIRESTOP,03 Nov 2021,IQ,Elma E.,J 2101 CONSTRUCTION OF PROPOSED SAIF MOHAMED AL ZARI SERVICE STATION - ADNOC  # SHARJAH # LPO POD-21/1553,"SUPPLY OF INSS1440, FP05",Firestop/ DC 315,Fire,1806,AED,Habib B.,Order
3835,Q-1192-F11441,FIRESTOP,03 Nov 2021,IQ,001 C.,"RENOVATION WORKS AT AL RAHBA HOSPITAL PHASE - III, ZONE : ABUDHABI, SECTOR NO: AL-RAHBA(B), PLOT NO. P20",SUPPLY OF INSS1186 5G PAIL,Firestop/ DC 315,Fire,3675,AED,Habib B.,Quotation
3836,Q-1192-F11440,FIRESTOP,03 Nov 2021,IQ,001 C.,"RENOVATION WORKS AT AL RAHBA HOSPITAL PHASE - III,                ZONE : ABUDHABI, SECTOR NO: AL RAHBA(B), PLOT NO.: P20.",Supply Of Fire Stop Materials MEP,Firestop/ DC 315,Fire,6615,AED,Habib B.,Quotation
3837,RFQ-1192-V4438,FIRESTOP,02 Nov 2021,RFQ,Krossover G.T.,Firestop Promotional Items 2021,Firestop Promotional Items 2021,Misc.,Various,5853.75,AED, ,Order
3838,Q-1192-F11439,FIRESTOP,02 Nov 2021,IQ,Nascon E.L.,AYKON CITY # LPO 2137-21,SUPPLY OF INSS1186 5G PAIL,Firestop/ DC 315,Fire,7276.5,AED,Arun stephen ,Order
3839,Q-1192-F11438,FIRESTOP,02 Nov 2021,IQ,Dubai W.C.,"NIRVANA PROPOSED RESIDENTAIL APARTMENTS (B+G+7),            PALM JUMEIRAH, DUBAI, UAE",Supply Of Fire Stop Materials MEP,Firestop/ DC 315,Fire,95855.55,AED,Arun stephen ,Quotation
3840,Q-1192-F11437,FIRESTOP,02 Nov 2021,IQ,Dubai W.C.,"NIRVANA PROPOSED RESIDENTAIL APARTMENTS (B+G+7), PALM JUMEIRAH, DUBAI, UAE",Supply Of Fire Stop Materials - CIVIL,Firestop/ DC 315,Fire,51345,AED,Arun stephen ,Quotation
3841,Q-1192-F11436,FIRESTOP,02 Nov 2021,IQ,Media P.I.,FRANCE PAVILION @ DUBAI EXPO # LPO MP2021/499,SUPPLY OF DC68,Firestop/ DC 315,Fire,1050,AED,Ramshad K.,Order
3842,RFQ-3734-E6802,MACRO,01 Nov 2021,RFQ,Al B.F.,(QTR-173) W912ER-19-C-0016 CONSOLIDATED SQUADRON OPERATIONS FACILITY,"Damage Replacement Drivers, Emg Kits And Type A Light",Electrical,Electrical,2451,QAR, ,Order
3843,Q-1192-F11435,FIRESTOP,31 Oct 2021,IQ,East C.C.,WEATHER SEALANT,SUPPLY OF NWS 2000,Firestop/ DC 315,Fire,50531.25,AED,Habib B.,Quotation
3844,Q-1192-F11434,FIRESTOP,31 Oct 2021,IQ,Special M.A.,FIRESTOPPING PROJECT,Supply Of FP05,Firestop/ DC 315,Fire,5880,AED,Raquel I.,Quotation
3845,Q-1192-F11433,FIRESTOP,31 Oct 2021,IQ,Fisia I.,FIRESTOPPING PROJECT,Supply Of FP05,Firestop/ DC 315,Fire,5400,AED,Raquel I.,Order
3846,Q-1192-F11432,FIRESTOP,31 Oct 2021,IQ,Al S.A.,"B+G+6 BUILDING, 3190132 OUD MEHTA-KARAMA-DUBAI",SUPPLY OF INSS1440 5G PAIL,Firestop/ DC 315,Fire,1312.5,AED,Raquel I.,Order
3847,Q-1192-F11431,FIRESTOP,31 Oct 2021,IQ,Safety W.,INTERMASS MISK 3&amp; 4- LPO 1705,SUPPLY OF INSS1186 5G PAIL,Firestop/ DC 315,Fire,4987.5,AED,Habib B.,Order
3848,Q-1192-F11430,FIRESTOP,31 Oct 2021,IQ,Safety W.,AL WASL-AIROLINK-# LPO 1704,SUPPLY OF INSS1186 5G PAIL,Firestop/ DC 315,Fire,14962.5,AED,Arun stephen ,Order
3849,Q-1192-F11416A,FIRESTOP,28 Oct 2021,IQ,Pgs G.C.,FIRESTOPPING PROJECT,SUPPLY OF INSS1440,Firestop/ DC 315,Fire,924,AED,Raquel I.,Order
3850,Q-1192-F11429,FIRESTOP,28 Oct 2021,IQ,Jpm A.T.,G+P+8TYP+ROOF CITY NIGHT PO # JPM/MVL/0127/2021,SUPPLY OF INSS1186,Firestop/ DC 315,Fire,4200,AED,Habib B.,Order
3851,Q-1192-F11428,FIRESTOP,28 Oct 2021,IQ,Jpm A.T.,COMMERCIAL DEVELOPMENT (3B+G+11TYP+R) GHANTOOT)  AND BEMCO AL RAHA PROJECT PO # JPM/MVL/0126/2021,SUPPLY OF MVL FIRESTOP MATERIALS,Firestop/ DC 315,Fire,11130,AED,Habib B.,Order
3852,Q-3734-V4273H,MACRO,27 Oct 2021,IQ,Metron C.&.,(QTR-173) W912ER-19-C-0016 CONSOLIDATED SQUADRON OPERATIONS FACILITY,PROCUREMENT SUPPORT FOR - 3734 - CSOF - METRON,Building Materials,Various,44723.53,USD, ,Order
3853,Q-1192-F11150A,FIRESTOP,27 Oct 2021,IQ,Collyer E.,BANGLADESH PROJECT _PO #CE0016,SUPPLY OF INSS1440,Firestop/ DC 315,Fire,13800,AED,Raquel I.,Order
3854,Q-1192-F11427,FIRESTOP,26 Oct 2021,IQ,Safety W.,INTERMASS MISK 3-4 PO # 1698,SUPPLY OF SSHOOP_,Firestop/ DC 315,Fire,1470,AED,Habib B.,Order
3855,Q-1005-V7035,MV LLC,26 Oct 2021,IQ,Department O.D.,"Supply &amp; Delivery Of Hot Rolled Steel, Herlong, CA, USA - W912GY22Q0001","Supply &amp; Delivery Of Hot Rolled Steel, Herlong, CA, USA - W912GY22Q0001",Building Materials,Various,0,USD, ,Cancled
3856,RFQ-3734-V4355,MACRO,25 Oct 2021,RFQ,Signmax T.W.,(QTR-173) W912ER-19-C-0016 CONSOLIDATED SQUADRON OPERATIONS FACILITY,AIR EXPEDITIONARTY WING SIGNAGE,Misc.,Various,4850,QAR, ,Order
3857,Q-1192-F11235A,FIRESTOP,25 Oct 2021,IQ,Al R.T.,FIRESTOPPING PROJECT,SUPPLY OF MVL FIRESTOP MATERIALS,Firestop/ DC 315,Fire,27405,AED,Avinash P.,Quotation
3858,Q-1192-F11426,FIRESTOP,20 Oct 2021,IQ,Archirodon C.(.,Deep Tunnel Storm Water System- Terminal Pumping Station &amp; Sea Outfall Project,Supply Of FP05,Firestop/ DC 315,Fire,18243.75,AED,Arun stephen ,Quotation
3859,RFQ-3734-M4103,MACRO,19 Oct 2021,RFQ,Alaina E.S.,(QTR-173) W912ER-19-C-0016 CONSOLIDATED SQUADRON OPERATIONS FACILITY,Fabrication And Supply Of Cage. (As Per Given Drawing),Mechanical Items,Mechanical,38000,QAR, ,Order
3860,Q-1192-F11425,FIRESTOP,18 Oct 2021,IQ,Tecton E.c.,"G+1 BUILDING, ABUDHABI",SUPPLY OF INSS1186 5G PAIL,Firestop/ DC 315,Fire,12138,AED,Arun stephen ,Quotation
3861,Q-1192-F11424,FIRESTOP,18 Oct 2021,IQ,Arabian C.G.,"HOLIDAY INN- 2B+G+29+Mech.Floor Hotel &amp; Residential Building, Plot No.:BB.A06.064 (DM NO.3460155), Business Bay,# LPO 2108109",SUPPLY OF D64,Firestop/ DC 315,Fire,819,AED,Habib B.,Order
3862,RFQ-1428-V4354,MW-OCS,17 Oct 2021,RFQ,Gsd C.F.,"PRE-BID ENGINEERING ACTIVITIES FOR H2S STRIPPER PACKAGE, ADNOC","PRE-BID ENGINEERING ACTIVITIES FOR H2S STRIPPER PACKAGE, ADNOC",Misc.,Various,8137.5,USD, ,Order
3863,RFQ-3742-S9099,MACRO,17 Oct 2021,RFQ,Kirby B.S.,W912ER-19-C-0018 Care And Preservation Vehicle Maintenance Facility,Girts,Subcontract,Services,4250,KWD, ,Order
3864,Q-1192-F11423,FIRESTOP,17 Oct 2021,IQ,Arabian C.G.,"HOLIDAY INN- 2B+G+29+Mech.Floor Hotel &amp; Residential Building, Plot No.:BB.A06.064 (DM NO.3460155), Business Bay,# LPO 2107972",SUPPLY OF CIVIL &amp; MEP FIRESTOP MATERIALS,Firestop/ DC 315,Fire,232049.84,AED,Habib B.,Order
3865,Q-1192-F11341A,FIRESTOP,17 Oct 2021,IQ,Arabian C.G.,"Proposed 2B+G+29+Mech.Floor Hotel &amp; Residential Building, Plot No.:BB.A06.064 (DM NO.3460155), Business Bay, Dubai.",Supply Of Fire Stop Materials MEP,Firestop/ DC 315,Fire,232049.84,AED,Habib B.,Cancled
3866,Q-1192-F11422,FIRESTOP,14 Oct 2021,IQ,House E.C.,TOWAISA ALAIN# LPO HEC/PO/2021-1765,SUPPLY OF INSS1186,Firestop/ DC 315,Fire,3666.6,AED,Avinash P.,Order
3867,Q-1192-F11421,FIRESTOP,14 Oct 2021,IQ,Jpm A.T.,G+P+8 TYP+ROOF- CITY NIGHT # LPO JPM/MVL/0125/2021,SUPPLY OF INSS1186 5G PAIL,Firestop/ DC 315,Fire,4200,AED,Habib B.,Order
3868,Q-1005-V7034,MACRO,14 Oct 2021,IQ,Sahraa A.R.,Supply &amp; Delivery Fire Rated Ceiling Hatch-VMF Kuwait,Supply &amp; Delivery Fire Rated Ceiling Hatch-VMF Kuwait,Building Materials,Various,23088,USD,Mahesh B.,Order
3869,Q-1192-F11420,FIRESTOP,14 Oct 2021,IQ,Al K.A.,FIRESTOPPING PROJECT,SUPPLY OF INSS2460 BLACK,Firestop/ DC 315,Fire,29.93,AED,Habib B.,Quotation
3870,RFQ-1192-V4436,FIRESTOP,12 Oct 2021,RFQ,Designtex T.L.,MVL Firestop,MVL FIrestop Uniforms 2021,Misc.,Various,1722,AED, ,Order
3871,Q-1192-F11419,FIRESTOP,12 Oct 2021,IQ,Safety W.,AIROLINK -AL WASL # LPO 1692,SUPPLY OF INSS1186 5G PAIL,Firestop/ DC 315,Fire,4987.5,AED,Arun stephen ,Order
3872,Q-1192-F11418,FIRESTOP,12 Oct 2021,IQ,Safety W.,INTERMASS MISK 3 &amp; 4 # LPO 1691,SUPPL OF INSS1186,Firestop/ DC 315,Fire,9975,AED,Habib B.,Order
3873,Q-1192-F11417,FIRESTOP,11 Oct 2021,IQ,Fibrex L.,WEATHER SEALANT,SUPPLY OF NWS 2000 RAL 9001,Firestop/ DC 315,Fire,17.85,AED,Habib B.,Quotation
3874,Q-1005-V7033,MACRO,11 Oct 2021,IQ,Theater C.C.,Supply &amp; Delivery Of Building Materials-CAS Warehouse 408 Troop Billeting,Supply &amp; Delivery Of Building Materials-CAS Warehouse 408 Troop Billeting,Building Materials,Various,597974.25,QAR, ,Cancled
3875,Q-2797-V4269I,MACRO,10 Oct 2021,IQ,Metron I.,W5J9JE18C0008 &ndash; MOI COMPLEX FEMALE POLICE TOWN PHASE II,FPT2 - METRON - Procurement Support,Building Materials,Various,161257.91,USD, ,Order
3876,Q-1192-F11416,FIRESTOP,10 Oct 2021,IQ,Pgs G.C.,FIRESTOPPING PROJECT,SUPPLY OF INSS1440,Firestop/ DC 315,Fire,924,AED,Avinash P.,Order
3877,Q-1192-F11415,FIRESTOP,10 Oct 2021,IQ,Power Z.E.,FIRESTOPPING PROJECT,SUPPLY OF FB01-15,Firestop/ DC 315,Fire,1456,USD,Avinash P.,Quotation
3878,Q-1192-F11414,FIRESTOP,07 Oct 2021,IQ,Al B.C.,"PROPOSED G+2P+9 FLOORS RESIDENTIAL &amp; RETAIL BUILDING, PLOT NO: 6455963, WADI AL SAFA 3, DUBAI.",Supply Of Fire Stop Materials,Firestop/ DC 315,Fire,23010.75,AED,Muhammad N.,Quotation
3879,Q-1192-F11413,FIRESTOP,07 Oct 2021,IQ,Al B.C.,"PROPOSED G+2P+9 FLOORS RESIDENTIAL &amp; RETAIL BUILDING, PLOT NO: 6455963, WADI AL SAFA 3, DUBAI.",Supply Of Fire Stop Materials MEP,Firestop/ DC 315,Fire,46803.75,AED,Muhammad N.,Quotation
3880,Q-1192-F11412,FIRESTOP,07 Oct 2021,IQ,Phases T.&.,FIRESTOPPING PROJECT,Supply Of Fire Stop Materials,Firestop/ DC 315,Fire,10767,AED,Avinash P.,Quotation
3881,Q-1192-F11411,FIRESTOP,07 Oct 2021,IQ,Jpm A.T.,"AJ 417 AL MAFRAQ MALL , ABUDHABI # LPO0123/10/2021","SUPPLY OF INSS1440, INFS0812",Firestop/ DC 315,Fire,4357.5,AED,Arun stephen ,Order
3882,Q-1192-F11410,FIRESTOP,07 Oct 2021,IQ,East C.C.,IRIS DATA CENTER_PO # 4500005378,SUPPLY OF INSS2460 BLACK,Firestop/ DC 315,Fire,26433.75,AED,Habib B.,Order
3883,Q-1192-F11409,FIRESTOP,06 Oct 2021,IQ,Media P.I.,Dubai Exhibition Centre (EXPO 2020) HALL 1C South.# LPO MP2021/421,SUPPLY OF DC 68,Firestop/ DC 315,Fire,1155,AED,Ramshad K.,Order
3884,Q-1192-F11408,FIRESTOP,06 Oct 2021,IQ,Firestop I.T.,FIRESTOPPING PROJECT,Supply Of Fire Stop Materials,Firestop/ DC 315,Fire,10767,AED,Avinash P.,Quotation
3885,Q-1192-F11407,FIRESTOP,06 Oct 2021,IQ,Fire S.T.,FIRESTOPPING PROJECT,Supply Of Fire Stop Materials,Firestop/ DC 315,Fire,10767,AED,Avinash P.,Quotation
3886,Q-1192-F11406,FIRESTOP,06 Oct 2021,IQ,Al W.E.,FIRESTOPPING PROJECT,SUPPLY OF CFS01,Firestop/ DC 315,Fire,14568.75,AED,Muhammad N.,Quotation
3887,Q-1192-F11405,FIRESTOP,05 Oct 2021,IQ,Maisam T.L.,FIRESTOPPING PROJECT,SUPPLY OF FP04,Firestop/ DC 315,Fire,5040,AED,Muhammad N.,Quotation
3888,RFQ-3734-M4102,MACRO,05 Oct 2021,RFQ,Alaina E.S.,(QTR-173) W912ER-19-C-0016 CONSOLIDATED SQUADRON OPERATIONS FACILITY,"BOLLARD, ROOF LADDER AND ALUMINUM FLASHING",Mechanical Items,Mechanical,3170,QAR, ,Order
3889,Q-1192-F11404,FIRESTOP,05 Oct 2021,IQ,Horizon A.&.,FIRESTOPPING AND GENERAL SEALANTS,"SUPPLY OF INSS2460, NWS &amp; SGS",Firestop/ DC 315,Fire,62475,AED,Muhammad N.,Quotation
3890,Q-1192-F11403,FIRESTOP,04 Oct 2021,IQ,J.b.kurman F.S.,FIRESTOPPING PROJECT,SUPPLY OF GC99-20 &amp; DC6150,Firestop/ DC 315,Fire,1550,AED,Avinash P.,Quotation
3891,Q-1192-F11402,FIRESTOP,04 Oct 2021,IQ,Arabian C.G.,"PROPOSED UG+G+8P+26 FLOORS+2MECH. FLOORS+ROOF, COMM. &amp; RESIDENTIAL BUILDING, PLOT NO.: 3180169, AL KARAMA, DUBAI, UAE",Supply Of Fire Stop Materials MEP,Firestop/ DC 315,Fire,153253.8,AED,Habib B.,Quotation
3892,Q-1192-F11401,FIRESTOP,04 Oct 2021,IQ,001 C.,"PROPOSED UG+G+8P+26 FLOORS+2MECH. FLOORS+ROOF, COMM. &amp; RESIDENTIAL BUILDING, PLOT NO.: 3180169, AL KARAMA",Supply Of Fire Stop Materials - CIVIL,Firestop/ DC 315,Fire,40950,AED,Habib B.,Quotation
3893,Q-1192-F11400,FIRESTOP,03 Oct 2021,IQ,Fibrex L.,F-ALM-AE1803-PUR-34633-2021.R-0,SUPPLY OF INSS2460 BLACK,Firestop/ DC 315,Fire,107100,AED,Habib B.,Order
3894,RFQ-3734-V4286,MACRO,03 Oct 2021,RFQ,Al E.T.,(QTR-173) W912ER-19-C-0016 CONSOLIDATED SQUADRON OPERATIONS FACILITY,Supply And Installation Of Gypsum  Access Panel - Non-Fire Rated And Expansion Joint Installation,Building Materials,Various,4215,QAR, ,Order
3895,RFQ-3734-S9034,MACRO,03 Oct 2021,RFQ,Qpro T.&.,(QTR-173) W912ER-19-C-0016 CONSOLIDATED SQUADRON OPERATIONS FACILITY,"GRADER, ROLLER AND EXCAVATOR",Construction,Services,51600,QAR, ,Order
3896,RFQ-1192-V4434,FIRESTOP,30 Sep 2021,RFQ,Al D.T.,MVL Firestop - STAFF,MVL FIRESTOP STAFF UNIFORM 2021,Misc.,Various,3956.4,AED, ,Cancled
3897,Q-1192-F11399,FIRESTOP,30 Sep 2021,IQ,Kenn E.L.,HTTE/E-211478 - 29392,SUPPLY OF US150,Firestop/ DC 315,Fire,35500,USD,Avinash P.,Quotation
3898,RFQ-3734-V4285,MACRO,30 Sep 2021,RFQ,Al E.T.,(QTR-173) W912ER-19-C-0016 CONSOLIDATED SQUADRON OPERATIONS FACILITY,Supply Only Of Heavy Duty Door Hinges,Building Materials,Various,3000,QAR, ,Order
3899,Q-1005-V7032,MV LLC,30 Sep 2021,IQ,Army C.C.,"Supply &amp; Delivery Of Bulk Portland Cement - MCALESTER, OK","Supply &amp; Delivery Of Bulk Portland Cement - MCALESTER, OK",Building Materials,Various,0,USD, ,Cancled
3900,Q-1192-F11226A,FIRESTOP,29 Sep 2021,IQ,Belco E.,"Proposed Dubai Islamic Bank Al Nahda Building (G+8P+14+R) On Plot No. 2310131, Al Nahda First, Dubai# LPO 013120",SUPPLY OF INSS1440 5G PAIL,Firestop/ DC 315,Fire,567,AED,Muhammad N.,Order
3901,Q-1192-F11398,FIRESTOP,29 Sep 2021,IQ,Jpm A.T.,IRIS PAVILION- EXPO 2020 #LPO0122/09/2021,Supply Of Fire Stop Materials MEP,Firestop/ DC 315,Fire,3948,AED,Arun stephen ,Order
3902,Q-1192-F11397,FIRESTOP,28 Sep 2021,IQ,Siraj I.A.,G+27 JVT - THE ONE # AI/LPO/6782/21,SUPPLY OF INSS2460 BLACK,Firestop/ DC 315,Fire,1134,AED,Avinash P.,Order
3903,RFQ-3734-S9033,MACRO,28 Sep 2021,RFQ,Excavation &.C.,(QTR-173) W912ER-19-C-0016 CONSOLIDATED SQUADRON OPERATIONS FACILITY,ROAD MARKING,Construction,Services,24705,QAR, ,Order
3904,Q-1192-F11396,FIRESTOP,28 Sep 2021,IQ,Dicotech T.a.,FIRESTOPPING PROJECT,"SUPPLY OF INSS1186, DC 68",Firestop/ DC 315,Fire,332,USD,Avinash P.,Quotation
3905,Q-1192-F11354A,FIRESTOP,28 Sep 2021,IQ,Dicotech T.a.,FIRESTOPPING PROJECT,Supply Of Fire Stop Materials,Firestop/ DC 315,Fire,2265.55,USD,Avinash P.,Cancled
3906,Q-1192-F11395,FIRESTOP,28 Sep 2021,IQ,Naser M.A.,P017 BU HASA INTEGRATED FIELD DEVELOPMENT# LPO 300362435,"SUPPLY OF INSS1440, FP05, D64",Firestop/ DC 315,Fire,7848.75,AED,Avinash P.,Order
3907,Q-3742-V4353N,MACRO,27 Sep 2021,IQ,Sahraa A.R.,W912ER-19-C-0018 Care And Preservation Vehicle Maintenance Facility,PROCUREMENT SUPPORT - CN10,Misc.,Various,10738.86,USD, ,Order
3908,Q-3742-V4353M,MACRO,27 Sep 2021,IQ,Sahraa A.R.,W912ER-19-C-0018 Care And Preservation Vehicle Maintenance Facility,PROCUREMENT SUPPORT - CN8,Misc.,Various,18602.58,USD, ,Order
3909,Q-3742-V4353L,MACRO,27 Sep 2021,IQ,Sahraa A.R.,W912ER-19-C-0018 Care And Preservation Vehicle Maintenance Facility,PROCUREMENT SUPPORT - CN3,Misc.,Various,29341.66,USD, ,Order
3910,Q-3742-V4353K,MACRO,27 Sep 2021,IQ,Sahraa A.R.,W912ER-19-C-0018 Care And Preservation Vehicle Maintenance Facility,PROCUREMENT SUPPORT - CN9,Misc.,Various,87609.73,USD, ,Order
3911,Q-3742-V4353J,MACRO,27 Sep 2021,IQ,Sahraa A.R.,W912ER-19-C-0018 Care And Preservation Vehicle Maintenance Facility,PROCUREMENT SUPPORT - CN10,Misc.,Various,24299.54,USD, ,Order
3912,Q-3742-V4353I,MACRO,27 Sep 2021,IQ,Sahraa A.R.,W912ER-19-C-0018 Care And Preservation Vehicle Maintenance Facility,PROCUREMENT SUPPORT - CN7,Misc.,Various,216752.08,USD, ,Order
3913,Q-3742-V4353H,MACRO,27 Sep 2021,IQ,Sahraa A.R.,W912ER-19-C-0018 Care And Preservation Vehicle Maintenance Facility,PROCUREMENT SUPPORT - CN5,Misc.,Various,7953.18,USD, ,Order
3914,Q-3742-V4353G,MACRO,27 Sep 2021,IQ,Sahraa A.R.,W912ER-19-C-0018 Care And Preservation Vehicle Maintenance Facility,PROCUREMENT SUPPORT - CN3,Misc.,Various,20434.36,USD, ,Order
3915,Q-1192-F11375A,FIRESTOP,27 Sep 2021,IQ,Azar S.,FIRESTOPPING PROJECT,SUPPLY OF DC 68,Firestop/ DC 315,Fire,1746.92,AED,Raquel I.,Order
3916,Q-1192-F7770A,FIRESTOP,27 Sep 2021,IQ,Azar S.,Lebanon Project,Supply Of MVL Firestop Materials,Firestop/ DC 315,Fire,922,USD,Raquel I.,Cancled
3917,Q-3742-V4353F,MACRO,27 Sep 2021,IQ,Sahraa A.R.,W912ER-19-C-0018 Care And Preservation Vehicle Maintenance Facility,PROCUREMENT SUPPORT - CN2,Misc.,Various,92315.73,USD, ,Order
3918,Q-1192-F11394,FIRESTOP,27 Sep 2021,IQ,Glazinum F.C.,STRUCTURAL &amp; WEATHER SEALANT,SUPPLY OF SGS 6000 &amp; NWS 2000,Firestop/ DC 315,Fire,33.6,AED,Avinash P.,Quotation
3919,Q-1192-F11393,FIRESTOP,27 Sep 2021,IQ,Tamco G.F.,STRUCTURAL &amp; WEATHER SEALANT,SUPPLY OF SGS 6000 &amp; NWS 2000,Firestop/ DC 315,Fire,33.6,AED,Avinash P.,Quotation
3920,Q-1192-F11392,FIRESTOP,27 Sep 2021,IQ,Lpflex B.I.,FIRESTOPPING PROJECT,SUPPLY OF INSS2460 BLACK,Firestop/ DC 315,Fire,29.4,AED,Muhammad N.,Order
3921,Q-1192-F11391,FIRESTOP,26 Sep 2021,IQ,Pfc S.L.,"4 No. Of Software Building, Bangladesh",SUPLY OF DC7120,Firestop/ DC 315,Fire,1815850,USD,Arun stephen ,Quotation
3922,Q-1192-F11390,FIRESTOP,26 Sep 2021,IQ,Smart M.S.,ARABIAN RANCHES III (PHASE 2A),"SUPPLY OF INSS1440, INFS0812,SSHOOP,D64",Firestop/ DC 315,Fire,121747.5,AED,Habib B.,Quotation
3923,Q-1192-F11389,FIRESTOP,26 Sep 2021,IQ,East C.C.,IRIS DATA CENTER_PO # 4500005348,SUPPLY OF INSS2460 BLACK,Firestop/ DC 315,Fire,8347.5,AED,Habib B.,Order
3924,Q-1192-F11388,FIRESTOP,26 Sep 2021,IQ,Jpm A.T.,"LEEBARCH PALACE ( G+3P+15TYP+HC) PLOT NO. 6734072, ARJAN, DUBAI# LPO JPM/MVL/0121/2021","SUPPLY OF D120,INSS1440,INSS1186,CFS01",Firestop/ DC 315,Fire,3206.7,AED,Habib B.,Order
3925,RFQ-1569-O24,MACRO,23 Sep 2021,RFQ,Anigma T.,Office Related,CUSTOMIZED PC DESKTOP - Ms. Anai,Computer Peripherals,Office Assets,3760,AED, ,Order
3926,Q-1192-F11387,FIRESTOP,23 Sep 2021,IQ,Menasco M.C.,"SEVEN HOTEL AND APARTMENTS, THE PALM (2B + GR + MEZ + 14 + ROOF) PLOT: 3812730 LPO#1021003458","SUPPLY OF SSHOOP, INFS0812",Firestop/ DC 315,Fire,43260,AED,Arun stephen ,Order
3927,Q-1192-F11386,FIRESTOP,23 Sep 2021,IQ,Safety W.,INTERMASS MISK 3&amp; 4# LPO 1683,"SUPPLY OF INSS1440, INFS0812",Firestop/ DC 315,Fire,26250,AED,Habib B.,Order
3928,Q-1192-F11380A,FIRESTOP,22 Sep 2021,IQ,Media P.I.,DUBAI LIVE OPENING CEREMONY DEC EXPO NORTH &amp; SOUTH HALL# MP2021/338,SUPPLY OF DC 68,Firestop/ DC 315,Fire,2467.5,AED,Ramshad K.,Order
3929,Q-1192-F11385,FIRESTOP,22 Sep 2021,IQ,Dubai P.L.,40856,SUPPLY OF INSS1186,Firestop/ DC 315,Fire,168,AED,Arun stephen ,Order
3930,Q-3734-V4273G,MACRO,21 Sep 2021,IQ,Metron C.&.,(QTR-173) W912ER-19-C-0016 CONSOLIDATED SQUADRON OPERATIONS FACILITY,PROCUREMENT SUPPORT FOR - 3734 - CSOF - METRON,Building Materials,Various,205377.66,USD, ,Order
3931,Q-1192-F11384,FIRESTOP,21 Sep 2021,IQ,Aluminium B.B.,FIRESTOPPING PROJECT,SUPPLY OF US150,Firestop/ DC 315,Fire,35500,USD,Avinash P.,Quotation
3932,Q-1192-F11383,FIRESTOP,20 Sep 2021,IQ,Al R.C.,"Commercial Building (2B+GF+8 Typ.+ RF), Al Raha Beach,                     Sector : RBW7, Plot - C25, Abu Dhabi# LPO AR/GEN/MC150/00504","SUPPLY OF INSS1440, FP04",Firestop/ DC 315,Fire,48930,AED,Habib B.,Order
3933,Q-1192-F11382,FIRESTOP,20 Sep 2021,IQ,Lpflex B.I.,FIRESTOPPING PROJECT,SUPPLY OF INSS2460 DARK GREY,Firestop/ DC 315,Fire,58.8,AED,Muhammad N.,Order
3934,Q-1192-F11381,FIRESTOP,20 Sep 2021,IQ,Hajar T.A.,BAHRAIN SMELTER PLANT PROJECT# # LPO HTTE/PO-211478/21,SUPPLY OF US150,Firestop/ DC 315,Fire,35500,USD,Raquel I.,Order
3935,Q-1192-F11380,FIRESTOP,19 Sep 2021,IQ,Media P.I.,DUBAI LIVE OPENING CEREMONY DEC EXPO NORTH &amp; SOUTH HALL# LPO MP2021/317,SUPPLY OF DC 68,Firestop/ DC 315,Fire,2467.5,AED,Ramshad K.,Order
3936,Q-3742-V4353E,MACRO,19 Sep 2021,IQ,Sahraa A.R.,W912ER-19-C-0018 Care And Preservation Vehicle Maintenance Facility,PROCUREMENT SUPPORT - CN10,Misc.,Various,4832.54,USD, ,Order
3937,Q-3742-V4353D,MACRO,19 Sep 2021,IQ,Sahraa A.R.,W912ER-19-C-0018 Care And Preservation Vehicle Maintenance Facility,PROCUREMENT SUPPORT - CN8,Misc.,Various,45368.29,USD, ,Order
3938,Q-3742-V4353C,MACRO,19 Sep 2021,IQ,Sahraa A.R.,W912ER-19-C-0018 Care And Preservation Vehicle Maintenance Facility,PROCUREMENT SUPPORT - CN6,Misc.,Various,43742.49,USD, ,Order
3939,Q-1192-F11379,FIRESTOP,19 Sep 2021,IQ,Firestop-me ,FIRESTOPPING PROJECT,SUPPLY OF DC 68,Firestop/ DC 315,Fire,243.5,USD,Avinash P.,Quotation
3940,Q-1192-F11378,FIRESTOP,19 Sep 2021,IQ,Al N.G.,WEATHER SEALANT,SUPPLY OF NWS 2000,Firestop/ DC 315,Fire,15.75,AED,Raquel I.,Quotation
3941,Q-1005-S9049,MACRO,19 Sep 2021,IQ,Sahraa A.R.,Supply &amp; Delivery Of Roof Hatch-VMF Kuwait,Supply &amp; Delivery Of Roof Hatch-VMF Kuwait,Construction,Services,13990,USD,Mahesh B.,Order
3942,Q-1192-F11377,FIRESTOP,19 Sep 2021,IQ,Jpm A.T.,G403-RIVIERA PHASE 2- AZIZI # LPO 0119/09/2021,SUPPLY OF INSS1186 5G PAIL,Firestop/ DC 315,Fire,4200,AED,Arun stephen ,Order
3943,Q-1192-F11376,FIRESTOP,19 Sep 2021,IQ,Jpm A.T.,"LEEBARCH PALACE ( G+3P+15TYP+HC) PLOT NO. 6734072, ARJAN, DUBAI# LPO 0118/09/2021",SUPPLY OF D120 &amp; CFS01,Firestop/ DC 315,Fire,2929.5,AED,Habib B.,Order
3944,Q-1192-F11375,FIRESTOP,16 Sep 2021,IQ,Azar S.,FIRESTOPPING PROJECT,SUPPLY OF DC 68,Firestop/ DC 315,Fire,5750,AED,Raquel I.,Order
3945,Q-1192-F11374,FIRESTOP,16 Sep 2021,IQ,International H.C.,CENTER OF EXCELLENCE SGH DUBAI# LPO 11529,"SUPPLY OF INFS0812, INSS1186, INSS1440",Firestop/ DC 315,Fire,16359,AED,Habib B.,Order
3946,Q-1192-F11373,FIRESTOP,16 Sep 2021,IQ,Siraj I.A.,G+27 JVT - THE ONE # AI/LPO/6758/21,SUPPLY OF INSS2460 BLACK,Firestop/ DC 315,Fire,1701,AED,Avinash P.,Order
3947,RFQ-3734-V4284,MACRO,16 Sep 2021,RFQ,Etihad f.C.,(QTR-173) W912ER-19-C-0016 CONSOLIDATED SQUADRON OPERATIONS FACILITY,600 Ton Back Fill Materials,Building Materials,Various,12600,QAR, ,Order
3948,Q-1192-F11372,FIRESTOP,16 Sep 2021,IQ,Akbar T.L.,FIRESTOPPING PROJECT,SUPPLY OF DC6150,Firestop/ DC 315,Fire,1417.5,AED,Muhammad N.,Quotation
3949,Q-1192-F11371,FIRESTOP,15 Sep 2021,IQ,Azar S.,FIRESTOPPING PROJECT,"SUPPLY OF DC 68, INSS2460, CFS01",Firestop/ DC 315,Fire,2116.8,AED,Raquel I.,Quotation
3950,Q-1192-F11370,FIRESTOP,15 Sep 2021,IQ,Nascon E.L.,AYKON CITY # LPO 1819-21,SUPPLY OF INSS1440 5G PAIL &amp; INSS1186,Firestop/ DC 315,Fire,5789.44,AED,Arun stephen ,Order
3951,Q-1192-F11369,FIRESTOP,14 Sep 2021,IQ,Safety W.,INTERMASS MISK 3-4 # LPO 1676,SUPPLY OF CFS01,Firestop/ DC 315,Fire,819,AED,Habib B.,Order
3952,Q-1192-F11368,FIRESTOP,14 Sep 2021,IQ,Jpm A.T.,"LEEBARCH PALACE ( G+3P+15TYP+HC) PLOT NO. 6734072, ARJAN, DUBAI# LPO JPM/MVL/0117/2021","SUPPLY OF CFS01, D120, FP05",Firestop/ DC 315,Fire,2925.3,AED,Habib B.,Order
3953,Q-1192-F11367,FIRESTOP,13 Sep 2021,IQ,Fibrex L.,PR#15778# F-ALM-MOPA03-PUR-34089-2021-R-0,SUPPLY OF INSS2460 BLACK,Firestop/ DC 315,Fire,2677.5,AED,Habib B.,Order
3954,Q-1192-F11366,FIRESTOP,13 Sep 2021,IQ,Specialized A.A.,FIRESTOPPING  &amp; GENERAL PROJECT,"SUPPLY OF INSS2460, NWS,SGS",Firestop/ DC 315,Fire,59.85,AED,Avinash P.,Quotation
3955,Q-1192-F11365,FIRESTOP,13 Sep 2021,IQ,Safety W.,AIROLINK#AL WASL DEVELOPMENT#LPO 1674,SUPPLY OF INSS1186 5G PAIL,Firestop/ DC 315,Fire,9975,AED,Arun stephen ,Order
3956,Q-1192-F11364,FIRESTOP,13 Sep 2021,IQ,Safety W.,INTERMASS # LPO 1673,SUPPLY OF INSS1186 5G PAIL,Firestop/ DC 315,Fire,9975,AED,Habib B.,Order
3957,Q-1192-F11363,FIRESTOP,13 Sep 2021,IQ,Luminary ,ADNOC,SUPPLY OF DC6150,Firestop/ DC 315,Fire,2905087.5,AED,Raquel I.,Quotation
3958,Q-1192-F11362,FIRESTOP,12 Sep 2021,IQ,Arabian C.G.,RFQ 1049 - ALPHA DATA - JVC DUBAI # LPO 2107299,SUPPLY OF INSS1186 5G PAIL,Firestop/ DC 315,Fire,2100,AED,Habib B.,Order
3959,Q-1192-F11361,FIRESTOP,12 Sep 2021,IQ,Jpm A.T.,"FOOD HALL 2- EXPO, DUBAI# JPM/MV/0116/2021",SUPPLY OF MEP MATERIALS,Firestop/ DC 315,Fire,3305.4,AED,Arun stephen ,Order
3960,Q-1192-F11360,FIRESTOP,08 Sep 2021,IQ,Menasco M.C.,SEVEN TIDES# LPO 1021003190,"SUPPLY OF FP05, CFS01,D120",Firestop/ DC 315,Fire,6573,AED,Arun stephen ,Order
3961,Q-1005-M7042,MV LLC,08 Sep 2021,IQ,Department O.D.,Solicitation#W50S7K-21-R-0021-Supply &amp; Delivery Of Air Conditioners(PTAC Units),Solicitation#W50S7K-21-R-0021-Supply &amp; Delivery Of Air Conditioners(PTAC Units),Mechanical Items,Mechanical,116880,USD,Mahesh B.,Cancled
3962,Q-1192-F11359,FIRESTOP,07 Sep 2021,IQ,Phases T.&.,SUPPLY OF NWS &amp; SGS,SUPPLY OF NEUTRAL WEATHER SEALANT AND STRUCTURAL GLAZING SEALANT,Firestop/ DC 315,Fire,30.45,AED,Habib B.,Quotation
3963,RFQ-1192-F11358,FIRESTOP,07 Sep 2021,RFQ,International C.T.,Firestop Materials,Order No. INCA-20210907-06,Firestop/ DC 315,Fire,58464,USD, ,Order
3964,RFQ-3734-S9032,MACRO,06 Sep 2021,RFQ,Al S.T.,(QTR-173) W912ER-19-C-0016 CONSOLIDATED SQUADRON OPERATIONS FACILITY,CSOF-Fibre Optic Cable Requirement,Construction,Services,13371.2,QAR, ,Order
3965,RFQ-3734-V4283,MACRO,06 Sep 2021,RFQ,Euro S.L.,(QTR-173) W912ER-19-C-0016 CONSOLIDATED SQUADRON OPERATIONS FACILITY,Supply And Installation Of Manual Roller Blind &ndash;WS2 Dual Shade,Building Materials,Various,14075,QAR, ,Order
3966,Q-1192-F11259A,FIRESTOP,06 Sep 2021,IQ,Menasco M.C.,"SEVEN HOTEL AND APARTMENTS, THE PALM (2B + GR + MEZ + 14 + ROOF) PLOT: 3812730 LPO#1021003159",SUPPLY OF INSS1440,Firestop/ DC 315,Fire,12600,AED,Arun stephen ,Order
3967,Q-1192-F11357A,FIRESTOP,06 Sep 2021,IQ,Tiger C.C.,"PROPOSED G+3P+14+ROOF COMMERCAIL RES. BUILDING, PLOT NO.: 3261444, AL JADAF, DUBAI, UAE",Supply Of Fire Stop Materials MEP- EJ,Firestop/ DC 315,Fire,165103.05,AED,Arun stephen ,Quotation
3968,Q-1192-F11357,FIRESTOP,06 Sep 2021,IQ,Tiger C.C.,"PROPOSED G+3P+14+ROOF COMMERCAIL RES. BUILDING, PLOT NO.: 3261444, AL JADAF, DUBAI, UAE",Supply Of Fire Stop Materials MEP- NORMAL SYSTEMS,Firestop/ DC 315,Fire,296588.25,AED,Arun stephen ,Quotation
3969,Q-1192-F11353A,FIRESTOP,05 Sep 2021,IQ,Tiger C.C.,"PROPOSED G+3P+14+ROOF COMMERCAIL RES. BUILDING, PLOT NO.: 3261444, AL JADAF, DUBAI, UAE",Supply Of Fire Stop Materials - CIVIL- EJ,Firestop/ DC 315,Fire,105420,AED,Arun stephen ,Quotation
3970,Q-1192-F11356,FIRESTOP,05 Sep 2021,IQ,Arabian C.G.,MOCK UP SAMPLE #2B+G+6F+ROOF COMMERCIAL &amp; RESIDENTIAL COMPLEX - THE FIRST INVESTOR,SUPPLY OF INSS1186 5G PAIL,Firestop/ DC 315,Fire,525,AED,Habib B.,Order
3971,Q-1192-F11355,FIRESTOP,05 Sep 2021,IQ,Al Q.G.,1144-G+50 : GATE TOWER # LPO 102100687,SUPPLY OF INSS1186 5G PAIL,Firestop/ DC 315,Fire,49875,AED,Muhammad N.,Order
3972,Q-1192-F11039A,FIRESTOP,05 Sep 2021,IQ,International H.C.,Saudi German Hospital,SUPPLY OF SSHOOP,Firestop/ DC 315,Fire,4200,AED,Habib B.,Quotation
3973,Q-1192-F11354,FIRESTOP,05 Sep 2021,IQ,Dicotech T.a.,FIRESTOPPING PROJECT,Supply Of Fire Stop Materials,Firestop/ DC 315,Fire,2265.55,USD,Avinash P.,Quotation
3974,Q-1192-F11353,FIRESTOP,05 Sep 2021,IQ,Tiger C.C.,"PROPOSED G+3P+14+ROOF COMMERCAIL RES. BUILDING, PLOT NO.: 3261444, AL JADAF, DUBAI, UAE",Supply Of Fire Stop Materials - CIVIL- CJ,Firestop/ DC 315,Fire,159600,AED,Arun stephen ,Quotation
3975,Q-1192-F11352,FIRESTOP,05 Sep 2021,IQ,Al Q.E.,"Commercial Building, Mohammed Bin Zayed (Al Hameli) - Al Qodorat, Abu Dhabi FLOORS : 3 BASEMNT+GROUND FLOOR+MEZZANINE+7 TYPICAL FLOORS + ROOF FLOOR",Supply Of Fire Stop Materials MEP,Firestop/ DC 315,Fire,19684.35,AED,Avinash P.,Quotation
3976,RFQ-1192-V4433,FIRESTOP,02 Sep 2021,RFQ,Printek S.,MVL FIRESTOP - MISC,SHARP PRINTER MX61NT PRINTER TONER CARTRIDGES,Misc.,Various,1942.5,AED, ,Order
3977,Q-1192-F11351,FIRESTOP,02 Sep 2021,IQ,Drc I.E.,P112 EMAAR HOSPITALITY # LPO P112/DRC/020921/404,"SUPPLY OF INSS1440, D64",Firestop/ DC 315,Fire,656.46,AED,Arun stephen ,Order
3978,RFQ-3734-E6801,MACRO,02 Sep 2021,RFQ,Tic L.E.,(QTR-173) W912ER-19-C-0016 CONSOLIDATED SQUADRON OPERATIONS FACILITY,Daltile Kimona Silk(PTS) Porcelain Tile  24 INCH X 24 INCH Panda Black Color P327 - 15.20  SF/Ctn Origin: U,Electrical,Electrical,949.43,USD, ,Order
3979,RFQ-1192-V4316,FIRESTOP,02 Sep 2021,RFQ,Fujairah R.F.,MVL Firestop,SLAB WITHOUT FACING (SXXX) Density: 160Kg/M3 Thickness: 50mm Size:1.2 MtrX 0.6 Mtr,Building Materials,Various,12307.68,AED, ,Order
3980,Q-1192-F11350,FIRESTOP,01 Sep 2021,IQ,International H.C.,"DUBAI HOUSE 5-7, FL-PHSE 2,3,4 #STAFF HOUSING BLOCKS - BARSHA III# LPO 11540","SUPPLY OF CFS01, D120",Firestop/ DC 315,Fire,12904.5,AED,Habib B.,Order
3981,Q-1192-F11349,FIRESTOP,01 Sep 2021,IQ,Floors a.M.,"Sea World, Abu Dhabi",SUPPLY OF DC 68,Firestop/ DC 315,Fire,71442,AED,Habib B.,Quotation
3982,RFQ-1569-V4392,MACRO,01 Sep 2021,RFQ,Ast D.P.,MVL Office Misc,WHITE MUG WITH FULL COLOR PRINTING ( As Per Approved Design),Misc.,Various,630,AED, ,Order
3983,Q-1192-F11348,FIRESTOP,31 Aug 2021,IQ,Asteco C.L.,"PROPOSED G+4+ROOF BUILDING  ON PLOT 117-245 AT AL MURAR, DUBAI, UAE.",Supply Of Fire Stop Materials MEP,Firestop/ DC 315,Fire,15009.75,AED,Arun stephen ,Quotation
3984,Q-1192-F11347,FIRESTOP,31 Aug 2021,IQ,Asteco C.L.,"PROPOSED G+4+ROOF BUILDING  ON PLOT 117-245 AT  AL MURAR, DUBAI, UAE",Supply Of Fire Stop Materials - CIVIL,Firestop/ DC 315,Fire,9786,AED,Arun stephen ,Quotation
3985,Q-1192-F11346,FIRESTOP,31 Aug 2021,IQ,Baker B.C.,"Proposed Hotel Building, G+3P+MECH F+14+HC, Plot NO.: 3083, Sharjah, UAE.",Supply Of Fire Stop Materials MEP,Firestop/ DC 315,Fire,17825.85,AED,Samar T.,Quotation
3986,Q-1192-F11345,FIRESTOP,31 Aug 2021,IQ,Al F.A.,LPO 6515,SUPPLY OF INSS2460 BLACK,Firestop/ DC 315,Fire,13650,AED,Muhammad N.,Order
3987,Q-1192-F11344,FIRESTOP,31 Aug 2021,IQ,Jpm A.T.,G+P+8TYP+ROOF- CITY NIGHT CONT.# LPO JPM/MVL/0114/2021,SUPPLY OF INSS1186 5G PAIL,Firestop/ DC 315,Fire,6300,AED,Habib B.,Order
3988,Q-1192-F11343,FIRESTOP,30 Aug 2021,IQ,Al M.C.,"P 78#B+G+M+2 BUILDING, JUMIERAH FIRST# LPO 766","SUPPLY OF INSS1440, INFS0812,D64",Firestop/ DC 315,Fire,2541,AED,Muhammad N.,Order
3989,Q-2797-V4360,MACRO,30 Aug 2021,IQ,Tatekan C.,Procurement Support For Purchasing Materials - FPT2 Project,Procurement Support For Purchasing Materials - FPT2 Project,Misc.,Various,93634.31,USD, ,Order
3990,RFQ-3734-V4282,MVL Qatar,29 Aug 2021,RFQ,Manlift Q.W.,(QTR-173) W912ER-19-C-0016 CONSOLIDATED SQUADRON OPERATIONS FACILITY,Genie Diesel Boom Articulated,Building Materials,Various,6350,QAR, ,Order
3991,RFQ-3734-V4281,MACRO,29 Aug 2021,RFQ,Manlift Q.W.,(QTR-173) W912ER-19-C-0016 CONSOLIDATED SQUADRON OPERATIONS FACILITY,Diesel Boom Articulated,Building Materials,Various,8900,QAR, ,Cancled
3992,Q-1192-F11342,FIRESTOP,29 Aug 2021,IQ,Arabian C.G.,"Proposed 2B+G+29+Mech.Floor Hotel &amp; Residential Building, Plot No.:BB.A06.064 (DM NO.3460155), Business Bay, Dubai",Supply Of Fire Stop Materials - CIVIL,Firestop/ DC 315,Fire,54936,AED,Habib B.,Quotation
3993,Q-1005-E7041,MV LLC,29 Aug 2021,IQ,Area S.G.,"Supply &amp; Delivery Of Flood Lights - ASG, Kuwait","Supply &amp; Delivery Of Flood Lights - ASG, Kuwait",Electrical,Electrical,220000,USD, ,Cancled
3994,Q-1192-F11341,FIRESTOP,29 Aug 2021,IQ,Arabian C.G.,"Proposed 2B+G+29+Mech.Floor Hotel &amp; Residential Building, Plot No.:BB.A06.064 (DM NO.3460155), Business Bay, Dubai.",Supply Of Fire Stop Materials MEP,Firestop/ DC 315,Fire,202692,AED,Habib B.,Quotation
3995,Q-1005-V7031,MV LLC,29 Aug 2021,IQ,Bureau o.L.,"140L6421R0005-Supply &amp; Delivery Of Fencing Material , Arizona","Supply &amp; Delivery Of Fencing Material , Arizona",Building Materials,Various,0,USD, ,Cancled
3996,Q-1192-F11340,FIRESTOP,29 Aug 2021,IQ,Al S.E.,EM 142- G+3- RESIDENTIAL BUILDING-PLOT 316-370AL RAFFA # LPO 011935,SUPPLY OF CFS01,Firestop/ DC 315,Fire,834.75,AED,Arun stephen ,Order
3997,Q-1192-F11339,FIRESTOP,29 Aug 2021,IQ,Safety W.,FIVE STARS CONTRACTING#PLOT C19# LPO 1669,SUPPLY OF CFS01,Firestop/ DC 315,Fire,682.5,AED,Habib B.,Order
3998,Q-1192-F11338,FIRESTOP,26 Aug 2021,IQ,Jpm A.T.,3B+G+11 TYP+R- ABU DHABI # LPO JPM/MVL/0112/2021,SUPPLY OF INSS1186 5G PAIL,Firestop/ DC 315,Fire,1995,AED,Habib B.,Order
3999,RFQ-3734-V4280,MACRO,26 Aug 2021,RFQ,Al I.G.,(QTR-173) W912ER-19-C-0016 CONSOLIDATED SQUADRON OPERATIONS FACILITY,ALUMINUM FIXED WINDOW SAMPLE,Building Materials,Various,14036,QAR, ,Order
4000,Q-1192-F11337,FIRESTOP,26 Aug 2021,IQ,Fibrex L.,FIRESTOPPING PROJECT,"SUPPLY OF NWS, SGS, INSS2460",Firestop/ DC 315,Fire,582750,AED,Habib B.,Quotation
4001,Q-1192-F11336,FIRESTOP,25 Aug 2021,IQ,Tamco G.F.,JOB 4770,"SUPPLY OF INSS1186, D120, INSS2460",Firestop/ DC 315,Fire,1680,AED,Samar T.,Order
4002,Q-1192-F11335,FIRESTOP,25 Aug 2021,IQ,House E.C.,CMW-19061. TOWAISA# LPO HEC/PO/2021-1367,"SUPPLY OF INSS1440, INSS1186",Firestop/ DC 315,Fire,4464.6,AED,Samar T.,Order
4003,Q-1192-F11334,FIRESTOP,25 Aug 2021,IQ,United E.C.,FIRESTOPPING PROJECT,SUPPLY OF INSS1440,Firestop/ DC 315,Fire,320.77,AED,Habib B.,Order
4004,Q-1192-F11333,FIRESTOP,25 Aug 2021,IQ,Fsime C.L.,CITY WALK - PHASE 5,Supply Of Fire Stop Materials MEP,Firestop/ DC 315,Fire,70625.1,AED,Avinash P.,Quotation
4005,Q-1005-E7040,MV LLC,25 Aug 2021,IQ,"American C.,.",Supply &amp; Delivery Of LED Lighting Fixtures-PR10121475,Supply &amp; Delivery Of LED Lighting Fixtures-PR10121475,Electrical,Electrical,23280,USD,Mahesh B.,Cancled
4006,Q-1192-F11332A,FIRESTOP,25 Aug 2021,IQ,New S.E.,"G+2P+H.C.+7 FLOORS+ROOF RESIDENTIAL BUILDING ON PLOT No. 3347615, AL SATWA, DUBAI, U.A.E.",Supply Of Fire Stop Materials MEP UL,Firestop/ DC 315,Fire,49092.75,AED,Muhammad N.,Quotation
4007,Q-1192-F11332,FIRESTOP,25 Aug 2021,IQ,New S.E.,"85-G+2P+H.C.+7 FLOORS+ROOF RESIDENTIAL BUILDING ON PLOT No. 3347615, AL SATWA, DUBAI# LPO 25683",Supply Of Fire Stop Materials MEP- EJ,Firestop/ DC 315,Fire,18419.1,AED,Muhammad N.,Order
4008,Q-1192-F11331,FIRESTOP,24 Aug 2021,IQ,Nascon E.L.,AYKON CITY# LPO 1683-21,SUPPLY OF FP04,Firestop/ DC 315,Fire,4347,AED,Arun stephen ,Order
4009,Q-1192-F11323A,FIRESTOP,23 Aug 2021,IQ,Fibrex L.,"COMMERCIAL DEVELOPMENT (OFFICE BUILDING) 3B+G+11TYP.+R, PLOT NO.: C02, SECTOR : RBW7, ABU DHABI ISLAND",SUPPLY OF NWS 2000,Firestop/ DC 315,Fire,2.94,AED,Habib B.,Quotation
4010,Q-1192-F11330,FIRESTOP,23 Aug 2021,IQ,New S.E.,"G+2P+H.C.+7 FLOORS+ROOF RESIDENTIAL BUILDING ON PLOT NO. 3347615, AL SATWA, DUBAI, U.A.E.",Supply Of Fire Stop Materials - CIVIL,Firestop/ DC 315,Fire,7087.5,AED,Muhammad N.,Quotation
4011,Q-1005-S9048,MVL Nepal,23 Aug 2021,IQ,Theater C.C.,Supply &amp; Delivery - Fencing Materials-Camp Sayliyah,Supply &amp; Delivery - Fencing Materials-Camp Sayliyah,Construction,Services,249224.55,QAR,Mahesh B.,Cancled
4012,Q-1192-F11329,FIRESTOP,23 Aug 2021,IQ,Al M.C.,"B+G+M+2 BUILDING, JUMIERAH FIRST, DUBAI, UAE",Supply Of Fire Stop Materials MEP,Firestop/ DC 315,Fire,4431,AED,Muhammad N.,Quotation
4013,Q-1192-F11328,FIRESTOP,23 Aug 2021,IQ,Arabian C.G.,"2B+G+6F+ROOF COMMERCIAL &amp; RESIDENTIAL COMPLEX - THE FIRST INVESTOR LLC, DUBAI, UAE",Supply Of Fire Stop Materials - CIVIL,Firestop/ DC 315,Fire,120477,AED,Habib B.,Quotation
4014,Q-2797-V4269G,MACRO,22 Aug 2021,IQ,Metron I.,W5J9JE18C0008 &ndash; MOI COMPLEX FEMALE POLICE TOWN PHASE II,FPT2 - METRON - Procurement Support,Building Materials,Various,76278.4,USD, ,Order
4015,Q-1192-F11327,FIRESTOP,19 Aug 2021,IQ,Arabian C.G.,"2B+G+6F+ROOF COMMERCIAL &amp; RESIDENTIAL COMPLEX ON PLOT No. 3210222, MADINAT DUBAI AL MELAHEYAH, DUBAI# LPO 2109530",Supply Of Fire Stop Materials MEP &amp; CIVIL,Firestop/ DC 315,Fire,297696,AED,Habib B.,Order
4016,Q-1192-F11326,FIRESTOP,19 Aug 2021,IQ,General C.C.,"JEWEL OF THE CREEK DEVELOPMENT PHASE 2, BLK:F1-F2 (4B+G+M+17FLRS+RF) OFFICES BUILDING, PLOT NO.: 129-104, PORT SAEED, DUBAI, UAE","SUPPLY OF INSS1186, INSS0285",Firestop/ DC 315,Fire,0,AED,Arun stephen ,Quotation
4017,Q-1192-F11325,FIRESTOP,19 Aug 2021,IQ,General C.C.,"JEWEL OF THE CREEK DEVELOPMENT PHASE 2, BLK:F1-F2 (4B+G+M+17FLRS+RF) OFFICES BUILDING, PLOT NO.: 129-104, PORT SAEED, DUBAI, UAE",SUPPLY OF INSS0285,Firestop/ DC 315,Fire,30429,AED,Arun stephen ,Quotation
4018,Q-1192-F11324,FIRESTOP,19 Aug 2021,IQ,General C.C.,"JEWEL OF THE CREEK DEVELOPMENT (BLOCK F1/F2), PHASE 2, PLOT NO.: 129-104, PORT SAEED, DUBAI, UAE",Supply Of Fire Stop Materials - INSS1186,Firestop/ DC 315,Fire,93082.5,AED,Arun stephen ,Quotation
4019,Q-1192-F11323,FIRESTOP,18 Aug 2021,IQ,Fibrex L.,WEATHER SEALANT,SUPPLY OF NWS 2000,Firestop/ DC 315,Fire,14.7,AED,Habib B.,Quotation
4020,RFQ-3734-V4278,MACRO,18 Aug 2021,RFQ,Alaina E.S.,(QTR-173) W912ER-19-C-0016 CONSOLIDATED SQUADRON OPERATIONS FACILITY,Fabrication And Supply Of Downspout And Bollard,Building Materials,Various,21000,QAR, ,Order
4021,RFQ-1192-V4432,FIRESTOP,17 Aug 2021,RFQ,King P.C.,MVL Firestop,MVL Firestop Brochures 2021 (New Design),Misc.,Various,3848.25,AED, ,Order
4022,RFQ-1192-F11322,FIRESTOP,17 Aug 2021,RFQ,International C.T.,MVL Firestop Material Replenishment,INCA - Order No. INCA-20210817-05,Firestop/ DC 315,Fire,27072,USD, ,Order
4023,Q-1192-F11321,FIRESTOP,16 Aug 2021,IQ,Kasco p.D.,SATWA # LPO 206,SUPPLY OF CFS01,Firestop/ DC 315,Fire,1503.6,AED,Habib B.,Order
4024,Q-1192-F11320,FIRESTOP,16 Aug 2021,IQ,Atcon C.L.,"PROPOSED RESIDENCE BUILDING- G+4P+15 TYPICAL + ROOF, PLOT NO.: JVC17TCP002B, JVC, DUBAI",Supply Of Fire Stop Materials MEP,Firestop/ DC 315,Fire,47135.81,AED,Muhammad N.,Quotation
4025,Q-1192-F11319,FIRESTOP,16 Aug 2021,IQ,Atcon C.L.,"PROPOSED RESIDENCE BUILDING, G+4P+15 TYPICAL + ROOF, PLOT NO.: JVC17TCP002B, JVC, DUBAI",Supply Of Fire Stop Materials - CIVIL,Firestop/ DC 315,Fire,37406.25,AED,Muhammad N.,Quotation
4026,Q-1192-F11318,FIRESTOP,15 Aug 2021,IQ,Kasco p.D.,SATWA # LPO 205,"SUPPLY OF INFS0812, SSHOOP",Firestop/ DC 315,Fire,1882.28,AED,Habib B.,Order
4027,Q-1192-F10993B,FIRESTOP,15 Aug 2021,IQ,Fscunion Y.S.,FIRESTOPPING PROJECT,SUPPLY OF INSS1186 5G PAIL,Firestop/ DC 315,Fire,9000,USD,Avinash P.,Quotation
4028,Q-1192-F11317,FIRESTOP,15 Aug 2021,IQ,Al A.M.,"SEWA IPP, 1800MW POWER PLANT, SHARJAH HAMRIYA # LPO 7015014030/A2554",SUPPLY OF FM011,Firestop/ DC 315,Fire,4410,AED,Avinash P.,Order
4029,RFQ-1192-V4431,FIRESTOP,15 Aug 2021,RFQ,Ul G.,TESTING AND UL-EU CERTIFICATION OF 4 PIPE PENETRATION SEALS FOR INSS1440 SEALANT,TESTING AND UL-EU CERTIFICATION OF 4 PIPE PENETRATION SEALS FOR INSS1440 SEALANT,Misc.,Various,22760,USD, ,Order
4030,Q-1192-F11316,FIRESTOP,15 Aug 2021,IQ,Safety W.,INTERMASS MISK 3 &amp; 4 PO # 1659,SUPPLY OF MVL FIRESTOP MATERIALS,Firestop/ DC 315,Fire,23205,AED,Habib B.,Order
4031,Q-1192-F11315,FIRESTOP,15 Aug 2021,IQ,Jpm A.T.,G403: RIVIERA PHASE 2- AZIZI MEYDAN # LPO JPM/MVL/0109/2021,SUPPLY OF INSS1186 5G PAIL,Firestop/ DC 315,Fire,6300,AED,Arun stephen ,Order
4032,Q-1192-F11314,FIRESTOP,15 Aug 2021,IQ,Jpm A.T.,PROJECT G403-RIVIERA PAHSE 02 AZIZI MEYDAN DUBAI_PO # JPM/MVL/0109/2021,SUPPLY OF MVL FIRESTOP MATERIALS,Firestop/ DC 315,Fire,6300,AED, ,Quotation
4033,Q-1192-F11313,FIRESTOP,15 Aug 2021,IQ,Jpm A.T.,G+2P+13F+TYP+R (EAGLE BUILDING CONTRACTING) PO# JPM/MVL/0108/2021,SUPPLY OF MVL FIRESTOP MATERIALS,Firestop/ DC 315,Fire,12924.45,AED,Muhammad N.,Order
4034,Q-1192-F11312,FIRESTOP,11 Aug 2021,IQ,Grand S.B.,"Hotel Serviced Apartment (G+4P+1HC+31+Mech. Floor+RF), JVT07I0HR001, JVT, DUBAI, UAE","SUPPLY OF INSS0285, D64",Firestop/ DC 315,Fire,41879.25,AED,Habib B.,Quotation
4035,Q-1192-F11311,FIRESTOP,11 Aug 2021,IQ,Grand S.B.,"Hotel Serviced Apartment (G+4P+1HC+31+Mech. Floor+RF), JVT07I0HR001, JVT, DUBAI, UAE",Supply Of Fire Stop Materials - CIVIL,Firestop/ DC 315,Fire,49240.8,AED,Habib B.,Quotation
4036,Q-1192-F11310,FIRESTOP,11 Aug 2021,IQ,Nascon E.L.,Aykon City # LPO 1557-21,SUPPLY OF INSS1440 5G PAIL,Firestop/ DC 315,Fire,2631.22,AED,Arun stephen ,Order
4037,Q-1192-F11309,FIRESTOP,11 Aug 2021,IQ,New S.E.,56-AL BADAA_PO # 24775,SUPPLY OF INSS1440,Firestop/ DC 315,Fire,1470,USD,Muhammad N.,Order
4038,Q-1192-F11308,FIRESTOP,10 Aug 2021,IQ,Fibrex L.,"Reem Island, Abudhabi, # LPO F-CON-ALD003-PUR-33064-2021.R-0",SUPPLY OF INSS2460 DARK GREY,Firestop/ DC 315,Fire,34807.5,AED,Habib B.,Order
4039,Q-1192-F11307,FIRESTOP,10 Aug 2021,IQ,Grand S.B.,"Hotel Serviced Apartment (G+4P+1HC+31+Mech. Floor+RF), JVT07I0HR001, JVT, DUBAI, UAE",Supply Of Fire Stop Materials MEP,Firestop/ DC 315,Fire,87150,AED,Habib B.,Quotation
4040,RFQ-3734-V4354,MACRO,10 Aug 2021,RFQ,Prosol P.S.,(QTR-173) W912ER-19-C-0016 CONSOLIDATED SQUADRON OPERATIONS FACILITY,PROJECT EQUIPMENT AND OPERATORS,Misc.,Various,48300,QAR, ,Order
4041,Q-1192-F11306,FIRESTOP,09 Aug 2021,IQ,Al S.C.,"PORT DE LA MER - LA VOILE, PHASE 4 - PLOT 4, PLOT NO.: 3320324 PDLM - APT.04, JUMEIRAH FIRST, DUBAI, UAE",Supply Of Fire Stop Materials - CIVIL,Firestop/ DC 315,Fire,44845.5,AED,Habib B.,Quotation
4042,Q-1192-F11305A,FIRESTOP,09 Aug 2021,IQ,Trojan G.C.,"B4 RESIDENTIAL TOWER OPERA DISTRICT DOWNTOWN, DUBA",SUPPLY OF NWS,Firestop/ DC 315,Fire,15.22,AED,Samar T.,Quotation
4043,Q-1192-F11305,FIRESTOP,09 Aug 2021,IQ,Trojan G.C.,"B4 RESIDENTIAL TOWER OPERA DISTRICT DOWNTOWN, DUBA",SUPPLY OF SGS &amp; NWS,Firestop/ DC 315,Fire,211181.25,AED,Samar T.,Quotation
4044,Q-1192-F11304,FIRESTOP,09 Aug 2021,IQ,Al W.B.,"G+3PODIUMS+21 TYPICAL FLOORS, PLOT NO.: JVC12PHRS004, JUMEIRAH VILLAGE AL BARSHA SOUTH FOURTH, DUBAI",Supply Of Fire Stop Materials MEP,Firestop/ DC 315,Fire,47166,AED,Habib B.,Quotation
4045,Q-1192-F11303,FIRESTOP,09 Aug 2021,IQ,Al F.C.,"Construction Of New Field Office, Workshops, Stores And Related Buildings For DEWA (M&amp;E) &amp; (WO) Department, Plot No. 7211272 &ndash; Al Awir-II, Dubai - UAE",Supply Of Fire Stop Materials MEP,Firestop/ DC 315,Fire,9401.7,AED,Muhammad N.,Quotation
4046,Q-1192-F11302,FIRESTOP,09 Aug 2021,IQ,Al F.C.,"Construction Of New Field Office, Workshops, Stores And Related Buildings For DEWA (M&amp;E) &amp; (WO) Department, Plot No. 7211272 &ndash; Al Awir-II, Dubai - UAE",Supply Of Fire Stop Materials - CIVIL,Firestop/ DC 315,Fire,16616.25,AED,Muhammad N.,Quotation
4047,Q-1005-A6939,MACRO,09 Aug 2021,IQ,Us A.-.,Supply &amp; Delivery Portable Toilets - Market Research - Camp As Sayliyah,Supply &amp; Delivery Portable Toilets - Market Research - Camp As Sayliyah,Sanitary and Toilet Accessories,Architectural,700742,QAR, ,Cancled
4048,Q-1192-F11301,FIRESTOP,09 Aug 2021,IQ,Drc I.E.,"EMAAR HOSPITALITY TOWER, EXPO# P-112/DRC/240821/385",SUPPLY OF MVL-IL,Firestop/ DC 315,Fire,210,AED,Arun stephen ,Order
4049,Q-1192-F11255A,FIRESTOP,09 Aug 2021,IQ,Al B.,AL BADDAD TENT,SUPPLY OF DC68,Firestop/ DC 315,Fire,393.75,AED,Muhammad N.,Order
4050,Q-1005-V4476,MACRO,05 Aug 2021,IQ,3rd D.S.,"Supply Of Various Tools-3rd Division Sustainment Brigade-Camp As Sayliyah, Qatar",Supply Of Various Tools-3rd Division Sustainment Brigade-Camp Arifjan,Misc.,Various,14608.45,USD, ,Cancled
4051,Q-1192-F11300,FIRESTOP,04 Aug 2021,IQ,Elemec E.C.,"PORT DE LA MER - LA VOILE, PHASE 4 - PLOT 4, PLOT NO.: 3320324 PDLM - APT.04, JUMEIRAH FIRST, DUBAI, UAE",Supply Of Fire Stop Materials MEP,Firestop/ DC 315,Fire,89108.25,AED,Habib B.,Quotation
4052,Q-1192-F11299,FIRESTOP,04 Aug 2021,IQ,Siraj I.A.,G+27 JVT - THE ONE # AI/LPO/6682/21,SUPPLY OF INSS2460 BLACK,Firestop/ DC 315,Fire,5670,AED,Samar T.,Order
4053,Q-1005-R1504,MACRO,04 Aug 2021,IQ,Usace ,"Rental &amp; Lease - Transportation Services - Camp As Sayliyah , Doha","Rental &amp; Lease - Transportation Services - Camp As Sayliyah , Doha",Rental,Rental,540000,QAR, ,Cancled
4054,RFQ-3734-V4277,MACRO,04 Aug 2021,RFQ,Qatar P.F.,(QTR-173) W912ER-19-C-0016 CONSOLIDATED SQUADRON OPERATIONS FACILITY,RENDERING MATERIALS,Building Materials,Various,26150.24,QAR, ,Order
4055,Q-1192-F11248B,FIRESTOP,04 Aug 2021,IQ,Al F.A.,#LPO 6498,SUPPLY OF INSS2460 BLACK,Firestop/ DC 315,Fire,27300,AED,Muhammad N.,Order
4056,RFQ-3550-V4381A,MVL Nepal,03 Aug 2021,RFQ,General M.S.,"72036719F00003 - Nepal Community Reconstruction Program (NRCP) IDIQ Contract, Task Order For The Reconstruction Of Schools And Health Facilities In Sindhuli District Of Nepal",DEFIBRILLATOR,Misc.,Various,540000,NPR, ,Order
4057,RFQ-3550-V4380,MVL Nepal,03 Aug 2021,RFQ,Deluxe S.S.,"72036719F00003 - Nepal Community Reconstruction Program (NRCP) IDIQ Contract, Task Order For The Reconstruction Of Schools And Health Facilities In Sindhuli District Of Nepal",SCRUB STATIONS,Misc.,Various,351900,INR, ,Order
4058,Q-1192-F11298,FIRESTOP,03 Aug 2021,IQ,Rise a.S.,FIRESTOPPING PROJECT,SUPPLY OF MVL FIRESTOP MATERIALS,Firestop/ DC 315,Fire,2760.45,AED,Avinash P.,Quotation
4059,Q-1192-F11297,FIRESTOP,03 Aug 2021,IQ,Square G.C.,P2826 Khalidia Palace Hotel,SUPPLY OF INSS1186 5G PAIL,Firestop/ DC 315,Fire,1520.4,AED,Arun stephen ,Quotation
4060,Q-3734-V4273F,MACRO,02 Aug 2021,IQ,Metron C.&.,(QTR-173) W912ER-19-C-0016 CONSOLIDATED SQUADRON OPERATIONS FACILITY,PROCUREMENT SUPPORT FOR - 3734 - CSOF - METRON,Building Materials,Various,70136.08,USD, ,Order
4061,Q-1192-F11296,FIRESTOP,02 Aug 2021,IQ,Jpm A.T.,EXPO FOOD HALL # LPO JPM/MVL/0106/2021,"SUPPLY OF INSS1440, INFS0812",Firestop/ DC 315,Fire,3045,AED,Arun stephen ,Order
4062,Q-1192-F11295,FIRESTOP,02 Aug 2021,IQ,Jpm A.T.,G403: RIVIERA PHASE 2- AZIZI MEYDAN # LPO JPM/MVL/0105/2021,SUPPLY OF INSS1186 5G PAIL,Firestop/ DC 315,Fire,6300,AED,Arun stephen ,Order
4063,RFQ-1192-V4430,FIRESTOP,02 Aug 2021,RFQ,Smile C.,MVL FIRESTOP,"Receipt Voucher : A5 Size, 1 Plus 3 (W+P+Y+C), 4 Color Printing, Starting  S.No. 8251, - Total 30books + Designing",Misc.,Various,756,AED, ,Order
4064,Q-1192-F11294,FIRESTOP,02 Aug 2021,IQ,Fibrex L.,"Shamd Reflection, Al Reem Island &ndash; Abu Dhabi# F-CON-ALD003-PUR-32954-2021-R-0",SUPPLY OF INSS2460 DARK GREY,Firestop/ DC 315,Fire,93712.5,AED,Habib B.,Order
4065,RFQ-1569-O23,MACRO,02 Aug 2021,RFQ,Microless ,MVL Office - Uae Poject Dhafra + Jabal Ali,"HP P27V G4, 27 Inch, FHD 1080p, LCD, 60hz, IPS, 5ms, VESA Mount - Black | 9TT20AS",Computer Peripherals,Office Assets,670.95,AED, ,Order
4066,RFQ-1569-O22,MACRO,02 Aug 2021,RFQ,Amazon.ae ,MVL Office - Uae Poject Dhafra + Jabal Ali,HP 15-dw2083ne Laptop,Computer Peripherals,Office Assets,2550,AED, ,Order
4067,Q-1192-F11293,FIRESTOP,01 Aug 2021,IQ,House E.C.,CMW-19061. TOWAISA,SUPPLY OF INSS1186 5G PAIL,Firestop/ DC 315,Fire,5775,AED,Samar T.,Quotation
4068,Q-1192-F11292,FIRESTOP,01 Aug 2021,IQ,Ufq A.A.,STRUCTURAL &amp; WEATHER SEALANT,SUPPLY OF SGS 6000 &amp; NWS 2000,Firestop/ DC 315,Fire,33.6,AED,Samar T.,Quotation
4069,Q-1192-F11291,FIRESTOP,01 Aug 2021,IQ,Ufq A.A.,FIRESTOPPING PROJECT,SUPPLY OF INSS2460,Firestop/ DC 315,Fire,56.17,AED,Samar T.,Quotation
4070,Q-1192-F11290,FIRESTOP,01 Aug 2021,IQ,Minar E.,WEATHER SEALANT,SUPPLY OF NWS 2000,Firestop/ DC 315,Fire,15.75,AED,Muhammad N.,Quotation
4071,Q-1192-F11289,FIRESTOP,01 Aug 2021,IQ,Trojan G.C.,Waters Edge Resid,SUPPLY OF NWS 2000,Firestop/ DC 315,Fire,31500,AED,Samar T.,Quotation
4072,Q-1192-F11288,FIRESTOP,29 Jul 2021,IQ,House E.C.,CMW-19061. TOWAISA,Supply Of Fire Stop Materials MEP,Firestop/ DC 315,Fire,1190.7,AED,Samar T.,Quotation
4073,Q-1192-F11287,FIRESTOP,28 Jul 2021,IQ,Trojan G.C.,The Address Residences Dubai Opera A2 &amp; A3,SUPPLY OF NWS 2000,Firestop/ DC 315,Fire,47250,AED,Samar T.,Quotation
4074,Q-1192-F11286,FIRESTOP,28 Jul 2021,IQ,Tiger C.C.,REJINA TOWER PROJECT,SUPPLY OF MVL FIRESTOP MATERIALS,Firestop/ DC 315,Fire,394375.81,AED,Samar T.,Quotation
4075,Q-1192-F11248A,FIRESTOP,28 Jul 2021,IQ,Al F.A.,#LPO 6492,SUPPLY OF INSS2460 BLACK,Firestop/ DC 315,Fire,13650,AED,Muhammad N.,Order
4076,Q-1192-F11285,FIRESTOP,27 Jul 2021,IQ,Trojan G.C.,"King Abdullah Financial District, Riyad, KSA -",SUPPLY OF NWS 2000,Firestop/ DC 315,Fire,29295,AED,Samar T.,Quotation
4077,Q-1192-F11284,FIRESTOP,27 Jul 2021,IQ,Grand S.B.,FIRESTOPPING PROJECT_PO # 52499,SUPPLY OF INSS1186,Firestop/ DC 315,Fire,3906,AED,Habib B.,Order
4078,RFQ-3550-V4382,MVL Nepal,27 Jul 2021,RFQ,Trikuta I.,"72036719F00003 - Nepal Community Reconstruction Program (NRCP) IDIQ Contract, Task Order For The Reconstruction Of Schools And Health Facilities In Sindhuli District Of Nepal",VARIOUS MEDICAL EQUIPMENTS,Building Materials,Various,1150332,INR, ,Order
4079,Q-1192-F11283,FIRESTOP,26 Jul 2021,IQ,Al T.C.,"SCHOOL PROJECT, MASARAT BUILDING, KHORFAKKAN, UAE_PO # 8414",Supply Of Fire Stop Materials,Firestop/ DC 315,Fire,1281,AED,Muhammad N.,Order
4080,Q-1005-M7041,MV LLC,26 Jul 2021,IQ,Usace -.d.,Procurement Of Additional Synchrolift Spare Parts-RAS EL Tin Naval Base,Procurement Of Additional Synchrolift Spare Parts-RAS EL Tin Naval Base,Mechanical Items,Mechanical,0,USD, ,Cancled
4081,Q-1192-F11282,FIRESTOP,26 Jul 2021,IQ,Palgan I.C.,Ghantoot- Al Raha Abudhabi Project PO # 2594,"SUPPLY OF INSS1440, INFS0812, INSS1186",Firestop/ DC 315,Fire,17482.5,AED,Habib B.,Order
4082,Q-1192-F11281,FIRESTOP,26 Jul 2021,IQ,Beaver G.C.,PORT DE LAMER # LPO 102109204,SUPPLY OF INSS1186 5G PAIL,Firestop/ DC 315,Fire,30450,AED,Habib B.,Order
4083,Q-1192-F11280,FIRESTOP,25 Jul 2021,IQ,Jpm A.T.,SEVEN TIDES # LPO JPM/MVL/096/2021,SUPPLY OF INSS1186 5G PAIL,Firestop/ DC 315,Fire,19950,AED,Arun stephen ,Order
4084,RFQ-2797-V4271,MACRO,25 Jul 2021,RFQ,Shuja N.C.,W5J9JE18C0008 &ndash; MOI COMPLEX FEMALE POLICE TOWN PHASE II,VARIOUS BUILDING MATERIALS,Building Materials,Various,10945.98,USD, ,Order
4085,Q-1192-F11279,FIRESTOP,25 Jul 2021,IQ,Trans E.E.,FUJAIRAH HILLS ESTATE,SUPPLY OF FIRESTOP MATERIALS,Firestop/ DC 315,Fire,4300.8,AED,Muhammad N.,Quotation
4086,RFQ-2797-A5304,MACRO,25 Jul 2021,RFQ,Aziz U.N.,W5J9JE18C0008 &ndash; MOI COMPLEX FEMALE POLICE TOWN PHASE II,VARIOUS MATERIALS,Paints,Architectural,21755.22,USD, ,Order
4087,Q-1192-F11278,FIRESTOP,25 Jul 2021,IQ,Joseph P.&.,JABEL ALI PROJECT # LPO 109342,SUPPLY OF INSS2460 BLACK,Firestop/ DC 315,Fire,7087.5,AED,Samar T.,Order
4088,RFQ-1192-F11277,FIRESTOP,15 Jul 2021,RFQ,International C.T.,MVL Firestop,Order No. INCA-20210715-04,Firestop/ DC 315,Fire,8820.7,USD, ,Order
4089,Q-1005-M4034,MV LLC,15 Jul 2021,IQ,Usammc-swa ,Supply &amp; Delivery Of Electric Forklift- Al Udeid Air Base,Supply &amp; Delivery Of Electric Forklift- Al Udeid Air Base,Machine / Equipments,Mechanical,603050,QAR, ,Quotation
4090,Q-1192-F11276,FIRESTOP,15 Jul 2021,IQ,Unesia A.C.,FIRESTOPPING  &amp; GENERAL PROJECT,SUPPLY OF INSS2460 &amp; NWS,Firestop/ DC 315,Fire,42.52,AED,Habib B.,Quotation
4091,Q-1192-F11275,FIRESTOP,15 Jul 2021,IQ,Bin L.A.,FIRESTOPPING  &amp; GENERAL PROJECT,SUPPLY OF INSS2460 &amp; NWS,Firestop/ DC 315,Fire,44.1,AED,Habib B.,Quotation
4092,Q-1192-F11274,FIRESTOP,15 Jul 2021,IQ,Alutal A.a.,FIRESTOPPING  &amp; GENERAL PROJECT,"SUPPLY OF INSS2460, SGS&amp; NWS",Firestop/ DC 315,Fire,61.95,AED,Habib B.,Quotation
4093,Q-2797-V4358,MACRO,15 Jul 2021,IQ,Tatekan C.,Financial Aid Provided For Procuring Materials - FPT2 Project,Financial Aid Provided For Procuring Materials - FPT2 Project,Misc.,Various,88333.85,USD, ,Order
4094,Q-1192-F11273,FIRESTOP,15 Jul 2021,IQ,Seema A.W.,FIRESTOPPING  &amp; GENERAL PROJECT,SUPPLY OF INSS2460 DARK GREY &amp; NWS,Firestop/ DC 315,Fire,41.48,AED,Habib B.,Quotation
4095,Q-1192-F11271,FIRESTOP,15 Jul 2021,IQ,Sedam A.C.,FIRESTOPPING  &amp; GENERAL PROJECT,"SUPPLY OF INSS2460, SGS&amp; NWS",Firestop/ DC 315,Fire,59.85,AED,Habib B.,Quotation
4096,Q-1005-M4033,MV LLC,15 Jul 2021,IQ,Usammc-swa ,Supply &amp; Delivery Of Electric Forklift- Camp Arifjan &amp; Al Udeid Air Base,Supply &amp; Delivery Of Electric Forklift- Camp Arifjan &amp; Al Udeid Air Base,Machine / Equipments,Mechanical,49790,KWD, ,Quotation
4097,Q-1192-F11222C,FIRESTOP,14 Jul 2021,IQ,Jpm A.T.,SEVEN TIDES # LPO JPM/MVL/095/2021- R1,SUPPLY OF INSS1186 5G PAIL,Firestop/ DC 315,Fire,10473.75,AED,Arun stephen ,Order
4098,Q-1192-F11270,FIRESTOP,13 Jul 2021,IQ,Al J.A.,STRUCTURAL &amp; WEATHER SEALANT,SUPPLY OF SGS 6000 &amp; NWS 2000,Firestop/ DC 315,Fire,33.6,AED,Habib B.,Quotation
4099,Q-1192-F11269,FIRESTOP,13 Jul 2021,IQ,Mohammed E.A.,STRUCTURAL &amp; WEATHER SEALANT,SUPPLY OF SGS 6000 &amp; NWS 2000,Firestop/ DC 315,Fire,31.5,AED,Habib B.,Quotation
4100,Q-1192-F11268,FIRESTOP,13 Jul 2021,IQ,Al K.A.,WEATHER SEALANT,SUPPLY OF NWS 2000,Firestop/ DC 315,Fire,15.75,AED,Habib B.,Quotation
4101,Q-1192-F11267,FIRESTOP,13 Jul 2021,IQ,Golden S.A.,STRUCTURAL &amp; WEATHER SEALANT,SUPPLY OF SGS 6000 &amp; NWS 2000,Firestop/ DC 315,Fire,33.6,AED,Habib B.,Quotation
4102,Q-1192-F11266,FIRESTOP,13 Jul 2021,IQ,Galaxy G.&.,STRUCTURAL &amp; WEATHER SEALANT,SUPPLY OF SGS 6000 &amp; NWS 2000,Firestop/ DC 315,Fire,33.6,AED,Habib B.,Quotation
4103,Q-1192-F11265,FIRESTOP,13 Jul 2021,IQ,Al A.A.,STRUCTURAL &amp; WEATHER SEALANT,SUPPLY OF SGS 6000 &amp; NWS 2000,Firestop/ DC 315,Fire,33.6,AED,Habib B.,Quotation
4104,Q-3734-V4273D,MACRO,13 Jul 2021,IQ,Metron C.&.,(QTR-173) W912ER-19-C-0016 CONSOLIDATED SQUADRON OPERATIONS FACILITY,PROCUREMENT SUPPORT FOR - 3734 - CSOF - METRON,Building Materials,Various,72132.17,USD, ,Order
4105,Q-3742-V4353B,MACRO,13 Jul 2021,IQ,Sahraa A.R.,W912ER-19-C-0018 Care And Preservation Vehicle Maintenance Facility,PROCUREMENT SUPPORT - CN4,Misc.,Various,186659.84,USD, ,Order
4106,Q-3742-V4353A,MACRO,13 Jul 2021,IQ,Sahraa A.R.,W912ER-19-C-0018 Care And Preservation Vehicle Maintenance Facility,PROCUREMENT SUPPORT - CN3,Misc.,Various,3920.2,USD, ,Order
4107,Q-3742-V4353,MACRO,13 Jul 2021,IQ,Sahraa A.R.,W912ER-19-C-0018 Care And Preservation Vehicle Maintenance Facility,PROCUREMENT SUPPORT - CN1,Misc.,Various,93707.04,USD, ,Order
4108,Q-1192-F11264,FIRESTOP,13 Jul 2021,IQ,Mukhtasar A.W.,WEATHER SEALANT,SUPPLY OF NWS 2000,Firestop/ DC 315,Fire,16.27,AED,Habib B.,Quotation
4109,Q-1192-F11263,FIRESTOP,13 Jul 2021,IQ,Cedar W.M.,WEATHER SEALANT,NWS 2000,Firestop/ DC 315,Fire,15.75,AED,Habib B.,Quotation
4110,Q-1192-F11262,FIRESTOP,13 Jul 2021,IQ,Technical S.a.,FIRESTOPPING PROJECT,SUPPLY OF MVL FIRESTOP MATERIALS,Firestop/ DC 315,Fire,130.2,AED,Muhammad N.,Quotation
4111,Q-1192-F11261,FIRESTOP,13 Jul 2021,IQ,Star G.L.,STRUCTURAL &amp; WEATHER SEALANT,SUPPLY OF SGS 6000 &amp; NWS 2000,Firestop/ DC 315,Fire,33.6,AED,Habib B.,Quotation
4112,Q-1192-F11260,FIRESTOP,12 Jul 2021,IQ,Grand S.B.,FIRESTOPPING PROJECT,SUPPLY OF INSS1186 &amp; D64,Firestop/ DC 315,Fire,55188,AED,Habib B.,Quotation
4113,Q-1192-F11259,FIRESTOP,11 Jul 2021,IQ,Menasco M.C.,"SEVEN HOTEL AND APARTMENTS, THE PALM (2B + GR + MEZ + 14 + ROOF) PLOT: 3812730 LPO#1021002491",SUPPLY OF INSS1440,Firestop/ DC 315,Fire,10080,AED,Arun stephen ,Order
4114,Q-1192-F11258,FIRESTOP,11 Jul 2021,IQ,Tiger C.C.,REJINA TOWER- RESIDENTAIL &amp; COMMERCIAL BUILDING (2B+G+4P+32F+R),"SUPPLY OF INSS1440, INFS0812,D160,CFS01",Firestop/ DC 315,Fire,342.3,AED,Samar T.,Quotation
4115,Q-1192-F11257,FIRESTOP,11 Jul 2021,IQ,Trojan G.C.,"RESIDENTIAL TOWER OPERA DISTRICT DOWNTOWN, DUBAII",SUPPLY OF NWS,Firestop/ DC 315,Fire,30665.25,AED,Samar T.,Quotation
4116,Q-1192-F11256,FIRESTOP,11 Jul 2021,IQ,Metalu M.W.,NEUTRAL WEATHER SEALANT,SUPPLY OF NWS 2000,Firestop/ DC 315,Fire,15.75,AED,Arun stephen ,Quotation
4117,Q-1192-F11255,FIRESTOP,11 Jul 2021,IQ,Al B.,AL BADDAD TENT,SUPPLY OF DC68,Firestop/ DC 315,Fire,262.5,AED,Raquel I.,Order
4118,Q-1192-F11254,FIRESTOP,11 Jul 2021,IQ,Nascon E.L.,REVA PROJECT_PO # 1299-21,SUPPLY OF MVL FIRESTOP MATERIALS,Firestop/ DC 315,Fire,20064.21,AED,Arun stephen ,Order
4119,Q-1192-F11253,FIRESTOP,08 Jul 2021,IQ,Sykon G.&.,STRUCTURAL &amp; WEATHER SEALANT,SUPPLY OF SGS 6000 &amp; NWS 2000,Firestop/ DC 315,Fire,61.95,AED,Habib B.,Quotation
4120,Q-1192-F11252,FIRESTOP,08 Jul 2021,IQ,Al Q.M.,STRUCTURAL &amp; WEATHER SEALANT,SUPPLY OF SGS 6000 &amp; NWS 2000,Firestop/ DC 315,Fire,34.65,AED,Habib B.,Quotation
4121,Q-1192-F11251,FIRESTOP,08 Jul 2021,IQ,Doral A.D.,STRUCTURAL &amp; WEATHER SEALANT,SUPPLY OF SGS 6000 &amp; NWS 2000,Firestop/ DC 315,Fire,34.65,AED,Habib B.,Quotation
4122,Q-1192-F11250,FIRESTOP,08 Jul 2021,IQ,Chess G.,US Military Djibouti  Africa Project,SUPPLY OF DC68,Firestop/ DC 315,Fire,6635,USD,Raquel I.,Quotation
4123,Q-1005-L4129,MACRO,08 Jul 2021,IQ,Metron C.&.,Transportation Of Additional Ceramics Tiles From USA To Doha Qatar,Transportation Of Additional Ceramics Tiles From USA To Doha Qatar,Transportation,Logistics,3890,USD, ,Order
4124,Q-1192-F11249,FIRESTOP,08 Jul 2021,IQ,Insulation D.,Heirs Of Late Mohamed Hamad Al Hurr Al Suwaidi Heirs Airport Road Bldng: Plot C30AE4-1_LPO/2021/ID/AUH/JB-MVL/024,SUPPLY OF MVL FIRESTOP MATERIALS,Firestop/ DC 315,Fire,3318,AED,Avinash P.,Order
4125,Q-1192-F11248,FIRESTOP,08 Jul 2021,IQ,Al F.A.,#LPO 6459,SUPPLY OF INSS2460 BLACK,Firestop/ DC 315,Fire,13650,AED,Muhammad N.,Order
4126,Q-1192-F11247A,FIRESTOP,08 Jul 2021,IQ,Nazbel E.&.,FP2021-01 A # Nazbel Engineering &amp; Technology Limited #                       Fire Proofing (For Structural Steel I/H Beam),SUPPLY OF DC7120,Firestop/ DC 315,Fire,1242600,USD,Raquel I.,Quotation
4127,Q-1192-F11247,FIRESTOP,08 Jul 2021,IQ,Nazbel E.&.,FP2021-01 A # Nazbel Engineering &amp; Technology Limited #                       Fire Proofing (For Structural Steel I/H Beam),SUPPLY OF DC7120,Firestop/ DC 315,Fire,1907500,USD,Raquel I.,Quotation
4128,Q-1192-F11246,FIRESTOP,07 Jul 2021,IQ,Jpm A.T.,SEVEN HOTEL AND APARTMENT-PALM JUMEIRAH PO # JPM/MVL/0101/2021,SUPPLY OF MVL FIRESTOP MATERIALS,Firestop/ DC 315,Fire,9538.2,AED,Arun stephen ,Order
4129,Q-1192-F11245,FIRESTOP,07 Jul 2021,IQ,Safety W.,FIVE STARS CONTRACTING#PLOT C19# LPO 1641,SUPPLY OF INFS0812,Firestop/ DC 315,Fire,3675,AED,Habib B.,Order
4130,Q-1192-F11244,FIRESTOP,06 Jul 2021,IQ,Delina T.,"Exterior Boundary Wall Of Oil Tanker Facility Project, Eritrea, Eastern Africa",SUPPLY OF INSS2460 AND BACKER ROD,Firestop/ DC 315,Fire,3813.6,AED,Arun stephen ,Quotation
4131,Q-1192-F11243,FIRESTOP,06 Jul 2021,IQ,Eplone G.T.,US Navy Camp Lemonnier Djibouti,SUPPLY OF DC68,Firestop/ DC 315,Fire,74077.5,AED,Raquel I.,Quotation
4132,Q-1192-F11242,FIRESTOP,06 Jul 2021,IQ,Abu R.G.,Djibout  Boss Project,SUPPLY OF DC68,Firestop/ DC 315,Fire,9660,AED,Raquel I.,Quotation
4133,Q-1192-F11241,FIRESTOP,06 Jul 2021,IQ,Ismail G.G.,US Military Djibouti Africa,SUPPLY OF DC68 SPRAY TO PROTECT,Firestop/ DC 315,Fire,142327.5,AED,Raquel I.,Quotation
4134,Q-1192-F11004A,FIRESTOP,05 Jul 2021,IQ,Minar E.,FIRESTOPPING PROJECT,SUPPLY OF INSS2460 GREY &amp; SAUSAGE GUN,Firestop/ DC 315,Fire,273,AED,Muhammad N.,Quotation
4135,Q-1192-F11240,FIRESTOP,04 Jul 2021,IQ,Nrcem E.S.,BANGLADESH PROJECT,SUPPLY OF INSS1440,Firestop/ DC 315,Fire,580,USD,Avinash P.,Quotation
4136,Q-1192-F11239,FIRESTOP,04 Jul 2021,IQ,Kasco p.D.,SATWA BUILDING PROJECT # LPO 196,SUPPLY OF INSS1440 5G PAIL,Firestop/ DC 315,Fire,696.15,AED,Habib B.,Order
4137,Q-1192-F11238,FIRESTOP,04 Jul 2021,IQ,Trojan G.C.,74461- FIRESTOPPING PAROJECT,SUPPLY OF NWS,Firestop/ DC 315,Fire,24360,AED,Samar T.,Quotation
4138,Q-1192-F11237,FIRESTOP,04 Jul 2021,IQ,Insulation D.,FIRESTOPPING PROJECT,SUPPLY OF FP05,Firestop/ DC 315,Fire,8295,AED,Avinash P.,Quotation
4139,RFQ-1569-V4390,MACRO,01 Jul 2021,RFQ,Professional N.A.,MVL REAL ESTATES,RELOCATION OF ONE SIGN BOARD IN AL WASL PLOT,Misc.,Various,1155,AED, ,Order
4140,Q-1192-F11236,FIRESTOP,30 Jun 2021,IQ,Emerald S.I.,FIRESTOPPING PROJECT,SUPPLY OF INSS1186 &amp; D64,Firestop/ DC 315,Fire,4053,AED,Muhammad N.,Quotation
4141,Q-1192-F11235,FIRESTOP,30 Jun 2021,IQ,Al R.T.,FIRESTOPPING PROJECT,SUPPLY OF MVL FIRESTOP MATERIALS,Firestop/ DC 315,Fire,31.5,AED,Avinash P.,Quotation
4142,Q-1192-F11234,FIRESTOP,30 Jun 2021,IQ,Jpm A.T.,SEVEN TIDES # LPO JPM/MVL/0100/2021,SUPPLY OF FP05,Firestop/ DC 315,Fire,9660,AED,Arun stephen ,Order
4143,Q-1192-F11222B,FIRESTOP,29 Jun 2021,IQ,Jpm A.T.,SEVEN TIDES # LPO JPM/MVL/094/2021,SUPPLY OF INSS1186 5G PAIL,Firestop/ DC 315,Fire,19950,AED,Arun stephen ,Order
4144,RFQ-2797-E6806,MVL Nepal,29 Jun 2021,RFQ,Koh B.L.,W5J9JE18C0008 &ndash; MOI COMPLEX FEMALE POLICE TOWN PHASE II,Supply Of Additional TV For FPT2,Electrical,Electrical,26846.4,USD, ,Order
4145,Q-1192-F11233,FIRESTOP,29 Jun 2021,IQ,Al M.B.,KSA PROJECT,SUPPLY OF MVL FIRESTOP MATERIALS,Firestop/ DC 315,Fire,2203.76,USD,Avinash P.,Quotation
4146,Q-1192-F11232,FIRESTOP,29 Jun 2021,IQ,Palgan I.C.,SHARJAH HUMANITARIAN SERVICE # LPO 2586,SUPPLY OF INSS1440,Firestop/ DC 315,Fire,1155,AED,Muhammad N.,Order
4147,Q-1192-F11231,FIRESTOP,28 Jun 2021,IQ,Trojan G.C.,Tender No. -73999,SUPPLY OF MVL FIRESTOP MATERIALS,Firestop/ DC 315,Fire,153195,AED,Samar T.,Quotation
4148,Q-1192-F11230,FIRESTOP,28 Jun 2021,IQ,Safety W.,INTERMASS # LPO 1636,SUPPLY OF INSS1186 5G PAIL,Firestop/ DC 315,Fire,19950,AED,Habib B.,Order
4149,Q-1192-F11229,FIRESTOP,28 Jun 2021,IQ,Safety W.,FIVE STARS CONTRACTING#PLOT C19# LPO 1635,"SUPPLY OF CFS01, FP05",Firestop/ DC 315,Fire,882,AED,Habib B.,Order
4150,Q-1192-F11228,FIRESTOP,28 Jun 2021,IQ,Glazinum F.C.,SHARJAH PROJECT,SUPPLY OF MVL FIRESTOP MATERIALS,Firestop/ DC 315,Fire,33.6,AED,Samar T.,Quotation
4151,RFQ-3550-E6815,MVL Nepal,28 Jun 2021,RFQ,Alert T.P.,"72036719F00003 - Nepal Community Reconstruction Program (NRCP) IDIQ Contract, Task Order For The Reconstruction Of Schools And Health Facilities In Sindhuli District Of Nepal",WIRES And CABLE For NETWORK,Electrical,Electrical,254255,NPR, ,Order
4152,Q-1192-F11227,FIRESTOP,28 Jun 2021,IQ,Atcon C.L.,"PROPOSED PARK INN HOTEL, B+G+4P+25+R,                            PLOT NO.: JVT03H-HRA001, JVT, DUBAI",Supply Of Fire Stop Materials MEP,Firestop/ DC 315,Fire,103674.38,AED,Muhammad N.,Quotation
4153,Q-1192-F11205A,FIRESTOP,28 Jun 2021,IQ,Siraj I.A.,G+27@JVT The One_AL/LPO/6580/21,SUPPLY OF INSS2460 BLACK,Firestop/ DC 315,Fire,3402,AED,Samar T.,Order
4154,Q-1192-F11226,FIRESTOP,27 Jun 2021,IQ,Belco E.,"Proposed Dubai Islamic Bank Al Nahda Building (G+8P+14+R) On Plot No. 2310131, Al Nahda First, Dubai# LPO 013120",SUPPLY OF INSS1440 5G PAIL,Firestop/ DC 315,Fire,3969,AED,Muhammad N.,Order
4155,Q-1005-R1503,MACRO,27 Jun 2021,IQ,Emirates P.C.,Lease Rental Of Plot 124 Al Wasl,Lease Rental Of Plot 124 Al Wasl,Rental,Rental,26027.3,AED, ,Order
4156,Q-1192-F11225,FIRESTOP,24 Jun 2021,IQ,Al O.C.,"Residential Apartments, Dubai Hills Dubai Hills,                                     Plot No.: 0204 &amp; 1405, Dubai, UAE",Supply Of Fire Stop Materials - CIVIL,Firestop/ DC 315,Fire,66412.5,AED,Habib B.,Quotation
4157,Q-1192-F11224,FIRESTOP,24 Jun 2021,IQ,Al H.,"AL MAMSHA , BUILDING SS3 (B+G+7F+R), SHARJAH#AHJ-572# LPO 2005235",SUPPLY OF INSS1440,Firestop/ DC 315,Fire,26724.6,AED,Samar T.,Order
4158,RFQ-2797-V4357,MACRO,24 Jun 2021,RFQ,R&i E.,W5J9JE18C0008 &ndash; MOI COMPLEX FEMALE POLICE TOWN PHASE II,REFRIGERATOR - KRF-lnvertech-26657 (cD)  MAROON  (18  CBFT),Misc.,Various,49432,USD, ,Order
4159,Q-1192-F11223,FIRESTOP,23 Jun 2021,IQ,Arki G.D.,ENBD &amp; EIB EXPO PAVILION DUBAI,SUPPLY OF INSS1440 &amp; D64,Firestop/ DC 315,Fire,441,AED,Habib B.,Order
4160,Q-1192-F11222A,FIRESTOP,23 Jun 2021,IQ,Jpm A.T.,SEVEN TIDES # LPO JPM/MVL/093/2021,SUPPLY OF INSS1186 5G PAIL,Firestop/ DC 315,Fire,22443.75,AED,Arun stephen ,Order
4161,Q-1192-F11222,FIRESTOP,23 Jun 2021,IQ,Jpm A.T.,SEVEN TIDES # LPO JPM/MVL/092/2021,SUPPLY OF INSS1186 5G PAIL,Firestop/ DC 315,Fire,19950,AED,Arun stephen ,Order
4162,Q-1192-F11221,FIRESTOP,22 Jun 2021,IQ,Jpm A.T.,SEVEN TIDES # LPO JPM/MVL/091/2021,Supply Of Fire Stop Materials,Firestop/ DC 315,Fire,33747,AED,Arun stephen ,Order
4163,RFQ-1192-L4002,FIRESTOP,22 Jun 2021,RFQ,Synosys T.L.,MVL FIRESTOP - Mr. Ajeesh Johny,VEHICLE TRACKING SYSTEM 1 UNIT,Transportation,Logistics,648.38,AED, ,Order
4164,Q-1192-F11220,FIRESTOP,22 Jun 2021,IQ,Al J.T.,FIRESTOPPING PROJECT,SUPPLY OF FP05,Firestop/ DC 315,Fire,1948684.5,AED,Habib B.,Quotation
4165,Q-1192-F11219,FIRESTOP,22 Jun 2021,IQ,Fabco A.M.,FIRESTOPPING PROJECT,SUPPLY OF INSS2460 BLACK,Firestop/ DC 315,Fire,76440,AED,Samar T.,Quotation
4166,Q-1192-F11218,FIRESTOP,22 Jun 2021,IQ,Al A.C.,"RESIDENTIAL BUILDING B + G + 12 + GYM, AL NAHDA SECOND, DUBAI.",Supply Of Fire Stop Materials MEP,Firestop/ DC 315,Fire,42261.45,AED,Muhammad N.,Quotation
4167,RFQ-1192-V4315,FIRESTOP,22 Jun 2021,RFQ,Fujairah R.F.,MVL FIRESTOP,SLAB WITHOUT FACING (SXXX) DENSITY: 120KG/M3 THICKNESS: 50MM SIZE: 1.2MTR*0.6 MTR 360 SQM,Building Materials,Various,9304.61,AED, ,Order
4168,Q-1192-F11217,FIRESTOP,20 Jun 2021,IQ,Luxurious C.A.,PROPOSE SHOWROOMS (G+M) ON PLOT NO. 3/3511 MULK-3686 GOV. AT STORAGE LAND AREA AL SHARJAH FOR MR. AL SAYED ABDULLAH AL SAYED MOHAMMED AL HASHEMI,SUPPLY OF INSS2460 BLACK,Firestop/ DC 315,Fire,3654,AED,Raquel I.,Order
4169,Q-1192-F11216,FIRESTOP,20 Jun 2021,IQ,Saudi J.E.,FSR FireStopping  Project,SUPPLY OF MVL FIRESTOP MATERIALS,Firestop/ DC 315,Fire,113,AED,Avinash P.,Quotation
4170,RFQ-3742-M4102,MACRO,20 Jun 2021,RFQ,Hilti K.G.,W912ER-19-C-0018 Care And Preservation Vehicle Maintenance Facility,Safety Stud Anchor HST3 M20x170  -/30,Mechanical Items,Mechanical,491.52,KWD, ,Order
4171,Q-1192-F11215,FIRESTOP,20 Jun 2021,IQ,Nascon E.L.,"Reva Damac, Business Bay # LPO 1128-21",SUPPLY OF INFS0812,Firestop/ DC 315,Fire,10333.49,AED,Arun stephen ,Order
4172,Q-1192-F11214,FIRESTOP,17 Jun 2021,IQ,Asd I.B.,FIRESTOPPING PROJECT,Supply Of Fire Stop Materials,Firestop/ DC 315,Fire,2846.55,AED,Avinash P.,Quotation
4173,Q-2797-V4356,MACRO,17 Jun 2021,IQ,Tatekan C.,Procurement Support For Purchasing Materials - FPT2 Project,Procurement Support For Purchasing Materials - FPT2 Project,Misc.,Various,84120.63,USD, ,Order
4174,Q-1192-F11213,FIRESTOP,17 Jun 2021,IQ,Bilt M.E.,"ADDRESS RESIDENCES BEACHFRONT, PARCEL ID - SH1.Z02.B05, DUBAI, UAE",Supply Of Fire Stop Materials MEP,Firestop/ DC 315,Fire,122913,AED,Arun stephen ,Quotation
4175,Q-1005-L4128,MACRO,17 Jun 2021,IQ,Metron C.&.,Transportation Of Tate Access Floor From USA To COSF Qatar,Transportation Of Tate Access Floor From USA To COSF Qatar,Transportation,Logistics,28572.03,USD, ,Order
4176,Q-1192-F11212,FIRESTOP,17 Jun 2021,IQ,Jpm A.T.,SEVEN TIDES # LPO JPM/MVL/089/2021,Supply Of Fire Stop Materials,Firestop/ DC 315,Fire,11061.75,AED,Arun stephen ,Order
4177,Q-1192-F11211,FIRESTOP,17 Jun 2021,IQ,Rose C.C.,"PROPOSED G+2P+10 COMMERCIAL/RESIDENTIAL BUILDING, PLOT NO.: 6432613, WADI AL SAFA 2, DUBAI.",Supply Of Fire Stop Materials MEP,Firestop/ DC 315,Fire,85953,AED,Muhammad N.,Quotation
4178,RFQ-3550-M4111,MVL Nepal,17 Jun 2021,RFQ,Simtex I.P.,"72036719F00003 - Nepal Community Reconstruction Program (NRCP) IDIQ Contract, Task Order For The Reconstruction Of Schools And Health Facilities In Sindhuli District Of Nepal",CI MANHOLE COVER,Mechanical Items,Mechanical,321345,INR, ,Order
4179,RFQ-3550-V4381,MVL Nepal,17 Jun 2021,RFQ,Venus C.&.,"72036719F00003 - Nepal Community Reconstruction Program (NRCP) IDIQ Contract, Task Order For The Reconstruction Of Schools And Health Facilities In Sindhuli District Of Nepal",EXPANSION JOINT,Building Materials,Various,964653.88,NPR, ,Order
4180,Q-1192-F11210,FIRESTOP,16 Jun 2021,IQ,Phases T.&.,MAZZON TOWERS QATAR,SUPPLY OF MVL FIRESTOP MATERIALS,Firestop/ DC 315,Fire,1199540,USD,Habib B.,Quotation
4181,RFQ-1192-V4429A,FIRESTOP,16 Jun 2021,RFQ,Al F.E.,MVL FIRESTOP,TESTING STANDARDS FOR SEALANTS,Misc.,Various,13650,AED, ,Order
4182,Q-1192-F11209,FIRESTOP,16 Jun 2021,IQ,Al A.C.,"RESIDENTIAL BUILDING B + G + 12 + GYM, AL NAHDA SECOND, DUBAI.",Supply Of Fire Stop Materials - CIVIL,Firestop/ DC 315,Fire,24727.5,AED,Muhammad N.,Quotation
4183,RFQ-3550-M4110,MVL Nepal,16 Jun 2021,RFQ,Aarati M.,"72036719F00003 - Nepal Community Reconstruction Program (NRCP) IDIQ Contract, Task Order For The Reconstruction Of Schools And Health Facilities In Sindhuli District Of Nepal","Supply, Delivery And Installation Of Various Medical Equipments",Mechanical Items,Mechanical,177410,NPR, ,Order
4184,Q-1192-F11208,FIRESTOP,15 Jun 2021,IQ,Beyond S.,FIRESTOPPING PROJECT IN ABU DHABI,SUPPLY OF MVL FIRESTOP MATERIALS,Firestop/ DC 315,Fire,1704.15,AED,Raquel I.,Quotation
4185,Q-1192-F11207,FIRESTOP,15 Jun 2021,IQ,Safety W.,INTERMASS MISK 3&amp; 4# LPO  REVISED 1623,"SUPPLY OF INSS1186, INSS1440, INFS0812",Firestop/ DC 315,Fire,22351.88,AED,Habib B.,Order
4186,Q-1192-F11206,FIRESTOP,15 Jun 2021,IQ,Safety W.,NIGM (MADINAT ZAYED) PO # 1622,SUPPLY OF MVL FIRESTOP MATERIALS,Firestop/ DC 315,Fire,14621.25,AED,Habib B.,Order
4187,RFQ-3734-E6800A,MACRO,15 Jun 2021,RFQ,Tic L.E.,(QTR-173) W912ER-19-C-0016 CONSOLIDATED SQUADRON OPERATIONS FACILITY,MOSAIC TILES,Electrical,Electrical,5692.1,USD, ,Order
4188,Q-1192-F11205,FIRESTOP,15 Jun 2021,IQ,Siraj I.A.,G+27@JVT The One_AL/LPO/6554/21,SUPPLY OF INSS2460 BLACK,Firestop/ DC 315,Fire,5670,AED,Samar T.,Order
4189,Q-1192-F11204,FIRESTOP,15 Jun 2021,IQ,Arabian C.G.,RFQ-AQAAR VILLA-178,SUPPLY OF INSS1186,Firestop/ DC 315,Fire,615,AED,Samar T.,Quotation
4190,Q-1192-F11202,FIRESTOP,14 Jun 2021,IQ,Jpm A.T.,COLUMBIA AND AZERBAIJAN EXPO PAVILION# LPOJPM/MVL/087/2021,Supply Of Fire Stop Materials MEP,Firestop/ DC 315,Fire,10573.5,AED,Arun stephen ,Order
4191,Q-1192-F11201,FIRESTOP,14 Jun 2021,IQ,Five S.G.,ABU DHABI PROJECT,SUPPLY OF INFS0812 AND INSS1440,Firestop/ DC 315,Fire,2562,AED,Habib B.,Quotation
4192,Q-1192-F11200,FIRESTOP,14 Jun 2021,IQ,Minar E.,MIN/JOB/16498 # LPO MIN/LPO/30213,SUPPLY OF INSS1440,Firestop/ DC 315,Fire,241.5,AED,Muhammad N.,Order
4193,Q-2797-V4269F,MACRO,14 Jun 2021,IQ,Metron I.,W5J9JE18C0008 &ndash; MOI COMPLEX FEMALE POLICE TOWN PHASE II,FPT2 - METRON - Procurement Support,Building Materials,Various,96120.85,USD, ,Order
4194,Q-3734-V4273C,MACRO,14 Jun 2021,IQ,Metron C.&.,(QTR-173) W912ER-19-C-0016 CONSOLIDATED SQUADRON OPERATIONS FACILITY,PROCUREMENT SUPPORT FOR - 3734 - CSOF - METRON,Building Materials,Various,255783.94,USD, ,Order
4195,Q-1192-F11199,FIRESTOP,13 Jun 2021,IQ,Jpm A.T.,SEVEN HOTEL AND APARTMENT-PALM JUMEIRAH PO # JPM/MVL/085/6/2021,SUPPLY OF INSS1186 AND INSS0285,Firestop/ DC 315,Fire,10431.75,AED,Arun stephen ,Order
4196,Q-1005-L4127,MACRO,10 Jun 2021,IQ,Metron C.&.,Doors Transportation,Transportation Of Doors From USA To Qatar,Transportation,Logistics,27251,USD, ,Order
4197,Q-1192-F11198,FIRESTOP,10 Jun 2021,IQ,Yousif G.C.,Deleika Al Khazna,SUPPLY OF MVL-IL,Firestop/ DC 315,Fire,367.5,AED,Habib B.,Order
4198,Q-1192-F11197,FIRESTOP,09 Jun 2021,IQ,Al H.,"AL MAMSHA , 15 BUILDINGS, SHARJAH, UAEELECTRICAL &amp; TELEPHONE ROOM SLAB OPENINGS # MEP",SUPPLY OF CFS01 AND D120,Firestop/ DC 315,Fire,66806.25,AED,Samar T.,Quotation
4199,Q-1005-E7039,MACRO,08 Jun 2021,IQ,Arabi C.W.,Supply &amp; Delivery Of Electrical &amp; Mechanical Items-VMF-Kuwait,Supply &amp; Delivery Of Electrical &amp; Mechanical Items-VMF-Kuwait,Electrical,Electrical,22947,USD, ,Cancled
4200,Q-1192-F11195,FIRESTOP,08 Jun 2021,IQ,Hypery I.L.,BANGLADESH PROJECT,SUPPLY OF INSS1440 AND INSS1186,Firestop/ DC 315,Fire,14560,AED,Habib B.,Order
4201,Q-1192-F11194,FIRESTOP,07 Jun 2021,IQ,Beaver G.C.,PORT DE LAMER# LPO 102107118,SUPPLY OF INSS1186 5G PAIL,Firestop/ DC 315,Fire,60900,AED,Habib B.,Order
4202,RFQ-3550-V4380,MVL Nepal,07 Jun 2021,RFQ,Bath N.R.,"72036719F00003 - Nepal Community Reconstruction Program (NRCP) IDIQ Contract, Task Order For The Reconstruction Of Schools And Health Facilities In Sindhuli District Of Nepal",COMMODE AND FIXTURES,Building Materials,Various,407312,NPR, ,Order
4203,Q-1192-F11193,FIRESTOP,07 Jun 2021,IQ,Al H.,AL MAMSHA # LPO NO. 2005197,SUPPLY OF CFS01,Firestop/ DC 315,Fire,9712.5,AED,Samar T.,Order
4204,Q-1192-F11192,FIRESTOP,06 Jun 2021,IQ,Jpm A.T.,SEVEN TIDES,SUPPLY OF INSS1186 -1G PAIL,Firestop/ DC 315,Fire,5566.05,AED,Arun stephen ,Cancled
4205,RFQ-3550-M4109,MVL Nepal,06 Jun 2021,RFQ,Industrial T.W.,"72036719F00003 - Nepal Community Reconstruction Program (NRCP) IDIQ Contract, Task Order For The Reconstruction Of Schools And Health Facilities In Sindhuli District Of Nepal",2HP VERTICAL MULTI STAGE PUMP,Mechanical Items,Mechanical,321478.44,INR, ,Order
4206,Q-1192-F10545A,FIRESTOP,02 Jun 2021,IQ,Pfc S.L.,FIRESTOPPING PROJECT,SUPPLY OF MVL FIRESTOP MATERIALS,Firestop/ DC 315,Fire,21377,USD,Arun stephen ,Quotation
4207,RFQ-3550-V4379,MVL Nepal,02 Jun 2021,RFQ,Alliance I.,"72036719F00003 - Nepal Community Reconstruction Program (NRCP) IDIQ Contract, Task Order For The Reconstruction Of Schools And Health Facilities In Sindhuli District Of Nepal",MEDICAL FURNITURES,Misc.,Various,1380500,INR, ,Order
4208,Q-1192-F11121A,FIRESTOP,02 Jun 2021,IQ,Jpm A.T.,SEVEN HOTEL AND APARTMENT-PALM JUMEIRAH PO # JPM/MVL/084/2021,SUPPLY OF INSS0285,Firestop/ DC 315,Fire,10143,AED,Arun stephen ,Order
4209,RFQ-3550-E6813A,MVL Nepal,01 Jun 2021,RFQ,Go S.E.,"72036719F00003 - Nepal Community Reconstruction Program (NRCP) IDIQ Contract, Task Order For The Reconstruction Of Schools And Health Facilities In Sindhuli District Of Nepal",EARTHING MATERIALS,Electrical,Electrical,384975,INR, ,Order
4210,Q-1192-F11191,FIRESTOP,01 Jun 2021,IQ,Lazourdy C.&.,"STAFF ACCOMMODATION, AL WATHBA, ABU DHABI",Supply Of Fire Stop Materials MEP,Firestop/ DC 315,Fire,20007.75,AED,Habib B.,Quotation
4211,Q-1192-F11190,FIRESTOP,01 Jun 2021,IQ,Specialized A.A.,FIRESTOPPING PROJECT,SUPPLY OF INSS2460 BLACK,Firestop/ DC 315,Fire,151200,AED,Samar T.,Quotation
4212,Q-1005-L4126,MACRO,01 Jun 2021,IQ,Metron I.,Transportation Of Grovved Fittings From Dubai To FPT2,Transportation Of Grovved Fittings From Dubai To FPT2,Transportation,Logistics,3161,USD, ,Order
4213,Q-1192-F11189,FIRESTOP,01 Jun 2021,IQ,Rose C.C.,"WAVEZ PROPOSED G+2P+10+R COMMERCIAL/ RESIDENTIAL BUILDING ON PLOT NO.6432613, WADI AL SAFA 2, DUBAI.",Supply Of Fire Stop Materials - CIVIL,Firestop/ DC 315,Fire,51166.5,AED,Muhammad N.,Quotation
4214,Q-1192-F11188,FIRESTOP,30 May 2021,IQ,Al F.C.,"Azizi Apartments @ Al Furjan, Dubai AFMU (34A, 35)# J16636","SUPPLY OF INSS1440, CFS01,STEEL CLAMP, HOSE CLAMP",Firestop/ DC 315,Fire,7439.25,AED,Muhammad N.,Order
4215,Q-1005-L4125,MACRO,30 May 2021,IQ,Metron C.&.,Transportation Of TIC Porclain &amp; Cermaics Tiles From USA To CSOF Qatar,Transportation Of TIC Porclain &amp; Cermaics Tiles From USA To CSOF Qatar,Transportation,Logistics,18480.85,USD, ,Order
4216,Q-1192-F11187,FIRESTOP,27 May 2021,IQ,Delta A.C.,RAMEE HOTEL # BUSINESS BAY# LPO 07647,SUPPLY OF INSS1186 600 ML SAUSAGE,Firestop/ DC 315,Fire,4473,AED,Habib B.,Order
4217,Q-1192-F11186,FIRESTOP,27 May 2021,IQ,Media P.I.,GISES GLOBAL 2021 Exhibition  ( May 31st -June 2nd ) DUBAI WORLD TRADE CENTER  HUAWEI STAND# LPO MP2021/108,SUPPLY OF DC 68,Firestop/ DC 315,Fire,2467.5,AED,Ramshad K.,Order
4218,RFQ-3550-V4378,MVL Nepal,27 May 2021,RFQ,Bath N.R.,"72036719F00003 - Nepal Community Reconstruction Program (NRCP) IDIQ Contract, Task Order For The Reconstruction Of Schools And Health Facilities In Sindhuli District Of Nepal",CERAMIC TILES,Building Materials,Various,20808,NPR, ,Order
4219,RFQ-3550-V4377,MVL Nepal,27 May 2021,RFQ,Venus C.S.,"72036719F00003 - Nepal Community Reconstruction Program (NRCP) IDIQ Contract, Task Order For The Reconstruction Of Schools And Health Facilities In Sindhuli District Of Nepal",LABORATORY ITEMS,Building Materials,Various,45450,INR, ,Order
4220,RFQ-3550-E6814,MVL Nepal,27 May 2021,RFQ,Venus C.S.,"72036719F00003 - Nepal Community Reconstruction Program (NRCP) IDIQ Contract, Task Order For The Reconstruction Of Schools And Health Facilities In Sindhuli District Of Nepal",LIGHTING FIXTURES (SPARES),Electrical,Electrical,55800,INR, ,Order
4221,Q-1192-F11185,FIRESTOP,27 May 2021,IQ,Arco A.T.,Sea World Project,SUPPLY OF DC68,Firestop/ DC 315,Fire,147,AED,Muhammad N.,Order
4222,Q-1192-F10445C,FIRESTOP,26 May 2021,IQ,Al F.A.,FIRESTOPPING PROJECT PO # 6444,SUPPLY OF INSS2460 BLACK,Firestop/ DC 315,Fire,54600,AED,Muhammad N.,Order
4223,Q-1192-F11184,FIRESTOP,25 May 2021,IQ,Jeet B.C.,"RESIDENTIAL BLOCK ON PLOT NO.: 6659954, SUSTAINABLE CITY, DUBAI",Supply Of Fire Stop Materials MEP,Firestop/ DC 315,Fire,5388.6,AED,Muhammad N.,Quotation
4224,RFQ-1192-F11183,FIRESTOP,25 May 2021,RFQ,International C.T.,MVL Firestop,Order No. INCA-20210525-03,Firestop/ DC 315,Fire,158775,USD, ,Order
4225,Q-1192-F11182,FIRESTOP,24 May 2021,IQ,Bou H.C.,"PR 594# MOHAMMAD RASHID ALKETBI COMMERCIAL BUILDING (B+G+4+R), PLOT NO.: 18-12-137-243, SECTOR NO.: 02, AL MURABAA, ABU DHABI",SUPPLY OF MVL-IL,Firestop/ DC 315,Fire,367.5,AED,Habib B.,Order
4226,Q-1192-F11181,FIRESTOP,24 May 2021,IQ,Jpm A.T.,AUSTRIA PAVILION &amp; SEVEN ITDES # LPO JPM/MVL/082/2021,Supply Of Fire Stop Materials,Firestop/ DC 315,Fire,10279.5,AED,Arun stephen ,Order
4227,Q-1192-F11119A,FIRESTOP,24 May 2021,IQ,Safety W.,INTERMASS # LPO 1611,SUPPLY OF INSS1440 5G PAIL,Firestop/ DC 315,Fire,13125,AED,Habib B.,Order
4228,Q-1192-F11180,FIRESTOP,23 May 2021,IQ,Insulation D.,FIRESTOPPING PROJECT,Supply Of Fire Stop Materials,Firestop/ DC 315,Fire,2787.75,AED,Avinash P.,Quotation
4229,RFQ-3550-M4108,MVL Nepal,23 May 2021,RFQ,Ncr E.,"72036719F00003 - Nepal Community Reconstruction Program (NRCP) IDIQ Contract, Task Order For The Reconstruction Of Schools And Health Facilities In Sindhuli District Of Nepal",STORMASTER ESE AIR TERMINAL,Mechanical Items,Mechanical,196800,INR, ,Order
4230,RFQ-3550-V4378,MVL Nepal,23 May 2021,RFQ,Recco S.,"72036719F00003 - Nepal Community Reconstruction Program (NRCP) IDIQ Contract, Task Order For The Reconstruction Of Schools And Health Facilities In Sindhuli District Of Nepal",FULLY AUTOMATIC CYLINDRICAL HORIZONTAL AUTOCLAVE WITH PLC/HMI PRINTER,Misc.,Various,870000,INR, ,Order
4231,Q-1192-F11179,FIRESTOP,23 May 2021,IQ,Belco E.,"Proposed Dubai Islamic Bank Al Nahda Building (G+8P+14+R) On Plot No. 2310131, Al Nahda First, Dubai# LPO 013077",Supply Of Fire Stop Materials MEP,Firestop/ DC 315,Fire,12741.75,AED,Muhammad N.,Order
4232,RFQ-3550-V4376A,MVL Nepal,23 May 2021,RFQ,Nucleus M.C.,"72036719F00003 - Nepal Community Reconstruction Program (NRCP) IDIQ Contract, Task Order For The Reconstruction Of Schools And Health Facilities In Sindhuli District Of Nepal",CTG MACHINE,Misc.,Various,113500,INR, ,Order
4233,RFQ-3550-E6812,MVL Nepal,23 May 2021,RFQ,Well C.C.,"72036719F00003 - Nepal Community Reconstruction Program (NRCP) IDIQ Contract, Task Order For The Reconstruction Of Schools And Health Facilities In Sindhuli District Of Nepal",EARTHING ROD,Electrical,Electrical,325170,INR, ,Cancled
4234,Q-1192-F11170B,FIRESTOP,20 May 2021,IQ,Jpm A.T.,SEVEN TIDES # LPO JPM/MVL/081/2021,SUPPLY OF FP05,Firestop/ DC 315,Fire,10143,AED,Arun stephen ,Order
4235,RFQ-3550-C6052,MVL Nepal,20 May 2021,RFQ,Engineer P.C.,"72036719F00003 - Nepal Community Reconstruction Program (NRCP) IDIQ Contract, Task Order For The Reconstruction Of Schools And Health Facilities In Sindhuli District Of Nepal",EPITILE GROUT EPOXY  (IVORY COLOUR) AND TERATILE GROUT (POLYMER MODIFIED TILE GROUT) (GREY COLOUR),Chemicals,Chemicals,847274,NPR, ,Order
4236,Q-1192-F11178,FIRESTOP,20 May 2021,IQ,Proficient A.C.,FIRESTOPPING PROJECT,SUPPLY OF INSS1440 5G PAIL,Firestop/ DC 315,Fire,6195,AED,Raquel I.,Order
4237,Q-1005-L4124,MACRO,19 May 2021,IQ,Tatekan C.C.,Transportation Of LED Lights From Ex-works China To FPT2,Transportation Of LED Lights From Ex-works China To FPT2,Transportation,Logistics,18000,USD, ,Cancled
4238,Q-1005-L4123,MACRO,19 May 2021,IQ,Metron I.,Transportation Of Cables FOB Qingdao To FPT2,Transportation Of Cables FOB Qingdao To FPT2,Transportation,Logistics,13670,USD, ,Cancled
4239,RFQ-3734-V4353,MACRO,19 May 2021,RFQ,The M.A.,(QTR-173) W912ER-19-C-0016 CONSOLIDATED SQUADRON OPERATIONS FACILITY,INTERIOR SIGNAGE,Misc.,Various,31110,QAR, ,Order
4240,Q-1005-L4122,MACRO,18 May 2021,IQ,Metron C.&.,Door Frames &amp; Hardware Transportation,"Transportation Of Door Frames And Hardware From USA To Doha, Qatar",Transportation,Logistics,21495,USD, ,Order
4241,Q-2797-V4269E,MACRO,18 May 2021,IQ,Metron I.,W5J9JE18C0008 &ndash; MOI COMPLEX FEMALE POLICE TOWN PHASE II,FPT2 - METRON - Procurement Support,Building Materials,Various,73026.52,USD, ,Order
4242,RFQ-3550-A5304,MVL Nepal,18 May 2021,RFQ,Samita E.,"72036719F00003 - Nepal Community Reconstruction Program (NRCP) IDIQ Contract, Task Order For The Reconstruction Of Schools And Health Facilities In Sindhuli District Of Nepal",EXTERIOR PAINTS,Paints,Architectural,144300,NPR, ,Order
4243,RFQ-3550-M4003,MVL Nepal,18 May 2021,RFQ,Remi E.L.,"72036719F00003 - Nepal Community Reconstruction Program (NRCP) IDIQ Contract, Task Order For The Reconstruction Of Schools And Health Facilities In Sindhuli District Of Nepal",BLOOD STORAGE CABINETS,Machine / Equipments,Mechanical,132000,INR, ,Order
4244,Q-1192-F11177,FIRESTOP,18 May 2021,IQ,Xyz I.L.,HealthPlus WHC Villa 6,SUPPLY OF INSS1186 5G PAIL,Firestop/ DC 315,Fire,1302,AED,Habib B.,Order
4245,Q-1192-F11176,FIRESTOP,17 May 2021,IQ,Bou H.C.,"PR 594# MOHAMMAD RASHID ALKETBI COMMERCIAL BUILDING (B+G+4+R), PLOT NO.: 18-12-137-243, SECTOR NO.: 02, AL MURABAA, ABU DHABI# LPO 02","Supply Of INSS1440, INSS2460,CFS01",Firestop/ DC 315,Fire,22522.5,AED,Habib B.,Order
4246,Q-3734-V4273B,MACRO,17 May 2021,IQ,Metron C.&.,(QTR-173) W912ER-19-C-0016 CONSOLIDATED SQUADRON OPERATIONS FACILITY,PROCUREMENT SUPPORT FOR - 3734 - CSOF - METRON,Building Materials,Various,81672.14,USD, ,Order
4247,RFQ-3550-V4376,MVL Nepal,17 May 2021,RFQ,Bath N.R.,"72036719F00003 - Nepal Community Reconstruction Program (NRCP) IDIQ Contract, Task Order For The Reconstruction Of Schools And Health Facilities In Sindhuli District Of Nepal",CERAMIC TILES AND GRANITE,Building Materials,Various,66225,NPR, ,Order
4248,Q-2797-V4355,MACRO,17 May 2021,IQ,Tatekan C.,Financial Aid Provided For Procuring Materials - FPT2 Project,Financial Aid Provided For Procuring Materials - FPT2 Project,Misc.,Various,38276.65,USD, ,Order
4249,Q-1192-F11172A,FIRESTOP,17 May 2021,IQ,Huge B.C.,G+17 NUIMIYA# LPO PD/HG/PO/24340,"SUPPLY OF CFS01, D120",Firestop/ DC 315,Fire,1055.25,AED,Muhammad N.,Order
4250,RFQ-3550-M4002,MVL Nepal,16 May 2021,RFQ,Savitri L.,"72036719F00003 - Nepal Community Reconstruction Program (NRCP) IDIQ Contract, Task Order For The Reconstruction Of Schools And Health Facilities In Sindhuli District Of Nepal",FETAL DOPPLER MACHINE AND USG MACHINE,Machine / Equipments,Mechanical,1500,USD, ,Order
4251,RFQ-3550-M4001,MVL Nepal,16 May 2021,RFQ,United M.P.,"72036719F00003 - Nepal Community Reconstruction Program (NRCP) IDIQ Contract, Task Order For The Reconstruction Of Schools And Health Facilities In Sindhuli District Of Nepal",VARIOUS MEDICAL EQUIPMENTS,Machine / Equipments,Mechanical,152775,INR, ,Order
4252,RFQ-3550-E6811,MVL Nepal,16 May 2021,RFQ,Electric L.S.,"72036719F00003 - Nepal Community Reconstruction Program (NRCP) IDIQ Contract, Task Order For The Reconstruction Of Schools And Health Facilities In Sindhuli District Of Nepal",VARIOUS ELECTRICAL ITEM,Electrical,Electrical,88617.36,NPR, ,Order
4253,Q-1192-F11175,FIRESTOP,16 May 2021,IQ,3d C.L.,"PROPOSED RESIDENTIAL BUILDING - G+2P+8F+R; PLOT NO: 6456039, WADI AL SAFA- 3, DUBAI, UAE",Supply Of Fire Stop Materials MEP,Firestop/ DC 315,Fire,44997.75,AED,Samar T.,Quotation
4254,Q-1192-F10892A,FIRESTOP,16 May 2021,IQ,Al H.,"AL MAMSHA , BUILDING SS3 (B+G+7F+R), SHARJAH#AHJ-572# LPO 2005070",SUPPLY OF INSS1440,Firestop/ DC 315,Fire,12700.8,AED,Raquel I.,Order
4255,RFQ-3550-V4371A,MVL Nepal,10 May 2021,RFQ,Apothecaries S.M.,"72036719F00003 - Nepal Community Reconstruction Program (NRCP) IDIQ Contract, Task Order For The Reconstruction Of Schools And Health Facilities In Sindhuli District Of Nepal",ELECTRICAL SUCTION UNIT (Medical Equipment),Misc.,Various,15800,INR, ,Order
4256,Q-1005-M4032,MV LLC,10 May 2021,IQ,American E.-.,W912D1-21-Q-0025 - Mid-Size SUV Solicitation,Supply Of Mid-Size SUV 15 Units,Machine / Equipments,Mechanical,152437.66,KWD, ,Quotation
4257,Q-1192-F11170A,FIRESTOP,10 May 2021,IQ,Jpm A.T.,SEVEN TIDES # LPO JPM/MVL/080/2021,SUPPLY OF FP05,Firestop/ DC 315,Fire,10046.4,AED,Arun stephen ,Order
4258,RFQ-3550-V4374A,MVL Nepal,10 May 2021,RFQ,Indian S.C.,"72036719F00003 - Nepal Community Reconstruction Program (NRCP) IDIQ Contract, Task Order For The Reconstruction Of Schools And Health Facilities In Sindhuli District Of Nepal",WHEEL CHAIR AND BABY BASSINET,Misc.,Various,95800,INR, ,Order
4259,RFQ-3550-V4375A,MVL Nepal,10 May 2021,RFQ,Deluxe S.S.,"72036719F00003 - Nepal Community Reconstruction Program (NRCP) IDIQ Contract, Task Order For The Reconstruction Of Schools And Health Facilities In Sindhuli District Of Nepal",WAITING CHAIR METAL 3 SEATER - SCWM 201,Misc.,Various,132000,INR, ,Order
4260,RFQ-3734-M4101,MACRO,10 May 2021,RFQ,Alaina E.S.,(QTR-173) W912ER-19-C-0016 CONSOLIDATED SQUADRON OPERATIONS FACILITY,"Supply, Delivery And Installation Of HVAC Platform",Mechanical Items,Mechanical,81470,QAR, ,Order
4261,Q-1192-F11174,FIRESTOP,10 May 2021,IQ,Siraj I.A.,"G+27, JVT, THE ONE # LPO AI/LPO/6454/21",SUPPLY OF INSS2460 BLACK,Firestop/ DC 315,Fire,14175,AED,Samar T.,Order
4262,Q-1192-F11173,FIRESTOP,09 May 2021,IQ,Target E.C.,RSC / ADNOC OFF-SHORE ( REF: 06052021/RSC/6819),SUPPLY OF MOPUR585,Firestop/ DC 315,Fire,94.5,AED,Samar T.,Quotation
4263,RFQ-3550-V4375,MVL Nepal,09 May 2021,RFQ,Baniya S.P.,"72036719F00003 - Nepal Community Reconstruction Program (NRCP) IDIQ Contract, Task Order For The Reconstruction Of Schools And Health Facilities In Sindhuli District Of Nepal",CABLE TRAY AND ACCESSORIES,Building Materials,Various,2183922.75,NPR, ,Order
4264,RFQ-3550-V4373,MVL Nepal,09 May 2021,RFQ,Anand S.I.,"72036719F00003 - Nepal Community Reconstruction Program (NRCP) IDIQ Contract, Task Order For The Reconstruction Of Schools And Health Facilities In Sindhuli District Of Nepal",SURGICAL CAUTERY,Misc.,Various,156000,INR, ,Order
4265,Q-1192-F10769A,FIRESTOP,09 May 2021,IQ,Saudi N.S.,KSA PROJECT,SUPPLY OF DC315,Firestop/ DC 315,Fire,4000,USD,Raquel I.,Quotation
4266,Q-1192-F11172,FIRESTOP,09 May 2021,IQ,Huge B.C.,G+17 NUIMIYA# LPO PD/HG/PO/24339,"SUPPLY OF CFS01, D120",Firestop/ DC 315,Fire,2026.5,AED,Muhammad N.,Order
4267,RFQ-3550-V4365A,MVL Nepal,06 May 2021,RFQ,Bath N.R.,"72036719F00003 - Nepal Community Reconstruction Program (NRCP) IDIQ Contract, Task Order For The Reconstruction Of Schools And Health Facilities In Sindhuli District Of Nepal",SPACER FOR WALL TILES AND FLOOR TILES,Building Materials,Various,6215,NPR, ,Order
4268,Q-1192-F11123A,FIRESTOP,06 May 2021,IQ,Al Q.G.,"PROPOSED DUBAI ISLAMIC BANK AL NAHDA BUILDING (G+8P+14+R)  ON PLOT NO.2310131, AL NAHDA# LPO 102100392",Supply Of Fire Stop Materials MEP,Firestop/ DC 315,Fire,82372.5,AED,Muhammad N.,Order
4269,Q-1192-F11171,FIRESTOP,06 May 2021,IQ,Al Q.G.,1144-G+50 : GATE TOWER # LPO 102100437,SUPPLY OF INSS1186,Firestop/ DC 315,Fire,49875,AED,Muhammad N.,Order
4270,Q-1192-F11170,FIRESTOP,06 May 2021,IQ,Jpm A.T.,SEVEN TIDES # LPO JPM/MVL/079/2021,SUPPLY OF FP05,Firestop/ DC 315,Fire,4830,AED,Arun stephen ,Order
4271,Q-1192-F11169,FIRESTOP,06 May 2021,IQ,Saudi J.E.,KSA PROJECT,SUPPLY OF DC7120,Firestop/ DC 315,Fire,380,USD,Avinash P.,Quotation
4272,RFQ-3550-V4374A,MVL Nepal,06 May 2021,RFQ,Bath N.R.,"72036719F00003 - Nepal Community Reconstruction Program (NRCP) IDIQ Contract, Task Order For The Reconstruction Of Schools And Health Facilities In Sindhuli District Of Nepal",SANITARY FIXTURES,Building Materials,Various,78467,NPR, ,Order
4273,Q-1192-F11168,FIRESTOP,05 May 2021,IQ,Tamco G.F.,JOB 4770PO# 00013897_21,"SUPPLY OF INSS1186,D120",Firestop/ DC 315,Fire,1680,AED,Samar T.,Order
4274,Q-1192-F11167,FIRESTOP,05 May 2021,IQ,Lazourdy C.&.,"COMMERCIAL BUILDING &amp; RESIDENTIAL BUILDING FOR MOHAMMED SAFE RASHID SALMAN RAHMA AL MANSURI (2B+G+MEZZ.+12TYP.+R), PLOT NO.: C101, SECTOR NO.: E4_02, ABUDHABI ISLAND, ABUDHABI# LPO LAZ/PO/CIV/21/S0300",SUPPLY OF INSPECTION LABEL,Firestop/ DC 315,Fire,1837.5,AED,Habib B.,Order
4275,RFQ-1569-O21,MACRO,05 May 2021,RFQ,Cloud L.T.,MVL OFFICE - COMPUTER PERIPHERALS,QNAP TS-231K 2 BAY NAS AND HDD SATA 4TB WD RED WD40EFAX,Computer Peripherals,Office Assets,1718.85,AED, ,Order
4276,RFQ-3550-T1000,MVL Nepal,05 May 2021,RFQ,Ibis M.E.,"72036719F00003 - Nepal Community Reconstruction Program (NRCP) IDIQ Contract, Task Order For The Reconstruction Of Schools And Health Facilities In Sindhuli District Of Nepal",INFANT RADIANT WARMER  ICORE 10 B+,Tools,Tools,105480,INR, ,Order
4277,RFQ-3550-V4370,MVL Nepal,05 May 2021,RFQ,Vision o.K.,"72036719F00003 - Nepal Community Reconstruction Program (NRCP) IDIQ Contract, Task Order For The Reconstruction Of Schools And Health Facilities In Sindhuli District Of Nepal",WATER FILTER SYSTEM,Misc.,Various,3099000,NPR, ,Order
4278,Q-1192-F11166,FIRESTOP,04 May 2021,IQ,Al Q.G.,"Proposed Dubai Islamic Bank Al Nahda Building (G+8P+14+R) On Plot No. 2310131, Al Nahda First, Dubai, UAE.",SUPPLY OF MVL FIRESTOP MATERIALS,Firestop/ DC 315,Fire,5663.7,AED,Muhammad N.,Quotation
4279,Q-1192-F11165,FIRESTOP,04 May 2021,IQ,Al Q.G.,"Proposed Dubai Islamic Bank Al Nahda Building (G+8P+14+R) On Plot No. 2310131, Al Nahda First, Dubai, UAE.",SUPPLY OF MVL FIRESTOP MATERIALS,Firestop/ DC 315,Fire,1186.5,AED,Muhammad N.,Quotation
4280,Q-1192-F11164,FIRESTOP,04 May 2021,IQ,Huge B.C.,G+17 NUIMIYA_PO# PD/HG/PO/24338,SUPPLY OF MVL FIRESTOP MATERIALS,Firestop/ DC 315,Fire,1501.5,AED,Muhammad N.,Order
4281,Q-1192-F11163,FIRESTOP,03 May 2021,IQ,Bou H.C.,"COMMERCIAL BUILDING (B+G+4+R), PLOT NO.: 18-12-137-243, SECTOR NO.: 02, AL MURABAA, ABU DHABI",SUPPLY OF INFS0812,Firestop/ DC 315,Fire,1680,AED,Habib B.,Order
4282,Q-1192-F11162,FIRESTOP,02 May 2021,IQ,Kdh C.,FIRESTOPPING PROJECT,SUPPLY OF DC7120 AND ESSCOAT,Firestop/ DC 315,Fire,412,USD,Gilbert J.,Quotation
4283,Q-2394-V4354,MACRO,02 May 2021,IQ,Abdul K.C.,"Close Out Materials, Trans &amp; Custom Duty Paid","Close Out Materials, Trans &amp; Custom Duty Paid",Misc.,Various,33910.93,USD, ,Order
4284,Q-2394-V4353,MACRO,02 May 2021,IQ,Abdul K.C.,Spares Purchased For Site,Spares Purchased For Site,Misc.,Various,23682.18,USD, ,Order
4285,Q-1192-F11161,FIRESTOP,02 May 2021,IQ,Delta A.C.,Business Bay Project # LPO 07636,Supply Of INSS1186,Firestop/ DC 315,Fire,3874.5,AED,Habib B.,Order
4286,Q-2797-V4354,MACRO,29 Apr 2021,IQ,Tatekan C.,Financial Aid Provided For Procuring Materials - FPT2 Project,Financial Aid Provided For Procuring Materials - FPT2 Project,Misc.,Various,96134.19,USD, ,Order
4287,RFQ-3550-V4373A,MVL Nepal,29 Apr 2021,RFQ,Sangachhe T.C.,"72036719F00003 - Nepal Community Reconstruction Program (NRCP) IDIQ Contract, Task Order For The Reconstruction Of Schools And Health Facilities In Sindhuli District Of Nepal","PIPES, ANGLES AND CGI SHEETS",Building Materials,Various,756720.94,NPR, ,Order
4288,Q-1192-F11160,FIRESTOP,28 Apr 2021,IQ,Tamco G.F.,JOB 4500 # LPO 00013869-21,"SUPPLY OF INSS1186, D120, INSS2460",Firestop/ DC 315,Fire,2032.8,AED,Samar T.,Order
4289,Q-1192-F11159,FIRESTOP,28 Apr 2021,IQ,Collyer E.,BANGLADESH FIRESTOPPING PROJECT,SUPPLY OF D64,Firestop/ DC 315,Fire,30,AED,Samar T.,Quotation
4290,RFQ-1005-L4121,MACRO,27 Apr 2021,RFQ,Baniya G.,Transportation Of Expansion Joints From China To Nepal,Transportation Of Expansion Joints From China To Nepal,Transportation,Logistics,9852.9,USD, ,Cancled
4291,Q-1192-F11158,FIRESTOP,27 Apr 2021,IQ,Beaver G.C.,"D17-85D, PORT DE LA MER APARTMENTS, PLOT 3-PHASE 2, MAIN CONSTRUCTION WORK PO#  102105591",SUPPLY OF INSS1186,Firestop/ DC 315,Fire,60900,AED,Habib B.,Order
4292,RFQ-3734-V4276,MACRO,27 Apr 2021,RFQ,Al I.G.,(QTR-173) W912ER-19-C-0016 CONSOLIDATED SQUADRON OPERATIONS FACILITY,ALUMINUM WINDOW AND CURTAIN WALL,Building Materials,Various,141000,QAR, ,Order
4293,RFQ-3734-V4275,MACRO,27 Apr 2021,RFQ,Nemer M.I.,(QTR-173) W912ER-19-C-0016 CONSOLIDATED SQUADRON OPERATIONS FACILITY,CORNER GUARD,Building Materials,Various,24200.1,QAR, ,Order
4294,RFQ-2797-A5303,MACRO,27 Apr 2021,RFQ,Aziz U.N.,W5J9JE18C0008 &ndash; MOI COMPLEX FEMALE POLICE TOWN PHASE II,JOTUN EPOXY FLOOR (SUPPLY AND APPLY),Paints,Architectural,61153,USD, ,Order
4295,Q-1192-F11157,FIRESTOP,27 Apr 2021,IQ,Mr. J.S.,"PALM DEIRA HOTEL(1B+G+M+7 FLOOR), PLOT NO.: DIB-WE-1021, THE PALM ISLAND VILLAS, DUBAI, UAE",Supply Of Fire Stop Materials MEP,Firestop/ DC 315,Fire,76681.5,AED,Muhammad N.,Quotation
4296,RFQ-3734-V4351,MACRO,27 Apr 2021,RFQ,Hamad B.K.,(QTR-173) W912ER-19-C-0016 CONSOLIDATED SQUADRON OPERATIONS FACILITY,KITCHEN CABINETS AND DESKS,Misc.,Various,105238.1,QAR, ,Order
4297,Q-1192-F11156,FIRESTOP,27 Apr 2021,IQ,Jpm A.T.,"SEVEN TIDES, PALM JUMEIRAH",SUPPLY OF FP05,Firestop/ DC 315,Fire,38640,AED,Arun stephen ,Quotation
4298,RFQ-1569-S9002,MACRO,26 Apr 2021,RFQ,Isra M.E.,MVL REAL ESTATES,3 VINYL STICKERS (2 IN AL WASL 1 IN AL JADAF) AND RELOCATION OF ONE SIGNBOARD,Design,Services,2572.5,AED, ,Order
4299,Q-1192-F11155,FIRESTOP,26 Apr 2021,IQ,Ismail G.G.,FIRESTOPPING PROJECT,SUPPLY OF FM011,Firestop/ DC 315,Fire,3150,AED,Raquel I.,Quotation
4300,Q-1192-F11154,FIRESTOP,26 Apr 2021,IQ,Integrated T.C.,QATAR PROJECT,SUPPLY OF INSS1186 AND INSS1440,Firestop/ DC 315,Fire,253200,USD,Avinash P.,Quotation
4301,Q-1192-F11149A,FIRESTOP,25 Apr 2021,IQ,Kasco p.D.,SATWA BUILDING PROJECT # LPO 163 &amp; 165,SUPPLY OF INSS1440 5G PAIL,Firestop/ DC 315,Fire,2266.95,AED,Habib B.,Cancled
4302,Q-1192-F11153,FIRESTOP,25 Apr 2021,IQ,Golden M.T.,FIRESTOPPING PROJECT,SUPPLY OF FM011,Firestop/ DC 315,Fire,3150,AED,Raquel I.,Quotation
4303,RFQ-3550-V4369,MVL Nepal,25 Apr 2021,RFQ,Globus E.,"72036719F00003 - Nepal Community Reconstruction Program (NRCP) IDIQ Contract, Task Order For The Reconstruction Of Schools And Health Facilities In Sindhuli District Of Nepal",VARIOUS FURNITURES (2ND ORDER),Misc.,Various,2000885,NPR, ,Order
4304,Q-1192-F11152A,FIRESTOP,25 Apr 2021,IQ,Huge B.C.,G+17 NUIMIYA# LPO PD/HG/PO/24336,SUPPLY OF  D120,Firestop/ DC 315,Fire,252,AED,Muhammad N.,Order
4305,Q-2797-V4269D,MACRO,22 Apr 2021,IQ,Metron I.,W5J9JE18C0008 &ndash; MOI COMPLEX FEMALE POLICE TOWN PHASE II,FPT2 - METRON - Procurement Support,Building Materials,Various,241382.7,USD, ,Order
4306,Q-1192-F11152,FIRESTOP,22 Apr 2021,IQ,Huge B.C.,G+17 NUIMIYA# LPO PD/HG/PO/24335,"SUPPLY OF CFS01, D120",Firestop/ DC 315,Fire,4142.25,AED,Muhammad N.,Order
4307,RFQ-3550-V4372A,MVL Nepal,21 Apr 2021,RFQ,Venus C.S.,"72036719F00003 - Nepal Community Reconstruction Program (NRCP) IDIQ Contract, Task Order For The Reconstruction Of Schools And Health Facilities In Sindhuli District Of Nepal",EARTHING MATERIALS,Building Materials,Various,372000,INR, ,Order
4308,RFQ-3734-V4274,MACRO,21 Apr 2021,RFQ,Don C.P.,(QTR-173) W912ER-19-C-0016 CONSOLIDATED SQUADRON OPERATIONS FACILITY,FLEXSEAL PU425 BEIGE WHITE AND GRAY,Building Materials,Various,25200,QAR, ,Order
4309,Q-1192-F11151,FIRESTOP,21 Apr 2021,IQ,Al Q.G.,"1196-G+8P+14+14+R, AL NAHDA- DIB # LPO 102100393",Supply Of Fire Stop Materials MEP,Firestop/ DC 315,Fire,24701.25,AED,Muhammad N.,Order
4310,RFQ-3550-V4371,MVL Nepal,21 Apr 2021,RFQ,Venus C.S.,"72036719F00003 - Nepal Community Reconstruction Program (NRCP) IDIQ Contract, Task Order For The Reconstruction Of Schools And Health Facilities In Sindhuli District Of Nepal",EARTHING MATERIALS,Building Materials,Various,265300,INR, ,Order
4311,RFQ-3550-V4370,MVL Nepal,21 Apr 2021,RFQ,Venus C.S.,"72036719F00003 - Nepal Community Reconstruction Program (NRCP) IDIQ Contract, Task Order For The Reconstruction Of Schools And Health Facilities In Sindhuli District Of Nepal",CABLE TRAY,Building Materials,Various,799350,INR, ,Cancled
4312,RFQ-1569-V4389,FIRESTOP,21 Apr 2021,RFQ,Presto T.T.,MVL FIRESTOP,700R16 YOKOHAMA JAPAN-21,Misc.,Various,2740.5,AED, ,Order
4313,Q-1192-F11150,FIRESTOP,20 Apr 2021,IQ,Collyer E.,BANGLADESH PROJECT _PO # CE0015,SUPPLY OF INSS1440,Firestop/ DC 315,Fire,23000,AED,Samar T.,Order
4314,Q-1192-F11126A,FIRESTOP,20 Apr 2021,IQ,Lazourdy C.&.,"COMMERCIAL BUILDING &amp; RESIDENTIAL BUILDING FOR MOHAMMED SAFE RASHID SALMAN RAHMA AL MANSURI (2B+G+MEZZ.+12TYP.+R), PLOT NO.: C101, SECTOR NO.: E4_02, ABUDHABI ISLAND, ABUDHABI.# LPO LAZ/PO/CIV/21/A0241",SUPPLY OF D120,Firestop/ DC 315,Fire,257.25,AED,Habib B.,Order
4315,Q-1192-F11149,FIRESTOP,20 Apr 2021,IQ,Kasco p.D.,SATWA BUILDING PROJECT # LPO 163 &amp; 165,"SUPPLY OF INSS1440 5G PAIL, INFS0812",Firestop/ DC 315,Fire,2266.95,AED,Habib B.,Order
4316,Q-1192-F11148,FIRESTOP,20 Apr 2021,IQ,Zein S.C.,"DESIGN &amp; BUILD OF SELF COOKING KITCHENS AT STAFF VILLAGE IN THE LOGISTICS OF DS, DUBAI, UAE","SUPPLY OF INSS1440, D64",Firestop/ DC 315,Fire,315,AED,Habib B.,Order
4317,Q-1192-F11147,FIRESTOP,19 Apr 2021,IQ,Glazinum F.C.,G1500692-21-MUWIALAH PROJECT# LPO G1500912-21,SUPPLY OF INSS2460 BLACK,Firestop/ DC 315,Fire,7087.5,AED,Samar T.,Order
4318,Q-1192-F11146,FIRESTOP,19 Apr 2021,IQ,Al I.H.,"G+8+R, RESIDENTIAL BUILDING, AL TAWUN, SHARJAH, UAE",Supply Of Fire Stop Materials MEP,Firestop/ DC 315,Fire,12468.75,AED,Muhammad N.,Quotation
4319,RFQ-1192-F11145,FIRESTOP,19 Apr 2021,RFQ,International C.T.,MVL FIRESTOP,Order No. INCA-20210419-02 - DC6150 Cable Coating,Firestop/ DC 315,Fire,184,USD, ,Order
4320,RFQ-1569-V4388,MACRO,19 Apr 2021,RFQ,Professional N.A.,MVL REAL ESTATES,Shifting Of Existing Signboard,Misc.,Various,1155,AED, ,Cancled
4321,Q-1192-F11144,FIRESTOP,19 Apr 2021,IQ,Huge B.C.,"G+17, PLOT NO. 0173, NUIMIYA,AJMAN",SUPPLY OF CFS01 AND D120,Firestop/ DC 315,Fire,404.25,AED,Muhammad N.,Order
4322,Q-1192-F11143,FIRESTOP,18 Apr 2021,IQ,Consolidated C.C.,"Project &ndash; Zirku Facilities Capacity Enhancement Project (Train -5), EPC Works",SUPPLY OF MVL FIRESTOP MATERIALS,Firestop/ DC 315,Fire,14280,AED,Habib B.,Quotation
4323,RFQ-3742-V4258,MACRO,18 Apr 2021,RFQ,Exterior T.I.,W912ER-19-C-0018 Care And Preservation Vehicle Maintenance Facility,STRUCTURED POLYCARBONATE PANELS,Building Materials,Various,236465,USD, ,Order
4324,Q-1192-F11142,FIRESTOP,18 Apr 2021,IQ,Jpm A.T.,"LEEBARCH PALACE ( G+3P+15TYP+HC) PLOT NO. 6734072, ARJAN, DUBAI# LPO 078/04/2021",SUPPLY OF INFS0812,Firestop/ DC 315,Fire,1470,AED,Habib B.,Order
4325,RFQ-3550-V4368,MVL Nepal,18 Apr 2021,RFQ,Globus E.,"72036719F00003 - Nepal Community Reconstruction Program (NRCP) IDIQ Contract, Task Order For The Reconstruction Of Schools And Health Facilities In Sindhuli District Of Nepal",VARIOUS FURNITURES,Misc.,Various,489400,NPR, ,Order
4326,Q-1192-F11141,FIRESTOP,18 Apr 2021,IQ,Ghantoot T.a.,"Upgrading Of Existing Punitive &amp; Reformatory Complex - AL WATHBA,ABUDHABI# LPO BA000127-STK/00000023","SUPPLY OF INSS1440, D64",Firestop/ DC 315,Fire,9397.5,AED,Samar T.,Order
4327,Q-1192-F11140,FIRESTOP,18 Apr 2021,IQ,Palgan I.C.,SHARJAH HUMANITARIAN SERVICE # LPO 2548,"SUPPLY OF INSS1440, INFS0812",Firestop/ DC 315,Fire,5722.5,AED,Muhammad N.,Order
4328,Q-1192-F11139,FIRESTOP,15 Apr 2021,IQ,New S.E.,"RESIDENTIAL BUILDING (G+1P+7+R), PLOT NO.: IC3-F-26, INTERNATIONAL CITY PHASE- 2, DUBAI, UAE",Supply Of Fire Stop Materials MEP,Firestop/ DC 315,Fire,35589.75,AED,Muhammad N.,Quotation
4329,RFQ-3550-V4367A,MVL Nepal,15 Apr 2021,RFQ,Abhiyan H.C.,"72036719F00003 - Nepal Community Reconstruction Program (NRCP) IDIQ Contract, Task Order For The Reconstruction Of Schools And Health Facilities In Sindhuli District Of Nepal",SUPPLY OF BED B 2088*1575*325,Misc.,Various,323320,NPR, ,Cancled
4330,RFQ-3550-V4367,MVL Nepal,15 Apr 2021,RFQ,Abhiyan H.C.,"72036719F00003 - Nepal Community Reconstruction Program (NRCP) IDIQ Contract, Task Order For The Reconstruction Of Schools And Health Facilities In Sindhuli District Of Nepal",SUPPLY OF BED B 2088*1575*325,Misc.,Various,323320,NPR, ,Order
4331,Q-1192-F11138,FIRESTOP,15 Apr 2021,IQ,Deep S.S.,FIRESTOPPING PROJECT,"SUPPLY OF INSS1440, FP05",Firestop/ DC 315,Fire,1406.42,AED,Habib B.,Quotation
4332,Q-1192-F11137,FIRESTOP,15 Apr 2021,IQ,Drc I.E.,"AL WASL PLAZA DUBAI, EXPO,  P112 EMAAR HOSPITALITY TOWER B+G+9 FLOORS+ROOF# LPO P-112/DRC/190421/169",Supply Of Fire Stop Materials MEP,Firestop/ DC 315,Fire,948.02,AED,Arun stephen ,Order
4333,Q-1192-F11136,FIRESTOP,15 Apr 2021,IQ,Drc I.E.,"AL WASL PLAZA DUBAI, EXPO PROJECT",Supply Of Fire Stop Materials - CIVIL,Firestop/ DC 315,Fire,640.5,AED,Arun stephen ,Quotation
4334,Q-1192-F11135,FIRESTOP,15 Apr 2021,IQ,Siraj I.A.,G+27 JVT - THE ONE # AI/LPO/6390/21,SUPPLY OF INSS2460 BLACK,Firestop/ DC 315,Fire,5670,AED,Samar T.,Order
4335,RFQ-1192-V4428,FIRESTOP,14 Apr 2021,RFQ,Printek S.,MVL FIRESTOP,MX3550 PART # MX-61NT PRINTER TONER CARTRIDES 1 SET,Misc.,Various,1942.5,AED, ,Order
4336,Q-1005-L4120,MACRO,14 Apr 2021,IQ,Metron I.,Transportation Of Fire Alarm System From USA To FPT2 Site,Transportation Of Fire Alarm System From USA To FPT2 Site,Transportation,Logistics,5400,USD, ,Order
4337,RFQ-3550-E6810,MVL Nepal,13 Apr 2021,RFQ,Avone S.&.,"72036719F00003 - Nepal Community Reconstruction Program (NRCP) IDIQ Contract, Task Order For The Reconstruction Of Schools And Health Facilities In Sindhuli District Of Nepal",SUPPLY OF FEEDER PANEL,Electrical,Electrical,38000,NPR, ,Order
4338,Q-1192-F11134,FIRESTOP,13 Apr 2021,IQ,Collyer E.,"PROPOSED WAREHOUSE, BANGLADESH",SUPPLY OF PRO WRAP,Firestop/ DC 315,Fire,9769.5,USD,Samar T.,Quotation
4339,Q-1192-9246,FIRESTOP,13 Apr 2021,IQ,Rsa-talke D.L.,FIRESTOPPING PROJECT,SUPPLY OF INSS1440,Fit Out Project,Architectural,126,AED,Raquel I.,Quotation
4340,Q-1192-F11133,FIRESTOP,13 Apr 2021,IQ,Jpm A.T.,SEVEN TIDES # LPO JPM/MVL/076/2021,SUPPLY OF INSS0285,Firestop/ DC 315,Fire,4410,AED,Arun stephen ,Order
4341,Q-1192-F11132,FIRESTOP,12 Apr 2021,IQ,White F.E.,FIRESTOPPING PROJECT,Supply Of Fire Stop Materials,Firestop/ DC 315,Fire,2881.2,AED,Avinash P.,Quotation
4342,Q-1192-F11131,FIRESTOP,12 Apr 2021,IQ,Beaver G.C.,PROJECT STORE_PORT LAMER (CIVIL) PO# 102105116,SUPPLY OF INSS1186,Firestop/ DC 315,Fire,60900,AED,Habib B.,Order
4343,Q-1192-F11130A,FIRESTOP,12 Apr 2021,IQ,Mesopot D.a.,FIRESTOPPING PROJECT_PO # LPO-M17-SUB-31,"SUPPLY OF INSS2460, FP04",Firestop/ DC 315,Fire,1410.78,AED,Arun stephen ,Order
4344,Q-1192-F11130,FIRESTOP,11 Apr 2021,IQ,Mesopot D.a.,FIRESTOPPING PROJECT,SUPPLY OF INSS2460,Firestop/ DC 315,Fire,283.5,AED,Arun stephen ,Quotation
4345,RFQ-3550-V4369,MVL Nepal,11 Apr 2021,RFQ,Bath N.R.,"72036719F00003 - Nepal Community Reconstruction Program (NRCP) IDIQ Contract, Task Order For The Reconstruction Of Schools And Health Facilities In Sindhuli District Of Nepal",VARIOUS SANITARY WARES,Building Materials,Various,237748,NPR, ,Order
4346,RFQ-3550-M4107,MVL Nepal,11 Apr 2021,RFQ,Aarati M.,"72036719F00003 - Nepal Community Reconstruction Program (NRCP) IDIQ Contract, Task Order For The Reconstruction Of Schools And Health Facilities In Sindhuli District Of Nepal",MEDICAL FURNITURE AND EQUIPMENTS,Mechanical Items,Mechanical,2557190,NPR, ,Order
4347,Q-1192-F11117A,FIRESTOP,11 Apr 2021,IQ,Siraj I.A.,G+27@ JVT- THE ONE # LPO AI/LPO/6369/21,SUPPLY OF INSS2460 BLACK,Firestop/ DC 315,Fire,2835,AED,Samar T.,Order
4348,RFQ-2797-V4270B,MACRO,08 Apr 2021,RFQ,Koh B.L.,W5J9JE18C0008 &ndash; MOI COMPLEX FEMALE POLICE TOWN PHASE II,WASHING MACHINE AND DLED TV,Building Materials,Various,27376.8,USD, ,Order
4349,RFQ-1192-F11129,FIRESTOP,08 Apr 2021,RFQ,International C.T.,MVL Firestop,INCA - 20201229-05_ (Order Confirmation),Firestop/ DC 315,Fire,26560,USD, ,Order
4350,Q-1192-F11128,FIRESTOP,08 Apr 2021,IQ,World S.G.,FIRESTOPPING PROJECT,SUPPLY OF FIRESTOP PUTTY- FM011,Firestop/ DC 315,Fire,367.5,AED,Raquel I.,Order
4351,RFQ-1192-L4001,FIRESTOP,07 Apr 2021,RFQ,Synosys T.L.,MVL FIRESTOP,VEHICLE TRACKING SYSTEM,Transportation,Logistics,1501.5,AED, ,Order
4352,Q-3734-V4273A,MACRO,07 Apr 2021,IQ,Metron C.&.,(QTR-173) W912ER-19-C-0016 CONSOLIDATED SQUADRON OPERATIONS FACILITY,PROCUREMENT SUPPORT FOR - 3734 - CSOF - METRON,Building Materials,Various,125018.11,USD, ,Order
4353,Q-1192-F11127,FIRESTOP,07 Apr 2021,IQ,E A.U.,FAKEEH UNIVERSITY,"SUPPLY OF INSS1186, INSS1440, D64",Firestop/ DC 315,Fire,1596,AED,Habib B.,Order
4354,RFQ-3550-A5303A,MVL Nepal,07 Apr 2021,RFQ,Samita E.,"72036719F00003 - Nepal Community Reconstruction Program (NRCP) IDIQ Contract, Task Order For The Reconstruction Of Schools And Health Facilities In Sindhuli District Of Nepal",PAINTING MATERIALS,Paints,Architectural,371860,NPR, ,Order
4355,Q-1192-F11126,FIRESTOP,06 Apr 2021,IQ,Lazourdy C.&.,"COMMERCIAL BUILDING &amp; RESIDENTIAL BUILDING FOR MOHAMMED SAFE RASHID SALMAN RAHMA AL MANSURI (2B+G+MEZZ.+12TYP.+R), PLOT NO.: C101, SECTOR NO.: E4_02, ABUDHABI ISLAND, ABUDHABI.# LPO LAZ/PO/CIV/21/A0241",SUPPLY OF D120 &amp; FP05,Firestop/ DC 315,Fire,1186.5,AED,Habib B.,Order
4356,Q-1192-F11124A,FIRESTOP,06 Apr 2021,IQ,Safety W.,INTERMASS# LPO 1598,SUPPLY OF INSS2460 WHITE,Firestop/ DC 315,Fire,3570,AED,Habib B.,Order
4357,Q-1192-F11125,FIRESTOP,05 Apr 2021,IQ,Wall T.L.,FIRESTOPPING PROJECT,SUPPLY OF INSS2460 BLACK,Firestop/ DC 315,Fire,1496.25,AED,Samar T.,Quotation
4358,Q-1192-F11124,FIRESTOP,04 Apr 2021,IQ,Safety W.,INTERMASS# LPO 1596,SUPPLY OF INSS2460 WHITE,Firestop/ DC 315,Fire,1785,AED,Habib B.,Order
4359,RFQ-3550-V4368,MVL Nepal,04 Apr 2021,RFQ,Sangachhe T.C.,"72036719F00003 - Nepal Community Reconstruction Program (NRCP) IDIQ Contract, Task Order For The Reconstruction Of Schools And Health Facilities In Sindhuli District Of Nepal",Hongshi OPC Cement,Building Materials,Various,348598.44,NPR, ,Order
4360,RFQ-1192-V4314,FIRESTOP,04 Apr 2021,RFQ,Fujairah R.F.,MVL Firestop,SLAB WITHOUT FACING (SXXX) DENSITY 64 KG M3 THICKNESS 50 MM SIZE 1.2 MTR * 0.6 MTR QUANTITY: 360 SQM,Building Materials,Various,4921.56,AED, ,Order
4361,RFQ-1192-V4313,FIRESTOP,04 Apr 2021,RFQ,Al M.C.,MVL Firestop,SAMPLE BOARDS 6MM THICK WITH HANDLE - 40 X 60 CM,Building Materials,Various,1050,AED, ,Order
4362,RFQ-2797-E6805,MACRO,01 Apr 2021,RFQ,Qingdao C.C.,W5J9JE18C0008 &ndash; MOI COMPLEX FEMALE POLICE TOWN PHASE II,SUPPLY OF SERVICE ENTRANCE CABLE,Electrical,Electrical,35248.8,USD, ,Order
4363,Q-1192-F10817A,FIRESTOP,01 Apr 2021,IQ,Tufpanel ,FIRESTOPPING PROJECT,SUPPLY OF INSS2460 BLACK,Firestop/ DC 315,Fire,17010,AED,Habib B.,Quotation
4364,Q-1192-F11123,FIRESTOP,01 Apr 2021,IQ,Belco E.,"PROPOSED DUBAI ISLAMIC BANK AL NAHDA BUILDING (G+8P+14+R)  ON PLOT NO.2310131, AL NAHDA",Supply Of Fire Stop Materials MEP,Firestop/ DC 315,Fire,82372.5,AED,Muhammad N.,Quotation
4365,Q-1192-F11122,FIRESTOP,01 Apr 2021,IQ,Lamasat M.L.,Phoenix Operation And Maintenance Company LLC &ndash;Oman-Sur PO # 21005,SUPPLY OF DC6150,Firestop/ DC 315,Fire,660,USD,Raquel I.,Order
4366,Q-1192-F11112A,FIRESTOP,01 Apr 2021,IQ,Safety W.,INTERMASS_PO # 1594,SUPPLY OF INSS2460 WHITE,Firestop/ DC 315,Fire,3570,AED,Habib B.,Order
4367,Q-1192-F11121,FIRESTOP,01 Apr 2021,IQ,Jpm A.T.,SEVEN HOTEL AND APARTMENT-PALM JUMEIRAH PO # JPM/MVL/075/2021,SUPPLY OF INSS0285,Firestop/ DC 315,Fire,4410,AED,Arun stephen ,Order
4368,RFQ-3550-M4000,MVL Nepal,31 Mar 2021,RFQ,Rarus I.P.,"72036719F00003 - Nepal Community Reconstruction Program (NRCP) IDIQ Contract, Task Order For The Reconstruction Of Schools And Health Facilities In Sindhuli District Of Nepal",VARIOUS MEDICAL EQUIPMENT,Machine / Equipments,Mechanical,824900,NPR, ,Order
4369,Q-2797-V4269C,MACRO,31 Mar 2021,IQ,Metron I.,W5J9JE18C0008 &ndash; MOI COMPLEX FEMALE POLICE TOWN PHASE II,FPT2 - METRON - Procurement Support,Building Materials,Various,103781.66,USD, ,Order
4370,RFQ-3550-M4106,MVL Nepal,31 Mar 2021,RFQ,Aarati M.,"72036719F00003 - Nepal Community Reconstruction Program (NRCP) IDIQ Contract, Task Order For The Reconstruction Of Schools And Health Facilities In Sindhuli District Of Nepal",VARIOUS MEDICAL EQUIPMENT,Mechanical Items,Mechanical,1210230,NPR, ,Order
4371,RFQ-3550-A5202,MVL Nepal,31 Mar 2021,RFQ,Tianjin D.A.,"72036719F00003 - Nepal Community Reconstruction Program (NRCP) IDIQ Contract, Task Order For The Reconstruction Of Schools And Health Facilities In Sindhuli District Of Nepal",UPVC DOORS AND WINDOWS,Doors,Architectural,33539.98,USD, ,Order
4372,Q-1005-V7030,MACRO,31 Mar 2021,IQ,American E.-.,ELECTRICAL MATERIALS - US EMBASSY - KABUL AFGHANISTAN,ELECTRICAL MATERIALS,Building Materials,Various,33774.4,USD, ,Quotation
4373,Q-1192-F11120,FIRESTOP,30 Mar 2021,IQ,Kasco p.D.,SATWA BUILDING PROJECT # LPO 153,SUPPLY OF INFS0812,Firestop/ DC 315,Fire,1570.8,AED,Habib B.,Order
4374,Q-1192-F11119,FIRESTOP,30 Mar 2021,IQ,Safety W.,INTERMASS # LPO 1592,SUPPLY OF INSS1440 5G PAIL,Firestop/ DC 315,Fire,5775,AED,Habib B.,Order
4375,Q-1192-F11118,FIRESTOP,30 Mar 2021,IQ,Beaver G.C.,FIRESTOPPING PROJECT,SUPPLY OF D160,Firestop/ DC 315,Fire,7087.5,AED,Habib B.,Quotation
4376,RFQ-1192-V4312,FIRESTOP,30 Mar 2021,RFQ,Shandong F.A.,MVL Firestop,STRUCTURAL AND WEATHERPROOF SILICONE SEALANTS,Building Materials,Various,37624,USD, ,Order
4377,Q-1192-F11117,FIRESTOP,30 Mar 2021,IQ,Siraj I.A.,G+27@ JVT- THE ONE # LPO AI/LPO/6328/21,SUPPLY OF INSS2460 BLACK,Firestop/ DC 315,Fire,5670,AED,Samar T.,Order
4378,Q-1192-F11116,FIRESTOP,30 Mar 2021,IQ,New S.E.,56-AL BADAA_PO # 23212,SUPPLY OF MVL FIRESTOP MATERIALS,Firestop/ DC 315,Fire,14553,AED,Muhammad N.,Order
4379,Q-1192-F11115,FIRESTOP,30 Mar 2021,IQ,Tamco G.F.,JOB 4500,SUPPLY OF INSS2460 BLACK,Firestop/ DC 315,Fire,1881.6,AED,Samar T.,Order
4380,Q-2797-V4353,MACRO,30 Mar 2021,IQ,Tatekan C.,Financial Aid Provided For Procuring Materials - FPT2 Project,Financial Aid Provided For Procuring Materials - FPT2 Project,Misc.,Various,82505.53,USD, ,Order
4381,Q-1192-F11114,FIRESTOP,30 Mar 2021,IQ,Jpm A.T.,LITHUNIA &amp; CHINA PAVILION EXPO 2020 DUBAI_PO # JPM/MVL/074/2021,SUPPLY OF MVL FIRESTOP MATERIALS,Firestop/ DC 315,Fire,3301.2,AED,Arun stephen ,Order
4382,Q-1192-F11113,FIRESTOP,29 Mar 2021,IQ,Target E.C.,IGDC / ADNOC DAS ISLAND,SUPPLY OF INSS1186,Firestop/ DC 315,Fire,19687.5,AED,Samar T.,Quotation
4383,Q-1192-F11112,FIRESTOP,29 Mar 2021,IQ,Safety W.,INTERMASS_PO # 1591,SUPPLY OF INSS2460 WHITE,Firestop/ DC 315,Fire,2142,AED,Habib B.,Order
4384,Q-1192-F11047B,FIRESTOP,25 Mar 2021,IQ,Tamco G.F.,JOB 4500,SUPPLY OF INSS2460 BLACK,Firestop/ DC 315,Fire,705.6,AED,Samar T.,Order
4385,RFQ-3550-V4366,MVL Nepal,25 Mar 2021,RFQ,Sangachhe T.C.,"72036719F00003 - Nepal Community Reconstruction Program (NRCP) IDIQ Contract, Task Order For The Reconstruction Of Schools And Health Facilities In Sindhuli District Of Nepal",HONGSHI CEMENT OPC,Building Materials,Various,282198.75,NPR, ,Order
4386,Q-1192-F11111,FIRESTOP,25 Mar 2021,IQ,Safety W.,AIROLINK#AL WASL DEVELOPMENT#LPO 1590,SUPPLY OF INSS2460 WHITE,Firestop/ DC 315,Fire,1785,AED,Arun stephen ,Order
4387,RFQ-3734-E6800,MACRO,25 Mar 2021,RFQ,Tic L.E.,(QTR-173) W912ER-19-C-0016 CONSOLIDATED SQUADRON OPERATIONS FACILITY,PORCELAIN TILES (FLOOR AND WALL) AND MOSAIC TILES,Electrical,Electrical,16548.31,USD, ,Order
4388,Q-1192-F11110,FIRESTOP,24 Mar 2021,IQ,Monilek O.E.,FIRESTOPPING PROJECT,SUPPLY OF INSS1186_PO # 38202,Firestop/ DC 315,Fire,619.5,AED,Samar T.,Order
4389,Q-1192-F11109,FIRESTOP,24 Mar 2021,IQ,Mesopot D.a.,B+MALL(G+1)+3P+11 RES FLOOR-AL NAHDA 2,SUPPLY OF MVL FIRESTOP MATERIALS,Firestop/ DC 315,Fire,951.83,AED,Arun stephen ,Order
4390,Q-1005-V7029,MACRO,24 Mar 2021,IQ,Jabel O.S.,CIVIL WORKS MATERIALS FOR LIBYA,CIVIL WORKS MATERIALS FOR LIBYA,Building Materials,Various,120239.03,USD, ,Quotation
4391,Q-1192-F11108,FIRESTOP,24 Mar 2021,IQ,International H.C.,CENTER FOR EXCELLENCE SGH DUBAI_PO#10703,SUPPLY OF MVL FIRESTOP MATERIALS,Firestop/ DC 315,Fire,84923.16,AED,Habib B.,Order
4392,Q-1192-F11107,FIRESTOP,23 Mar 2021,IQ,Nuvac E.M.,FIRESTOPPING PROJECT,SUPPLY OF MVL FIRESTOP MATERIALS,Firestop/ DC 315,Fire,6139.35,AED,Avinash P.,Quotation
4393,Q-1192-F11106,FIRESTOP,23 Mar 2021,IQ,Jpm A.T.,AUSTRIA PAVILION _PO # JPM/MVL/073/2021,SUPPLY OF INSS1440,Firestop/ DC 315,Fire,645.75,AED,Arun stephen ,Order
4394,RFQ-2797-E6804,MACRO,23 Mar 2021,RFQ,Shanghai B.C.,W5J9JE18C0008 &ndash; MOI COMPLEX FEMALE POLICE TOWN PHASE II,CLOTHES DRYER,Electrical,Electrical,8230,USD, ,Order
4395,Q-1192-F11105A,FIRESTOP,22 Mar 2021,IQ,China R.1.,"CIEL TOWER HOTEL BASEMENT + G + 11 PODIUMS + 70 FLOORS + ROOF, PLOT NO. 3920235, DUBAI MARINA, DUBAI, UNITED ARAB EMIRATES",SUPPLY OF MVL FIRESTOP MATERIALS_CIVIL,Firestop/ DC 315,Fire,185409,AED,Arun stephen ,Quotation
4396,Q-1192-F11105,FIRESTOP,22 Mar 2021,IQ,China R.1.,"CIEL TOWER HOTEL BASEMENT + G + 11 PODIUMS + 70 FLOORS + ROOF, PLOT NO. 3920235, DUBAI MARINA, DUBAI,UNITED ARAB EMIRATES",SUPPLY OF MVL FIRESTOP MATERIALS_MEP,Firestop/ DC 315,Fire,713781.62,AED,Arun stephen ,Quotation
4397,Q-1192-F11104,FIRESTOP,22 Mar 2021,IQ,Tianjin Q.C.,"PROPOSED RESORT BUILDING (Marina Hotels), SHOPS, SUBSTATION &amp; PUMP ROOM, PLOT NO.: C1/P2, AL SADER, AL SHATIE, ABU DHABI",SUPPLY OF MVL FIRESTOP MATERIALS,Firestop/ DC 315,Fire,2730,AED,Arun stephen ,Quotation
4398,Q-1192-F11103,FIRESTOP,22 Mar 2021,IQ,Tianjin Q.C.,"PROPOSED RESORT BUILDING (Marina Hotels), SHOPS, SUBSTATION &amp; PUMP ROOM, PLOT NO.: C1/P2, AL SADER, AL SHATIE, ABU DHABI",SUPPLY OF MVL FIRESTOP MATERIALS,Firestop/ DC 315,Fire,2740.5,AED,Arun stephen ,Quotation
4399,Q-1192-F11102,FIRESTOP,22 Mar 2021,IQ,Trojan G.C.,MEP Works &ndash; Water&rsquo;s Edge Residential Development Y,SUPPLY OF INSS0285,Firestop/ DC 315,Fire,115500,AED,Samar T.,Quotation
4400,Q-1192-F11101,FIRESTOP,22 Mar 2021,IQ,Trojan G.C.,Al Falah Town Devt.Construction Of 899 Villas,SUPPLY OF INDEX PUR FOAM,Firestop/ DC 315,Fire,39645.9,AED,Samar T.,Quotation
4401,Q-1192-F11074A,FIRESTOP,22 Mar 2021,IQ,Collyer E.,BANGLADESH PROJECT_PO #CE0013,SUPPLY OF INSS1440,Firestop/ DC 315,Fire,3144,AED,Samar T.,Order
4402,Q-1192-F11100,FIRESTOP,21 Mar 2021,IQ,Sahraa A.R.,"CARE &amp; PRESERVATION FACILITY ARIFJAN, KUWAIT# LPO K-GN/PO-235/2021",SUPPLY OF INSS1186,Firestop/ DC 315,Fire,1220,USD,Avinash P.,Order
4403,Q-1192-F11083A,FIRESTOP,21 Mar 2021,IQ,Yousif G.C.,ABU DHABI FUTURE SCHOOL PROGRAM-PHASE 9 PACKAGE 2,SUPPLY OF MVL FIRESTOP MATERIALS,Firestop/ DC 315,Fire,3231.9,AED,Habib B.,Order
4404,Q-1192-F11098A,FIRESTOP,18 Mar 2021,IQ,Safety W.,AIROLINK AL WASL SITE  PO # 1587,SUPPLY OF INSS1186,Firestop/ DC 315,Fire,9975,AED,Arun stephen ,Order
4405,Q-1192-F11030A,FIRESTOP,18 Mar 2021,IQ,Glents E.S.,FIRESTOPPING PROJECT,Supply Of Fire Stop Materials,Firestop/ DC 315,Fire,2203.76,USD,Avinash P.,Quotation
4406,RFQ-1192-F11099,FIRESTOP,18 Mar 2021,RFQ,International C.T.,MVL FIRESTOP - 1ST ORDER 2021 - MARCH,MVL FIRESTOP - 1ST ORDER 2021 - MARCH,Firestop/ DC 315,Fire,174600,USD, ,Order
4407,Q-1192-F10962A,FIRESTOP,18 Mar 2021,IQ,Arabian C.G.,ALPHA DATA PROJECT# LPO 2102360,SUPPLY OF INSS1186 5G PAIL &amp; INSS2460 GREY,Firestop/ DC 315,Fire,3148.95,AED,Habib B.,Order
4408,Q-1192-F11098,FIRESTOP,18 Mar 2021,IQ,Safety W.,AIROLINK AL WASL SITE  PO # 1586,SUPPLY OF INSS1186,Firestop/ DC 315,Fire,9860.69,AED,Arun stephen ,Order
4409,Q-1192-F11097,FIRESTOP,17 Mar 2021,IQ,United E.C.,"264A, CONSTRUCTION OF MULTI STORY RESIDENTIAL BUILDING_PO# 102101585",SUPPLY OF FP04,Firestop/ DC 315,Fire,10773,AED,Habib B.,Order
4410,Q-1192-F11096,FIRESTOP,17 Mar 2021,IQ,Safety W.,INTERMASS PO # 1584,SUPPLY OF INSS1186,Firestop/ DC 315,Fire,19950,AED,Habib B.,Order
4411,Q-1192-F11095,FIRESTOP,17 Mar 2021,IQ,Nascon E.L.,PARAMOUNT HOTEL PO # 0469-21,SUPPLY OF INSS1440,Firestop/ DC 315,Fire,15787.29,AED,Arun stephen ,Order
4412,Q-1192-F10458A,FIRESTOP,17 Mar 2021,IQ,Lpflex B.I.,Construction Of Rashidiya 2 Filing Station Plot No. 0038 Ajman_Emarat PO # LBI-0617,SUPPLY OF INSS2460,Firestop/ DC 315,Fire,588,AED,Muhammad N.,Order
4413,Q-1192-F11094,FIRESTOP,17 Mar 2021,IQ,Palgan I.C.,Ghantoot-  Al Raha Abudhabi Project PO # 2534,SUPPLY OF INSS1186,Firestop/ DC 315,Fire,8662.5,AED,Habib B.,Order
4414,Q-1192-F11092,FIRESTOP,16 Mar 2021,IQ,Mm S.C.,FIRESTOPPING PROJECT,SUPPLY OF INSS2460,Firestop/ DC 315,Fire,350,AED,Samar T.,Order
4415,Q-1192-F11020B,FIRESTOP,15 Mar 2021,IQ,Fibrex L.,PR-11959 AL AIN  PO # F-ALM-AE1905-PUR-29017-2021.R-0,SUPPLY OF INSS2460 BLACK,Firestop/ DC 315,Fire,535.5,AED,Habib B.,Order
4416,Q-1192-F11091,FIRESTOP,15 Mar 2021,IQ,Bam G.,"PROPOSED B+G+1F+R GYM BLDG ON PLOT NO: 262-3003, AL MIZHAR, DUBAI, UAE.",SUPPLY OF MVL FIRESTOP MATERIALS,Firestop/ DC 315,Fire,2856,AED,Arun stephen ,Quotation
4417,Q-1192-F11090,FIRESTOP,15 Mar 2021,IQ,Uruk G.C.,"COMMERCIAL BUILDINGS (G+5+R) (BLDGS. A&amp;B), MADINAT ALRIYAD, SECTOR NO.: RD21, PLOT NO.: C31, ABU DHABI, UAE",SUPPLY OF MVL FIRESTOP MATERIALS,Firestop/ DC 315,Fire,7245,AED,Habib B.,Quotation
4418,RFQ-3550-V4365,MVL Nepal,15 Mar 2021,RFQ,Bath N.R.,"72036719F00003 - Nepal Community Reconstruction Program (NRCP) IDIQ Contract, Task Order For The Reconstruction Of Schools And Health Facilities In Sindhuli District Of Nepal",SPACER FOR WALL TILES AND FLOOR TILES,Building Materials,Various,6356.25,NPR, ,Order
4419,Q-1192-F11089,FIRESTOP,15 Mar 2021,IQ,New S.E.,2B+G+3+4P+G14+ROOF,SUPPLY OF MVL FIRESTOP MATERIALS,Firestop/ DC 315,Fire,14595,AED,Muhammad N.,Quotation
4420,Q-1192-F11088,FIRESTOP,14 Mar 2021,IQ,International H.C.,SAUDI GERMAN HOSPITAL DUBAI_PO# 10641,SUPPLY OF INFS0812,Firestop/ DC 315,Fire,13020,AED,Habib B.,Order
4421,Q-1192-F11087,FIRESTOP,14 Mar 2021,IQ,Golden T.E.,FIRESTOPPING PROJECT,SUPPLY OF INFS0812,Firestop/ DC 315,Fire,99.75,AED,Muhammad N.,Quotation
4422,Q-1192-F10961A,FIRESTOP,14 Mar 2021,IQ,Al S.N.,"G+4+R RETAIL &amp; RESIDENTIAL BUILDING ON PLOT NO. 3594687, AT AL QUOZ FOURTH , DUBAI _PO # 044696",Supply Of Fire Stop Materials - CIVIL,Firestop/ DC 315,Fire,1155,AED,Arun stephen ,Order
4423,Q-1192-F11086,FIRESTOP,11 Mar 2021,IQ,Drc I.E.,"JEWEL OF THE CREEK DEVELOPMENT (BLOCK C1, C2 &amp; C3), PHASE 2, PLOT NO.: 129-104, PORT SAEED, DUBAI, UAE",SUPPLY OF MVL FIRESTOP MATERIALS,Firestop/ DC 315,Fire,689311.38,AED,Arun stephen ,Quotation
4424,RFQ-3550-C6051,MVL Nepal,11 Mar 2021,RFQ,Engineer P.C.,"72036719F00003 - Nepal Community Reconstruction Program (NRCP) IDIQ Contract, Task Order For The Reconstruction Of Schools And Health Facilities In Sindhuli District Of Nepal",TILE GROUT - EPOXY AND POLYMER BASE,Chemicals,Chemicals,98818.5,NPR, ,Order
4425,Q-1192-F11085,FIRESTOP,11 Mar 2021,IQ,Bou H.C.,"COMMERCIAL BUILDING (B+G+4+R), PLOT NO.: 18-12-137-243, SECTOR NO.: 02, AL MURABAA, ABU DHABI",Supply Of Fire Stop Materials MEP,Firestop/ DC 315,Fire,13408.5,AED,Habib B.,Order
4426,Q-1192-F11084,FIRESTOP,11 Mar 2021,IQ,Bou H.C.,"COMMERCIAL BUILDING (B+G+4+R), PLOT NO.: 18-12-137-243, SECTOR NO.: 02, AL MURABAA, ABU DHABI",Supply Of Fire Stop Materials - CIVIL,Firestop/ DC 315,Fire,8416.8,AED,Habib B.,Order
4427,Q-1192-F11083,FIRESTOP,11 Mar 2021,IQ,Yousif G.C.,ABU DHABI FUTURE SCHOOL PROGRAM-PHASE 9 PACKAGE 2,SUPPLY OF MVL FIRESTOP MATERIALS,Firestop/ DC 315,Fire,3142.12,AED,Habib B.,Order
4428,Q-1192-F11082,FIRESTOP,10 Mar 2021,IQ,Al R.T.,FIRESTOPPING PROJECT,SUPPLY OF MVL FIRESTOP MATERIALS,Firestop/ DC 315,Fire,10198.65,AED,Avinash P.,Quotation
4429,RFQ-3550-V4364,MVL Nepal,10 Mar 2021,RFQ,Rastra B.C.,"72036719F00003 - Nepal Community Reconstruction Program (NRCP) IDIQ Contract, Task Order For The Reconstruction Of Schools And Health Facilities In Sindhuli District Of Nepal",PAINTS,Building Materials,Various,1515946,NPR, ,Order
4430,Q-1192-F11081,FIRESTOP,10 Mar 2021,IQ,New S.E.,"G+2 LABOUR ACCOMODATION BUILDING, AL QUOZ, DUBAI, UAE",SUPPLY OF MVL FIRESTOP MATERIALS,Firestop/ DC 315,Fire,4389,AED,Muhammad N.,Quotation
4431,RFQ-3550-V4363,MVL Nepal,09 Mar 2021,RFQ,Rastra B.C.,"72036719F00003 - Nepal Community Reconstruction Program (NRCP) IDIQ Contract, Task Order For The Reconstruction Of Schools And Health Facilities In Sindhuli District Of Nepal",OPC CEMENT (HONGSHI),Building Materials,Various,557600,NPR, ,Order
4432,RFQ-3734-V4257A,"MVL USA, INC",09 Mar 2021,RFQ,Framaco I.I.,(QTR-173) W912ER-19-C-0016 CONSOLIDATED SQUADRON OPERATIONS FACILITY,"Supply Of Wooden Doors For Al Udeid US Air Base Project, Qatar",Building Materials,Various,147525.69,USD, ,Order
4433,Q-1192-F11056A,FIRESTOP,08 Mar 2021,IQ,Kasco p.D.,KASCO TOWER # LPO 143,SUPPLY OF INFS0812,Firestop/ DC 315,Fire,1570.8,AED,Habib B.,Order
4434,RFQ-1569-O20,MACRO,08 Mar 2021,RFQ,Burhani C.T.,MVL GROUP OFFICE REALTED PO'S,ESET Endpoint Protection Advanced  Renewal For A Year,Computer Peripherals,Office Assets,3402,AED, ,Order
4435,RFQ-1569-O19,MACRO,08 Mar 2021,RFQ,Burhani C.T.,MVL GROUP OFFICE RELATED POS,Microsoft Azure Subscription -  (Pay As You Go) RENEEWAL,Computer Peripherals,Office Assets,3817.8,AED, ,Order
4436,RFQ-3550-V4362A,MVL Nepal,08 Mar 2021,RFQ,Bath N.R.,"72036719F00003 - Nepal Community Reconstruction Program (NRCP) IDIQ Contract, Task Order For The Reconstruction Of Schools And Health Facilities In Sindhuli District Of Nepal",VITRIFIED TILES,Building Materials,Various,3085507,NPR, ,Order
4437,Q-1192-F11080,FIRESTOP,07 Mar 2021,IQ,Jpm A.T.,CHINA &amp; LITHUNIA EXPO 2020 DUBAI PROJECT _LPO# JPM/MVL/072/2021,SUPPLY OF INSS1440,Firestop/ DC 315,Fire,5775,AED,Arun stephen ,Order
4438,Q-1192-F11049A,FIRESTOP,07 Mar 2021,IQ,Jpm A.T.,"LEEBARCH PALACE ( G+3P+15TYP+HC) PLOT NO. 6734072, ARJAN_PO # JPM/MVL/071/2021",SUPPLY OF MVL FIRESTOP MATERIALS,Firestop/ DC 315,Fire,10762.5,AED,Habib B.,Order
4439,Q-1192-F11069A,FIRESTOP,07 Mar 2021,IQ,Jpm A.T.,SEVEN TIDES PO # JPM/MVL/070/2021,"SUPPLY OF INSS0285 , INSS1186",Firestop/ DC 315,Fire,68670,AED,Arun stephen ,Order
4440,Q-1192-F10745B,FIRESTOP,07 Mar 2021,IQ,Sultan I.,SRILANKAN PROJECT # LPO FSI/GUN-QTN/570/2021,"SUPPLY OF INSS1440, INSS1186, FP05,INFS0812",Firestop/ DC 315,Fire,10279.5,AED,Samar T.,Order
4441,RFQ-3734-V4272,MACRO,07 Mar 2021,RFQ,Don C.P.,(QTR-173) W912ER-19-C-0016 CONSOLIDATED SQUADRON OPERATIONS FACILITY,LIQUID SURFACE HARDENER AND DUST PROOFER FOR CONCRETE SURFACES,Building Materials,Various,15000,QAR, ,Order
4442,RFQ-3734-V4271,MACRO,07 Mar 2021,RFQ,United P.C.,(QTR-173) W912ER-19-C-0016 CONSOLIDATED SQUADRON OPERATIONS FACILITY,PRECAST CONCRETE COPPING,Building Materials,Various,101250,QAR, ,Cancled
4443,Q-1192-F11079,FIRESTOP,07 Mar 2021,IQ,Jpm A.T.,ESPLANADE PHASE 1-AL BARSHA PO # JPM/MVL/069/2021,SUPPLY OF MVL FIRESTOP MATERIALS,Firestop/ DC 315,Fire,6877.5,AED,Muhammad N.,Order
4444,RFQ-3734-V4270,MVL Nepal,07 Mar 2021,RFQ,Al S.C.,(QTR-173) W912ER-19-C-0016 CONSOLIDATED SQUADRON OPERATIONS FACILITY,CONCRETE TILES (600X600X75) GABBRO GRAY: COLOR,Building Materials,Various,147000,QAR, ,Order
4445,Q-1192-F11078,FIRESTOP,07 Mar 2021,IQ,Alico A.,FIRESTOPPING PROJECT,SUPPLY OF INSS2460 RAL 7035,Firestop/ DC 315,Fire,88777.5,AED,Samar T.,Quotation
4446,RFQ-3550-V4361B,MVL Nepal,03 Mar 2021,RFQ,Mangalam U.P.,"72036719F00003 - Nepal Community Reconstruction Program (NRCP) IDIQ Contract, Task Order For The Reconstruction Of Schools And Health Facilities In Sindhuli District Of Nepal",PVC AND CPVC PIPES AND FITTINGS,Building Materials,Various,135147.95,NPR, ,Order
4447,Q-1192-F11020A,FIRESTOP,03 Mar 2021,IQ,Fibrex L.,SULAFA PROJECT,SUPPLY OF INSS2460 BLACK,Firestop/ DC 315,Fire,40162.5,AED,Habib B.,Order
4448,Q-1192-F11077,FIRESTOP,03 Mar 2021,IQ,Ghantoot G.C.,P077 AZIZI HOTEL,SUPPLY OF D64T50 AND INSS1186,Firestop/ DC 315,Fire,735,AED,Muhammad N.,Order
4449,Q-1192-F11076,FIRESTOP,03 Mar 2021,IQ,Beaver G.C.,PORJECT STORE PORT DE LAMER PO # 102103153,SUPPLY OF D64T50,Firestop/ DC 315,Fire,7875,AED,Habib B.,Order
4450,Q-1192-F11075,FIRESTOP,02 Mar 2021,IQ,Diamond F.A.,G+4 Floor Bldg At Nadd Al Shiba 1st,SUPPLY OF INSS2460,Firestop/ DC 315,Fire,12180,AED,Raquel I.,Quotation
4451,RFQ-1569-S9001,MACRO,02 Mar 2021,RFQ,Isra M.E.,MVL Real Estate Al Wasl,Supply And Installation Of Printed Vinyl Sticker. Sticker To Be Install On The Existing Signboard,Design,Services,1050,AED, ,Order
4452,Q-1192-F11074,FIRESTOP,02 Mar 2021,IQ,Collyer E.,BANGLADESH PROJECT_PO # CE0012,SUPPLY OF INSS1440,Firestop/ DC 315,Fire,13100,AED,Samar T.,Order
4453,Q-1192-F11047A,FIRESTOP,02 Mar 2021,IQ,Tamco G.F.,JOB 4500,"SUPPLY OF INSS1186, INSS2460 BLACK, D120",Firestop/ DC 315,Fire,4065.6,AED,Samar T.,Order
4454,Q-1192-F11073,FIRESTOP,02 Mar 2021,IQ,Kasco p.D.,KASCO PO #540,SUPPLY OF D120T50,Firestop/ DC 315,Fire,168,AED,Habib B.,Order
4455,Q-2797-V4352,MACRO,01 Mar 2021,IQ,Tatekan C.,Financial Aid Provided For Procuring Materials - FPT2 Project,Financial Aid Provided For Procuring Materials - FPT2 Project,Misc.,Various,111770.31,USD, ,Order
4456,Q-1192-F11072,FIRESTOP,01 Mar 2021,IQ,Al Q.G.,P 1196 G+8P+14+R AL NAHDA DUBAI DIB,SUPPLY OF MVL FIRESTOP MATERIALS,Firestop/ DC 315,Fire,70134.75,AED,Muhammad N.,Quotation
4457,Q-2797-V4269B,MACRO,01 Mar 2021,IQ,Metron I.,W5J9JE18C0008 &ndash; MOI COMPLEX FEMALE POLICE TOWN PHASE II,FPT2 - METRON - Procurement Support,Building Materials,Various,340557.25,USD, ,Order
4458,Q-1192-F11071,FIRESTOP,28 Feb 2021,IQ,Fibrex L.,SULAFA TOWER,SUPPLY OF INSS2460 BLACK,Firestop/ DC 315,Fire,26.77,AED,Habib B.,Quotation
4459,Q-1192-F11070,FIRESTOP,28 Feb 2021,IQ,Xyz I.L.,"UNILABS MOLECULAR BIOLOGY AND CORE LABORATORY @ RESIDENTIAL TOWER W1, C18, ABUDHABI CITY",SUPPLY OF MVL-IL,Firestop/ DC 315,Fire,3.67,AED,Habib B.,Quotation
4460,Q-1192-F11069,FIRESTOP,28 Feb 2021,IQ,Jpm A.T.,SEVEN TIDES PO # JPM/MVL/068/02/2021,"SUPPLY OF INSS0285 , INSS1186",Firestop/ DC 315,Fire,11891.25,AED,Arun stephen ,Order
4461,RFQ-2797-S9089,MACRO,28 Feb 2021,RFQ,Sohail M.C.,"(FPT2) W5J9JE18C0008 AFGHANISTAN NATIONAL POLICE (ANP) WOMEN&rsquo;S PARTICIPATION PROGRAM, POLICE TOWN PHASE II",STONE RIPRAP WITH GEOTEXTILE,Subcontract,Services,1200,USD, ,Cancled
4462,Q-1192-F11068,FIRESTOP,28 Feb 2021,IQ,The A.F.,RIYADH EXHIBITION_PO # 03862,SUPPLY OF DC68,Firestop/ DC 315,Fire,3927,AED,Raquel I.,Order
4463,RFQ-3550-M4105,MVL Nepal,28 Feb 2021,RFQ,Prasid I.C.,"72036719F00003 - Nepal Community Reconstruction Program (NRCP) IDIQ Contract, Task Order For The Reconstruction Of Schools And Health Facilities In Sindhuli District Of Nepal",WATER TREATMENT PLANT WITH CAPACITY OF 2000 LITERS PER HOUR,Mechanical Items,Mechanical,1048640,NPR, ,Order
4464,RFQ-3550-V4360A,MVL Nepal,28 Feb 2021,RFQ,Sashi I.U.,"72036719F00003 - Nepal Community Reconstruction Program (NRCP) IDIQ Contract, Task Order For The Reconstruction Of Schools And Health Facilities In Sindhuli District Of Nepal",BRICK BAT (SASHI BRICK),Building Materials,Various,259940,NPR, ,Order
4465,Q-1192-F11067,FIRESTOP,28 Feb 2021,IQ,Lazourdy C.&.,"COMMERCIAL BUILDING &amp; RESIDENTIAL BUILDING FOR MOHAMMED SAFE RASHID SALMAN RAHMA AL MANSURI (2B+G+MEZZ.+12TYP.+R), PLOT NO.: C101, SECTOR NO.: E4_02, ABUDHABI ISLAND, ABUDHABI.# LPO LAZ/PO/CIV/21/A0141",Supply Of Fire Stop Materials,Firestop/ DC 315,Fire,18354,AED,Habib B.,Order
4466,RFQ-3550-V4359A,MVL Nepal,28 Feb 2021,RFQ,Sashi I.U.,"72036719F00003 - Nepal Community Reconstruction Program (NRCP) IDIQ Contract, Task Order For The Reconstruction Of Schools And Health Facilities In Sindhuli District Of Nepal",BRICK (SASHI BRICK),Building Materials,Various,108750,NPR, ,Order
4467,RFQ-3550-V4355B,MVL Nepal,28 Feb 2021,RFQ,Venus C.&.,"72036719F00003 - Nepal Community Reconstruction Program (NRCP) IDIQ Contract, Task Order For The Reconstruction Of Schools And Health Facilities In Sindhuli District Of Nepal",EXPANSION JOINTS,Building Materials,Various,420665.09,NPR, ,Order
4468,RFQ-1192-V4427,FIRESTOP,28 Feb 2021,RFQ,Dutest I.E.,FIRESTOP WAREHOUSE REQUIREMENTS,TESTING AND CERTIFICATION FOR 3 NOS OF LIFTING JACKS,Misc.,Various,708.75,AED, ,Order
4469,Q-1192-F11066,FIRESTOP,28 Feb 2021,IQ,The A.C.,"AL JADA DEVELOPMENT BLOCK - J (PHASE 1), RESIDENTIAL BUILDINGS (BASEMENT+GROUND+5/6 FLOOR),                         PLOT NO.: 15/3288 7126, SHARJAH",SUPPLY OF INSS1186 &amp; D64,Firestop/ DC 315,Fire,71111.25,AED,Samar T.,Quotation
4470,RFQ-3734-V4269,MACRO,28 Feb 2021,RFQ,Don C.P.,(QTR-173) W912ER-19-C-0016 CONSOLIDATED SQUADRON OPERATIONS FACILITY,GENERAL PURPOSE ACRYLIC SEALANT WITH MOULD RESISTANCE,Building Materials,Various,5400,QAR, ,Order
4471,Q-1192-F11065,FIRESTOP,28 Feb 2021,IQ,Nascon E.L.,AYKON CITY BUSINESS BAY_PO # 0250-21 REV 01,SUPPLY OF MVL FIRESTOP MATERIALS,Firestop/ DC 315,Fire,11577.34,AED,Arun stephen ,Order
4472,Q-1192-F10445B,FIRESTOP,28 Feb 2021,IQ,Al F.A.,FIRESTOPPING PROJECT PO # 6383,SUPPLY OF INSS2460 BLACK,Firestop/ DC 315,Fire,1134,AED,Muhammad N.,Order
4473,Q-1192-F11064,FIRESTOP,28 Feb 2021,IQ,Safety W.,INTERMASS PO # 1580,SUPPLY OF MVL FIRESTOP MATERIALS,Firestop/ DC 315,Fire,26250,AED,Habib B.,Order
4474,Q-1192-F11063,FIRESTOP,28 Feb 2021,IQ,Safety W.,AIROLINK AL WASL SITE  PO # 1579,SUPPLY OF INSS1186,Firestop/ DC 315,Fire,17456.25,AED,Arun stephen ,Order
4475,Q-1192-F11062,FIRESTOP,25 Feb 2021,IQ,Jpm A.T.,HUNGARIAN PAVILION EXPO 2020 DUBAI_PO# JPM/MVL/067/2021,SUPPLY OF MVL FIRESTOP MATERIALS,Firestop/ DC 315,Fire,4330.2,AED,Arun stephen ,Order
4476,Q-1192-F11061,FIRESTOP,25 Feb 2021,IQ,Itm O.&.,Umm Al Nar Power Plant,Supply Of FP05,Firestop/ DC 315,Fire,1181.25,AED,Habib B.,Quotation
4477,RFQ-3550-V4358A,MVL Nepal,25 Feb 2021,RFQ,Sangachhe T.C.,"72036719F00003 - Nepal Community Reconstruction Program (NRCP) IDIQ Contract, Task Order For The Reconstruction Of Schools And Health Facilities In Sindhuli District Of Nepal",MS STEEL (ANGLE AND FLAT),Building Materials,Various,559530.88,NPR, ,Order
4478,Q-1192-F11042A,FIRESTOP,25 Feb 2021,IQ,Al F.C.,"Azizi Apartments @ Al Furjan, Dubai AFMU  (34A, 35) # LPO J 16445",SUPPLY OF INSS1440 5G PAIL,Firestop/ DC 315,Fire,6121.5,AED,Muhammad N.,Order
4479,Q-1192-F11060,FIRESTOP,24 Feb 2021,IQ,Apex T.C.,FIRESTOPPING PROJECT,Supply Of FP05,Firestop/ DC 315,Fire,656.25,AED,Samar T.,Quotation
4480,RFQ-3734-V4268,MACRO,24 Feb 2021,RFQ,Nemer M.I.,(QTR-173) W912ER-19-C-0016 CONSOLIDATED SQUADRON OPERATIONS FACILITY,SUPPLY OF EXPANSION JOINT COVER,Building Materials,Various,40000.07,QAR, ,Order
4481,RFQ-3734-V4252A,"MVL USA, INC",24 Feb 2021,RFQ,Powerman I.W.,(QTR-173) W912ER-19-C-0016 CONSOLIDATED SQUADRON OPERATIONS FACILITY,Subgrade Preparation And Asphalt Patch Work,Building Materials,Various,40000,QAR, ,Order
4482,RFQ-1192-V4311,FIRESTOP,24 Feb 2021,RFQ,Shandong F.A.,MVL FIRESTOP,SUPPLY OF SILICONE SEALANT,Building Materials,Various,87927.2,USD, ,Quotation
4483,RFQ-3550-V4357,MVL Nepal,24 Feb 2021,RFQ,Bath N.R.,"72036719F00003 - Nepal Community Reconstruction Program (NRCP) IDIQ Contract, Task Order For The Reconstruction Of Schools And Health Facilities In Sindhuli District Of Nepal",SUPPLY OF SPACER AND GROUT,Building Materials,Various,1632.85,NPR, ,Order
4484,RFQ-2797-E6803,MACRO,24 Feb 2021,RFQ,Ghullam A.L.,W5J9JE18C0008 &ndash; MOI COMPLEX FEMALE POLICE TOWN PHASE II,GFCI SOCKET,Electrical,Electrical,56344.8,USD, ,Order
4485,RFQ-3550-V4356A,MVL Nepal,24 Feb 2021,RFQ,Rastra B.C.,"72036719F00003 - Nepal Community Reconstruction Program (NRCP) IDIQ Contract, Task Order For The Reconstruction Of Schools And Health Facilities In Sindhuli District Of Nepal",CERAMIC TILES AND GRANITE TILES,Building Materials,Various,1188757.75,NPR, ,Order
4486,RFQ-1192-V4310,FIRESTOP,23 Feb 2021,RFQ,Fujairah R.F.,MVL FIRESTOP SUPPLY,SLAB WITHOUT FACING (SXXX) DENSITY: 160 KG THICKNESS: 50MM SIZE: 1.2 MTR*0.6 500 SHEET OR 360 SQM,Building Materials,Various,12307.68,AED, ,Order
4487,RFQ-3734-V4267,MACRO,23 Feb 2021,RFQ,Gulf C.S.,(QTR-173) W912ER-19-C-0016 CONSOLIDATED SQUADRON OPERATIONS FACILITY,RAISED ACCESS FLOORING (KINGSPAN TATE),Building Materials,Various,193920,QAR, ,Order
4488,Q-1192-F11059,FIRESTOP,23 Feb 2021,IQ,Jpm A.T.,SUPPLY OF MVL FIRESTOP MATERIALS,SEVEN HOTEL AND APARTMENTS_PALM JUMEIRAH DUBAI _PO # JPM/MVL/066/2021,Firestop/ DC 315,Fire,11277,AED,Arun stephen ,Order
4489,Q-1192-F11058,FIRESTOP,23 Feb 2021,IQ,Mm S.C.,FIRESTOPPING PROJECT,SUPPLY OF DC6150,Firestop/ DC 315,Fire,1200,AED,Samar T.,Quotation
4490,RFQ-2797-E6802,MACRO,22 Feb 2021,RFQ,Welcome I.,W5J9JE18C0008 &ndash; MOI COMPLEX FEMALE POLICE TOWN PHASE II,PROPANE STOVE OVEN,Electrical,Electrical,9120,USD, ,Order
4491,Q-1192-F11051A,FIRESTOP,22 Feb 2021,IQ,Proficient A.C.,FIRESTOPPING PROJECT_PO PAI/020/2021,SUPPLY OF INSS1440,Firestop/ DC 315,Fire,3150,AED,Raquel I.,Order
4492,Q-1192-F11057,FIRESTOP,21 Feb 2021,IQ,Huge B.C.,"G+17, NUIMIYA, PLOT NO.0173","SUPPLY OF CFS01, INFS0812, SSHOOP &amp; D120",Firestop/ DC 315,Fire,448.35,AED,Muhammad N.,Quotation
4493,RFQ-3550-V4341A,MVL Nepal,21 Feb 2021,RFQ,Bath N.R.,"72036719F00003 - Nepal Community Reconstruction Program (NRCP) IDIQ Contract, Task Order For The Reconstruction Of Schools And Health Facilities In Sindhuli District Of Nepal",SANITARY WARES,Building Materials,Various,375209.59,NPR, ,Order
4494,RFQ-3550-E6809,MVL Nepal,21 Feb 2021,RFQ,Electric L.S.,"72036719F00003 - Nepal Community Reconstruction Program (NRCP) IDIQ Contract, Task Order For The Reconstruction Of Schools And Health Facilities In Sindhuli District Of Nepal",CABLE TRAYS,Electrical,Electrical,459706.59,NPR, ,Order
4495,RFQ-3550-V4351A,MVL Nepal,21 Feb 2021,RFQ,Rastra B.C.,"72036719F00003 - Nepal Community Reconstruction Program (NRCP) IDIQ Contract, Task Order For The Reconstruction Of Schools And Health Facilities In Sindhuli District Of Nepal",GENERATOR 30KVA AND 10KVA,Building Materials,Various,2050000,NPR, ,Order
4496,RFQ-3550-V4353A,MVL Nepal,21 Feb 2021,RFQ,Rastra B.C.,"72036719F00003 - Nepal Community Reconstruction Program (NRCP) IDIQ Contract, Task Order For The Reconstruction Of Schools And Health Facilities In Sindhuli District Of Nepal",DISTRIBUTION PANEL,Building Materials,Various,1617030,NPR, ,Order
4497,RFQ-3550-V4354A,MVL Nepal,21 Feb 2021,RFQ,Sangachhe T.C.,"72036719F00003 - Nepal Community Reconstruction Program (NRCP) IDIQ Contract, Task Order For The Reconstruction Of Schools And Health Facilities In Sindhuli District Of Nepal",M.S. ANGLE FOR BOUNDARY WALL,Building Materials,Various,326024.09,NPR, ,Order
4498,RFQ-3550-V4352A,MVL Nepal,21 Feb 2021,RFQ,Rastra B.C.,"72036719F00003 - Nepal Community Reconstruction Program (NRCP) IDIQ Contract, Task Order For The Reconstruction Of Schools And Health Facilities In Sindhuli District Of Nepal",STAINLESS STEEL WATER TANK,Building Materials,Various,1232000,NPR, ,Order
4499,Q-1192-F11056,FIRESTOP,21 Feb 2021,IQ,Kasco p.D.,KASCO TOWER # LPO 538,SUPPLY OF INFS0812,Firestop/ DC 315,Fire,392.7,AED,Habib B.,Order
4500,Q-1192-F11055,FIRESTOP,21 Feb 2021,IQ,Jpm A.T.,"GERMAN PAVILION, EXPO 2020 PO # JPM/MVL/0065/2021",SUPPLY OF MVL FIRESTOP MATERIALS,Firestop/ DC 315,Fire,4330.2,AED,Arun stephen ,Order
4501,Q-1192-F11054,FIRESTOP,18 Feb 2021,IQ,Naser M.A.,P017 BU HASA INTEGRATED FIELD DEVELOPMENT# PO 300361704,"SUPPLY OF INSS1440, FP05 &amp; D64",Firestop/ DC 315,Fire,3071.25,AED,Avinash P.,Order
4502,Q-1192-F11053,FIRESTOP,18 Feb 2021,IQ,Orient E.C.,FIRESTOPPING PROJECT,SUPPLY OF INSS1440,Firestop/ DC 315,Fire,29.4,AED,Samar T.,Quotation
4503,RFQ-3550-V4350,MVL Nepal,18 Feb 2021,RFQ,Rastra B.C.,"72036719F00003 - Nepal Community Reconstruction Program (NRCP) IDIQ Contract, Task Order For The Reconstruction Of Schools And Health Facilities In Sindhuli District Of Nepal",ELECTRICAL CABLES,Building Materials,Various,1778659.5,NPR, ,Order
4504,Q-1192-F11052,FIRESTOP,18 Feb 2021,IQ,Mm S.C.,PAKISTAN PROJECT # LPO MMSC/MVL/21001,SUPPLY OF INSS2460 DARK GREY,Firestop/ DC 315,Fire,5400,AED,Samar T.,Order
4505,Q-1192-F11051,FIRESTOP,18 Feb 2021,IQ,Proficient A.C.,FIRESTOPPING PROJECT,SUPPLY OF INSS1440,Firestop/ DC 315,Fire,3150,AED,Raquel I.,Order
4506,RFQ-2797-M4102,MACRO,17 Feb 2021,RFQ,Rcl I.S.,W5J9JE18C0008 &ndash; MOI COMPLEX FEMALE POLICE TOWN PHASE II,VES Addressable Fire Alarm System,Mechanical Items,Mechanical,51847,USD, ,Order
4507,Q-1192-F11050,FIRESTOP,17 Feb 2021,IQ,Jpm A.T.,SEVEN TIDES PO # JPM/MVL/064/2021,SUPPLY OF INSS2460 WHITE,Firestop/ DC 315,Fire,551.25,AED,Arun stephen ,Order
4508,Q-1192-F11029A,FIRESTOP,17 Feb 2021,IQ,Jpm A.T.,ESPLANADE PHASE 1-AL BARSHA# LPO JPM/MVL/063/2021,SUPPLY OF MVL FIRESTOP MATERIALS,Firestop/ DC 315,Fire,2562,AED,Muhammad N.,Order
4509,Q-1192-F11049,FIRESTOP,17 Feb 2021,IQ,Jpm A.T.,"LEEBARCH PALACE ( G+3P+15TYP+HC) PLOT NO. 6734072, ARJAN_PO # JPM/MVL/062/2021",SUPPLY OF MVL FIRESTOP MATERIALS,Firestop/ DC 315,Fire,4121.25,AED,Habib B.,Order
4510,Q-1192-F11048,FIRESTOP,16 Feb 2021,IQ,Sahraa A.R.,"Care &amp; Preservation Facility, Arifjan, Kuwait",SUPPLY OF INTERIOR AND EXTERIOR CIVIL FIRESTOPPING,Firestop/ DC 315,Fire,14.69,USD,Avinash P.,Quotation
4511,RFQ-3550-V4349,MVL Nepal,16 Feb 2021,RFQ,Rastra B.C.,"72036719F00003 - Nepal Community Reconstruction Program (NRCP) IDIQ Contract, Task Order For The Reconstruction Of Schools And Health Facilities In Sindhuli District Of Nepal",MS PIPE,Building Materials,Various,1965340.75,NPR, ,Order
4512,RFQ-3550-V4348,MVL Nepal,16 Feb 2021,RFQ,Rastra B.C.,"72036719F00003 - Nepal Community Reconstruction Program (NRCP) IDIQ Contract, Task Order For The Reconstruction Of Schools And Health Facilities In Sindhuli District Of Nepal",HPDE PIPE,Building Materials,Various,1108730,NPR, ,Order
4513,Q-1192-F11047,FIRESTOP,16 Feb 2021,IQ,Tamco G.F.,JOB 4500 # LPO 00013419_21,"SUPPLY OF INSS1186, INSS2460 BLACK, D120",Firestop/ DC 315,Fire,3225.6,AED,Samar T.,Order
4514,Q-2797-V4269A,MACRO,16 Feb 2021,IQ,Metron I.,W5J9JE18C0008 &ndash; MOI COMPLEX FEMALE POLICE TOWN PHASE II,FPT2 - METRON - Procurement Support,Building Materials,Various,470287.66,USD, ,Order
4515,Q-1192-F11046,FIRESTOP,16 Feb 2021,IQ,Lazourdy C.&.,"STAFF ACCOMMODATION, AL WATHBA, ABU DHABI",Supply Of Fire Stop Materials MEP,Firestop/ DC 315,Fire,0,AED,Habib B.,Quotation
4516,Q-1192-F11045,FIRESTOP,16 Feb 2021,IQ,Lazourdy C.&.,"STAFF ACCOMMODATION, AL WATHBA, ABU DHABI",Supply Of Fire Stop Materials - CIVIL,Firestop/ DC 315,Fire,16329.6,AED,Habib B.,Quotation
4517,RFQ-3550-V4347,MVL Nepal,16 Feb 2021,RFQ,Venus C.S.,"72036719F00003 - Nepal Community Reconstruction Program (NRCP) IDIQ Contract, Task Order For The Reconstruction Of Schools And Health Facilities In Sindhuli District Of Nepal",30 KVA SERVO VOLTAGE (AVR),Building Materials,Various,390000,INR, ,Order
4518,Q-1192-F11035A,FIRESTOP,15 Feb 2021,IQ,Eurosplay A.L.,FIRESTOPPING PROJECT # LPO MV-02-1502221,SUPPLY OF DC68,Firestop/ DC 315,Fire,131.25,AED,Muhammad N.,Order
4519,Q-1192-F11044,FIRESTOP,15 Feb 2021,IQ,Ishtar D.,FIRESTOPPING PROJECT,Supply Of Fire Stop Materials,Firestop/ DC 315,Fire,47.25,AED,Samar T.,Quotation
4520,RFQ-3550-V4346,MVL Nepal,15 Feb 2021,RFQ,Venus C.S.,"72036719F00003 - Nepal Community Reconstruction Program (NRCP) IDIQ Contract, Task Order For The Reconstruction Of Schools And Health Facilities In Sindhuli District Of Nepal",30 KVA SERVO VOLTAGE (AVR),Building Materials,Various,390000,INR, ,Order
4521,Q-1192-F11043,FIRESTOP,15 Feb 2021,IQ,The A.C.,JADA DEVELOPMENT,Supply Of Fire Stop Materials,Firestop/ DC 315,Fire,234.15,AED,Samar T.,Quotation
4522,RFQ-3734-V4266,MACRO,15 Feb 2021,RFQ,Highrise T.A.,(QTR-173) W912ER-19-C-0016 CONSOLIDATED SQUADRON OPERATIONS FACILITY,Stainless Steel Toilet  Cubicles,Building Materials,Various,101778,QAR, ,Order
4523,Q-1192-F11042,FIRESTOP,14 Feb 2021,IQ,Al F.C.,"Azizi Apartments @ Al Furjan, Dubai AFMU  (34A, 35) # LPO J16384","SUPPLY OF INSS1440 5G PAIL, D64",Firestop/ DC 315,Fire,4537.05,AED,Muhammad N.,Order
4524,RFQ-3734-A5302,MACRO,14 Feb 2021,RFQ,Lulu P.C.,(QTR-173) W912ER-19-C-0016 CONSOLIDATED SQUADRON OPERATIONS FACILITY,PAINTS,Paints,Architectural,95885,QAR, ,Order
4525,RFQ-3550-V4345,MVL Nepal,14 Feb 2021,RFQ,Gorkha P.A.,"72036719F00003 - Nepal Community Reconstruction Program (NRCP) IDIQ Contract, Task Order For The Reconstruction Of Schools And Health Facilities In Sindhuli District Of Nepal",UPVC DOORS AND WINDOWS,Building Materials,Various,3400962.25,NPR, ,Order
4526,RFQ-3550-V4344,MVL Nepal,14 Feb 2021,RFQ,Rastra B.C.,"72036719F00003 - Nepal Community Reconstruction Program (NRCP) IDIQ Contract, Task Order For The Reconstruction Of Schools And Health Facilities In Sindhuli District Of Nepal",WATER TREATMENT SYSTEM,Building Materials,Various,3099000,NPR, ,Order
4527,Q-1192-F11041,FIRESTOP,14 Feb 2021,IQ,Drc I.E.,P-107 PROPOSED (B+G+P+4) BUILDING AT PLOT JVC11HMRP003 @ AL BARSHA#DRC/P107/150221/352,SUPPLY OF INSS1440 TUBES,Firestop/ DC 315,Fire,126,AED,Arun stephen ,Order
4528,RFQ-3550-V4343,MVL Nepal,14 Feb 2021,RFQ,Rastra B.C.,"72036719F00003 - Nepal Community Reconstruction Program (NRCP) IDIQ Contract, Task Order For The Reconstruction Of Schools And Health Facilities In Sindhuli District Of Nepal",CABLE TRAY,Building Materials,Various,900169.31,NPR, ,Order
4529,Q-1192-F11027A,FIRESTOP,14 Feb 2021,IQ,China N.C.,MAG CITY- Proposed B+G+8 Residential Building On Plot No.6316783 @ Meydan # MAG CITY Development ( 8 Buildings),Supply Of Fire Stop Materials - CIVIL,Firestop/ DC 315,Fire,166815.59,AED,Arun stephen ,Quotation
4530,Q-1192-F11040,FIRESTOP,14 Feb 2021,IQ,Square G.C.,KHALIDIYA PALACE HOTEL # LPO 001/P2826/CP0/2021/0004,SUPPLY OF INSS1186,Firestop/ DC 315,Fire,760.2,AED,Arun stephen ,Order
4531,Q-1192-F11039,FIRESTOP,14 Feb 2021,IQ,International H.C.,Saudi German Hospital,SUPPLY OF SSHOOP,Firestop/ DC 315,Fire,105,AED,Habib B.,Quotation
4532,Q-1192-F11018B,FIRESTOP,14 Feb 2021,IQ,International H.C.,SUADI GERMAN HOSPITAL # LPO 10445,"SUPPLY OF INSS1186, INSS1440",Firestop/ DC 315,Fire,26460,AED,Habib B.,Order
4533,Q-1192-F11024B,FIRESTOP,14 Feb 2021,IQ,Jpm A.T.,SEVEN TIDES # LPO JPM/MVL/0061//2021,SUPPLY OF INSS186 &amp; INSS0285,Firestop/ DC 315,Fire,14096.25,AED,Arun stephen ,Order
4534,RFQ-2797-V4268,MACRO,14 Feb 2021,RFQ,Alpha T.I.,W5J9JE18C0008 &ndash; MOI COMPLEX FEMALE POLICE TOWN PHASE II,VARIOUS FURNITURE,Building Materials,Various,138261,USD, ,Order
4535,RFQ-3550-V4342,MVL Nepal,11 Feb 2021,RFQ,R.k. S.A.,"72036719F00003 - Nepal Community Reconstruction Program (NRCP) IDIQ Contract, Task Order For The Reconstruction Of Schools And Health Facilities In Sindhuli District Of Nepal",GI CHAIN LINK WIRE,Building Materials,Various,116577.9,NPR, ,Order
4536,Q-1192-F11038,FIRESTOP,11 Feb 2021,IQ,Lazourdy C.&.,RESIDENTIAL BUILDING FOR MOHAMMED SAFE RASHID SALMAN RAHMA AL MANSURI LAZ/PO/CIV/21/A0113,SUPPLY OF INFS0812,Firestop/ DC 315,Fire,840,AED,Habib B.,Order
4537,RFQ-3550-V4340,MVL Nepal,10 Feb 2021,RFQ,Rastra B.C.,"72036719F00003 - Nepal Community Reconstruction Program (NRCP) IDIQ Contract, Task Order For The Reconstruction Of Schools And Health Facilities In Sindhuli District Of Nepal","SUPPLY, DELIVERY, TESTING AND COMMISSIONING SOLAR POWER",Building Materials,Various,3420076.5,NPR, ,Order
4538,Q-1192-F11037,FIRESTOP,10 Feb 2021,IQ,Collyer E.,BANGLADESH FIRESTOPPING PROJECT,SUPPLY OF INSS1440 1G PAIL,Firestop/ DC 315,Fire,152.25,AED,Samar T.,Quotation
4539,RFQ-3734-A5202,MACRO,10 Feb 2021,RFQ,Steeltech F.T.,(QTR-173) W912ER-19-C-0016 CONSOLIDATED SQUADRON OPERATIONS FACILITY,Supply And Installation Of Steel Doors And Hardware Sets,Doors,Architectural,321491,QAR, ,Order
4540,Q-1192-F11036,FIRESTOP,10 Feb 2021,IQ,Kasco p.D.,SATWA BUILDING PROJECT # LPO 135 R01,"SUPPLY OF INFS0812, INSS1440, D64",Firestop/ DC 315,Fire,3070.2,AED,Habib B.,Order
4541,Q-1192-F11035,FIRESTOP,10 Feb 2021,IQ,Eurosplay A.L.,FIRESTOPPING PROJECT,SUPPLY OF DC68,Firestop/ DC 315,Fire,131.25,AED,Muhammad N.,Order
4542,Q-1192-F10970C,FIRESTOP,09 Feb 2021,IQ,Al F.C.,AFC 130-BUILIDING @BU SHAGARAH- SHARJAH# J16412,"SUPPLY OF INSS1440, INFS0812,D64",Firestop/ DC 315,Fire,2065.35,AED,Habib B.,Order
4543,Q-1192-F11034,FIRESTOP,09 Feb 2021,IQ,Tamco G.F.,FIRESTOPPING PROJECT,SUPPLY OF INSS2460 BLACK,Firestop/ DC 315,Fire,705.6,AED,Samar T.,Quotation
4544,Q-1192-F11033,FIRESTOP,08 Feb 2021,IQ,Bahrain &.E.,HVAC Work At Al Ghadeer Phase-II # LPOGO/126/SUP/CON/043A,SUPPLY OF INSS1440 5G PAIL,Firestop/ DC 315,Fire,1491,AED,Habib B.,Order
4545,Q-1192-F11018A,FIRESTOP,08 Feb 2021,IQ,International H.C.,SAUDI GERMAN HOSPITAL # LPO 10413,"SUPPLY OF INSS1186, INSS1440",Firestop/ DC 315,Fire,38640,AED,Habib B.,Order
4546,Q-1192-F11032,FIRESTOP,08 Feb 2021,IQ,Al A.C.,AC0010- SITE K1 648-9213# LPO 002/STO/2021/0013,"SUPPLY OF INSS1440, INSS1186, D64",Firestop/ DC 315,Fire,2142,AED,Muhammad N.,Order
4547,Q-1192-F10911B,FIRESTOP,07 Feb 2021,IQ,Palgan I.C.,Ghantoot- Abudhabi Project#Residential Building # LPO 2516,SUPPLY OF INSS1186 5G PAIL,Firestop/ DC 315,Fire,8662.5,AED,Habib B.,Order
4548,Q-1192-F10745A,FIRESTOP,07 Feb 2021,IQ,Sultan I.,SRILANKAN PROJECT # LPO FSI/GUN-QTN/565/2021,"SUPPLY OF INSS1440, INSS1186, FP05,INFS0812",Firestop/ DC 315,Fire,10437,AED,Samar T.,Order
4549,Q-1192-F11031,FIRESTOP,07 Feb 2021,IQ,Mbm G.E.,DAMAC VERA RESIDENTIAL # LPO PO10-1484,SUPPLY OF INSS1440 5G PAIL,Firestop/ DC 315,Fire,5775,AED,Arun stephen ,Quotation
4550,Q-1192-F11030,FIRESTOP,07 Feb 2021,IQ,Manycon T.&.,FIRESTOPPING PROJECT,Supply Of Fire Stop Materials,Firestop/ DC 315,Fire,2203.76,USD,Avinash P.,Quotation
4551,Q-1192-F11029,FIRESTOP,07 Feb 2021,IQ,Jpm A.T.,ESPLANADE PHASE 1-AL BARSHA# LPO JPM/MVL/060/2021,SUPPLY OF INSS1186 5G PAIL,Firestop/ DC 315,Fire,1995,AED,Muhammad N.,Order
4552,Q-1192-F11024A,FIRESTOP,07 Feb 2021,IQ,Jpm A.T.,SEVEN TIDES # LPO JPM/MVL/0059//2021,SUPPLY OF INSS186 &amp; INSS0285,Firestop/ DC 315,Fire,12159,AED,Arun stephen ,Order
4553,RFQ-3550-A5301,MVL Nepal,04 Feb 2021,RFQ,Samita E.,"72036719F00003 - Nepal Community Reconstruction Program (NRCP) IDIQ Contract, Task Order For The Reconstruction Of Schools And Health Facilities In Sindhuli District Of Nepal",INTERIOR PRIMER,Paints,Architectural,94050,NPR, ,Order
4554,RFQ-3734-A5201,MACRO,04 Feb 2021,RFQ,Techtradedoors T.L.,(QTR-173) W912ER-19-C-0016 CONSOLIDATED SQUADRON OPERATIONS FACILITY,ROLLER SHUTTER / COILING DOORS,Doors,Architectural,41442,QAR, ,Order
4555,Q-1192-F11008A,FIRESTOP,03 Feb 2021,IQ,Beaver G.C.,PORT DE LAMER# LPO 102101687,SUPPLY OF D64T50,Firestop/ DC 315,Fire,7875,AED,Habib B.,Order
4556,RFQ-3734-V4264,MACRO,02 Feb 2021,RFQ,Qatar P.F.,(QTR-173) W912ER-19-C-0016 CONSOLIDATED SQUADRON OPERATIONS FACILITY,DRY MIX PLASTER,Building Materials,Various,55860,QAR, ,Order
4557,Q-1192-F11017A,FIRESTOP,02 Feb 2021,IQ,Tamco G.F.,G+3P+SERV+14F HOTEL+HC,SUPPLY OF INSS1186 &amp;  D120,Firestop/ DC 315,Fire,2520,AED,Samar T.,Quotation
4558,Q-1192-F11028,FIRESTOP,01 Feb 2021,IQ,Safety W.,INTERMASS MISK 1 &amp;2_PO # 1570,SUPPLY OF INFS0812,Firestop/ DC 315,Fire,14700,AED,Habib B.,Order
4559,RFQ-3550-E6808,MVL Nepal,01 Feb 2021,RFQ,Alert T.P.,"72036719F00003 - Nepal Community Reconstruction Program (NRCP) IDIQ Contract, Task Order For The Reconstruction Of Schools And Health Facilities In Sindhuli District Of Nepal",NETWORKING MATERIALS,Electrical,Electrical,184275,NPR, ,Order
4560,RFQ-3550-V4338,MVL Nepal,01 Feb 2021,RFQ,Venus C.S.,"72036719F00003 - Nepal Community Reconstruction Program (NRCP) IDIQ Contract, Task Order For The Reconstruction Of Schools And Health Facilities In Sindhuli District Of Nepal",FLOOR HARDENER (RHEOTOP SPL),Building Materials,Various,307500,INR, ,Order
4561,RFQ-1192-V4309,FIRESTOP,01 Feb 2021,RFQ,Fujairah R.F.,MVL Firestop,MVL Firestop - Rockwool D64,Building Materials,Various,4921.56,AED, ,Order
4562,Q-1192-F11027,FIRESTOP,01 Feb 2021,IQ,China N.C.,MAG CITY- Proposed B+G+8 Residential Building On Plot No.6316783 @ Meydan # MAG CITY Development ( 8 Buildings),Supply Of Fire Stop Materials - CIVIL,Firestop/ DC 315,Fire,233740.5,AED,Arun stephen ,Quotation
4563,RFQ-3550-V4336,MVL Nepal,31 Jan 2021,RFQ,Rastra B.C.,"72036719F00003 - Nepal Community Reconstruction Program (NRCP) IDIQ Contract, Task Order For The Reconstruction Of Schools And Health Facilities In Sindhuli District Of Nepal",WALL MOUNTED AIR CONDITIONER,Building Materials,Various,1740000,NPR, ,Order
4564,RFQ-3550-V4335,MVL Nepal,31 Jan 2021,RFQ,Rastra B.C.,"72036719F00003 - Nepal Community Reconstruction Program (NRCP) IDIQ Contract, Task Order For The Reconstruction Of Schools And Health Facilities In Sindhuli District Of Nepal",WALL PUTTY,Building Materials,Various,608000,NPR, ,Order
4565,RFQ-3550-V4334,MVL Nepal,31 Jan 2021,RFQ,Rastra B.C.,"72036719F00003 - Nepal Community Reconstruction Program (NRCP) IDIQ Contract, Task Order For The Reconstruction Of Schools And Health Facilities In Sindhuli District Of Nepal",50KVA TRANSFORMERS,Building Materials,Various,1000000,NPR, ,Order
4566,Q-1192-F11026,FIRESTOP,31 Jan 2021,IQ,Media P.I.,MADINAT JUMEIRAH HOTEL Event : ITP CONFERENCE &amp; AWARDS# LPO MP2021/032,SUPPLY OF DC68,Firestop/ DC 315,Fire,548.1,AED,Ramshad K.,Order
4567,Q-1192-F11025,FIRESTOP,31 Jan 2021,IQ,Alec B.E.,WTC CENTER AND ABU DHABI WATERWORLD,SUPPLY OF FM011,Firestop/ DC 315,Fire,262.5,AED,Samar T.,Quotation
4568,Q-1192-F11024,FIRESTOP,31 Jan 2021,IQ,Jpm A.T.,SEVEN TIDES # LPO JPM/MVL/0058//2021,SUPPLY OF INSS186 &amp; INSS0285,Firestop/ DC 315,Fire,10279.5,AED,Arun stephen ,Order
4569,Q-1192-F11023,FIRESTOP,31 Jan 2021,IQ,Safety W.,AIROLINK AL WASK SITE _PO # 1568,SUPPLY OF INSS1186,Firestop/ DC 315,Fire,19950,AED,Arun stephen ,Order
4570,RFQ-3550-V4333,MVL Nepal,28 Jan 2021,RFQ,Rastra B.C.,"72036719F00003 - Nepal Community Reconstruction Program (NRCP) IDIQ Contract, Task Order For The Reconstruction Of Schools And Health Facilities In Sindhuli District Of Nepal",CEMENT OPC HONGSHI,Building Materials,Various,836400,NPR, ,Order
4571,RFQ-3734-V4263,MACRO,28 Jan 2021,RFQ,Salem B.H.,(QTR-173) W912ER-19-C-0016 CONSOLIDATED SQUADRON OPERATIONS FACILITY,ROOF WATERPROOFING SYSTEM,Building Materials,Various,174000,QAR, ,Order
4572,RFQ-3550-V4332,MVL Nepal,28 Jan 2021,RFQ,Su Z.J.,"72036719F00003 - Nepal Community Reconstruction Program (NRCP) IDIQ Contract, Task Order For The Reconstruction Of Schools And Health Facilities In Sindhuli District Of Nepal",FLOOR EXPANSION JOINT AND WATER BARRIER,Building Materials,Various,12615.65,USD, ,Order
4573,RFQ-3734-V4262,MACRO,27 Jan 2021,RFQ,Permaloc C.,(QTR-173) W912ER-19-C-0016 CONSOLIDATED SQUADRON OPERATIONS FACILITY,ALUMINUM EDGING (CleanlineXL 5 Inch X 8 Feet Black DuraFlex With  3 Stakes Per Piece),Building Materials,Various,9473,USD, ,Order
4574,RFQ-3734-V4261,MACRO,27 Jan 2021,RFQ,Tadmur T.W.,(QTR-173) W912ER-19-C-0016 CONSOLIDATED SQUADRON OPERATIONS FACILITY,DRAINAGE MAT (TERRAM GC 1E1 - 2X 50 MTR),Building Materials,Various,52535,QAR, ,Order
4575,RFQ-3550-V4330,MVL Nepal,27 Jan 2021,RFQ,Gorkha E.R.,"72036719F00003 - Nepal Community Reconstruction Program (NRCP) IDIQ Contract, Task Order For The Reconstruction Of Schools And Health Facilities In Sindhuli District Of Nepal",FAIRFACE BRICK ( GORKHA CHINESE BRICKS),Building Materials,Various,765000,NPR, ,Order
4576,Q-1192-F11022,FIRESTOP,27 Jan 2021,IQ,United E.C.,"264A, CONSTRUCTION OF MULTI STORY RESIDENTIAL BUILDING_PO # 102100438",SUPPLY OF INSS1440 5G PAIL,Firestop/ DC 315,Fire,4662,AED,Habib B.,Order
4577,RFQ-3550-V4329,MVL Nepal,27 Jan 2021,RFQ,Baba M.F.,"72036719F00003 - Nepal Community Reconstruction Program (NRCP) IDIQ Contract, Task Order For The Reconstruction Of Schools And Health Facilities In Sindhuli District Of Nepal",WATERPROOFING (AQUAFIN) - 2nd ORDER,Building Materials,Various,508500,NPR, ,Order
4578,RFQ-3550-V4328,MVL Nepal,27 Jan 2021,RFQ,Hk T.P.,"72036719F00003 - Nepal Community Reconstruction Program (NRCP) IDIQ Contract, Task Order For The Reconstruction Of Schools And Health Facilities In Sindhuli District Of Nepal",SOLAR WATER HEATER,Building Materials,Various,78000,NPR, ,Order
4579,Q-1192-F11021,FIRESTOP,26 Jan 2021,IQ,Alfan A.E.,Showroom  Plot No: 0090 # LPO: 004 / 2021,SUPPLY OF INSS2460 BLACK,Firestop/ DC 315,Fire,3528,AED,Samar T.,Order
4580,Q-1192-F10880A,FIRESTOP,26 Jan 2021,IQ,Joint V.O.,"ABU DHABI FUTURE SCHOOLS PROGRAM PHASE 9- PACKAGE 2, KINDERGARTENS IN AL AIN, AL BATEEN, AL AIN",SUPPLY OF MVL-IL,Firestop/ DC 315,Fire,1102.5,AED,Samer H.,Order
4581,Q-1005-V4475,MACRO,26 Jan 2021,IQ,Tatekan C.,Financial Aid Provided For Procuring Materials - FPT2 Project,Financial Aid Provided For Procuring Materials - FPT2 Project,Misc.,Various,68868.2,USD, ,Order
4582,Q-1005-V4474,MACRO,26 Jan 2021,IQ,Tatekan C.,Financial Aid Provided For Procuring Materials - FPT2 Project,Financial Aid Provided For Procuring Materials - FPT2 Project,Misc.,Various,68903.86,USD, ,Order
4583,Q-1192-F10954A,FIRESTOP,26 Jan 2021,IQ,Xyz I.L.,"UNILABS MOLECULAR BIOLOGY AND CORE LABORATORY @ RESIDENTIAL TOWER W1, C18, ABUDHABI CITY, UAE.# LPO XYZ/PO/18/252",SUPPLY OF INSS1186,Firestop/ DC 315,Fire,651,AED,Samer H.,Order
4584,Q-1192-F11020,FIRESTOP,25 Jan 2021,IQ,Fibrex L.,AL AIN PROJECT#F-ALM-ASJ01-PUR-27798-2021.R-0,SUPPLY OF INSS2460 BLACK,Firestop/ DC 315,Fire,5355,AED,Habib B.,Order
4585,Q-1192-F11007A,FIRESTOP,25 Jan 2021,IQ,Jpm A.T.,"LEEBARCH PALACE ( G+3P+15TYP+HC) PLOT NO. 6734072, ARJAN, DUBAI# LPO JPM/MVL/0057/2021",SUPPLY OF INSS1186 5G PAIL,Firestop/ DC 315,Fire,2493.75,AED,Habib B.,Order
4586,Q-1192-F10950A,FIRESTOP,25 Jan 2021,IQ,Jpm A.T.,"HPR J252 PROJECT (G+9), PLOT NO.: 6318845, HADAEQ SHEIK MOHD BIN RASHID, DUBAI# LPO JPM/MVL/056/2021",SUPPLY OF SSHOOP,Firestop/ DC 315,Fire,220.5,AED,Arun stephen ,Order
4587,Q-1192-F11019,FIRESTOP,25 Jan 2021,IQ,Alec B.E.,WTC CENTER AND ABU DHABI WATERWORLD,SUPPLY OF MVL FIRESTOP MATERIALS,Firestop/ DC 315,Fire,858.9,AED,Samar T.,Quotation
4588,Q-1192-F11018,FIRESTOP,24 Jan 2021,IQ,International H.C.,SUADI GERMAN HOSPITAL # LPO 10337,"SUPPLY OF INSS1186, INSS1440, INFS0812,D64",Firestop/ DC 315,Fire,18669,AED,Habib B.,Order
4589,Q-1192-F10911A,FIRESTOP,24 Jan 2021,IQ,Palgan I.C.,Ghantoot- Abudhabi Project#Residential Building # LPO 2506,"SUPPLY OF INSS1186 5G PAIL, INS1440, INFS0812",Firestop/ DC 315,Fire,7875,AED,Habib B.,Order
4590,Q-1192-F11006B,FIRESTOP,24 Jan 2021,IQ,Jpm A.T.,"SEVEN TIDES, PALM JUMEIRAH # LPO JPM/MVL/0055/2021","SUPPLY OF INSS1186,  INSS0285-5G",Firestop/ DC 315,Fire,10452.75,AED,Arun stephen ,Order
4591,RFQ-3550-M4104,MVL Nepal,21 Jan 2021,RFQ,C.g. I.P.,"72036719F00003 - Nepal Community Reconstruction Program (NRCP) IDIQ Contract, Task Order For The Reconstruction Of Schools And Health Facilities In Sindhuli District Of Nepal",LG INVERTER AIR CONDITIONER,Mechanical Items,Mechanical,598470.62,NPR, ,Order
4592,RFQ-3550-V4327,MVL Nepal,21 Jan 2021,RFQ,Bath N.R.,"72036719F00003 - Nepal Community Reconstruction Program (NRCP) IDIQ Contract, Task Order For The Reconstruction Of Schools And Health Facilities In Sindhuli District Of Nepal",GRANITE TILES,Building Materials,Various,120876,NPR, ,Order
4593,Q-1192-F10970B,FIRESTOP,21 Jan 2021,IQ,Al F.C.,AFC 130-BUILIDING @BU SHAGARAH- SHARJAH# J16351,"SUPPLY OF INSS1440, INFS0812,D64",Firestop/ DC 315,Fire,2692.2,AED,Habib B.,Order
4594,Q-1192-F11017,FIRESTOP,20 Jan 2021,IQ,Tamco G.F.,G+3P+SERV+14F HOTEL+HC,SUPPLY OF INSS1186 &amp; D64,Firestop/ DC 315,Fire,2231.25,AED,Samar T.,Quotation
4595,RFQ-3550-V4326,MVL Nepal,20 Jan 2021,RFQ,Bath N.R.,"72036719F00003 - Nepal Community Reconstruction Program (NRCP) IDIQ Contract, Task Order For The Reconstruction Of Schools And Health Facilities In Sindhuli District Of Nepal",CERAMIC TILES,Building Materials,Various,323742,NPR, ,Order
4596,Q-1192-F11016,FIRESTOP,19 Jan 2021,IQ,Xyz I.L.,"UNILABS MOLECULAR BIOLOGY AND CORE LABORATORY @ RESIDENTIAL TOWER W1, C18, ABUDHABI CITY, UAE.","Supply Of  INSS1440, INFS0812, D64",Firestop/ DC 315,Fire,7917,AED,Samer H.,Order
4597,Q-1192-F11015,FIRESTOP,19 Jan 2021,IQ,Ghantoot G.C.,"AL SHERAA B+G+4P+15F+SERVICE (New Dewa Headquarters), PLOT NO.: 326-2950, AL JADAF, DUBAI, UNITED ARAB EMIRATES",Supply Of Fire Stop Materials - CIVIL,Firestop/ DC 315,Fire,156502.5,AED,Arun stephen ,Quotation
4598,RFQ-3550-V4325,MVL Nepal,19 Jan 2021,RFQ,Sashi I.U.,"72036719F00003 - Nepal Community Reconstruction Program (NRCP) IDIQ Contract, Task Order For The Reconstruction Of Schools And Health Facilities In Sindhuli District Of Nepal",BRICK BAT (SASHI BRICK),Building Materials,Various,259940,NPR, ,Order
4599,RFQ-3550-V4324,MVL Nepal,19 Jan 2021,RFQ,Baba M.F.,"72036719F00003 - Nepal Community Reconstruction Program (NRCP) IDIQ Contract, Task Order For The Reconstruction Of Schools And Health Facilities In Sindhuli District Of Nepal",WATERPROOFING (AQUAFIN),Building Materials,Various,281935,NPR, ,Order
4600,Q-1005-E7038,MACRO,19 Jan 2021,IQ,Metron I.,Supply &amp; Delivery Of GFCI Parts-FPT 2,Supply &amp; Delivery Of GFCI Parts-FPT 2,Electrical,Electrical,85967.2,USD,Mahesh B.,Quotation
4601,RFQ-3550-V4323,MVL Nepal,18 Jan 2021,RFQ,Venus C.S.,"72036719F00003 - Nepal Community Reconstruction Program (NRCP) IDIQ Contract, Task Order For The Reconstruction Of Schools And Health Facilities In Sindhuli District Of Nepal",CROMPTON CEILING AND EXHAUST FAN,Building Materials,Various,89050,INR, ,Order
4602,RFQ-3550-E6807,MVL Nepal,18 Jan 2021,RFQ,Simones N.P.,"72036719F00003 - Nepal Community Reconstruction Program (NRCP) IDIQ Contract, Task Order For The Reconstruction Of Schools And Health Facilities In Sindhuli District Of Nepal",AUTOMATIC SERVO CONTROLLED AC 30KVA SERVO VOLTAGE STABILIZER,Electrical,Electrical,450870,NPR, ,Order
4603,RFQ-3550-V4322,MVL Nepal,18 Jan 2021,RFQ,Jaya O.S.,"72036719F00003 - Nepal Community Reconstruction Program (NRCP) IDIQ Contract, Task Order For The Reconstruction Of Schools And Health Facilities In Sindhuli District Of Nepal",APPROVED WALL PUTTY,Building Materials,Various,357607.56,NPR, ,Order
4604,Q-1192-F10992A,FIRESTOP,18 Jan 2021,IQ,Jpm A.T.,ESPLANADE PHASE 1-AL BARSHA# LPO JPM/MVL/054/2021,"SUPPLY OF INSS1186, INS2460 DARK GREY",Firestop/ DC 315,Fire,2562,AED,Muhammad N.,Order
4605,Q-1192-F11006A,FIRESTOP,18 Jan 2021,IQ,Jpm A.T.,"SEVEN TIDES, PALM JUMEIRAH # LPO JPM/MVL/0053/2021",SUPPLY OF INSS0285-5G,Firestop/ DC 315,Fire,6615,AED,Arun stephen ,Order
4606,Q-1192-F10993A,FIRESTOP,17 Jan 2021,IQ,Fscunion Y.S.,FIRESTOPPING PROJECT,SUPPLY OF INSS1186 5G PAIL,Firestop/ DC 315,Fire,6750,USD,Avinash P.,Cancled
4607,Q-1192-F11014,FIRESTOP,17 Jan 2021,IQ,Airolink B.C.,"G+4+R LABOUR CAMP ,PLOT NO. UAE.DUBAI.599-2037",Supply Of Fire Stop Materials MEP,Firestop/ DC 315,Fire,25126.5,AED,Arun stephen ,Quotation
4608,Q-1192-F11013,FIRESTOP,17 Jan 2021,IQ,Airolink B.C.,"G+4+R LABOUR CAMP ,PLOT NO. UAE.DUBAI.599-2037",Supply Of Fire Stop Materials - CIVIL,Firestop/ DC 315,Fire,19435.5,AED,Arun stephen ,Quotation
4609,Q-1192-F11012,FIRESTOP,17 Jan 2021,IQ,Kdh C.,FIRESTOPPING PROJECT# LPO DHK/01 - REV 02,"SUPPLY OF INSS1186,CFS01",Firestop/ DC 315,Fire,2162.65,USD,Gilbert J.,Order
4610,Q-1192-F11011,FIRESTOP,17 Jan 2021,IQ,Drc I.E.,P-107 PROPOSED (B+G+P+4) BUILDING AT PLOT JVC11HMRP003 @ AL BARSHA#LPO DRC/P107/240121/337,"SUPPLY OF SSHOOP, INFS0812, D120,CFS01",Firestop/ DC 315,Fire,4410.42,AED,Arun stephen ,Order
4611,Q-1192-F11010,FIRESTOP,17 Jan 2021,IQ,New S.E.,87-ALPY'S RESTAURANT &amp; CAFE # LPO  22484,"SUPPLY OF INSS1440, BR",Firestop/ DC 315,Fire,1123.5,AED,Muhammad N.,Order
4612,Q-1005-A5211,MACRO,14 Jan 2021,IQ,Abdul K.C.,Gravity Door Coordinator &amp; Fire Alarm Shipping,Gravity Door Coordinator &amp; Fire Alarm Shipping,Doors,Architectural,536.22,USD, ,Cancled
4613,Q-1192-F11009,FIRESTOP,14 Jan 2021,IQ,Al T.C.,"CONSTRUCTION OF SHARJAH CITY FOR HUMANITARIAN SERVICES, AL QADISIA AREA, KHORFAKKAN, SHARJAH, UAE.","SUPPLY OF INSS1440, INFS0812, D64",Firestop/ DC 315,Fire,9712.5,AED,Muhammad N.,Quotation
4614,RFQ-3550-V4321,MVL Nepal,14 Jan 2021,RFQ,Mangalam U.P.,"72036719F00003 - Nepal Community Reconstruction Program (NRCP) IDIQ Contract, Task Order For The Reconstruction Of Schools And Health Facilities In Sindhuli District Of Nepal",APPROVED PVC AND CPVC PIPES AND FITTINGS,Building Materials,Various,49428.41,NPR, ,Order
4615,Q-1192-F10255A,FIRESTOP,13 Jan 2021,IQ,International H.C.,FIRESTOPPING PROJECT,Supply Of Fire Stop Materials MEP &amp; CIVIL,Firestop/ DC 315,Fire,1989.75,AED,Habib B.,Quotation
4616,Q-1192-F11008,FIRESTOP,13 Jan 2021,IQ,Beaver G.C.,PORT DE LAMER# LPO 102100642,SUPPLY OF INSS1186 5G PAIL,Firestop/ DC 315,Fire,76125,AED,Habib B.,Order
4617,Q-1192-F11007,FIRESTOP,12 Jan 2021,IQ,Jpm A.T.,"LEEBARCH PALACE ( G+3P+15TYP+HC) PLOT NO. 6734072, ARJAN, DUBAI# LPO JPM/MVL/0052/2021",SUPPLY OF INSS1186 5G PAIL,Firestop/ DC 315,Fire,3990,AED,Habib B.,Order
4618,Q-1192-F11006,FIRESTOP,12 Jan 2021,IQ,Jpm A.T.,"SEVEN TIDES, PALM JUMEIRAH # LPO JPM/MVL/0051/2021","SUPPLY OF INSS0285, INSS1186",Firestop/ DC 315,Fire,14385,AED,Arun stephen ,Order
4619,Q-1192-F11005,FIRESTOP,11 Jan 2021,IQ,Al H.,"AL MAMSHA, PLOT NO. 5052, SHARJAH, MUWAILEH, UAE (7 BUILDING'S BASEMENTS)# LPO 2005131",Supply Of Fire Stop Materials MEP,Firestop/ DC 315,Fire,46172.7,AED,Samar T.,Order
4620,RFQ-3550-V4319,MVL Nepal,11 Jan 2021,RFQ,Prime C.I.,"72036719F00003 - Nepal Community Reconstruction Program (NRCP) IDIQ Contract, Task Order For The Reconstruction Of Schools And Health Facilities In Sindhuli District Of Nepal",APPROVED MULTI-STRAND WIRES,Building Materials,Various,707557.44,NPR, ,Order
4621,RFQ-3550-V4318,MVL Nepal,11 Jan 2021,RFQ,Lucent D.N.,"72036719F00003 - Nepal Community Reconstruction Program (NRCP) IDIQ Contract, Task Order For The Reconstruction Of Schools And Health Facilities In Sindhuli District Of Nepal",DOWN THE HOLE DRILLING (DTH DRILLING),Building Materials,Various,904000,NPR, ,Order
4622,RFQ-3550-V4316,MVL Nepal,11 Jan 2021,RFQ,Panchakanya S.S.,"72036719F00003 - Nepal Community Reconstruction Program (NRCP) IDIQ Contract, Task Order For The Reconstruction Of Schools And Health Facilities In Sindhuli District Of Nepal",2000 LTR SS TANK 304 FOOD GRADE VERTICAL,Building Materials,Various,167919.47,QAR, ,Order
4623,Q-1192-F11004,FIRESTOP,10 Jan 2021,IQ,Minar E.,MIN/JOB/16509 # MIN/LPO/30227,SUPPLY OF INSS2460 GREY,Firestop/ DC 315,Fire,189,AED,Muhammad N.,Order
4624,Q-1192-F11003,FIRESTOP,10 Jan 2021,IQ,Al Q.G.,"1144- GATE TOWER, SHARJAH # LPO 102100033",SUPPLY OF INSS1186 5G PAIL,Firestop/ DC 315,Fire,37406.25,AED,Muhammad N.,Order
4625,Q-1192-F11002,FIRESTOP,10 Jan 2021,IQ,Ghantoot G.C.,P077 AZIZI HOTEL # LPO 9087,"SUPPLY OF CFS01, D64, D120",Firestop/ DC 315,Fire,7171.5,AED,Muhammad N.,Order
4626,Q-1192-F11001,FIRESTOP,10 Jan 2021,IQ,Beaver G.C.,PORT DE LAMER # LPO 102100438,SUPPLY OF INSS1186 5G PAIL,Firestop/ DC 315,Fire,39585,AED,Habib B.,Order
4627,RFQ-2394-E6806,MACRO,07 Jan 2021,RFQ,United T.E.,W5J9JE-18-C-0003 (Female Police Town Phase 1),50 KVA POLE MOUNTED TRANSFORMER UPGRADATION - FIRE PUMP HOUSE,Electrical,Electrical,4800,USD, ,Order
4628,Q-1192-F11000,FIRESTOP,07 Jan 2021,IQ,Mm S.C.,FIRESTOPPING PROJECT,SUPPLY OF FB01-15,Firestop/ DC 315,Fire,140,USD,Samar T.,Quotation
4629,RFQ-3550-V4315,MVL Nepal,07 Jan 2021,RFQ,J.m.t. G.P.,"72036719F00003 - Nepal Community Reconstruction Program (NRCP) IDIQ Contract, Task Order For The Reconstruction Of Schools And Health Facilities In Sindhuli District Of Nepal",Cement (OPC) Hongshi Cement,Building Materials,Various,1115194.25,NPR, ,Order
4630,RFQ-3550-V4314,MVL Nepal,06 Jan 2021,RFQ,Venus C.S.,"72036719F00003 - Nepal Community Reconstruction Program (NRCP) IDIQ Contract, Task Order For The Reconstruction Of Schools And Health Facilities In Sindhuli District Of Nepal","LIGHTING FIXTURES, CEILING FANS AND EXHAUST FANS",Building Materials,Various,850430,INR, ,Order
4631,RFQ-3550-E6806,MVL Nepal,06 Jan 2021,RFQ,Pioneer E.(.,"72036719F00003 - Nepal Community Reconstruction Program (NRCP) IDIQ Contract, Task Order For The Reconstruction Of Schools And Health Facilities In Sindhuli District Of Nepal",PIONEER CABLES,Electrical,Electrical,342463.44,NPR, ,Order
4632,RFQ-3550-E6805,MVL Nepal,06 Jan 2021,RFQ,B. &.B.,"72036719F00003 - Nepal Community Reconstruction Program (NRCP) IDIQ Contract, Task Order For The Reconstruction Of Schools And Health Facilities In Sindhuli District Of Nepal",LIGHTNING PROTECTION SYSTEM,Electrical,Electrical,468947.5,NPR, ,Order
4633,Q-1192-F10999,FIRESTOP,06 Jan 2021,IQ,Al J.T.,FIRESTOPPING PROJECT,SUPPLY OF DC7120,Firestop/ DC 315,Fire,1260,AED,Habib B.,Quotation
4634,RFQ-3550-M4103,MVL Nepal,06 Jan 2021,RFQ,Gham P.N.,"72036719F00003 - Nepal Community Reconstruction Program (NRCP) IDIQ Contract, Task Order For The Reconstruction Of Schools And Health Facilities In Sindhuli District Of Nepal","Supply, Delivery, Installation, Testing, And Commissioning Of Solar Power",Mechanical Items,Mechanical,1217900.75,NPR, ,Order
4635,RFQ-3734-V4258,"MVL USA, INC",06 Jan 2021,RFQ,Don C.P.,(QTR-173) W912ER-19-C-0016 CONSOLIDATED SQUADRON OPERATIONS FACILITY,Supply Of Interior And Exterior Plasters,Building Materials,Various,176748,QAR, ,Order
4636,Q-1192-F10998,FIRESTOP,05 Jan 2021,IQ,Jpm A.T.,"SEVEN TIDES, PALM JUMEIRAH # LPO JPM/MVL/050/2020",SUPPLY OF INSS0285 5G,Firestop/ DC 315,Fire,5292,AED,Arun stephen ,Order
4637,RFQ-3550-M4102,MVL Nepal,05 Jan 2021,RFQ,Vishal T.L.,"72036719F00003 - Nepal Community Reconstruction Program (NRCP) IDIQ Contract, Task Order For The Reconstruction Of Schools And Health Facilities In Sindhuli District Of Nepal",Kirloskar Green Silent Diesel Generating Sets,Mechanical Items,Mechanical,706250,NPR, ,Order
4638,Q-1192-F10997,FIRESTOP,05 Jan 2021,IQ,Lazourdy C.&.,RESIDENTIAL BUILDING FOR MOHAMMED SAFE RASHID SALMAN RAHMA AL MANSURI LAZ/PO/CIV/21/A0016,"SUPPLY OF INSS1440, INFS0812, CFS01, FP05",Firestop/ DC 315,Fire,9707.25,AED,Samer H.,Order
4639,Q-1192-F10996,FIRESTOP,05 Jan 2021,IQ,Pgs G.C.,FIRESTOPPING PROJECT,Supply Of Fire Stop Materials MEP,Firestop/ DC 315,Fire,7786.8,AED,Samar T.,Quotation
4640,RFQ-3550-V4313,MVL Nepal,05 Jan 2021,RFQ,Rastra B.C.,"72036719F00003 - Nepal Community Reconstruction Program (NRCP) IDIQ Contract, Task Order For The Reconstruction Of Schools And Health Facilities In Sindhuli District Of Nepal",OPC HONGSHI CEMENT,Building Materials,Various,14532365,NPR, ,Order
4641,RFQ-3550-V4312,MVL Nepal,05 Jan 2021,RFQ,Rastra B.C.,"72036719F00003 - Nepal Community Reconstruction Program (NRCP) IDIQ Contract, Task Order For The Reconstruction Of Schools And Health Facilities In Sindhuli District Of Nepal",PANDAV RDM BRICKS,Building Materials,Various,10848000,NPR, ,Order
4642,RFQ-3550-V4311,MVL Nepal,05 Jan 2021,RFQ,Rastra B.C.,"72036719F00003 - Nepal Community Reconstruction Program (NRCP) IDIQ Contract, Task Order For The Reconstruction Of Schools And Health Facilities In Sindhuli District Of Nepal",FAIR FACE BRICKS,Building Materials,Various,4418300,NPR, ,Order
4643,RFQ-3550-V4310,MVL Nepal,05 Jan 2021,RFQ,Rastra B.C.,"72036719F00003 - Nepal Community Reconstruction Program (NRCP) IDIQ Contract, Task Order For The Reconstruction Of Schools And Health Facilities In Sindhuli District Of Nepal",TILES,Building Materials,Various,15031875,NPR, ,Order
4644,RFQ-3550-V4309,MVL Nepal,05 Jan 2021,RFQ,Rastra B.C.,"72036719F00003 - Nepal Community Reconstruction Program (NRCP) IDIQ Contract, Task Order For The Reconstruction Of Schools And Health Facilities In Sindhuli District Of Nepal",SAND AND AGGREGATE,Building Materials,Various,5203650,NPR, ,Order
4645,Q-1192-F10995,FIRESTOP,04 Jan 2021,IQ,Kasco p.D.,KASCO TOWER,SUPPLY OF FP04,Firestop/ DC 315,Fire,409.5,AED,Habib B.,Quotation
4646,Q-1192-F10994,FIRESTOP,04 Jan 2021,IQ,Glazinum F.C.,G1500692-21-MUWIALAH PROJECT,SUPPLY OF INSS2460 BLACK,Firestop/ DC 315,Fire,14175,AED,Samar T.,Order
4647,Q-1192-F10993,FIRESTOP,04 Jan 2021,IQ,Fscunion Y.S.,FIRESTOPPING PROJECT,SUPPLY OF INSS1186 5G PAIL,Firestop/ DC 315,Fire,7160,USD,Avinash P.,Order
4648,RFQ-3550-V4308,MVL Nepal,04 Jan 2021,RFQ,Shivam T.,"72036719F00003 - Nepal Community Reconstruction Program (NRCP) IDIQ Contract, Task Order For The Reconstruction Of Schools And Health Facilities In Sindhuli District Of Nepal",ELECTRICAL POLE,Building Materials,Various,1337920,NPR, ,Order
4649,RFQ-3550-V4307,MVL Nepal,04 Jan 2021,RFQ,Shivam T.,"72036719F00003 - Nepal Community Reconstruction Program (NRCP) IDIQ Contract, Task Order For The Reconstruction Of Schools And Health Facilities In Sindhuli District Of Nepal",WATER PROOFING CHEMICAL,Building Materials,Various,4670000,NPR, ,Order
4650,Q-1192-F10992,FIRESTOP,04 Jan 2021,IQ,Jpm A.T.,ESPLANADE PHASE 1-AL BARSHA# LPO JPM/MVL/049/2021,"SUPPLY OF INSS1186, INFS0812",Firestop/ DC 315,Fire,3963.75,AED,Muhammad N.,Order
4651,Q-1192-F10991,FIRESTOP,04 Jan 2021,IQ,Jpm A.T.,"LEEBARCH PALACE ( G+3P+15TYP+HC) PLOT NO. 6734072, ARJAN, DUBAI# LPO JPM/MVL/048/2020","SUPPLY OF INSS1186, INSS1440, INFS0812",Firestop/ DC 315,Fire,13177.5,AED,Habib B.,Order
4652,Q-1192-F10990,FIRESTOP,04 Jan 2021,IQ,Al S.E.,"P 140-G+4+R RETAIL &amp; RESIDENTIAL BUILDING ON PLOT NO. 3594687, AT AL QUOZ FOURTH , DUBAI# LPO 011545",SUPPLY OF INSS1440 5G PAIL,Firestop/ DC 315,Fire,4404.1,AED,Arun stephen ,Order
4653,Q-1192-F10970A,FIRESTOP,30 Dec 2020,IQ,Al F.C.,AFC 130-BUILIDING @BU SHAGARAH- SHARJAH# J16302,"SUPPLY OF INSS1440, INFS0812,D64",Firestop/ DC 315,Fire,3451.35,AED,Habib B.,Order
4654,Q-1192-F10989,FIRESTOP,30 Dec 2020,IQ,Safety W.,AL WASL DEVELOPMENT-AIROLINK # LPO 1544,SUPPLY OF INSS1186 5G PAIL,Firestop/ DC 315,Fire,19950,AED,Arun stephen ,Order
4655,Q-1192-F10988,FIRESTOP,30 Dec 2020,IQ,Al A.C.,AC0010- SITE K1 648-9213# LPO 002/STO/2020/0147,Supply Of Fire Stop Materials MEP,Firestop/ DC 315,Fire,13650,AED,Muhammad N.,Order
4656,Q-1192-F10914B,FIRESTOP,30 Dec 2020,IQ,Bahrain &.E.,"Shaml Mid-Rise Residential Bldg, Plot No. JVC14G MRP004 Dubai UAE PO # GO/128/SUP/CON/045H",SUPPLY OF CFS01,Firestop/ DC 315,Fire,661.5,AED,Habib B.,Order
4657,Q-1192-F10987,FIRESTOP,29 Dec 2020,IQ,Henwood G.T.,INDEX FIXING,SUPPLY OF TC6A10120,Firestop/ DC 315,Fire,9187.5,AED,Samar T.,Quotation
4658,RFQ-3550-V4306,MVL Nepal,29 Dec 2020,RFQ,Mangalam U.P.,"72036719F00003 - Nepal Community Reconstruction Program (NRCP) IDIQ Contract, Task Order For The Reconstruction Of Schools And Health Facilities In Sindhuli District Of Nepal",PVC AND CPVC PIPES AND FITTINGS,Building Materials,Various,546578.38,NPR, ,Order
4659,Q-1192-F10986,FIRESTOP,29 Dec 2020,IQ,Dihong I.F.,FIRESTOPPING PROJECT,SUPPLY OF DC7120,Firestop/ DC 315,Fire,1260,AED,Samar T.,Quotation
4660,Q-1005-L4119,MACRO,29 Dec 2020,IQ,Metron I.,Air Freight From USA To CSOF Site Qatar - Telecommunication Manhole,Air Freight From USA To CSOF Site Qatar - Telecommunication Manhole,Transportation,Logistics,3710.6,USD, ,Order
4661,Q-1192-F10985,FIRESTOP,29 Dec 2020,IQ,Jpm A.T.,"SEVEN TIDES, PALM JUMEIRAH # LPO JPM/MVL/047/2020",SUPPLY OF INSS0285 5G,Firestop/ DC 315,Fire,4410,AED,Arun stephen ,Order
4662,Q-1192-F10984,FIRESTOP,28 Dec 2020,IQ,Kasco p.D.,KASCO TOWER# LPO 524,"SUPPLY OF INFS0812, INSS1440, D64",Firestop/ DC 315,Fire,1892.1,AED,Habib B.,Order
4663,Q-1192-F10983,FIRESTOP,28 Dec 2020,IQ,Lazourdy C.&.,"MOCK UP-COMMERCIAL BUILDING (2B+G+MEZZ.+12TYP.+R), PLOT NO.: C101, SECTOR NO.: E4_02, ABUDHABI ISLAND, ABUDHABI # LPO LAZ/PO/CIV/20/A0889",SUPPLY OF INSS1440 &amp; INFS0812,Firestop/ DC 315,Fire,1160.25,AED,Samer H.,Order
4664,RFQ-3550-V4305,MVL Nepal,28 Dec 2020,RFQ,Venus C.S.,"72036719F00003 - Nepal Community Reconstruction Program (NRCP) IDIQ Contract, Task Order For The Reconstruction Of Schools And Health Facilities In Sindhuli District Of Nepal","LABORATORY EQUIPMENTS (PHYSICS, CHEMISTRY, BIOLOGY)",Building Materials,Various,620992.5,INR, ,Order
4665,RFQ-1192-F10982,FIRESTOP,28 Dec 2020,RFQ,International C.T.,MVL Firestop - Supplies,MVL FIrestop - Supplies,Firestop/ DC 315,Fire,26560,USD, ,Cancled
4666,Q-1192-F10981,FIRESTOP,27 Dec 2020,IQ,Al Q.M.,FIRESTOPPING PROJECT,JOB NO.72 SUPPLY OF INSS2460 BLACK # LPO 1712,Firestop/ DC 315,Fire,11340,AED,Samar T.,Order
4667,Q-1192-F10980,FIRESTOP,27 Dec 2020,IQ,Lazourdy C.&.,FIRESTOPPING PROJECT,SUPPLY OF INSS1186 &amp; INSS1440,Firestop/ DC 315,Fire,2961,AED,Samer H.,Quotation
4668,Q-1192-F10979,FIRESTOP,27 Dec 2020,IQ,Mohd. I.A.,FIRESTOPPING PROJECT,SUPPLY OF INSS2460,Firestop/ DC 315,Fire,60.9,AED,Muhammad N.,Quotation
4669,Q-1192-F10978,FIRESTOP,27 Dec 2020,IQ,Al S.E.,"P 140-G+4+R RETAIL &amp; RESIDENTIAL BUILDING ON PLOT NO. 3594687, AT AL QUOZ FOURTH , DUBAI",Supply Of Fire Stop Materials MEP,Firestop/ DC 315,Fire,11965.8,AED,Arun stephen ,Quotation
4670,Q-1192-F10977,FIRESTOP,27 Dec 2020,IQ,Safety W.,GBH POLICE STATION # LPO 1540,SUPPLY OF CFS01,Firestop/ DC 315,Fire,546,AED,Arun stephen ,Order
4671,Q-1192-F10976,FIRESTOP,27 Dec 2020,IQ,Beaver G.C.,PORT DE LAMER # LPO 102023488,SUPPLY OF INSS1186 5G PAIL,Firestop/ DC 315,Fire,15225,AED,Habib B.,Order
4672,Q-1192-F10975,FIRESTOP,27 Dec 2020,IQ,Jpm A.T.,"LEEBARCH PALACE ( G+3P+15TYP+HC) PLOT NO. 6734072, ARJAN, DUBAI# LPO JPM/MVL/046/2020","SUPPLY OF INSS1186, INFS0812, SSHOOP",Firestop/ DC 315,Fire,11235,AED,Habib B.,Order
4673,Q-1192-F10974,FIRESTOP,27 Dec 2020,IQ,Jpm A.T.,"SEVEN TIDES, PALM JUMEIRAH # LPO JPM/MVL/045/2020",SUPPLY OF INSS1186 5G PAIL,Firestop/ DC 315,Fire,14962.5,AED,Arun stephen ,Order
4674,Q-1192-F10973,FIRESTOP,23 Dec 2020,IQ,International H.C.,Saudi German Hospital &ndash; Extension Barsha III &ndash; Dubai,"SUPPLY OF INSS1440, INSS1186 &amp; INFS0812",Firestop/ DC 315,Fire,2514.75,AED,Habib B.,Order
4675,Q-1192-F10972,FIRESTOP,22 Dec 2020,IQ,Beaver G.C.,FIRESTOPPING PROJECT,SUPPLY OF D160,Firestop/ DC 315,Fire,2268,AED,Habib B.,Quotation
4676,Q-1192-F10971,FIRESTOP,22 Dec 2020,IQ,Jpm A.T.,SEVEN TIDES HOTEL,SUPPLY OF INSS0285,Firestop/ DC 315,Fire,441,AED,Arun stephen ,Quotation
4677,RFQ-3550-V4303,MVL Nepal,22 Dec 2020,RFQ,Shivam T.,"72036719F00003 - Nepal Community Reconstruction Program (NRCP) IDIQ Contract, Task Order For The Reconstruction Of Schools And Health Facilities In Sindhuli District Of Nepal",SWITCHES AND SOCKETS,Building Materials,Various,1202637.5,NPR, ,Order
4678,Q-1192-F10970,FIRESTOP,22 Dec 2020,IQ,Al F.C.,AFC 130-BUILIDING @BU SHAGARAH- SHARJAH# J16283,SUPPLY OF INFS0812,Firestop/ DC 315,Fire,2047.5,AED,Habib B.,Order
4679,Q-1192-F10940B,FIRESTOP,21 Dec 2020,IQ,Jpm A.T.,ESPLANADE PHASE 1-AL BARSHA,SUPPLY OF INSS2460 WHITE,Firestop/ DC 315,Fire,21,AED,Muhammad N.,Quotation
4680,Q-1192-F10969,FIRESTOP,21 Dec 2020,IQ,Safety W.,INTERMASS # LPO 1530,SUPPLY OF INSS1186 5G PAIL,Firestop/ DC 315,Fire,19950,AED,Habib B.,Order
4681,Q-1192-F10968,FIRESTOP,21 Dec 2020,IQ,Safety W.,FIVE STARS CONTRACTING#PLOT C19# LPO 1529,"SUPPLY OF INSS1440, INSS1186,INFS0812",Firestop/ DC 315,Fire,15645,AED,Habib B.,Order
4682,Q-1192-F10914A,FIRESTOP,20 Dec 2020,IQ,Bahrain &.E.,"Shaml Mid-Rise Residential Bldg, Plot No. JVC14G MRP004 Dubai UAE PO # GO/128/SUP/CON/045G",SUPPLY OF CFS01,Firestop/ DC 315,Fire,1323,AED,Habib B.,Order
4683,Q-1005-L4118,MACRO,20 Dec 2020,IQ,Metron I.,"Transportation Of Doors &amp; Accessories FOB Chongqing To FPT2 Kabul, Afghanistan","Transportation Of Doors &amp; Accessories FOB Chongqing To FPT2 Kabul, Afghanistan",Transportation,Logistics,143259,USD, ,Order
4684,RFQ-3550-V4302,MVL Nepal,20 Dec 2020,RFQ,Shivam T.,"72036719F00003 - Nepal Community Reconstruction Program (NRCP) IDIQ Contract, Task Order For The Reconstruction Of Schools And Health Facilities In Sindhuli District Of Nepal",SANITARY FIXTURE,Building Materials,Various,3168320,NPR, ,Order
4685,RFQ-3550-V4301,MVL Nepal,20 Dec 2020,RFQ,Shivam T.,"72036719F00003 - Nepal Community Reconstruction Program (NRCP) IDIQ Contract, Task Order For The Reconstruction Of Schools And Health Facilities In Sindhuli District Of Nepal","LIGHTING FIXTURES, CEILING FAN AND EXHAUST FAN",Building Materials,Various,2923875,NPR, ,Order
4686,Q-1192-F10967,FIRESTOP,20 Dec 2020,IQ,Kasco p.D.,KASCO TOWER# LPO 523,SUPPLY OF D120,Firestop/ DC 315,Fire,420,AED,Habib B.,Order
4687,Q-1192-F10958A,FIRESTOP,20 Dec 2020,IQ,Jpm A.T.,"LEEBARCH PALACE ( G+3P+15TYP+HC) PLOT NO. 6734072, ARJAN, DUBAI# LPO JPM/MVL/044/2020",SUPPLY OF INSS1440 5G PAIL,Firestop/ DC 315,Fire,2887.5,AED,Habib B.,Order
4688,Q-1192-F10966,FIRESTOP,20 Dec 2020,IQ,Jpm A.T.,"SEVEN TIDES, PALM JUMEIRAH # LPO JPM/MVL/043/2020",SUPPLY OF INSS0285 BLACK,Firestop/ DC 315,Fire,5460,AED,Arun stephen ,Order
4689,RFQ-3550-V4300,MVL Nepal,17 Dec 2020,RFQ,Shivam T.,"72036719F00003 - Nepal Community Reconstruction Program (NRCP) IDIQ Contract, Task Order For The Reconstruction Of Schools And Health Facilities In Sindhuli District Of Nepal",WATER PROOFING WORKS,Building Materials,Various,4670000,NPR, ,Cancled
4690,Q-1192-F10965,FIRESTOP,17 Dec 2020,IQ,Al M.C.,"Yousef Hilal Salem Jaber Al Hammadi,Rahba City # LPO 1001","SUPPLY OF INSS1440, D64, SAUASAGE GUN",Firestop/ DC 315,Fire,714,AED,Habib B.,Order
4691,Q-1192-F10964,FIRESTOP,17 Dec 2020,IQ,Orient G.G.,FIRESTOPPING PROJECT,Supply Of Fire Stop Materials,Firestop/ DC 315,Fire,2136.62,USD,Avinash P.,Quotation
4692,RFQ-3550-E6804,MVL Nepal,17 Dec 2020,RFQ,Transweld N.P.,"72036719F00003 - Nepal Community Reconstruction Program (NRCP) IDIQ Contract, Task Order For The Reconstruction Of Schools And Health Facilities In Sindhuli District Of Nepal",50 KVA DISTRIBUTION TRANSFORMER,Electrical,Electrical,340977.5,NPR, ,Order
4693,Q-1192-F10963,FIRESTOP,17 Dec 2020,IQ,Safina A.N.,FIRESTOPPING PROJECT,Supply Of Fire Stop Materials,Firestop/ DC 315,Fire,2136.62,USD,Avinash P.,Quotation
4694,Q-1192-F10951A,FIRESTOP,17 Dec 2020,IQ,Al F.C.,AFC 130-BUILIDING @BU SHAGARAH- SHARJAH# J16267,SUPPLY OF INFS0812,Firestop/ DC 315,Fire,682.5,AED,Habib B.,Order
4695,Q-1192-F10897A,FIRESTOP,16 Dec 2020,IQ,Jpm A.T.,UKRAINE PAVILION EXPO PROJECT # LPO JPM/MVL/042/2020,SUPPLY OF INFS0812,Firestop/ DC 315,Fire,294,AED,Arun stephen ,Order
4696,Q-1192-F10809B,FIRESTOP,16 Dec 2020,IQ,Jpm A.T.,AUSTRALIAN PAVILION # LPO JPM/MVL/041/2020,SUPPLY OF INFS0812,Firestop/ DC 315,Fire,588,AED,Arun stephen ,Order
4697,Q-1192-F10962,FIRESTOP,16 Dec 2020,IQ,Arabian C.G.,ALPHA DATA PROJECT# LPO 2010719,SUPPLY OF INSS1186 5G PAIL,Firestop/ DC 315,Fire,11550,AED,Habib B.,Order
4698,RFQ-3550-V4299,MVL Nepal,15 Dec 2020,RFQ,Shivam T.,"72036719F00003 - Nepal Community Reconstruction Program (NRCP) IDIQ Contract, Task Order For The Reconstruction Of Schools And Health Facilities In Sindhuli District Of Nepal",FIRE RATED DOORS,Building Materials,Various,7495000,NPR, ,Order
4699,Q-1192-F10961,FIRESTOP,15 Dec 2020,IQ,Al S.N.,"G+4+R RETAIL &amp; RESIDENTIAL BUILDING ON PLOT NO. 3594687, AT AL QUOZ FOURTH , DUBAI",Supply Of Fire Stop Materials - CIVIL,Firestop/ DC 315,Fire,5250,AED,Arun stephen ,Quotation
4700,Q-1192-F10960,FIRESTOP,15 Dec 2020,IQ,Firestop-me ,FIRESTOPPING PROJECT,Supply Of Fire Stop Materials,Firestop/ DC 315,Fire,2501.5,USD,Avinash P.,Quotation
4701,Q-1192-F10947A,FIRESTOP,15 Dec 2020,IQ,Zein S.C.,"G+8 RESIDENTIAL BUILDING+ROOF GYM, AL BARSHA SOUTH, DUBAI# LPO1114","SUPPLY OF CFS01, D120T50",Firestop/ DC 315,Fire,349.65,AED,Habib B.,Order
4702,RFQ-3550-V4298,MVL Nepal,15 Dec 2020,RFQ,Shivam T.,"72036719F00003 - Nepal Community Reconstruction Program (NRCP) IDIQ Contract, Task Order For The Reconstruction Of Schools And Health Facilities In Sindhuli District Of Nepal",Cement OPC,Building Materials,Various,2122705,NPR, ,Order
4703,Q-1192-F10959,FIRESTOP,15 Dec 2020,IQ,Sixteq T.&.,FIRESTOPPING PROJECT,Supply Of Fire Stop Materials,Firestop/ DC 315,Fire,2667.51,USD,Avinash P.,Quotation
4704,RFQ-1192-V4308,FIRESTOP,15 Dec 2020,RFQ,Foldn S.T.,MVL Firestop - Warehouse DIP,CCTV Installation Testing And Commisioning MVL Firestop Warehouse DIP,Building Materials,Various,1680,AED, ,Order
4705,Q-1192-F10958,FIRESTOP,14 Dec 2020,IQ,Jpm A.T.,"LEEBARCH PALACE ( G+3P+15TYP+HC) PLOT NO. 6734072, ARJAN, DUBAI# LPO JPM/MVL/040/2020",SUPPLY OF INSS1186 5G PAIL,Firestop/ DC 315,Fire,4987.5,AED,Habib B.,Order
4706,Q-1192-F10940A,FIRESTOP,14 Dec 2020,IQ,Jpm A.T.,ESPLANADE PHASE 1-AL BARSHA # LPO JPM/MVL/039/2020,SUPPLY OF INSS1186 5G PAIL,Firestop/ DC 315,Fire,2493.75,AED,Muhammad N.,Order
4707,RFQ-3550-V4297,MVL Nepal,14 Dec 2020,RFQ,Godawari S.P.,"72036719F00003 - Nepal Community Reconstruction Program (NRCP) IDIQ Contract, Task Order For The Reconstruction Of Schools And Health Facilities In Sindhuli District Of Nepal",REBARS,Building Materials,Various,7318332,NPR, ,Order
4708,Q-1192-F10957,FIRESTOP,14 Dec 2020,IQ,Palgan I.C.,EXPO- JAPAN PAVILION# LPO 2488,SUPPLY OF INSS1440 1G PAIL,Firestop/ DC 315,Fire,1155,AED,Habib B.,Order
4709,Q-1192-F10956,FIRESTOP,13 Dec 2020,IQ,Ishtar D.,"B4 Residential Building, Dubai.",SUPPLY OF INSS1186 &amp; D64,Firestop/ DC 315,Fire,560.7,AED,Samar T.,Quotation
4710,Q-1192-F10955,FIRESTOP,13 Dec 2020,IQ,Deep S.S.,LPO DSS-PO-MVL-059-20,"SUPPLY OF INSS1440, FP05",Firestop/ DC 315,Fire,449.4,AED,Habib B.,Order
4711,Q-1192-F10873A,FIRESTOP,13 Dec 2020,IQ,Luxurious C.A.,PROPOSE SHOWROOMS (G+M) ON PLOT NO. 3/3511 MULK-3686 GOV. AT STORAGE LAND AREA AL SHARJAH FOR MR. AL SAYED ABDULLAH AL SAYED MOHAMMED AL HASHEMI_PO # LX155/LPO/20/8157,SUPPLY OF INSS2460 BLACK,Firestop/ DC 315,Fire,6090,AED,Raquel I.,Order
4712,RFQ-1192-V4307,FIRESTOP,13 Dec 2020,RFQ,Fujairah R.F.,MVL Firestop,MVL Firestop - Rockwool D64 And D120,Building Materials,Various,14004.63,AED, ,Order
4713,Q-1192-F10954,FIRESTOP,10 Dec 2020,IQ,Xyz I.L.,"UNILABS MOLECULAR BIOLOGY AND CORE LABORATORY @ RESIDENTIAL TOWER W1, C18, ABUDHABI CITY, UAE.# LPO XYZ/PO/18/252",SUPPLY OF INSS1186 &amp; D64- CURTAIN WALL,Firestop/ DC 315,Fire,840,AED,Samer H.,Order
4714,Q-1192-F10953,FIRESTOP,10 Dec 2020,IQ,Arabian C.G.,"PROPOSED 2B + G + 29 + MECH.FLOOR HOTEL BUILDING, BUSINESS BAY, DUBAI, PLOT NUMBER BB.A06.063",Supply Of Fire Stop Materials - CIVIL,Firestop/ DC 315,Fire,101787,AED,Habib B.,Quotation
4715,Q-1192-F10952,FIRESTOP,10 Dec 2020,IQ,Jpm A.T.,EXPO PALESTINIAN PAVILION# LPO JPM/MVL/038/2020,Supply Of Fire Stop Materials MEP,Firestop/ DC 315,Fire,8001,AED,Arun stephen ,Order
4716,Q-1192-F10951,FIRESTOP,10 Dec 2020,IQ,Al F.C.,AFC 130-BUILIDING @BU SHAGARAH- SHARJAH# LPO J16248,"SUPPLY OF INSS1440, INFS0812, D64",Firestop/ DC 315,Fire,2185.05,AED,Habib B.,Order
4717,RFQ-3550-E6801A,MVL Nepal,10 Dec 2020,RFQ,Electric L.S.,"72036719F00003 - Nepal Community Reconstruction Program (NRCP) IDIQ Contract, Task Order For The Reconstruction Of Schools And Health Facilities In Sindhuli District Of Nepal",Legrand Switches And Metal Box,Electrical,Electrical,341996.03,NPR, ,Order
4718,Q-1192-F10950,FIRESTOP,10 Dec 2020,IQ,Jpm A.T.,"HPR J252 PROJECT (G+9), PLOT NO.: 6318845, HADAEQ SHEIK MOHD BIN RASHID, DUBAI# LPO JPM/MVL/037/2020","SUPPLY OF CFS01, D120",Firestop/ DC 315,Fire,2488.5,AED,Arun stephen ,Order
4719,Q-1192-F10949A,MACRO,10 Dec 2020,IQ,Delta T.S.,FIRESTOPPING PROJECT,SUPPLY OF MVL FIRESTOP MATERIALS,Firestop/ DC 315,Fire,2813.47,AED,Avinash P.,Quotation
4720,Q-1192-F10949,MACRO,10 Dec 2020,IQ,Shoeb A.E.,FIRESTOPPING PROJECT,SUPPLY OF MVL FIRESTOP MATERIALS,Firestop/ DC 315,Fire,2868.6,AED,Avinash P.,Quotation
4721,Q-1192-F10948,FIRESTOP,10 Dec 2020,IQ,Jpm A.T.,"1063-SEVEN TIDES PROJECT, PALM JUMEIRAH# LPO 036","SUPPLY OF INSS0285 BLACK, INSS1186",Firestop/ DC 315,Fire,18217.5,AED,Arun stephen ,Order
4722,RFQ-3734-V4256,"MVL USA, INC",09 Dec 2020,RFQ,Nemer M.I.,(QTR-173) W912ER-19-C-0016 CONSOLIDATED SQUADRON OPERATIONS FACILITY,Block And Plaster Accessories For Al Adeid Air Base Project,Building Materials,Various,57178.1,QAR, ,Order
4723,Q-1192-F10947,FIRESTOP,09 Dec 2020,IQ,Zein S.C.,"G+8 RESIDENTIAL BUILDING+ROOF GYM, AL BARSHA SOUTH, DUBAI# LPO1096",SUPPLY OF INFS0812,Firestop/ DC 315,Fire,840,AED,Habib B.,Order
4724,Q-1192-F10877A,FIRESTOP,09 Dec 2020,IQ,Al Q.G.,1177-2B+G+M+7TYP- GHURAIR-MURAQQABAT,SUPPLY OF INSS1440 1G PAIL,Firestop/ DC 315,Fire,101.85,AED,Muhammad N.,Quotation
4725,Q-1192-F10946,FIRESTOP,09 Dec 2020,IQ,Drc I.E.,P-107 PROPOSED (B+G+P+4) BUILDING AT PLOT JVC11HMRP003 @ AL BARSHA# LPO DRC/P107/121220/320,"SUPPLY OF FP04, D120, INSS1440",Firestop/ DC 315,Fire,2735.46,AED,Arun stephen ,Order
4726,Q-1192-F10945,FIRESTOP,09 Dec 2020,IQ,Reem C.C.,"AL ANDALUS TOWER, JUMEIRAH GOLF ESTATE, DUBAI",SUPPLY OF FIRESTOP COLLAR,Firestop/ DC 315,Fire,108150,AED,Samar T.,Quotation
4727,RFQ-3550-V4296,MVL Nepal,09 Dec 2020,RFQ,Panchakanya P.I.,"72036719F00003 - Nepal Community Reconstruction Program (NRCP) IDIQ Contract, Task Order For The Reconstruction Of Schools And Health Facilities In Sindhuli District Of Nepal",Panchakanya HDPE Pipes Manufactured As Per NS-40,Building Materials,Various,443740.81,NPR, ,Order
4728,Q-1192-F10944,FIRESTOP,08 Dec 2020,IQ,Mena I.S.,FIRESTOPPING PROJECT,"SUPPLY OF INSS1186 SL, SSHOOP,INSS1186, INFS0812",Firestop/ DC 315,Fire,1875.3,AED,Muhammad N.,Quotation
4729,Q-1192-F10943,FIRESTOP,08 Dec 2020,IQ,Al T.A.,FIRESTOPPING PROJECT,SUPPLY OF INSS2460,Firestop/ DC 315,Fire,58.8,AED,Muhammad N.,Quotation
4730,Q-1192-F10942,FIRESTOP,07 Dec 2020,IQ,Zein S.C.,"G+8 RESIDENTIAL BUILDING+ROOF GYM, AL BARSHA SOUTH, DUBAI# LPO 1091/2020","SUPPLY OF CFS01, D120",Firestop/ DC 315,Fire,434.7,AED,Habib B.,Order
4731,Q-1192-F10941,FIRESTOP,07 Dec 2020,IQ,East W.B.,LOOTAH WAREHOUSE,SUPPLY OF ESSCOAT,Firestop/ DC 315,Fire,58.8,AED,Samar T.,Quotation
4732,Q-1192-F10940,FIRESTOP,07 Dec 2020,IQ,Jpm A.T.,ESPLANADE PHASE 1-AL BARSHA # LPO JPM/MVL/035/2020,SUPPLY OF INSS2460 WHITE,Firestop/ DC 315,Fire,441,AED,Muhammad N.,Order
4733,Q-1192-F10913A,MACRO,06 Dec 2020,IQ,Safety W.,PROJECT MISK 1 &amp; 2 (INTERMASS)_PO # 1509,SUPPLY OF INFS0812,Firestop/ DC 315,Fire,36750,AED,Habib B.,Quotation
4734,Q-1192-F10939,FIRESTOP,06 Dec 2020,IQ,Nuevo D.F.,FIRESTOPPING PROJECT,SUPPLY OF DC 68 600 ML BOTTLE,Firestop/ DC 315,Fire,1559.25,AED,Ramshad K.,Quotation
4735,Q-1192-F10920A,FIRESTOP,06 Dec 2020,IQ,Al F.C.,"Azizi Apartments @ Al Furjan, Dubai (34, 35) # LPO J16217",SUPPLY OF CFS01,Firestop/ DC 315,Fire,7192.5,AED,Muhammad N.,Order
4736,Q-1192-F10938,FIRESTOP,06 Dec 2020,IQ,Al A.C.,AC0010- SITE K1 648-9213# LPO 002/STO/2020/0136,SUPPLY OF INFS0812,Firestop/ DC 315,Fire,2016,AED,Muhammad N.,Order
4737,Q-1192-F10937,FIRESTOP,06 Dec 2020,IQ,Bok C.L.,"PROPOSED B+G+2+ROOF ( 5 NOS) ,RESIDENTIAL BUILDING , PLOT NO: JVC11RFRP003, AL BARSHA, DUBAI# LPO 001/STO/2020/0140",SUPPLY OF INFS0812,Firestop/ DC 315,Fire,1512,AED,Muhammad N.,Order
4738,Q-1192-F10936,FIRESTOP,06 Dec 2020,IQ,Safety W.,AIROLINK#AL WASL DEVELOPMENT#LPO 1516,SUPPLY OF INSS1186 5G PAIL,Firestop/ DC 315,Fire,24937.5,AED,Arun stephen ,Order
4739,RFQ-3550-V4295,MVL Nepal,06 Dec 2020,RFQ,Venus E.&.,"72036719F00003 - Nepal Community Reconstruction Program (NRCP) IDIQ Contract, Task Order For The Reconstruction Of Schools And Health Facilities In Sindhuli District Of Nepal",Rectrofitting Work,Building Materials,Various,367549.44,NPR, ,Cancled
4740,Q-1192-F10562A,FIRESTOP,06 Dec 2020,IQ,Dhafra I.,"AL HAMELY -2 BUILDING (4B+G+M+15TYPICAL+LOWER ROOF), E18_01, PLOT NO.: C34, AL FALAH STREET,ABU DHABI CITY# LPO POHML2/00245/20",Supply Of Fire Stop Materials MEP,Firestop/ DC 315,Fire,19950,AED,Samer H.,Order
4741,Q-1192-F10935,FIRESTOP,06 Dec 2020,IQ,Jpm A.T.,"LEEBARCH PALACE ( G+3P+15TYP+HC) PLOT NO. 6734072, ARJAN, DUBAI# LPO JPM/MVL/034/2020",Supply Of Fire Stop Materials MEP,Firestop/ DC 315,Fire,9492,AED,Habib B.,Order
4742,RFQ-3742-V4257,"MVL USA, INC",06 Dec 2020,RFQ,Big E.T.,W912ER-19-C-0018 Care And Preservation Vehicle Maintenance Facility,Crane Rental - Kuwait,Building Materials,Various,1890,KWD, ,Order
4743,Q-1192-F10934,FIRESTOP,30 Nov 2020,IQ,Al Y.E.,CPF-FIRE &amp; RESCUE STATION EXTENTION,SUPPLY OF DC7120,Firestop/ DC 315,Fire,14000,USD,Raquel I.,Quotation
4744,RFQ-1569-O18,MACRO,30 Nov 2020,RFQ,Codegreen S.,MVL Office - Sophos SG 230 Full Guard,Sophos SG 230 Full Guard - 1 Year Subscription -  Renewal - License Number: L0009032523,Computer Peripherals,Office Assets,8242.5,AED, ,Order
4745,Q-1192-F10933,FIRESTOP,30 Nov 2020,IQ,Jpm A.T.,"ESPLANADE PHASE 1-AL BARSHA, # LPO JPM/MVL/032/2020",Supply Of Fire Stop Materials,Firestop/ DC 315,Fire,11502.75,AED,Muhammad N.,Order
4746,Q-1192-F10932,FIRESTOP,30 Nov 2020,IQ,Jpm A.T.,"HPR J252 PROJECT (G+9), PLOT NO.: 6318845, HADAEQ SHEIK MOHD BIN RASHID, DUBAI# LPO JPM/MVL/033/2020","SUPPLY OF D64, D120",Firestop/ DC 315,Fire,525,AED,Arun stephen ,Order
4747,Q-1192-F10931,FIRESTOP,30 Nov 2020,IQ,Xyz I.L.,"UNILABS MOLECULAR BIOLOGY AND CORE LABORATORY @ RESIDENTIAL TOWER W1, C18, ABUDHABI CITY, UAE.",Supply Of Fire Stop Materials - CIVIL,Firestop/ DC 315,Fire,3570,AED,Samer H.,Quotation
4748,Q-1192-F10930,FIRESTOP,30 Nov 2020,IQ,Grand S.B.,"HEART OF EUROPE PROJECT, DUBAI, UAE",Supply Of Fire Stop Materials - CIVIL,Firestop/ DC 315,Fire,521892,AED,Habib B.,Quotation
4749,Q-1192-F10929,FIRESTOP,30 Nov 2020,IQ,Grand S.B.,"HEART OF EUROPE, DUBAI, UAE",Supply Of Fire Stop Materials MEP,Firestop/ DC 315,Fire,830130,AED,Habib B.,Quotation
4750,Q-1192-F10928,FIRESTOP,29 Nov 2020,IQ,Gilbert J.,FIRESTOPPING PROJECT,DC 68,Firestop/ DC 315,Fire,49.98,AED,Gilbert J.,Order
4751,Q-1192-F10927,FIRESTOP,29 Nov 2020,IQ,Powerbar G.(.,FIRESTOPPING PROJECT,SUPPLY OF CFS01,Firestop/ DC 315,Fire,777,AED,Raquel I.,Quotation
4752,Q-1192-F10926,FIRESTOP,29 Nov 2020,IQ,Kasco p.D.,KASCO TOWER# LPO 517,SUPPLY OF CFS01,Firestop/ DC 315,Fire,4410,AED,Habib B.,Order
4753,Q-1192-F10925,FIRESTOP,29 Nov 2020,IQ,Mesopot D.a.,B+MALL(G+1)+3P+11 RES FLOOR-AL NAHDA 2# LPO-M17-SUB-28,Supply Of Fire Stop Materials,Firestop/ DC 315,Fire,8319.47,AED,Arun stephen ,Order
4754,Q-1192-F10924,FIRESTOP,29 Nov 2020,IQ,Al S.E.,"P 130-G+P+7+R+ RESIDENTIAL BUILDING ON PLOT NO.6218560,WARSAN FIRST , DUBAI PO # 011417",SUPPLY OF INSS1440,Firestop/ DC 315,Fire,1651.53,AED,Arun stephen ,Order
4755,Q-1192-F10923,FIRESTOP,26 Nov 2020,IQ,Al S.A.,1085 G+5P+15-AL ALAM ENGG. #LPO P02 20188,SUPPLY OF INSS1440,Firestop/ DC 315,Fire,2310,AED,Samar T.,Order
4756,Q-1192-F10922,FIRESTOP,25 Nov 2020,IQ,Emcc C.L.,FIRESTOPPING PROJECT,SUPPLY OF MVL FIRESTOP MATERIALS,Firestop/ DC 315,Fire,2766.75,AED,Avinash P.,Quotation
4757,Q-1192-F10921,FIRESTOP,25 Nov 2020,IQ,Beaver G.C.,PORT DE LAMER,Supply Of Fire Stop Materials MEP,Firestop/ DC 315,Fire,57283.8,AED,Habib B.,Quotation
4758,Q-1192-F10920,FIRESTOP,25 Nov 2020,IQ,Al F.C.,"Azizi Apartments @ Al Furjan, Dubai (34, 35) # LPO J16194",SUPPLY OF CFS01,Firestop/ DC 315,Fire,2877,AED,Muhammad N.,Order
4759,Q-1192-F10919,FIRESTOP,24 Nov 2020,IQ,Al Q.G.,"P1205 - B+G+5- MUWEILAH , SHARJAH # LPO 102100143",SUPPLY OF INSS0285 WHITE 5G PAIL,Firestop/ DC 315,Fire,19950,AED,Muhammad N.,Order
4760,Q-1192-F10918,FIRESTOP,24 Nov 2020,IQ,Joint V.O.,FUTURE SCHOOL-BUTEEN # LPO Y&amp; AFE/JV/132,"SUPPLY OF INSS1186, INSS1440, D64, FP05, INFS0812",Firestop/ DC 315,Fire,15435,AED,Samer H.,Order
4761,Q-1192-F10917,FIRESTOP,24 Nov 2020,IQ,Arkaz ,PRICE LIST FIRESTOPPING PROJECT,Supply Of Fire Stop Materials,Firestop/ DC 315,Fire,2383.65,USD,Gilbert J.,Quotation
4762,Q-1192-F10916,FIRESTOP,24 Nov 2020,IQ,Al N.G.,BANIYAS COOPERATIVE SOCIETY MAIN BRANCH,SUPPLY OF INSS2460,Firestop/ DC 315,Fire,5670,AED,Raquel I.,Order
4763,Q-1192-F10915,FIRESTOP,23 Nov 2020,IQ,Bam I.,"PROPOSED B+G+1F+R GYM BLDG ON PLOT NO: 262-3003, AL MIZHAR, DUBAI, UAE.",Supply Of Fire Stop Materials MEP,Firestop/ DC 315,Fire,8562.75,AED,Habib B.,Quotation
4764,RFQ-1569-V4264,FIRESTOP,23 Nov 2020,RFQ,Blue C.F.,MVL New Warehouse In DIP,Chair &amp; Cabinet,Building Materials,Various,1417.5,AED, ,Order
4765,Q-1192-F10914,FIRESTOP,22 Nov 2020,IQ,Bahrain &.E.,"Shaml Mid-Rise Residential Bldg, Plot No. JVC14G MRP004 Dubai UAE PO # GO/128/SUP/CON/045F",SUPPLY OF INFS0812 &amp; SSHOOP,Firestop/ DC 315,Fire,7373.1,AED,Habib B.,Order
4766,Q-1192-F10913,MACRO,22 Nov 2020,IQ,Safety W.,PROJECT MISK 1 &amp; 2 (INTERMASS)_PO # 1509,SUPPLY OF INFS0812,Firestop/ DC 315,Fire,36750,AED,Habib B.,Order
4767,Q-1192-F10820B,FIRESTOP,22 Nov 2020,IQ,New S.E.,56-AL BADAA # LPO 21839,SUPPLY OF INFS0812 AND INSS1440,Firestop/ DC 315,Fire,6688.5,AED,Muhammad N.,Order
4768,Q-1192-F10912,FIRESTOP,22 Nov 2020,IQ,Al F.A.,LPO # 6245,SUPPLY OF INSS2460 BLACK,Firestop/ DC 315,Fire,1134,AED,Muhammad N.,Order
4769,Q-1192-F10911,FIRESTOP,22 Nov 2020,IQ,Palgan I.C.,Ghantoot- Abudhabi Project#Residential Building # LPO 2480 REVISED,SUPPLY OF INSS1186 5G PAIL,Firestop/ DC 315,Fire,5775,AED,Habib B.,Order
4770,Q-1192-F10903A,FIRESTOP,19 Nov 2020,IQ,Urban G.I.,FIRESTOPPING PROJECT,SUPPLY OF MVL FIRESTOP MATERIALS,Firestop/ DC 315,Fire,3070.88,AED,Avinash P.,Quotation
4771,Q-1192-F10567B,FIRESTOP,19 Nov 2020,IQ,Alibtikar A.T.,FIRESTOPPING PROJECT # PO 111920/PFP/IBT/003,SUPPLY OF DC 68 5G PAIL,Firestop/ DC 315,Fire,4252.5,AED,Habib B.,Order
4772,Q-1192-F10910,FIRESTOP,18 Nov 2020,IQ,Zein S.C.,"G+8 RESIDENTIAL BUILDING+ROOF GYM, AL BARSHA SOUTH, DUBAI# LPO 1031/2020",SUPPLY OF INFS0812,Firestop/ DC 315,Fire,3360,AED,Habib B.,Order
4773,Q-1192-F10909,FIRESTOP,17 Nov 2020,IQ,Al B.A.,FIRESTOPPING PROJECT,SUPPLY OF INSS2460 BLACK,Firestop/ DC 315,Fire,29.4,AED,Habib B.,Quotation
4774,Q-1192-F10908,FIRESTOP,17 Nov 2020,IQ,Buset C.&.,"B+G+1) SUPERMARKET FOR DUBAI SPORTS CITY L.L.C ON PLOT NO 6827281, AL HEBIAH FOURTH, DUBAI , UAE",Supply Of Fire Stop Materials MEP,Firestop/ DC 315,Fire,652.05,AED,Samar T.,Quotation
4775,Q-1192-F10907,FIRESTOP,17 Nov 2020,IQ,Beaver G.C.,"D17-85D, PORT DE LA MER APARTMENTS, PLOT 3-PHASE 2, MAIN CONSTRUCTION WORK# LPO 102021151",SUPPLY OF INSS1186 5G PAIL,Firestop/ DC 315,Fire,18270,AED,Habib B.,Order
4776,Q-1192-F10906,FIRESTOP,17 Nov 2020,IQ,Mapa C.A.,KSA PROJECT,SUPPLY OF DC6150 AND INSS1440,Firestop/ DC 315,Fire,10900,USD,Avinash P.,Quotation
4777,Q-1192-F10905,FIRESTOP,16 Nov 2020,IQ,Al Q.G.,P 1205,SUPPLY OF INSS1440,Firestop/ DC 315,Fire,9975,AED,Muhammad N.,Quotation
4778,Q-1192-F10904,FIRESTOP,16 Nov 2020,IQ,Asiana G.H.,"2B+G+M+2+GYM, PLOT NO.: 127-2092, BLOCK: HOR AL ANZ, DUBAI, UAE",Supply Of Fire Stop Materials MEP,Firestop/ DC 315,Fire,23210.25,AED,Arun stephen ,Quotation
4779,Q-1192-F10903,FIRESTOP,16 Nov 2020,IQ,Firestop M.E.,FIRESTOPPING PROJECT,SUPPLY OF MVL FIRESTOP MATERIALS,Firestop/ DC 315,Fire,3070.88,AED,Avinash P.,Quotation
4780,Q-1192-F10902,FIRESTOP,15 Nov 2020,IQ,Bahrain &.E.,"Shaml Mid-Rise Residential Bldg, Plot No. JVC14G MRP004 Dubai UAE PO # GO/128/SUP/CON/045E","SUPPLY OF INSS1440, CFS01",Firestop/ DC 315,Fire,3118.5,AED,Habib B.,Order
4781,Q-1192-F10901,FIRESTOP,15 Nov 2020,IQ,Palgan I.C.,Ghantoot-  Abudhabi Project#Residential Building # LPO 2477,"SUPPLY OF INSS1440, INFS0812, SSHOOP",Firestop/ DC 315,Fire,11371.5,AED,Habib B.,Order
4782,RFQ-1569-V4263,FIRESTOP,15 Nov 2020,RFQ,Adventz R.&.,MVL Firestop,Dismantling And Relocation And Refixing Of Heavy Duty Racking System,Building Materials,Various,4725,AED, ,Order
4783,RFQ-3734-V4255,"MVL USA, INC",12 Nov 2020,RFQ,Ghbs (.,(QTR-173) W912ER-19-C-0016 CONSOLIDATED SQUADRON OPERATIONS FACILITY,Telecommunication Manhole (HUBBELL),Building Materials,Various,3510,USD, ,Order
4784,Q-1192-F10900,FIRESTOP,12 Nov 2020,IQ,Bok C.L.,"PROPOSED B+G+2+ROOF ( 5 NOS) ,RESIDENTIAL BUILDING , PLOT NO: JVC11RFRP003, AL BARSHA, DUBAI# LPO 001/STO/2020/0132",Supply Of Fire Stop Materials MEP,Firestop/ DC 315,Fire,2148.3,AED,Muhammad N.,Order
4785,Q-1192-F10899,FIRESTOP,12 Nov 2020,IQ,Target E.C.,DAS ISLAND ( 07112020/IGDC),SUPPLY OF INSS0285 WHITE,Firestop/ DC 315,Fire,5355,AED,Samar T.,Quotation
4786,Q-1192-F10898,FIRESTOP,12 Nov 2020,IQ,Jpm A.T.,"ESPLANADE PHASE 1-AL BARSHA, # LPO JPM/MVL/029/2020",SUPPLY OF INSS1186 &amp; D64,Firestop/ DC 315,Fire,1228.5,AED,Muhammad N.,Order
4787,Q-1192-F10897,FIRESTOP,12 Nov 2020,IQ,Jpm A.T.,UKRAINE PAVILION EXPO PROJECT # LPO JPM/MVL/031/2020,"SUPPLY OF D64, INSS1440",Firestop/ DC 315,Fire,693,AED,Arun stephen ,Order
4788,Q-1192-F10896,FIRESTOP,12 Nov 2020,IQ,Jpm A.T.,"HPR J252 PROJECT (G+9), PLOT NO.: 6318845, HADAEQ SHEIK MOHD BIN RASHID, DUBAI# LPO JPM/MVL/030/2020",Supply Of Fire Stop Materials MEP,Firestop/ DC 315,Fire,3717,AED,Arun stephen ,Order
4789,RFQ-3550-V4294,MVL Nepal,12 Nov 2020,RFQ,Mangalam U.P.,"72036719F00003 - Nepal Community Reconstruction Program (NRCP) IDIQ Contract, Task Order For The Reconstruction Of Schools And Health Facilities In Sindhuli District Of Nepal",PVC AND CPVC Pipes And Fittings,Building Materials,Various,496031.47,NPR, ,Order
4790,RFQ-3734-V4254,"MVL USA, INC",12 Nov 2020,RFQ,Al E.T.,(QTR-173) W912ER-19-C-0016 CONSOLIDATED SQUADRON OPERATIONS FACILITY,SUSPENDED CEILING WORKS,Building Materials,Various,306781,QAR, ,Order
4791,Q-1192-F10895,FIRESTOP,11 Nov 2020,IQ,Procon E.L.,FIRESTOPPING PROJECT,SUPPLY OF MVL FIRESTOP MATERIALS,Firestop/ DC 315,Fire,2867.55,AED,Avinash P.,Quotation
4792,Q-1192-F10894,FIRESTOP,11 Nov 2020,IQ,Dubai P.L.,DPC-20047 # LPO 55601,SUPPLY OF INSS1186,Firestop/ DC 315,Fire,5775,AED,Arun stephen ,Order
4793,Q-1192-F10893,FIRESTOP,11 Nov 2020,IQ,Frayland L.C.,"JS252, 2B+G+14 AL THANIYAH, BARSHA # LPO FC30014",SUPPLY OF INSS1186&amp; INFS0812,Firestop/ DC 315,Fire,7035,AED,Habib B.,Order
4794,RFQ-3734-V4253,"MVL USA, INC",11 Nov 2020,RFQ,Campbridge T.a.,(QTR-173) W912ER-19-C-0016 CONSOLIDATED SQUADRON OPERATIONS FACILITY,Supply Of RUBBER BASE L11732,Building Materials,Various,57850,QAR, ,Order
4795,Q-1192-F10620E,FIRESTOP,11 Nov 2020,IQ,International H.C.,Saudi German Hospital &ndash; Extension Barsha III &ndash; Dubai,SUPPLY OF INFS0812,Firestop/ DC 315,Fire,1008,AED,Habib B.,Order
4796,Q-1192-F10892,FIRESTOP,11 Nov 2020,IQ,Al H.,"AL MAMSHA , BUILDING SS3 (B+G+7F+R), SHARJAH#AHJ-572# LPO 2004438",SUPPLY OF INSS1440 SAUSAGE,Firestop/ DC 315,Fire,24255,AED,Samar T.,Order
4797,Q-1192-F10891,FIRESTOP,11 Nov 2020,IQ,Al Q.G.,1144-G+50; GATE TOWER #LPO 102002593,SUPPLY OF INSS1186,Firestop/ DC 315,Fire,37406.25,AED,Muhammad N.,Order
4798,Q-1192-F10890,FIRESTOP,11 Nov 2020,IQ,Jpm A.T.,"HPR J252 PROJECT (G+9), PLOT NO.: 6318845, HADAEQ SHEIK MOHD BIN RASHID, DUBAI# LPO JPM/MVL/028/2020","SUPPLY OF CFS01, D120",Firestop/ DC 315,Fire,5901,AED,Arun stephen ,Order
4799,Q-1005-L4117,MACRO,10 Nov 2020,IQ,Metron I.,ORD-2797-A5201 Second Inspection For Fire &amp; Non-Fire Rated Doors &amp; Hardware-Metron Order FPT2,ORD-2797-A5201 Second Inspection For Fire &amp; Non-Fire Rated Doors &amp; Hardware-Metron Order FPT2,Transportation,Logistics,2612,USD, ,Order
4800,Q-1192-F10889,FIRESTOP,10 Nov 2020,IQ,Mesopot D.a.,B+MALL(G+1)+3P+11 RES FLOOR-AL NAHDA 2# LPO-M17-SUB-25,Supply Of Fire Stop Materials MEP,Firestop/ DC 315,Fire,15666.52,AED,Arun stephen ,Order
4801,Q-1192-F10888,FIRESTOP,10 Nov 2020,IQ,Fibrex L.,PO # F-ALM-MOPA03-PUR-25794-2020.R.-0,SUPPLY OF INSS2460 BLACK,Firestop/ DC 315,Fire,10710,AED,Habib B.,Order
4802,Q-1192-F10887,FIRESTOP,10 Nov 2020,IQ,Hypery I.L.,BANGLADESH PROJECT # LPO -20-023,SUPPLY OF INSS1440,Firestop/ DC 315,Fire,7800,AED,Habib B.,Order
4803,Q-1192-F10886,FIRESTOP,09 Nov 2020,IQ,Palgan I.C.,"CONSTRUCTION OF CLUBHOUSE &amp; RETAIL CENTER, JUMEIRAH PARK@ LPO 2475",SUPPLY OF INSS1186 5G PAIL,Firestop/ DC 315,Fire,1732.5,AED,Habib B.,Order
4804,Q-1192-F10885,FIRESTOP,09 Nov 2020,IQ,Zein S.C.,"G+8 RESIDENTIAL BUILDING+ROOF GYM, AL BARSHA SOUTH, DUBAI# LPO 996/2020","SUPPLY OF INFS0812,INSS1440, SSHOOP",Firestop/ DC 315,Fire,7586.25,AED,Habib B.,Order
4805,Q-1192-F10883A,FIRESTOP,09 Nov 2020,IQ,Dubco C.L.,"12 VILLA, (G+1) DUBAI PO # LPO/Q4-24560",SUPPLY OF INSS2460 WHITE,Firestop/ DC 315,Fire,1071,AED,Habib B.,Order
4806,Q-1192-F10884,FIRESTOP,09 Nov 2020,IQ,New S.E.,070-AL SAUD CO. LTD.QUSAIS# LPO 21707,SUPPLY OF INFS0812 AND SSHOOP,Firestop/ DC 315,Fire,3717,AED,Muhammad N.,Order
4807,Q-1192-F10883,FIRESTOP,09 Nov 2020,IQ,Dubco C.L.,"12 VILLA, DUBAI",SUPPLY OF INSS2460 BLACK &amp; GREY,Firestop/ DC 315,Fire,1218,AED,Muhammad N.,Quotation
4808,RFQ-3550-V4293,MVL Nepal,09 Nov 2020,RFQ,Venus E.&.,"72036719F00003 - Nepal Community Reconstruction Program (NRCP) IDIQ Contract, Task Order For The Reconstruction Of Schools And Health Facilities In Sindhuli District Of Nepal",Additional Requirement Chemicals For Rectrofitting Work,Building Materials,Various,121701,NPR, ,Order
4809,RFQ-1192-F10882,FIRESTOP,09 Nov 2020,RFQ,International C.T.,MVL Firestop,DC6150 Cable Coating Packed: 5G/Pail,Firestop/ DC 315,Fire,1580,USD, ,Order
4810,Q-1192-F10881,FIRESTOP,08 Nov 2020,IQ,Al Q.M.,FIRESTOPPING PROJECT,INSS2460 BLACK,Firestop/ DC 315,Fire,28.35,AED,Samar T.,Quotation
4811,Q-1192-F10880,FIRESTOP,08 Nov 2020,IQ,Joint V.O.,"ABU DHABI FUTURE SCHOOLS PROGRAM PHASE 9- PACKAGE 2, KINDERGARTENS IN AL AIN, AL BATEEN, AL AIN",SUPPLY OF MVL-IL,Firestop/ DC 315,Fire,735,AED,Samer H.,Order
4812,Q-1192-F10879,FIRESTOP,08 Nov 2020,IQ,New S.E.,59 KHALIFA MOHAMED HAMAD (AL BADA) _PO # 21696,SUPPLY OF INSS1440 5G PAIL,Firestop/ DC 315,Fire,761.25,AED,Muhammad N.,Order
4813,Q-1192-F10878,FIRESTOP,08 Nov 2020,IQ,Joint V.O.,FUTURE SCHOOL-YAHAR,SUPPLY OF INSPECTION LABELS,Firestop/ DC 315,Fire,630,AED,Samer H.,Quotation
4814,Q-1192-F10877,FIRESTOP,08 Nov 2020,IQ,Al Q.G.,1177-2B+G+M+7TYP- GHURAIR-MURAQQABAT,SUPPLY OF INSS1440 5G PAIL,Firestop/ DC 315,Fire,509.25,AED,Muhammad N.,Order
4815,Q-1192-F10876,FIRESTOP,08 Nov 2020,IQ,Dubai P.L.,DPC-20047 # LPO 55580,SUPPLY OF INSS1186,Firestop/ DC 315,Fire,5250,AED,Arun stephen ,Order
4816,Q-1192-F10875,FIRESTOP,08 Nov 2020,IQ,Al O.C.,P- 224-BLOOM HEIGHTS- # LPO 102001129,SUPPLY OF INSS1186 5G PAIL,Firestop/ DC 315,Fire,13650,AED,Habib B.,Order
4817,RFQ-3550-V4292,MVL Nepal,08 Nov 2020,RFQ,Shivam T.,"72036719F00003 - Nepal Community Reconstruction Program (NRCP) IDIQ Contract, Task Order For The Reconstruction Of Schools And Health Facilities In Sindhuli District Of Nepal",Rebar BInding Wire And Admixture,Building Materials,Various,2977550,NPR, ,Order
4818,Q-1192-F10874,FIRESTOP,05 Nov 2020,IQ,Meraki F.a.,FIRESTOPPING PROJECT,SUPPLY OF INSS2460  GRAY,Firestop/ DC 315,Fire,27405,AED,Raquel I.,Quotation
4819,Q-1192-F10873,FIRESTOP,05 Nov 2020,IQ,Luxurious C.A.,PROPOSE SHOWROOMS (G+M) ON PLOT NO. 3/3511 MULK-3686 GOV. AT STORAGE LAND AREA AL SHARJAH FOR MR. AL SAYED ABDULLAH AL SAYED MOHAMMED AL HASHEMI_PO # LX155/LPO/20/8156,SUPPLY OF INSS2460 BLACK,Firestop/ DC 315,Fire,9135,AED,Raquel I.,Order
4820,Q-1192-F10872,FIRESTOP,05 Nov 2020,IQ,Al A.A.,FIRESTOPPING PROJECT,SUPPLY OF INSS2460 GREY,Firestop/ DC 315,Fire,27825,AED,Arun stephen ,Quotation
4821,Q-1192-F10871,FIRESTOP,05 Nov 2020,IQ,Jpm A.T.,"HPR J252 PROJECT (G+9), PLOT NO.: 6318845, HADAEQ SHEIK MOHD BIN RASHID, DUBAI# LPO JPM/MVL/027/2020","SUPPLY OF CFS01,D120,INFS0812",Firestop/ DC 315,Fire,2982,AED,Arun stephen ,Order
4822,Q-1192-F10870,FIRESTOP,05 Nov 2020,IQ,Epoch I.L.,FIRESTOPPING PROJECT# LPO EP-PO-RFQ2040/2,SUPPLY OF CFS01,Firestop/ DC 315,Fire,1606.5,AED,Raquel I.,Order
4823,RFQ-3550-V4291,MVL Nepal,05 Nov 2020,RFQ,Shivam T.,"72036719F00003 - Nepal Community Reconstruction Program (NRCP) IDIQ Contract, Task Order For The Reconstruction Of Schools And Health Facilities In Sindhuli District Of Nepal",PVC AND CPVC FITTINGS,Building Materials,Various,1149174,NPR, ,Order
4824,Q-1192-F10869,FIRESTOP,05 Nov 2020,IQ,Ascorp C.L.,B+G+5 RESIDENTIAL- COMMERCIAL BUILDING @ PLOT NO: DIAC - H - 002,Supply Of Fire Stop Materials MEP,Firestop/ DC 315,Fire,169214.5,AED,Arun stephen ,Quotation
4825,Q-1192-F10868,FIRESTOP,05 Nov 2020,IQ,Al H.B.,"Modification &amp; Extension , Plot No.5425,5423,5427,5419, Industrial 4, Sharjah# LPO 06691",SUPPLY OF INSS2460 BLACK,Firestop/ DC 315,Fire,1134,AED,Samar T.,Order
4826,Q-1192-F10867,FIRESTOP,04 Nov 2020,IQ,Safety W.,AL WASL -AIROLINK# LPO 1491,SUPPLY OF INSS1186 5G PAIL,Firestop/ DC 315,Fire,14962.5,AED,Arun stephen ,Order
4827,Q-1192-F10866,FIRESTOP,04 Nov 2020,IQ,Safety W.,PROJECT MISK 1 &amp; 2 (INTERMASS)_PO # 1492,"SUPPLY OF INSS1440, INFS0812, SSHOOP 6-3",Firestop/ DC 315,Fire,15225,AED,Habib B.,Order
4828,Q-1192-F10865,FIRESTOP,04 Nov 2020,IQ,Safety W.,1064 &amp; 1065-SHAMKHA &amp; WATHBA -AIROLINK PROJECT-ABUDHABI#LPO 1490,SUPPLY OF INSS1186 5G PAIL,Firestop/ DC 315,Fire,14962.5,AED,Arun stephen ,Order
4829,Q-1192-F10864,FIRESTOP,04 Nov 2020,IQ,New S.E.,070-AL SAUD CO. LTD.QUSAIS# LPO 21643,"SUPPLY OF INSS1440, INFS0812",Firestop/ DC 315,Fire,2483.25,AED,Muhammad N.,Order
4830,Q-1192-F10863,FIRESTOP,04 Nov 2020,IQ,Al S.U.,"THE ISLAND DEVELOPMENT PROJECT, PLOT NO.: 3622792, DUBAI, UAE",SUPPLY OF MVL FIRESTOP MATERIALS,Firestop/ DC 315,Fire,422530.5,AED,Habib B.,Quotation
4831,Q-1192-F10862,FIRESTOP,04 Nov 2020,IQ,Omar A.N.,FIRESTOPPING PROJECT# LPO 001,SUPPLY OF INSS2460 WHITE,Firestop/ DC 315,Fire,5355,AED,Habib B.,Order
4832,RFQ-3550-V4290,MVL Nepal,04 Nov 2020,RFQ,Gorkha E.R.,"72036719F00003 - Nepal Community Reconstruction Program (NRCP) IDIQ Contract, Task Order For The Reconstruction Of Schools And Health Facilities In Sindhuli District Of Nepal",Fairface Brick,Building Materials,Various,637500,NPR, ,Order
4833,Q-1192-F10861,FIRESTOP,04 Nov 2020,IQ,Kasco p.D.,KASCO TOWER# LPO 508 R2,Supply Of Fire Stop Materials MEP,Firestop/ DC 315,Fire,1663.62,AED,Habib B.,Order
4834,Q-1192-F10860,FIRESTOP,04 Nov 2020,IQ,Dihong I.F.,FIRESTOPPING PROJECT,SUPPLY OF INSS2460,Firestop/ DC 315,Fire,609,AED,Raquel I.,Quotation
4835,Q-1192-F10859,FIRESTOP,03 Nov 2020,IQ,Al S.A.,1084 G+5P+16 #LPO P02 19564,SUPPLY OF INSS1440 600 ML,Firestop/ DC 315,Fire,1663.2,AED,Samar T.,Order
4836,Q-1192-F10858,FIRESTOP,03 Nov 2020,IQ,Jpm A.T.,"HPR J252 PROJECT (G+9), PLOT NO.: 6318845, HADAEQ SHEIK MOHD BIN RASHID, DUBAI# LPO JPM/MVL/026/2020",SUPPLY OF MVL-IL,Firestop/ DC 315,Fire,735,AED,Arun stephen ,Order
4837,RFQ-3550-V4288,MVL Nepal,03 Nov 2020,RFQ,Shivam T.,"72036719F00003 - Nepal Community Reconstruction Program (NRCP) IDIQ Contract, Task Order For The Reconstruction Of Schools And Health Facilities In Sindhuli District Of Nepal",Mahalaxmi Wires,Building Materials,Various,1460544,NPR, ,Order
4838,Q-1192-F10857,FIRESTOP,03 Nov 2020,IQ,Al F.C.,MEYDAN PROJECT,SUPPLY OF INSS1440 5G PAIL,Firestop/ DC 315,Fire,605.85,AED,Habib B.,Order
4839,Q-1192-F10856,FIRESTOP,03 Nov 2020,IQ,Extra C.I.,"ADNOC STATION , ABUDHABI PROJECT",SUPPLY OF INSS2460 BLACK,Firestop/ DC 315,Fire,4410,AED,Arun stephen ,Quotation
4840,Q-1192-F10855,FIRESTOP,03 Nov 2020,IQ,Al H.,"AL MAMSHA , BUILDING SS3 (B+G+7F+R), SHARJAH#AHJ-572# LPO 2004404",SUPPLY OF SSHOOP,Firestop/ DC 315,Fire,3307.5,AED,Samar T.,Order
4841,RFQ-1192-S9072,FIRESTOP,02 Nov 2020,RFQ,Sel C.R.,MVL Firestop - Avinash Padmashali,Nissan Sunny 2019,Subcontract,Services,1155,AED, ,Order
4842,Q-1192-F10854,FIRESTOP,02 Nov 2020,IQ,Al A.A.,FIRESTOPPING PROJECT,SUPPLY OF INSS1186 AND INSS2460,Firestop/ DC 315,Fire,70980,AED,Arun stephen ,Quotation
4843,Q-1192-F10853,FIRESTOP,02 Nov 2020,IQ,Kdh C.,FIRESTOPPING PROJECT,Supply Of Fire Stop Materials,Firestop/ DC 315,Fire,3297.51,USD,Gilbert J.,Quotation
4844,Q-1192-F10852,FIRESTOP,02 Nov 2020,IQ,Epoch I.L.,FIRESTOPPING PROJECT,SUPPLY OF FM011,Firestop/ DC 315,Fire,73500,AED,Raquel I.,Quotation
4845,RFQ-3550-V4287,MVL Nepal,02 Nov 2020,RFQ,Venus E.&.,"72036719F00003 - Nepal Community Reconstruction Program (NRCP) IDIQ Contract, Task Order For The Reconstruction Of Schools And Health Facilities In Sindhuli District Of Nepal",Retrofitting Work,Building Materials,Various,545120.31,NPR, ,Cancled
4846,Q-1192-F10851,FIRESTOP,02 Nov 2020,IQ,Engineering C.C.,Parkridg J363,SUPPLY OF DC360,Firestop/ DC 315,Fire,31500,AED,Habib B.,Quotation
4847,Q-1192-F10850,FIRESTOP,01 Nov 2020,IQ,Epoch I.L.,FIRESTOPPING PROJECT,"SUPPLY OF FM012, INSS1440, CFS01",Firestop/ DC 315,Fire,1958.25,AED,Raquel I.,Quotation
4848,Q-1192-F10849,FIRESTOP,01 Nov 2020,IQ,Al S.E.,"EM131 G+P+6+R RESIDENTIAL BLDG ON PLOT NO. 621-8561 WARSAN FIRST DUBAI, UAE _ PO # 011303",SUPPLY OF INSS1440 5G PAIL,Firestop/ DC 315,Fire,1101.02,AED,Arun stephen ,Order
4849,Q-1192-F10848,FIRESTOP,01 Nov 2020,IQ,Al S.E.,"EM-132-G+P+6+R RESIDENTIAL BUILDING, PLOT NO.: 6218562, WARSAN FIRST, DUBAI# LPO 011302",SUUPLY OF INSS1440,Firestop/ DC 315,Fire,550.51,AED,Arun stephen ,Order
4850,Q-1192-F10772A,FIRESTOP,01 Nov 2020,IQ,Dubai P.L.,190251#LPO 55544,SUPPLY OF INSS1186,Firestop/ DC 315,Fire,8400,AED,Arun stephen ,Order
4851,Q-1192-F10620D,FIRESTOP,01 Nov 2020,IQ,International H.C.,Saudi German Hospital &ndash; Extension Barsha III &ndash; Dubai,SUPPLY OF INFS0812,Firestop/ DC 315,Fire,1008,AED,Habib B.,Order
4852,Q-1192-F10847,FIRESTOP,01 Nov 2020,IQ,Al T.T.,2211 # LPO 15030,SUPPLY OF INSS2460 BLACK,Firestop/ DC 315,Fire,12180,AED,Arun stephen ,Order
4853,RFQ-2952-S9072,MACRO,28 Oct 2020,RFQ,Metron I.,QTR-168 W912D218F1837 CAS High Bay LED Retrofit,Additional Lights,Subcontract,Services,20000,USD, ,Order
4854,Q-1192-F10846,FIRESTOP,28 Oct 2020,IQ,Jpm A.T.,"HPR J252 PROJECT (G+9), PLOT NO.: 6318845, HADAEQ SHEIK MOHD BIN RASHID, DUBAI# LPO JPM/MVL/025/2020",Supply Of Fire Stop Materials,Firestop/ DC 315,Fire,2856,AED,Arun stephen ,Order
4855,Q-1192-F10844,FIRESTOP,28 Oct 2020,IQ,Kasco p.D.,KASCO TOWER # LPO 504,"SUPPLY OF INSS1440, INFS0812",Firestop/ DC 315,Fire,976.08,AED,Habib B.,Order
4856,RFQ-1569-V4387,MACRO,27 Oct 2020,RFQ,Perfect P.B.,NIP - Macro Vantage Levant DMCC,PRO Service For NIP Trade License Registration,Misc.,Various,7350,AED, ,Cancled
4857,Q-1192-F10843,FIRESTOP,27 Oct 2020,IQ,Grand S.B.,FIRESTOPPING PROJECT,Supply Of Fire Stop Materials,Firestop/ DC 315,Fire,7783.65,AED,Hani K.,Quotation
4858,Q-1192-F10842,FIRESTOP,26 Oct 2020,IQ,Al Q.G.,1176-B+G+4+R-AL MURAQQABAT # LPO NO.102002559 REV 01,SUPPLY OF INSS1440 5G PAIL,Firestop/ DC 315,Fire,2037,AED,Muhammad N.,Order
4859,Q-1005-L4116,MACRO,26 Oct 2020,IQ,Metron I.,ORD-2797-A5201-1 Inspection For Fire &amp; Non-Fire Rated Doors &amp; Hardware-Metron Order FPT2,ORD-2797-A5201-1 Inspection For Fire &amp; Non-Fire Rated Doors &amp; Hardware-Metron Order,Transportation,Logistics,1808,USD, ,Order
4860,RFQ-2394-V4257,MACRO,26 Oct 2020,RFQ,Foshan S.E.,W5J9JE-18-C-0003 FEMALE POLICE TOWN PHASE I,(AKCC SPARES) - FILTERS FOR PTAC,Building Materials,Various,1077,USD, ,Order
4861,Q-1192-F10841,FIRESTOP,26 Oct 2020,IQ,Code T.S.,Saudi Electricity Company,SUPPLY OF DC6150,Firestop/ DC 315,Fire,5325,USD,Raquel I.,Quotation
4862,Q-1192-F10840,FIRESTOP,25 Oct 2020,IQ,Al H.A.,FIRESTOPPING PROJECT,SUPPLY OF ALS 430,Firestop/ DC 315,Fire,33075,AED,Habib B.,Quotation
4863,Q-1192-F10839,FIRESTOP,25 Oct 2020,IQ,Jpm A.T.,UKRAINE PAVILION EXPO PROJECT # LPO JPM/MVL/024/2020,"SUPPLY OF FM011, D64",Firestop/ DC 315,Fire,1018.5,AED,Arun stephen ,Order
4864,Q-1192-F10620C,FIRESTOP,25 Oct 2020,IQ,International H.C.,Saudi German Hospital &ndash; Extension Barsha III &ndash; Dubai,SUPPLY OF INFS0812,Firestop/ DC 315,Fire,1008,AED,Habib B.,Order
4865,Q-1192-F10838,FIRESTOP,22 Oct 2020,IQ,Mohd.rashel K.P.,PRIVATE VILLA IN ABUDHABI,SUPPLY OF INSS2460 BLACK,Firestop/ DC 315,Fire,680.4,AED,Muhammad N.,Order
4866,Q-1192-F10837,FIRESTOP,22 Oct 2020,IQ,Al A.C.,Aqua Raffles - KSA-Jeddah,SUPPLY OF MVL FIRESTOP MATERIALS,Firestop/ DC 315,Fire,1539.3,AED,Raquel I.,Quotation
4867,Q-1192-F10836,FIRESTOP,22 Oct 2020,IQ,Collyer E.,BANGLADESH PROJECT,SUPPLY OF ESSCOAT,Firestop/ DC 315,Fire,60000,AED,Samar T.,Quotation
4868,Q-1192-F10835,FIRESTOP,22 Oct 2020,IQ,Jpm A.T.,ESPLANADE- AL BARSHA # LPO JPM/MVL/023/2020,"SUPPLY OF INFS0812,D64,INSS1440",Firestop/ DC 315,Fire,4903.5,AED,Muhammad N.,Order
4869,Q-1192-F10816B,FIRESTOP,22 Oct 2020,IQ,Al R.A.,JOB 531 # LPO 771,SUPPLY OF INSS2460 BLACK,Firestop/ DC 315,Fire,5460,AED,Samar T.,Order
4870,Q-1192-F10816A,FIRESTOP,21 Oct 2020,IQ,Al R.A.,JOB 533#LPO 770,SUPPLY OF INSS2460 BLACK,Firestop/ DC 315,Fire,1092,AED,Samar T.,Order
4871,Q-1192-F10834,FIRESTOP,21 Oct 2020,IQ,Yousif G.C.,Deleika Al Khazna#LPO 9275,"SUPPLY OF INSS1440, INFS0812",Firestop/ DC 315,Fire,850.5,AED,Samer H.,Order
4872,Q-1192-F10833,FIRESTOP,21 Oct 2020,IQ,General C.C.,"G+1P+8 TYPICAL FLOORS + ROOF  RESIDENTIAL BUILDING ON PLOT NO.6854461 , DUBAI PRODUCTION CITY",Supply Of Fire Stop Materials - CIVIL,Firestop/ DC 315,Fire,40950,AED,Muhammad N.,Quotation
4873,Q-1192-F10832,FIRESTOP,21 Oct 2020,IQ,Al F.C.,AFC 131-MEYDAN PROJECT,SUPPLY OF INSS1440 &amp; D64,Firestop/ DC 315,Fire,631.05,AED,Habib B.,Order
4874,Q-1192-F10831,FIRESTOP,21 Oct 2020,IQ,Rawabi A.G.,"G+M+4 TYP. FLOOR+R RESIDENTIAL BUILDING, PLOT NO.: C23, ABU DHABI ISLAND, ABU DHABI",Supply Of Fire Stop Materials MEP,Firestop/ DC 315,Fire,15813,AED,Habib B.,Quotation
4875,Q-1192-F10830,FIRESTOP,21 Oct 2020,IQ,Rawabi A.G.,"G+M+4 TYP. FLOOR+R RESIDENTIAL BUILDING, PLOT NO.: C23, ABU DHABI ISLAND, ABU DHABI",Supply Of Fire Stop Materials - CIVIL,Firestop/ DC 315,Fire,14427,AED,Habib B.,Quotation
4876,Q-1192-F10829,FIRESTOP,20 Oct 2020,IQ,Tyss I.C.,Shoaibah PP (SEC/Saudi Arabia),SUPPLY OF DC6150,Firestop/ DC 315,Fire,5325,USD,Raquel I.,Quotation
4877,Q-1192-F10828,FIRESTOP,20 Oct 2020,IQ,Gas A.S.,Saudi Electricity_Najran  Power Plan,SUPPLY OF DC6150,Firestop/ DC 315,Fire,5325,USD,Raquel I.,Quotation
4878,Q-1192-F10827,FIRESTOP,20 Oct 2020,IQ,Globsol E.M.,PROJECT FOR SAUDI ELECTRICITY COMPANY,SUPPLY OF DC6150,Firestop/ DC 315,Fire,5325,USD,Raquel I.,Quotation
4879,RFQ-2797-S9086,MACRO,20 Oct 2020,RFQ,Tatekan C.C.,"(FPT2) W5J9JE18C0008 AFGHANISTAN NATIONAL POLICE (ANP) WOMEN&rsquo;S PARTICIPATION PROGRAM, POLICE TOWN PHASE II",RFI-0012 Additional Doors For PCF Room  208 And 212,Subcontract,Services,3320,USD, ,Order
4880,Q-1005-L4115,MACRO,20 Oct 2020,IQ,Metron I.,"Transportation Of Multisplit AC Units FOB Ningbo To FPT2 Kabul, Afghanistan","Transportation Of Multisplit AC Units FOB Ningbo To FPT2 Kabul, Afghanistan",Transportation,Logistics,31488,USD, ,Order
4881,Q-1192-F10820A,FIRESTOP,19 Oct 2020,IQ,New S.E.,56-AL BADAA # LPO 21497,SUPPLY OF SSHOOP,Firestop/ DC 315,Fire,3780,AED,Muhammad N.,Order
4882,RFQ-3742-V4256A,"MVL USA, INC",19 Oct 2020,RFQ,Staines I.G.,W912ER-19-C-0018 Care And Preservation Vehicle Maintenance Facility,Supply And Installation Of Metal Wall And Roof,Building Materials,Various,655635.69,USD, ,Order
4883,Q-1192-F10826,FIRESTOP,19 Oct 2020,IQ,Faisal S.A.,Saudi Electricity Company &ndash; Najran Power Plan PO # SSQ-M-PO-20-0191,SUPPLY OF DC6150,Firestop/ DC 315,Fire,4950,USD,Raquel I.,Order
4884,Q-1005-A5210,MACRO,18 Oct 2020,IQ,Tatekan C.,Supply &amp; Delivery Of Rolling Counter Door - FPT 2,Supply &amp; Delivery Of Rolling Counter Door - FPT 2,Doors,Architectural,19280,USD,Mahesh B.,Quotation
4885,Q-1192-F10809A,FIRESTOP,18 Oct 2020,IQ,Jpm A.T.,AUSTRALIAN PAVILION # LPO JPM/MVL/022/2020,SUPPLY OF SSHOOP&amp;INSS1440,Firestop/ DC 315,Fire,3769.5,AED,Arun stephen ,Order
4886,Q-1192-F10823,FIRESTOP,18 Oct 2020,IQ,Al F.C.,"Azizi Apartments @ Al Furjan Plot 34A-35B, Dubai#LPO16076","SUPPLY OF INSS1440, SSHOOP, D64 &amp; D120",Firestop/ DC 315,Fire,7581,AED,Muhammad N.,Order
4887,Q-1192-F10822,FIRESTOP,18 Oct 2020,IQ,Al M.C.,"1BF+GF+MF+TYPICAL FLOORS (3 NOS)+RF COMMERCIAL BUILDING, PLOT NO.: C171, Al SHAHAMA, ABU DHABI",Supply Of Fire Stop Materials MEP,Firestop/ DC 315,Fire,30350.25,AED,Habib B.,Quotation
4888,Q-1192-F10821,FIRESTOP,18 Oct 2020,IQ,Al M.C.,"1BF+GF+MF+TYPICAL FLOORS (3 NOS)+RF COMMERCIAL BUILDING, PLOT NO.: C171, Al SHAHAMA, ABU DHABI",Supply Of Fire Stop Materials - CIVIL,Firestop/ DC 315,Fire,6037.5,AED,Habib B.,Quotation
4889,RFQ-2394-E6805,MACRO,18 Oct 2020,RFQ,Tic L.E.,W5J9JE-18-C-0003 FEMALE POLICE TOWN PHASE I,(AKCC SPARES) - BROAN AND AVENGER SPARES,Electrical,Electrical,1539.21,USD, ,Order
4890,Q-1192-F10820,FIRESTOP,15 Oct 2020,IQ,New S.E.,56-AL BADAA # LPO 21478,SUPPLY OF INFS0812 AND INSS1440,Firestop/ DC 315,Fire,4205.25,AED,Muhammad N.,Order
4891,RFQ-2797-V4258,MACRO,15 Oct 2020,RFQ,Abdullah M.E.,W5J9JE18C0008 &ndash; MOI COMPLEX FEMALE POLICE TOWN PHASE II,Grounding And Lightening Protection System Materials,Building Materials,Various,23317.61,USD, ,Order
4892,RFQ-3550-V4286,MVL Nepal,14 Oct 2020,RFQ,Gorkha E.R.,"72036719F00003 - Nepal Community Reconstruction Program (NRCP) IDIQ Contract, Task Order For The Reconstruction Of Schools And Health Facilities In Sindhuli District Of Nepal",Gorkha Chinese Bricks,Building Materials,Various,61996.32,NPR, ,Order
4893,RFQ-2394-E6804,MACRO,14 Oct 2020,RFQ,Guangdong Y.O.,W5J9JE-18-C-0003 FEMALE POLICE TOWN PHASE I,FPT1 (AKCC SPARES) - NORMAL AND EMERGENCY ELECTRONIC BALLASTS,Electrical,Electrical,2018,USD, ,Order
4894,Q-1192-F10819,FIRESTOP,14 Oct 2020,IQ,Bahrain &.E.,"Shaml Mid-Rise Residential Bldg, Plot No. JVC14G MRP004 Dubai UAE PO # GO/128/SUP/CON/045D",SUPPLY OF SSHOOP &amp; D120,Firestop/ DC 315,Fire,1627.5,AED,Habib B.,Order
4895,Q-1192-F10818,FIRESTOP,13 Oct 2020,IQ,Jpm A.T.,"HPR J252 PROJECT (G+9), PLOT NO.: 6318845, HADAEQ SHEIK MOHD BIN RASHID, DUBAI# LPO JPM/MVL/021/2020","SUPPLY OF SSHOOP, INFS0812",Firestop/ DC 315,Fire,6684.3,AED,Arun stephen ,Order
4896,Q-1192-F10817,FIRESTOP,13 Oct 2020,IQ,Tufpanel ,FIRESTOPPING PROJECT,SUPPLY OF INSS2460 BLACK,Firestop/ DC 315,Fire,15309,AED,Habib B.,Quotation
4897,RFQ-3550-V4285,MVL Nepal,13 Oct 2020,RFQ,New B.T.,"72036719F00003 - Nepal Community Reconstruction Program (NRCP) IDIQ Contract, Task Order For The Reconstruction Of Schools And Health Facilities In Sindhuli District Of Nepal",Rebar,Building Materials,Various,1125480,NPR, ,Order
4898,RFQ-3550-V4284,MVL Nepal,13 Oct 2020,RFQ,J.m.t. G.P.,"72036719F00003 - Nepal Community Reconstruction Program (NRCP) IDIQ Contract, Task Order For The Reconstruction Of Schools And Health Facilities In Sindhuli District Of Nepal",Cement OPC Hongshi Cement,Building Materials,Various,2050017.75,NPR, ,Order
4899,Q-1192-F10816,FIRESTOP,12 Oct 2020,IQ,Al R.A.,JOB 533#LPO 763,SUPPLY OF INSS2460 BLACK,Firestop/ DC 315,Fire,546,AED,Samar T.,Order
4900,Q-1192-F10815,FIRESTOP,12 Oct 2020,IQ,Al H.,FIRESTOPPING PROJECT,Supply Of Fire Stop Materials,Firestop/ DC 315,Fire,41832,AED,Samar T.,Quotation
4901,Q-1005-V7028,MACRO,12 Oct 2020,IQ,Tatekan C.,Supply &amp; Delivery Of Water Bubbler(Drinking Fountain)-FPT 2,Supply &amp; Delivery Of Water Bubbler(Drinking Fountain)-FPT 2,Building Materials,Various,14992,USD, ,Quotation
4902,Q-1005-M7040,MACRO,12 Oct 2020,IQ,Tatekan C.,Supply &amp; Delivery Of Air Handling &amp; Condensing Units-FPT 2,Supply &amp; Delivery Of Air Handling &amp; Condensing Units-FPT 2,Mechanical Items,Mechanical,224580,USD,Mahesh B.,Quotation
4903,Q-1192-F10814,FIRESTOP,12 Oct 2020,IQ,Joseph P.&.,ADNOC Petrol Station - Al Mughaider Sharjah # LPO 107080,SUPPLY OF INSS2460 BLACK,Firestop/ DC 315,Fire,2168.25,AED,Samar T.,Order
4904,Q-1192-F10813,FIRESTOP,12 Oct 2020,IQ,Al H.,"AL MAMSHA , BUILDING SS3 (B+G+7F+R), SHARJAH",SUPPLY OF SSHOOP,Firestop/ DC 315,Fire,94.5,AED,Samar T.,Quotation
4905,Q-1192-F10812,FIRESTOP,12 Oct 2020,IQ,Al H.,"AL MAMSHA , BUILDING SS3 (B+G+7F+R), SHARJAH#AHJ-572# LPO 2004356",SUPPLY OF INSS1440,Firestop/ DC 315,Fire,9172.8,AED,Samar T.,Order
4906,Q-1005-M7039,MACRO,11 Oct 2020,IQ,Tatekan C.,Supply &amp; Delivery Of Packaged Terminal AC Units(PTAC)-FPT 2,Supply &amp; Delivery Of Packaged Terminal AC Units(PTAC)-FPT 2,Mechanical Items,Mechanical,121634,USD,Mahesh B.,Order
4907,Q-2623-V4351,MACRO,11 Oct 2020,IQ,Tatekan C.,"W5J9JE18C0007 - ANA-17-026, Kabul National Military Hospital (KNMH) Consolidated Morgue And Visitation Center,  Kabul, Afghanistan",FINANCIAL AID (2%) FOR PROCURING MATERIALS,Misc.,Various,14675.83,USD, ,Order
4908,RFQ-3550-V4283,MVL Nepal,11 Oct 2020,RFQ,Shivam T.,"72036719F00003 - Nepal Community Reconstruction Program (NRCP) IDIQ Contract, Task Order For The Reconstruction Of Schools And Health Facilities In Sindhuli District Of Nepal",Various Building Materials - Kapilakot,Building Materials,Various,1845855,NPR, ,Order
4909,RFQ-3550-V4282,MVL Nepal,11 Oct 2020,RFQ,Shivam T.,"72036719F00003 - Nepal Community Reconstruction Program (NRCP) IDIQ Contract, Task Order For The Reconstruction Of Schools And Health Facilities In Sindhuli District Of Nepal",Jagdamba E 500,Building Materials,Various,414122.41,NPR, ,Order
4910,Q-1192-F10811,FIRESTOP,11 Oct 2020,IQ,Beaver G.C.,"D17-85D, PORT DE LA MER APARTMENTS, PLOT 3-PHASE 2, MAIN CONSTRUCTION WORK",Supply Of FP05,Firestop/ DC 315,Fire,131.25,AED,M.hassan ,Quotation
4911,Q-1192-F10810,FIRESTOP,11 Oct 2020,IQ,Al Q.G.,1189-UG+G+4P+14F+R-GARGASH- DXB #LPO 102002441,SUPPLY OF INSS1186,Firestop/ DC 315,Fire,9975,AED,Muhammad N.,Order
4912,Q-1192-F10809,FIRESTOP,11 Oct 2020,IQ,Jpm A.T.,AUSTRALIAN PAVILION # LPO JPM/MVL/019/2020,SUPPLY OF D120,Firestop/ DC 315,Fire,294,AED,Arun stephen ,Order
4913,Q-1192-F10808,FIRESTOP,11 Oct 2020,IQ,Jpm A.T.,ESPLANADE- AL BARSHA # LPO JPM/MVL/020/2020,SUPPLY OF INSS1186 &amp; D64,Firestop/ DC 315,Fire,2840.25,AED,Muhammad N.,Order
4914,Q-1192-F10807,FIRESTOP,11 Oct 2020,IQ,Al R.A.,JOB 531 # 758,SUPPLY OF INSS2460 BLACK,Firestop/ DC 315,Fire,5460,AED,Samar T.,Order
4915,Q-1192-F10806,FIRESTOP,08 Oct 2020,IQ,Alif T.&.,FIRESTOPPING PROJECT,SUPPLY OF INSS2460,Firestop/ DC 315,Fire,11760,AED,Raquel I.,Quotation
4916,Q-1192-F10805,FIRESTOP,08 Oct 2020,IQ,Collyer E.,FIRESTOPPING PROJECT,SUPPLY OF DC6150,Firestop/ DC 315,Fire,1300,AED,Samar T.,Quotation
4917,Q-1192-F10804,FIRESTOP,08 Oct 2020,IQ,Al T.T.,FIRESTOPPING PROJECT,INSS2460 GREY,Firestop/ DC 315,Fire,30.45,AED,Arun stephen ,Quotation
4918,RFQ-2394-S9090,MACRO,08 Oct 2020,RFQ,Sohail M.C.,FPT1,"RFP-0008 KB018, Gas And Power Meters",Subcontract,Services,85000.5,USD, ,Order
4919,Q-1192-F10803,FIRESTOP,08 Oct 2020,IQ,Al B.C.,"COMMERCIAL &amp; RESI.BLDG. G+3P+16 TYPICAL FLOOR ,PLOT: JVC18TCP010B, JUMERIAH VILLAGE CIRCLE, DUBAI",SUPPLY OF INFS0812,Firestop/ DC 315,Fire,2912.7,AED,Muhammad N.,Order
4920,Q-1192-F10802,FIRESTOP,07 Oct 2020,IQ,International H.C.,Saudi German Hospital &ndash; Extension Barsha III &ndash; Dubai,SUPPLY OF INSS2460,Firestop/ DC 315,Fire,58.8,AED,Habib B.,Quotation
4921,Q-1192-F10801,FIRESTOP,07 Oct 2020,IQ,Atcon C.L.,"P101-THE COMMUNITY B + G + 4P + 25 FLOORS + ROOF , JVT , DUBAI , UAE# LPO 4671",Supply Of Fire Stop Materials - CIVIL,Firestop/ DC 315,Fire,79390.5,AED,Muhammad N.,Order
4922,Q-1192-F10800,FIRESTOP,07 Oct 2020,IQ,Zein S.C.,"G+8 RESIDENTIAL BUILDING+ROOF GYM, AL BARSHA SOUTH, DUBAI# LPO 875/2020",SUPPLY OF INSS2460 DARK GREY,Firestop/ DC 315,Fire,1155,AED,Habib B.,Order
4923,Q-1192-F10799,FIRESTOP,07 Oct 2020,IQ,Five S.G.,"NEW G+M+3+R+TR COMMERCIAL BUILDING ON SECTOR BANIYAS EAST 2-3, PLOT C19, ABU DHABI",Supply Of Fire Stop Materials - CIVIL,Firestop/ DC 315,Fire,20370,AED,Habib B.,Quotation
4924,Q-1192-F10798,FIRESTOP,07 Oct 2020,IQ,Five S.G.,"PROPOSED NEW G+M+3+R+TR COMMERCIAL BUILDING ON SECTOR BANIYAS EAST 2-3, PLOT C19, ABU DHABI",Supply Of Fire Stop Materials MEP,Firestop/ DC 315,Fire,41758.5,AED,Habib B.,Quotation
4925,Q-1192-F10797,FIRESTOP,07 Oct 2020,IQ,General C.C.,"G+1P+8 TYPICAL FLOORS + ROOF  RESIDENTIAL BUILDING ON PLOT NO.: 6854461, DUBAI PRODUCTION CITY",Supply Of Fire Stop Materials MEP,Firestop/ DC 315,Fire,90982.5,AED,Muhammad N.,Quotation
4926,Q-1192-F10796,FIRESTOP,06 Oct 2020,IQ,Reem C.C.,ANCHOR BOLTS,SUPPLY OF CHEMICAL ANCHOR MOH,Firestop/ DC 315,Fire,47.25,AED,Samar T.,Quotation
4927,Q-1192-F10795,FIRESTOP,06 Oct 2020,IQ,Nascon E.L.,FIRESTOPPING PROJECT,Supply Of Fire Stop Materials,Firestop/ DC 315,Fire,0,AED,Arun stephen ,Quotation
4928,Q-1192-F10794,FIRESTOP,06 Oct 2020,IQ,Rimal I.S.,Sea World Project,Supply Of INSS1440 And INSS0285,Firestop/ DC 315,Fire,113557.5,AED,Habib B.,Quotation
4929,Q-1192-F10793,FIRESTOP,06 Oct 2020,IQ,Jpm A.T.,"HPR J252 PROJECT (G+9), PLOT NO.: 6318845, HADAEQ SHEIK MOHD BIN RASHID, DUBAI# LPO JPM/MVL/018/2020","SUPPLY OF INFS0812,SSHOOP",Firestop/ DC 315,Fire,1262.1,AED,Arun stephen ,Order
4930,Q-1192-F10792,FIRESTOP,05 Oct 2020,IQ,Lime L.R.,"Lime Light Twin Tower, Sports City",SUPPLY OF INSS2460 BLACK,Firestop/ DC 315,Fire,44887.5,AED,Habib B.,Order
4931,Q-1192-F10791,FIRESTOP,05 Oct 2020,IQ,Ms C.L.,ANCHOR BOLTS,SUPPLY OF MOPUR3585,Firestop/ DC 315,Fire,89.25,AED,Habib B.,Quotation
4932,Q-1192-F10790,FIRESTOP,05 Oct 2020,IQ,Drc I.E.,"PRUDENTIAL TOWER - 1, 1B + G + M + 3P + 27 + ROOF , COMMER. &amp; RESID. BUILDING JUMEIRAH VILLAGE, DUBAI",Supply Of Fire Stop Materials MEP,Firestop/ DC 315,Fire,221621.41,AED,Arun stephen ,Quotation
4933,RFQ-3550-V4281,MVL Nepal,05 Oct 2020,RFQ,Shivam T.,"72036719F00003 - Nepal Community Reconstruction Program (NRCP) IDIQ Contract, Task Order For The Reconstruction Of Schools And Health Facilities In Sindhuli District Of Nepal",Supply And Installation Of Fire Rated Door,Building Materials,Various,6055000,NPR, ,Cancled
4934,RFQ-3550-V4280,MVL Nepal,05 Oct 2020,RFQ,Shivam T.,"72036719F00003 - Nepal Community Reconstruction Program (NRCP) IDIQ Contract, Task Order For The Reconstruction Of Schools And Health Facilities In Sindhuli District Of Nepal",UPVC DOORS AND WINDOWS,Building Materials,Various,10654785,NPR, ,Order
4935,Q-1192-F10789,FIRESTOP,04 Oct 2020,IQ,Efs E.L.,FIRESTOPPING PROJECT,SUPPLY OF MVL FIRESTOP MATERIALS,Firestop/ DC 315,Fire,2920.78,USD,Raquel I.,Quotation
4936,RFQ-1569-V4386,MACRO,04 Oct 2020,RFQ,Tire A.,MACRO VANTAGE LEVANT DMCC,GOOD YEAR TIRE 185 65 R 15 8 UNITS (FOR SUNNY AND ALI VEHICLE,Misc.,Various,1300,AED, ,Order
4937,Q-1192-F10788,FIRESTOP,04 Oct 2020,IQ,Al Q.G.,1144-G+50; GATE TOWER #LPO 102002371 R01,SUPPLY OF INSS1186,Firestop/ DC 315,Fire,31920,AED,Muhammad N.,Order
4938,RFQ-3550-V4279,MVL Nepal,04 Oct 2020,RFQ,Shivam T.,"72036719F00003 - Nepal Community Reconstruction Program (NRCP) IDIQ Contract, Task Order For The Reconstruction Of Schools And Health Facilities In Sindhuli District Of Nepal",Sanitary And Fittings,Building Materials,Various,0,NPR, ,Cancled
4939,Q-1192-F10787,FIRESTOP,04 Oct 2020,IQ,Frayland L.C.,"JS252, 2B+G+14 AL THANIYAH, BARSHA","SUPPLY OF INSS1440, INFS0812, SSHOOP, D64,FP05",Firestop/ DC 315,Fire,74079.18,AED,Habib B.,Quotation
4940,RFQ-3550-E6803,MVL Nepal,04 Oct 2020,RFQ,Heritage N.,"72036719F00003 - Nepal Community Reconstruction Program (NRCP) IDIQ Contract, Task Order For The Reconstruction Of Schools And Health Facilities In Sindhuli District Of Nepal",LEGERO LIGHTS,Electrical,Electrical,783191.69,NPR, ,Order
4941,Q-1192-F10786,FIRESTOP,01 Oct 2020,IQ,Jpm A.T.,"HPR-PROJECT (G+9),PLOT NO:6318845, HADEEQ SHEIKH MOHD BIN RASHID-DUBAI# LPO Jpm/MvL/017/2020","SUPPLY OF INSS1440, INFS0812",Firestop/ DC 315,Fire,6142.5,AED,Arun stephen ,Order
4942,Q-1192-F10785,FIRESTOP,01 Oct 2020,IQ,Jpm A.T.,AUSTRALIAN PAVILION # LPO JPM/MVL/016/2020,"SUPPLY OF FM011,D120",Firestop/ DC 315,Fire,560.7,AED,Arun stephen ,Order
4943,RFQ-3550-E6802,MVL Nepal,01 Oct 2020,RFQ,Prime C.I.,"72036719F00003 - Nepal Community Reconstruction Program (NRCP) IDIQ Contract, Task Order For The Reconstruction Of Schools And Health Facilities In Sindhuli District Of Nepal",Supply Of Prime Cables And Wires,Electrical,Electrical,1034614.69,NPR, ,Cancled
4944,RFQ-3550-A5201,MVL Nepal,01 Oct 2020,RFQ,Parth I.P.,"72036719F00003 - Nepal Community Reconstruction Program (NRCP) IDIQ Contract, Task Order For The Reconstruction Of Schools And Health Facilities In Sindhuli District Of Nepal",FIRE RATED DOORS,Doors,Architectural,939627.69,NPR, ,Order
4945,Q-1192-F10784,FIRESTOP,01 Oct 2020,IQ,Luxurious C.A.,PROPOSE SHOWROOMS (G+M) ON PLOT  NUMBER 3/3511 MULK -3686 GOV. AT STORAGE LAND AREA AL SHARJAH FOR MR. AL SAYED ABDULLA AL SAYED MOHAMMED AL HASHEMI_PO # LX155/LPO/20/8155,SUPPLY OF INSS2460,Firestop/ DC 315,Fire,9135,AED,Raquel I.,Order
4946,Q-1192-F10760B,FIRESTOP,01 Oct 2020,IQ,Zein S.C.,"G+8 RESIDENTIAL BUILDING+ROOF GYM, AL BARSHA SOUTH, DUBA# LPO 843",SUPPLY OF INSS2460 DARK GREY,Firestop/ DC 315,Fire,577.5,AED,Habib B.,Order
4947,Q-1192-F10783,FIRESTOP,01 Oct 2020,IQ,Jumairah L.I.,1814 G+M+1 WAREHOUSE= OFFICES SBB # LPO JLI/2020/454,SUPPLY OF INSS2460 BLACK,Firestop/ DC 315,Fire,2887.5,AED,Samar T.,Order
4948,RFQ-1192-F10782,FIRESTOP,01 Oct 2020,RFQ,International F.T.,MVL Firestop,"NON HAZARDOUS - Water Based Fireproof  Paint, DC315, White Color, 5 Gallon Per  Pail , Toatl 110pails",Firestop/ DC 315,Fire,18200,USD, ,Order
4949,RFQ-1569-V4262,MACRO,01 Oct 2020,RFQ,Aptec A.P.,Al Jaddaf Plot,Pylon To Let Sign Printing And Fixing,Building Materials,Various,4500,AED, ,Order
4950,RFQ-3550-E6800,MVL Nepal,30 Sep 2020,RFQ,Avone S.&.,"72036719F00003 - Nepal Community Reconstruction Program (NRCP) IDIQ Contract, Task Order For The Reconstruction Of Schools And Health Facilities In Sindhuli District Of Nepal",SUPPLY OF ELECTRICAL PANELS,Electrical,Electrical,683650,NPR, ,Order
4951,Q-1192-F10781,FIRESTOP,30 Sep 2020,IQ,Reem C.C.,"RC-15, ANWA - Residential Building - Ground Floor + 4 Podium + 44 Floors + Roof.",SUPPLY OF INSS1186,Firestop/ DC 315,Fire,630,AED,Samar T.,Quotation
4952,Q-1192-F10780,FIRESTOP,30 Sep 2020,IQ,Nascon E.L.,"Reva Damac, Business Bay # LPO 1657-20 Rev 1",SUPPLY OF INSS1440 5G PAIL,Firestop/ DC 315,Fire,4209.94,AED,Arun stephen ,Order
4953,Q-1192-F10760A,FIRESTOP,30 Sep 2020,IQ,Zein S.C.,"G+8 RESIDENTIAL BUILDING+ROOF GYM, AL BARSHA SOUTH, DUBA # LPO 840",SUPPLY OF INSS2460 DARK GREY,Firestop/ DC 315,Fire,2887.5,AED,Habib B.,Order
4954,Q-1192-F10779,FIRESTOP,29 Sep 2020,IQ,Ezz-al B.C.,SAUDI PROJECT-HILTON JIZAN HOTEL,"SUPPLY OF INSS1186,2460,FB01-15",Firestop/ DC 315,Fire,174,USD,Samar T.,Quotation
4955,Q-1192-F10778,FIRESTOP,29 Sep 2020,IQ,Al O.C.,224 BLOOM TOWERS HEIGHTS G+4P+2TOWERS_29 &amp; 24TH FLOOR_PO # 102001001,SUPPLY OF INFS0812 AND INSS1186,Firestop/ DC 315,Fire,13860,AED,Habib B.,Order
4956,Q-1192-F10777,FIRESTOP,29 Sep 2020,IQ,Al R.A.,JOB 531 # LPO 744,SUPPLY OF INSS2460 BLACK,Firestop/ DC 315,Fire,13650,AED,Samar T.,Order
4957,RFQ-1192-V4306,FIRESTOP,29 Sep 2020,RFQ,Fujairah R.F.,MVL Firestop,SLAB WITHOUT FACING (SXXX) 50MM 1.2MTRX.6MTR 500 SHEETS OR 360 SQM-FRF-4201921,Building Materials,Various,4921.56,AED, ,Order
4958,Q-1192-F10776B,FIRESTOP,29 Sep 2020,IQ,Nascon E.L.,AYKON CITY- BUSINESS BAY # LPO 2493-20,"SUPPLY OF INSS1440, INFS0812",Firestop/ DC 315,Fire,19040.43,AED,Arun stephen ,Order
4959,Q-1192-F10776A,FIRESTOP,29 Sep 2020,IQ,Nascon E.L.,AYKON CITY- BUSINESS BAY # LPO 2492-20,"SUPPLY OF INSS1440, INFS0812",Firestop/ DC 315,Fire,21671.63,AED,Arun stephen ,Order
4960,Q-1192-F10776,FIRESTOP,29 Sep 2020,IQ,Nascon E.L.,AYKON CITY- BUSINESS BAY # LPO 2491-20,"SUPPLY OF INSS1440, INFS0812",Firestop/ DC 315,Fire,21671.63,AED,Arun stephen ,Order
4961,RFQ-2394-V4256,MACRO,28 Sep 2020,RFQ,R.a.k. C.,W5J9JE-18-C-0003 FEMALE POLICE TOWN PHASE I,(AKCC SPARES) - CERAMIC TILES,Building Materials,Various,2942.94,AED, ,Order
4962,Q-1192-F10775,FIRESTOP,28 Sep 2020,IQ,Aluminium &.L.,G0193 Mirdif Hospital Project,SUPPLY OF INSS0285,Firestop/ DC 315,Fire,28.35,AED,Samar T.,Quotation
4963,Q-1192-F10774,FIRESTOP,28 Sep 2020,IQ,New S.E.,070-AL SAUD CO. LTD.QUSAIS# LPO 21255,SUPPLY OF D120&amp; CFS01,Firestop/ DC 315,Fire,2677.5,AED,Muhammad N.,Order
4964,Q-1192-F10773,FIRESTOP,28 Sep 2020,IQ,Arki G.D.,EXPO 2020 DUBAI JAPAN PAVILION PROJECT_PO #947,SUPPLY OF INSS1440 5G PAIL,Firestop/ DC 315,Fire,1554,AED,Habib B.,Order
4965,Q-1192-F10772,FIRESTOP,28 Sep 2020,IQ,Dubai P.L.,190251#LPO 55397,SUPPLY OF INSS1186,Firestop/ DC 315,Fire,6300,AED,Arun stephen ,Order
4966,Q-1192-F10770,FIRESTOP,27 Sep 2020,IQ,Al T.T.,2206 # LPO 14971,SUPPLY OF INSS2460 BLACK,Firestop/ DC 315,Fire,12180,AED,Arun stephen ,Order
4967,Q-1192-F10769,FIRESTOP,27 Sep 2020,IQ,Saudi N.S.,KSA PROJECT,SUPPLY OF DC315,Firestop/ DC 315,Fire,27500,USD,Raquel I.,Order
4968,Q-1192-F10768,FIRESTOP,27 Sep 2020,IQ,Ezz-al B.C.,SAUDI PROJECT-HILTON JIZAN HOTEL,SUPPLY OF INSS1186,Firestop/ DC 315,Fire,56.73,USD,Samar T.,Quotation
4969,RFQ-2394-M4103,MACRO,27 Sep 2020,RFQ,Intercool C.A.,W5J9JE-18-C-0003 FEMALE POLICE TOWN PHASE I,(AKCC SPARES) SPRINKLER PIPE HANGERS,Mechanical Items,Mechanical,2088.4,AED, ,Order
4970,Q-1192-F10767,FIRESTOP,27 Sep 2020,IQ,Arabian C.G.,RFQ-152-AL ZOURA,SUPPLY OF INSS1186 &amp; INSS1440,Firestop/ DC 315,Fire,47.25,AED,Samar T.,Quotation
4971,Q-1192-F10596A,FIRESTOP,27 Sep 2020,IQ,Al H.B.,"Modification &amp; Extension , Plot No.5425,5423,5427,5419, Industrial 4, Sharjah# LPO 06519",SUPPLY OF INSS2460 BLACK,Firestop/ DC 315,Fire,1701,AED,Samar T.,Order
4972,Q-1192-F10766,FIRESTOP,24 Sep 2020,IQ,Technical A.C.,R-1083- PACKAGE A-G+6+R RESIDENTIAL BLDNG-AL WASL- QUSAIS PROJECT# LPO NO.06120,SUPPLY OF INSS0285 WHITE,Firestop/ DC 315,Fire,7560,AED,Samar T.,Order
4973,RFQ-4266-S9077,"MVL USA, INC",24 Sep 2020,RFQ,Almarwad I.,"KUWAIT JOC (W912ER20D0002) JO#0004-W912ER20F0156 Paint Concrete Masonry Unit (CMU)  Walls At The Nuclear Biological Chemical Shed, Camp Subhan, Kuwait","KUWAIT JOC (W912ER20D0002) JO#0004-W912ER20F0156 Paint Concrete Masonry Unit (CMU)  Walls At The Nuclear Biological Chemical Shed, Camp Subhan, Kuwait",Subcontract,Services,23415.12,USD, ,Order
4974,Q-1192-F10765,FIRESTOP,24 Sep 2020,IQ,Al B.C.,"COMMERCIAL &amp; RESI.BLDG. G+3P+16 TYPICAL FLOOR ,PLOT: JVC18TCP010B, JUMERIAH VILLAGE CIRCLE, DUBAI",SUPPLY OF INSS1440 5G PAIL,Firestop/ DC 315,Fire,840,AED,Muhammad N.,Order
4975,Q-1192-F10764,FIRESTOP,24 Sep 2020,IQ,Palgan I.C.,EXPO JAPAN,Supply Of Fire Stop Materials MEP,Firestop/ DC 315,Fire,1532.16,AED,Habib B.,Order
4976,Q-1192-F10763,FIRESTOP,24 Sep 2020,IQ,Jpm A.T.,EXPO PAVILION EGYPT # LPO JPM/MVL/015/2020,SUPPLY OF FM011,Firestop/ DC 315,Fire,157.5,AED,Arun stephen ,Order
4977,RFQ-2394-E6803,MACRO,24 Sep 2020,RFQ,Guangdong Y.O.,W5J9JE-18-C-0003 FEMALE POLICE TOWN PHASE I,"(AKCC SPARES) - LED Wallpack Light 60W, With Photosensor UL Certificate",Electrical,Electrical,1258,USD, ,Order
4978,RFQ-2394-A5351,MACRO,23 Sep 2020,RFQ,Kludi R.L.,W5J9JE-18-C-0003 FEMALE POLICE TOWN PHASE I,(AKCC SPARES) SHOWER HEAD RAK10013 &amp; SHOWER MIXER RAK35006,Sanitary and Toilet Accessories,Architectural,4403.7,AED, ,Order
4979,Q-1192-F10762,FIRESTOP,23 Sep 2020,IQ,Dubai C.E.,"LLFP - MEYDAN SCHOOL, PLOT NO.: 6453286",SUPPLY OF INSS0285 WHITE,Firestop/ DC 315,Fire,514.5,AED,Arun stephen ,Quotation
4980,Q-1192-F10761,FIRESTOP,23 Sep 2020,IQ,United E.C.,"264A, CONSTRUCTION OF MULTI STORY RESIDENTIAL  BUILDING_PO # 102003808",SUPPLY OF INSS1440,Firestop/ DC 315,Fire,6216,AED,Habib B.,Order
4981,RFQ-3550-V4277,MVL Kuwait,23 Sep 2020,RFQ,Venus E.&.,"72036719F00003 - Nepal Community Reconstruction Program (NRCP) IDIQ Contract, Task Order For The Reconstruction Of Schools And Health Facilities In Sindhuli District Of Nepal",Supply Of Construction Chemicals,Building Materials,Various,125983.7,NPR, ,Order
4982,Q-1192-F10760,FIRESTOP,23 Sep 2020,IQ,Zein S.C.,"G+8 RESIDENTIAL BUILDING+ROOF GYM, AL BARSHA SOUTH, DUBA",SUPPLY OF INSS2460 GREY,Firestop/ DC 315,Fire,57.75,AED,Habib B.,Order
4983,Q-1005-V7027,MACRO,23 Sep 2020,IQ,Arabi C.W.,"Supply &amp; Delivery Of Shower Tray , Camp Arifjan","Supply &amp; Delivery Of Shower Tray , Camp Arifjan",Building Materials,Various,15115,USD, ,Quotation
4984,RFQ-3550-V4276,MVL Nepal,22 Sep 2020,RFQ,Nepal S.I.,"72036719F00003 - Nepal Community Reconstruction Program (NRCP) IDIQ Contract, Task Order For The Reconstruction Of Schools And Health Facilities In Sindhuli District Of Nepal",FIXOCRETE D-300,Building Materials,Various,33900,NPR, ,Order
4985,RFQ-2394-V4255,MACRO,22 Sep 2020,RFQ,Shanghai G.H.,W5J9JE-18-C-0003 FEMALE POLICE TOWN PHASE I,(AKCC SPARES) - GLORY HARDWARE BATHROOM FAUCET &amp; KITCHEN FAUCET,Building Materials,Various,1471.7,USD, ,Order
4986,RFQ-2394-V4254,MACRO,22 Sep 2020,RFQ,Rayan ,W5J9JE-18-C-0003 FEMALE POLICE TOWN PHASE I,(AKCC SPARES) - 12 Heads Sprinkler Cabinets,Building Materials,Various,80,USD, ,Order
4987,Q-2394-V4352,MACRO,22 Sep 2020,IQ,Abdul K.C.,W5J9JE-18-C-0003 FEMALE POLICE TOWN PHASE I,AKCC SPARES,Misc.,Various,0,USD, ,Quotation
4988,RFQ-2394-V4253,MACRO,21 Sep 2020,RFQ,Al A.H.,W5J9JE-18-C-0003 FEMALE POLICE TOWN PHASE I,(AKCC SPARES) BUCKEYE FIRE EXTINGUISHER WITH HOOK (5 ABC),Building Materials,Various,551.25,AED, ,Order
4989,RFQ-2394-E6801,MACRO,21 Sep 2020,RFQ,Arsel E.S.,W5J9JE-18-C-0003 FEMALE POLICE TOWN PHASE I,(AKCC SPARES) VERSALITE IP-65,Electrical,Electrical,315,USD, ,Order
4990,RFQ-2394-E6800,MACRO,21 Sep 2020,RFQ,Haji G.S.,W5J9JE-18-C-0003 FEMALE POLICE TOWN PHASE I,"(AKCC SPARES) -  Lamps, Receptacles, GFCI",Electrical,Electrical,3461,USD, ,Order
4991,Q-1192-F10759,FIRESTOP,21 Sep 2020,IQ,Jpm A.T.,"1063-SEVEN TIDES PROJECT, PALM JUMEIRAH",SUPPLY OF INSS0285 WHITE,Firestop/ DC 315,Fire,70875,AED,Arun stephen ,Quotation
4992,RFQ-3550-V4275,MVL Nepal,21 Sep 2020,RFQ,Venus E.&.,"72036719F00003 - Nepal Community Reconstruction Program (NRCP) IDIQ Contract, Task Order For The Reconstruction Of Schools And Health Facilities In Sindhuli District Of Nepal",Cemscreed HMF And Flowgrout EPLV,Building Materials,Various,958353,NPR, ,Order
4993,Q-1192-F10758,FIRESTOP,20 Sep 2020,IQ,Cladtech A.,FIRESTOPPING PROJECT,SUPPLY OF INSS1186,Firestop/ DC 315,Fire,630,AED,Samar T.,Quotation
4994,Q-1192-F10757,FIRESTOP,20 Sep 2020,IQ,Pharmaplast ,FIRESTOPPING PROJECT,SUPPLY OF DC68,Firestop/ DC 315,Fire,14300,USD,Raquel I.,Quotation
4995,RFQ-2394-A5202,MACRO,17 Sep 2020,RFQ,Vulcan I.L.,W5J9JE-18-C-0003 FEMALE POLICE TOWN PHASE I,GRAVITY DOOR COORDINATOR,Doors,Architectural,708.75,AED, ,Order
4996,Q-1192-F10756,FIRESTOP,17 Sep 2020,IQ,Spark I.T.,"COMMUNITY (CLUB HOUSE) (GF+1F)), AL THANYAH FIFTH - 393, PLOT NO.: JPCOMFAC01 &amp; (RETAIL)(GF+1F) AL THANYAH FIFTH - 393, PLOT NO.: JPRETAIL02, DUBAI, UAE.",Supply Of Fire Stop Materials - CIVIL,Firestop/ DC 315,Fire,16159.5,AED,Arun stephen ,Quotation
4997,Q-1192-F10755,FIRESTOP,17 Sep 2020,IQ,Spark I.T.,"COMMUNITY (CLUB HOUSE) (GF+1F)), AL THANYAH FIFTH - 393, PLOT NO.: JPCOMFAC01 &amp; (RETAIL)(GF+1F) AL THANYAH FIFTH - 393, PLOT NO.: JPRETAIL02, DUBAI, UAE.",Supply Of Fire Stop Materials MEP,Firestop/ DC 315,Fire,16094.66,AED,Arun stephen ,Quotation
4998,Q-1192-F10754,FIRESTOP,17 Sep 2020,IQ,Cladtech A.,FIRESTOPPING PROJECT,SUPPLY OF INSS2460,Firestop/ DC 315,Fire,40.95,AED,Samar T.,Quotation
4999,Q-1192-F10741A,FIRESTOP,17 Sep 2020,IQ,Jpm A.T.,"1063-SEVEN TIDES PROJECT, PALM JUMEIRAH#LPO JPM/MVL/014/2020",SUPPLY OF INSS0285 BLACK,Firestop/ DC 315,Fire,21000,AED,Arun stephen ,Order
5000,Q-1192-F10753,FIRESTOP,16 Sep 2020,IQ,National A.&.,ANCHOR BOLTS,SUPPLY OF MTP ANCHORS,Firestop/ DC 315,Fire,57067.5,AED,M.hassan ,Quotation
5001,Q-1192-F10752,FIRESTOP,16 Sep 2020,IQ,Al M.G.,"COMMERCIAL BUILDING , ZONE : ABU DHABI ISLAND, PLOT NO: C-20, SECTOR NO: E 22",Supply Of Fire Stop Materials - CIVIL,Firestop/ DC 315,Fire,9030,AED,Habib B.,Quotation
5002,Q-1192-F10751,FIRESTOP,16 Sep 2020,IQ,Al S.E.,EM133 G+5+R COMMERCIAL &amp; RESINDENTIAL BUILDING PLOT NO. 648_9160 PO # 011048,SUPPLY OF INSS1440 5G PAIL,Firestop/ DC 315,Fire,1651.53,AED,Arun stephen ,Order
5003,Q-1192-F10750,FIRESTOP,16 Sep 2020,IQ,Al S.E.,"EM 129-G+6+R PLOT 648-9161 , WADI AL SAFA,#LPO 011047",SUPPLY OF INSS1440 5G PAIL,Firestop/ DC 315,Fire,550.51,AED,Arun stephen ,Order
5004,Q-1192-F10749,FIRESTOP,16 Sep 2020,IQ,Mm S.C.,FIRESTOPPING PROJECT,SUPPLY OF SSHOOP,Firestop/ DC 315,Fire,105,AED, ,Quotation
5005,Q-1192-F10748,FIRESTOP,16 Sep 2020,IQ,Pepco E.C.,"G+4 LABOUR CAMP, PLOT NO.: 599-1768, JEBEL ALI IND., DUBAI",Supply Of Fire Stop Materials MEP,Firestop/ DC 315,Fire,41769,AED,Arun stephen ,Quotation
5006,Q-1192-F10747,FIRESTOP,16 Sep 2020,IQ,Teyo G.T.,FIRESTOPPING PROJECT,Supply Of Fire Stop Materials MEP,Firestop/ DC 315,Fire,2391.9,AED,Arun stephen ,Quotation
5007,Q-1192-F10746,FIRESTOP,16 Sep 2020,IQ,Mm S.C.,FIRESTOPPING PROJECT,SUPPLY OF MVL FIRESTOP MATERIALS,Firestop/ DC 315,Fire,4464,AED,Samar T.,Quotation
5008,Q-1192-F10745,FIRESTOP,16 Sep 2020,IQ,Sultan I.,SRILANKAN PROJECT # LPO FSI/GUN-QTN/564/2020,"SUPPLY OF INSS1440, INSS1186, FP05,INFS0812",Firestop/ DC 315,Fire,3234,AED,Samar T.,Order
5009,Q-1192-F10744,FIRESTOP,15 Sep 2020,IQ,Alfan A.E.,"G+10, PLOT NO. 0010# LPO 003/2020",SUPPLY OF INSS0285 BLACK &amp; WHITE,Firestop/ DC 315,Fire,756,AED,Samar T.,Order
5010,Q-1192-F10743,FIRESTOP,15 Sep 2020,IQ,Vision F.F.,FIRESTOPPING PROJECT,SUPPLY OF DC68,Firestop/ DC 315,Fire,3264,USD,Habib B.,Quotation
5011,Q-1192-F10742,FIRESTOP,15 Sep 2020,IQ,Inayah E.W.,LPO/MVL/4502/09,Supply Of INSS1440,Firestop/ DC 315,Fire,7245,AED,Muhammad N.,Order
5012,RFQ-3734-V4252,"MVL USA, INC",15 Sep 2020,RFQ,Powerman I.W.,(QTR-173) W912ER-19-C-0016 CONSOLIDATED SQUADRON OPERATIONS FACILITY,Road Works And Road Marking,Building Materials,Various,917450,QAR, ,Order
5013,Q-1192-F10741,FIRESTOP,14 Sep 2020,IQ,Jpm A.T.,"1063-SEVEN TIDES PROJECT, PALM JUMEIRAH",SUPPLY OF INSS0285 BLACK,Firestop/ DC 315,Fire,94500,AED,Arun stephen ,Quotation
5014,Q-1192-F10740,FIRESTOP,14 Sep 2020,IQ,Construction &.B.,"WASL GATE PHASE IV, (BLDG. MU1(B+G+2P+12+R) &amp; BLDG. MU2(B+G+2P+11+R)), PLOT No.: 5919611, JEBAL ALI, DUBAI, UAE",Supply Of Fire Stop Materials - CIVIL,Firestop/ DC 315,Fire,265702.5,AED,Habib B.,Quotation
5015,Q-1192-F10739,FIRESTOP,14 Sep 2020,IQ,Construction &.B.,"F1016 - THE NOOK WASL GATE PHASE 4 MAIN CONSTRUCTION WORK (MU01 &amp; MU02), PLOT 591-9611 AND 591-9612, JABAL ALI, DUBAI, U.A.E",Supply Of Fire Stop Materials MEP,Firestop/ DC 315,Fire,445509.75,AED,Habib B.,Quotation
5016,Q-1005-E7037,MACRO,14 Sep 2020,IQ,Sohail M.C.,Supply &amp; Delivery Of Dimplex Panel Heater-FPT 1,Supply &amp; Delivery Of Dimplex Panel Heater-FPT 1,Electrical,Electrical,593.55,USD, ,Order
5017,RFQ-2797-V4257,MACRO,14 Sep 2020,RFQ,Atlas P.P.,W5J9JE18C0008 &ndash; MOI COMPLEX FEMALE POLICE TOWN PHASE II,Sanitary System Fittings &amp; Grout,Building Materials,Various,9281.78,USD, ,Order
5018,Q-1192-F10738,FIRESTOP,14 Sep 2020,IQ,Kasco p.D.,KASCO TOWER,"SUPPLY OF CFS01,D120",Firestop/ DC 315,Fire,1008,AED,Habib B.,Order
5019,Q-1192-F10737,FIRESTOP,14 Sep 2020,IQ,Beaver G.C.,"D17-85D, PORT DE LA MER APARTMENTS, PLOT 3-PHASE 2, MAIN CONSTRUCTION WORK# LPO 102015227, REVISION#1",Supply Of Fire Stop Materials - CIVIL,Firestop/ DC 315,Fire,16170,AED,M.hassan ,Order
5020,Q-1192-F10476A,FIRESTOP,13 Sep 2020,IQ,Alfan A.E.,"New Showroom, Plot No.6658 # LPO 002/2020",SUPPLY OF INSS2460 BLACK,Firestop/ DC 315,Fire,1764,AED,Samar T.,Order
5021,Q-1192-F10653A,FIRESTOP,13 Sep 2020,IQ,Al H.,"AL MAMSHA , BUILDING SS3 (B+G+7F+R), SHARJAH, UAE_2004194 # LPO 2004194",Supply Of Fire Stop Materials MEP,Firestop/ DC 315,Fire,35897.4,AED,Samar T.,Order
5022,Q-1005-L4114,MACRO,13 Sep 2020,IQ,Metron I.,ORD-2797-M4101-1 Inspection For EKON AC Unit TPI(Inspection Cost),ORD-2797-M4101-1 Inspection For EKON AC Unit TPI(Inspection Cost),Transportation,Logistics,814.8,USD, ,Order
5023,Q-1005-L4113,MACRO,13 Sep 2020,IQ,Metron I.,"Transportation Of Cables FOB Qingdao To FPT2 Kabul, Afghanistan","Transportation Of Cables FOB Qingdao To FPT2 Kabul, Afghanistan",Transportation,Logistics,15839,USD, ,Order
5024,Q-1192-F10736,FIRESTOP,13 Sep 2020,IQ,Aluminium &.L.,FIRESTOPPING PROJECT,SUPPLY OF INSS2460,Firestop/ DC 315,Fire,28.35,AED,Samar T.,Quotation
5025,Q-1192-F10735,FIRESTOP,13 Sep 2020,IQ,International H.C.,Saudi German Hospital &ndash; Extension Barsha III &ndash; Dubai,SUPPLY OF MOPUR3585,Firestop/ DC 315,Fire,1083.6,AED,Habib B.,Order
5026,RFQ-3550-V4274,MVL Nepal,13 Sep 2020,RFQ,Katkuwa S.,"72036719F00003 - Nepal Community Reconstruction Program (NRCP) IDIQ Contract, Task Order For The Reconstruction Of Schools And Health Facilities In Sindhuli District Of Nepal",Rebar,Building Materials,Various,616471.5,NPR, ,Order
5027,RFQ-2797-E6801,MACRO,13 Sep 2020,RFQ,Aziz U.N.,W5J9JE18C0008 &ndash; MOI COMPLEX FEMALE POLICE TOWN PHASE II,Electrical EMT &amp; IMC Material And Ceramic Tiles,Electrical,Electrical,103756.75,USD, ,Order
5028,RFQ-1192-F10734,FIRESTOP,10 Sep 2020,RFQ,International C.T.,,FM011 - 2 BOXES,Firestop/ DC 315,Fire,276,USD, ,Order
5029,Q-1192-F10733,FIRESTOP,10 Sep 2020,IQ,Ring F.F.,LPO #RF 1092020,SUPPLY OF INSS1440,Firestop/ DC 315,Fire,8190,AED,Samar T.,Order
5030,RFQ-2797-V4256,MACRO,10 Sep 2020,RFQ,United C.&.,W5J9JE18C0008 &ndash; MOI COMPLEX FEMALE POLICE TOWN PHASE II,Asian Water Closet And Western Water Closet,Building Materials,Various,13954,USD, ,Order
5031,Q-1192-F10732,FIRESTOP,10 Sep 2020,IQ,Palgan I.C.,EXPO- JAPAN PAVILION# LPO 2442,"Supply Of Fire Stop Materials INSS1440,FM011,INFS0812,SSHOOP",Firestop/ DC 315,Fire,3163.86,AED,Habib B.,Order
5032,Q-1192-F10731,FIRESTOP,10 Sep 2020,IQ,Jpm A.T.,EGYPT PAVILION-EXPO # LPO JPM/MVL/013/2020,"Supply Of FM011, D120,CFS01",Firestop/ DC 315,Fire,762.3,AED,Arun stephen ,Order
5033,Q-1192-F10730,FIRESTOP,09 Sep 2020,IQ,Joint V.O.,FUTURE SCHOOL-YAHAR# LPO Y&amp;AFE/JV/127,"Supply Of INSS1440, FP05, INSS1186",Firestop/ DC 315,Fire,10253.25,AED,Samer H.,Order
5034,Q-1192-F10729,FIRESTOP,09 Sep 2020,IQ,Al R.A.,JOB 531# LPO 716,SUPPLY OF INSS2460 BLACK,Firestop/ DC 315,Fire,27300,AED,Samar T.,Order
5035,RFQ-1192-S9071,FIRESTOP,09 Sep 2020,RFQ,Sel C.R.,MVL Firestop Vehicle Rental,Mitsubishi Lancer 1.6 Ltr. Monthly Rental - Habib Abdulla Balafagi,Subcontract,Services,1155,AED, ,Order
5036,Q-1192-F10728,FIRESTOP,09 Sep 2020,IQ,Shield C.C.,"PROPOSED COMMERCIAL DEVELOPMENT CONSIST OF 2B+G+M+8TYP+R, SECTOR.RBW6, PLOT NO.19, AL RAHA BEACH, ABU DHABI.",Supply Of Fire Stop Materials MEP,Firestop/ DC 315,Fire,71969.62,AED,Habib B.,Quotation
5037,Q-1192-F10727,FIRESTOP,09 Sep 2020,IQ,Safety W.,AL WASL DEVELOPLMENT (AIROLINK)-PO # 1443,SUPPLY OF INSS1186,Firestop/ DC 315,Fire,24937.5,AED,Arun stephen ,Order
5038,Q-1192-F10620B,FIRESTOP,09 Sep 2020,IQ,International H.C.,Saudi German Hospital &ndash; Extension Barsha III &ndash; Dubai,SUPPLY OF INFS0812,Firestop/ DC 315,Fire,1008,AED,Habib B.,Order
5039,RFQ-2394-A5201,MACRO,08 Sep 2020,RFQ,Vulcan I.L.,W5J9JE-18-C-0003 FEMALE POLICE TOWN PHASE I,Door Hardwares (Door Closer &amp; Electromagnetic Holder),Doors,Architectural,25830,AED, ,Order
5040,Q-1192-F10726,FIRESTOP,08 Sep 2020,IQ,Zein S.C.,FIRESTOPPING PROJECT,SUPPLY OF INSS2460,Firestop/ DC 315,Fire,85.58,AED,Habib B.,Quotation
5041,Q-1192-F10725,FIRESTOP,08 Sep 2020,IQ,Palgan I.C.,EXPO PROJECT # LPO 2441,Supply Of Fire Stop Materials MEP,Firestop/ DC 315,Fire,1020.33,AED,Habib B.,Order
5042,RFQ-2797-V4255,MACRO,08 Sep 2020,RFQ,Kabul A.C.,W5J9JE18C0008 &ndash; MOI COMPLEX FEMALE POLICE TOWN PHASE II,Supply Of Water System Pipe &amp; Fitting,Building Materials,Various,25883.3,USD, ,Order
5043,Q-1192-F10724,FIRESTOP,08 Sep 2020,IQ,Al H.,"AL MAMSHA , BUILDING SS3 (B+G+7F+R), SHARJAH, UAE",SUPPLY OF INSS1186,Firestop/ DC 315,Fire,630,AED,Samar T.,Quotation
5044,Q-1192-F10723,FIRESTOP,08 Sep 2020,IQ,Al S.A.,1084 G+5P+16 #LPO P02 18216,SUPPLY OF INSS1440,Firestop/ DC 315,Fire,2772,AED,Samar T.,Order
5045,Q-1005-V4473,MACRO,07 Sep 2020,IQ,Regional C.C.,"W912D1-20-Q-0081  Office Furnishings And Furniture, Camp Arifjan, Kuwait","W912D1-20-Q-0081  Office Furnishings And Furniture, Camp Arifjan, Kuwait",Misc.,Various,58598.3,USD, ,Quotation
5046,Q-1192-F10722,FIRESTOP,07 Sep 2020,IQ,Ghantoot G.C.,P077 HOTEL APARTMENTS AZIZI INVESTMENT-PO # 9005,SUPPLY OF INSS1186,Firestop/ DC 315,Fire,3465,AED,Muhammad N.,Order
5047,Q-1005-L4112,MACRO,07 Sep 2020,IQ,Metron I.,ORD-2797-E6800 For Cables TPI(Inspection Cost),ORD-2797-E6800 For Cables TPI(Inspection Cost),Transportation,Logistics,1045.35,USD, ,Order
5048,Q-1005-M7038,MACRO,06 Sep 2020,IQ,Department O.D.,FA570320Q00440001 - Al Jaber Grounds Fuels Tank Support,Al Jaber Grounds Fuels Tank Support,Mechanical Items,Mechanical,1104340.75,USD, ,Quotation
5049,Q-1192-F10721,FIRESTOP,06 Sep 2020,IQ,Dubai W.C.,"PROPOSED G+P+7+R RESIDENTIAL BUILDING, DUBAI, UAE.",Supply Of Fire Stop Materials - CIVIL,Firestop/ DC 315,Fire,87570,AED,Muhammad N.,Quotation
5050,RFQ-3550-V4273,MVL Nepal,06 Sep 2020,RFQ,Katkuwa S.,"72036719F00003 - Nepal Community Reconstruction Program (NRCP) IDIQ Contract, Task Order For The Reconstruction Of Schools And Health Facilities In Sindhuli District Of Nepal",Rebar  - GA Builders,Building Materials,Various,1184692,NPR, ,Quotation
5051,Q-1192-F10720,FIRESTOP,06 Sep 2020,IQ,Jpm A.T.,EGYPT PAVILION-EXPO # LPO JPM/MVL/012/2020,"SUPPLY OF INSS1440, INFS0812,D64",Firestop/ DC 315,Fire,7182,AED,Arun stephen ,Order
5052,Q-1192-F10719,FIRESTOP,06 Sep 2020,IQ,Jpm A.T.,"ESPLANADE PHASE 1-AL BARSHA, # LPO JPM/MVL/011/2020","SUPPLY OF INSS1186,D64",Firestop/ DC 315,Fire,2724.75,AED,Muhammad N.,Order
5053,Q-1192-F10718,FIRESTOP,03 Sep 2020,IQ,Ra I.,RA INTL PROJECT IN SOMALIA,SUPPLY OF DC360,Firestop/ DC 315,Fire,1837.5,AED,Arun stephen ,Quotation
5054,RFQ-3550-V4272,MVL Nepal,03 Sep 2020,RFQ,Katkuwa S.,"72036719F00003 - Nepal Community Reconstruction Program (NRCP) IDIQ Contract, Task Order For The Reconstruction Of Schools And Health Facilities In Sindhuli District Of Nepal",Building Materials - MultiTech,Building Materials,Various,9295362,NPR, ,Order
5055,Q-1192-F10717,FIRESTOP,03 Sep 2020,IQ,Fezeco G.O.,FIRESTOPPING PROJECT,Supply Of Fire Stop Materials MEP,Firestop/ DC 315,Fire,176975.41,AED,Arun stephen ,Quotation
5056,RFQ-1192-F10716,FIRESTOP,03 Sep 2020,RFQ,International C.T.,MVL Firestop -   INSS2460 Fire Barrier Silicone Sealant (ALS 128 GRAY),Order No. INCA-20200903-02,Firestop/ DC 315,Fire,14700,USD, ,Order
5057,Q-1192-F10715,FIRESTOP,03 Sep 2020,IQ,Palgan I.C.,EXPO-JAPAN PAVILION,SUPPLY OF GI CLAMP 6,Firestop/ DC 315,Fire,52.5,AED,Habib B.,Quotation
5058,Q-1192-F10714,FIRESTOP,03 Sep 2020,IQ,Tornado G.,ZAYED EDUCATIONAL COMPLEX-G+2-AL BARSHA,SUPPLY OF INSS2460,Firestop/ DC 315,Fire,28.35,AED,Habib B.,Quotation
5059,Q-1192-F10713,FIRESTOP,03 Sep 2020,IQ,Ss L.C.,"RESIDENTIAL BUILDING, AL SHATIE RAHA, RBW2 PLOT NO: 23, ABUDHABI",Supply Of Fire Stop Materials - CIVIL,Firestop/ DC 315,Fire,23247,AED,Samer H.,Quotation
5060,Q-1192-F10712A,FIRESTOP,03 Sep 2020,IQ,Bahrain &.E.,"Shaml Mid-Rise Residential Bldg, Plot No. JVC14G MRP004 Dubai UAE PO # GO/128/SUP/CON/045C",SUPPLY OF MVL FIRESTOP MATERIALS,Firestop/ DC 315,Fire,2236.5,AED,Habib B.,Order
5061,Q-1192-F10712,FIRESTOP,03 Sep 2020,IQ,Bahrain &.E.,"Shaml Mid-Rise Residential Bldg, Plot No. JVC14G MRP004 Dubai UAE PO # GO/128/SUP/CON/045B",SUPPLY OF MVL FIRESTOP MATERIALS,Firestop/ DC 315,Fire,441,AED,Habib B.,Order
5062,Q-1192-F10711,FIRESTOP,03 Sep 2020,IQ,Ss L.C.,"RESIDENTIAL BUILDING, AL SHATIE RAHA, RBW2 PLOT NO: 22, ABUDHABI",Supply Of Fire Stop Materials - CIVIL,Firestop/ DC 315,Fire,20181,AED,Samer H.,Quotation
5063,Q-1005-O3,MACRO,03 Sep 2020,IQ,Regional C.C.,Automation Equipment,Automation Equipment For RCC Kuwait,Computer Peripherals,Office Assets,19446,USD,Mahesh B.,Quotation
5064,Q-1192-F10710,FIRESTOP,03 Sep 2020,IQ,Ss L.C.,"RESIDENTIAL BUILDING, AL SHATIE RAHA, RBW2 PLOT NO: 17, ABUDHABI",Supply Of Fire Stop Materials - CIVIL,Firestop/ DC 315,Fire,20947.5,AED,Samer H.,Quotation
5065,Q-1192-F10709,FIRESTOP,03 Sep 2020,IQ,Ghantoot T.a.,"Upgrading Of Existing Punitive &amp; Reformatory Complex - AL WATHBA,ABUDHABI# LPO BAP46825-0",Supply Of Fire Stop Materials MEP,Firestop/ DC 315,Fire,45937.5,AED,Samar T.,Order
5066,Q-1192-F10708,FIRESTOP,02 Sep 2020,IQ,Al F.G.,FIRESTOPPING PROJECT,SUPPLY OF MVL FIRESTOP MATERIALS,Firestop/ DC 315,Fire,406.35,AED,Habib B.,Quotation
5067,Q-1192-F10618A,FIRESTOP,02 Sep 2020,IQ,Arki G.D.,EXPO 2020 DUBAI JAPAN PAVILION PROJECT_PO # 825,SUPPLY OF INSS1440,Firestop/ DC 315,Fire,2331,AED,Habib B.,Order
5068,Q-1192-F10678A,FIRESTOP,01 Sep 2020,IQ,Bahrain &.E.,"Shaml Mid-Rise Residential Bldg, Plot No. JVC14G MRP004 Dubai UAE",SUPPLY OF INSS1440 1G PAIL,Firestop/ DC 315,Fire,149.1,AED,Habib B.,Order
5069,Q-1192-F10474A,FIRESTOP,01 Sep 2020,IQ,Drc I.E.,P-107 PROPOSED (B+G+P+4) BUILDING AT PLOT JVC11HMRP003 @ AL BARSHA# LPO DRC/P107/010920/263/126,SUPPLY OF INSS1440,Firestop/ DC 315,Fire,1212.12,AED,Arun stephen ,Order
5070,Q-1192-F10707,FIRESTOP,31 Aug 2020,IQ,Al F.A.,MVLF/J00671/1005,SUPPLY OF INSS2460 BLACK,Firestop/ DC 315,Fire,5880,AED,Samar T.,Order
5071,Q-1192-F10706,FIRESTOP,31 Aug 2020,IQ,Zein S.C.,"G+8 RESIDENTIAL BUILDING+ROOF GYM, AL BARSHA SOUTH, DUBAI# LPO 722/2020",SUPPLY OF INSS1440 5G PAIL,Firestop/ DC 315,Fire,2126.25,AED,Habib B.,Order
5072,Q-1192-F10705,FIRESTOP,31 Aug 2020,IQ,Jpm A.T.,ESPLANADE- AL BARSHA # LPO JPM/MVL/010/2020,SUPPLY OF INSS2460,Firestop/ DC 315,Fire,28.35,AED,Muhammad N.,Order
5073,Q-1192-F10704,FIRESTOP,31 Aug 2020,IQ,Al S.N.,"P 131_G+P+6+R RESIDENTIAL BUILDING NO. PLOT 621-8561@ WARSAN FIRST DUBAI, UAE PO # 043527",SUPPLY OF INSS1186,Firestop/ DC 315,Fire,1732.5,AED,Arun stephen ,Order
5074,Q-1192-F10703,FIRESTOP,31 Aug 2020,IQ,Fibrex L.,EMIRATES NATIONAL SHCOOL SHARJAH EXT. PO # F-ALM-MOPA03-PUR-23791-2020.R.-0,SUPPLY OF INSS2460,Firestop/ DC 315,Fire,53550,AED,Habib B.,Order
5075,Q-1192-F10702,FIRESTOP,30 Aug 2020,IQ,Palgan I.C.,EXPO PROJECT # LPO 2436,Supply Of Fire Stop Materials MEP,Firestop/ DC 315,Fire,2782.25,AED,Habib B.,Order
5076,RFQ-3550-V4270,MVL Nepal,30 Aug 2020,RFQ,Panchakanya P.I.,"72036719F00003 - Nepal Community Reconstruction Program (NRCP) IDIQ Contract, Task Order For The Reconstruction Of Schools And Health Facilities In Sindhuli District Of Nepal",Electrical Conduit HDPE Pipe,Building Materials,Various,303316.88,NPR, ,Order
5077,Q-1192-F10701,FIRESTOP,30 Aug 2020,IQ,Dhafra I.,Al Jazira Poultry Farm Phase III. # LPO PORJFP/00083/20,Supply Of Fire Stop Materials MEP,Firestop/ DC 315,Fire,4494,AED,Samer H.,Order
5078,Q-1192-F10700,FIRESTOP,30 Aug 2020,IQ,Jpm A.T.,"HPR J252 PROJECT (G+9), PLOT NO.: 6318845, HADAEQ SHEIK MOHD BIN RASHID, DUBAI# LPO JPM/MVL/009/2020",SUPPLY OF INSS1440 5G PAIL,Firestop/ DC 315,Fire,1732.5,AED,Arun stephen ,Order
5079,Q-1192-F10699,FIRESTOP,30 Aug 2020,IQ,Beaver G.C.,"D17-85D, PORT DE LA MER APARTMENTS, PLOT 3-PHASE 2, MAIN CONSTRUCTION WORK# LPO 102015448, REVISION#1",SUPPLY OF INSS1186 &amp; D64,Firestop/ DC 315,Fire,32844,AED,M.hassan ,Order
5080,Q-1192-F10371C,FIRESTOP,30 Aug 2020,IQ,Safety W.,ALI &amp; SONS (AL SUFOUH MIXED USED DEVELOPMENT) PO #1432,SUPPLY OF INSPECTION LABELS,Firestop/ DC 315,Fire,367.5,AED,Samar T.,Order
5081,Q-1192-F10698,FIRESTOP,30 Aug 2020,IQ,Al T.T.,REFERENCE NO.2206#LPO14908,SUPPLY OF INSS2460 BLACK,Firestop/ DC 315,Fire,18270,AED,Arun stephen ,Order
5082,RFQ-2623-E6801,MACRO,27 Aug 2020,RFQ,Guangdong Y.O.,"ORD 2623 - W5J9JE18C0007 - ANA-17-026, KABUL NATIONAL MILITARY HOSPITAL (KNMH) CONSOLIDATED MORGUE AND VISITATION CENTER, KABUL",LED Emergency Light,Electrical,Electrical,410,USD, ,Order
5083,RFQ-1569-S9000,MACRO,27 Aug 2020,RFQ,Isra M.E.,MVL Estates (Al-Wasl Plots),"Design, Fabrication, Delivery And Installation Of Sign Board For MVL Estates (Al-Wasl Plots)",Design,Services,6300,AED, ,Order
5084,Q-1192-F10697,FIRESTOP,27 Aug 2020,IQ,International H.C.,Saudi German Hospital,SUPPLY OF INSS1440,Firestop/ DC 315,Fire,772.8,AED,Habib B.,Order
5085,RFQ-3550-V4269,MVL Nepal,27 Aug 2020,RFQ,Katkuwa S.,"72036719F00003 - Nepal Community Reconstruction Program (NRCP) IDIQ Contract, Task Order For The Reconstruction Of Schools And Health Facilities In Sindhuli District Of Nepal",Hongshi OPC Cement,Building Materials,Various,851700,NPR, ,Order
5086,Q-1192-F10696,FIRESTOP,27 Aug 2020,IQ,Dubai C.E.,"LLFP - MEYDAN SCHOOL, PLOT NO.: 6453286, DUBAI, UAE",Supply Of Fire Stop Materials - CIVIL,Firestop/ DC 315,Fire,39028.5,AED,Arun stephen ,Quotation
5087,Q-1192-F10695,FIRESTOP,27 Aug 2020,IQ,Dubai C.E.,"LLFP - MEYDAN SCHOOL, PLOT NO.: 6453286, DUBAI, UAE",Supply Of Fire Stop Materials MEP,Firestop/ DC 315,Fire,37920.75,AED,Arun stephen ,Quotation
5088,Q-1192-F10570B,FIRESTOP,27 Aug 2020,IQ,Zein S.C.,"G+8 RESIDENTIAL BUILDING+ROOF GYM, AL BARSHA SOUTH, DUBAI# LPO 708/2020",SUPPLY OF  INFS0812,Firestop/ DC 315,Fire,840,AED,Habib B.,Order
5089,Q-1192-F10694,FIRESTOP,27 Aug 2020,IQ,Mesopot D.a.,B+MALL(G+1)+3P+11 RES FLOOR-AL NAHDA 2,SUPPLY OF CFS01 &amp; D120,Firestop/ DC 315,Fire,1039.29,AED,Arun stephen ,Quotation
5090,Q-1192-F10693,FIRESTOP,26 Aug 2020,IQ,Beaver G.C.,"D17-85D, PORT DE LA MER APARTMENTS, PLOT 3-PHASE 2, MAIN CONSTRUCTION WORK# LPO 102015448",SUPPLY OF INSS1186 &amp; D64,Firestop/ DC 315,Fire,32870.25,AED,M.hassan ,Quotation
5091,Q-1005-V7026,MACRO,26 Aug 2020,IQ,Abdul K.C.,Supply &amp; Delivery Of Pressure Gauge- Water Line &amp; LPG,Supply &amp; Delivery Of Pressure Gauge- Water Line &amp; LPG,Building Materials,Various,4596.7,USD, ,Order
5092,RFQ-2394-M4102,MACRO,26 Aug 2020,RFQ,Haste T.L.,W5J9JE-18-C-0003 - FEMALE POLICE TOWN PHASE I,Pressure Gauge Dial 3 1/2 Inch Ss Body Range 0-300 Psi/bar 1/4 Inch Npt Brass TL-35,Mechanical Items,Mechanical,5050.5,AED, ,Order
5093,RFQ-2394-V4252,MACRO,26 Aug 2020,RFQ,Al N.T.,W5J9JE-18-C-0003 - FEMALE POLICE TOWN PHASE I,Pressure Gauge Standard EN 837-1,Building Materials,Various,6237,AED, ,Order
5094,Q-1192-F10691,FIRESTOP,26 Aug 2020,IQ,Jpm A.T.,EXPO PROJECT,SUPPLY OF FM011,Firestop/ DC 315,Fire,157.5,AED,Arun stephen ,Quotation
5095,Q-1192-F10690,FIRESTOP,26 Aug 2020,IQ,Jpm A.T.,"ESPLANADE PHASE 1-AL BARSHA, # LPO JPM/MVL/008/2020","SUPPLY OF INSS1186,D64",Firestop/ DC 315,Fire,1727.25,AED,Muhammad N.,Order
5096,Q-1192-F10542D,FIRESTOP,26 Aug 2020,IQ,Jpm A.T.,"HPR-PROJECT (G+9),PLOT NO:6318845, HADEEQ SHEIKH MOHD BIN RASHID-DUBAI# LPO Jpm/MvL/007/2020","SUPPLY OF D64, INFS0812",Firestop/ DC 315,Fire,1701,AED,Arun stephen ,Order
5097,Q-1192-F10689,FIRESTOP,25 Aug 2020,IQ,European U.B.,G+17 @ SHARJAH- UNIT RATE,Supply Of Fire Stop Materials MEP,Firestop/ DC 315,Fire,0,AED,Samar T.,Quotation
5098,Q-1192-F10688,FIRESTOP,25 Aug 2020,IQ,Al R.A.,JOB 531#LPO 691,SUPPLY OF INSS2460 BLACK,Firestop/ DC 315,Fire,27300,AED,Samar T.,Order
5099,RFQ-3550-V4268,MVL Nepal,25 Aug 2020,RFQ,Katkuwa S.,"72036719F00003 - Nepal Community Reconstruction Program (NRCP) IDIQ Contract, Task Order For The Reconstruction Of Schools And Health Facilities In Sindhuli District Of Nepal",Rebars - Mahendrajhyadi,Building Materials,Various,1383120,NPR, ,Order
5100,Q-1192-F10687,FIRESTOP,25 Aug 2020,IQ,Trojan G.C.,Al Falah Town Devt.Construction Of 899 Villas,SUPPLY OF PU FP,Firestop/ DC 315,Fire,189000,AED,Samar T.,Quotation
5101,Q-1192-F10686,FIRESTOP,25 Aug 2020,IQ,Trojan G.C.,TROJAN LABOUR CAMP,SUPPLY OF INSS1440,Firestop/ DC 315,Fire,65625,AED,Samar T.,Quotation
5102,Q-1192-F10685,FIRESTOP,25 Aug 2020,IQ,Yousif G.C.,Deleika Al Khazna#LPO 9084,Supply Of Fire Stop Materials MEP,Firestop/ DC 315,Fire,16285.5,AED,Samer H.,Order
5103,Q-1192-F10684,FIRESTOP,24 Aug 2020,IQ,National A.&.,INDEX FIXING,SUPPLY OF MTP A4 ANCHORS,Firestop/ DC 315,Fire,71,AED,M.hassan ,Quotation
5104,Q-1192-F10502A,FIRESTOP,24 Aug 2020,IQ,Jpm A.T.,"HPR J252 PROJECT (G+9), PLOT NO.: 6318845, HADAEQ SHEIK MOHD BIN RASHID, DUBAI",SUPPLY OF MVL-IL,Firestop/ DC 315,Fire,735,AED,Arun stephen ,Order
5105,Q-1192-F10683,FIRESTOP,24 Aug 2020,IQ,Listen L.E.,"PROPOSED RESIDENTIAL BUILDING (2B+G+9 TYP.), PLOT NO.: (DM) - 8884634 &amp; (MEYDAN) - CP01-005,6,7, MEYDAN ONE, DUBAI, UAE",SUPPLY OF MVL-IL,Firestop/ DC 315,Fire,5.25,AED,Habib B.,Quotation
5106,Q-1192-F10682,FIRESTOP,24 Aug 2020,IQ,Listen L.E.,"PROPOSED RESIDENTIAL BUILDING (2B+G+9 TYP.), PLOT NO.: (DM) - 8884634 &amp; (MEYDAN) - CP01-007, MEYDAN ONE, DUBAI, UAE.",Supply Of Fire Stop Materials MEP,Firestop/ DC 315,Fire,66109.05,AED,Habib B.,Quotation
5107,Q-1192-F10681,FIRESTOP,24 Aug 2020,IQ,Listen L.E.,"PROPOSED RESIDENTIAL BUILDING (2B+G+9 TYP.+R), PLOT NO.: (DM) - 8884633 &amp; (MEYDAN) - CP01-006, MEYDAN ONE, DUBAI, UAE.",Supply Of Fire Stop Materials MEP,Firestop/ DC 315,Fire,66109.05,AED,Habib B.,Quotation
5108,Q-1192-F10680,FIRESTOP,24 Aug 2020,IQ,Listen L.E.,PROPOSED RESIDENTIAL BUILDING (2B+G+9TYP) MEYDAN ONE-CP-01-005,Supply Of Fire Stop Materials MEP,Firestop/ DC 315,Fire,76854.75,AED,Habib B.,Quotation
5109,RFQ-1192-F10679,MVL Abu Dhabi,24 Aug 2020,RFQ,International C.T.,Order No. INCA-20200820-01 Supply Of MVL Firestop DC6150 (4 Pails),Order No. INCA-20200820-01 - MVL Firestop DC6150 (4 Pails),Firestop/ DC 315,Fire,2688,USD, ,Order
5110,Q-1192-F10678,FIRESTOP,24 Aug 2020,IQ,Bahrain &.E.,"Shaml Mid-Rise Residential Bldg, Plot No. JVC14G MRP004 Dubai UAE_PO # GO/128/SUP/CON/045A",SUPPLY OF MVL FIRESTOP BUILDING MATERIALS,Firestop/ DC 315,Fire,17451,AED,Habib B.,Order
5111,RFQ-3550-V4267,MVL Nepal,24 Aug 2020,RFQ,New B.T.,"72036719F00003 - Nepal Community Reconstruction Program (NRCP) IDIQ Contract, Task Order For The Reconstruction Of Schools And Health Facilities In Sindhuli District Of Nepal",Rebars - Mahendrajhyadi,Building Materials,Various,1363910,NPR, ,Order
5112,Q-1192-F10677,FIRESTOP,24 Aug 2020,IQ,Dubco C.L.,"G+5 RESIDENTIAL BUIDLING,, AL WARQA FIRST, DUBAI# LPO /Q3-23679",SUPPLY OF INSS1440,Firestop/ DC 315,Fire,1469.99,AED,Muhammad N.,Order
5113,Q-1192-F10676,FIRESTOP,20 Aug 2020,IQ,Safety W.,Tunnel Project-Abu Dhabi,SUPPLY OF FP04,Firestop/ DC 315,Fire,3307500,AED,Samer H.,Quotation
5114,Q-1005-V7025,MACRO,20 Aug 2020,IQ,Metron I.,"Supply &amp; Delivery Of Extruded Polystyrene Insulation Boards-CSOF,Al Udeid Air Base","Supply &amp; Delivery Of Extruded Polystyrene Insulation Boards-CSOF,Al Udeid Air Base",Building Materials,Various,76844,USD, ,Order
5115,Q-1005-V7024,"MVL USA, INC",20 Aug 2020,IQ,Metron I.,"Supply &amp; Delivery Of Extruded Polystyrene Insulation Boards-CSOF,Al Udeid Air Base","Supply &amp; Delivery Of Extruded Polystyrene Insulation Boards-CSOF,Al Udeid Air Base",Building Materials,Various,0,USD, ,Quotation
5116,Q-1192-F10675,FIRESTOP,20 Aug 2020,IQ,Hypery I.L.,FIRESTOPPING PROJECT,SUPPLY OF SSCI-40,Firestop/ DC 315,Fire,9450,AED,Habib B.,Quotation
5117,Q-1005-E7036,MACRO,19 Aug 2020,IQ,Tatekan C.,Supply &amp; Delivery Of Rheem - Heating Element &amp; Step Down Transformer-KNMH,Supply &amp; Delivery Of Rheem - Heating Element &amp; Step Down Transformer-KNMH,Electrical,Electrical,1132,USD, ,Order
5118,Q-1192-F10674,FIRESTOP,19 Aug 2020,IQ,Mahmoud N.C.,"G+5+R Hotel In Majan, Dubai.","SUPPLY OF INSS1440,1186 AND CFS01",Firestop/ DC 315,Fire,315,AED,Arun stephen ,Quotation
5119,Q-1192-F10651A,FIRESTOP,19 Aug 2020,IQ,Alnajm A.,B+G+2P+12Typ+Roof &amp; Hotel Apartment AFMU 44B_45 &amp; AFMU 35B_36A -Al Furjan Dubai PO # AZ/MVL/20/504,"SUPPLY OF FP04, D120&amp;INSS1440",Firestop/ DC 315,Fire,14436.72,AED,Muhammad N.,Order
5120,Q-1192-F10673,FIRESTOP,19 Aug 2020,IQ,Safety W.,JUMEIRAH POLICE STATION_PO # 1427,SUPPLY OF INSS1440,Firestop/ DC 315,Fire,1732.5,AED,Arun stephen ,Order
5121,Q-1192-F10620A,FIRESTOP,19 Aug 2020,IQ,International H.C.,Saudi German Hospital &ndash; Extension Barsha III &ndash; Dubai,SUPPLY OF INFS0812,Firestop/ DC 315,Fire,1008,AED,Habib B.,Order
5122,RFQ-2797-V4254,MACRO,18 Aug 2020,RFQ,Javed W.A.,W5J9JE18C0008 &ndash; MOI COMPLEX FEMALE POLICE TOWN PHASE II,Aluminum Windows (spare Parts And Accessories),Building Materials,Various,43935,USD, ,Order
5123,Q-1192-F10672,FIRESTOP,18 Aug 2020,IQ,Drc I.E.,P-92 # P-92/DRC/180820/105,SUPPLY OF INSS1440 5G PAIL,Firestop/ DC 315,Fire,1212.12,AED,Arun stephen ,Order
5124,RFQ-3728-M4102,MACRO,18 Aug 2020,RFQ,Coolex F.A.,W912D2-19-F0060 HVAC Project 1915C And 1915H,Supply Of Cooler Air Conditioning Unit,Mechanical Items,Mechanical,106000,QAR, ,Order
5125,Q-1192-F10671,FIRESTOP,18 Aug 2020,IQ,Crown E.C.,"COMMERCIAL BUILDING G+2F+R , MBZ CITY, SECTOR NO.: ME 12, PLOT NO.: 31, ABU DHABI.",Supply Of Fire Stop Materials MEP,Firestop/ DC 315,Fire,16558.5,AED,Samer H.,Quotation
5126,Q-1192-F10670,FIRESTOP,18 Aug 2020,IQ,Drc I.E.,"P 107 G+4, AL BARSHA # LPO DRC/P107/170820/250",SUPPLY OF INSS1440 5G PAIL,Firestop/ DC 315,Fire,606.06,AED,Arun stephen ,Order
5127,Q-1192-F10669,FIRESTOP,17 Aug 2020,IQ,Al S.N.,"P-130-FF-G+P+7+R+ RESIDENTIAL BUILDING ON PLOT NO.6218560,WARSAN FIRST# LPO 043373",SUPPLY OF INSS1186,Firestop/ DC 315,Fire,2887.5,AED,Arun stephen ,Order
5128,RFQ-1192-V4305,FIRESTOP,17 Aug 2020,RFQ,Fujairah R.F.,MVL FIRESTOP,SLAB WITHOUT FACING (SXXX) DENSITY:64KG/M3 THICKNESS: 50MM SIZE: 1.2 MTR*0.6  QTY: 410.4 SQM,Building Materials,Various,5610.58,AED, ,Order
5129,Q-1192-F10668,FIRESTOP,17 Aug 2020,IQ,Trojan G.C.,Private Villa &ndash; Abu Dhabi,Supply Of INSS1440,Firestop/ DC 315,Fire,10132.5,AED,Samer H.,Quotation
5130,Q-1192-F10580A,FIRESTOP,17 Aug 2020,IQ,Al Q.G.,"1190- (UG+G+4P+14F+R) RESIDENTIAL/COMMERCIAL TOWER (AL OWAIS),PLOT NO.: 6730917# LPO 102002119","Supply Of CFS01,D120",Firestop/ DC 315,Fire,3985.8,AED,Muhammad N.,Order
5131,Q-1192-F10666,FIRESTOP,17 Aug 2020,IQ,New S.E.,56 MAZEN ABDUL MAJID (AL BAADA) PO # 20725,SUPPLY  OF MVL FIRESTOP MATERIALS_,Firestop/ DC 315,Fire,13508.25,AED,Muhammad N.,Order
5132,Q-1192-F10665,FIRESTOP,17 Aug 2020,IQ,New S.E.,59 KHALIFA MOHAMED HAMAD (AL BADA) _PO # 20724,SUPPLY OF MVL FIRESTOP MATERIALS,Firestop/ DC 315,Fire,4530.75,AED,Muhammad N.,Order
5133,Q-1192-F10664,FIRESTOP,17 Aug 2020,IQ,Palgan I.C.,"EXPO PROJECT, JAPAN PAVILION# LPO 2426",SUPPLY OF FM011,Firestop/ DC 315,Fire,315,AED,Habib B.,Order
5134,Q-1192-F10663,FIRESTOP,17 Aug 2020,IQ,Al S.N.,"P 132-G+P+6+R RESIDENTIAL BUILDING, PLOT NO.: 6218562, WARSAN FIRST, DUBAI, UAE.# LPO 043392",SUPPLY OF INSS1186,Firestop/ DC 315,Fire,1732.5,AED,Arun stephen ,Order
5135,RFQ-3550-V4266,MVL Nepal,16 Aug 2020,RFQ,Katkuwa S.,"72036719F00003 - Nepal Community Reconstruction Program (NRCP) IDIQ Contract, Task Order For The Reconstruction Of Schools And Health Facilities In Sindhuli District Of Nepal","CPVC, UPVC Pipes And Fittings &amp; Electrical Conduits For Belghari",Building Materials,Various,1408168.88,NPR, ,Order
5136,RFQ-3550-V4265,MVL Nepal,16 Aug 2020,RFQ,Katkuwa S.,"72036719F00003 - Nepal Community Reconstruction Program (NRCP) IDIQ Contract, Task Order For The Reconstruction Of Schools And Health Facilities In Sindhuli District Of Nepal","CPVC, UPVC Pipes And Fittings &amp; Electrical Conduits For Mahadevsthan",Building Materials,Various,863923.5,NPR, ,Order
5137,RFQ-3550-V4264,MVL Nepal,16 Aug 2020,RFQ,Katkuwa S.,"72036719F00003 - Nepal Community Reconstruction Program (NRCP) IDIQ Contract, Task Order For The Reconstruction Of Schools And Health Facilities In Sindhuli District Of Nepal","CPVC, UPVC Pipes And Fittings &amp; Electrical Conduits",Building Materials,Various,1504599.5,NPR, ,Order
5138,Q-1192-F10662,FIRESTOP,16 Aug 2020,IQ,Safety W.,PROJECT MISK 1 &amp; 2 (INTERMASS),SUPPLY OF INSS1186,Firestop/ DC 315,Fire,17456.25,AED,Habib B.,Order
5139,RFQ-3742-V4255,"MVL USA, INC",13 Aug 2020,RFQ,Prism T.E.,W912ER-19-C-0018 Care And Preservation Vehicle Maintenance Facility,"Design, Supply, Installation, Commissioning And Training Of Operators Of Blast Room, Paint Room And Paint Mixing Room",Building Materials,Various,497541,USD, ,Order
5140,Q-1192-F10661,FIRESTOP,13 Aug 2020,IQ,Alibtikar A.T.,GRS# LPO 16820/PFP/IBT/002,SUPPLY OF DC6150,Firestop/ DC 315,Fire,8085,AED,Habib B.,Order
5141,Q-1192-F10660,FIRESTOP,13 Aug 2020,IQ,Tiger C.C.,"Site (235+236), O2 AND SQUARE TOWER",Supply Of Fire Stop Materials MEP,Firestop/ DC 315,Fire,340.2,AED,Samar T.,Quotation
5142,Q-1192-F10659,FIRESTOP,13 Aug 2020,IQ,Silver F.T.,"Proposed Hotel Building, G+3P+Service Floor +14 Typ+HC. Plot No. 3083, Sharjah, UAE# LPO SILVER FRAME/FIRE/P27","SUPPLY OF INSS1440, INFS0812, D64",Firestop/ DC 315,Fire,7843.5,AED,Samar T.,Order
5143,Q-1192-F10598A,FIRESTOP,13 Aug 2020,IQ,Silver F.T.,"Proposed Hotel Building, G+3P+MECH F+14+HC, Plot No.: 3083, Sharjah, UAE.# LPO Silver Frame/Fire/P27",Supply Of Fire Stop Materials MEP,Firestop/ DC 315,Fire,13116.6,AED,Samar T.,Cancled
5144,Q-1192-F10658,FIRESTOP,13 Aug 2020,IQ,Delta A.C.,BB SITE # LPO 07437,SUPPLY OF INSS1186,Firestop/ DC 315,Fire,16339.05,AED,Habib B.,Order
5145,Q-1192-F10657,FIRESTOP,13 Aug 2020,IQ,Joint V.O.,FUTURE SCHOOL-YAHAR# LPO Y&amp;AFE/JV/125,SUPPLY OF MEP &amp; CIVIL,Firestop/ DC 315,Fire,13697.25,AED,Samer H.,Order
5146,RFQ-2797-V4253,MACRO,13 Aug 2020,RFQ,Panel T.E.,W5J9JE18C0008 &ndash; MOI COMPLEX FEMALE POLICE TOWN PHASE II,Panel Boards,Building Materials,Various,51900,USD, ,Order
5147,RFQ-2797-V4252,MACRO,13 Aug 2020,RFQ,Panel T.E.,W5J9JE18C0008 &ndash; MOI COMPLEX FEMALE POLICE TOWN PHASE II,Cable Ladder And Back Box,Building Materials,Various,34996.4,USD, ,Order
5148,RFQ-3734-V4251,"MVL USA, INC",12 Aug 2020,RFQ,Al S.C.,(QTR-173) W912ER-19-C-0016 CONSOLIDATED SQUADRON OPERATIONS FACILITY,CEMENT BLOCKS,Building Materials,Various,222505,QAR, ,Order
5149,RFQ-3734-S9031,"MVL USA, INC",12 Aug 2020,RFQ,Al S.T.,(QTR-173) W912ER-19-C-0016 CONSOLIDATED SQUADRON OPERATIONS FACILITY,Design Supply And Installation Of HDPE Car Parking Shades,Construction,Services,149900,QAR, ,Order
5150,Q-1192-F10567A,FIRESTOP,12 Aug 2020,IQ,Alibtikar A.T.,FIRESTOPPING PROJECT,SUPPLY OF DC 68 5G PAIL,Firestop/ DC 315,Fire,1417.5,AED,Habib B.,Order
5151,RFQ-3550-V4263,MVL Nepal,12 Aug 2020,RFQ,Katkuwa S.,"72036719F00003 - Nepal Community Reconstruction Program (NRCP) IDIQ Contract, Task Order For The Reconstruction Of Schools And Health Facilities In Sindhuli District Of Nepal",Supply Of Building Materials,Building Materials,Various,10278480,NPR, ,Order
5152,Q-1192-F10655,FIRESTOP,11 Aug 2020,IQ,Al T.T.,FIRESTOPPING PROJECT,SUPPLY OF DC360,Firestop/ DC 315,Fire,1837.5,AED,Arun stephen ,Quotation
5153,Q-1192-F10653,FIRESTOP,10 Aug 2020,IQ,Al H.,"AL MAMSHA , BUILDING SS3 (B+G+7F+R), SHARJAH, UAE",Supply Of Fire Stop Materials MEP,Firestop/ DC 315,Fire,281479.81,AED,Samar T.,Quotation
5154,RFQ-3742-V4254,"MVL USA, INC",10 Aug 2020,RFQ,Panelsan R.&.,W912ER-19-C-0018 Care And Preservation Vehicle Maintenance Facility,SHOP DRAWINGS FOR RFPO-3742-V4253-1,Building Materials,Various,4581,USD, ,Order
5155,Q-1192-F10652,FIRESTOP,10 Aug 2020,IQ,Lootah B.S.,EO Mosque Project # LPO EO006/PO/63,Supply Of INSS1440 &amp; INSS1186,Firestop/ DC 315,Fire,1404.38,AED,Habib B.,Order
5156,Q-1005-M7037,MACRO,10 Aug 2020,IQ,Metron I.,Supply &amp; Delivery Of Kitchen Range Hood-FPT 2,Supply &amp; Delivery Of Kitchen Range Hood-FPT 2,Mechanical Items,Mechanical,27300,USD, ,Quotation
5157,Q-1192-F10651,FIRESTOP,09 Aug 2020,IQ,Alnajm A.,B+G+2P+12Typ+Roof &amp; Hotel Apartment AFMU 44B_45 &amp; AFMU 35B_36A -Al Furjan Dubai,SUPPLY OF FP04,Firestop/ DC 315,Fire,483,AED,Muhammad N.,Quotation
5158,Q-1192-F10634A,FIRESTOP,09 Aug 2020,IQ,Kasco p.D.,KASCO TOWER,SUPPLY OF INSS1440 5G PAIL,Firestop/ DC 315,Fire,696.15,AED,Habib B.,Order
5159,Q-1192-F10650,FIRESTOP,09 Aug 2020,IQ,Joint V.O.,ABU DHABI FUTURE SCHOOLS PROGRAM (PHASE 9) ALBATEEN,SUPPLY OF FP05,Firestop/ DC 315,Fire,1968.75,AED,Samer H.,Quotation
5160,Q-1192-F10649,FIRESTOP,09 Aug 2020,IQ,Metalu M.W.,FIRESTOPPING PROJECT,SUPPLY OF INSS2460 WHITE,Firestop/ DC 315,Fire,28350,AED,Arun stephen ,Quotation
5161,Q-1005-E7035,MACRO,09 Aug 2020,IQ,Metron I.,Supply &amp; Delivery Of EMT Conduit &amp; Fittings - FPT 2,Supply &amp; Delivery Of EMT Conduit &amp; Fittings - FPT 2,Electrical,Electrical,110462.11,USD, ,Quotation
5162,Q-1192-F10648,FIRESTOP,06 Aug 2020,IQ,Al S.E.,"(B+ G+ MEZZ.+1+ROOF) &ndash; UNION COOP SHOPPING CENTER ON PLOT NO. 375-2298 AT AL BARSHA, DUBAI",Supply Of Fire Stop Materials MEP,Firestop/ DC 315,Fire,35164.5,AED,Muhammad N.,Quotation
5163,Q-1192-F10647,FIRESTOP,06 Aug 2020,IQ,Al Q.G.,1176-B+G+4+R-AL MURAQQABAT # LPO 102002020,SUPPLY OF CFS01,Firestop/ DC 315,Fire,3528,AED,Muhammad N.,Order
5164,Q-1192-F10646,FIRESTOP,06 Aug 2020,IQ,Beaver G.C.,"D17-85D, PORT DE LA MER APARTMENTS, PLOT 3-PHASE 2, MAIN CONSTRUCTION WORK",Supply Of Fire Stop Materials - CIVIL,Firestop/ DC 315,Fire,279.3,AED,M.hassan ,Order
5165,Q-1005-V7023,MACRO,06 Aug 2020,IQ,Abdul K.C.,Supply &amp; Delivery Of Thermometer &amp; Vacuum Relief Valve - FPT 1,Supply &amp; Delivery Of Thermometer &amp; Vacuum Relief Valve - FPT 1,Building Materials,Various,12005,USD,Mahesh B.,Order
5166,Q-1192-F10371B,FIRESTOP,06 Aug 2020,IQ,Safety W.,ALI &amp; SONS (AL SUFOUH MIXED USED DEVELOPMENT)#LPO 1411,SUPPLY OF INSPECTION LABELS,Firestop/ DC 315,Fire,441,AED,Samar T.,Order
5167,Q-1192-F10645,FIRESTOP,06 Aug 2020,IQ,Dutco C.C.,"ESPLANADE PHASE - 1, PROPOSED DEVELOPMENT,                  PLOT NO: 3731116, AL BARSHA FIRST, DUBAI, UAE.",Supply Of Fire Stop Materials MEP,Firestop/ DC 315,Fire,19902.75,AED,Muhammad N.,Quotation
5168,Q-1192-F10644,FIRESTOP,06 Aug 2020,IQ,Nascon E.L.,"Reva Damac Residential , Business Bay Project_PO # 1657-20",SUPPLY OF MVL FIRESTOP MATERIALS,Firestop/ DC 315,Fire,20102.48,AED,Arun stephen ,Order
5169,Q-1192-F10643,FIRESTOP,05 Aug 2020,IQ,Al Q.G.,1189-UG+G+4P+14F+R-GARGASH- DXB #LPO 102002002,SUPPLY OF INSS1186 &amp; INSS0285,Firestop/ DC 315,Fire,28460.25,AED,Muhammad N.,Order
5170,Q-1192-F10642,FIRESTOP,05 Aug 2020,IQ,Eversafe C.L.,JOB REF:925 &amp; 933 # LPO ECL 1323,SUPPLY OF INSS1440 &amp; D64,Firestop/ DC 315,Fire,1346.62,AED,Muhammad N.,Order
5171,RFQ-2797-E6800,MACRO,05 Aug 2020,RFQ,Qingdao C.C.,W5J9JE18C0008 &ndash; MOI COMPLEX FEMALE POLICE TOWN PHASE II,QINGDAO WIRES AND CABLES,Electrical,Electrical,129729.7,USD, ,Order
5172,Q-1192-F10528B,FIRESTOP,04 Aug 2020,IQ,Drc I.E.,"P 107 G+4, AL BARSHA # LPO DRC/P107/100820/245","SUPPLY OF CFS01,D120",Firestop/ DC 315,Fire,1539.72,AED,Arun stephen ,Order
5173,Q-1192-F10641,FIRESTOP,04 Aug 2020,IQ,Al O.C.,P- 224-BLOOM HEIGHTS- # LPO 102000830,SUPPLY O CFS01 AND D120,Firestop/ DC 315,Fire,52164,AED,Habib B.,Order
5174,Q-1192-F10640,FIRESTOP,03 Aug 2020,IQ,International H.C.,Saudi German Hospital &ndash; Extension Barsha III &ndash; Dubai,SUPPLY OF MOPUR 3 585,Firestop/ DC 315,Fire,1083.6,AED,Habib B.,Order
5175,Q-1192-F10639,FIRESTOP,03 Aug 2020,IQ,Nael G.C.,LIWA STORE,SUPPLY OF SS&nbsp;SELF&nbsp;DRILLING&nbsp;SCREW&nbsp; DIA (BI METAL,Firestop/ DC 315,Fire,2.84,AED,Samer H.,Quotation
5176,Q-1192-F10638,FIRESTOP,03 Aug 2020,IQ,Lootah I.L.,"G+23, MOTOR CITY#LPO 3228",SUPPLY OF INSS2460 DARK GREY,Firestop/ DC 315,Fire,24570,AED,Samar T.,Order
5177,Q-1192-F10637,FIRESTOP,03 Aug 2020,IQ,Jumairah L.I.,1814 G+M+1 WAREHOUSE= OFFICES SBB # LPO JLI/2020/364,SUPPLY OF INSS2460 BLACK,Firestop/ DC 315,Fire,8662.5,AED,Samar T.,Order
5178,RFQ-1192-R1507,FIRESTOP,29 Jul 2020,RFQ,Sel C.R.,Supply Of Mitsubishi  Lancer 1.6 Ltr. Monthly Rental,Mitsubishi  Lancer 1.6 Ltr. Monthly Rental,Rental,Rental,5775,AED, ,Order
5179,Q-1192-F10636,FIRESTOP,29 Jul 2020,IQ,Inayah E.W.,ONE TOWER# LPO/MVL/4501/07,SUPPLY OF INSS1440 5G PAIL,Firestop/ DC 315,Fire,7245,AED,Muhammad N.,Order
5180,Q-1192-F10635,FIRESTOP,29 Jul 2020,IQ,Blue T.E.,INDEX FIXING,"SUPPLY OF THREADED ROD, SLOTTED CHANNEL, INDEXTRUT, HEXAOGONAL NUT,DROP IN ANCHOR,",Firestop/ DC 315,Fire,325095.75,AED,Samer H.,Quotation
5181,Q-1192-F10630A,FIRESTOP,29 Jul 2020,IQ,Blue T.E.,INDEX FIXING,"SUPPLY OF THREADED ROD, SLOTTED CHANNEL, INDEXTRUT, HEXAOGONAL NUT,DROP IN ANCHOR,",Firestop/ DC 315,Fire,355020.75,AED,Samer H.,Quotation
5182,Q-1192-F10634,FIRESTOP,29 Jul 2020,IQ,Kasco p.D.,KASCO TOWER# LPO 466,SUPPLY OF INSS1440 5G PAIL,Firestop/ DC 315,Fire,696.15,AED,Habib B.,Order
5183,Q-1192-F10633,FIRESTOP,29 Jul 2020,IQ,Dubco C.L.,"MASJID AL AZIZ (G+1), PLO NO.: 617-2874, NADD AL SHIBA FOURTH, DUBAI_LPO#/Q3-23415",SUPPLY OF MVL FIRESTOP MATERIALS,Firestop/ DC 315,Fire,7432.95,AED,Habib B.,Order
5184,Q-1192-F10632,FIRESTOP,28 Jul 2020,IQ,Controls M.E.,FIRESTOPPING PROJECT,SUPPLY OF INSS1440,Firestop/ DC 315,Fire,840,AED,Samar T.,Quotation
5185,RFQ-3734-S9089,"MVL USA, INC",28 Jul 2020,RFQ,Uc -.U.,"(QTR-173) W912ER-19-C-0016 Consolidated Squadron Operations Facility, Al Udeid Air Base, Qatar","Provision Of Civil &amp; Structural Eng, Mechanical &amp; Plumbing Eng., Elect &amp; Comms Eng, Architect, And Engineers",Subcontract,Services,73335.95,USD, ,Order
5186,Q-1192-F10631,FIRESTOP,28 Jul 2020,IQ,Al Q.G.,1189-UG+G+4P+14F+R-GARGASH- DXB #LPO 102001976,SUPPLY OF INSS1186,Firestop/ DC 315,Fire,7875,AED,Muhammad N.,Order
5187,Q-1192-F10630,FIRESTOP,28 Jul 2020,IQ,Blue T.E.,INDEX FIXING,"SUPPLY OF THREADED ROD, SLOTTED CHANNEL, INDEXTRUT, HEXAOGONAL NUT,DROP IN ANCHOR,",Firestop/ DC 315,Fire,355020.75,AED,Samer H.,Quotation
5188,RFQ-2797-A5201,MACRO,28 Jul 2020,RFQ,Chongqing M.B.,W5J9JE18C0008 &ndash; MOI COMPLEX FEMALE POLICE TOWN PHASE II,APPROVED FIRE RATED AND NON FIRE RATED DOORS,Doors,Architectural,208398,USD, ,Order
5189,RFQ-3550-V4252B,MVL Nepal,27 Jul 2020,RFQ,J.m.t. G.P.,"72036719F00003 - Nepal Community Reconstruction Program (NRCP) IDIQ Contract, Task Order For The Reconstruction Of Schools And Health Facilities In Sindhuli District Of Nepal",Cement (OPC) Hongshi Cement,Building Materials,Various,1020004.88,NPR, ,Order
5190,Q-1192-F10629,FIRESTOP,27 Jul 2020,IQ,Al Q.G.,1190-UG+G+4P+14F+R-OWAIS-DXB # LPO NO.102001962,SUPPLY OF INSS1186,Firestop/ DC 315,Fire,15750,AED,Muhammad N.,Order
5191,Q-1192-F10628,FIRESTOP,27 Jul 2020,IQ,Al T.T.,LPO 14853,SUPPLY OF INSS2460 BLACK,Firestop/ DC 315,Fire,24360,AED,Arun stephen ,Order
5192,Q-1192-F10627,FIRESTOP,27 Jul 2020,IQ,Al A.A.,BURJ VISTA,SUPPLY OF INSS1186,Firestop/ DC 315,Fire,37999.5,AED,Arun stephen ,Quotation
5193,Q-1192-F10626,FIRESTOP,27 Jul 2020,IQ,Lootah G.o.,FIRESTOPPING PROJECT,"SUPPLY OF INSS2460, INSS0285",Firestop/ DC 315,Fire,40.95,AED,Samar T.,Quotation
5194,RFQ-2797-A5302,MACRO,26 Jul 2020,RFQ,Aziz U.N.,W5J9JE18C0008 &ndash; MOI COMPLEX FEMALE POLICE TOWN PHASE II,EIFS System Application And Roof Insulation,Paints,Architectural,192380,USD, ,Order
5195,Q-1192-F10625,FIRESTOP,26 Jul 2020,IQ,Arabian I.C.,ANCHOR BOLTS,SUPPLY OF SSA4 ANCHOR BOLTS FOR CRACKED CONCRETE,Firestop/ DC 315,Fire,274119.31,AED,M.hassan ,Quotation
5196,Q-1192-F10624,FIRESTOP,26 Jul 2020,IQ,Pgs G.C.,Derbay Residance Meydan # LPO PGS/LAG/LPO-024,SUPPLY OF INSS1440,Firestop/ DC 315,Fire,5775,AED,Samar T.,Order
5197,Q-1192-F10573A,FIRESTOP,26 Jul 2020,IQ,Al R.A.,JOB NO.531 # LPO NO.642,SUPPLY OF INSS2460,Firestop/ DC 315,Fire,27300,AED,Samar T.,Order
5198,Q-1005-L4111,MACRO,26 Jul 2020,IQ,Abdul K.C.,"Door To Door Couier From King Of Prussia, PA 19406, USA To FPT1",Door To Door Couier Of 1 Box From Avengers USA To FPT1,Transportation,Logistics,830,USD, ,Order
5199,RFQ-3550-V4262,MVL Nepal,26 Jul 2020,RFQ,Sashi I.U.,"72036719F00003 - Nepal Community Reconstruction Program (NRCP) IDIQ Contract, Task Order For The Reconstruction Of Schools And Health Facilities In Sindhuli District Of Nepal",Bulidng Materials - Brick,Building Materials,Various,2900000,NPR, ,Order
5200,Q-1192-F10623,FIRESTOP,26 Jul 2020,IQ,China P.E.,FIRE STOPPING PROJECT_HABSHAN CAMP 1_ PO# BIFP-FCC-1557-2020,SUPPLY OF INSS1186,Firestop/ DC 315,Fire,3150,AED,Samer H.,Order
5201,Q-1192-F10621A,FIRESTOP,23 Jul 2020,IQ,Al M.B.,FIRESTOPPING PROJECT,SUPPLY OF INSS1186,Firestop/ DC 315,Fire,34650,AED,Muhammad N.,Quotation
5202,Q-1192-F10622,FIRESTOP,23 Jul 2020,IQ,Safety W.,Master Building-Harbor Views-Amana # LPO 1404,Supply Of Fire Stop Materials INSS1186 &amp; MEP MATERIALS,Firestop/ DC 315,Fire,7623,AED,Habib B.,Order
5203,Q-1192-F10621,FIRESTOP,23 Jul 2020,IQ,Al M.B.,FIRESTOPPING PROJECT,SUPPLY OF INSS1186,Firestop/ DC 315,Fire,882,AED,Muhammad N.,Quotation
5204,Q-1192-F10570A,FIRESTOP,23 Jul 2020,IQ,Zein S.C.,"G+8 RESIDENTIAL BUILDING+ROOF GYM, AL BARSHA SOUTH, DUBAI# LPO 623/2020",SUPPLY OF  INFS0812,Firestop/ DC 315,Fire,3360,AED,Habib B.,Order
5205,RFQ-2797-V4251,MACRO,22 Jul 2020,RFQ,United C.&.,Supply Of Wall Tiles And Floor Tiles RAK,Wall Tiles And Floor Tiles RAK,Building Materials,Various,40874.4,USD, ,Order
5206,RFQ-2797-A5301,MACRO,22 Jul 2020,RFQ,Norson C.I.,Supply Of Homex Paints,Homex Paints,Paints,Architectural,33214.5,USD, ,Order
5207,Q-1192-F10620,FIRESTOP,22 Jul 2020,IQ,International H.C.,Saudi German Hospital &ndash; Extension Barsha III &ndash; Dubai,SUPPLY OF INFS0812 &amp; MOPUR,Firestop/ DC 315,Fire,1911,AED,Habib B.,Order
5208,Q-1192-F10542C,FIRESTOP,22 Jul 2020,IQ,Jpm A.T.,"HPR-PROJECT (G+9),PLOT NO:6318845, HADEEQ SHEIKH MOHD BIN RASHID-DUBAI# LPO Jpm/MvL/006/2020",SUPPLY OF D64,Firestop/ DC 315,Fire,577.5,AED,Arun stephen ,Order
5209,RFQ-1192-V4304,FIRESTOP,22 Jul 2020,RFQ,Fujairah R.F.,Supply Of SLAB WITHOUT FACING (SXXX) Density: 120Kg/M3 Thickness: 50mm Size:1.2 MtrX 0.6 Mtr+,SLAB WITHOUT FACING (SXXX) Density: 120Kg/M3 Thickness: 50mm Size:1.2 MtrX 0.6 Mtr Qty. 402 Sheets,Building Materials,Various,7421.53,AED, ,Order
5210,Q-1192-F10542B,FIRESTOP,21 Jul 2020,IQ,Jpm A.T.,"HPR-PROJECT (G+9),PLOT NO:6318845, HADEEQ SHEIKH MOHD BIN RASHID-DUBAI# LPO Jpm/MvL/006/2020",SUPPLY OF D64,Firestop/ DC 315,Fire,577.5,AED,Arun stephen ,Quotation
5211,Q-1192-F10619,FIRESTOP,21 Jul 2020,IQ,Dubai P.L.,PROJECT#190251#LPO 54893,SUPPLY OF INSS1186,Firestop/ DC 315,Fire,52501.89,AED,Arun stephen ,Order
5212,Q-1192-F10618,FIRESTOP,21 Jul 2020,IQ,Arki G.D.,EXPO 2020 DUBAI JAPAN PAVILION PROJECT,SUPPLY OF INSS1440,Firestop/ DC 315,Fire,777,AED,Habib B.,Order
5213,Q-1192-F10617,FIRESTOP,21 Jul 2020,IQ,Pivot E.&.,"P145 Supply Of Waterproof Sealant For The Club Villas (150 Nos.), Dubai Hills, Dubai",SUPPLY OF INSS2460,Firestop/ DC 315,Fire,14700,AED,M.hassan ,Quotation
5214,Q-1192-F10616,FIRESTOP,21 Jul 2020,IQ,Mapco L.&.,"ALRAYAN DEVELOPMENT 2 BASEMENTS + GROUND + FIRST +SECOND +ROOF+SERVICE, PLOT NO. 18-07-009-010,  SECTOR HAI AL HUMAIRA CENTRAL DISTRICT, AL AIN.",Supply Of Fire Stop Materials MEP,Firestop/ DC 315,Fire,38577,AED,M.hassan ,Quotation
5215,Q-1192-F10615,FIRESTOP,21 Jul 2020,IQ,Tech C.,"TC #0027TECH TOWER COMMERCIAL &amp; RESIDENTIAL TOWER (G+5P+22TYP), PLOT NO.: 1142, AJMAN, PO # 2601-PO-000001630",SUPPLY OF MVL FIRESTOP MATERIALS,Firestop/ DC 315,Fire,41954.38,AED,Samar T.,Order
5216,Q-1192-F10614,FIRESTOP,20 Jul 2020,IQ,Dubco C.L.,"G+5 RESIDENTIAL BUIDLING,, AL WARQA FIRST, DUBAI",SUPPLY OF CFS01,Firestop/ DC 315,Fire,194.25,AED,Muhammad N.,Quotation
5217,Q-1192-F10613,FIRESTOP,20 Jul 2020,IQ,Arabian I.C.,ANCHOR BOLTS,"SUPPLY OF SS HEXAGONAL ANCHOR BOLTS,NUTS AND WASHER",Firestop/ DC 315,Fire,1795.5,AED,M.hassan ,Quotation
5218,RFQ-3550-V4261,MVL Nepal,20 Jul 2020,RFQ,Katkuwa S.,"72036719F00003 - Nepal Community Reconstruction Program (NRCP) IDIQ Contract, Task Order For The Reconstruction Of Schools And Health Facilities In Sindhuli District Of Nepal","Building Materials - Kapilakot, Mahadevsthan And Belghar",Building Materials,Various,12814200,NPR, ,Order
5219,Q-1192-F10518A,FIRESTOP,20 Jul 2020,IQ,Mesopot D.a.,B+MALL(G+1)+3P+11 RES FLOOR-AL NAHDA 2# LPO-M17-SUB-12#R1,Supply Of Fire Stop Materials MEP,Firestop/ DC 315,Fire,54156.84,AED,Arun stephen ,Order
5220,Q-1192-F10612,FIRESTOP,20 Jul 2020,IQ,Al S.A.,1085 G+5P+15 - AL ALAM ENGINEERING # LPO P02 17091,SUPPLY OF INSS1440,Firestop/ DC 315,Fire,1963.5,AED,Samar T.,Order
5221,Q-1192-F10595A,FIRESTOP,20 Jul 2020,IQ,International H.C.,FIRESTOPPING PROJECT,"SUPPLY OF INSS1440, INFS0812",Firestop/ DC 315,Fire,1032.15,AED,Habib B.,Order
5222,Q-1192-F10610,FIRESTOP,19 Jul 2020,IQ,Al Q.G.,1190-UG+G+4P+14F+R-OWAIS-DXB # LPO NO.102001902,SUPPLY OF INSS0285 &amp; INSS1186,Firestop/ DC 315,Fire,14700,AED,Muhammad N.,Order
5223,Q-1192-F10609,FIRESTOP,19 Jul 2020,IQ,Al Q.G.,1189-UG+G+4P+14F+R-GARGASH- DXB #LPO 102001901,SUPPLY OF INSS0285 &amp; INSS1186,Firestop/ DC 315,Fire,21168,AED,Muhammad N.,Order
5224,Q-1192-F10608,FIRESTOP,19 Jul 2020,IQ,Al F.C.,:  ABU DHABI FUTURE SCHOOLS PROGRAM PHASE 08 / PACKAGE 02 &amp; ABU DHABI FUTURE SCHOOLS PROGRAM PHASE 09 / PACKAGE 01 (ADEK),SUPPLY OF INDEX PU-FP,Firestop/ DC 315,Fire,47.25,AED,Habib B.,Quotation
5225,Q-1192-F10607,FIRESTOP,19 Jul 2020,IQ,Tiger C.C.,FIRESTOPPING PROJECT,SUPPLY OF INSS2460 BLACK,Firestop/ DC 315,Fire,546000,AED,Samar T.,Quotation
5226,Q-1192-F10606,FIRESTOP,19 Jul 2020,IQ,Eversafe C.L.,JOB 925-G+7 # LPO ECL 1206,"SUPPLY OF INSS1440, D64",Firestop/ DC 315,Fire,2504.25,AED,Muhammad N.,Order
5227,Q-1192-F10253A,FIRESTOP,19 Jul 2020,IQ,Ali M.&.,A1701-AL FATTAN DOWNTOWN #PO 132000309,SUPPLY OF INSS2460- ALS 128 GREY_,Firestop/ DC 315,Fire,162015,AED,Samar T.,Order
5228,RFQ-3742-V4352,"MVL USA, INC",19 Jul 2020,RFQ,Al A.A.,KUW-132 W912ER-19-C-0018,Supply Of MVL Flags,Misc.,Various,450,AED, ,Order
5229,Q-1005-E7033,"MVL USA, INC",16 Jul 2020,IQ,Elite P.E.,Supply &amp; Delivery Of LED Lighting Fixures-CSOF-Al Udeid Air Base,Supply &amp; Delivery Of LED Lighting Fixures-CSOF-Al Udeid Air Base,Electrical,Electrical,44520.9,USD, ,Order
5230,Q-1192-F10605,FIRESTOP,16 Jul 2020,IQ,Palgan I.C.,"CONSTRUCTION OF CLUBHOUSE &amp; RETAIL CENTER, JUMEIRAH PARK@ LPO 2418",SUPPLY OF INSS1186,Firestop/ DC 315,Fire,4620,AED,Habib B.,Order
5231,Q-1192-F10604,FIRESTOP,16 Jul 2020,IQ,Al S.A.,CHEMICAL ANCHORS,"SUPPLY OF MOPUR 3 0385, 0585",Firestop/ DC 315,Fire,196.35,AED,Samar T.,Order
5232,RFQ-2797-M4101,MACRO,16 Jul 2020,RFQ,Ekon H.E.,SUPPLY OF MULTISPLIT AC AND ACCESSORIES,APPROVED MULTISPLIT AC AND ACCESSORIES,Mechanical Items,Mechanical,90244.92,USD, ,Order
5233,Q-1192-F10603,FIRESTOP,15 Jul 2020,IQ,Safety W.,ALI &amp; SONS # AL SOFOUH # LPO 1392,SUPPLY OF INSS1186,Firestop/ DC 315,Fire,14962.5,AED,Samar T.,Order
5234,Q-1192-F10602,FIRESTOP,15 Jul 2020,IQ,Safety W.,AIROLINK AL QUSAIS PO # 1391,SUPPLY OF INSS1186,Firestop/ DC 315,Fire,24937.5,AED,Arun stephen ,Order
5235,RFQ-1192-V4426,FIRESTOP,15 Jul 2020,RFQ,King P.C.,Supply Of Delivery Note NCR A4 Size 1 Plus 3 4 Color Printing,Delivery Note NCR A4 Size 1 Plus 3 4 Color Printing,Misc.,Various,900,AED, ,Order
5236,Q-1005-V7022,MACRO,14 Jul 2020,IQ,Tatekan C.,Supply &amp; Delivery Of Toilet Accessories-FPT 2,Supply &amp; Delivery Of Toilet Accessories-FPT 2,Building Materials,Various,35436.85,USD,Mahesh B.,Quotation
5237,Q-1192-F10601,FIRESTOP,14 Jul 2020,IQ,True F.E.,"PROPOSED RESIDENTIAL BUILDING - B10, 14 &amp; B15 (2B+G+7TYP.) &amp; B11, 12 &amp; B13 (2B+G+9TYP.), MEYDAN ONE, DUBAI, UAE.",Supply Of Fire Stop Materials MEP,Firestop/ DC 315,Fire,330786.75,AED,Muhammad N.,Quotation
5238,Q-1192-F10600,FIRESTOP,14 Jul 2020,IQ,Al H.,"Al Mamsha 33 Nos. Buildings At Muwaileh Commercial Area ,Sharjah",SUPPLY OF FIRESTOP MATERIALS,Firestop/ DC 315,Fire,1907.85,AED,Samar T.,Quotation
5239,RFQ-1192-V4425,FIRESTOP,14 Jul 2020,RFQ,Smile C.,MVL Firestop Supply Of Inspection Labels,Inspection Labels,Misc.,Various,1500,AED, ,Order
5240,Q-1192-F10551A,FIRESTOP,14 Jul 2020,IQ,Eversafe C.L.,JOB-933-G+4 # ECL 1183,SUPPLY OF INFS0812 &amp; INSS1440,Firestop/ DC 315,Fire,4126.5,AED,Muhammad N.,Order
5241,Q-1192-F10599,FIRESTOP,13 Jul 2020,IQ,Mesopot D.a.,"Nesto Supermarket, Al Satwa, Dubai",Supply Of MVL-Inspection Label,Firestop/ DC 315,Fire,5.25,AED,Arun stephen ,Quotation
5242,Q-1192-F10528A,FIRESTOP,13 Jul 2020,IQ,Drc I.E.,P-92 # P-92/DRC/160720/097,"SUPPLY OF INFS0812, CFS01,D64",Firestop/ DC 315,Fire,4975.43,AED,Arun stephen ,Order
5243,Q-1192-F10575A,FIRESTOP,13 Jul 2020,IQ,Jumairah L.I.,1814+G+M+1 WAREHOUSE+OFFICE # LPO JLI/2020/329,SUPPLY OF INSS2460,Firestop/ DC 315,Fire,8662.5,AED,Samar T.,Order
5244,Q-1192-F10598,FIRESTOP,12 Jul 2020,IQ,Silver F.T.,"Proposed Hotel Building, G+3P+MECH F+14+HC, Plot No.: 3083, Sharjah, UAE.",Supply Of Fire Stop Materials MEP,Firestop/ DC 315,Fire,28740.6,AED,Samar T.,Quotation
5245,Q-1192-F10597,FIRESTOP,12 Jul 2020,IQ,Jpm A.T.,"HPR-PROJECT (G+9),PLOT NO:6318845, HADEEQ SHEIKH MOHD BIN RASHID-DUBAI# LPO Jpm/MvL/005/2020",SUPPLY OF INFS0812,Firestop/ DC 315,Fire,7350,AED,Arun stephen ,Order
5246,Q-1192-F10596,FIRESTOP,12 Jul 2020,IQ,Al H.B.,"Modification &amp; Extension , Plot No.5425,5423,5427,5419, Industrial 4, Sharjah# LPO 05060",SUPPLY OF INSS2460 BLACK,Firestop/ DC 315,Fire,2268,AED,Samar T.,Order
5247,Q-1192-F10595,FIRESTOP,12 Jul 2020,IQ,International H.C.,FIRESTOPPING PROJECT,"SUPPLY OF INSS1440, INFS0812",Firestop/ DC 315,Fire,6072.15,AED,Habib B.,Order
5248,Q-1192-F10594,FIRESTOP,12 Jul 2020,IQ,Nascon E.L.,PARAMOUNT HOTEL# LPO 1676-20,"SUPPLY OF CFS01 ,D120",Firestop/ DC 315,Fire,20092.9,AED,Arun stephen ,Order
5249,Q-1192-F10593,FIRESTOP,12 Jul 2020,IQ,Reliance A.&.,LPO #RAG-KC-141,SUPPLY OF INSS2460,Firestop/ DC 315,Fire,22680,AED,Samar T.,Order
5250,Q-1192-F10592,FIRESTOP,09 Jul 2020,IQ,Arabian I.C.,"ANCHOR BOLT, NUTS WASHER GRADE 8.8","SUPPLY OF ANCHOR BOLT, NUTS WASHER GRADE 8.8 &amp; ZINC PLATED",Firestop/ DC 315,Fire,7188.3,AED,M.hassan ,Quotation
5251,Q-1192-F10591,FIRESTOP,09 Jul 2020,IQ,Tech A.G.,FIRESTOPPING PROJECT,SUPPLY OF INSS2460 AND INSS0285,Firestop/ DC 315,Fire,40.95,AED,Samar T.,Quotation
5252,RFQ-1192-V4303,FIRESTOP,09 Jul 2020,RFQ,Fujairah R.F.,SUPPLY OF ROCKWOOL MATERIALS - FRF,SLAB WITHOUT FACING (SXXX) - D120 - 102 SHEETS,Building Materials,Various,2071.23,AED, ,Order
5253,Q-1192-F10590A,FIRESTOP,08 Jul 2020,IQ,Dubco C.L.,"MASJID AL AZIZ (G+1), PLO NO.: 617-2874, NADD AL SHIBA FOURTH, DUBAI",SUPPLY OF  MEP MATERIALS,Firestop/ DC 315,Fire,3614.1,AED,Habib B.,Quotation
5254,Q-1192-F10590,FIRESTOP,08 Jul 2020,IQ,Dubco C.L.,"MASJID AL AZIZ (G+1), PLO NO.: 617-2874, NADD AL SHIBA FOURTH, DUBAI, UAE",SUPPLY OF INSS1186,Firestop/ DC 315,Fire,11014.5,AED,Habib B.,Quotation
5255,Q-1192-F10589,FIRESTOP,08 Jul 2020,IQ,Al O.C.,P- 224-BLOOM HEIGHTS # PO 102000714,SUPPLY OF INFS0812,Firestop/ DC 315,Fire,23625,AED,Habib B.,Order
5256,Q-1192-F10588,FIRESTOP,07 Jul 2020,IQ,Al H.G.,FIRESTOPPING PROJECT,SUPPLY OF INSS1186,Firestop/ DC 315,Fire,19.95,AED,Samar T.,Quotation
5257,Q-1192-F10587,FIRESTOP,07 Jul 2020,IQ,Al H.G.,FIRESTOPPING PROJECT,SUPPLY OF INSS2460 &amp; INSS0285,Firestop/ DC 315,Fire,41.48,AED,Samar T.,Quotation
5258,Q-1005-V7020,MACRO,07 Jul 2020,IQ,Metron I.,Supply &amp; Delivery Of Plumbing Fixtures-FPT 2,Supply &amp; Delivery Of Plumbing Fixtures-FPT 2,Building Materials,Various,74855.6,USD, ,Quotation
5259,Q-1192-F10586,FIRESTOP,07 Jul 2020,IQ,Engineering A.S.,FIRESTOPPING PROJECT,SUPPLY OF INSS2460,Firestop/ DC 315,Fire,42,AED,Samar T.,Quotation
5260,Q-1192-F10585,FIRESTOP,07 Jul 2020,IQ,Safety W.,Sky Dive Project # LPO 1388,Supply Of SShoop-8cm And INFS0812-8Cm,Firestop/ DC 315,Fire,1709.4,AED,Habib B.,Order
5261,Q-1192-F10584,FIRESTOP,07 Jul 2020,IQ,National A.&.,FIRESTOPPING PROJECT,SUPPLY OF INSS2460 &amp; INSS0285,Firestop/ DC 315,Fire,42,AED,Samar T.,Quotation
5262,Q-1192-F10583,FIRESTOP,07 Jul 2020,IQ,Al I.C.,G+8 @ AL BARSHA,Supply Of Fire Stop Materials - CIVIL,Firestop/ DC 315,Fire,27037.5,AED,Samar T.,Quotation
5263,Q-1192-F10582,FIRESTOP,07 Jul 2020,IQ,Al I.C.,G+8 @ ALBARSHA,Supply Of Fire Stop Materials MEP,Firestop/ DC 315,Fire,36802.5,AED,Samar T.,Quotation
5264,Q-1005-M4031,MACRO,07 Jul 2020,IQ,Usace -.T.,W912ER20R0037 - PATRIOT Missile Assembly / Disassembly Facility (MADF) Heavy Equipment Procurement,EARTH MOVING AND EXCAVATING EQUIPMENT,Machine / Equipments,Mechanical,1076325.25,USD, ,Quotation
5265,Q-1005-M7035,MACRO,06 Jul 2020,IQ,Abdul K.C.,Supply &amp; Delivery Of Hose Valve - Fire Fighting - FPT 1,Supply &amp; Delivery Of Hose Valve - Fire Fighting - FPT 1,Mechanical Items,Mechanical,10605,USD, ,Order
5266,Q-1192-F10542A,FIRESTOP,06 Jul 2020,IQ,Jpm A.T.,"HPR-PROJECT (G+9),PLOT NO:6318845, HADEEQ SHEIKH MOHD BIN RASHID-DUBAI# LPO Jpm/MvL/004/2020",SUPPLY OF D64,Firestop/ DC 315,Fire,577.5,AED,Arun stephen ,Order
5267,Q-1192-F10581,FIRESTOP,06 Jul 2020,IQ,Al Q.G.,"CONSTRUCTION OF (UG+G+4P+14F+R) RESIDENTIAL/COMMERCIAL TOWER (GARGASH),                               PLOT NO.: 673-919, AL BARSHA SOUTH THIRD, DUBAI, UAE.",SUPPLY OF CFS01 AND ROCKWOOL,Firestop/ DC 315,Fire,14175,AED,Muhammad N.,Quotation
5268,Q-1192-F10580,FIRESTOP,06 Jul 2020,IQ,Al Q.G.,"1190- (UG+G+4P+14F+R) RESIDENTIAL/COMMERCIAL TOWER (AL OWAIS),# LPO 102001796   Rev 01                            PLOT NO.: 6730917, AL BARSHA SOUTH THIRD, DUBAI, UAE.","Supply Of CFS01,D120",Firestop/ DC 315,Fire,14175,AED,Muhammad N.,Order
5269,Q-1192-F10579,FIRESTOP,05 Jul 2020,IQ,Joint V.O.,"CONSTRUCTION OF ANIMAL CONSERVATION FACILITY AT DELEIKHA - PACKAGE 2, SECTOR ID: 075-044-000-P1, PLOT NO.: P1, ABU DHABI",Supply Of Fire Stop Materials - CIVIL,Firestop/ DC 315,Fire,13146,AED,Samer H.,Quotation
5270,Q-1192-F10578,FIRESTOP,05 Jul 2020,IQ,Joint V.O.,"CONSTRUCTION OF ANIMAL CONSERVATION FACILITY AT DELEIKHA - PACKAGE 2, SECTOR ID: 075-044-000-P1, PLOT NO.: P1, ABU DHABI",Supply Of Fire Stop Materials MEP,Firestop/ DC 315,Fire,3139.5,AED,Samer H.,Quotation
5271,Q-1192-F10577,FIRESTOP,05 Jul 2020,IQ,Eversafe C.L.,JOB 925-G+7 # LPO ECL 1135,Supply Of Fire Stop Materials MEP,Firestop/ DC 315,Fire,4677.75,AED,Muhammad N.,Order
5272,Q-1192-F10576,FIRESTOP,02 Jul 2020,IQ,Al Q.G.,1189-UG+G+4P+14F+R-GARGASH- DXB #LPO 102001719,SUPPLY OF INSS1186,Firestop/ DC 315,Fire,15120,AED,Muhammad N.,Order
5273,Q-1005-M7034,MACRO,02 Jul 2020,IQ,Metron I.,Supply &amp; Delivery Of Exhaust Fans-FPT 2,Supply &amp; Delivery Of Exhaust Fans-FPT 2,Mechanical Items,Mechanical,29949.4,USD,Mahesh B.,Quotation
5274,Q-1192-F10575,FIRESTOP,02 Jul 2020,IQ,Jumairah L.I.,1814+G+M+1 WAREHOUSE+OFFICE # LPO JLI/2020/306,SUPPLY OF INSS2460,Firestop/ DC 315,Fire,5775,AED,Samar T.,Order
5275,Q-1192-F10574,FIRESTOP,02 Jul 2020,IQ,Shabbir H.T.,FIRESTOPPING PROJECT,SUPPLY OF D120,Firestop/ DC 315,Fire,1050,AED,Samar T.,Order
5276,Q-1192-F10573,FIRESTOP,02 Jul 2020,IQ,Al R.A.,JOB NO.533 # LPO NO.614,SUPPLY OF INSS2460,Firestop/ DC 315,Fire,2887.5,AED,Samar T.,Order
5277,Q-1192-F10572,FIRESTOP,02 Jul 2020,IQ,Gulf S.E.,"COMM. AND RES. PROJECT, B+MALL(G+1)+3P+11 RES. FLOORS, PLOT NO.: 2410304, AL NAHDA 2ND, DUBAI, UAE",Supply Of Fire Stop Materials MEP,Firestop/ DC 315,Fire,31353,AED,Muhammad N.,Quotation
5278,Q-1192-F10571,FIRESTOP,01 Jul 2020,IQ,Al H.,Sharjah City For Humanitarian Services Tower (SCHST),SUPPLY OF INSS1186 600 ML,Firestop/ DC 315,Fire,19.95,AED,Samar T.,Quotation
5279,Q-1192-F10570,FIRESTOP,01 Jul 2020,IQ,Zein S.C.,"G+8 RESIDENTIAL BUILDING+ROOF GYM, AL BARSHA SOUTH, DUBAI# LPO 539/2020",SUPPLY OF INSS1440 &amp; INFS0812,Firestop/ DC 315,Fire,5486.25,AED,Habib B.,Order
5280,Q-1192-F10569,FIRESTOP,30 Jun 2020,IQ,Target E.C.,IGD Expansion Phase II (IGS2).,SUPPLY OF INSS1186 &amp; INSS0285,Firestop/ DC 315,Fire,4727.1,AED,Samer H.,Quotation
5281,Q-1005-E7032,MACRO,30 Jun 2020,IQ,Tatekan C.,Supply &amp; Delivery Of Lighting Fixture-FPT 2,Supply &amp; Delivery Of Lighting Fixture-FPT 2,Electrical,Electrical,74380.3,USD,Mahesh B.,Order
5282,Q-1192-F10568,FIRESTOP,30 Jun 2020,IQ,Nascon E.L.,Reva Damac # LPO 1656-20,SUPPLY OF MEP MATERIALS,Firestop/ DC 315,Fire,19676.7,AED,Arun stephen ,Order
5283,Q-1005-M7033,MACRO,30 Jun 2020,IQ,Tatekan C.,Supply &amp; Delivery Of Exhaust Fans-FPT 2,Supply &amp; Delivery Of Exhaust Fans-FPT 2,Mechanical Items,Mechanical,30414.3,USD, ,Quotation
5284,Q-1192-F10567,FIRESTOP,29 Jun 2020,IQ,Alibtikar A.T.,FIRESTOPPING PROJECT,SUPPLY OF DC 68 5G PAIL,Firestop/ DC 315,Fire,1417.5,AED,Habib B.,Order
5285,Q-1192-F10566,FIRESTOP,29 Jun 2020,IQ,Global H.a.,FIRESTOPPING PROJECT,Supply Of Fire Stop Materials,Firestop/ DC 315,Fire,2812.95,AED,Habib B.,Quotation
5286,Q-1192-F10554A,FIRESTOP,29 Jun 2020,IQ,Interiors I.I.,FIRESTOPPING PROJECT,SUPPLY OF DC68,Firestop/ DC 315,Fire,518.7,AED,Habib B.,Order
5287,Q-1005-V7019,MACRO,28 Jun 2020,IQ,Tatekan C.,Supply &amp; Delivery Of Child Water Closet - FPT 2,Supply &amp; Delivery Of Child Water Closet - FPT 2,Building Materials,Various,9075,USD, ,Quotation
5288,Q-1005-L4110,FIRESTOP,28 Jun 2020,IQ,Tatekan C.C.,Transportation Of Transformers Air Freight From Ankara To Morugue Site--Door To Door,Transportation Of Transformers Air Freight From Ankara To Morugue Site--Door To Door,Transportation,Logistics,3.9,USD, ,Quotation
5289,Q-1192-F10565,FIRESTOP,28 Jun 2020,IQ,Mbm G.E.,AVENUE - MIRDIFF,"SUPPLY OF INSS1440, FP05",Firestop/ DC 315,Fire,35752.5,AED,Arun stephen ,Quotation
5290,Q-1192-F10564,FIRESTOP,25 Jun 2020,IQ,Trojan G.C.,"GUGGENHEIM ABU DHABI PROJECT - MAIN WORKS, Saadiyat Island, Abu Dhabi, U.A.E",Supply Of Fire Stop Materials - CIVIL,Firestop/ DC 315,Fire,47313,AED,Habib B.,Quotation
5291,Q-1005-V7018,MACRO,25 Jun 2020,IQ,Abdul K.C.,Supply &amp; Delivery Of Grooved &amp; Threaded Fittings-FPT 1,Supply &amp; Delivery Of Grooved &amp; Threaded Fittings-FPT 1,Building Materials,Various,9891,USD,Mahesh B.,Order
5292,Q-1192-F10563,FIRESTOP,25 Jun 2020,IQ,Dhafra I.,"COMMERCIAL BUILDING (4B+G+M+15TYPICAL+LOWER ROOF), E18_01, PLOT NO.: C34, ABU DHABI CITY",Supply Of Fire Stop Materials - CIVIL,Firestop/ DC 315,Fire,22995,AED,Samer H.,Quotation
5293,Q-1192-F10562,FIRESTOP,25 Jun 2020,IQ,Dhafra I.,"COMMERCIAL BUILDING (4B+G+M+15TYPICAL+LOWER ROOF), E18_01, PLOT NO.: C34, ABU DHABI CITY",Supply Of Fire Stop Materials MEP,Firestop/ DC 315,Fire,70082.25,AED,Samer H.,Quotation
5294,Q-1192-F10561,FIRESTOP,25 Jun 2020,IQ,Al H.C.,"PROPOSED G+1P+13+R COMMERCIAL &amp; RESIDENTIAL BLDG., PLOT NO.: 6734086, AL ARJAN, DUBAI, UAE",SUPPLY OF INSS1186 &amp; D64,Firestop/ DC 315,Fire,42459.9,AED,Muhammad N.,Quotation
5295,Q-1192-F10560,FIRESTOP,24 Jun 2020,IQ,Arabian C.G.,RFQ 556 VISION TOWER AJMAN,SUPPLY OF INSS1440,Firestop/ DC 315,Fire,1575,AED,Samar T.,Quotation
5296,Q-1192-F10559,FIRESTOP,24 Jun 2020,IQ,Menasco M.C.,BURJ ROYALE PROJECT,Supply Of Fire Stop Materials,Firestop/ DC 315,Fire,844640.19,AED,Arun stephen ,Quotation
5297,Q-1192-F10557,FIRESTOP,24 Jun 2020,IQ,Eversafe C.L.,JOB 925-G+7 # LPO ECL 1083,SUPPLY OF INFS0812,Firestop/ DC 315,Fire,4347,AED,Muhammad N.,Order
5298,Q-1192-F10556,FIRESTOP,24 Jun 2020,IQ,Arabian C.G.,"2B+G+3P+16+LR+UR Commercial &amp; Residential Building, Plot No. 346-0763, Business Bay, Dubai, UAE",Supply Of Fire Stop Materials - MEP,Firestop/ DC 315,Fire,322600.31,AED,Habib B.,Quotation
5299,Q-1192-F10555,FIRESTOP,24 Jun 2020,IQ,Arabian C.G.,"2B+G+3P+16+LR+UR Commercial &amp; Residential Building,                   Plot No. 346-0763, Business Bay, Dubai, UAE",Supply Of Fire Stop Materials - CIVIL,Firestop/ DC 315,Fire,117022.5,AED,Habib B.,Quotation
5300,Q-1005-E7031,MACRO,23 Jun 2020,IQ,Metron I.,Supply &amp; Delivery Of SONY LED TV - FPT 1,Supply &amp; Delivery Of SONY LED TV - FPT 1,Electrical,Electrical,40964.4,USD,Mahesh B.,Order
5301,Q-1192-F10554,FIRESTOP,22 Jun 2020,IQ,Interiors I.I.,FIRESTOPPING PROJECT,SUPPLY OF DC68,Firestop/ DC 315,Fire,389.02,AED,Habib B.,Order
5302,Q-1192-F10553,FIRESTOP,22 Jun 2020,IQ,Safety W.,AL RAHBA COURT-ABUDHABI# LPO 1367,SUPPLY OF INSS0285,Firestop/ DC 315,Fire,1785,AED,Samer H.,Order
5303,Q-1192-F10552,FIRESTOP,22 Jun 2020,IQ,Al T.G.,FIRESTOPPING PROJECT,SUPPLY OF DC360,Firestop/ DC 315,Fire,367.5,AED,Samar T.,Quotation
5304,Q-1192-F10551,FIRESTOP,22 Jun 2020,IQ,Eversafe C.L.,JOB-933-G+4 # ECL 1070,SUPPLY OF INFS0812 &amp; INSS1440,Firestop/ DC 315,Fire,4961.25,AED,Muhammad N.,Order
5305,Q-1192-F10406F,FIRESTOP,22 Jun 2020,IQ,International H.C.,MOPUR585,SUPPLY OF MOPUR3585,Firestop/ DC 315,Fire,903,AED,Habib B.,Order
5306,Q-1192-F10493A,FIRESTOP,22 Jun 2020,IQ,Dubco C.L.,"G+5 RESIDENTIAL BUIDLING,, AL WARQA FIRST, DUBAI# LPO Q2-22818",SUPPLY OF INSS1440 5G PAIL,Firestop/ DC 315,Fire,1470,AED,Muhammad N.,Order
5307,RFQ-1192-V4301,FIRESTOP,22 Jun 2020,RFQ,Fujairah R.F.,MVL Firestop Rockwool 576 SQM D64,SLAB WITHOUT FACING (SXXX) Density 64Kg/M3 Thickness 50mm Size1.2 Mtr X 0.6 Mtr,Building Materials,Various,7874.5,AED, ,Order
5308,Q-1192-F10550,FIRESTOP,21 Jun 2020,IQ,Al H.,"Al Mamsha 33 Nos. Buildings At Muwaileh Commercial Area ,Sharjah",SUPPLY OF INFS0812,Firestop/ DC 315,Fire,75.6,AED,Samar T.,Quotation
5309,Q-1192-F10549,FIRESTOP,21 Jun 2020,IQ,Trojan G.C.,Maple Phase 3,Supply Of Fire Stop Materials,Firestop/ DC 315,Fire,31668,AED,Samer H.,Quotation
5310,Q-1192-F10548,FIRESTOP,21 Jun 2020,IQ,Manycon T.&.,FIRESTOPPING PROJECT,SUPPLY OF DC68 5G PAIL,Firestop/ DC 315,Fire,1627.5,AED,Habib B.,Quotation
5311,Q-1192-F10547A,FIRESTOP,21 Jun 2020,IQ,Nascon E.L.,PARAMOUNT TOWER #LPO 1428-20,"SUPPLY OF INSS1440, INFS0812",Firestop/ DC 315,Fire,23250.37,AED,Arun stephen ,Order
5312,Q-1192-F10547,FIRESTOP,21 Jun 2020,IQ,Nascon E.L.,PARAMOUNT TOWER #LPO 1427-20,"SUPPLY OF INSS1440, INFS0812",Firestop/ DC 315,Fire,23250.37,AED,Arun stephen ,Order
5313,Q-1192-F10546,FIRESTOP,21 Jun 2020,IQ,Al F.C.,AFC 131-MEYDAN PROJECT# LPO J15533,SUPPLY OF INSS1440 5G PAIL,Firestop/ DC 315,Fire,1211.7,AED,Habib B.,Order
5314,Q-1192-F10529A,FIRESTOP,21 Jun 2020,IQ,Kasco p.D.,KASCO TOWER # LPO 454,SUPPLY OF INFS0812,Firestop/ DC 315,Fire,3534.3,AED,Habib B.,Order
5315,Q-1192-F10545,FIRESTOP,17 Jun 2020,IQ,Pfc S.L.,FIRESTOPPING PROJECT,SUPPLY OF MVL FIRESTOP MATERIALS,Firestop/ DC 315,Fire,37199.25,USD,Arun stephen ,Quotation
5316,Q-1192-F10544,FIRESTOP,16 Jun 2020,IQ,Delta A.C.,BUSINESS BAY PROJECT# LPO 07373,SUPPLY OF INSS1186 600 ML,Firestop/ DC 315,Fire,10920,AED,Habib B.,Order
5317,Q-1192-F10543,FIRESTOP,16 Jun 2020,IQ,Pgs G.C.,DERBY RESIDENCE -MEYDAN PO # 00001280,SUPPLY OF CFS01,Firestop/ DC 315,Fire,3360,AED,Samar T.,Order
5318,Q-1192-F10542,FIRESTOP,16 Jun 2020,IQ,Jpm A.T.,"HPR-PROJECT (G+9),PLOT NO:6318845, HADEEQ SHEIKH MOHD BIN RASHID-DUBAI# LPO Jpm/MvL/003/202",SUPPLY OF D64,Firestop/ DC 315,Fire,577.5,AED,Arun stephen ,Order
5319,Q-1005-V7017,MACRO,16 Jun 2020,IQ,Abdul K.C.,Supply &amp; Delivery Of Ductile Iron Fittings - FPT 1,Supply &amp; Delivery Of Ductile Iron Fittings - FPT 1,Building Materials,Various,1835,USD,Mahesh B.,Quotation
5320,Q-1192-F10541,FIRESTOP,16 Jun 2020,IQ,Crown E.C.,"COMMERCIAL AND RESIDENTIAL BUILDING (3B+GF+ MEZZ+&nbsp;18TYP.), SECTOR NO E-15, PLOT NO C37, ABUDHABI, UAE",Supply Of Fire Stop Materials MEP,Firestop/ DC 315,Fire,5376,AED,Samer H.,Quotation
5321,Q-1192-F10540,FIRESTOP,16 Jun 2020,IQ,Al R.G.,"AL GHADEER RESIDENTIAL, PHASE - 2, ABU DHABI, UAE.",SUPPLY OF INFS0812,Firestop/ DC 315,Fire,934.5,AED,Habib B.,Order
5322,Q-1192-F10539,FIRESTOP,15 Jun 2020,IQ,Progress C.L.,"9 Residential Buildings On Plot Nos. 3474983, 3474984, 3474985, 3474987, 3474990, 3474991, 3474992, 3474994 &amp; 3474995 At Meydan District 1, Dubai, United Arab Emirates",Supply Of Fire Stop Materials - CIVIL,Firestop/ DC 315,Fire,117600,AED,Habib B.,Quotation
5323,Q-1192-F10538,FIRESTOP,14 Jun 2020,IQ,Mbm G.E.,"DAMAC VERA RESIDENTIAL TOWER B+G+3P+25+ROOF,BUSINESS BAY,DUBAI UAE,P114-00-DXB-2015-DAMAC RESIDENTIAL APARTMENT PLOT BB.B01.070 PO # PO303169",SUPPLY OF SSHOOP,Firestop/ DC 315,Fire,23373,AED,Arun stephen ,Order
5324,Q-1192-F10537,FIRESTOP,14 Jun 2020,IQ,New S.E.,"COMMERCIAL AND RESIDENTIAL BUILDING (2B+GF+6TYP.), PLOT NO.: 3730929, AL BARSHA FIRST, DUBAI, UAE",Supply Of Fire Stop Materials MEP,Firestop/ DC 315,Fire,26500.95,AED,Muhammad N.,Quotation
5325,Q-1192-F10510B,FIRESTOP,14 Jun 2020,IQ,Al R.A.,JOB 531/530 # LPO 590 REF # 20347,SUPPLY OF INSS2460 BLACK,Firestop/ DC 315,Fire,30618,AED,Samar T.,Order
5326,Q-1192-F10406E,FIRESTOP,14 Jun 2020,IQ,International H.C.,CHEMICAL ANCHORS,SUPPLY OF MOPUR3585,Firestop/ DC 315,Fire,903,AED,Habib B.,Order
5327,Q-1005-E7030,MACRO,11 Jun 2020,IQ,Tatekan C.,Supply &amp; Delivery Of Pad &amp; Pole Mounted Transformers-FPT 2,Supply &amp; Delivery Of Pad &amp; Pole Mounted Transformers-FPT 2,Electrical,Electrical,150000.05,USD, ,Order
5328,Q-1192-F10536,FIRESTOP,11 Jun 2020,IQ,Arabian I.C.,FIRESTOPPING PROJECT,SUPPLY OF INSS2460 BLACK,Firestop/ DC 315,Fire,17010,AED,M.hassan ,Quotation
5329,Q-1192-F10535,FIRESTOP,11 Jun 2020,IQ,Safety W.,ALI &amp; SONS- AL SUFOUH MIXED USE PO # 1354,SUPPLY OF INSS1186,Firestop/ DC 315,Fire,14962.5,AED,Samar T.,Order
5330,Q-1192-F10534,FIRESTOP,11 Jun 2020,IQ,Airolink I.C.,1075 Ministry Of Human Resource &amp; Emiratisation,SUPPLY OF INSS1186,Firestop/ DC 315,Fire,29400,AED,Arun stephen ,Quotation
5331,Q-1192-F10533,FIRESTOP,11 Jun 2020,IQ,Safety W.,AIROLINK AL QUSAIS  PO # 1355,SUPPLY OF INSS1186,Firestop/ DC 315,Fire,14962.5,AED,Arun stephen ,Order
5332,Q-1192-F10532,FIRESTOP,11 Jun 2020,IQ,Al F.C.,PROPOSED HOTEL APARTMENTS (1B+G+2P+12)  @ AL FURJAN LLC / PLOT AFMU 34_35A#LPO J15515,"SUPPLY OF INSS1440, D120, D64",Firestop/ DC 315,Fire,10017,AED,Muhammad N.,Order
5333,Q-1192-F10531,FIRESTOP,11 Jun 2020,IQ,Al F.C.,"PROPOSED HOTEL APARTMENTS (1B+G+2P+12)  @ AL# FURJAN LLC ,SHAISTA,PLOT NO. AFMU 15A-16B# LPOJ15509","SUPPLY OF INSS1440, D64,D120",Firestop/ DC 315,Fire,10017,AED,Muhammad N.,Order
5334,Q-1192-F10530,FIRESTOP,11 Jun 2020,IQ,Eversafe C.L.,JOB -925-G+7 # LPO ECL 1009,"SUPPLY OF INFS0812,SSHOOP",Firestop/ DC 315,Fire,5214.82,AED,Muhammad N.,Order
5335,Q-1192-F10529,FIRESTOP,10 Jun 2020,IQ,Kasco p.D.,KASCO TOWER # LPO 447,SUPPLY OF INSS1440 5G PAIL,Firestop/ DC 315,Fire,1392.3,AED,Habib B.,Order
5336,Q-1192-F10309B,FIRESTOP,10 Jun 2020,IQ,Arki G.D.,EXPO 2020 DUBAI JAPAN PAVILION PROJECT # LPO 432,Supply Of Fire Stop Materials - CIVIL,Firestop/ DC 315,Fire,2772,AED,Habib B.,Order
5337,Q-1192-F10528,FIRESTOP,10 Jun 2020,IQ,Drc I.E.,P-107 PROPOSED (B+G+P+4) BUILDING AT PLOT JVC11HMRP003 @ AL BARSHA# LPO DRC/P107/090620/166,SUPPLY OF INFS0812,Firestop/ DC 315,Fire,2915.64,AED,Arun stephen ,Order
5338,Q-1005-L4109,MACRO,09 Jun 2020,IQ,Tatekan C.C.,"Transportation Door To Door From Dammam City Limits To FPT2,(Non Restricted Area) Kabul,Afghanistan","Transportation Door To Door From Dammam City Limits To FPT2,(Non Restricted Area) Kabul,Afghanistan",Transportation,Logistics,5750,USD, ,Quotation
5339,Q-1005-M7032,MACRO,09 Jun 2020,IQ,Abdul K.C.,Supply &amp; Delivery Of Grooved Fittings_Fire Sprinkler-FPT 1,Supply &amp; Delivery Of Grooved Fittings_Fire Sprinkler-FPT 1,Mechanical Items,Mechanical,8440,USD, ,Order
5340,Q-1192-F10527,FIRESTOP,08 Jun 2020,IQ,Metalu M.W.,ANCHORS AND SCREW S,ANCHORS AND SCREW WITH RAWL PUG,Firestop/ DC 315,Fire,3937.18,AED,Arun stephen ,Quotation
5341,Q-1005-V7016,MACRO,08 Jun 2020,IQ,Abdul K.C.,Supply &amp; Delivery Of Threaded Fittings-Fire Sprinkler-FPT 1,Supply &amp; Delivery Of Threaded Fittings-Fire Sprinkler-FPT 1,Building Materials,Various,6706.8,USD,Mahesh B.,Order
5342,Q-1192-F10433A,FIRESTOP,08 Jun 2020,IQ,New S.E.,"70-ROPOSED G+3P+9 TYP. FLOORS + ROOF GYM, PLOT NO.: 247-108, AL QUSAIS IND. FORTH,# LPO 20138",SUPPLY OF INSS1440,Firestop/ DC 315,Fire,6090,AED,Muhammad N.,Order
5343,Q-1192-F10510A,FIRESTOP,08 Jun 2020,IQ,Al R.A.,JOB 531 # LPO 533,SUPPLY OF INSS2460 BLACK,Firestop/ DC 315,Fire,5775,AED,Samar T.,Order
5344,Q-1192-F10526,FIRESTOP,08 Jun 2020,IQ,Dubai P.L.,PROJECT#190251#LPO 54624,SUPPLY OF INSS1186,Firestop/ DC 315,Fire,5250,AED,Arun stephen ,Order
5345,Q-1005-V7015,MACRO,07 Jun 2020,IQ,Abdul K.C.,Supply &amp; Delivery Of Mop Sink Faucet-FPT 1,Supply &amp; Delivery Of Mop Sink Faucet-FPT 1,Building Materials,Various,4845,USD, ,Order
5346,Q-1192-F10525,FIRESTOP,03 Jun 2020,IQ,Phases T.&.,FIRESTOPPING PROJECT,SUPPLY OF DC360,Firestop/ DC 315,Fire,350,AED,Habib B.,Quotation
5347,Q-1192-F10524,FIRESTOP,03 Jun 2020,IQ,Zein S.C.,"G+8 RESIDENTIAL BUILDING+ROOF GYM, AL BARSHA SOUTH, DUBAI# LPO 417/2020","SUPPLY OF INSS1440, INFS0812",Firestop/ DC 315,Fire,5486.25,AED,Habib B.,Order
5348,Q-1005-L4108,MACRO,03 Jun 2020,IQ,Tatekan C.C.,"Transportation From USA To KNMH Morgue,Project Kabul,Afghanistan","Ex-Works Various Shipment From USA To Kabul,Afghanistan",Transportation,Logistics,7500,USD, ,Quotation
5349,Q-1192-F10523,FIRESTOP,03 Jun 2020,IQ,Sumer C.C.,"PROPOSED G+2P+10+R RESIDENTIAL BUILDING AL BARSHA SOUTH THIRD, PLOT NO.: 3730862",SUPPLY OF CFS01,Firestop/ DC 315,Fire,2630.25,AED,Habib B.,Order
5350,Q-1192-F10413A,FIRESTOP,02 Jun 2020,IQ,Mbm G.E.,"DAMAC VERA RESIDENTIAL TOWER B+G+3P+25+ROOF,BUSINESS BAY,DUBAI UAE,P114-00-DXB-2015-DAMAC RESIDENTIAL APARTMENT PLOT BB.B01.070 PO-303104",Supply Of MVL FS INSPECTION LABELS,Firestop/ DC 315,Fire,6300,AED,Arun stephen ,Order
5351,Q-1192-F10522,FIRESTOP,01 Jun 2020,IQ,Kasco p.D.,"KASCO TOWER, BUSINESS BAY # LPO 443","SUPPLY OF INSS1440, INFS0812",Firestop/ DC 315,Fire,6979.35,AED,Habib B.,Order
5352,Q-1192-F10371A,FIRESTOP,01 Jun 2020,IQ,Safety W.,ALI &amp; SONS (AL SUFOUH MIXED USED DEVELOPMENT) PO #1349,SUPPLY OF INSPECTION LABELS,Firestop/ DC 315,Fire,735,AED,Samar T.,Order
5353,Q-1192-F10521,FIRESTOP,31 May 2020,IQ,Omis C.C.,FIRESTOPPING PROJECT,SUPPLY OF INSS0285 DARK GREY,Firestop/ DC 315,Fire,12.6,AED,Samar T.,Quotation
5354,Q-1192-F10520,FIRESTOP,31 May 2020,IQ,Petrotech T.E.,FIRESTOPPING PROJECT # LPO 36492,SUPPLY OF INSS1186,Firestop/ DC 315,Fire,619.5,AED,Samar T.,Order
5355,Q-1192-F10519,FIRESTOP,31 May 2020,IQ,Mas A.&.,FIRESTOPPING PROJECT,SUPPLY OF INSS2460,Firestop/ DC 315,Fire,24360,AED,Muhammad N.,Quotation
5356,Q-1192-F10518,FIRESTOP,31 May 2020,IQ,Mesopot D.a.,"Nesto Supermarket, Al Satwa, Dubai",Supply Of Fire Stop Materials MEP,Firestop/ DC 315,Fire,28031.85,AED,Arun stephen ,Quotation
5357,Q-1192-F10517,FIRESTOP,31 May 2020,IQ,Sama A.J.,FIRESTOPPING PROJECT,SUPPLY OF INSS2460 &amp; INSS0285,Firestop/ DC 315,Fire,40.95,AED,Samar T.,Quotation
5358,Q-1192-F10516,FIRESTOP,31 May 2020,IQ,Safety W.,"AL RAHBA , RULERS COURT # LPO 1346",SUPPLY OF INSS0285,Firestop/ DC 315,Fire,2231.25,AED,Islam S.,Order
5359,Q-1192-F10366A,FIRESTOP,31 May 2020,IQ,Technical A.C.,R-1083- PACKAGE A-G+6+R RESIDENTIAL BLDNG-AL WASL- QUSAIS PROJECT# LPO NO.05799,SUPPLY OF INSS0285 5G PAIL,Firestop/ DC 315,Fire,22680,AED,Samar T.,Order
5360,Q-1192-F10422A,FIRESTOP,31 May 2020,IQ,Eversafe C.L.,JOB -925 &amp; 933-G+7 # LPO ECL 0913,Supply Of Fire Stop Materials MEP,Firestop/ DC 315,Fire,4249.35,AED,Islam S.,Order
5361,Q-1192-F10515,FIRESTOP,28 May 2020,IQ,Arabian I.C.,ANCHOR BOLTS,SUPPLY OF MTH A4 BOLTS,Firestop/ DC 315,Fire,128425.5,AED,M.hassan ,Quotation
5362,Q-1192-F10514A,FIRESTOP,28 May 2020,IQ,Arabian I.C.,ANCHOR BOLTS,SUPPLY OF MTP A4 BOLTS,Firestop/ DC 315,Fire,147000,AED,M.hassan ,Quotation
5363,Q-1192-F10514,FIRESTOP,27 May 2020,IQ,Arabian I.C.,ANCHOR BOLTS,SUPPLY OF MTP A4 BOLTS,Firestop/ DC 315,Fire,147000,AED,M.hassan ,Quotation
5364,Q-1192-F10512B,FIRESTOP,27 May 2020,IQ,Nascon E.L.,Reva # LPO 1284-20,Supply Of Fire Stop Materials MEP,Firestop/ DC 315,Fire,17633.92,AED,Arun stephen ,Order
5365,Q-1192-F10512A,FIRESTOP,27 May 2020,IQ,Nascon E.L.,Reva # LPO 1283-20,Supply Of Fire Stop Materials MEP,Firestop/ DC 315,Fire,17633.92,AED,Arun stephen ,Order
5366,Q-1192-F10512,FIRESTOP,27 May 2020,IQ,Nascon E.L.,Reva # LPO 1282-20,Supply Of Fire Stop Materials MEP,Firestop/ DC 315,Fire,8816.95,AED,Arun stephen ,Order
5367,Q-1192-F10215C,FIRESTOP,27 May 2020,IQ,Al S.N.,"P 132-G+P+6+R RESIDENTIAL BUILDING, PLOT NO.: 6218562, WARSAN FIRST, DUBAI, UAE.# LPO 042708",Supply Of Fire Stop Materials - CIVIL,Firestop/ DC 315,Fire,5775,AED,Islam S.,Order
5368,RFQ-1192-R1506,FIRESTOP,27 May 2020,RFQ,Diamondlease L.,Firestop Vehicle Monthly Rental,2 Units Of Mitsubishi Lancer 1.6L 2017 MDL (Mr. Ajeesh And Mr. Nabeel),Rental,Rental,2940,AED, ,Order
5369,Q-1192-F10511,FIRESTOP,27 May 2020,IQ,Safety W.,"AMANA, SKY DIVE- DJ 271 # LPO 1343",Supply Of Fire Stop Materials,Firestop/ DC 315,Fire,5916.75,AED,Habib B.,Order
5370,Q-1192-F10406D,FIRESTOP,27 May 2020,IQ,International H.C.,CHEMICAL ANCHORS,SUPPLY OF MOPUR3585,Firestop/ DC 315,Fire,541.8,AED,Habib B.,Order
5371,Q-1192-F10510,FIRESTOP,27 May 2020,IQ,Al R.A.,JOB 531 # LPO 573,SUPPLY OF INSS2460 BLACK,Firestop/ DC 315,Fire,5775,AED,Samar T.,Order
5372,Q-1192-F10473A,FIRESTOP,21 May 2020,IQ,Fibrex L.,EMIRATES NATIONAL SCHOOL EXTENTION_PO REF NO: F-ALM-MOPA03-PUR-21017-2020.R-0,SUPPLY OF INSS2460 BLACK,Firestop/ DC 315,Fire,58771.12,AED,Islam S.,Order
5373,Q-1192-F10241B,FIRESTOP,21 May 2020,IQ,Delta A.C.,AP12110 # LPO 07349,SUPPLY OF INDEX MTP ANCHOR BOLTS,Firestop/ DC 315,Fire,472.5,AED,Islam S.,Order
5374,Q-1005-E7029,MACRO,21 May 2020,IQ,Metron I.,Supply &amp; Delivery Of Lighting Fixtures - FPT 2,Supply &amp; Delivery Of Lighting Fixtures - FPT 2,Electrical,Electrical,57989,USD,Mahesh B.,Order
5375,Q-1005-E7028,MACRO,20 May 2020,IQ,Tatekan C.,Supply &amp; Delivery Of Electrical Water Heater - FPT 2,Supply &amp; Delivery Of Electrical Water Heater - FPT 2,Electrical,Electrical,38741.5,USD,Mahesh B.,Order
5376,Q-1005-E7027,MACRO,20 May 2020,IQ,Tatekan C.,Supply &amp; Delivery Of Electrical Water Heater - FPT 2,Supply &amp; Delivery Of Electrical Water Heater - FPT 2,Electrical,Electrical,0,USD, ,Cancled
5377,Q-1005-M7031,MACRO,20 May 2020,IQ,Sohail M.C.,Supply &amp; Delivery Of Water Tank Accessories-FPT 1,Supply &amp; Delivery Of Water Tank Accessories-FPT 1,Mechanical Items,Mechanical,7305,USD, ,Quotation
5378,Q-1192-F10509,FIRESTOP,19 May 2020,IQ,Widest S.I.,ANCHORS,SUPPLY OF MOPUR &amp; EQ- STUD BOLT,Firestop/ DC 315,Fire,357420,AED,Habib B.,Quotation
5379,Q-1192-F10508,FIRESTOP,19 May 2020,IQ,Delta A.C.,J0013,SUPPLY OF INSS1186- 5 G PAIL,Firestop/ DC 315,Fire,873.6,AED,Islam S.,Quotation
5380,Q-1192-F10507,FIRESTOP,18 May 2020,IQ,Al F.C.,AFC131-RESIDENTIAL BUILDING FOR PRESCOTT@MEYDAN# LPO J15435,SUPPLY OF D64,Firestop/ DC 315,Fire,462,AED,Habib B.,Order
5381,Q-1192-F10506,FIRESTOP,18 May 2020,IQ,Al O.C.,220-AL OROBA BLOOM TOWERS #LPO 102000573 N MOCK UP,"SUPPLY OF CFS01, D120,INFS0812,FP05",Firestop/ DC 315,Fire,111226.5,AED,Habib B.,Order
5382,RFQ-1192-V4424,FIRESTOP,17 May 2020,RFQ,Smile C.,MVL Firestop,Inspection Label,Misc.,Various,1499.4,AED, ,Order
5383,Q-1192-F10505,FIRESTOP,17 May 2020,IQ,Obayashi M.E.,EXPO- JAPAN PAVILION,SUPPLY OF INSS1186,Firestop/ DC 315,Fire,8190,AED,Habib B.,Quotation
5384,RFQ-1192-F10504,FIRESTOP,14 May 2020,RFQ,Global F.I.,MVL Firestop,Order No. GLOBAL-20200514-11,Firestop/ DC 315,Fire,33840,USD, ,Order
5385,Q-1192-F10503,FIRESTOP,14 May 2020,IQ,Rals C.,"PROPOSED COMMERCIAL &amp; RESIDENTIAL BUILDING (B++3P+9TYP+GYM), PLOT NO:673084,  AL BARSHA SOUTH 3RD, DUBAI.",Supply Of Fire Stop Materials MEP,Firestop/ DC 315,Fire,495825.75,AED,Habib B.,Quotation
5386,Q-1192-F10406C,FIRESTOP,14 May 2020,IQ,International H.C.,CHEMICAL ANCHORS,SUPPLY OF MOPUR3585,Firestop/ DC 315,Fire,541.8,AED,Habib B.,Order
5387,Q-1192-F10502,FIRESTOP,14 May 2020,IQ,Jpm A.T.,"HPR J252 PROJECT (G+9), PLOT NO.: 6318845, HADAEQ SHEIK MOHD BIN RASHID, DUBAI# LPO JOM/MVL/002/2020",SUPPLY OF MVL-IL,Firestop/ DC 315,Fire,1102.5,AED,Arun stephen ,Order
5388,Q-1192-F10501,FIRESTOP,14 May 2020,IQ,Alfa M.I.,FIRESTOPPING PROJECT,SUPPLY OF INSS2460,Firestop/ DC 315,Fire,28.35,AED,Muhammad N.,Quotation
5389,Q-1192-F10500,FIRESTOP,13 May 2020,IQ,Raq C.C.,RDJ-125 JAFZA,SUPPLY OF INSS2460 BLACK,Firestop/ DC 315,Fire,9135,AED,Arun stephen ,Quotation
5390,Q-1192-F10306A,FIRESTOP,11 May 2020,IQ,Al Q.G.,1196-G+8P+14+R- AL NAHDA-DIB PROJECT # LPO 102001336,"SUPPLY OF INSS1186, INSS0285",Firestop/ DC 315,Fire,17955,AED,Muhammad N.,Order
5391,Q-1192-F10499,FIRESTOP,10 May 2020,IQ,Safety W.,AL RAHBA COURT-ABUDHABI # LPO 1336,Supply Of Fire Stop Materials MEP,Firestop/ DC 315,Fire,14726.25,AED,Islam S.,Order
5392,Q-1192-F10498,FIRESTOP,10 May 2020,IQ,Al T.T.,2206 # LPO 14712,SUPPLY OF INSS2460 BLACK,Firestop/ DC 315,Fire,36540,AED,Arun stephen ,Order
5393,Q-1192-F10497,FIRESTOP,10 May 2020,IQ,General E.&.,FIRESTOPPING PROJECT,SUPPLY OF FM011,Firestop/ DC 315,Fire,420,AED,Samer H.,Quotation
5394,Q-1192-F10309A,FIRESTOP,10 May 2020,IQ,Arki G.D.,EXPO 2020 DUBAI JAPAN PAVILION PROJECT # LPO 375,Supply Of Fire Stop Materials - CIVIL,Firestop/ DC 315,Fire,4284,AED,Habib B.,Order
5395,Q-1192-F10343A,FIRESTOP,10 May 2020,IQ,Khalifa L.C.,MURAQABBAT#LPO NO.1444,SUPPLY OF D64 &amp; D120,Firestop/ DC 315,Fire,735,AED,Samar T.,Order
5396,Q-1192-F10496,FIRESTOP,07 May 2020,IQ,Technomax M.E.,FIRESTOPPING PROJECT,SUPPLY OF FM011 &amp; D64,Firestop/ DC 315,Fire,451.5,AED,M.hassan ,Quotation
5397,Q-1192-F10495A,FIRESTOP,07 May 2020,IQ,Technomax M.E.,FIRESTOPPING PROJECT,SUPPLY OF FM011 &amp; D64,Firestop/ DC 315,Fire,0,AED,M.hassan ,Cancled
5398,Q-1192-F10495,FIRESTOP,07 May 2020,IQ,Technomax M.E.,FIRESTOPPING PROJECT,SUPPLY OF FM011 &amp; D64,Firestop/ DC 315,Fire,0,AED,M.hassan ,Cancled
5399,Q-1192-F10494,FIRESTOP,07 May 2020,IQ,Frayland L.C.,"JS252, 2B+G+14 AL THANIYAH, BARSHA # LPO FC29722","SUPPLY OF INSS1440, INSS1186",Firestop/ DC 315,Fire,2992.5,AED,Habib B.,Order
5400,RFQ-3734-S9085,"MVL USA, INC",06 May 2020,RFQ,Ancd -.A.,"(QTR-173) W912ER-19-C-0016 Consolidated Squadron Operations Facility, Al Udeid Air Base, State Of Qatar",UTILITIES AND WASTE COLLECTION (MVL Running Cost),Subcontract,Services,239627,USD, ,Order
5401,Q-1192-F10493,FIRESTOP,06 May 2020,IQ,Dubco C.L.,"G+5 RESIDENTIAL BUIDLING,, AL WARQA FIRST, DUBAI# LPO Q2-22173",SUPPLY OF INSS1440 5G PAIL,Firestop/ DC 315,Fire,2940,AED,Islam S.,Order
5402,Q-1192-F10492,FIRESTOP,05 May 2020,IQ,Dubai P.L.,"G+13, AL BARSHA # LPO NO.54357 &amp; 54379",SUPPLY OF INSS1186,Firestop/ DC 315,Fire,13125,AED,Arun stephen ,Order
5403,Q-1192-F10490A,FIRESTOP,05 May 2020,IQ,Ssangyong -.T.,"Deira Waterfront Development Phase-1, Plot 3, 4 No.'s , Residential, Office And Hotel Towers# LPO No.STJV-DWD-STJV-DWD-LPO-2020-04390",SUPPLY OF INSS1186,Firestop/ DC 315,Fire,97.65,AED,Samar T.,Order
5404,Q-1192-F10490,FIRESTOP,05 May 2020,IQ,Ssangyong -.T.,"Deira Waterfront Development Phase-1, Plot 3, 4 No.'s , Residential, Office And Hotel Towers# LPO No.STJV-DWD-STJV-DWD-LPO-2020-04389",SUPPLY OF INSS1186,Firestop/ DC 315,Fire,195.3,AED,Samar T.,Order
5405,Q-1192-F10489,FIRESTOP,04 May 2020,IQ,Envirograf P.F.,PAKISTAN PROJECT,SUPPLY OF DC68,Firestop/ DC 315,Fire,90,AED,Samar T.,Quotation
5406,Q-1192-F10488,FIRESTOP,04 May 2020,IQ,Pro G.,CHIPS FACTORY-SOLEYMANIAH IRAQ ERBIL,SUPPLY OF DC6150,Firestop/ DC 315,Fire,86400,AED,Islam S.,Quotation
5407,Q-1192-F10487,FIRESTOP,04 May 2020,IQ,Al S.N.,"P-130-FF-G+P+7+R+ RESIDENTIAL BUILDING ON PLOT NO.6218560,WARSAN FIRST# LPO 042545",SUPPLY OF INSS1186,Firestop/ DC 315,Fire,5775,AED,Islam S.,Order
5408,Q-1192-F10486,FIRESTOP,04 May 2020,IQ,Al S.N.,"P 131- G+P+6+R RESIDENTIAL BUILDING ON PLOT 621-8561@AL WARSAN FIRST , DUBAI # LPO 042542",SUPPLY OF INSS1186,Firestop/ DC 315,Fire,8662.5,AED,Islam S.,Order
5409,RFQ-1192-V4300,FIRESTOP,04 May 2020,RFQ,Fujairah R.F.,MVL Firestop - SLAB WITHOUT FACING (SXXX) - Density: 64Kg/M3 Thickness: 50mm Size:1.2 MtrX 0.6 Mtr,SLAB WITHOUT FACING (SXXX) - Density: 64Kg/M3 Thickness: 50mm Size:1.2 MtrX 0.6 Mtr,Building Materials,Various,2165.49,AED, ,Order
5410,Q-1192-F10485,FIRESTOP,03 May 2020,IQ,Manycon T.&.,FIRESTOPPING PROJECT,SUPPLY OF INSS0285,Firestop/ DC 315,Fire,165000,AED,Islam S.,Quotation
5411,Q-1192-F10483,FIRESTOP,30 Apr 2020,IQ,Al Q.G.,P1190,SUPPLY OF D64,Firestop/ DC 315,Fire,25.2,AED,Islam S.,Quotation
5412,Q-1192-F10482,FIRESTOP,30 Apr 2020,IQ,Al Q.G.,P 1189,SUPPLY OF D64,Firestop/ DC 315,Fire,25.2,AED,Islam S.,Quotation
5413,Q-1192-F10480A,FIRESTOP,29 Apr 2020,IQ,Line I.&.,Sharjah Central (Lulu Mall Sharjah),SUPPLY OF INSS1186,Firestop/ DC 315,Fire,105,AED,Islam S.,Quotation
5414,Q-1192-F10481,FIRESTOP,29 Apr 2020,IQ,Al H.,"Al Mamsha 33 Nos. Buildings At Muwaileh Commercial Area ,Sharjah",SUPPLY OF D64,Firestop/ DC 315,Fire,31.5,AED,Samar T.,Quotation
5415,Q-1192-F10388A,FIRESTOP,29 Apr 2020,IQ,Al O.C.,220-Bloom Towers-G+4P+1- 3 TOWERS # LPO 102000464,"SUPPLY OF INSS1440, 1186,0812,SSHOOP",Firestop/ DC 315,Fire,168105,AED,Habib B.,Order
5416,Q-1192-F10480,FIRESTOP,29 Apr 2020,IQ,Line I.&.,Sharjah Central (Lulu Mall Sharjah),SUPPLY OF INSS1186,Firestop/ DC 315,Fire,525,AED,Islam S.,Quotation
5417,Q-1192-F10479,FIRESTOP,28 Apr 2020,IQ,Jpm A.T.,"HPR-PROJECT (G+9),PLOT NO:6318845, HADEEQ SHEIKH MOHD BIN RASHID-DUBAI# LPO Jpm/Mvi/00 1/2020",Supply Of Fire Stop Materials MEP,Firestop/ DC 315,Fire,21735,AED,Arun stephen ,Order
5418,Q-1005-E7026,MACRO,27 Apr 2020,IQ,Metron I.,Supply &amp; Delivery Of Electric Water Heaters- FPT 2,Supply &amp; Delivery Of Electric Water Heaters- FPT 2,Electrical,Electrical,33581.5,USD,Mahesh B.,Order
5419,Q-1192-F10478,FIRESTOP,27 Apr 2020,IQ,Al A.C.,AC0010- SITE K1 648-9213# LPO 002/STO/2020/0062,Supply Of Fire Stop Materials MEP,Firestop/ DC 315,Fire,6226.5,AED,Muhammad N.,Order
5420,Q-1192-F10477,FIRESTOP,26 Apr 2020,IQ,Heat a.P.,"PROPOSED G+11+ROOF ( 2 NOS), RESIDENTIAL BUILDING,         PLOT NO: 6488583, AL WADI AL SAFA 5, DUBAI.",Supply Of Fire Stop Materials MEP,Firestop/ DC 315,Fire,43333.5,AED,Arun stephen ,Quotation
5421,Q-1005-E7025,MACRO,26 Apr 2020,IQ,Abdul K.C.,Supply &amp; Delivery Of GFCI Receptacle Parts- FPT 1,Supply &amp; Delivery Of GFCI Receptacle Parts- FPT 1,Electrical,Electrical,13054.2,USD,Mahesh B.,Order
5422,RFQ-1569-V4385,MACRO,25 Apr 2020,RFQ,Wahat A.J.,MVL PPE - HO Office,MVL PPE - HO Office,Misc.,Various,1980.3,AED, ,Order
5423,Q-1192-F10476,FIRESTOP,23 Apr 2020,IQ,Alfan A.E.,"New Showroom, Plot No.6658 # LPO 001/2020",SUPPLY OF INSS2460 BLACK,Firestop/ DC 315,Fire,2940,AED,Samar T.,Order
5424,Q-1192-F10475,FIRESTOP,23 Apr 2020,IQ,Fibrex L.,AL AIN HOSPITAL PROJECT PO # F-ALM-ASJ01-PUR-20456-2020. R.0,SUPPLY OF INSS2460 BLACK,Firestop/ DC 315,Fire,5355,AED,Islam S.,Order
5425,RFQ-1192-V4423,FIRESTOP,22 Apr 2020,RFQ,Boecker ,MVL Warehouse Germ Treatment - Single Application,MVL Warehouse Germ Treatment - Single Application,Misc.,Various,1365,AED, ,Order
5426,RFQ-1192-V4422,FIRESTOP,22 Apr 2020,RFQ,Boecker ,MVL Warehouse Germ Treatment - Single Application,MVL Warehouse Germ Treatment - Single Application,Misc.,Various,0,USD, ,Quotation
5427,Q-1192-F10435A,FIRESTOP,22 Apr 2020,IQ,Zein S.C.,"G+8 RESIDENTIAL BUILDING+ROOF GYM, AL BARSHA SOUTH, DUBAI# LPO 336/2020",SUPPLY OF INTUMESCENT STRIP,Firestop/ DC 315,Fire,4200,AED,Habib B.,Order
5428,Q-1192-F10474,FIRESTOP,22 Apr 2020,IQ,Drc I.E.,P-107 PROPOSED (B+G+P+4) BUILDING AT PLOT JVC11HMRP003 @ AL BARSHA# LPO DRC/P107/220420/126,SUPPLY OF INSS1440,Firestop/ DC 315,Fire,724.5,AED,Arun stephen ,Order
5429,Q-1005-L4107,MACRO,21 Apr 2020,IQ,Tatekan C.C.,Materials : Stair Nosing &amp; Joint Covers,"Transportation From Ex-works Anhui Province, China  To  KNMH Morgue Project, Kabul, Afghanistan",Transportation,Logistics,6975,USD, ,Quotation
5430,RFQ-3742-M4101,"MVL USA, INC",21 Apr 2020,RFQ,Denair E.S.,W912ER-19-C-0018 Care And Preservation Vehicle Maintenance Facility,Skid Mounted Diesel Air Compressor,Mechanical Items,Mechanical,26600,USD, ,Order
5431,Q-1192-A5103,FIRESTOP,21 Apr 2020,IQ,Fscunion Y.S.,FIRESTOPPING PROJECT,Supply Of Fire Stop Materials,Accessories / Connection for Sandwich Panel,Architectural,7134.6,USD,Avinash P.,Quotation
5432,Q-1192-F10473,FIRESTOP,21 Apr 2020,IQ,Fibrex L.,PO REF NO: F-ALM-MOPA03-PUR-20337-2020.R-0,SUPPLY OF INSS2460 BLACK,Firestop/ DC 315,Fire,58744.35,AED,Habib B.,Order
5433,Q-1192-F10472,FIRESTOP,20 Apr 2020,IQ,Pivot E.&.,"Najmat Residential Tower, Al Reem Island, Abu Dhabi",Supply Of Fire Stop Materials MEP,Firestop/ DC 315,Fire,126268.8,AED,M.hassan ,Quotation
5434,Q-1192-F10471,FIRESTOP,20 Apr 2020,IQ,United E.C.,264A CONSTRUCTION OF MULTI STORY RESIDENTIAL BUILDING  PO # 102001936,SUPPLY OF INSS1440,Firestop/ DC 315,Fire,11655,AED,Islam S.,Order
5435,Q-1192-F10470,FIRESTOP,19 Apr 2020,IQ,Firetech I.L.,FIRESTOPPING PROJECT,SUPPLY OF FIRESTOP COLLARS,Firestop/ DC 315,Fire,342,USD,Islam S.,Quotation
5436,Q-1192-F10469,FIRESTOP,19 Apr 2020,IQ,Arabian I.C.,ANCHOR BOLTS,"SUPPLY OF GRADE 8.8ANCHOR BOLTS, NUTS WASHERS",Firestop/ DC 315,Fire,10316.25,AED,M.hassan ,Quotation
5437,Q-1192-F10468,FIRESTOP,19 Apr 2020,IQ,Bok C.L.,"PROPOSED B+G+2+ROOF ( 5 NOS) ,RESIDENTIAL BUILDING , PLOT NO: JVC11RFRP003, AL BARSHA, DUBAI, UAE",SUPPLY OF MVL FIRESTOP MATERIALS,Firestop/ DC 315,Fire,6457.5,AED,Muhammad N.,Quotation
5438,Q-1192-F10467,FIRESTOP,19 Apr 2020,IQ,Bok C.L.,"PROPOSED B+G+2+ROOF ( 5 NOS) ,RESIDENTIAL BUILDING , PLOT NO: JVC11RFRP003, AL BARSHA, DUBAI # LPO 001/STO/2020/0027, 0033",SUPPLY OF MVL FIRESTOPOP MATERIAL S,Firestop/ DC 315,Fire,25137,AED,Muhammad N.,Order
5439,Q-1192-F10466,FIRESTOP,19 Apr 2020,IQ,Oxford A.&.,FIRESTOPPING PROJECT,SUPPLY OF INSS2460 GREY,Firestop/ DC 315,Fire,32760,AED,Islam S.,Quotation
5440,RFQ-3734-S9084,"MVL USA, INC",16 Apr 2020,RFQ,Installation I.2.,"(QTR-173) W912ER-19-C-0016 Consolidated Squadron Operations Facility, Al Udeid Air Base, Qatar",Air And Chilled Water Testing And Balancing And System  Drawing Review,Subcontract,Services,41000,QAR, ,Order
5441,Q-1192-F10464,FIRESTOP,16 Apr 2020,IQ,Fibrex L.,TERRACE PROJECT,SUPPLY OF INSS2460 BLACK,Firestop/ DC 315,Fire,57030.75,AED,Islam S.,Quotation
5442,Q-1192-F10463,FIRESTOP,16 Apr 2020,IQ,Cntc R.C.,"Development Of The Pixel Project, The Makers District,                        Sector No.: RS4, Plot No.: C2, Al Reem Island, Abu Dhabi, UAE.",Supply Of Fire Stop Materials MEP,Firestop/ DC 315,Fire,716945.25,AED,Samer H.,Quotation
5443,Q-1192-F10462,FIRESTOP,16 Apr 2020,IQ,New S.E.,56-AL BADAA # LPO 19736,SUPPLY OF INSS1440,Firestop/ DC 315,Fire,3815.7,AED,Muhammad N.,Order
5444,RFQ-3742-M4000,"MVL USA, INC",15 Apr 2020,RFQ,Gh C.A.,W912ER-19-C-0018 Care And Preservation Vehicle Maintenance Facility,Cranes,Machine / Equipments,Mechanical,1840000,AED, ,Order
5445,Q-1192-F10461,FIRESTOP,15 Apr 2020,IQ,Shapoorji P.M.,CREEK LAGOONS PROJECT,SUPPLY OF INSS0285,Firestop/ DC 315,Fire,434.7,AED,Islam S.,Quotation
5446,Q-1192-F10460,FIRESTOP,15 Apr 2020,IQ,Shapoorji P.M.,CREEK LAGOONS PROJECT,SUPPLY OF INSS1186,Firestop/ DC 315,Fire,646.64,AED,Islam S.,Quotation
5447,RFQ-1192-F10459,MACRO,15 Apr 2020,RFQ,Global F.I.,MVL Firestop - Order No. GLOBAL-20200415-10,Order No. GLOBAL-20200415-10,Firestop/ DC 315,Fire,65016,USD, ,Order
5448,Q-1192-F10458,FIRESTOP,15 Apr 2020,IQ,Lpflex B.I.,Adnoc Petrol Pump Ajman,SUPPLY OF INSS2460,Firestop/ DC 315,Fire,2940,AED,Muhammad N.,Order
5449,Q-1192-F10456,FIRESTOP,15 Apr 2020,IQ,Al F.A.,MVLF/J00671/1004,SUPPLY OF INSS2460 BLACK,Firestop/ DC 315,Fire,5880,AED,Samar T.,Order
5450,Q-1192-F10409A,FIRESTOP,14 Apr 2020,IQ,Al H.,"Al Mamsha 33 Nos. Buildings At Muwaileh Commercial Area ,Sharjah PO # 3250",Supply Of  INSS1440,Firestop/ DC 315,Fire,11025,AED,Samar T.,Order
5451,Q-1192-F10455,FIRESTOP,14 Apr 2020,IQ,Gulf A.C.,"ALPHA DATA ,PROPOSED BUILDING (G+4P+31 TYP),                                              PLOT NO.: JVC12WHRA 001, AL BARSHA SOUTH 4TH, DUABI, UAE",Supply Of Fire Stop Materials MEP,Firestop/ DC 315,Fire,122432.04,AED,Habib B.,Quotation
5452,Q-1192-F10406B,FIRESTOP,13 Apr 2020,IQ,International H.C.,CHEMICAL ANCHORS,SUPPLY OF MOPUR3585,Firestop/ DC 315,Fire,1083.6,AED,Habib B.,Order
5453,Q-1192-F10454,FIRESTOP,13 Apr 2020,IQ,Metal A.E.,LATIFA HOSPITAL # LPO MA-PO-BR-0205,SUPPLY OF INSS2460 ALM133,Firestop/ DC 315,Fire,1764,AED,Samar T.,Order
5454,Q-1192-F10453,FIRESTOP,13 Apr 2020,IQ,Frayland L.C.,"B+G+7 Ecos Hotel , Al Furjan","SUPPLY OF INSS1186, D64",Firestop/ DC 315,Fire,48.83,AED,Habib B.,Quotation
5455,Q-1192-F10444A,FIRESTOP,12 Apr 2020,IQ,Atcon C.L.,"P 108-PROPOSED B+G+4+R, RESDENTAL BUILDING,PLOT NO: JVT01HMRA003, AL BARSHA SOUTH 5TH,# LPO 3743",SUPPLY OF MVL FIRESTOP MATERIALS,Firestop/ DC 315,Fire,23373,AED,Muhammad N.,Order
5456,Q-1192-F9990C,FIRESTOP,12 Apr 2020,IQ,Al A.C.,Residential Bldg. (B+G+P+6+Health Club) PLOT 648-9213 / @ Wadi Al Safa 5 Dubai,SUPPLY OF D64T50,Firestop/ DC 315,Fire,126,AED,Muhammad N.,Order
5457,Q-1192-F10452,FIRESTOP,12 Apr 2020,IQ,Al A.C.,AC0010- SITE K1 648-9213,SUPPLY OFF D64,Firestop/ DC 315,Fire,126,AED,Muhammad N.,Cancled
5458,Q-1192-F10451,FIRESTOP,09 Apr 2020,IQ,Fscr ,TURKEY PROJECT,SUPPLY OF INSS1186,Firestop/ DC 315,Fire,13200,USD,M.hassan ,Quotation
5459,Q-1192-F10418A,FIRESTOP,09 Apr 2020,IQ,White A.A.,FIRESTOPPING PROJECT,SUPPLY OF INSS2460_WHITE,Firestop/ DC 315,Fire,882,AED,M.hassan ,Order
5460,Q-1192-F10450,FIRESTOP,09 Apr 2020,IQ,Protrade I.,FIRESTOPPING PROJECT,SUPPLY OF DC360,Firestop/ DC 315,Fire,11760,AED,Islam S.,Quotation
5461,Q-1192-F10449,FIRESTOP,09 Apr 2020,IQ,Tiger C.C.,JADAF PROJECT,"SUPPLY OF BOLTS,RIVTES,SCREWS",Firestop/ DC 315,Fire,23656.5,AED,Islam S.,Quotation
5462,Q-1192-F10448,FIRESTOP,08 Apr 2020,IQ,Creative A.a.,STAR BUILDING 1B+G+2P+12 @ AL AIN FURJAN PLOT # AFMU34_35A,SUPPLY OF FP04,Firestop/ DC 315,Fire,367.5,AED,Islam S.,Quotation
5463,Q-1192-F10050B,FIRESTOP,08 Apr 2020,IQ,Frayland L.C.,"PROPOSED 2B+G+14TYP+HC+ROOF RESIDENTIAL BUILDING, AL THANYAH 1ST, PLOT NO: C-005-006, TECOM, BARSHA HEIGHTS, DUBAI.",SUPPLY OF MVL FIRESTOP MATERIALS_CJ,Firestop/ DC 315,Fire,29005.46,AED,Habib B.,Cancled
5464,Q-1192-F10445A,FIRESTOP,07 Apr 2020,IQ,Al F.A.,FIRESTOPPING PROJECT PO # 5737,SUPPLY OF INSS2460 BLACK,Firestop/ DC 315,Fire,42525,AED,Muhammad N.,Order
5465,Q-1192-F10447,FIRESTOP,07 Apr 2020,IQ,Creative A.a.,ANCHOR BOLTS,SUPPLY OF THROUGH BOLT-NON CRACKED,Firestop/ DC 315,Fire,48.83,AED,Islam S.,Quotation
5466,RFQ-1192-V4299,FIRESTOP,07 Apr 2020,RFQ,Fujairah R.F.,MVL Firestop Materias - Rockwool,Rockwool Slab Unfaced (SXXX),Building Materials,Various,14511.3,AED, ,Order
5467,Q-1192-F10370A,FIRESTOP,07 Apr 2020,IQ,Al F.C.,AFC131-RESIDENTIAL BUILDING FOR PRESCOTT@MEYDAN# LPO J 15317,SUPPLY OF INSS0285,Firestop/ DC 315,Fire,13608,AED,Islam S.,Order
5468,Q-1192-F10446,FIRESTOP,06 Apr 2020,IQ,Oxford A.&.,FIRESTOPPING PROJECT,SUPPLY OF INSS2460 WHITE,Firestop/ DC 315,Fire,31500,AED,Islam S.,Quotation
5469,Q-1192-F10445,FIRESTOP,06 Apr 2020,IQ,Al F.A.,FIRESTOPPING PROJECT PO # 5732,SUPPLY OF INSS2460,Firestop/ DC 315,Fire,14175,AED,Muhammad N.,Order
5470,Q-1192-F10444,FIRESTOP,06 Apr 2020,IQ,Atcon C.L.,"P 108-PROPOSED B+G+4+R, RESDENTAL BUILDING,PLOT NO: JVT01HMRA003, AL BARSHA SOUTH 5TH, DUBAI",SUPPLY OF MVL FIRESTOP MATERIALS,Firestop/ DC 315,Fire,26649,AED,Muhammad N.,Quotation
5471,Q-1192-F8841A,FIRESTOP,05 Apr 2020,IQ,General C.C.,"2  BUILDINGS (G+P+8 FLOORS) STAFF HOUSING ON PLOT NO, IMPZH 06&amp;07 ON ME'AISEM COMMUNITY DUBAI UAE",Supply Of MVL Fire Stop Materials,Firestop/ DC 315,Fire,127966.65,AED,Samjith S.,Quotation
5472,Q-1192-F10443,FIRESTOP,05 Apr 2020,IQ,Alemco- E.M.,FIRESTOPPING PROJECT,SUPPLY OF INSS1440,Firestop/ DC 315,Fire,3824.62,AED,Islam S.,Quotation
5473,Q-1192-F10442,FIRESTOP,05 Apr 2020,IQ,Tiger C.C.,"G+4P+10+R Commercial &amp; Residential Building, Plot NO 3265630 @ Jaddaf, Dubai",SUPPLY OF INSS2460 Black,Firestop/ DC 315,Fire,6956.25,AED,Islam S.,Quotation
5474,Q-1192-F10407A,FIRESTOP,05 Apr 2020,IQ,Al S.N.,"P 131- G+P+6+R RESIDENTIAL BUILDING ON PLOT 621-8561@AL WARSAN FIRST , DUBAI # LPO 042323",SUPPLY OF INSS1186,Firestop/ DC 315,Fire,8662.5,AED,Islam S.,Order
5475,Q-1192-F10441,FIRESTOP,02 Apr 2020,IQ,Zebian A.&.,FIRESTOPPING PROJECT,SUPPLY OF INSS2460 BLACK,Firestop/ DC 315,Fire,27.82,AED,Habib B.,Quotation
5476,Q-1192-F10417A,FIRESTOP,01 Apr 2020,IQ,Kasco p.D.,KASCO TOWER # LPO 415,"SUPPLY OF INFS0812, INSS1440",Firestop/ DC 315,Fire,6811.9,AED,Habib B.,Order
5477,Q-1192-F10440,FIRESTOP,01 Apr 2020,IQ,Al S.E.,"EM138 - B+G+2+ROOF RETAIL &amp; RESIDENTIAL BUILDING ON PLOT NO 3621310, UMM SUQEIM 2ND #010149LPO 009889",SUPPLY OF INSS1440,Firestop/ DC 315,Fire,559.25,AED,Islam S.,Order
5478,Q-1192-F10439,FIRESTOP,01 Apr 2020,IQ,Ramadan E.I.,"VILLA (G+1) (6 NOS), PLOT NO.: 2144573 &amp; VILLA (G+1) (10 NOS), PLOT NO.: 2144574, AL GARHOUD, DUABI, UAE",Supply Of Fire Stop Materials,Firestop/ DC 315,Fire,8284.5,AED,M.hassan ,Quotation
5479,Q-1005-L4106,MACRO,01 Apr 2020,IQ,Tatekan C.C.,"Ex-Work Shanghai To Kabul, Afghanistan",Transportation Of Aluminum Windows From China - Sea 1x20ft,Transportation,Logistics,7500,USD, ,Quotation
5480,Q-1192-F9739A,FIRESTOP,01 Apr 2020,IQ,Al H.C.,PROPOSED 2B+G+8+R HOTEL BUILDING  PLOT 3347329 / AL SATWA DUBAI,Supply OfD64,Firestop/ DC 315,Fire,252,AED,Islam S.,Order
5481,Q-1192-F10389A,FIRESTOP,01 Apr 2020,IQ,Al R.A.,J530 # LPO 520,SUPPLY OF INSS2460 BLACK,Firestop/ DC 315,Fire,8662.5,AED,Samar T.,Order
5482,Q-1005-L4105,MACRO,01 Apr 2020,IQ,Abdul K.C.,"Ex-Works Door To Door From King Of Prussia, PA 19406, USA To FPT1",Transportation Of Balance Fire Alarm Materials From USA To FPT1,Transportation,Logistics,15037,USD, ,Order
5483,Q-1192-F10438,FIRESTOP,31 Mar 2020,IQ,Khalifa L.C.,MURAQABBAT#LPO NO.1426,SUPPLY OF INSS1440 SAUSAGE,Firestop/ DC 315,Fire,2310,AED,Samar T.,Order
5484,Q-1192-F10437,FIRESTOP,31 Mar 2020,IQ,Vincitore R.,ARJAN PROJECT,"SUPPLY OF INSS1440, CFS01",Firestop/ DC 315,Fire,7341.6,AED,Islam S.,Quotation
5485,Q-1192-F10168B,FIRESTOP,31 Mar 2020,IQ,Sumer C.C.,"PROPOSED G+2P+10+R RESIDENTIAL BUILDING AL BARSHA SOUTH THIRD, PLOT NO.: 3730862",SUPPLY OF INSS1440 5G PAIL,Firestop/ DC 315,Fire,3931.2,AED,Habib B.,Order
5486,Q-1005-L4104,MACRO,30 Mar 2020,IQ,Tatekan C.C.,Transportation Of Re-cirulating Pump,"Door To Door From Germany To KNMH Morgue, Kabul, Afghanistan",Transportation,Logistics,500,USD, ,Quotation
5487,Q-1005-L4103,MACRO,30 Mar 2020,IQ,Tatekan C.C.,Pricing FOB To Door Basis,"FOB Dalian Port To KNMH, Morgue, Kabul, Afghanistan",Transportation,Logistics,16050,USD, ,Quotation
5488,Q-1192-F10436,FIRESTOP,30 Mar 2020,IQ,Safety W.,AL TOWAYA CIVIL DEFENSE-SARAYA INTERIORS # LPO 1326,"SUPPLY OF INSS1440,INFS0812",Firestop/ DC 315,Fire,7297.5,AED,Islam S.,Order
5489,RFQ-1192-R1505,FIRESTOP,30 Mar 2020,RFQ,New S.O.,MVL Firestop Printer Rental 1 Year,1 Year Lease Of MX-3550V Printer With Maintainance,Rental,Rental,20752.2,AED, ,Order
5490,Q-1192-F10067A,FIRESTOP,30 Mar 2020,IQ,Al Q.G.,1189-UG+G+4P+14F+R-GARGASH- DXB #LPO 102000980,SUPPLY OF  INSS0285 DG,Firestop/ DC 315,Fire,13104,AED,Islam S.,Order
5491,Q-1192-F10435,FIRESTOP,30 Mar 2020,IQ,Zein S.C.,"G+8 RESIDENTIAL BUILDING+ROOF GYM, AL BARSHA SOUTH, DUBAI# LPO 286/2020",SUPPLY OF INTUMESCENT STRIP,Firestop/ DC 315,Fire,8400,AED,Habib B.,Order
5492,Q-1192-F10377A,FIRESTOP,30 Mar 2020,IQ,Al Q.G.,1144 G+50 GATE TOWER AL KHAN -SHARJAH PO # 102000832,SUPPLY OF INSS1186,Firestop/ DC 315,Fire,78750,AED,Muhammad N.,Order
5493,Q-1192-F10434,FIRESTOP,30 Mar 2020,IQ,Al A.E.,"PORT DE LA MER, 5 NOS RESIDENTIAL BUILDINGS,                     JUMEIRAH FIRST, DUBAI, UAE.",Supply Of Fire Stop Materials MEP,Firestop/ DC 315,Fire,155405.25,AED,M.hassan ,Quotation
5494,Q-1192-F10433,FIRESTOP,30 Mar 2020,IQ,New S.E.,"70-ROPOSED G+3P+9 TYP. FLOORS + ROOF GYM, PLOT NO.: 247-108, AL QUSAIS IND. FORTH,# LPO 19587",Supply Of Fire Stop Materials MEP,Firestop/ DC 315,Fire,19624.5,AED,Muhammad N.,Order
5495,Q-1192-F10432,FIRESTOP,30 Mar 2020,IQ,Royal I.C.,"PROPOSED VILLA +4 NOS ( G+1 ) TOWN HOUSE @ AL SAFOUH FIRST , DUBAI .Plot No.372-540# LPO NO.RIC204373",Supply Of Fire Stop Materials MEP,Firestop/ DC 315,Fire,3076.5,AED,M.hassan ,Order
5496,Q-1192-F10431,FIRESTOP,30 Mar 2020,IQ,Zein S.C.,"G+8 RESIDENTIAL BUILDING+ROOF GYM, AL BARSHA SOUTH, DUBAI# LPO 282/2020",SUPPLY OF INSS1440 5G PAIL,Firestop/ DC 315,Fire,3543.75,AED,Habib B.,Order
5497,Q-1192-F10430,FIRESTOP,25 Mar 2020,IQ,Dubco C.L.,PROPOSED G+4 TYP FLOORS / STAFF ACCOMMODATION / PLOT 614-0262,Supply Of Fire Stop Materials MEP,Firestop/ DC 315,Fire,230707.58,AED,Islam S.,Quotation
5498,Q-1192-F10429,FIRESTOP,25 Mar 2020,IQ,Dubco C.L.,PROPOSED G+4 TYP FLOORS / STAFF ACCOMMODATION / PLOT 614-0262,Supply Of Fire Stop Materials - CIVIL,Firestop/ DC 315,Fire,154313.25,AED,Islam S.,Quotation
5499,RFQ-1192-R1504,FIRESTOP,25 Mar 2020,RFQ,Diamondlease L.,MVL Firestop - Samar Taquir,Mitsubishi Lancer 1.6L 2017 MDL,Rental,Rental,1470,AED, ,Order
5500,Q-1192-F10428,FIRESTOP,25 Mar 2020,IQ,Al S.E.,"EM125 B+G+3+R RESIDECOMM.&amp;NTIAL BUILDING ON PLOT NO.3331014 , AL BADA , DUBAI# LPO NO. 010086",SUPPLY OF INSS1440 5G PAIL,Firestop/ DC 315,Fire,6606.15,AED,Islam S.,Order
5501,Q-1192-F9412D,FIRESTOP,25 Mar 2020,IQ,Ssangyong -.T.,"Deira Waterfront Development Phase-1, Plot 3, 4 No.'s , Residential, Office And Hotel Towers# LPO No.STJV-DWD-STJV-DWD-LPO-2020-04348",SUPPLY OF INSS1186,Firestop/ DC 315,Fire,1269.45,AED,Samar T.,Order
5502,Q-1192-F10427,FIRESTOP,25 Mar 2020,IQ,Al O.C.,P- 224-BLOOM HEIGHTS-224GEN020-092,SUPPLY OF INSS1186,Firestop/ DC 315,Fire,136500,AED,Habib B.,Order
5503,Q-1192-F10215B,FIRESTOP,24 Mar 2020,IQ,Al S.N.,"P 132-G+P+6+R RESIDENTIAL BUILDING, PLOT NO.: 6218562, WARSAN FIRST, DUBAI, UAE.# LPO 042179",Supply Of Fire Stop Materials - CIVIL,Firestop/ DC 315,Fire,8662.5,AED,Islam S.,Order
5504,Q-1192-F10406A,FIRESTOP,24 Mar 2020,IQ,International H.C.,CHEMICAL ANCHORS,SUPPLY OF MOPUR3585,Firestop/ DC 315,Fire,541.8,AED,Habib B.,Order
5505,Q-1192-F10426,FIRESTOP,23 Mar 2020,IQ,Al T.G.,15 Buildings Complex In Muweilah Sharjah,SUPPLY OF INSS1186,Firestop/ DC 315,Fire,603.75,AED,Samar T.,Quotation
5506,Q-1192-F10425,FIRESTOP,23 Mar 2020,IQ,Al Q.G.,1176-B+G+4+R-AL MURAQQABAT # LPO 102000911,SUPPLY OF D64 &amp; CFS01,Firestop/ DC 315,Fire,9607.5,AED,Islam S.,Order
5507,Q-1192-F10424,FIRESTOP,23 Mar 2020,IQ,Al S.N.,"P-130-FF-G+P+7+R+ RESIDENTIAL BUILDING ON PLOT NO.6218560,WARSAN FIRST , DUBAI",Supply Of Fire Stop Materials - CIVIL,Firestop/ DC 315,Fire,1249.5,AED,Islam S.,Quotation
5508,Q-1192-F10423,FIRESTOP,23 Mar 2020,IQ,Al H.,"AL MAMSHA 33 NOS. BUILDINGS AT MUWAILEH COMMERCIAL AREA, SHARJAH",SUPPLY OF MVL FIRESTOP MATERIALS,Firestop/ DC 315,Fire,506.1,AED,Samar T.,Quotation
5509,Q-1192-F9900B,FIRESTOP,23 Mar 2020,IQ,Al S.E.,"P 130-G+P+7+R+ RESIDENTIAL BUILDING ON PLOT NO.6218560,WARSAN FIRST , DUBAI",Supply Of Fire Stop Materials MEP,Firestop/ DC 315,Fire,27229.39,AED,Islam S.,Quotation
5510,Q-1192-F10414B,FIRESTOP,22 Mar 2020,IQ,Nascon E.L.,"DAMAC REVA RESIDENTIAL TOWER B+G+3P+26+ROOF,BUSINESS BAY,DUBAI UAE,P113-00-DXB-2018-DAMAC RESIDENTIAL APARTMENT PLOT BB.B01.071#LPO 0881-20",Supply Of Fire Stop Materials MEP,Firestop/ DC 315,Fire,17633.92,AED,Arun stephen ,Order
5511,Q-1192-F10414A,FIRESTOP,22 Mar 2020,IQ,Nascon E.L.,"DAMAC REVA RESIDENTIAL TOWER B+G+3P+26+ROOF,BUSINESS BAY,DUBAI UAE,P113-00-DXB-2018-DAMAC RESIDENTIAL APARTMENT PLOT BB.B01.071#LPO 0880-20",Supply Of Fire Stop Materials MEP,Firestop/ DC 315,Fire,17633.92,AED,Arun stephen ,Order
5512,Q-1192-F10422,FIRESTOP,22 Mar 2020,IQ,Eversafe C.L.,JOB -925-G+7 # LPO 0556,Supply Of Fire Stop Materials MEP,Firestop/ DC 315,Fire,5595.98,AED,Islam S.,Order
5513,Q-1192-F10168A,FIRESTOP,22 Mar 2020,IQ,Sumer C.C.,"PROPOSED G+2P+10+R RESIDENTIAL BUILDING AL BARSHA SOUTH THIRD, PLOT NO.: 3730862",SUPPLY OF INSS1440 Sausage,Firestop/ DC 315,Fire,1331.23,AED,Habib B.,Order
5514,Q-1192-F10421,FIRESTOP,20 Mar 2020,IQ,Al S.E.,EM133 G+5+R COMMERCIAL &amp; RESINDENTIAL BUILDING PLOT NO. 648_9160 PO # 010006,SUPPLY OF INSS1440,Firestop/ DC 315,Fire,550.51,AED,Islam S.,Order
5515,Q-1192-F10420,FIRESTOP,20 Mar 2020,IQ,Al S.E.,EM 129 G+6 RESINDENTIAL DEVELOPMENT  ON PLOT NO. 648-9161 AT AL WADI SAFA DUBAI UAE_ PO # 010005,SUPPLY OF INSS1440,Firestop/ DC 315,Fire,550.51,AED,Islam S.,Order
5516,Q-1192-F10419,FIRESTOP,20 Mar 2020,IQ,Al S.E.,"EM131   G+P+6+R RESIDENTIAL BLDG ON PLOT NO. 621-8561 WARSAN FIRST DUBAI, UAE _ PO # 010004",SUPPLY OF MVLFIRESTOP MATERIALS,Firestop/ DC 315,Fire,25817.72,AED,Islam S.,Order
5517,Q-1192-F10418,FIRESTOP,20 Mar 2020,IQ,White A.A.,FIRESTOPPING PROJECT,SUPPLY OF INSS2460_WHITE,Firestop/ DC 315,Fire,705.6,AED,M.hassan ,Quotation
5518,Q-1192-F10417,FIRESTOP,18 Mar 2020,IQ,Kasco p.D.,KASCO TOWER # LPO 407,"SUPPLY OF INFS0812, INSS1440",Firestop/ DC 315,Fire,6800.85,AED,Habib B.,Order
5519,Q-1192-F10416,FIRESTOP,17 Mar 2020,IQ,Al O.C.,224-BLOOM HEIGHTS- G+4P+2 TOWERS-29 &amp; 24 FLOORS# LPO 224GEN020-080,SUPPLY OF D64,Firestop/ DC 315,Fire,5040,AED,Habib B.,Order
5520,Q-1192-F10415,FIRESTOP,17 Mar 2020,IQ,Lazourdy C.&.,"RENOVATION OF REPTILE PARK IN AL AIN ZOO , SECTOR:AL AIN ZOO , PLOT:26-01-153-195 ,UAE",Supply Of Fire Stop Materials MEP,Firestop/ DC 315,Fire,3349.5,AED,Samer H.,Quotation
5521,Q-1005-V7014,MACRO,17 Mar 2020,IQ,Abdul K.C.,Supply &amp; Delivery Of Water Hammer Arrestor-FPT 1,Supply &amp; Delivery Of Water Hammer Arrestor-FPT 1,Building Materials,Various,3780,USD,Mahesh B.,Quotation
5522,Q-1192-F10414,FIRESTOP,17 Mar 2020,IQ,Nascon E.L.,"DAMAC REVA RESIDENTIAL TOWER B+G+3P+26+ROOF,BUSINESS BAY,DUBAI UAE,P113-00-DXB-2018-DAMAC RESIDENTIAL APARTMENT PLOT BB.B01.071#LPO 0879-20",Supply Of Fire Stop Materials MEP,Firestop/ DC 315,Fire,8816.95,AED,Arun stephen ,Order
5523,Q-1192-F10413,FIRESTOP,16 Mar 2020,IQ,Mbm G.E.,"DAMAC VERA RESIDENTIAL TOWER B+G+3P+25+ROOF,BUSINESS BAY,DUBAI UAE,P114-00-DXB-2015-DAMAC RESIDENTIAL APARTMENT PLOT BB.B01.070 PO # PO302783",Supply Of Fire Stop Materials,Firestop/ DC 315,Fire,248285.62,AED,Arun stephen ,Order
5524,Q-1192-F10412,MVL Abu Dhabi,16 Mar 2020,IQ,Nascon E.L.,"DAMAC REVA RESIDENTIAL TOWER B+G+3P+26+ROOF,BUSINESS BAY,DUBAI UAE,P113-00-DXB-2018-DAMAC RESIDENTIAL APARTMENT PLOT BB.B01.071",Supply Of Fire Stop Materials MEP,Firestop/ DC 315,Fire,9215,AED,Arun stephen ,Cancled
5525,Q-1192-F10411,FIRESTOP,16 Mar 2020,IQ,Lazourdy C.&.,"COMMERCIAL BUILDING &amp; RESIDENTIAL BUILDING FOR MOHAMMED SAFE RASHID SALMAN RAHMA AL MANSURI  (2B+G+MEZZ.+12TYP.+R), PLOT NO.: C101, SECTOR NO.: E4_02, ABUDHABI  ISLAND, ABUDHABI.",Supply Of Fire Stop Materials MEP,Firestop/ DC 315,Fire,47334,AED,Habib B.,Quotation
5526,Q-1192-F10410,FIRESTOP,16 Mar 2020,IQ,Metalu M.W.,M74,SUPPLY OF INSS2460 BLACK 7 MOPUR3 585,Firestop/ DC 315,Fire,20102.25,AED,Islam S.,Quotation
5527,Q-1192-F10409,FIRESTOP,16 Mar 2020,IQ,Al H.,"Al Mamsha 33 Nos. Buildings At Muwaileh Commercial Area ,Sharjah","Supply Of INSS1186, INSS1440",Firestop/ DC 315,Fire,37.27,AED,Samar T.,Quotation
5528,RFQ-1569-V4384,MACRO,16 Mar 2020,RFQ,Al R.T.,Service Contract Renewal Suzuki Car F62427 And F624228 90k Km To 120k Km Or 2 Yrs,Service Contract Renewal Suzuki Car F62427 And F624228 90k Km To 120k Km Or 2 Yrs,Misc.,Various,8175.3,AED, ,Order
5529,Q-1192-F10408,FIRESTOP,15 Mar 2020,IQ,Hashim C.C.,"Commercial Building 3B+G+11TYP+R Of Mr. Mohammed Matar Salem Al Kaabi At Sector RBW-7 Plot C-12, Abu Dhabi",Supply Of Fire Stop Materials MEP,Firestop/ DC 315,Fire,83388.9,AED,Samer H.,Quotation
5530,Q-1192-F10407,FIRESTOP,15 Mar 2020,IQ,Al S.N.,"P 131- G+P+6+R RESIDENTIAL BUILDING ON PLOT 621-8561@AL WARSAN FIRST , DUBAI # LPO 042064",SUPPLY OF INSS1186,Firestop/ DC 315,Fire,2887.5,AED,Islam S.,Order
5531,Q-1192-F10278B,FIRESTOP,15 Mar 2020,IQ,Arco I.L.,RENOVATION OF HAAD HEAD QUARTERS BUILDING # LPO AI19J15/414,Supply Of Fire Stop Materials MEP &amp; CIVIL,Firestop/ DC 315,Fire,39277.86,AED,M.hassan ,Order
5532,Q-1192-F10406,FIRESTOP,15 Mar 2020,IQ,International H.C.,CHEMICAL ANCHORS,SUPPLY OF MOPUR3585,Firestop/ DC 315,Fire,541.8,AED,Habib B.,Order
5533,Q-1192-F10405,FIRESTOP,15 Mar 2020,IQ,Kamal K.B.,AL QUSAIS HEIGHTS,Supply Of Fire Stop Materials MEP,Firestop/ DC 315,Fire,95737.95,AED,Muhammad N.,Quotation
5534,Q-1192-F10404,FIRESTOP,15 Mar 2020,IQ,Kamal K.B.,AL QUSAIS HEIGHTS,Supply Of Fire Stop Materials - CIVIL,Firestop/ DC 315,Fire,37695,AED,Muhammad N.,Quotation
5535,Q-1192-F10403,FIRESTOP,15 Mar 2020,IQ,Commissioning S.I.,FIRESTOPPING PROJECT,Supply Of Fire Stop Materials,Firestop/ DC 315,Fire,1842.75,AED,M.hassan ,Quotation
5536,Q-1192-F10402B,FIRESTOP,15 Mar 2020,IQ,Trojan G.C.,"WATER EDGE PROJECT# PROPOSED G+12 FLOORS+R MIXED USED BUILDING, PLOT NO.: 246-169, AL QUSAIS IND. 3RD, DUBAI, UAE",SUPPLY OF CIVIL MATERIALS,Firestop/ DC 315,Fire,495411,AED,Arun stephen ,Quotation
5537,Q-1192-F10402A,FIRESTOP,15 Mar 2020,IQ,Trojan G.C.,"WATER EDGE PROJECT# PROPOSED G+12 FLOORS+R MIXED USED BUILDING, PLOT NO.: 246-169, AL QUSAIS IND. 3RD, DUBAI, UAE",SUPPLY OF CIVIL MATERIALS,Firestop/ DC 315,Fire,742759.5,AED,Arun stephen ,Quotation
5538,Q-1192-F10402,FIRESTOP,15 Mar 2020,IQ,Trojan G.C.,"PROPOSED G+12 FLOORS+R MIXED USED BUILDING, PLOT NO.: 246-169, AL QUSAIS IND. 3RD, DUBAI, UAE.",SUPPLY OF CIVIL MATERIALS,Firestop/ DC 315,Fire,619426.5,AED,Arun stephen ,Quotation
5539,Q-1005-L4102,MACRO,14 Mar 2020,IQ,Abdul K.C.,Material : Braun Range Hood,"Ex-Works Door To Door From TX77036, USA To FPT1",Transportation,Logistics,9623,USD, ,Order
5540,Q-1005-V7013,MACRO,12 Mar 2020,IQ,Abdul K.C.,Supply &amp; Delivery Of Ceramic Soap Holder-FPT 1,Supply &amp; Delivery Of Ceramic Soap Holder-FPT 1,Building Materials,Various,4200,USD,Mahesh B.,Order
5541,Q-1005-L4101,MACRO,12 Mar 2020,IQ,Abdul K.C.,Materials : Fire Sprinkler,Ex-Works Door To Door From Jebel Ali To FPT1,Transportation,Logistics,3432,USD, ,Order
5542,Q-1192-F10401,FIRESTOP,12 Mar 2020,IQ,Al S.E.,"P-132-G+P+6+R RESIDENTIAL BUILDING, PLOT NO.: 6218562, WARSAN FIRST, DUBAI# LPO 009981",Supply Of Fire Stop Materials MEP,Firestop/ DC 315,Fire,23669.77,AED,Islam S.,Order
5543,Q-1192-F10336B,FIRESTOP,12 Mar 2020,IQ,Al S.E.,"P-132-G+P+6+R RESIDENTIAL BUILDING, PLOT NO.: 6218562, WARSAN FIRST, DUBAI# LPO 009981",Supply Of Fire Stop Materials MEP,Firestop/ DC 315,Fire,23023.16,AED,Islam S.,Cancled
5544,Q-1005-L4100,MACRO,12 Mar 2020,IQ,Abdul K.C.,"Ex-Works Door To Door From King Of Prussia, PA 19406, USA To FPT1",Materials : Fire Alarm Materials From USA-AKCC,Transportation,Logistics,17860,USD, ,Order
5545,Q-1192-F10400,FIRESTOP,12 Mar 2020,IQ,City C.C.,AL BARSHA PROJECT,SUPPLY OF INSS0285,Firestop/ DC 315,Fire,441,AED,Islam S.,Quotation
5546,Q-1192-F10399,FIRESTOP,12 Mar 2020,IQ,Kasco p.D.,KASCO TOWER,SUPPLY OF INSS1440 600 ML SAUSAGE,Firestop/ DC 315,Fire,739.2,AED,Habib B.,Order
5547,Q-1192-F10398,FIRESTOP,12 Mar 2020,IQ,Abr A.M.,AL MAMSHA BUILDINGS  AT MUWEILEH COMM. AREA SHARJAH,SUPPLY OF INSS1440 SAUSAGE,Firestop/ DC 315,Fire,63000,AED,Samar T.,Quotation
5548,Q-1192-F10241A,FIRESTOP,12 Mar 2020,IQ,Delta A.C.,AP12110 # LPO 07273,SUPPLY OF INDEX MTP ANCHOR BOLTS,Firestop/ DC 315,Fire,472.5,AED,Islam S.,Order
5549,Q-1192-F10397,FIRESTOP,12 Mar 2020,IQ,Unesia A.C.,MTP ANCHORS,SUPPLY OF MTP A4 ANCHORS,Firestop/ DC 315,Fire,642.04,AED,Islam S.,Quotation
5550,Q-1192-F10396,FIRESTOP,11 Mar 2020,IQ,Prime S.F.,FIRESTOPPING PROJECT,SUPPLY OF DC7120,Firestop/ DC 315,Fire,1260,AED,Habib B.,Quotation
5551,Q-1192-F10395,FIRESTOP,11 Mar 2020,IQ,Ramadan E.I.,"PROPOSED G+12 FLOORS+R MIXED USED BUILDING, PLOT NO.: 246-169, AL QUSAIS IND. 3RD, DUBAI, UAE.",Supply Of Fire Stop Materials - CIVIL,Firestop/ DC 315,Fire,33547.5,AED,M.hassan ,Quotation
5552,Q-1005-L4099,MACRO,11 Mar 2020,IQ,Abdul K.C.,Materials: GFCI Receptacles,"Ex-Works Door To Door From CT, 06082, USA To FPT1",Transportation,Logistics,3040,USD, ,Order
5553,Q-1192-F10292A,FIRESTOP,11 Mar 2020,IQ,Delta A.C.,"RAMEE HOTEL, 4B+G+19F+Roof Hotel Building #LPO 07267",SUPPLY OF INSS1186,Firestop/ DC 315,Fire,10920,AED,Islam S.,Order
5554,RFQ-1192-F10394,FIRESTOP,11 Mar 2020,RFQ,Global F.I.,MVL Firestop Materials - Order No. GLOBAL-20200311-09,MVL Firestop Materials - Order No. GLOBAL-20200311-09,Firestop/ DC 315,Fire,326065.09,USD, ,Order
5555,Q-1192-F10393,FIRESTOP,11 Mar 2020,IQ,Seema A.W.,FIRESTOPPING PROJECT,SUPPLY OF INSS2460 BLACK,Firestop/ DC 315,Fire,191100,AED,Samar T.,Quotation
5556,Q-1192-F10392,FIRESTOP,11 Mar 2020,IQ,Safety W.,AL TOWAYA CIVIL DEFENSE CENTER- ABUDHABI # LPO 1316,SUPPLY OF INSS1186 5G PAIL,Firestop/ DC 315,Fire,9975,AED,Islam S.,Order
5557,Q-1192-F10391,FIRESTOP,11 Mar 2020,IQ,International H.C.,Saudi German Hospital &ndash; Extension Barsha III &ndash; Dubai,SUPPLY OF INFS0812 6 CM,Firestop/ DC 315,Fire,2016,AED,Habib B.,Order
5558,RFQ-3728-M4101,MACRO,10 Mar 2020,RFQ,Coolex F.A.,W912D2-19-F0060 HVAC Project 1915C And 1915H,COOLEX AIR CONDITIONING UNIT,Mechanical Items,Mechanical,181940,QAR, ,Order
5559,Q-1192-F9585A,FIRESTOP,09 Mar 2020,IQ,Salmeen T.A.,FIRESTOPPING PROJECT,SUPPLY OF CH- INB ANTI SPIN SLEEVE ANCHOR,Firestop/ DC 315,Fire,4620,AED,Islam S.,Quotation
5560,Q-1192-F10390,FIRESTOP,09 Mar 2020,IQ,Al S.N.,P 130-G+P+7+R RESIDENTIAL BUILDING ON PLOT 621-8560@ AL WARSAN- # LPO 041964,SUPPLY OF INSS1186,Firestop/ DC 315,Fire,5775,AED,Islam S.,Order
5561,Q-1192-F10331A,FIRESTOP,08 Mar 2020,IQ,Kasco p.D.,Kasco Tower # LPO 388,SUPPLY OF  INFS0812,Firestop/ DC 315,Fire,4712.4,AED,Habib B.,Order
5562,RFQ-1569-V4383,MACRO,08 Mar 2020,RFQ,Al D.T.,MVL Office Long Sleeves For Men And 3/4 For Women,MVL Office Long Sleeves For Men And 3/4 For Women,Misc.,Various,2538.9,AED, ,Order
5563,Q-1192-F10389,FIRESTOP,08 Mar 2020,IQ,Al R.A.,J531-G+14 FNC PROJECT,SUPPLY OF INSS2460 BLACK,Firestop/ DC 315,Fire,14437.5,AED,Samar T.,Quotation
5564,Q-1192-F10388,FIRESTOP,08 Mar 2020,IQ,Al O.C.,220-Bloom Towers-G+4P+1- 3 TOWERS # LPO 102000373,"SUPPLY OF INSS1440, 1186,0812,SSHOOP",Firestop/ DC 315,Fire,194512.5,AED,Habib B.,Order
5565,Q-1192-F10387,FIRESTOP,08 Mar 2020,IQ,Tech C.,TC( TECH TOWER) # 0027-CONSTRUCTION OF RESIDENTIAL &amp; COMMERCIAL BUILDING#2601-PO-000001459,Supply Of Fire Stop Materials,Firestop/ DC 315,Fire,20925.45,AED,Samar T.,Order
5566,Q-1192-F10386,MVL Abu Dhabi,08 Mar 2020,IQ,Tech C.,TC( TECH TOWER) # 0027-CONSTRUCTION OF RESIDENTIAL &amp; COMMERCIAL BUILDING#2601-PO-000001459,SUPPLY OF INSS1440 5G PAIL,Firestop/ DC 315,Fire,0,AED,Samar T.,Cancled
5567,Q-1192-F10385,FIRESTOP,08 Mar 2020,IQ,Al R.G.,"AL GHADEER RESIDENTIAL, PHASE - 2, ABU DHABI, UAE.",Supply Of Fire Stop Materials,Firestop/ DC 315,Fire,0,AED,Habib B.,Quotation
5568,Q-1192-F9876C,FIRESTOP,05 Mar 2020,IQ,Alibtikar A.T.,Temporary Tent Of Al Baddad,SUPPLY OF DC 68 5G PAIL,Firestop/ DC 315,Fire,1417.5,AED,Islam S.,Order
5569,Q-1192-F9876B,FIRESTOP,05 Mar 2020,IQ,Alibtikar A.T.,FIRESTOPPING PROJECT,SUPPLY OF DC 68 5G PAIL,Firestop/ DC 315,Fire,1417.5,AED,Islam S.,Quotation
5570,Q-1192-F10384,FIRESTOP,05 Mar 2020,IQ,Kasco p.D.,KASCO TOWER # LPO 396,"SUPPLY OF INSS1440, INFS0812",Firestop/ DC 315,Fire,2268.3,AED,Habib B.,Order
5571,Q-1005-L4098,MACRO,05 Mar 2020,IQ,Abdul K.C.,Transportation From Ex.Works USA To FPT 1 - Broan Fans &amp; Shower Curtains,Transportation From Ex.Works USA To FPT 1 - Broan Fans &amp; Shower Curtains,Transportation,Logistics,9652,USD,Mahesh B.,Order
5572,Q-1192-F10383,FIRESTOP,05 Mar 2020,IQ,New S.E.,"PROPOSED G+3P+9 TYP. FLOORS + ROOF GYM, PLOT NO.: 247-108, AL QUSAIS IND. FORTH, DUBAI, UAE.",Supply Of Fire Stop Materials MEP,Firestop/ DC 315,Fire,50592.15,AED,Muhammad N.,Quotation
5573,RFQ-2797-S9083,MACRO,04 Mar 2020,RFQ,Tatekan C.C.,"(FPT2) W5J9JE18C0008 AFGHANISTAN NATIONAL POLICE (ANP) WOMEN&rsquo;S PARTICIPATION PROGRAM, POLICE TOWN PHASE II",KB003 Differing Site Conditions - Septic Tank,Subcontract,Services,15000,USD, ,Order
5574,Q-1192-F10382,FIRESTOP,04 Mar 2020,IQ,Advance M.C.,JEDDAH KSA PROJECT,SUPPLY OF DC6150,Firestop/ DC 315,Fire,955500,AED,Islam S.,Quotation
5575,Q-1192-F10381,MVL Abu Dhabi,04 Mar 2020,IQ,Uruk G.,Bazian Combined Cycle Power Plant - Iraq,Supply Of Fire Stop Materials,Firestop/ DC 315,Fire,196800,AED,Islam S.,Quotation
5576,Q-1192-F10248A,FIRESTOP,04 Mar 2020,IQ,Zabeel C.C.,"B+G+4 RESIDENTIAL BUILDING AT JVC ,PLOT NO JVC14NMRP002,DUBAI",Supply Of Fire Stop Materials MEP,Firestop/ DC 315,Fire,38348.1,AED,Arun stephen ,Quotation
5577,Q-1192-F10380,FIRESTOP,04 Mar 2020,IQ,Ali M.A.,"DRAGON CITY - MIXED USE COMPLEX - NAKHEEL -DUBAI,PLOT NO:IC1-COMM1,ZONE:WARSAN 1-621",Supply Of Fire Stop Materials MEP,Firestop/ DC 315,Fire,691729.5,AED,Arun stephen ,Quotation
5578,Q-1192-F10379,FIRESTOP,04 Mar 2020,IQ,Mulk H.I.,FIRESTOPPING PROJECT,SUPPLY OF INSS2460 BLACK,Firestop/ DC 315,Fire,546000,AED,Samar T.,Quotation
5579,Q-1192-F9338D,FIRESTOP,04 Mar 2020,IQ,Dubco C.L.,PLOT NO. 614- STAFF ACCOMODATION IN RAS AL KHOR- WASL PROJECT,Supply Of Fire Stop Materials,Firestop/ DC 315,Fire,208092.16,AED,Islam S.,Quotation
5580,Q-1192-F10378,FIRESTOP,03 Mar 2020,IQ,Ghantoot G.C.,P077 HOTEL APARTMENTS AZIZI INVESTMENTS PO# 8917,SUPPLY OF INSS1186,Firestop/ DC 315,Fire,11550,AED,Muhammad N.,Order
5581,RFQ-1569-V4382,MACRO,03 Mar 2020,RFQ,Macro V.L.,Management Services And Consultancy,Management Services And Consultancy,Misc.,Various,16000,USD, ,Quotation
5582,Q-1192-F10377,FIRESTOP,03 Mar 2020,IQ,Al Q.G.,1144 G+50 GATE TOWER AL KHAN -SHARJAH PO # 102000692,SUPPLY OF INSS1186,Firestop/ DC 315,Fire,15750,AED,Muhammad N.,Order
5583,Q-1192-F10376,FIRESTOP,03 Mar 2020,IQ,Al O.C.,224 BLOOM HEIGHTS G+4P+2 TOWERS-29&amp;24 FLOORS -PO#102000357,SUPPLY OF MVL FIRESTOP MATERIALS,Firestop/ DC 315,Fire,96495,AED,Habib B.,Order
5584,Q-1192-F10100B,FIRESTOP,03 Mar 2020,IQ,Dubai P.L.,G+13 @ AL BARSHA LPO 53928,Supply Of Fire Stop Materials - CIVIL,Firestop/ DC 315,Fire,7875,AED,Arun stephen ,Order
5585,Q-1192-F10375,FIRESTOP,03 Mar 2020,IQ,Beaver G.,FIRESTOPPING PROJECT,SUPPLY OF MVL FIRESTOP MATERIALS,Firestop/ DC 315,Fire,1674.75,AED,M.hassan ,Quotation
5586,Q-1192-F7624A,FIRESTOP,02 Mar 2020,IQ,Unesia A.C.,FIRESTOPPING PROJECT,Supply Of INSS2460,Firestop/ DC 315,Fire,27300,AED,Islam S.,Quotation
5587,Q-1192-F10374,FIRESTOP,02 Mar 2020,IQ,Al R.G.,"AL GHADEER RESIDENTIAL, PHASE - 2, ABU DHABI, UAE.",SUPPLY OF MVL FIRESTOP MATERIALS,Firestop/ DC 315,Fire,311120.25,AED,Habib B.,Quotation
5588,Q-1192-F10373,FIRESTOP,02 Mar 2020,IQ,Movenpick H.a.,FIRE STOPPING MATERIAL,SUPPLY OF DC68,Firestop/ DC 315,Fire,9135,AED,Ramshad K.,Quotation
5589,Q-1005-L4097,MACRO,02 Mar 2020,IQ,Sohail M.C.,Sea Freight FOB Tainjin To FPT1,"From FOB Tianjin Port 1x40ft Container To FPT1, Kabul",Transportation,Logistics,7604,USD, ,Order
5590,Q-1005-L4096,MACRO,02 Mar 2020,IQ,Abdul K.C.,Air Freight FOB Tianjin To FPT1,"Airfreight From FOB Tianjin Airport To FPT1, Kabul",Transportation,Logistics,16085,USD, ,Quotation
5591,Q-1005-L4095,MACRO,02 Mar 2020,IQ,Abdul K.C.,Sea Freight FOB Tainjin To FPT1,"From FOB Tianjin Port 1x40ft Container To FPT1, Kabul",Transportation,Logistics,20612,USD, ,Order
5592,Q-1192-F10372,FIRESTOP,01 Mar 2020,IQ,Al S.E.,"EM138 - B+G+2+ROOF RETAIL &amp; RESIDENTIAL BUILDING ON PLOT NO 3621310, UMM SUQEIM 2ND #LPO 009889",Supply Of Fire Stop Materials MEP,Firestop/ DC 315,Fire,17216.56,AED,Islam S.,Order
5593,Q-1192-F10312A,FIRESTOP,01 Mar 2020,IQ,Eversafe C.L.,JOB-933-G+4 # ECL 0445,"SUPPLY OF INSS1440, INFS0812",Firestop/ DC 315,Fire,5575.5,AED,Islam S.,Order
5594,Q-1192-F10164D,FIRESTOP,01 Mar 2020,IQ,Safety W.,GBH -AL FURJAN-# LPO 1303,SUPPLY OF INSS0285,Firestop/ DC 315,Fire,892.5,AED,Arun stephen ,Order
5595,Q-1192-F10371,FIRESTOP,01 Mar 2020,IQ,Safety W.,ALI &amp; SONS (AL SUFOUH MIXED USED DEVELOPMENT) PO #1300,SUPPLY OF INSPECTION LABELS,Firestop/ DC 315,Fire,1102.5,AED,Samar T.,Order
5596,Q-1192-F10370,FIRESTOP,01 Mar 2020,IQ,Al F.C.,AFC131-RESIDENTIAL BUILDING FOR PRESCOTT@MEYDAN# LPO J 15156,SUPPLY OF INSS0285,Firestop/ DC 315,Fire,4536,AED,Islam S.,Order
5597,Q-1192-F10369,FIRESTOP,01 Mar 2020,IQ,Globco c.,FIRESTOPPING PROJECT,"SUPPLY OF INSS1186, FP05, CFS01",Firestop/ DC 315,Fire,326.55,AED,M.hassan ,Quotation
5598,RFQ-1569-V4261,MACRO,01 Mar 2020,RFQ,Blue C.F.,MVL Group Office Related PO,Metal Full Height Cabinet With Metal Swing Doors In Grey Finish,Building Materials,Various,1417.5,AED, ,Order
5599,Q-1192-F10368,FIRESTOP,27 Feb 2020,IQ,Lazourdy C.&.,"AL MASRAF BANK (G+3FL+ROOF), PLOT NO.: KHIA9-84 C-03, KHALIFA INDUSTRIAL ZONE, ABU DHABI, UAE.",Supply Of Fire Stop Materials MEP,Firestop/ DC 315,Fire,15613.5,AED,Samer H.,Quotation
5600,Q-1192-F10367,FIRESTOP,27 Feb 2020,IQ,Trojan G.C.,CHEMICAL ANCHORS,SUPPLY OF MOPUR30585,Firestop/ DC 315,Fire,89.25,AED,M.hassan ,Quotation
5601,Q-1192-F10366,FIRESTOP,27 Feb 2020,IQ,Technical A.C.,R-1083- PACKAGE A-G+6+R RESIDENTIAL BLDNG-AL WASL- QUSAIS PROJECT# LPO NO.05602,SUPPLY OF INSS0285 5G PAIL,Firestop/ DC 315,Fire,30240,AED,Samar T.,Order
5602,Q-1192-F10365,FIRESTOP,27 Feb 2020,IQ,Atcon C.L.,AQUA 4 STAR HOTEL # LPO 3630,SUPPLY OF INSS1186 5G PAIL,Firestop/ DC 315,Fire,5556.6,AED,Muhammad N.,Order
5603,Q-1005-V4472,MVL Qatar,27 Feb 2020,IQ,Us E.-.,US EMBASSY QATAR - 5KVA Generator Rental For A Month,5KVA Generator Rental For A Month,Misc.,Various,8000,QAR, ,Quotation
5604,Q-1192-F10364,FIRESTOP,26 Feb 2020,IQ,Stree C.C.,"PROPOSED APARTMENT (2B+G+4+R) ON PLOT# JVT03HRA006 AT AL BARSHA SOUTH FIFTH, DUBAI, UAE.",Supply Of Fire Stop Materials MEP,Firestop/ DC 315,Fire,35040.6,AED,Arun stephen ,Quotation
5605,Q-1192-F10363A,FIRESTOP,26 Feb 2020,IQ,Firetech I.L.,PROPOSED AGA KHAN UNIVERSITY CENTRE @ KENYA USING CAJ-4096,SUPPLY OF CFS01,Firestop/ DC 315,Fire,31570,USD,Islam S.,Quotation
5606,Q-1192-F10363,FIRESTOP,26 Feb 2020,IQ,Firetech I.L.,PROPOSED AGA KHAN UNIVERSITY CENTRE @ KENYA FA-4008,SUPPLY OF CFS01 AND D120,Firestop/ DC 315,Fire,17968,USD,Islam S.,Quotation
5607,Q-1192-F10362,FIRESTOP,26 Feb 2020,IQ,Al S.N.,P-125-B+G+3 RESIDENTIAL DEVELOPMENT ON PLOT NO. 333-1014@AL BADAA#PO NO.041782,SUPPLY OF INSS1186 5G PAIL,Firestop/ DC 315,Fire,1732.5,AED,Islam S.,Order
5608,RFQ-1192-V4298,FIRESTOP,26 Feb 2020,RFQ,Former a.b.,MVL Firestop - Tools For Technical Team,Various Tools MVL Firestop Team Technical,Building Materials,Various,1074.15,AED, ,Order
5609,Q-1192-F10361,FIRESTOP,26 Feb 2020,IQ,Al S.E.,"EM 140 G+4F+R RESIDENTIAL/COMMERCIAL BUILDING ON PLOT 3594687, AL QUOZ 4, DUBAI # LPO 009883",SUPPLY OF INSS1440,Firestop/ DC 315,Fire,8266.23,AED,Islam S.,Order
5610,Q-1192-F10174A,FIRESTOP,26 Feb 2020,IQ,Safety W.,AIROLINK-AL QUSAIS # LPO 1296,SUPPLY OF INSS1186,Firestop/ DC 315,Fire,29925,AED,Arun stephen ,Order
5611,Q-1192-F9923B,FIRESTOP,26 Feb 2020,IQ,Safety W.,ALI &amp; SONS # LPO NO.1295,SUPPLY OF INSS1186,Firestop/ DC 315,Fire,39900,AED,Samar T.,Order
5612,Q-1005-V7012,MACRO,26 Feb 2020,IQ,Tatekan C.,Supply &amp; Delivery Of Wood Shop Equipment-Morgue-KNMH,Supply &amp; Delivery Of Wood Shop Equipment-Morgue-KNMH,Building Materials,Various,36999,USD,Mahesh B.,Quotation
5613,Q-1192-F10329A,FIRESTOP,25 Feb 2020,IQ,Maadenak S.A.,FIRESTOPPING PROJECT,SUPPLY OF FIRE BARRIER FOAM,Firestop/ DC 315,Fire,13125,AED,Islam S.,Quotation
5614,Q-1192-F10360,FIRESTOP,25 Feb 2020,IQ,Joint V.O.,ABU DHABI FUTURE SCHOOLS PROGRAM (PHASE 9) ALBATEEN -Y &amp; AFE/JV/097,Supply Of Fire Stop Materials - CIVIL,Firestop/ DC 315,Fire,11854.94,AED,Samer H.,Order
5615,Q-1192-F10274A,FIRESTOP,25 Feb 2020,IQ,Technomech E.W.,J-75 INTERCITY HOTEL1(3B+G+6FLOOR) ON PLOT NO. 3260897 ( P1.B009) AT AL JADAF,"SUPPLY OF  MORTAR, SSHOOP D120",Firestop/ DC 315,Fire,787.5,AED,Arun stephen ,Order
5616,Q-1192-F9823A,FIRESTOP,25 Feb 2020,IQ,Al S.E.,"EM138 - B+G+2+ROOF RETAIL &amp; RESIDENTIAL BUILDING ON PLOT NO 3621310, UMM SUQEIM 2ND",Supply Of Fire Stop Materials,Firestop/ DC 315,Fire,27541.5,AED,Islam S.,Quotation
5617,Q-1192-F10164C,FIRESTOP,25 Feb 2020,IQ,Safety W.,GBH -(FIRE STATION &amp; POLICE STATION)-# LPO 1294,SUPPLY OF INSS0285,Firestop/ DC 315,Fire,892.5,AED,Arun stephen ,Order
5618,Q-1005-L4094,MACRO,24 Feb 2020,IQ,Sohail M.C.,,"Transportation FOB Beijing Airport To FPT1,Kabul,Afghanistan",Transportation,Logistics,14800,USD, ,Quotation
5619,Q-1192-F10359,FIRESTOP,24 Feb 2020,IQ,Alibtikar A.T.,FIRESTOPPING PROJECT,Supply Of Fire Stop Materials,Firestop/ DC 315,Fire,0,AED,Islam S.,Quotation
5620,Q-1192-F10358,FIRESTOP,24 Feb 2020,IQ,Jpm A.T.,FIRESTOPPING PROJECT,Supply Of Fire Stop Materials,Firestop/ DC 315,Fire,0,AED,Ramshad K.,Quotation
5621,RFQ-1569-O17,MACRO,24 Feb 2020,RFQ,Burhani C.T.,Head Office Internet Security,ESET Endpoint Protection Advanced  Renewal For A Year (42) + 3 New Subcriptions,Computer Peripherals,Office Assets,3543.75,AED, ,Order
5622,Q-1192-F10357,FIRESTOP,24 Feb 2020,IQ,Shield C.C.,"PROPOSED COMMERCIAL DEVELOPMENT CONSIST OF 2B+G+M+8TYP+R, SECTOR.: RBW6, PLOT NO.: 19, AL RAHA BEACH, ABU DHABI, UAE",Supply Of Fire Stop Materials - CIVIL,Firestop/ DC 315,Fire,28297.5,AED,M.hassan ,Quotation
5623,Q-1192-F10305A,FIRESTOP,24 Feb 2020,IQ,Atcon C.L.,"PROPOSED RESIDENTIAL BUILDING B+G+4+R, PLOT NO: JVT01HMRA003# AL BARSHA SOUTH 5TH#LPO 3609",Supply Of Fire Stop Materials MEP,Firestop/ DC 315,Fire,25483.51,AED,Muhammad N.,Order
5624,Q-1192-F10232A,FIRESTOP,24 Feb 2020,IQ,New S.E.,JOB 56 MAZEN ABDUL MAJID_PO # 19141,SUPPLY OF INFS0812,Firestop/ DC 315,Fire,12054,AED,Muhammad N.,Order
5625,Q-1192-F10003B,FIRESTOP,23 Feb 2020,IQ,Arabian C.G.,LABOR ACCOMMODATION (G+3 FLOORS) PLOT 5333499 @ SAIH SUHAIB-4,"Supply Of Fire Stop Materials INSS1440, SSHOOP,FP04",Firestop/ DC 315,Fire,2775.15,AED,Habib B.,Order
5626,Q-1192-F10344A,FIRESTOP,23 Feb 2020,IQ,Al T.T.,LPO 14592,SUPPLY OF INSS2460,Firestop/ DC 315,Fire,7612.5,AED,Arun stephen ,Order
5627,Q-1192-F10356,FIRESTOP,23 Feb 2020,IQ,Metalu M.W.,MTP A4,SUPPLY OF MTP A4 BOLTS,Firestop/ DC 315,Fire,2171.4,AED,Islam S.,Quotation
5628,Q-1192-F10355,FIRESTOP,23 Feb 2020,IQ,Chc B.C.,"UNDER CONSTRUCTION B+G+4+R LABOUR ACCOMODATION BUILDING, PLOT NO: JID.E.017, JEBELALI INDUSTRIAL 1ST, DUBAI",Supply Of Fire Stop Materials MEP,Firestop/ DC 315,Fire,35745.15,AED,Habib B.,Quotation
5629,RFQ-1192-F10353,FIRESTOP,23 Feb 2020,RFQ,Tecnicas E.S.,MVL Firestop Supply Of Perforated Profiles 41X41X1 50G GPX414115,Perforated Profiles 41X41X1 50G GPX414115,Firestop/ DC 315,Fire,1621.8,EURO, ,Order
5630,Q-1192-F10215A,FIRESTOP,20 Feb 2020,IQ,Al S.N.,"P 132-G+P+6+R RESIDENTIAL BUILDING, PLOT NO.: 6218562, WARSAN FIRST, DUBAI, UAE.# LPO 041694",Supply Of Fire Stop Materials - CIVIL,Firestop/ DC 315,Fire,2310,AED,Islam S.,Order
5631,Q-1192-F10352,FIRESTOP,20 Feb 2020,IQ,Abr A.M.,"AL MARJAN ISLAND, RAS AL KHAIMAH# LPO 1037749","SUPPLY OF INSS1440, Sshoop",Firestop/ DC 315,Fire,14752.5,AED,Samar T.,Order
5632,Q-1192-F10351,FIRESTOP,20 Feb 2020,IQ,Technomech E.W.,"J 92 PROPOSED G+1P+8+R COMMERCIAL &amp; RESIDENTIAL BUILDING, PLOT NO.: 3347254, AL SATWA, DUBAI, UAE.",Supply Of Fire Stop Materials MEP,Firestop/ DC 315,Fire,53227.86,AED,Islam S.,Quotation
5633,Q-1192-F10350,FIRESTOP,20 Feb 2020,IQ,Technomech E.W.,"J 93-PROPOSED G+1P+8+R COMMERCIAL &amp; RESIDENTIAL BUILDING, PLOT NO.: 3347261, AL SATWA, DUBAI, UAE.",Supply Of Fire Stop Materials MEP,Firestop/ DC 315,Fire,50323.35,AED,Islam S.,Quotation
5634,Q-1005-M7029,MACRO,20 Feb 2020,IQ,Abdul K.C.,Supply &amp; Delivery Of 6inch BackFlow Preventer-Fire Protection-FPT1,Supply &amp; Delivery Of 6inch BackFlow Preventer-Fire Protection-FPT1,Mechanical Items,Mechanical,14997.36,USD,Mahesh B.,Order
5635,Q-1192-F10269A,FIRESTOP,20 Feb 2020,IQ,National A.&.,INDEX FIXING,SUPPLY OF MTP-X AND MTH-A4,Firestop/ DC 315,Fire,84.68,AED,M.hassan ,Quotation
5636,Q-1005-M7028,MVL Qatar,20 Feb 2020,IQ,Us E.-.,"Annual Maintenance Contract For 3 UPS - US Air Base,Qatar","Annual Maintenance Contract For 3 UPS - US Air Base,Qatar",Mechanical Items,Mechanical,180000,QAR, ,Quotation
5637,Q-1192-F10349,FIRESTOP,20 Feb 2020,IQ,Alibtikar A.T.,FIRESTOPPING PROJECT,Supply Of Fire Stop Materials,Firestop/ DC 315,Fire,2597.76,AED,Islam S.,Quotation
5638,Q-1005-V4471,MVL Qatar,20 Feb 2020,IQ,Us E.-.,"19QA1020P0191 - Maintenance Of Packaged Units &amp; Split A/C's - US Embassy, Qatar","19QA1020P0191 - Maintenance Of Packaged Units &amp; Split A/C's - US Embassy, Qatar",Misc.,Various,132900,QAR, ,Order
5639,Q-1192-F10334A,FIRESTOP,19 Feb 2020,IQ,Prime S.F.,PO/DXB-2020000093,SUPPLY OF DC360,Firestop/ DC 315,Fire,1191.75,AED,Habib B.,Order
5640,Q-1192-F10348,FIRESTOP,19 Feb 2020,IQ,Line I.&.,Sharjah Central (Lulu Mall Sharjah) &ndash; Project ORDER CONFIRMATION # OC/LIP/LMS-00002-RI,SUPPLY OF INSS1186,Firestop/ DC 315,Fire,8400,AED,Samar T.,Order
5641,Q-1192-F10347,FIRESTOP,19 Feb 2020,IQ,Noor A.H.,FIRESTOPPING PROJECT,SUPPLY OF INSS1186 600 ML SAUSAGE,Firestop/ DC 315,Fire,9975,AED,Muhammad N.,Quotation
5642,Q-1192-F10346,FIRESTOP,19 Feb 2020,IQ,Al S.E.,"EM 56 2B+G+2P+8+RESIDENTIAL PLOT IMPZ.E02.TECOM, MAISEM# LPO NO.009804",SUPPLY OF INSS1440 5G PAIL,Firestop/ DC 315,Fire,2203.95,AED,Islam S.,Order
5643,Q-1192-F10345,FIRESTOP,19 Feb 2020,IQ,Al H.T.,LPO NO. 800,SUPPLY OF INSS2460,Firestop/ DC 315,Fire,55650,AED,Samar T.,Order
5644,Q-1192-F10344,FIRESTOP,19 Feb 2020,IQ,Al T.T.,LPO 14583,SUPPLY OF INSS2460,Firestop/ DC 315,Fire,6090,AED,Arun stephen ,Order
5645,Q-1192-F10343,FIRESTOP,19 Feb 2020,IQ,Khalifa L.C.,MURAQABBAT#LPO NO.1383,SUPPLY OF D64 &amp; D120,Firestop/ DC 315,Fire,1785,AED,Samar T.,Order
5646,RFQ-1569-O16,MACRO,18 Feb 2020,RFQ,Burhani C.T.,MVL Microsoft Azure Subscription -  Yearly,Microsoft Azure Subscription -  Yearly,Computer Peripherals,Office Assets,3591,AED, ,Order
5647,Q-1005-L4093,MACRO,18 Feb 2020,IQ,Abdul K.C.,"Airfreight From FOB Beijing Airport,China To FPT1,Kabul",FOB Air Freight Of Door Locks,Transportation,Logistics,6715,USD, ,Order
5648,Q-1005-E7022,MACRO,18 Feb 2020,IQ,Sohail M.C.,Supply &amp; Delivery Of Spares-LED Street Lighting-FPT 1,Supply &amp; Delivery Of Spares-LED Street Lighting-FPT 1,Electrical,Electrical,825,USD,Mahesh B.,Order
5649,Q-1192-F10342D,FIRESTOP,18 Feb 2020,IQ,Al R.G.,AL GHADEER PHASE 2 N1R1 ( 2 BC ),Supply Of Fire Stop Materials MEP,Firestop/ DC 315,Fire,643.12,AED,Habib B.,Quotation
5650,Q-1192-F10342C,FIRESTOP,18 Feb 2020,IQ,Al R.G.,AL GHADEER PHASE 2 N1R1 ( 2 BH ),Supply Of Fire Stop Materials MEP,Firestop/ DC 315,Fire,947.36,AED,Habib B.,Quotation
5651,RFQ-1192-V4297,FIRESTOP,18 Feb 2020,RFQ,Fujairah R.F.,MVL Firestop - Supply Of Slab Without Facing (SXXX) Density: 160kg Thickness: 50mm Size 1.2mtr*0.6 400 Sheets,Slab Without Facing (SXXX) Density: 160kg Thickness: 50mm Size 1.2mtr*0.6 400 Sheets,Building Materials,Various,9846.14,AED, ,Order
5652,Q-1192-F10342B,FIRESTOP,18 Feb 2020,IQ,Al R.G.,AL GHADEER PHASE 2 N1R1 ( 1 BC ),Supply Of Fire Stop Materials MEP,Firestop/ DC 315,Fire,736.58,AED,Habib B.,Quotation
5653,Q-1192-F10342A,FIRESTOP,18 Feb 2020,IQ,Al R.G.,AL GHADEER PHASE 2 N1R1 ( 1 BH ),Supply Of Fire Stop Materials MEP,Firestop/ DC 315,Fire,736.58,AED,Habib B.,Quotation
5654,Q-1192-F10342,FIRESTOP,18 Feb 2020,IQ,Al R.G.,AL GHADEER PHASE 2 N1R1 ( 3 BC ),Supply Of Fire Stop Materials MEP,Firestop/ DC 315,Fire,643.12,AED,Habib B.,Quotation
5655,Q-1192-F10267A,FIRESTOP,18 Feb 2020,IQ,Al F.C.,"MEYDAN PROJECT, G+4 RESIDENTIAL BUILDING, PLOT NO.: 6184158,# LPO J15094",Supply Of Fire Stop Materials MEP,Firestop/ DC 315,Fire,87652.27,AED,Islam S.,Order
5656,Q-1005-E7021,MACRO,18 Feb 2020,IQ,Tatekan C.,Supply &amp; Delivery Of Lighting Fixture Type-S-KINMH Morgue,Supply &amp; Delivery Of Lighting Fixture Type-S-KINMH Morgue,Electrical,Electrical,4518.25,USD,Mahesh B.,Quotation
5657,Q-1192-F10341,FIRESTOP,17 Feb 2020,IQ,Hashim C.C.,"PROPOSED NEW 3B+P+G+16 STOREY RESIDENTIAL TOWER, ON SECTOR RBW7 , PLOT C5,SHATIE AL RAHA ABU DHABI.",Supply Of Fire Stop Materials - CIVIL,Firestop/ DC 315,Fire,4515,AED,Samer H.,Quotation
5658,Q-1192-F10278A,FIRESTOP,17 Feb 2020,IQ,Arco I.L.,RENOVATION OF HAAD HEAD QUARTERS BUILDING # LPO A119J15/260,Supply Of Fire Stop Materials MEP &amp; CIVIL,Firestop/ DC 315,Fire,43693.11,AED,M.hassan ,Order
5659,Q-1192-F10340,FIRESTOP,17 Feb 2020,IQ,Al A.C.,AC0010- SITE K1 648-9213# LPO 002/STO/2020/0026,SUPPLY OF MVL FIRESTOP MATERIALS,Firestop/ DC 315,Fire,13608,AED,Muhammad N.,Order
5660,Q-1192-F10032A,FIRESTOP,17 Feb 2020,IQ,Al S.N.,P-136-G+2P+8+R RETAIL &amp; RESIDENTIAL BUILDING ON PLOTSA.G.65@AL SATWA # LPO NO.041603,SUPPLY OF INSS1186,Firestop/ DC 315,Fire,2887.5,AED,Islam S.,Order
5661,Q-1192-F10339,FIRESTOP,16 Feb 2020,IQ,Motive I.K.,FIRESTOPPING PROJECT,SUPPLY OF INSS2460,Firestop/ DC 315,Fire,58800,AED,Islam S.,Quotation
5662,Q-1192-F10338,FIRESTOP,16 Feb 2020,IQ,Al S.E.,"G+P+6+R RESIDENTIAL BUILDING (P-131), PLOT NO.: 6218561, WARSAN FIRST, DUBAI, UAE",Supply Of Fire Stop Materials MEP,Firestop/ DC 315,Fire,27739.76,AED,Islam S.,Quotation
5663,Q-1192-F10337,FIRESTOP,16 Feb 2020,IQ,Al S.N.,"G+P+6+R RESIDENTIAL BUILDING (P-131), PLOT NO.: 6218561, WARSAN FIRST, DUBAI, UAE",Supply Of Fire Stop Materials MEP,Firestop/ DC 315,Fire,796.32,AED,Islam S.,Quotation
5664,Q-1192-F10336A,FIRESTOP,16 Feb 2020,IQ,Al S.E.,"G+P+6+R RESIDENTIAL BUILDING (P-132), PLOT NO.: 6218562, WARSAN FIRST, DUBAI, UAE",Supply Of Fire Stop Materials MEP,Firestop/ DC 315,Fire,27739.76,AED,Islam S.,Cancled
5665,Q-1192-F10335B,FIRESTOP,16 Feb 2020,IQ,Al S.N.,"G+P+6+R RESIDENTIAL BUILDING (P-132), PLOT NO.: 6218562, WARSAN FIRST, DUBAI, UAE","SUPPLY OF INSS1440, D64",Firestop/ DC 315,Fire,796.32,AED,Islam S.,Cancled
5666,Q-1192-F10335A,FIRESTOP,16 Feb 2020,IQ,Al S.N.,"G+P+6+R RESIDENTIAL BUILDING (P-131), PLOT NO.: 6218561, WARSAN FIRST, DUBAI, UAE","SUPPLY OF INSS1440, D64",Firestop/ DC 315,Fire,796.32,AED,Islam S.,Cancled
5667,Q-1192-F10336,FIRESTOP,16 Feb 2020,IQ,Al S.E.,"G+P+6+R RESIDENTIAL BUILDING (P-132), PLOT NO.: 6218562, WARSAN FIRST, DUBAI, UAE",Supply Of Fire Stop Materials MEP,Firestop/ DC 315,Fire,27739.76,AED,Islam S.,Quotation
5668,Q-1192-F10335,FIRESTOP,16 Feb 2020,IQ,Al S.N.,"G+P+6+R RESIDENTIAL BUILDING (P-132), PLOT NO.: 6218562, WARSAN FIRST, DUBAI, UAE","SUPPLY OF INSS1440, D64",Firestop/ DC 315,Fire,796.32,AED,Islam S.,Quotation
5669,Q-1005-E7020,MACRO,16 Feb 2020,IQ,Abdul K.C.,Supply &amp; Delivery Of Condensate Drain Pump-FPT 1,Supply &amp; Delivery Of Condensate Drain Pump-FPT 1,Electrical,Electrical,7170,USD,Mahesh B.,Order
5670,Q-1192-F10334,FIRESTOP,16 Feb 2020,IQ,Prime S.F.,FIRESTOPPING PROJECT,SUPPLY OF DC333,Firestop/ DC 315,Fire,13230,AED,Habib B.,Quotation
5671,Q-1192-F10333,FIRESTOP,16 Feb 2020,IQ,International H.C.,SAUDI GERMAN HOSPITAL EXPANSION,SUPPLY OF INFS0812,Firestop/ DC 315,Fire,1008,AED,Habib B.,Order
5672,Q-1192-F10332,FIRESTOP,13 Feb 2020,IQ,Technomech E.W.,"J91- G+1P+13+ROOF+COMMERCIAL/RESIDENTIAL PLOT 6734086, AL ARJAN LIWAN LLC# LPO 12702-20","SUPPLY OF INSS1440, INFS0812,D64",Firestop/ DC 315,Fire,8237.25,AED,Islam S.,Order
5673,Q-1192-F10331,FIRESTOP,13 Feb 2020,IQ,Kasco p.D.,Kasco Tower # LPO 381,"SUPPLY OF INSS1440, INFS0812",Firestop/ DC 315,Fire,7978.95,AED,Habib B.,Order
5674,Q-1192-F10324A,FIRESTOP,13 Feb 2020,IQ,Dubco C.L.,MASJID JUMA DUBAI INVESTMENT PARK_ MEP# LPO /Q1-20585,Supply Of Fire Stop Materials MEP,Firestop/ DC 315,Fire,4312.59,AED,Islam S.,Order
5675,Q-1192-F10326A,FIRESTOP,13 Feb 2020,IQ,Dubco C.L.,MASJID- JUMA DUBAI INVESTMENT PARK _ CJ# LPO Q1-20586,Supply Of Fire Stop Materials - CIVIL,Firestop/ DC 315,Fire,12069.75,AED,Islam S.,Order
5676,Q-1192-F10329,FIRESTOP,13 Feb 2020,IQ,Maadenak S.A.,FIRESTOPPING PROJECT,SUPPLY OF FIRE BARRIER FOAM,Firestop/ DC 315,Fire,4410,AED,Islam S.,Quotation
5677,Q-1192-F10328,FIRESTOP,13 Feb 2020,IQ,Al Z.G.,FIRESTOPPING PROJECT,Supply Of Fire Stop Materials,Firestop/ DC 315,Fire,2149.35,AED,M.hassan ,Quotation
5678,RFQ-1192-F10327,FIRESTOP,13 Feb 2020,RFQ,Global F.I.,"MVL Firestop - 6th Order February 13, 2010",Order No. GLOBAL-20200213-07,Firestop/ DC 315,Fire,29025,USD, ,Order
5679,Q-1192-F10300B,FIRESTOP,12 Feb 2020,IQ,Al S.E.,"EM 139 B+G+2 RETAIL/RESIDENTIAL BLDNG, PLOT NO.362-1357, UMM SUQEIM SECOND# LPO 009753","SUPPLY OF SSHOOP, FP04",Firestop/ DC 315,Fire,3400.95,AED,Islam S.,Order
5680,Q-1192-F10326,FIRESTOP,12 Feb 2020,IQ,Dubco C.L.,AL KAMALI JUMA MOSQUE (G+1F+R) MOSQUE  AND (G+R) SERVICE BLOCK-1 &amp; SERVICE BLOCK-2 / PLOT 2310374,Supply Of Fire Stop Materials - CIVIL,Firestop/ DC 315,Fire,12705,AED,Islam S.,Quotation
5681,Q-1192-F10325,FIRESTOP,12 Feb 2020,IQ,Green S.G.,"Commercial Exhibition Building (B+G+M), Plot No.: 6748, Sharjah Industrial Area 4, Sharjah, UAE.",SUPPLY OF MVL FIRESTOP MATERIALS,Firestop/ DC 315,Fire,971.25,AED,Islam S.,Order
5682,Q-1192-F10324,FIRESTOP,12 Feb 2020,IQ,Dubco C.L.,AL KAMALI JUMA MOSQUE (G+1F+R) MOSQUE  AND (G+R) SERVICE BLOCK-1 &amp; SERVICE BLOCK-2 / PLOT 2310374,Supply Of Fire Stop Materials MEP,Firestop/ DC 315,Fire,6237,AED,Islam S.,Quotation
5683,RFQ-3550-V4259,MVL Nepal,12 Feb 2020,RFQ,New B.T.,"72036719F00003 - Nepal Community Reconstruction Program (NRCP) IDIQ Contract, Task Order For The Reconstruction Of Schools And Health Facilities In Sindhuli District Of Nepal",REBAR AND BINDING WIRE,Building Materials,Various,1468152.5,NPR, ,Order
5684,Q-1192-F10323,FIRESTOP,12 Feb 2020,IQ,Galaxy A.G.,"AL RAHA BEACH RESIDENTIAL BUILDINGS (C20), AL RAHA, ABU DHABI, UAE",Supply Of Fire Stop Materials MEP,Firestop/ DC 315,Fire,112408.8,AED,M.hassan ,Quotation
5685,Q-1192-F10322,FIRESTOP,12 Feb 2020,IQ,Moiz T.E.,GPX414115 # LPO SP-20-194,SUPPLY OF SLOTTED CHANNEL,Firestop/ DC 315,Fire,1058.4,AED,Samer H.,Order
5686,Q-1192-F10321,FIRESTOP,12 Feb 2020,IQ,Pivot E.&.,"PROPOSED NEW 3B+G+4 Storey Office Building ,plot 2641059,Dubai , UAE.",Supply Of Fire Stop Materials - CIVIL,Firestop/ DC 315,Fire,15145.2,AED,M.hassan ,Quotation
5687,Q-1192-F10320,FIRESTOP,12 Feb 2020,IQ,Lazourdy C.&.,"AL MASRAF BANK G+3FL+ROOF , PLOT KHIA9-84-C-03, KHALIFA INDUSTRIAL ZONE,ABU DHABI.",Supply Of Fire Stop Materials - CIVIL,Firestop/ DC 315,Fire,13303.5,AED,Samer H.,Quotation
5688,Q-1192-F10319,FIRESTOP,12 Feb 2020,IQ,Firetech I.L.,Proposed Aga Khan University Centre @ KENYA,SUPPLY OF MVL FIRESTOP MATERIALS,Firestop/ DC 315,Fire,30640,USD,Islam S.,Quotation
5689,Q-1192-F10318A,FIRESTOP,12 Feb 2020,IQ,Ali M.A.,Dragon City &ndash; Mixed Use Complex - Nakheel - Dubai,SUPPLY OF INSS1186,Firestop/ DC 315,Fire,4.59,AED,Arun stephen ,Quotation
5690,Q-1192-F10318,FIRESTOP,12 Feb 2020,IQ,Ali M.A.,Dragon City &ndash; Mixed Use Complex - Nakheel - Dubai,SUPPLY OF INSS1186,Firestop/ DC 315,Fire,7.64,AED,Arun stephen ,Quotation
5691,Q-1192-F10317,FIRESTOP,11 Feb 2020,IQ,New S.E.,"B+G+1+ROOF BUILDING, PLOT NO.: 3670807, UMM AL SHEIF, DUBAI, UAE.",Supply Of Fire Stop Materials MEP,Firestop/ DC 315,Fire,13436.85,AED,Muhammad N.,Quotation
5692,RFQ-1192-F10316,FIRESTOP,11 Feb 2020,RFQ,Global F.I.,MVL FIRESTOP,Order No. GLOBAL-20200211-06,Firestop/ DC 315,Fire,182775.5,USD, ,Order
5693,Q-1192-F10315A,FIRESTOP,11 Feb 2020,IQ,Arabian I.C.,FIRESTOPPING PROJECT,Supply Of Fire Stop Materials,Firestop/ DC 315,Fire,623.17,AED,M.hassan ,Quotation
5694,Q-1192-F10315,FIRESTOP,11 Feb 2020,IQ,Arabian I.C.,FIRESTOPPING PROJECT,Supply Of Fire Stop Materials,Firestop/ DC 315,Fire,29.4,AED,M.hassan ,Quotation
5695,Q-1192-F10304A,FIRESTOP,11 Feb 2020,IQ,Arabian I.C.,ANCHOR BOLTS,SUPPLY OF NYLON PLUGS,Firestop/ DC 315,Fire,3666.6,AED,M.hassan ,Quotation
5696,Q-1192-F10314,FIRESTOP,11 Feb 2020,IQ,Nascon E.L.,PARAMOUNT TOWER G+11P+53+3B+ STOREY HOTEL &amp; RESIDENCES PLOT 3460124 / BUSINESS BAY#0383-20,Supply Of Fire Stop Materials MEP,Firestop/ DC 315,Fire,24733.41,AED,Arun stephen ,Order
5697,Q-1192-F10066A,FIRESTOP,11 Feb 2020,IQ,Al Q.G.,1190-UG+G+4P+14F+R-OWAIS-DXB # LPO NO.1020000423,SUPPLY OF INSS1186 &amp; INSS0285 DG,Firestop/ DC 315,Fire,21015.75,AED,Islam S.,Order
5698,Q-1192-F10124C,FIRESTOP,11 Feb 2020,IQ,Al Q.G.,1176-B+G+4+R-AL MURAQQABAT # LPO 102000424,SUPPLY OF INSS1186 5G PAIL,Firestop/ DC 315,Fire,9975,AED,Islam S.,Order
5699,Q-1192-F10313,FIRESTOP,11 Feb 2020,IQ,Eversafe C.L.,JOB -925-G+7 # LPO NO.  ECL 0327,"SUPPLY OF D64,INFS0812,SSHOOP",Firestop/ DC 315,Fire,2744.44,AED,Islam S.,Order
5700,Q-1192-F10312,FIRESTOP,11 Feb 2020,IQ,Eversafe C.L.,JOB-933-G+4 # ECL 0328,"SUPPLY OF INSS1440, INFS0812",Firestop/ DC 315,Fire,11324.25,AED,Islam S.,Order
5701,Q-1192-F10285A,FIRESTOP,11 Feb 2020,IQ,Ali M.A.,Dragon City &ndash; Mixed Use Complex - Nakheel - Dubai,Supply Of Fire Stop Materials - CIVIL,Firestop/ DC 315,Fire,3.67,AED,Arun stephen ,Quotation
5702,Q-1192-F10311A,FIRESTOP,11 Feb 2020,IQ,Nascon E.L.,PARAMOUNT TOWER G+11P+53+3B+ STOREY HOTEL &amp; RESIDENCES PLOT 3460124 / BUSINESS BAY#0385-20,SUPPLY OF  INFS0812,Firestop/ DC 315,Fire,13778,AED,Arun stephen ,Order
5703,Q-1192-F10311,FIRESTOP,11 Feb 2020,IQ,Nascon E.L.,PARAMOUNT TOWER G+11P+53+3B+ STOREY HOTEL &amp; RESIDENCES PLOT 3460124 / BUSINESS BAY#0384-20,"SUPPLY OF INSS1440, INFS0812",Firestop/ DC 315,Fire,21671.64,AED,Arun stephen ,Order
5704,RFQ-3427-V4253,MVL-Al Othman,11 Feb 2020,RFQ,Al-hadabah I.C.,W912D1-19F-9002 TASK ORDER NO. 0011 KHABARI CROSSING REPLACE BUILDING T-168 AND T-171,LED EXIT SIGN  WITH  LIGHT 3 HOURS BATTERY PACK 4000K,Building Materials,Various,150,KWD, ,Order
5705,Q-1192-F10265A,FIRESTOP,10 Feb 2020,IQ,Al O.C.,220-Bloom Towers-G+4P+1- 3 TOWERS # LPO 102000238,SUPPLY OF INFS0812,Firestop/ DC 315,Fire,141750,AED,Habib B.,Order
5706,Q-1192-F10310,FIRESTOP,10 Feb 2020,IQ,Al S.E.,P56,SUPPLY OF INSS1440 5G PAIL,Firestop/ DC 315,Fire,2203.95,AED,Islam S.,Quotation
5707,Q-1192-F10309,FIRESTOP,10 Feb 2020,IQ,Arki G.D.,EXPO 2020 DUBAI JAPAN PAVILION PROJECT # LPO 104,Supply Of Fire Stop Materials - CIVIL,Firestop/ DC 315,Fire,1764,AED,Habib B.,Order
5708,RFQ-3550-V4252A,MVL Nepal,10 Feb 2020,RFQ,J.m.t. G.P.,"72036719F00003 - Nepal Community Reconstruction Program (NRCP) IDIQ Contract, Task Order For The Reconstruction Of Schools And Health Facilities In Sindhuli District Of Nepal",Cement (OPC) Hongshi Cement,Building Materials,Various,1260006,NPR, ,Order
5709,Q-1192-F10308,FIRESTOP,10 Feb 2020,IQ,Kinden C.,EXPO 2020 DUBAI JAPAN PAVILION PROJECT,Supply Of Fire Stop Materials - CIVIL,Firestop/ DC 315,Fire,1764,AED,Habib B.,Quotation
5710,Q-1192-F10263A,FIRESTOP,10 Feb 2020,IQ,Kasco p.D.,KASCO TOWER,SUPPLY OF INFS0812 8CM,Firestop/ DC 315,Fire,892.5,AED,Habib B.,Order
5711,Q-1192-F10148C,FIRESTOP,09 Feb 2020,IQ,Premium P.E.,"G+4TYP+H.C FLOOR RESIDENTIAL BLDG. ON PLOT NO.RA-27 , AT RESIDENTIAL CITY , DUBAI SOUTH # LPO 322",Supply Of Fire Stop Materials MEP,Firestop/ DC 315,Fire,8914.75,AED,Muhammad N.,Order
5712,Q-1192-F10307,FIRESTOP,09 Feb 2020,IQ,Alcobond ,FIRESTOPPING PROJECT,SUPPLY OF INSS2460 BLACK,Firestop/ DC 315,Fire,35.7,AED,Islam S.,Quotation
5713,RFQ-1192-V4421,FIRESTOP,09 Feb 2020,RFQ,Chocolala A.B.,MVL Firestop Chocolala Chocolates With Packing,Chocolala Chocolates With Packing,Misc.,Various,9460.5,AED, ,Order
5714,Q-1192-F10306,FIRESTOP,09 Feb 2020,IQ,Al Q.G.,1196-G+8P+14+R- AL NAHDA-DIB PROJECT # LPO 102000374,"SUPPLY OF INSS1186, INSS0285, BR 30",Firestop/ DC 315,Fire,6856.5,AED,Islam S.,Order
5715,Q-1192-F10305,FIRESTOP,09 Feb 2020,IQ,Atcon C.L.,"PROPOSED RESIDENTIAL BUILDING B+G+4+R, PLOT NO: JVT01HMRA003# AL BARSHA SOUTH 5TH",Supply Of Fire Stop Materials MEP,Firestop/ DC 315,Fire,27105.75,AED,Muhammad N.,Quotation
5716,Q-1192-F10304,FIRESTOP,09 Feb 2020,IQ,Arabian I.C.,ANCHOR BOLTS,SUPPLY OF MTP A4 ANCHOT BOLTS,Firestop/ DC 315,Fire,4693.5,AED,M.hassan ,Quotation
5717,RFQ-3550-V4365,MVL Nepal,09 Feb 2020,RFQ,Qualisoft C.C.,"72036719F00003 - Nepal Community Reconstruction Program (NRCP) IDIQ Contract, Task Order For The Reconstruction Of Schools And Health Facilities In Sindhuli District Of Nepal",HP 203A Toner Cartidge Refill (B C M Y With Chips),Misc.,Various,23730,NPR, ,Order
5718,RFQ-3550-V4364,MVL Nepal,09 Feb 2020,RFQ,Reliable T.T.,"72036719F00003 - Nepal Community Reconstruction Program (NRCP) IDIQ Contract, Task Order For The Reconstruction Of Schools And Health Facilities In Sindhuli District Of Nepal",Canon Printer Cartridge For IX6870,Misc.,Various,32800,NPR, ,Order
5719,RFQ-3550-V4363,MVL Nepal,09 Feb 2020,RFQ,Everest I.C.,"72036719F00003 - Nepal Community Reconstruction Program (NRCP) IDIQ Contract, Task Order For The Reconstruction Of Schools And Health Facilities In Sindhuli District Of Nepal",Premium Insurance For 3 Bolero Double Cabin Pick Up 2019,Misc.,Various,95007.81,NPR, ,Order
5720,RFQ-1192-F10303,FIRESTOP,09 Feb 2020,RFQ,Global F.I.,MVL FIRESTOP SUPPLIES,Order No. GLOBAL-20200207-05,Firestop/ DC 315,Fire,1380,USD, ,Order
5721,Q-1192-F10258C,FIRESTOP,09 Feb 2020,IQ,Jumairah L.I.,G+M+1 WareHouse + Offices @ Ras Al Khor # LPO JLI/2020/084,SUPPLY OF INSS2460 BLACK,Firestop/ DC 315,Fire,8662.5,AED,Samar T.,Order
5722,Q-1192-F9866A,FIRESTOP,06 Feb 2020,IQ,Zein S.C.,"G+8 RESIDENTIAL BUILDING+ROOF GYM, AL BARSHA SOUTH, DUBAI# LPO 122/2020","SUPPLY OF INSS1186, D64,INSS1440,INFS0812",Firestop/ DC 315,Fire,20685,AED,Habib B.,Order
5723,Q-1192-F10089B,FIRESTOP,06 Feb 2020,IQ,Al S.N.,"P 129 G+6+R RETAIL &amp; RESIDENTIAL BUILDING, PLOT NO.: 6489161, WADI AL SAFA 5, DUBAI, UAE # LPO 041451",SUPPLY OF INSS1186 5G PAIL,Firestop/ DC 315,Fire,1732.5,AED,Islam S.,Order
5724,Q-1192-F10090B,FIRESTOP,06 Feb 2020,IQ,Al S.N.,"P133- G+5+R COMMERCIAL RESIDENTIAL BLDNG ON PLOT NO.648-9160 AT WADI ALSAFA 5, DUBAI # LPO 041452",SUPPLY OF INSS1186 5G,Firestop/ DC 315,Fire,4042.5,AED,Islam S.,Order
5725,Q-1192-F10302,FIRESTOP,06 Feb 2020,IQ,Arabian C.G.,DIC CAMP - 386,SUPPLY OF INSS1440,Firestop/ DC 315,Fire,1155,AED,Habib B.,Order
5726,Q-1192-F10301B,FIRESTOP,05 Feb 2020,IQ,Safety W.,AIROLINK- AL QUSAIS # LPO 1283,SUPPLY OF INSS1186,Firestop/ DC 315,Fire,14964.39,AED,Arun stephen ,Order
5727,Q-1192-F10301A,FIRESTOP,05 Feb 2020,IQ,Safety W.,GBH-AL FURJAN # LPO 1282,SUPPLY OF INSS1186,Firestop/ DC 315,Fire,14967.54,AED,Arun stephen ,Order
5728,Q-1192-F10301,FIRESTOP,05 Feb 2020,IQ,Safety W.,ALI &amp; SONS- AL SUFOUH MIXED USE # LPO 1281,SUPPLY OF INSS1186,Firestop/ DC 315,Fire,19970.79,AED,Samar T.,Order
5729,Q-1005-V7011,MACRO,05 Feb 2020,IQ,Abdul K.C.,Supply &amp; Delivery Of Manifold Riser-Tyco - FPT 1,Supply &amp; Delivery Of Manifold Riser-Tyco - FPT 1,Building Materials,Various,5763.5,USD,Mahesh B.,Order
5730,Q-1192-F10300,FIRESTOP,05 Feb 2020,IQ,Al S.E.,"EM 139 B+G+2 RETAIL/RESIDENTIAL BLDNG, PLOT NO.362-1357, UMM SUQEIM SECOND","SUPPLY OF SSHOOP, HOSE CLAMPS, FP04",Firestop/ DC 315,Fire,7129.5,AED,Islam S.,Quotation
5731,Q-1192-F10299,FIRESTOP,05 Feb 2020,IQ,Al R.G.,FIRESTOPPING PROJECT,Supply Of Fire Stop Materials,Firestop/ DC 315,Fire,1665.3,AED,Habib B.,Quotation
5732,Q-1192-F10298,FIRESTOP,05 Feb 2020,IQ,Square G.C.,WATERFRONT TOWERS- ABU DHABI,SUPPLY OF INSS1186 &amp; INSS0285,Firestop/ DC 315,Fire,1081.5,AED,M.hassan ,Quotation
5733,Q-1192-F10297,FIRESTOP,05 Feb 2020,IQ,Hashim C.C.,"PROPOSED NEW 3B+P+G+16 STOREY RESIDENTIAL TOWER, SECTOR RBW7, PLOT NO.: C5, SHATIE AL RAHA, ABU DHABI.",Supply Of Fire Stop Materials MEP,Firestop/ DC 315,Fire,116088,AED,Samer H.,Quotation
5734,RFQ-3742-S9081,"MVL USA, INC",04 Feb 2020,RFQ,Giico-gulf I.I.,"(KUW-132) ORD-3742 W912ER-19-C-0018 Care And Preservation Vehicle Maintenance Facility, Camp Arifjan, Kuwait",TOPOGRAPHIC SURVEY WORKS LAY DOWN AREA,Subcontract,Services,3944,USD, ,Order
5735,Q-1192-F10296,FIRESTOP,04 Feb 2020,IQ,Media P.I.,Fujairah International Art Festival PO# 5171,SUPPLY OF DC68,Firestop/ DC 315,Fire,2467.5,AED,Ramshad K.,Order
5736,Q-1192-F10206A,FIRESTOP,04 Feb 2020,IQ,Al S.N.,P-137 G+P+8+R RESIDENTIAL ON PLOT 334-7352 AL SATWA PO# 041428,"SUPPLY OF INSS1440, INSS1186",Firestop/ DC 315,Fire,1155,AED,Islam S.,Order
5737,Q-1192-F10295,FIRESTOP,04 Feb 2020,IQ,Force 1.U.,ABUDHABI FUTURE SCHOOL PROGRAM PHASE 07 JABAL HAFEET,Supply Of Fire Stop Materials MEP,Firestop/ DC 315,Fire,49665,AED,Samer H.,Quotation
5738,RFQ-1192-V4420,FIRESTOP,04 Feb 2020,RFQ,Smile C.,Firestop Inspection Labels,Inspection Labels,Misc.,Various,1500,AED, ,Order
5739,Q-1192-F10294,FIRESTOP,04 Feb 2020,IQ,Alibtikar A.T.,MBR Phase III 800 MW PV Solar Power# LPO 3220/MVL/AATW/001,SUPPLY OF DC6150,Firestop/ DC 315,Fire,22706.25,AED,Islam S.,Order
5740,Q-1192-F10293,FIRESTOP,03 Feb 2020,IQ,Al R.A.,JOB NO.531 # LPO 432,INSS2460 BLACK,Firestop/ DC 315,Fire,11550,AED,Samar T.,Order
5741,Q-1005-V7010,MACRO,03 Feb 2020,IQ,Abdul K.C.,Supply &amp; Delivery Of Butterfly Valve &amp; Sprinkler Head-FPT 1,Supply &amp; Delivery Of Butterfly Valve &amp; Sprinkler Head-FPT 1,Building Materials,Various,14664.3,USD,Mahesh B.,Quotation
5742,Q-1192-F10292,FIRESTOP,03 Feb 2020,IQ,Delta A.C.,"4B+G+19F+Roof Hotel Building,BUSINESS BAY  #LPO 07195",SUPPLY OF INSS1186,Firestop/ DC 315,Fire,1638,AED,Islam S.,Order
5743,Q-1192-F10282A,FIRESTOP,03 Feb 2020,IQ,Silver C.,FIRESTOPPING PROJECT,SUPPLY OF INSS0285,Firestop/ DC 315,Fire,294,AED,Samer H.,Order
5744,RFQ-3742-V4351,MVL Kuwait,03 Feb 2020,RFQ,Maseelah T.C.,VMF Project Vehicle Maintainance,Service Contract 65k Km To 200K Km,Misc.,Various,1019,KWD, ,Order
5745,Q-1192-F10290B,FIRESTOP,03 Feb 2020,IQ,Al A.E.,"AL ARABIA, BLOCK  C,PLUMBING, BUILDING 4&amp;5 , PHASE 1 - PLOT 2, JUMEIRAH FIRST, DUBAI, UAE.",Supply Of Fire Stop Materials MEP,Firestop/ DC 315,Fire,104333.25,AED,M.hassan ,Quotation
5746,Q-1192-F10289B,FIRESTOP,03 Feb 2020,IQ,Al A.E.,"AL ARABIA, BLOCK C,HVAC,  BUILDING 4 &amp; 5, PHASE 1 - PLOT 2, JUMEIRAH FIRST, DUBAI, UAE.",Supply Of Fire Stop Materials - CIVIL,Firestop/ DC 315,Fire,6867,AED,M.hassan ,Quotation
5747,Q-1192-F10288B,FIRESTOP,03 Feb 2020,IQ,Al A.E.,"AL ARABIA, BLOCK C, ELECTRICAL AND PHONE , BUILDING 4 &amp; 5, PHASE 1 - PLOT 2, JUMEIRAH FIRST, DUBAI, UAE.",Supply Of Fire Stop Materials MEP,Firestop/ DC 315,Fire,20637.75,AED,M.hassan ,Quotation
5748,RFQ-4042-V4351,MVL Kuwait,03 Feb 2020,RFQ,Maseelah T.C.,VMF Project Vehicle Maintainance,Service Contract 65km To 200km,Misc.,Various,1019,KWD, ,Quotation
5749,Q-1192-F10291,FIRESTOP,03 Feb 2020,IQ,Qurum E.S.,Oman Project,SUPPLY OF ESSCOAT,Firestop/ DC 315,Fire,11760,AED,Islam S.,Quotation
5750,Q-1192-F10290A,FIRESTOP,03 Feb 2020,IQ,Al A.E.,"AL ARABIA, BLOCK  B,PLUMBING, BUILDING 3, PHASE 1 - PLOT 2, JUMEIRAH FIRST, DUBAI, UAE.",Supply Of Fire Stop Materials MEP,Firestop/ DC 315,Fire,64806,AED,M.hassan ,Quotation
5751,Q-1192-F10289A,FIRESTOP,03 Feb 2020,IQ,Al A.E.,"AL ARABIA, BLOCK B,HVAC,  BUILDING 3, PHASE 1 - PLOT 2, JUMEIRAH FIRST, DUBAI, UAE.",Supply Of Fire Stop Materials - CIVIL,Firestop/ DC 315,Fire,5407.5,AED,M.hassan ,Quotation
5752,Q-1192-F10288A,FIRESTOP,03 Feb 2020,IQ,Al A.E.,"AL ARABIA, BLOCK B, ELECTRICAL AND PHONE , BUILDING 3, PHASE 1 - PLOT 2, JUMEIRAH FIRST, DUBAI, UAE.",Supply Of Fire Stop Materials MEP,Firestop/ DC 315,Fire,11119.5,AED,M.hassan ,Quotation
5753,Q-1192-F10290,FIRESTOP,03 Feb 2020,IQ,Al A.E.,"AL ARABIA, BLOCK A,PLUMBING, BUILDING 1  &amp; 2, PHASE 1 - PLOT 2, JUMEIRAH FIRST, DUBAI, UAE.",Supply Of Fire Stop Materials MEP,Firestop/ DC 315,Fire,106202.25,AED,M.hassan ,Quotation
5754,Q-1192-F10289,FIRESTOP,03 Feb 2020,IQ,Al A.E.,"AL ARABIA, BLOCK A,HVAC,  BUILDING 1  &amp; 2, PHASE 1 - PLOT 2, JUMEIRAH FIRST, DUBAI, UAE.",Supply Of Fire Stop Materials - CIVIL,Firestop/ DC 315,Fire,9198,AED,M.hassan ,Quotation
5755,Q-1192-F10288,FIRESTOP,03 Feb 2020,IQ,Al A.E.,"AL ARABIA, BLOCK A ELECTRICAL AND PHONE , BUILDING 1  &amp; 2, PHASE 1 - PLOT 2, JUMEIRAH FIRST, DUBAI, UAE.",Supply Of Fire Stop Materials MEP,Firestop/ DC 315,Fire,21472.5,AED,M.hassan ,Quotation
5756,Q-1192-F10287,FIRESTOP,03 Feb 2020,IQ,Al F.G.,"CREEK RISE - TWIN TOWERS,CREEK HARBOR , DUBAI",Supply Of Fire Stop Materials - CIVIL,Firestop/ DC 315,Fire,330750,AED,Samer H.,Quotation
5757,Q-1192-F10286,FIRESTOP,02 Feb 2020,IQ,Square A.&.,AL NOAIMI TOWER # LPO POA-20/126,SUPPLY OF INSS2460 WHITE,Firestop/ DC 315,Fire,2992.5,AED,M.hassan ,Order
5758,Q-1192-F10173B,FIRESTOP,02 Feb 2020,IQ,Safety W.,OST-G+14 LPO# 1277,SUPPLY OF CFS01,Firestop/ DC 315,Fire,2047.5,AED,Muhammad N.,Order
5759,RFQ-3550-V4258,MVL Nepal,02 Feb 2020,RFQ,Katkuwa S.,"72036719F00003 - Nepal Community Reconstruction Program (NRCP) IDIQ Contract, Task Order For The Reconstruction Of Schools And Health Facilities In Sindhuli District Of Nepal",2nd Order For VARIOUS APPROVED MATERIALS,Building Materials,Various,11106663,NPR, ,Order
5760,Q-1192-F10285,FIRESTOP,02 Feb 2020,IQ,Ali M.A.,Dragon City &ndash; Mixed Use Complex - Nakheel - Dubai,Supply Of Fire Stop Materials - CIVIL,Firestop/ DC 315,Fire,6.06,AED,Arun stephen ,Quotation
5761,Q-1192-F10284,FIRESTOP,02 Feb 2020,IQ,Arabian I.C.,FIRESTOPPING PROJECT,SUPPLY OF MTP ANCHORS,Firestop/ DC 315,Fire,3510.94,AED,M.hassan ,Quotation
5762,Q-1192-F10283,FIRESTOP,02 Feb 2020,IQ,Aqmm G.T.,FIRESTOPPING PROJECT,SUPPLY OF DC68 AND DC6150,Firestop/ DC 315,Fire,5706.75,AED,Islam S.,Quotation
5763,Q-1192-F10282,FIRESTOP,02 Feb 2020,IQ,Silver C.,FIRESTOPPING PROJECT,SUPPLY OF INSS0285,Firestop/ DC 315,Fire,29.4,AED,Samer H.,Quotation
5764,Q-1192-F10143B,FIRESTOP,02 Feb 2020,IQ,Apex T.C.,APX041912POH0537,"SUPPLY OF INSS1440, INSS0285",Firestop/ DC 315,Fire,2226,AED,Samar T.,Order
5765,Q-1192-F10281A,FIRESTOP,02 Feb 2020,IQ,Al S.E.,"B+G+2+ROOF RETAIL &amp; RESINDENTIAL BUILDING ON PLOT 362-1357 @ UMM SUQEIM SECOND, DUBAI PO # 009637",SUPPLY OF CFS01,Firestop/ DC 315,Fire,1000.82,AED,Islam S.,Order
5766,Q-1192-F10281,FIRESTOP,02 Feb 2020,IQ,Al S.E.,"B+G+2 RETAIL &amp; RESIDENTIAL BUILDING ON PLOT NO. 362-1310 @ UMM SUQEIM SECOND, DUBAI UAE, PO # 009636",SUPPLY OF CFS01,Firestop/ DC 315,Fire,667.21,AED,Islam S.,Order
5767,Q-1192-F10280,FIRESTOP,02 Feb 2020,IQ,Al T.T.,JOB 2140 # LPO NO.14349,SUPPLY OF INSS2460 BLACK,Firestop/ DC 315,Fire,18270,AED,Arun stephen ,Order
5768,Q-1192-F10258B,FIRESTOP,02 Feb 2020,IQ,Jumairah L.I.,G+M+1 WareHouse + Offices @ Ras Al Khor.,SUPPLY OF INSS2460 BLACK,Firestop/ DC 315,Fire,72187.5,AED,Samar T.,Quotation
5769,Q-1192-F10279,FIRESTOP,30 Jan 2020,IQ,Arco I.L.,RENOVATION OF HAAD HEAD QUARTERS BUILDING,Supply Of Fire Stop Materials - CIVIL&amp; INSS0285,Firestop/ DC 315,Fire,40713.75,AED,M.hassan ,Quotation
5770,Q-1192-F10278,FIRESTOP,30 Jan 2020,IQ,Arco I.L.,RENOVATION OF HAAD HEAD QUARTERS BUILDING,Supply Of Fire Stop Materials MEP,Firestop/ DC 315,Fire,41889.75,AED,M.hassan ,Quotation
5771,Q-1192-F10233A,FIRESTOP,30 Jan 2020,IQ,Al A.C.,AC0010- SITE K1 648-9213# LPO 002/STO/2020/0013,SUPPLY OF INSS1186 600 ML Sausage,Firestop/ DC 315,Fire,3780.47,AED,Muhammad N.,Order
5772,RFQ-1192-F10277,FIRESTOP,30 Jan 2020,RFQ,Tecnicas E.S.,MVL FIRESTOP SUPPLY,PERFORATED PROFILES - GPZ201010,Firestop/ DC 315,Fire,118.48,EURO, ,Order
5773,Q-1192-F10020A,FIRESTOP,30 Jan 2020,IQ,Ms C.L.,FIRESTOPPING PROJECT,SUPPLY OF INSS1186 SAUSAGES,Firestop/ DC 315,Fire,99750,AED,Habib B.,Quotation
5774,RFQ-1192-F10276,FIRESTOP,29 Jan 2020,RFQ,Tecnicas E.S.,MVL FIRESTOP SUPPLY,PERFORATED PROFILES - GPZ201010,Firestop/ DC 315,Fire,987.34,EURO, ,Order
5775,Q-1192-F10275,FIRESTOP,29 Jan 2020,IQ,High S.T.,QATAR PROJECT,SUPPLY OF MTH A4 BOLTS,Firestop/ DC 315,Fire,111300,AED,Islam S.,Quotation
5776,Q-1192-F10274,FIRESTOP,29 Jan 2020,IQ,Technomech E.W.,J-74 INTERCITY HOTEL 2 ( 2B+G+5FLOOR) ON PLOT NO. 3260943 AT AL JADAF # LPO 12652-20,SUPPLY OF D120,Firestop/ DC 315,Fire,136.5,AED,Arun stephen ,Order
5777,Q-1192-F10273,FIRESTOP,29 Jan 2020,IQ,Al F.C.,"G+4 RESIDENTIAL BUILDING, PLOT NO.: 6184158, NADD AL SHIBA FIRST, DUBAI",SUPPLY OF INSS0285 WHITE,Firestop/ DC 315,Fire,4536,AED,Islam S.,Quotation
5778,Q-1192-F10272A,FIRESTOP,29 Jan 2020,IQ,Bilt M.E.,"MEDIA ZONE DEVELOPMENT , YAS ISLAND , ABUDHABI ( PLOT C-41 )- TELEPHONE AND ELECTRICAL",Supply Of Fire Stop Materials MEP,Firestop/ DC 315,Fire,36604.05,AED,M.hassan ,Quotation
5779,Q-1192-F10271A,FIRESTOP,29 Jan 2020,IQ,Bilt M.E.,"MEDIA ZONE DEVELOPMENT , YAS ISLAND , ABUDHABI ( PLOT C-41 )- HVAC",Supply Of Fire Stop Materials MEP,Firestop/ DC 315,Fire,21741.3,AED,M.hassan ,Quotation
5780,Q-1192-F10270A,FIRESTOP,29 Jan 2020,IQ,Bilt M.E.,"MEDIA ZONE DEVELOPMENT- FIRE FIGHTING &amp; PLUMBING , YAS ISLAND , ABUDHABI ( PLOT C-41 )",Supply Of Fire Stop Materials MEP,Firestop/ DC 315,Fire,49383.6,AED,M.hassan ,Quotation
5781,Q-1192-F10272,FIRESTOP,29 Jan 2020,IQ,Bilt M.E.,"MEDIA ZONE DEVELOPMENT , YAS ISLAND , ABUDHABI ( PLOT C-40 )- TELEPHONE AND ELECTRICAL",Supply Of Fire Stop Materials MEP,Firestop/ DC 315,Fire,132460.66,AED,M.hassan ,Quotation
5782,Q-1192-F10271,FIRESTOP,29 Jan 2020,IQ,Bilt M.E.,"MEDIA ZONE DEVELOPMENT , YAS ISLAND , ABUDHABI ( PLOT C-40 )- HVAC",Supply Of Fire Stop Materials MEP,Firestop/ DC 315,Fire,50148,AED,M.hassan ,Quotation
5783,Q-1192-F10270,FIRESTOP,29 Jan 2020,IQ,Bilt M.E.,"MEDIA ZONE DEVELOPMENT- FIRE FIGHTING &amp; PLUMBING , YAS ISLAND , ABUDHABI ( PLOT C-40 )",Supply Of Fire Stop Materials MEP,Firestop/ DC 315,Fire,183919.05,AED,M.hassan ,Quotation
5784,Q-1192-F10269,FIRESTOP,29 Jan 2020,IQ,National A.&.,INDEX FIXING,SUPPLY OF MTP-X AND MTH-A4,Firestop/ DC 315,Fire,66.01,AED,M.hassan ,Quotation
5785,Q-1192-F10221A,FIRESTOP,29 Jan 2020,IQ,Al S.A.,1089 5 SHOWROOMS+MOSQUE(1089)# LPO P0213458,SUPPLY OF INSS1186 SAUSAGE,Firestop/ DC 315,Fire,4986.24,AED,Samar T.,Order
5786,Q-1192-F10268,FIRESTOP,28 Jan 2020,IQ,Alnajm A.,B+G+2P+12Typ+Roof &amp; Hotel Apartment AFMU 44B_45 &amp; AFMU 35B_36A -Al Furjan Dubai# LPO NO.AZ/MVL/20/350,SUPPLY OF D64,Firestop/ DC 315,Fire,2646,AED,Muhammad N.,Order
5787,Q-1192-F10131B,FIRESTOP,28 Jan 2020,IQ,Al F.A.,FIRESTOPPING PROJECT# LPO 5614,SUPPLY OF INSS2460 BLACK,Firestop/ DC 315,Fire,5670,AED,Muhammad N.,Order
5788,RFQ-3734-S9080A,"MVL USA, INC",28 Jan 2020,RFQ,Metron C.&.,"(QTR-173) W912ER-19-C-0016 Consolidated Squadron Operations Facility, Al Udeid Air Base, State Of Qatar",QTR-173 Material Supply For Civil &amp; Architectural Works (External) And Internal Finishes,Subcontract,Services,1667188.25,USD, ,Order
5789,RFQ-3734-S9080,"MVL USA, INC",28 Jan 2020,RFQ,Metron C.&.,"(QTR-173) W912ER-19-C-0016 Consolidated Squadron Operations Facility, Al Udeid Air Base, State Of Qatar",QTR-173 Subcontract For Civil &amp; Architectural Works (External) And Internal Finishes,Subcontract,Services,782811.81,USD, ,Order
5790,Q-1192-F10267,FIRESTOP,28 Jan 2020,IQ,Al F.C.,"MEYDAN PROJECT G+4 RESIDENTIAL BUILDING, PLOT NO.: 6184158,",Supply Of Fire Stop Materials MEP,Firestop/ DC 315,Fire,44040.36,AED,Islam S.,Order
5791,Q-1192-F10266,FIRESTOP,28 Jan 2020,IQ,Al F.C.,"G+4 RESIDENTIAL BUILDING, PLOT NO.: 6184158,                     NADD AL SHIBA FIRST, DUBAI, UAE.",Supply Of Fire Stop Materials - CIVIL,Firestop/ DC 315,Fire,43680,AED,Islam S.,Quotation
5792,Q-1192-F10265,FIRESTOP,28 Jan 2020,IQ,Al O.C.,220-Bloom Towers-G+4P+1- 3 TOWERS # LPO 102000136,"SUPPLY OF SSHOOP,INFS0812, INSS1440, INSS1186",Firestop/ DC 315,Fire,140699.45,AED,Habib B.,Order
5793,Q-1192-F10264,FIRESTOP,28 Jan 2020,IQ,Xtramix I.P.,INDEX FIXING,SUPPLY OF SCREWBOLT-THDEX,Firestop/ DC 315,Fire,5964,AED,M.hassan ,Quotation
5794,Q-1192-F10263,FIRESTOP,28 Jan 2020,IQ,Kasco p.D.,KASCO TOWER,SUPPLY OF INFS0812 8CM,Firestop/ DC 315,Fire,1785,AED,Habib B.,Order
5795,Q-1192-F10258A,FIRESTOP,28 Jan 2020,IQ,Jumairah L.I.,G+M+1 WareHouse + Offices @ Ras Al Khor.,SUPPLY OF INSS2460 BLACK,Firestop/ DC 315,Fire,628.95,AED,Samar T.,Order
5796,Q-1192-F10262,FIRESTOP,27 Jan 2020,IQ,Exeed P.L.,INDEX FIXING,"SUPPLY OF BOLTS, ANCHOR, SCREW",Firestop/ DC 315,Fire,397350.16,AED,M.hassan ,Quotation
5797,Q-1192-F10261,FIRESTOP,27 Jan 2020,IQ,Horizon G.E.,Development Of The Pixel Project (Plot V01),SUPPLY OF INDEX FIXING ITEMS,Firestop/ DC 315,Fire,42855.75,AED,Samer H.,Quotation
5798,Q-1192-F10260,FIRESTOP,27 Jan 2020,IQ,Reliable S.C.,"PROPOSED WARE HOUSE (GROUND+MEZZ.), PLOT NO.: MO0706A, JEBEL ALI FREE ZONE.",SUPPLY OF INSS1440 1G PAIL,Firestop/ DC 315,Fire,1146.6,AED,Habib B.,Quotation
5799,Q-1192-F10259,FIRESTOP,27 Jan 2020,IQ,Fabco A.M.,FIRESTOPPING PROJECT,SUPPLY OF INSS2460 BLACK,Firestop/ DC 315,Fire,49087.5,AED,Samar T.,Quotation
5800,Q-1192-F10258,FIRESTOP,26 Jan 2020,IQ,Jumairah L.I.,G+M+1 WareHouse + Offices @ Ras Al Khor.,SUPPLY OF INSS2460,Firestop/ DC 315,Fire,62895,AED,Samar T.,Quotation
5801,Q-1192-F10257A,FIRESTOP,26 Jan 2020,IQ,Media P.I.,"WORLD URBAN FORUM ADNEC, 7TH -13TH FEB 2020",SUPPLY OF DC68 SPRAY TO PROTECT,Firestop/ DC 315,Fire,2467.5,AED,Ramshad K.,Order
5802,Q-1192-F10257,FIRESTOP,26 Jan 2020,IQ,Media P.I.,"DEWA SUQIA AWARDS 2020, MADINAT JUMEIRAH, 29TH JAN 2020",SUPPLY OF DC68 SPRAY TO PROTECT,Firestop/ DC 315,Fire,2467.5,AED,Ramshad K.,Order
5803,Q-1192-F10148B,FIRESTOP,26 Jan 2020,IQ,Premium P.E.,"G+4TYP+H.C FLOOR RESIDENTIAL BLDG. ON PLOT NO.RA-27 , AT RESIDENTIAL CITY , DUBAI SOUTH , DUBAI , U.A.E",Supply Of Fire Stop Materials MEP,Firestop/ DC 315,Fire,30835.73,AED,Muhammad N.,Quotation
5804,Q-1192-F10256,FIRESTOP,26 Jan 2020,IQ,Jpm A.T.,FIRESTOPPING MATERIALS,SUPPLY OF MVL FIRESTOP MATERIALS,Firestop/ DC 315,Fire,2071.91,AED,Karim E.,Quotation
5805,Q-1192-F10255,FIRESTOP,26 Jan 2020,IQ,International H.C.,Saudi German Hospital &ndash; Extension Barsha III &ndash; Dubai,Supply Of Fire Stop Materials MEP &amp; CIVIL,Firestop/ DC 315,Fire,2023.35,AED,Habib B.,Quotation
5806,Q-1192-F10140A,FIRESTOP,26 Jan 2020,IQ,Al S.N.,P-125-B+G+3 RESIDENTIAL DEVELOPMENT ON PLOT NO. 333-1014@AL BADAA#PO NO.041236,SUPPLY OF INSS1186,Firestop/ DC 315,Fire,2896.64,AED,Islam S.,Order
5807,Q-1192-F10254,FIRESTOP,26 Jan 2020,IQ,Hemayah F.F.,FIRESTOPPING MATERIALS,SUPPLY OF MVL FIRESTOP MATERIALS,Firestop/ DC 315,Fire,3058.7,AED,Karim E.,Quotation
5808,Q-1192-F10253,FIRESTOP,26 Jan 2020,IQ,Ali M.&.,A1701-AL FATTAN DOWNTOWN # PO 132000056,"SUPPLY OF INSS2460 GREY, INSS0285 ALS 084, INSS2460- ALS 128 GREY",Firestop/ DC 315,Fire,167475,AED,Samar T.,Order
5809,Q-1192-F10252,FIRESTOP,26 Jan 2020,IQ,Tiger C.C.,"G+4P+10+R COMMERCIAL/RESIDENTIAL BLDNG, PLOT 3265630,, JADDAF",Supply Of Fire Stop Materials,Firestop/ DC 315,Fire,15830.26,AED,Islam S.,Quotation
5810,Q-1192-F10251,FIRESTOP,26 Jan 2020,IQ,Fezzco ,KSA PROJECT,SUPPLY OF MVL FIRESTOP MATERIALS,Firestop/ DC 315,Fire,7771.21,AED,Karim E.,Quotation
5811,Q-1192-F9833A,FIRESTOP,26 Jan 2020,IQ,Siemens L.,FIRESTOPPING PROJECT,"SUPPLY OF INSS1440, FP05",Firestop/ DC 315,Fire,1123.5,AED,Samar T.,Order
5812,RFQ-3742-S9080,"MVL USA, INC",23 Jan 2020,RFQ,Sahraa A.R.,"(KUW-132) ORD-3742 W912ER-19-C-0018 Care And Preservation Vehicle Maintenance Facility, Camp Arifjan, Kuwait",Package # 2 And # 3,Subcontract,Services,4280000,USD, ,Order
5813,Q-1192-F10250,FIRESTOP,23 Jan 2020,IQ,Media P.I.,"Dewa Madinat Jumeirah Jan 29, 2020 And WUF ADNEC February 7-13, 2020",SUPPLY OF DC68 SPRAY TO PROTECT,Firestop/ DC 315,Fire,7402.5,AED,Ramshad K.,Quotation
5814,RFQ-3734-S9079,"MVL USA, INC",23 Jan 2020,RFQ,Powertech ,"(QTR-173) W912ER-19-C-0016 Consolidated Squadron Operations Facility, Al Udeid Air Base, State Of Qatar",Construction Of 11kV/415V Substation,Subcontract,Services,1090000,USD, ,Order
5815,Q-1192-F10249,FIRESTOP,23 Jan 2020,IQ,Palgan I.C.,"EXPO 2020 DUBAI JAPAN PAVILION PROJECT, DUBAI, UAE # LPO 2402",Supply Of Fire Stop Materials MEP,Firestop/ DC 315,Fire,10000,AED,Habib B.,Order
5816,Q-1192-F10248,FIRESTOP,23 Jan 2020,IQ,Zabeel C.C.,"B+G+4 RESIDENTIAL BUILDING AT JVC ,PLOT NO JVC14NMRP002,DUBAI",Supply Of Fire Stop Materials MEP,Firestop/ DC 315,Fire,65668.05,AED,Arun stephen ,Quotation
5817,Q-1192-F10247,FIRESTOP,23 Jan 2020,IQ,Galaxy A.G.,"WATERFRONT TOWERS, PLOT NO.: C2, SECTOR NO.: W 32, ABU DHABI ISLAND, ABU DHABI, UAE.",Supply Of Fire Stop Materials MEP,Firestop/ DC 315,Fire,288765.75,AED,M.hassan ,Quotation
5818,RFQ-3742-S9079,"MVL USA, INC",23 Jan 2020,RFQ,Arabi C.W.,"(KUW-132) ORD-3742 W912ER-19-C-0018 Care And Preservation Vehicle Maintenance Facility, Camp Arifjan, Kuwait",Complete MEP Scope,Subcontract,Services,5995000,USD, ,Order
5819,Q-1192-F10246,FIRESTOP,23 Jan 2020,IQ,Pivot E.&.,"PROPOSED NEW 3B+G+4 STOREY OFFICE BUILDING, PLOT NO.: 2641059,EREC Building No. 43, ESMA, DUBAI, UAE.",Supply Of Fire Stop Materials MEP,Firestop/ DC 315,Fire,23047.5,AED,M.hassan ,Quotation
5820,Q-1192-F9919A,FIRESTOP,21 Jan 2020,IQ,Aroma I.B.,FIRESTOPPING MATERIALS,Supply Of Fire Stop Materials MEP,Firestop/ DC 315,Fire,1678.95,AED,Arun stephen ,Quotation
5821,RFQ-3742-V4252,"MVL USA, INC",21 Jan 2020,RFQ,Kirby B.S.,"W912ER-19-C-0018 CARE AND PRESERVATION VEHICLE MAINTENANCE FACILITY, KUWAIT",PEB Steel Structure,Building Materials,Various,1559000,USD, ,Order
5822,Q-1192-F8837B,FIRESTOP,21 Jan 2020,IQ,Ali M.&.,A1701-AL FATTAN DOWNTOWN DUBAI,Supply Of  INSS2460-ALS128,Firestop/ DC 315,Fire,88200,AED,Samar T.,Quotation
5823,Q-1192-F10245,FIRESTOP,21 Jan 2020,IQ,Al R.G.,"AL GHADEER PHASE - 2 , VILLA PROJECTS",Supply Of Fire Stop Materials MEP,Firestop/ DC 315,Fire,99802.5,AED,Habib B.,Quotation
5824,Q-1192-F10237A,FIRESTOP,21 Jan 2020,IQ,Kasco p.D.,"KASCO TOWER (2B+G+3P+19F+R), PLOT NO.: BB.B03.007, BUSINESS BAY, DUBAI, UAE",SUPPLY OF INSS1440 1G PAIL,Firestop/ DC 315,Fire,1570.8,AED,Habib B.,Order
5825,Q-1192-F10244,FIRESTOP,21 Jan 2020,IQ,Atcon C.L.,"P-102 AQUA 4 STAR HOTEL, PLOT NO.: PJTRH04B, PALM JUMEIRAH, DUBAI, UAE PO# 3493",SUPPJY OF INSS1440,Firestop/ DC 315,Fire,12022.5,AED,Muhammad N.,Order
5826,RFQ-1192-F10243,FIRESTOP,21 Jan 2020,RFQ,Global F.I.,Supply Of MVL Firestop Materials,GLOBAL ORDER-20200114-03,Firestop/ DC 315,Fire,83265.5,USD, ,Order
5827,RFQ-3734-S9078,"MVL USA, INC",21 Jan 2020,RFQ,Ancd -.A.,"(QTR-173) W912ER-19-C-0016 Consolidated Squadron Operations Facility, Al Udeid Air Base, State Of Qatar",Complete MEP Works,Subcontract,Services,2300000,USD, ,Order
5828,Q-1192-F10242,FIRESTOP,20 Jan 2020,IQ,Desert L.C.,DUBAI HARBOUR CRUISE TERMINAL (Main Package),SUPPLY OF INSS1186,Firestop/ DC 315,Fire,6756.75,AED,Arun stephen ,Quotation
5829,Q-1192-F10241,FIRESTOP,20 Jan 2020,IQ,Delta A.C.,AP12110 # LPO 07175,SUPPLY OF INDEX MTP ANCHOR BOLTS,Firestop/ DC 315,Fire,236.25,AED,Islam S.,Order
5830,Q-1192-F10240,FIRESTOP,20 Jan 2020,IQ,Nascon E.L.,AYKON CITY_BUSINESS BAY PO # 0038-20,SUPPLY OF MVL FIRESTOP MATERIALS,Firestop/ DC 315,Fire,19040.43,AED,Arun stephen ,Order
5831,Q-1192-F10239A,FIRESTOP,20 Jan 2020,IQ,Bilt M.E.,"MEDIA ZONE DEVELOPMENT , YAS ISLAND , ABUDHABI ( PLOT C-41 )",Supply Of Fire Stop Materials MEP,Firestop/ DC 315,Fire,103561.5,AED,M.hassan ,Quotation
5832,Q-1192-F10239,FIRESTOP,20 Jan 2020,IQ,Bilt M.E.,"MEDIA ZONE DEVELOPMENT , YAS ISLAND , ABUDHABI ( PLOT C-40 )",Supply Of Fire Stop Materials MEP,Firestop/ DC 315,Fire,361761.75,AED,M.hassan ,Quotation
5833,Q-1192-F10238,FIRESTOP,20 Jan 2020,IQ,Ali M.A.,Dragon City &ndash; Mixed Use Complex - Nakheel - Dubai,Supply Of Fire Stop Materials - CIVIL,Firestop/ DC 315,Fire,650097,AED,Arun stephen ,Quotation
5834,Q-1192-F10237,FIRESTOP,20 Jan 2020,IQ,Kasco p.D.,"KASCO TOWER (2B+G+3P+19F+R), PLOT NO.: BB.B03.007, BUSINESS BAY, DUBAI, UAE",SUPPLY OF INSS1440 1G PAIL,Firestop/ DC 315,Fire,1396.5,AED,Habib B.,Order
5835,Q-1192-F10236,FIRESTOP,20 Jan 2020,IQ,Pivot E.&.,"EREC BUILDING NO.43, Muhaisnah, Dubai.",Supply Of Rebar Anchoring Chemical  And Sealant,Firestop/ DC 315,Fire,724.5,AED,M.hassan ,Quotation
5836,Q-1192-F10235,FIRESTOP,20 Jan 2020,IQ,Dutco C.C.,ESPLANADE PROPOSED DEVELOPMENT ON PLOT NO: 3731116 @ AL BARSHA FIRST DUBAI,Supply Of Fire Stop Materials - CIVIL,Firestop/ DC 315,Fire,30681,AED,Muhammad N.,Quotation
5837,Q-1192-F10231A,FIRESTOP,19 Jan 2020,IQ,Delta A.C.,RAMEE HOTEL BUSINESS BAY_PO # 07151,SUPPLY OF INDEX MATERIALS,Firestop/ DC 315,Fire,498.75,AED,Islam S.,Order
5838,Q-1192-F10154B,FIRESTOP,19 Jan 2020,IQ,Media P.I.,OSS NEW YEAR'S EVE MADINAT JUMEIRAH ARENA PO# 4991,SUPPLY OF DC68 5G PAIL,Firestop/ DC 315,Fire,2467.5,AED,Ramshad K.,Order
5839,Q-1192-F10121A,FIRESTOP,19 Jan 2020,IQ,Fibrex L.,Bellevue Towers (B+G+2P+22/23) PO #F-GRC-82258 PUR-17213-2020-R.0,SUPPLY OF INSS2460- CUSTOMIZED GRC COLOUR,Firestop/ DC 315,Fire,141120,AED,Islam S.,Order
5840,Q-1192-F10233,FIRESTOP,19 Jan 2020,IQ,Al A.C.,AC0010- SITE K1 648-9213# LPO 002/STO/2020/0007,SUPPLY OF INFS0812,Firestop/ DC 315,Fire,10080,AED,Muhammad N.,Order
5841,Q-1192-F10232,FIRESTOP,19 Jan 2020,IQ,New S.E.,JOB 56 MAZEN ABDUL MAJID_PO # 18616,SUPPLY OF INSS1440 1G PAIL,Firestop/ DC 315,Fire,7612.5,AED,Muhammad N.,Order
5842,Q-1192-F10231,FIRESTOP,19 Jan 2020,IQ,Delta A.C.,"4B+G+19F+ROOF, RAMEE HOTEL BUSINESS BAY_PO # 07148",SUPPLY OF MVL FIRESTOP MATERIALS,Firestop/ DC 315,Fire,362.25,AED,Islam S.,Order
5843,Q-1005-E7019,MACRO,19 Jan 2020,IQ,Abdul K.C.,Supply &amp; Delivery Of Syston Fire Alarm Cables-FPT 1,Supply &amp; Delivery Of Syston Fire Alarm Cables-FPT 1,Electrical,Electrical,38390,USD,Mahesh B.,Order
5844,Q-1192-F10230A,FIRESTOP,19 Jan 2020,IQ,A &.M.,"AL RAHA BEACH RESIDENTIAL BUILDING , ABUDHABI , UAE ,SECTOR NO:RBW3 , PLOT NO:C20",Supply Of Fire Stop Materials - CIVIL,Firestop/ DC 315,Fire,65005.5,AED,M.hassan ,Quotation
5845,Q-1192-F10230,FIRESTOP,19 Jan 2020,IQ,A &.M.,"AL RAHA BEACH RESIDENTIAL BUILDING , ABUDHABI , UAE ,SECTOR NO:RBW3 , PLOT NO:C05",Supply Of Fire Stop Materials - CIVIL,Firestop/ DC 315,Fire,77700,AED,M.hassan ,Quotation
5846,Q-1192-F10164B,FIRESTOP,19 Jan 2020,IQ,Safety W.,GBH -AL FURJAN-# LPO 1272,SUPPLY OF INSS1186,Firestop/ DC 315,Fire,9975.42,AED,Arun stephen ,Order
5847,Q-1192-F10173A,FIRESTOP,19 Jan 2020,IQ,Safety W.,OST-G+14 LPO# 1271,SUPPLY OF CFS01,Firestop/ DC 315,Fire,1365,AED,Muhammad N.,Order
5848,Q-1192-F10229,FIRESTOP,19 Jan 2020,IQ,Safety W.,"GBH Contracting (Fire Station &amp; Police Station Bldg. Proj., Palm Jumeirah) # 1269",SUPPLY  OF INSS1440,Firestop/ DC 315,Fire,2310,AED,Arun stephen ,Order
5849,Q-1005-L4092,MACRO,19 Jan 2020,IQ,Abdul K.C.,Transportation-FOB Tianjin Port To FPT 1 - Cables &amp; Locks,Transportation-FOB Tianjin Port To FPT 1 - Cables &amp; Locks,Transportation,Logistics,21244,USD,Mahesh B.,Order
5850,RFQ-1192-V4419,FIRESTOP,16 Jan 2020,RFQ,Rukin A.F.,MVL Firestop Misc,MVL Chocolate Boxes,Misc.,Various,3940,AED, ,Order
5851,Q-1005-E7018,MACRO,16 Jan 2020,IQ,Abdul K.C.,Supply &amp; Delivery Of GFCI Receptacles-FPT 1,Supply &amp; Delivery Of GFCI Receptacles-FPT 1,Electrical,Electrical,64878.4,USD,Mahesh B.,Quotation
5852,Q-1005-V7009,MACRO,16 Jan 2020,IQ,Regional C.C.,W912D1-20-Q-0015,Supply And Delivery Of 2 Nos Of Maintenance Tent For Camp Redleg,Building Materials,Various,555200,AED, ,Quotation
5853,Q-1192-F10228,FIRESTOP,15 Jan 2020,IQ,Delta A.C.,DELTA AL WADI PROJECT,SUPPLY OF INDEX MOPUR30585,Firestop/ DC 315,Fire,945,AED,Islam S.,Quotation
5854,Q-1192-F10227,FIRESTOP,15 Jan 2020,IQ,Hypery I.L.,FIRESTOPPING MATERIALS,SUPPLY OF MVL FIRESTOP MATERIALS,Firestop/ DC 315,Fire,21125,AED,Karim E.,Order
5855,Q-1192-F10226,FIRESTOP,15 Jan 2020,IQ,Future M.B.,PIPELINE PROJECT,"SUPPLY OF INSS2460, D64",Firestop/ DC 315,Fire,619.5,AED,M.hassan ,Quotation
5856,Q-1192-F10203A,FIRESTOP,15 Jan 2020,IQ,Al A.C.,AC0010- SITE K1 648-9213# LPO 002/STO/2020/0005,SUPPLY OF INSS1440 1G PAIL,Firestop/ DC 315,Fire,9828,AED,Muhammad N.,Order
5857,Q-1192-F10225,FIRESTOP,15 Jan 2020,IQ,Al O.C.,220-Bloom Towers-G+4P+1- 3 TOWERS # LPO 102000078,"SUPPLY OF INSS1186, SSHOOP",Firestop/ DC 315,Fire,32031.76,AED,Habib B.,Order
5858,Q-1192-F10213B,FIRESTOP,15 Jan 2020,IQ,Abr A.M.,"AL MARJAN ISLAND, RAS AL KHAIMAH","SUPPLY OF  INSS1440,INFS0812, SSHOOP",Firestop/ DC 315,Fire,42210,AED,Samar T.,Quotation
5859,Q-1192-F10213A,FIRESTOP,15 Jan 2020,IQ,Abr A.M.,FIRESTOPPING PROJECT,"SUPPLY OF INSS1186, INSS1440,INFS0812",Firestop/ DC 315,Fire,109.2,AED,Samar T.,Quotation
5860,Q-1192-F10224,FIRESTOP,15 Jan 2020,IQ,Deccan C.A.,MISMAK TOWER @ ABUDHABI,"SUPPLY OF CFS01, D64",Firestop/ DC 315,Fire,42777,AED,M.hassan ,Quotation
5861,Q-1192-F10223B,FIRESTOP,15 Jan 2020,IQ,National A.&.,Downtown V &ndash; 1,SUPPLY OF INSS2460 BLACK,Firestop/ DC 315,Fire,416781.75,AED,M.hassan ,Quotation
5862,Q-1192-F10223A,FIRESTOP,15 Jan 2020,IQ,National A.&.,Imperial Avenue,SUPPLY OF INSS2460,Firestop/ DC 315,Fire,720979.88,AED,M.hassan ,Quotation
5863,Q-1192-F10223,FIRESTOP,15 Jan 2020,IQ,National A.&.,COLLECTIVE 2,SUPPLY OF INSS2460,Firestop/ DC 315,Fire,65661.75,AED,M.hassan ,Quotation
5864,Q-1192-F10222,FIRESTOP,15 Jan 2020,IQ,Exeed P.L.,FIRESTOPPING PROJECT,Supply Of Fire Stop Materials,Firestop/ DC 315,Fire,638.92,AED,M.hassan ,Quotation
5865,Q-1192-F10221,FIRESTOP,15 Jan 2020,IQ,Al S.A.,1089 5 SHOWROOMS+MOSQUE(1089)# LPO P0213139,SUPPLY OF INSS1186 5G PAIL,Firestop/ DC 315,Fire,4987.5,AED,Samar T.,Order
5866,Q-1192-F10220,FIRESTOP,14 Jan 2020,IQ,Al E.G.,"AL AIN ADMIN CENTER BUILDING (B+G+3+ROOF),                             PLOT NO.: 05-10-011-006, AL AIN - AL JIMI, Al AIN, UAE.",Supply Of Fire Stop Materials - CIVIL,Firestop/ DC 315,Fire,10552.5,AED,Samer H.,Quotation
5867,Q-1192-F10219,FIRESTOP,14 Jan 2020,IQ,Cntc R.C.,"Development Of The Pixel Project (Plot V01), The Makers District, Al Reem Island, Abu Dhabi, UAE.",Supply Of Fire Stop Materials - CIVIL,Firestop/ DC 315,Fire,219030,AED,Samer H.,Quotation
5868,Q-1192-F10218,FIRESTOP,14 Jan 2020,IQ,Al S.E.,B+G+3 RESINDENTIAL DEVELOPMENT ON PLOT NO. 333-1014 @ AL BADAA DUBAI,SUPPLY OF INSS1440,Firestop/ DC 315,Fire,7707.17,AED,Islam S.,Order
5869,Q-1192-F10057C,FIRESTOP,14 Jan 2020,IQ,Nascon E.L.,"AYKON CITY, PLOT 3460163, BUSINESS BAY # LPO NO.0039-20","SUPPLY OF INSS1440,INFS0812",Firestop/ DC 315,Fire,16409.21,AED,Arun stephen ,Order
5870,Q-1192-F10057B,FIRESTOP,14 Jan 2020,IQ,Nascon E.L.,"AYKON CITY, PLOT 3460163, BUSINESS BAY # LPO NO.0036-20","SUPPLY OF INSS1440,INFS0812",Firestop/ DC 315,Fire,19040.43,AED,Arun stephen ,Order
5871,Q-1192-F10217,FIRESTOP,14 Jan 2020,IQ,Al S.N.,"P-131,G+P+6+R RESIDENTIAL BUILDING , PLOT NO.: 6218561, WARSAN FIRST, DUBAI, UAE.",Supply Of Fire Stop Materials - CIVIL,Firestop/ DC 315,Fire,21630,AED,Islam S.,Quotation
5872,Q-1192-F10216,FIRESTOP,14 Jan 2020,IQ,Al S.N.,"P-130 G+P+7+R RESIDENTIAL BUILDING, PLOT NO.: 6218560, WARSAN FIRST, DUBAI, UAE.",Supply Of Fire Stop Materials - CIVIL,Firestop/ DC 315,Fire,22207.5,AED,Islam S.,Quotation
5873,Q-1192-F10215,FIRESTOP,14 Jan 2020,IQ,Al S.N.,"P 132-G+P+6+R RESIDENTIAL BUILDING, PLOT NO.: 6218562, WARSAN FIRST, DUBAI, UAE.",Supply Of Fire Stop Materials - CIVIL,Firestop/ DC 315,Fire,21630,AED,Islam S.,Quotation
5874,Q-1192-F9617C,FIRESTOP,14 Jan 2020,IQ,Al H.T.,LPO 756,SUPPLY OF INSS2460 BLACK,Firestop/ DC 315,Fire,25987.5,AED,Samar T.,Order
5875,Q-1005-L4091,MACRO,14 Jan 2020,IQ,Sohail M.C.,Transportation Of Fire Pumps,"Transportation-Ex.Works Sharjah To FPT1,Kabul, Afghanistan/Fire Pump",Transportation,Logistics,7610,USD, ,Quotation
5876,Q-1192-F10214,FIRESTOP,13 Jan 2020,IQ,Techno C.P.,ANCHOR BOLTS,THROUGH BOLT ANCHOR,Firestop/ DC 315,Fire,18.9,AED,M.hassan ,Quotation
5877,Q-1192-F10213,FIRESTOP,13 Jan 2020,IQ,Abr A.M.,FIRESTOPPING PROJECT,"SUPPLY OF INSS1186, INSS1440,INFS0812",Firestop/ DC 315,Fire,109.2,AED,Samar T.,Quotation
5878,Q-1192-F10212,FIRESTOP,13 Jan 2020,IQ,Arabian C.G.,"ALPHA DATA TOWER PROPOSED BUILDING ( G+4P+31 TYP )PLOT NO. JVC 12 WHRA 001,AL BARSHA SOUTH 4TH -# LPO 2003098",SUPPLY OF INSS1186,Firestop/ DC 315,Fire,53550,AED,Habib B.,Order
5879,Q-1192-F10211,FIRESTOP,13 Jan 2020,IQ,A &.M.,FIRESTOPPING PROJECT,SUPPLY OF INSS1186 AND INSS0285,Firestop/ DC 315,Fire,1094.1,AED,M.hassan ,Quotation
5880,Q-1192-F10210,FIRESTOP,13 Jan 2020,IQ,Gulf A.C.,"PROPOSED BUILDING ( G+4P+31 TYP )PLOT NO. JVC 12 WHRA 001,AL BARSHA SOUTH 4TH	- ALPHA DATA TOWER",Supply Of Fire Stop Materials - CIVIL,Firestop/ DC 315,Fire,86877,AED,Habib B.,Cancled
5881,Q-1192-F10209,FIRESTOP,13 Jan 2020,IQ,Fibrex L.,SULAFA BUILDINGS RENOVATION PO # F-ALM-AE1803-PUR-17422-2020-R-0,SUPPLY OF INSS2460,Firestop/ DC 315,Fire,294525,AED,Habib B.,Order
5882,Q-1192-F10208,FIRESTOP,12 Jan 2020,IQ,Airolink B.C.,"1063-SEVEN TIDES PROJECT, PALM JUMEIRAH# LPO 1063/LPO/1086/2020","SUPPLY OF INSS1186 , INSS0285 AND D64",Firestop/ DC 315,Fire,686208.62,AED,Arun stephen ,Order
5883,Q-1005-L4090,MACRO,12 Jan 2020,IQ,Abdul K.C.,Transportation From FOB Guangzhou To FPT 1 - PTAC Units,Transportation From FOB Guangzhou To FPT 1 - PTAC Units,Transportation,Logistics,22694.85,USD,Mahesh B.,Order
5884,Q-1192-F10207,FIRESTOP,12 Jan 2020,IQ,Crc E.C.,"PROPOSED NEW 3B+G+2P+34 STOREY RESIDENTIAL TOWER  PLOT C2 ,AL REEM ISLAND , ABU DHABI , UAE",Supply Of Fire Stop Materials - CIVIL,Firestop/ DC 315,Fire,86110.5,AED,M.hassan ,Quotation
5885,Q-1192-F10192A,FIRESTOP,12 Jan 2020,IQ,Al A.C.,"G+1TYP+H.C FLOOR RESIDENTIAL BLDG. ON PLOT NO.RA-27 , AT RESIDENTIAL CITY , DUBAI SOUTH , DUBAI , U.A.E",SUPPLY OF MEP MATERIALS,Firestop/ DC 315,Fire,10074.75,AED,Muhammad N.,Quotation
5886,Q-1192-F10206,FIRESTOP,12 Jan 2020,IQ,Al S.N.,P-137 G+P+8+R RESIDENTIAL ON PLOT 334-7352 AL SATWA PO# 041017,"SUPPLY OF INSS1440, INSS1186",Firestop/ DC 315,Fire,1732.5,AED,Islam S.,Order
5887,Q-1192-F10205,FIRESTOP,12 Jan 2020,IQ,Arabian I.C.,ANCHOR BOLTS,MTP-A4 BOLTS,Firestop/ DC 315,Fire,8807.4,AED,M.hassan ,Quotation
5888,Q-1192-F10204,FIRESTOP,09 Jan 2020,IQ,Izone E.C.,DANAT AL EMARAT HOSPITAL,Supply Of Fire Stop Materials MEP,Firestop/ DC 315,Fire,42278.25,AED,Arun stephen ,Quotation
5889,Q-1192-F10203,FIRESTOP,09 Jan 2020,IQ,Al A.C.,AC0010- SITE K1 648-9213# LPO 002/STO/2020/0002,SUPPLY OF INSS1186 5G PAIL,Firestop/ DC 315,Fire,5040,AED,Muhammad N.,Order
5890,Q-1192-F10202,FIRESTOP,09 Jan 2020,IQ,Ss L.C.,"RESIDENTIAL BUILDING (3B+G+9+R), PLOT NO.: 03,                SECTOR NO.: RBW5, SHATIE AL RAHA, ABU DHABI.",Supply Of Fire Stop Materials - CIVIL,Firestop/ DC 315,Fire,42304.5,AED,Samer H.,Quotation
5891,Q-1192-F10201,FIRESTOP,09 Jan 2020,IQ,Ss L.C.,"RESIDENTIAL BUILDING (3B+G+9+R), PLOT NO.: 03,                SECTOR NO.: RBW5, SHATIE AL RAHA, ABU DHABI.",Supply Of Fire Stop Materials MEP,Firestop/ DC 315,Fire,85186.5,AED,Samer H.,Quotation
5892,Q-1192-F10200,FIRESTOP,09 Jan 2020,IQ,Red S.E.,"3B+G+9FLOOR+ROOF @ AL RAHA BEACH-ZEINA , SECTOR : RBW2 , PLOT NO:5,ABUDHABI",Supply Of Fire Stop Materials - CIVIL,Firestop/ DC 315,Fire,39616.5,AED,Samer H.,Quotation
5893,Q-1192-F10199,FIRESTOP,09 Jan 2020,IQ,Dhafra I.,FIRESTOPPING PROJECT,"SUPPLY OF INSS1440, INFS0812,FP05,CFS01",Firestop/ DC 315,Fire,1118.25,AED,Samer H.,Quotation
5894,Q-1005-M7027,MACRO,09 Jan 2020,IQ,Abdul K.C.,Supply &amp; Delivery Condensate Drain Pump-FPT 1,Supply &amp; Delivery Condensate Drain Pump-FPT 1,Mechanical Items,Mechanical,17932.5,USD, ,Order
5895,Q-1005-V7007,MACRO,08 Jan 2020,IQ,Regional C.C.,"CAMP ARIFJAN, KUWAIT","REQUEST FOR INFORMATION, BUNKERS",Building Materials,Various,92000,KWD,Mahesh B.,Quotation
5896,Q-1192-F10198,FIRESTOP,08 Jan 2020,IQ,Crown E.C.,FIRESTOPPING PROJECT- PRECAST,SUPPLY OF INSS1186,Firestop/ DC 315,Fire,609,AED,Samer H.,Quotation
5897,Q-1192-F10124B,FIRESTOP,08 Jan 2020,IQ,Al Q.G.,1176-B+G+4+R-AL MURAQQABAT # LPO 102000068,SUPPLY OF INSS1186 5G PAIL,Firestop/ DC 315,Fire,14962.5,AED,Islam S.,Order
5898,Q-1192-F10197,FIRESTOP,08 Jan 2020,IQ,Blue T.E.,ANCHOR BOLTS-410 Villas - AlMirfaa,"SUPPLY OF BOLTS, RODS WASHER , NUTS",Firestop/ DC 315,Fire,20.81,AED,Samer H.,Quotation
5899,Q-1192-F10191A,FIRESTOP,08 Jan 2020,IQ,Madar A.E.,THREADED ROD AND FIX BOLT-AL MIRFA BEACH PROJECT#LPO MD/MVL/070120/410/MVL001,SLOTTED CHANNEL,Firestop/ DC 315,Fire,14558.25,AED,Samer H.,Quotation
5900,Q-1005-M7026,MICRON,08 Jan 2020,IQ,Abdul K.C.,Supply &amp; Delivery Of Condensate Drain Pump-FPT 1,Supply &amp; Delivery Of Condensate Drain Pump-FPT 1,Mechanical Items,Mechanical,0,USD, ,Quotation
5901,Q-1192-F10195,FIRESTOP,08 Jan 2020,IQ,Pyrocote ,FIRESTOPPING MATERIALS,SUPPLY OF MVL FIRESTOP MATERIALS,Firestop/ DC 315,Fire,383443.5,USD,Karim E.,Quotation
5902,Q-1192-F10099B,FIRESTOP,08 Jan 2020,IQ,Delta A.C.,ANCHOR BOLTS- INDEX MTP-A4: # LPO 07140,SUPPLY OF INDEX MTP-A4 ANCHOR BOLTS,Firestop/ DC 315,Fire,498.75,AED,Islam S.,Order
5903,Q-1192-F10194,FIRESTOP,08 Jan 2020,IQ,Lootah B.S.,Gardens JVC Project PO # J202/PO/202,SUPPLY OF INSS1186,Firestop/ DC 315,Fire,61992,AED,Habib B.,Order
5904,Q-1192-F10193,FIRESTOP,08 Jan 2020,IQ,Khalifa L.C.,"B+G+7+LR+UR HOTEL BUILDING, AL MURRAQABAT,# LPO 1351",SUPPLY OF INSS1440 SAUSAGE,Firestop/ DC 315,Fire,5544.1,AED,Samar T.,Order
5905,Q-1192-F10192,FIRESTOP,08 Jan 2020,IQ,Al A.C.,"G+4TYP+H.C FLOOR RESIDENTIAL BLDG. ON PLOT NO.RA-27 , AT RESIDENTIAL CITY , DUBAI SOUTH , DUBAI , U.A.E",SUPPLY OF MEP MATERIALS,Firestop/ DC 315,Fire,38934,AED,Muhammad N.,Quotation
5906,RFQ-1192-V4296,FIRESTOP,08 Jan 2020,RFQ,Fujairah R.F.,MVL Firestop Supplies,Slab Without Facing SXXX Density 64kg M3 Thickness 50mm Size 1.2 MtrX.6 Mtr,Building Materials,Various,16529.97,AED, ,Order
5907,Q-1192-F10148A,FIRESTOP,08 Jan 2020,IQ,Premium P.E.,"G+4TYP+H.C FLOOR RESIDENTIAL BLDG. ON PLOT NO.RA-27 , AT RESIDENTIAL CITY , DUBAI SOUTH , DUBAI , U.A.E",Supply Of Fire Stop Materials MEP,Firestop/ DC 315,Fire,38934,AED,Muhammad N.,Cancled
5908,Q-1192-F10191,FIRESTOP,07 Jan 2020,IQ,Madar A.E.,SLOTTED CHANNEL-AL MIRFA BEACH PROJECT#LPO MD/MVL/070120/410/MVL001,SLOTTED CHANNEL,Firestop/ DC 315,Fire,6982.5,AED,Samer H.,Order
5909,Q-1192-F8512B,FIRESTOP,07 Jan 2020,IQ,Al Q.M.,Project In Ajman PO#1560,Supply Of INSS2460,Firestop/ DC 315,Fire,9408,AED,Samar T.,Order
5910,Q-1192-F10190B,FIRESTOP,07 Jan 2020,IQ,Al A.E.,"AL ARABIA,BLOCK C, BUILDING 4 &amp; 5 , PHASE 1 - PLOT 2, JUMEIRAH FIRST, DUBAI, UAE.",Supply Of Fire Stop Materials MEP,Firestop/ DC 315,Fire,132630.75,AED,M.hassan ,Quotation
5911,Q-1192-F10190A,FIRESTOP,07 Jan 2020,IQ,Al A.E.,"AL ARABIA, BLOCK B, BUILDING 3, PHASE 1 - PLOT 2, JUMEIRAH FIRST, DUBAI, UAE.",Supply Of Fire Stop Materials MEP,Firestop/ DC 315,Fire,81642.75,AED,M.hassan ,Quotation
5912,Q-1192-F10190,FIRESTOP,07 Jan 2020,IQ,Al A.E.,"AL ARABIA, BLOCK A, BUILDING 1  &amp; 2, PHASE 1 - PLOT 2, JUMEIRAH FIRST, DUBAI, UAE.",Supply Of Fire Stop Materials MEP,Firestop/ DC 315,Fire,136237.5,AED,M.hassan ,Quotation
5913,RFQ-1192-F10189,FIRESTOP,07 Jan 2020,RFQ,Global F.I.,FIRESTOP MATERIALS,GLOBAL Order No. 20200107-02,Firestop/ DC 315,Fire,82496.8,USD, ,Order
5914,Q-1192-F10188,FIRESTOP,07 Jan 2020,IQ,Ray I.L.,FIRESTOPPING MATERIALS,SUPPLY OF FP05,Firestop/ DC 315,Fire,131.25,AED,Habib B.,Quotation
5915,Q-1192-F10181A,FIRESTOP,07 Jan 2020,IQ,Al O.C.,224 BLLOM HEIGHTS G+4P+2TOWERS-29&amp;24TH FLOORS-PO # 102000009,SUPPLY OF MVL FIRESTOP MATERIALS,Firestop/ DC 315,Fire,151200,AED,Habib B.,Quotation
5916,Q-1192-F10187,FIRESTOP,07 Jan 2020,IQ,Square A.&.,ANCHOR BOLTS- AL RUMAITHI PROJECTS,"SUPPLY OF SSA4 MECH ANCHOR: APA4, MIA 4",Firestop/ DC 315,Fire,17.54,AED,M.hassan ,Quotation
5917,Q-1192-F9958A,FIRESTOP,07 Jan 2020,IQ,Al F.A.,MVLJF/J00671/1003,SUPPLY OF INSS2460 BLACK,Firestop/ DC 315,Fire,17640,AED,Samar T.,Order
5918,Q-1192-F10186,FIRESTOP,07 Jan 2020,IQ,Technomech E.W.,"J-83 SRG ALT, PROPOSED B+G+28+R HOTEL &amp; HOTEL APARTMENT ON PLOT 346-0677 AT BUSINESS BAY, DUBAI M/S SRG HOLDING LIMITED PO # 12250-20",SUPPLY OF MVL FIRESTOP MATERIALS,Firestop/ DC 315,Fire,8377.95,AED,Islam S.,Order
5919,Q-1192-F10185,FIRESTOP,06 Jan 2020,IQ,Ascorp C.L.,B+G+5 RESIDENTIAL- COMMERCIAL BUILDING @ PLOT NO: DIAC - H - 002,SUPPLY OF MVL FIRESTOP MATERIALS,Firestop/ DC 315,Fire,265454.34,AED,Arun stephen ,Quotation
5920,Q-1192-F10184,FIRESTOP,05 Jan 2020,IQ,Al Q.G.,1177-2B+G+M+7TYP- GHURAIR-MURAQQABAT # LPO NO. 102000018,"SUPPLY OF CFS01,D120,INSS1186",Firestop/ DC 315,Fire,34545,AED,Islam S.,Order
5921,RFQ-3734-S9077,"MVL USA, INC",05 Jan 2020,RFQ,Doha T.L.,(QTR-173) W912ER-19-C-0016 Consolidated Squadron Operations Facility,GEO TECHNICAL INVESTIGATION,Subcontract,Services,4800.01,USD, ,Order
5922,Q-1192-F10183,FIRESTOP,05 Jan 2020,IQ,Eversafe C.L.,JOB-933-G+4 # ECL 0020,"SUPPLY OF INSS1440, INTUMESCENT STRIP, D64",Firestop/ DC 315,Fire,12726,AED,Islam S.,Order
5923,Q-1192-F10132A,FIRESTOP,05 Jan 2020,IQ,Al R.A.,FIRESTOPPING PROJECT NO.522# LPO 359,SUPPLY OF INSS2460 BLACK,Firestop/ DC 315,Fire,577.5,AED,Samar T.,Order
5924,Q-1192-F10182,FIRESTOP,05 Jan 2020,IQ,Arco I.L.,JB/AD/19015 -DEPT. OF HEALTH- HQ- ABUDHABI- CURTAIN WALL#LPO AI19J15/194,SUPPLY OF INSS1186 AND D64,Firestop/ DC 315,Fire,15435,AED,M.hassan ,Order
5925,Q-1192-F10181,FIRESTOP,05 Jan 2020,IQ,Al O.C.,224 BLLOM HEIGHTS G+4P+2TOWERS-29&amp;24TH FLOORS-PO # 102000009,SUPPLY OF MVL FIRESTOP MATERIALS,Firestop/ DC 315,Fire,151200,AED,Habib B.,Order
5926,Q-1192-F10180,FIRESTOP,05 Jan 2020,IQ,Al S.N.,"P138 - B+G+2+ROOF RETAIL &amp; RESIDENTIAL BUILDING ON PLOT NO 3621310, UMM SUQEIM 2ND, DUBAI # LPO 040898",SUPPLY OF INSS1186 5G PAIL,Firestop/ DC 315,Fire,9240,AED,Islam S.,Order
5927,Q-1192-F10164A,FIRESTOP,05 Jan 2020,IQ,Safety W.,GBH -AL FURJAN-# LPO 1266,SUPPLY OF INSS0285,Firestop/ DC 315,Fire,2231.25,AED,Arun stephen ,Order
5928,Q-1192-F10154A,FIRESTOP,05 Jan 2020,IQ,Media P.I.,"DACAR CLOSING CEREMONY QIDDIYAH, KSA PO# 5021",SUPPLY OF DC68 5G PAIL,Firestop/ DC 315,Fire,4935,AED,Ramshad K.,Order
5929,RFQ-3742-S9078,"MVL USA, INC",31 Dec 2019,RFQ,Sahraa A.R.,"(KUW-132) ORD-3742 W912ER-19-C-0018 Care And Preservation Vehicle Maintenance Facility, Camp Arifjan, Kuwait",PACKAGE #1  (Shell And Core),Subcontract,Services,2100000,USD, ,Order
5930,Q-1192-F10143A,FIRESTOP,31 Dec 2019,IQ,Apex T.C.,APX041912POH0536,"SUPPLY OF INSS1440, INSS0285",Firestop/ DC 315,Fire,2814,AED,Samar T.,Order
5931,Q-1192-F10179,FIRESTOP,31 Dec 2019,IQ,Pro L.C.,FIRESTOPPING PROJECT,"SUPPLY OF FM012,D64, INSS1186",Firestop/ DC 315,Fire,4515,AED,Islam S.,Quotation
5932,RFQ-1192-F10178,FIRESTOP,31 Dec 2019,RFQ,Global F.I.,Supply Of Firestop Materials,GLOBAL-20200102-01_ (Order Confirmation)_Signed,Firestop/ DC 315,Fire,76831.2,USD, ,Order
5933,Q-1192-F10176A,FIRESTOP,31 Dec 2019,IQ,Nascon E.L.,PARAMOUNT TOWER G+11P+53+3B+ STOREY HOTEL &amp; RESIDENCES PLOT 3460124 / BUSINESS BAY#2781-19,"SUPPLY OF INSS1440, INFS0812, D120, SSHOOP",Firestop/ DC 315,Fire,18803.07,AED,Arun stephen ,Order
5934,Q-1192-F10177,FIRESTOP,31 Dec 2019,IQ,Al T.T.,"LPO NO.14479, JOB 2140",SUPPLY OF INSS2460 BLACK,Firestop/ DC 315,Fire,16800,AED,Arun stephen ,Order
5935,Q-1192-F10176,FIRESTOP,31 Dec 2019,IQ,Nascon E.L.,PARAMOUNT TOWER G+11P+53+3B+ STOREY HOTEL &amp; RESIDENCES PLOT 3460124 / BUSINESS BAY#2780-19,"SUPPLY OF INSS1440, INFS0812, D120, SSHOOP",Firestop/ DC 315,Fire,18803.07,AED,Arun stephen ,Order
5936,Q-1192-F10175,FIRESTOP,31 Dec 2019,IQ,New S.E.,FIRESTOPPING PROJECT,Supply Of Fire Stop Materials,Firestop/ DC 315,Fire,139.65,AED,Muhammad N.,Quotation
5937,Q-1192-F10174,FIRESTOP,30 Dec 2019,IQ,Safety W.,AIROLINK-AL QUSAIS # LPO 1255,SUPPLY OF INSS1186,Firestop/ DC 315,Fire,14962.5,AED,Arun stephen ,Order
5938,Q-1192-F10173,FIRESTOP,30 Dec 2019,IQ,Safety W.,OST-G+14 LPO# 1257,SUPPLY OF FP05,Firestop/ DC 315,Fire,1995,AED,Muhammad N.,Order
5939,Q-1192-F10172,FIRESTOP,30 Dec 2019,IQ,Technomech E.W.,B+G+P1+P2+P3+29F+R+U  Business Bay,"SUPPLY OF INSS1440, INFS0812, D64",Firestop/ DC 315,Fire,8377.95,AED,Islam S.,Quotation
5940,Q-1192-F8272B,FIRESTOP,30 Dec 2019,IQ,Ishtar D.,Atlantis Palm Jumeira Project,Supply Of INSS1186,Firestop/ DC 315,Fire,519.75,AED,Habib B.,Quotation
5941,Q-1192-F10171,FIRESTOP,29 Dec 2019,IQ,Arabtec C.L.,ANCHOR BOLTS,THROUGH BOLT ANCHOR FOR HEAVY LOADS,Firestop/ DC 315,Fire,5.14,AED,M.hassan ,Quotation
5942,Q-1192-F10170,FIRESTOP,29 Dec 2019,IQ,Shapoorji P.M.,FIRESTOPPING PROJECT,SUPPLY OF INSS2460- GRC WHITE,Firestop/ DC 315,Fire,34272,AED,Islam S.,Quotation
5943,Q-1192-F10169,FIRESTOP,29 Dec 2019,IQ,Palgan I.C.,FIRESTOPPING PROJECT,Supply Of Fire Stop Materials - CIVIL,Firestop/ DC 315,Fire,735,AED,Islam S.,Quotation
5944,Q-1192-F10113A,FIRESTOP,29 Dec 2019,IQ,Safety W.,OST-G+14 # PO 1264,SUPPLY OF INFS0812,Firestop/ DC 315,Fire,3675,AED,Muhammad N.,Order
5945,Q-1192-F10168,FIRESTOP,29 Dec 2019,IQ,Sumer C.C.,"PROPOSED G+2P+10+R RESIDENTIAL BUILDING AL BARSHA SOUTH THIRD, PLOT NO.: 3730862",SUPPLY OF INSS1440,Firestop/ DC 315,Fire,5241.6,AED,Habib B.,Order
5946,Q-1192-F10167A,FIRESTOP,29 Dec 2019,IQ,Fibrex H.,"SHAMS MID - INCOME RESIDENTIAL APARTMENTS TOWER B PHASE 3 , REEM ISLAND , ABU DHABI , U.A.E",Supply Of Fire Stop Materials - CIVIL,Firestop/ DC 315,Fire,87937.5,AED,Samer H.,Quotation
5947,Q-1192-F10167,FIRESTOP,29 Dec 2019,IQ,Fibrex H.,"SHAMS MID - INCOME RESIDENTIAL APARTMENTS -TOWER A- PHASE 3 , REEM ISLAND , ABU DHABI , U.A.E",Supply Of Fire Stop Materials - CIVIL,Firestop/ DC 315,Fire,81984,AED,Samer H.,Quotation
5948,Q-1192-F10166,FIRESTOP,29 Dec 2019,IQ,Al O.C.,224-BLOOM HEIGHTS- G+4P+2 TOWERS-29 &amp; 24 FLOORS# LPO 101902478,SUPPLY OF SSHOOP,Firestop/ DC 315,Fire,18900,AED,Habib B.,Order
5949,Q-1192-F10153A,FIRESTOP,29 Dec 2019,IQ,Al Q.G.,1194-Dubai South-The Pulse Buildings- LPO NO.101903856,SUPPLY OF INSS0285 5G PAIL,Firestop/ DC 315,Fire,11970,AED,Islam S.,Order
5950,Q-1192-F10087A,FIRESTOP,29 Dec 2019,IQ,Safety W.,ALI &amp; SONS PROJECT # LPO 1261,SUPPLY OF INSS1186,Firestop/ DC 315,Fire,24942.33,AED,Samar T.,Order
5951,Q-1192-F10165A,FIRESTOP,24 Dec 2019,IQ,Joint V.O.,"ABU DHABI FUTURE SCHOOLS PROGRAM (PHASE 9), PLOT NO.: 45,AL YAHAR, SECTOR  NO.: AL WAHA AL AMIRAH, ABU DHABI, UAE PO # Y&amp;AFE/JV/110",Supply Of Fire Stop Materials MEP,Firestop/ DC 315,Fire,9303,AED,Samer H.,Order
5952,Q-1192-F10165,FIRESTOP,24 Dec 2019,IQ,Joint V.O.,"ABU DHABI FUTURE SCHOOLS PROGRAM (PHASE 9), PLOT NO.: 12, AL BATEEN, SECTOR  NO: GHAFAT ALSHWAIHI, ABU DHABI, UAE Y &amp;AFE/JV/111.",Supply Of Fire Stop Materials MEP_YAHAR,Firestop/ DC 315,Fire,9303,AED,Samer H.,Order
5953,Q-1192-F10021A,FIRESTOP,24 Dec 2019,IQ,Tech C.,"TC #0027TECH TOWER COMMERCIAL &amp; RESIDENTIAL TOWER (G+5P+22TYP), PLOT NO.: 1142, AJMAN, UAE # PR-042187",Supply Of Fire Stop Materials MEP,Firestop/ DC 315,Fire,45336.18,AED,Samar T.,Order
5954,Q-1192-F10164,FIRESTOP,24 Dec 2019,IQ,Safety W.,GBH -AL FURJAN-# LPO 1259,SUPPLY OF INSS1186 5G PAIL,Firestop/ DC 315,Fire,14962.5,AED,Arun stephen ,Order
5955,Q-1192-F10163,FIRESTOP,24 Dec 2019,IQ,Dubco C.L.,"LABOUR ACCOMMODATION BUILDING B+G+4+R, PLOT NO: 5992096# JEBELALI INDUSTRIAL AREA 1ST","SUPPLY OF STRIP, SSHOOP",Firestop/ DC 315,Fire,478.8,AED,Islam S.,Quotation
5956,Q-1192-F10162,FIRESTOP,24 Dec 2019,IQ,Hashim C.C.,COMMERCIAL BUILDING 2BASEMENT + GROUND FLOOR + 7TYPICAL + ROOF FLOOR @ ABUDHABI,Supply Of Fire Stop Materials - CIVIL,Firestop/ DC 315,Fire,28980,AED,Samer H.,Quotation
5957,Q-1192-F10161,FIRESTOP,24 Dec 2019,IQ,Kasco p.D.,KASCO TOWERS,SUPPLY OF INFS0812,Firestop/ DC 315,Fire,1963.5,AED,Habib B.,Order
5958,Q-1192-F10059A,FIRESTOP,24 Dec 2019,IQ,Nascon E.L.,PARAMOUNT TOWER G+11P+53+3B+ STOREY HOTEL &amp; RESIDENCES PLOT 3460124 / BUSINESS BAY#2779-19,SUPPLY OF MVL FIRESTOP MATERIALS,Firestop/ DC 315,Fire,22165.35,AED,Arun stephen ,Order
5959,Q-1192-F10120A,FIRESTOP,24 Dec 2019,IQ,Mihtab G.T.,"MOIHTAB TOWER, PROPOSED RESIDENTIAL BLDNG( G+5P+33) &amp; APARTMENTS(G+5P+14)# LPO NO. MT/19/1239",SUPPLY OF INSS2460 BLACK,Firestop/ DC 315,Fire,51975,AED,Samar T.,Order
5960,Q-1192-F10062B,FIRESTOP,23 Dec 2019,IQ,Bahrain &.E.,AL GHADEER VILLAS ABU DHABI .# LPO NO.GO/126/SUP/LOI/043,Supply Of Fire Stop Materials MEP,Firestop/ DC 315,Fire,19215,AED,Habib B.,Order
5961,RFQ-3427-E6800,MVL-Al Othman,23 Dec 2019,RFQ,Industrial E.P.,W912D1-19-F-9002 Task Order No. 0011 Khabari Crossing Replace Building T-168 And T-171,Master Distribution Panel Board (630A),Electrical,Electrical,370,KWD, ,Order
5962,RFQ-3550-V4256,MVL Nepal,23 Dec 2019,RFQ,Godawari S.P.,"72036719F00003 - Nepal Community Reconstruction Program (NRCP) IDIQ Contract, Task Order For The Reconstruction Of Schools And Health Facilities In Sindhuli District Of Nepal",Rebar 7mm To 28mm - 2nd Order,Building Materials,Various,4137154.25,NPR, ,Order
5963,Q-1192-F10160,FIRESTOP,23 Dec 2019,IQ,Dubai P.L.,Saudi German Hospital,SUPPLY OF INSS1186,Firestop/ DC 315,Fire,525,AED,Arun stephen ,Quotation
5964,Q-1192-F10159,FIRESTOP,23 Dec 2019,IQ,Al S.E.,"EM138 - B+G+2+ROOF RETAIL &amp; RESIDENTIAL BUILDING ON PLOT NO 3621310, UMM SUQEIM 2ND # LPO 009303",SUPPLY OF INSS1440 5G PAIL,Firestop/ DC 315,Fire,1651.53,AED,Islam S.,Order
5965,Q-1192-F9968A,FIRESTOP,23 Dec 2019,IQ,Adeeb E.&.,"THE PULSE (PARCEL - 04) MIXED USE PROJECT AT RESIDENTIAL CITY DUBAI SOUTH ( 10,11 FLOOR)",SUPPLY OF INSS1440 5G PAIL,Firestop/ DC 315,Fire,630.46,AED,Islam S.,Order
5966,Q-1192-F10158,FIRESTOP,23 Dec 2019,IQ,Al-eslah G.C.,FIRESTOPPING PROJECT,SUPPLY OF INSS2460 BLACK,Firestop/ DC 315,Fire,29.93,AED,Samer H.,Quotation
5967,Q-1192-F10138A,FIRESTOP,23 Dec 2019,IQ,Fibrex C.G.,MEYDAN Beach Hotel Dubai/ Terraces Residential Development/ The Royal Atlantis Resorts,SUPPLY OF ESSCOAT,Firestop/ DC 315,Fire,2058,AED,Islam S.,Quotation
5968,Q-1192-F10157,FIRESTOP,23 Dec 2019,IQ,Unicorn E.C.,CONSTRUCTION OF FABRICATION WORKSHOP AND ANCILLARY FACILITIES AT MUSTHAFA SOUTH ABHUDHABI,"SUPPLY OF INSS1440, FP05, D64",Firestop/ DC 315,Fire,3123.75,AED,M.hassan ,Quotation
5969,Q-1192-F10019A,FIRESTOP,23 Dec 2019,IQ,Al O.C.,224-BLOOM HEIGHTS- G+4P+2 TOWERS-29 &amp; 24 FLOORS # LPO 101902430,"SUPPLY OF INSS1440,D64, 1186,INFS0812",Firestop/ DC 315,Fire,82950,AED,Habib B.,Order
5970,Q-1192-F10156,FIRESTOP,22 Dec 2019,IQ,Al H.C.,"PROPOSED G+P+13+R (J-91) COMMERCIAL &amp; RESIDENTIAL BUILDING, PLOT NO.: 6734086, AL BARSHA SOUTH THIRD, ARJAN, DUBAI, UAE.",Supply Of Fire Stop Materials - CIVIL,Firestop/ DC 315,Fire,12354.3,AED,Islam S.,Quotation
5971,Q-1192-F10155,FIRESTOP,22 Dec 2019,IQ,Technomech E.W.,"PROPOSED G+P+13+R (J-91) COMMERCIAL &amp; RESIDENTIAL BUILDING, PLOT NO.: 6734086, AL BARSHA SOUTH THIRD, ARJAN, DUBAI, UAE.",Supply Of Fire Stop Materials MEP,Firestop/ DC 315,Fire,55909.35,AED,Islam S.,Quotation
5972,RFQ-3742-S9077,"MVL USA, INC",22 Dec 2019,RFQ,(glv) G.L.,"(KUW-132) ORD-3742 W912ER-19-C-0018 Care And Preservation Vehicle Maintenance Facility, Camp  Arifjan, Kuwait",DEMOLITION,Subcontract,Services,75800,USD, ,Order
5973,Q-1192-F10154,FIRESTOP,22 Dec 2019,IQ,Media P.I.,OSS New Year's Eve Madinat Jumeirah Arena_PO# 4991,SUPPLY OF DC68 5G PAIL,Firestop/ DC 315,Fire,2467.5,AED,Ramshad K.,Order
5974,Q-1192-F10153,FIRESTOP,22 Dec 2019,IQ,Al Q.G.,1194-Dubai South-The Pulse Buildings- LPO NO.101903770,SUPPLY OF INSS0285 5G PAIL,Firestop/ DC 315,Fire,5985,AED,Islam S.,Order
5975,Q-1192-F10152,FIRESTOP,22 Dec 2019,IQ,Force 1.U.,"ALI AL AHBABI BUILDING RESIDENTIAL BUILDING / AL RAHA BEACH , SECTOR NO.RBW2 , PLOT NO.5",Supply Of Fire Stop Materials - CIVIL,Firestop/ DC 315,Fire,34975.5,AED,Samer H.,Quotation
5976,Q-1192-F10151,FIRESTOP,22 Dec 2019,IQ,Drc I.E.,"P-92-1B+G+7 TYP BUILDING, MURAQABBAT HOTEL# LPO P-92/DRC/241219/090","SUPPLY OF INSS1440, INFS0812, D64",Firestop/ DC 315,Fire,2184.27,AED,Arun stephen ,Order
5977,Q-1192-F10150,FIRESTOP,19 Dec 2019,IQ,Alba-tech C.A.,"COMMERCIAL BUILDING 4 BASEMENTS + GROUND MEZZANINE + 17 TYPICAL FLOORS, SECTOR W-7/01, PLOT NO.: C-15, ABU DHABI ISLAND, ABU DHABI, UAE.",Supply Of Fire Stop Materials - CIVIL,Firestop/ DC 315,Fire,37737,AED,Samer H.,Quotation
5978,Q-1192-F10090A,FIRESTOP,19 Dec 2019,IQ,Al S.N.,"P133- G+5+R COMMERCIAL RESIDENTIAL BLDNG ON PLOT NO.648-9160 AT WADI ALSAFA 5, DUBAI # LPO 040722",SUPPLY OF INSS1186 5G,Firestop/ DC 315,Fire,5775,AED,Islam S.,Order
5979,Q-1192-F10089A,FIRESTOP,19 Dec 2019,IQ,Al S.N.,"P 129 G+6+R RETAIL &amp; RESIDENTIAL BUILDING, PLOT NO.: 6489161, WADI AL SAFA 5, DUBAI, UAE # LPO 040723",SUPPLY OF INSS1186 5G PAIL,Firestop/ DC 315,Fire,5775,AED,Islam S.,Order
5980,Q-1192-F10149,FIRESTOP,19 Dec 2019,IQ,Alba-tech C.A.,"COMMERCIAL BUILDING 4 BASEMENTS + GROUND + MEZZANINE + 17 TYPICAL FLOORS SECTOR W-7/01, PLOT NO.: C-15, ABU DHABI ISLAND, ABU DHABI, UAE.",Supply Of Fire Stop Materials MEP,Firestop/ DC 315,Fire,81579.75,AED,Samer H.,Quotation
5981,Q-1192-F10124A,FIRESTOP,19 Dec 2019,IQ,Al Q.G.,1176-B+G+4+R-AL MURAQQABAT # LPO 101903695,SUPPLY OF INSS1186 5G PAIL,Firestop/ DC 315,Fire,14962.5,AED,Islam S.,Order
5982,Q-1192-F10148,FIRESTOP,19 Dec 2019,IQ,Premium P.E.,"G+4TYP+H.C FLOOR RESIDENTIAL BLDG. ON PLOT NO.RA-27 , AT RESIDENTIAL CITY , DUBAI SOUTH , DUBAI , U.A.E",Supply Of Fire Stop Materials MEP,Firestop/ DC 315,Fire,38934,AED,Muhammad N.,Quotation
5983,Q-1192-F10147,FIRESTOP,19 Dec 2019,IQ,New S.E.,JOB # 68 ANSARI UMM AL SHEIF # 18227,SUPPLY OF BR,Firestop/ DC 315,Fire,472.5,AED,Muhammad N.,Order
5984,Q-1192-F10146,FIRESTOP,19 Dec 2019,IQ,Al Q.G.,1144 G +50 GATE TOWER SHARJAH PO # 101903653,SUPPLY OF INSS1186,Firestop/ DC 315,Fire,15120,AED,Muhammad N.,Order
5985,Q-1192-F10145B,FIRESTOP,19 Dec 2019,IQ,S.s. L.C.,"PROPOSED NEW 3B+G+8 STORY RESIDENT+ROOF  SECTOR:RBW2 , PLOT-17, SHATIE AL RAHA , ABU DHABI",Supply Of Fire Stop Materials MEP,Firestop/ DC 315,Fire,65950.5,AED,Samer H.,Quotation
5986,Q-1192-F10145A,FIRESTOP,19 Dec 2019,IQ,S.s. L.C.,"PROPOSED NEW 2B+G+8 STORY RESIDENT+ROOF  SECTOR:RBW2 , PLOT-23, SHATIE AL RAHA , ABU DHABI",Supply Of Fire Stop Materials MEP,Firestop/ DC 315,Fire,61325.25,AED,Samer H.,Quotation
5987,Q-1192-F10145,FIRESTOP,19 Dec 2019,IQ,S.s. L.C.,"PROPOSED NEW 2B+G+8 STORY RESIDENT+ROOF  SECTOR:RBW2 , PLOT-22, SHATIE AL RAHA , ABU DHABI",Supply Of Fire Stop Materials MEP,Firestop/ DC 315,Fire,61325.25,AED,Samer H.,Quotation
5988,Q-1192-F10144,FIRESTOP,18 Dec 2019,IQ,Combined G.C.,ANCHOR BOLTS,SUPPLY OF GPZ2010-SLOTTED CHANNEL,Firestop/ DC 315,Fire,1947.75,AED,Samer H.,Order
5989,Q-1192-F10143,FIRESTOP,18 Dec 2019,IQ,Apex T.C.,APX041912POH0297,SUPPLY OF INSS1440,Firestop/ DC 315,Fire,1512,AED,Samar T.,Order
5990,Q-1192-F10142,FIRESTOP,18 Dec 2019,IQ,Alpha P.L.,B+G+4 @ JVC - Dubai,Supply Of Fire Stop Materials MEP,Firestop/ DC 315,Fire,34502.47,AED,Islam S.,Quotation
5991,Q-1192-F10131A,FIRESTOP,18 Dec 2019,IQ,Al F.A.,FIRESTOPPING PROJECT,SUPPLY OF INSS2460 BLACK,Firestop/ DC 315,Fire,28350,AED,Muhammad N.,Order
5992,Q-1192-F9774B,FIRESTOP,17 Dec 2019,IQ,Technical A.C.,R-1083- PACKAGE A-G+6+R RESIDENTIAL BLDNG-AL WASL- QUSAIS PROJECT# LPO NO.05405,SUPPLY OF INSS0285,Firestop/ DC 315,Fire,73332,AED,Samar T.,Order
5993,Q-1192-F10141,FIRESTOP,17 Dec 2019,IQ,Bu H.C.,"PORT DE LA MER PHASE 1 - PLOT 2 , JUMEIRAH FIRST DUBAI , UAE",SUPPLY OF INSS1186,Firestop/ DC 315,Fire,66858.75,AED,Habib B.,Quotation
5994,Q-1192-F10140,FIRESTOP,17 Dec 2019,IQ,Al S.N.,P-125-B+G+3 RESIDENTIAL DEVELOPMENT ON PLOT NO. 333-1014@AL BADAA#PO NO.040700,SUPPLY OF INSS1186,Firestop/ DC 315,Fire,11550,AED,Islam S.,Order
5995,Q-1192-F10139,FIRESTOP,17 Dec 2019,IQ,Al O.C.,220-Bloom Towers-G+4P+1- 3 TOWERS # LPO 101902411,"SUPPLY OF INFS0812,SSHOOP,INSS1440",Firestop/ DC 315,Fire,128520,AED,Habib B.,Order
5996,Q-1192-F10138,FIRESTOP,17 Dec 2019,IQ,Fibrex C.G.,MEYDAN Beach Hotel Dubai/ Terraces Residential Development/ The Royal Atlantis Resorts,SUPPLY OF ESSCOAT,Firestop/ DC 315,Fire,2058,AED,Islam S.,Quotation
5997,Q-1192-F10137,FIRESTOP,17 Dec 2019,IQ,Combined G.C.,AL MIRFA  BEACH PROJECT # 410 VILLAS,Supply Of Fire Stop Materials MEP,Firestop/ DC 315,Fire,64407,AED,Samer H.,Quotation
5998,RFQ-3550-O9,MVL Nepal,17 Dec 2019,RFQ,Logix D.S.,"72036719F00003 - Nepal Community Reconstruction Program (NRCP) IDIQ Contract, Task Order For The Reconstruction Of Schools And Health Facilities In Sindhuli District Of Nepal",ADDITIONAL LAPTOP AND DESKTOP,Computer Peripherals,Office Assets,167490,NPR, ,Order
5999,Q-1192-F10136,FIRESTOP,17 Dec 2019,IQ,Sos I.L.,"KHOORI COMMERCIAL BUILDING,ME9,C62 , ABUDHABI",Supply Of Fire Stop Materials MEP,Firestop/ DC 315,Fire,23441.25,AED,M.hassan ,Quotation
6000,Q-1192-F10135,FIRESTOP,17 Dec 2019,IQ,New S.E.,JOB 59 KHALIFA MOHAMED HAMAD (AL BAADA)-PO # 18178,SUPPLY OF MVL FIRESTOP MATERIALS,Firestop/ DC 315,Fire,10497.9,AED,Muhammad N.,Order
Total : ,,,,,,,,,,"10,391,727.94(INR)",Avg. : ,"371,133.14(INR)",
,,,,,,,,,,"249,473,670.23(NPR)",,"1,756,856.83(NPR)",
,,,,,,,,,,"9,033,667.08(QAR)",,"127,234.75(QAR)",
,,,,,,,,,,"1,295,789.81(SAR)",,"185,112.83(SAR)",
,,,,,,,,,,"14,511.76(EURO)",,"2,418.63(EURO)",
,,,,,,,,,,"356,817.93(KWD)",,"16,219.00(KWD)",
,,,,,,,,,,"68,951,513.67(USD)",,"170,250.65(USD)",
,,,,,,,,,,"101,414,348.71(AED)",,"43,731.93(AED)",
