No,PO number,Po Date,PO Name,Supplier,Total,Cur.
1,RFPO-5829-M4004-1,23 Jan 2026,PO for AIR PAVEMENT - Portable Diesel Air Compressor – Model KDP-5/7 - WC/SQ/12891,WECARE MACHINERY TRADING – Sole Proprietorship LLC,42000,AED
2,RFPO-1569-O121-1,23 Jan 2026,PO for OFFICE 1807 PRINTER -  Canon advance C3525i - 11657,Al Waseem Computer Devices Tr LLC SP,5150,AED
3,RFPO-5532-M4050-2,22 Jan 2026,PO for Material Request MR-108 MR - Vehicle -Great Wall Pick-up - AG25AQ426A,"FASTWIN GROUP CO.,LIMITED",1247.28,USD
4,RFPO-7139-V4359-1,22 Jan 2026,PO for Sorbent Boom,Safety 1st Systems Inc,790,USD
5,RFPO-6705-E6845-1,22 Jan 2026,PO for Screw Cover Pull,Americas Best Electricmart Inc,394.95,USD
6,RFPO-6705-V40168-1,22 Jan 2026,PO for Towable Concrete Mixer ,HOME DEPOT USA,3752.65,USD
7,RFPO-6705-V4363-1,22 Jan 2026,PO for Printing of Plans,COPY EXPRESS,2442.8,USD
8,RFPO-6705-E6844-1,21 Jan 2026,PO for Warning Light,Flight Light Inc,588.81,USD
9,RFPO-7616-V40001-1,21 Jan 2026,PO for Electrical Materials,Kelly & Hayes Electrical Industrial & Plumbing Supplies,35434.15,USD
10,RFPO-5829-V40043-1,21 Jan 2026,"PO for AIR PAVEMENT - Pavement frame Design,  fabrication and supply Ref- QT/mvl/0012/r2",Technofab Steel Fabrication & Welding LLC,42500,AED
11,RFPO-5532-V4379-1,21 Jan 2026,PO for HDPE PORTABLE TOILET - AS PER APPROVED PROFORMA - SOEASY-S20260120,FOSHAN SOEASY MODULAR HOUSING CO LTD,12050,USD
12,RFPO-7139-V40070-1,21 Jan 2026,PO for Tracer Wire for Water & Fire Piping Utility System,American International Supply Inc.,1449.99,USD
13,RFPO-7139-V40071-1,21 Jan 2026,PO for Steel Rebars for Sanitary Sewer Manhole,Nucor Rebar Fabrication,3044,USD
14,RFPO-7073-V40014-1,21 Jan 2026,PO for REDUCER WITH FLANGE,Crossweld Metal Trading Co.LLC,6111,USD
15,RFPO-6705-V40167-1,21 Jan 2026,PO for 3/8inch & 5/8in Pipe Clamps,"Scott & From Co., Inc.",31.98,USD
16,RFPO-7120-V40005-1,21 Jan 2026,PO for Condensate Drain Pumps,Global Services Vertiv Japan GK,2146477,JPY
17,RFPO-7139-V40068-1,20 Jan 2026,PO for Bulk Bags Skid Lot,Uline,2114.89,USD
18,RFPO-6705-V40161-2,20 Jan 2026,PO for #67 Rock(Coarse Aggregate),SMITHBRIDGE GUAM,92284.55,USD
19,RFPO-7139-V40069-1,20 Jan 2026,PO for Formwork Material for Lift Station ,Dateline Exports Inc.,9513.64,USD
20,RFPO-5829-V40042-1,19 Jan 2026,PO for AIR PAVEMENT - XEL/Q5546/26/JC – Rev 1 - Supply of X-Cure RB90 (16 × 200L),X-Calibur Emirates LLC,31456,AED
21,RFPO-5829-M4003-1,19 Jan 2026,PO for AIR FIELD PAVEMENT - WC/SQ/12774 - BULL FLOAT,WECARE MACHINERY TRADING – Sole Proprietorship LLC,1360,AED
22,RFPO-1569-O117-1,15 Jan 2026,PO for Microsoft 365 G5 GCC – Annual Subscription Licenses (Pro-Rated) - CSP 1223 MVL - NCE CSP Agreement Renewal - GCC - 2026,Managed Solution LLC,199837.439,USD
23,RFPO-7878-V40007-1,15 Jan 2026,PO for Air Separator Tank,INTEGRATED CONTRACTING SUPPLIERS,2088,USD
24,RFPO-1569-O118-1,15 Jan 2026,"PO forBluebeam Core License - SA50 - End User: Austin Jacques (Superintendent, MVL USA, Inc.)",AllCAD Solutions LLC,925,AED
25,RFPO-7616-A5301-1,15 Jan 2026,PO for Paints & Coatings,BM Middle East FZC,6631.86,USD
26,RFPO-1569-O114-1,14 Jan 2026,PO for Acronis Cyber Protect Cloud - January - June 2026 -  INV/25-26/083,RivYv Technologies,6000,USD
27,RFPO-6705-A5202-2,14 Jan 2026,PO for Hardware Items for Bldg 729,Lakshmi Metal Tech LLC,1925,AED
28,RFPO-7098-V40001-1,14 Jan 2026,PO for Electrical Butt Connectors,Kelly & Hayes Electrical Industrial & Plumbing Supplies,326.4,USD
29,RFPO-7139-V40067-1,14 Jan 2026,PO for Valve Boxes and cover for Water & Fire,EJ USA Inc.,2904.16,USD
30,RFPO-7878-V40006-1,14 Jan 2026,PO for Vane Axial Fans,INTEGRATED CONTRACTING SUPPLIERS,25321.32,USD
31,RFPO-7878-V40005-1,14 Jan 2026,PO for Manual Balancing Dampers,INTEGRATED CONTRACTING SUPPLIERS,2235,USD
32,RFPO-7139-E6824-1,14 Jan 2026,PO for ATCT LSA - Lift Station - Electrical Conduit & fitting,TIC LIGHT ELECTRICAL CORP,4367,USD
33,RFPO-7139-E6825-1,14 Jan 2026,PO for  ATCT LSA - Lift Station-Eaton Circuit Breaker,AL GHANDI SWITCHGEARS INDUSTRY,310,USD
34,RFPO-6705-V40166-1,13 Jan 2026,PO for DWV pipe and Elbow for FCU and ACCU,American International Supply Inc.,300,USD
35,RFPO-5829-V40041-1,13 Jan 2026,PO for Heavy Duty Bridge Deck Finisher (QT-202633),Lomeq Technical Services Co. L.L.C,28000,AED
36,RFPO-1569-O116-1,13 Jan 2026,PO for Internal - Microsoft 365 G5 GCC – Annual Subscription Licenses (Pro-Rated) - Inv - 116866,Managed Solution LLC,1909.2,USD
37,RFPO-5153-S9115-1,13 Jan 2026,PO for Blanket Purchase Order P010027.00 – 0097 -001 - Percassi,IMPRESA PERCASSI S.P.A.,1,USD
38,RFPO-5153-S9116-1,13 Jan 2026,PO for Blanket Purchase Order - P010027.00 – 0097 -002 – Gemmo . ,GEMMO SPA,0,USD
39,RFPO-1569-O115-1,13 Jan 2026,PO forAronis Advance Management Includes RDP - January - June 2026 - INV/25-26/084,RivYv Technologies,4230,USD
40,RFPO-7139-M4104-1,13 Jan 2026,PO for GAC filter system 600GPM,"Dongguan Haiyuan Water Treatment Co., LTD",99710,USD
41,RFPO-7139-M4103-1,12 Jan 2026,PO for Supply of Lift Station Submersible Pump Set,M.A.H.Y. KHOORY & CO. LLC,100378.08,AED
42,RFPO-7139-V40066-1,12 Jan 2026,PO for Opaque Polyethylene sheet,"White Cap Supply Holdings, LLC",822.97,USD
43,RFPO-6705-V40165-1,12 Jan 2026,PO for Drill Bits,Tsang Brothers Corporation,570.56,USD
44,RFPO-6705-A5202-1,12 Jan 2026,PO for Hardware Items for Bldg 729,Lakshmi Metal Tech LLC,1811,AED
45,RFPO-6705-V40164-1,08 Jan 2026,PO for Rebar Touch up Paints,Dateline Exports Inc.,4681.19,USD
46,RFPO-7139-V40065-1,08 Jan 2026,PO for Cut and Bend Rebars and Patch Kits ,Nucor Rebar Fabrication,21534,USD
47,RFPO-1005-V7263-2,08 Jan 2026,PO for Ductile Iron Pipes & fittings,Cimmaron International Corporation,26544.46,USD
48,RFPO-5829-R1512-1,07 Jan 2026,"PO for Hydraulic Crane, 100 Ton Rough Terrain, standard main boom  - Agreement No.: 2EC2501138",JOHNSON ARABIA LLC,70000,AED
49,RFPO-5829-R1512-2,07 Jan 2026,"PO for Hydraulic Crane, 100 Ton Rough Terrain, standard main boom  - Agreement No.: 2EC2501138",JOHNSON ARABIA LLC,72000,AED
50,RFPO-7139-V40064-2,07 Jan 2026,PO for Trench Boxes with Accessories,ALLEN TRENCH SAFETY CORPORATION,34985.55,USD
51,RFPO-5829-V40039-1,07 Jan 2026,PO for Supply of ductile iron (DI) manhole covers and frames as per approved submittal,Unitech Di Pipes & Fittings Mfg. LLC,127922.86,AED
52,RFPO-6705-V40005-3,07 Jan 2026,NEW UNIT SUBSTATION & PRIMARY SELECTIVE SWITCHES,Kelly & Hayes Electrical Industrial & Plumbing Supplies,173389.43,USD
53,RFPO-5829-V40040-1,07 Jan 2026,PO for Candor - Supply of Basket Assembly 10mm Dia Round Rod L=1m (Uncoated)- Ref: UDIP/UAE/18102024/CANDOR/7174 REV04,Unitech Di Pipes & Fittings Mfg. LLC,51732,AED
54,RFPO-7878-V40003-1,07 Jan 2026,PO for Expansion and Buffer Tanks,INTEGRATED CONTRACTING SUPPLIERS,8957,USD
55,RFPO-6705-A5301-1,06 Jan 2026,PO for Paints & coatings for Building 729,BM Middle East FZC,2212,USD
56,RFPO-7139-E6823-1,06 Jan 2026,PO for PVC nonmetallic conduits (CANTEX),TIC LIGHT ELECTRICAL CORP,7116.68,USD
57,RFPO-7212-V40019-1,06 Jan 2026,PO for Nitrogen Generator & Air Compressor,"South-Tek Systems, LLC",40826.8,USD
58,RFPO-7139-V40064-1,06 Jan 2026,PO for Trench Boxes with Accessories ,ALLEN TRENCH SAFETY CORPORATION,33102.75,USD
59,RFPO-7139-V4358-1,06 Jan 2026,PO for RT29 Radio,YSAIR HONGKONG HOLDINGS LIMITED,995.7,USD
60,RFPO-1005-V7264-1,06 Jan 2026,PO for PVC Pipes & Fittings,HOLBROOK PIPE SUPPLY INC.,11906.665,USD
61,RFPO-7139-E6822-1,05 Jan 2026,PO for PVC coated conduits,Benfield Electric International Ltd.,54944.13,USD
62,RFPO-5829-V40038-1,02 Jan 2026,"PO for Air Pavement - Epoxy-Coated Dowel Bars (410mm x 25mm)  and Welded Wire Mesh (150x150x07x07mm, 2.4m x 4.8m sheets)",Unitech Di Pipes & Fittings Mfg. LLC,57755.5,USD
63,RFPO-6705-V4362-2,24 Dec 2025,PO for Confined Space Kit,Industrial Safety Products,1756.9,USD
64,RFPO-8206-O1-1,24 Dec 2025,PO for Lenovo Business Laptop,Kyoto Technologies,47400,AED
65,RFPO-7073-V40013-1,19 Dec 2025,PO for Gaskets,"Smith International Gulf Services, LLC",18553.5,AED
66,RFPO-5532-V4378-1,19 Dec 2025,PO for Plan Swift 11 Measurements & QTY Takeoff Software -  Perpetual License - Marte Alzate,Green Figure Technique,7380,AED
67,RFPO-6852-V40037-1,19 Dec 2025,PO for Fuel System Repair Materials,Jet Fuel Specialists LLC,23112.64,USD
68,RFPO-6705-V40163-1,18 Dec 2025,"PO for STAINLESS STEEL SS316, ASTM A312, SCH40 WELDED PIPES",PENN STAINLESS PRODUCTS,2830.61,USD
69,RFPO-7139-V40063-1,18 Dec 2025,PO for JFVD78922 - Preshipment Inspection - Coaster 19 seats bus MD6601 and Two years wearing spare parts list,V-Trust Inspection Service Co. Ltd.,268,USD
70,RFPO-5532-V4377-1,17 Dec 2025,PO for Magnet Sticker Panels - 210 × 120 cm - Estimate 3302,Alelham Consultancy LLC,3660,AED
71,RFPO-7139-V40059-1,17 Dec 2025,PO for INV-JFVD72671 - Preshipment Inspection - DONGFENG 190HP Truck Mounted XCMG 6.3Ton Crane and Spare Parts,V-Trust Inspection Service Co. Ltd.,268,USD
72,RFPO-7212-V40017-1,17 Dec 2025,PO for Gas Detector system & Controls,BMS Btech Switchgear,29600,AED
73,RFPO-7139-V40036-2,17 Dec 2025,PO for Mechanic Shop Tools,Dateline Exports Inc.,32410.31,USD
74,RFPO-7139-V40062-1,17 Dec 2025,PO for Ductile Iron Pipe and Fittings ,Cimmaron International Corporation,23402.52,USD
75,RFPO-6705-V40162-1,17 Dec 2025,PO for Ductile Iron Pipe and Fittings ,Cimmaron International Corporation,7472.62,USD
76,RFPO-7864-V40004-1,17 Dec 2025,PO for Adhesive for Carpets,Right Choice Equipment Trading (LLC),440,AED
77,RFPO-7139-M4020-1,16 Dec 2025,PO for XH202310251-1 - Gulf Carts - GM-6D+2 and GM-4D with cargo,"Henan XunHu Equipment Co., Ltd",29778,USD
78,RFPO-7139-S9144-1,16 Dec 2025,PO for Filters- Maintenance parts for 37.5KVA GENERATOR SET,MORRICO EQUIPMENT LLC,502.47,USD
79,RFPO-5829-V40037-1,16 Dec 2025,PO for Oasis Metal Quotation OMM/24‑3693 -  (Triton Project Facility B – Trench Gratings) - COP7,Oasis Metal Manufacturing LLC,28200,AED
80,RFPO-5532-M4052-1,16 Dec 2025,PO for MVL-DG Equipment -VibratoryCompactors- -X025 - John,Evangel International Machinery Ltd.,25000,USD
81,RFPO-7139-V40060-1,16 Dec 2025,PO for PVC C-900 Pipe and Fittings for Fire Water ,American International Supply Inc.,15822.14,USD
82,RFPO-7139-V40061-1,16 Dec 2025,PO for SPONGE RUBBER EXPANSION JOINT FILLER WR MEADOWS,Dateline Exports Inc.,20217.63,USD
83,RFPO-5532-V4376-1,15 Dec 2025,PO for - Magnet Sticker - Specs: - Digital printed outdoor vinyl - UV lamination (glossy or matte) - Mounted on magnet sheet - Thickness: 0.8 mm - Size: 45 × 20 cm,Alelham Consultancy LLC,2475,AED
84,RFPO-1569-O112-1,15 Dec 2025,PO for Bluebeam Core – Annual Subscription – Renewal (Sub End: 1st Jan 2026) - Quotation Ref: SA729,AllCAD Solutions LLC,1850,AED
85,RFPO-7864-A5201-1,15 Dec 2025,PO for Aluminium Windows,Lakshmi Metal Tech LLC,257077.04,AED
86,RFPO-1569-O113-1,15 Dec 2025,PO for Bluebeam Core License - Mansoor.Junbesh@mvl-group.com,AllCAD Solutions LLC,925,AED
87,RFPO-6705-V40161-1,15 Dec 2025,PO for #67 Rock(Coarse Aggregate),SMITHBRIDGE GUAM,92054.4,USD
88,RFPO-7212-V40016-1,15 Dec 2025,PO for 16mm Thread rods,Fastener Point LLC,1181.84,AED
89,RFPO-5532-M4057-1,11 Dec 2025,PO for Official Quotation-7 Machines Spare Parts,Evangel International Machinery Ltd.,12800,USD
90,RFPO-1569-O111-1,11 Dec 2025,PO for Microsoft 365 G5 GCC – Annual Subscription Licenses (Pro-Rated) - Inv - 115999,Managed Solution LLC,667.9,USD
91,RFPO-6705-V4362-1,11 Dec 2025,PO for Confined Space Kit,Industrial Safety Products,1589,USD
92,RFPO-7139-V4357-1,11 Dec 2025,PO for Lubricants,Van De Pol Enterprises Inc,18167.57,USD
93,RFPO-6705-V40159-2,11 Dec 2025,PO for PVC Cement for COSA- Plumbing,"JW Supply House, Inc",749.96,USD
94,RFPO-5532-M4056-1,10 Dec 2025,PO for AG25AQ426D - VIN: CLW5070QL - Isuzu Van,"FASTWIN GROUP CO.,LIMITED",1595.54,USD
95,RFPO-6705-V40160-1,10 Dec 2025,PO for OCAL-PVC Coated Coupler,Kelly & Hayes Electrical Industrial & Plumbing Supplies,3854.01,USD
96,RFPO-6705-E6843-1,10 Dec 2025,PO for Cantex- Male Terminal Adapters,TIC LIGHT ELECTRICAL CORP,380.47,USD
97,RFPO-7139-V40058-1,10 Dec 2025,PO for APOC #30 Roofing Felt ,Dateline Exports Inc.,467,USD
98,RFPO-1569-O110-1,09 Dec 2025,PO for Gateway Ubiquiti EFG - Harware - Quote Ref: KT/1125/210,Kyoto Technologies,14700,AED
99,RFPO-5532-M4055-1,09 Dec 2025,PO for AG25AQ426C- MAXUS VAN SPARE PARTS,"FASTWIN GROUP CO.,LIMITED",1735.96,USD
100,RFPO-6705-E6842-1,09 Dec 2025,PO for Cadweld exothermic molds and accessories,Benfield Electric International Ltd.,2605.39,USD
101,RFPO-7208-V40027-1,09 Dec 2025,PO for Door Awning & accessories,Dateline Exports Inc.,13126.16,USD
102,RFPO-7139-V40055-1,08 Dec 2025,PO for Additional  SDR35 Fittings,HOLBROOK PIPE SUPPLY INC.,641.44,USD
103,RFPO-7616-V40000-2,08 Dec 2025,PO for Scaffolding,"Rapid Scaffolding (Engineering) Co., Ltd",60810.24,USD
104,RFPO-5532-M4050-1,08 Dec 2025,PO for Material Request MR-108 MR - Vehicle -Great Wall Pick-up - AG25AQ426A,"FASTWIN GROUP CO.,LIMITED",1371.88,USD
105,RFPO-6705-V40159-1,08 Dec 2025,PO for PVC Cement for COSA- Plumbing,"JW Supply House, Inc",664.66,USD
106,RFPO-7139-V40056-1,08 Dec 2025,"PO for EPOXY COATED REBAR ASTM A615/A615M, GRADE60, COATED TO  ASTM  A775",Nucor Rebar Fabrication,348872.4,USD
107,RFPO-5532-M4053-1,08 Dec 2025,PO for Isuzu Mini Van - AG25AQ426F - Mini Ambulance Parts (VIN: LGDCH91DXSA000743),"FASTWIN GROUP CO.,LIMITED",927.54,USD
108,RFPO-7139-V40057-1,08 Dec 2025,"PO for Cover and Frame, Cleanout - Sewer Manhole",EJ USA Inc.,7364.09,USD
109,RFPO-5532-M4054-1,08 Dec 2025,PO for AG25AQ426E - Laydown 1 Mechanic Work Shop – JMC Pick Up (VIN: JX1033TSEA),"FASTWIN GROUP CO.,LIMITED",4020.43,USD
110,RFPO-6705-V4361-1,04 Dec 2025,PO for Battery for Grout Pump,Triple J Ebeye Wholesale,353.69,USD
111,RFPO-7139-S9102-1,04 Dec 2025,PO for Pre-Shipment Inspection Scope for Steel Bar Bending & Cutting Machines,TUV SUD MIDDLE EAST LLC,1200,AED
112,RFPO-5532-M4051-1,04 Dec 2025,PO for  Material Request #MR-108 MR - Vehicle - -Nissan Pick-up - Vin:LJNTGUCYXNN264266   ,"FASTWIN GROUP CO.,LIMITED",1953.44,USD
113,RFPO-7139-V40054-1,04 Dec 2025,PO for PVC C-900 Pipe and Fittings -Purple,American International Supply Inc.,9819.85,USD
114,RFPO-7139-V40053-1,03 Dec 2025,PO for Pre-Shipment Inspection - INV-JFVN91473 - 9m3 Dust Suppression Truck (Ref: AM25E09170056602),V-Trust Inspection Service Co. Ltd.,268,USD
115,RFPO-7616-M4001-2,03 Dec 2025,PO for MR-60 for Vehicle and Equipment Maintenance – Mechanic Workshop - Official Quotation for MVL Bromgrove JV LLC (Project X058)-2025.11.6,Evangel International Machinery Ltd.,122648,USD
116,RFPO-6705-V40157-1,03 Dec 2025,PO for LSA & Batch plant -Plumbing items,Tsang Brothers Corporation,6983,USD
117,RFPO-6705-V40158-1,03 Dec 2025,PO for Storm Water Grate and Frame,American International Supply Inc.,17210.22,USD
118,RFPO-6705-V4360-1,03 Dec 2025,PO for JCB-Spare Parts for JCB backhoe loader ,Total Industries,3736.6,USD
119,RFPO-6705-O3-1,03 Dec 2025,PO for Bluebeam Core Annual Subscription for Andrew.Cabigon@mvl-group.com – Quotation Ref. SA689,AllCAD Solutions LLC,925,AED
120,RFPO-7139-M4018-1,28 Nov 2025,PO for Steel Bar Bending & Cutting Machines and Spare Parts,Modena Machinery Trading LLC,37300,AED
121,RFPO-7139-M4019-1,28 Nov 2025,"PO for TTransformer 7 KVA (4 KW), 3 Phase, 60 Hz - CXQ/2025/11/P-3924",Crux Transformers L.L.C,4000,AED
122,RFPO-6718-V40039-1,27 Nov 2025,PO for Cable Gland,Kelly & Hayes Electrical Industrial & Plumbing Supplies,2855,USD
123,RFPO-7212-V40013-2,27 Nov 2025,PO for Supports and Hangers,Technopro Middle East FZCO,15708.358,AED
124,RFPO-5532-M4049-1,27 Nov 2025,PO for Material Request #MR-105 MR - Parts for Roller for LUTONG LTC301  Compactor - Work Shop Mechanics - Jess CO,Evangel International Machinery Ltd.,556,USD
125,RFPO-7212-M4101-1,27 Nov 2025,PO for Grooved Fittings & Valves,Asia Electro Mechanical Company Limited,215573.061,AED
126,RFPO-5829-M4002-1,27 Nov 2025,PO for EDU20G – AIR FIELD PAVEMENT - WC/SQ/9922/R/1 - Petrol Vibrator  and Poker Shaft,WECARE MACHINERY TRADING – Sole Proprietorship LLC,7070,AED
127,RFPO-5829-E6818B-1,27 Nov 2025,PO for LV Cables,Dubai Cable Company (Private) Limited,3998398.763,AED
128,RFPO-7208-E6800-1,26 Nov 2025,"PO for Receptacles, Switches & Breakglass Station",Kelly & Hayes Electrical Industrial & Plumbing Supplies,12638.94,USD
129,RFPO-7139-V40052-1,26 Nov 2025,PO for Cressets Crete-Lease Bio-Tru-Xtra All-Xtra with PR,Cresset Chemical Company,3193.65,USD
130,RFPO-5829-S9105-2,26 Nov 2025,50T Crane with Badged Operator  - Duration: 27 November 2025 to 26 December 2025,OHIO GENERAL CONTRACTING LLC,55000,AED
131,RFPO-5532-M4048-2,25 Nov 2025,PO for MR-103 Spare Parts for Backhoe Loader MVL-OPS 006  CIF Singapore - MVL Bromgrove JV LLC,Evangel International Machinery Ltd.,939,USD
132,RFPO-5153-S9111-1,25 Nov 2025,PO for - Prime Contract Number: N62470-21-C-0003 - Project: P-759 Family Housing Villaggio SW & Camp Ederle North,IMPRESA PERCASSI S.P.A.,0,USD
133,RFPO-5532-M4047-1,24 Nov 2025,PO for BATCH 1 Equipment Supply for 2026 DG - Projects,Evangel International Machinery Ltd.,140800,AED
134,RFPO-5532-M4106-2,24 Nov 2025,PO for Batch Plant - Saddle Clamp & Connector  ANZ Waters - MV191125,Alwan Zamzam Trading Co. L.L.C,4731.45,AED
135,RFPO-5532-M4048-1,24 Nov 2025,PO for MR-103 Spare Parts for Backhoe Loader MVL-OPS 006  CIF Singapore - MVL Bromgrove JV LLC,Evangel International Machinery Ltd.,620,USD
136,RFPO-7212-V40012-1,24 Nov 2025,PO for Floor & Wall Supports,Al Asam Mechanical Services (LLC),33600,AED
137,RFPO-7212-V40014-1,24 Nov 2025,PO for Air Release Valve,Cla-Val Europe Sarl,560,USD
138,RFPO-7212-V40015-1,24 Nov 2025,PO for Pressure Gauge & Flow Indicator,Al Khoory International Products FZE,4000,AED
139,RFPO-5532-V4374-1,21 Nov 2025,PO for DG - MVL Branded Polo Shirts (Black & Grey) with Embroidered Logo,TSI International FZC,3200,AED
140,RFPO-1005-V7262-1,21 Nov 2025,PO for HDPE Pipes & fittings,Cimmaron International Corporation,10922.4,USD
141,RFPO-5532-M4106-1,21 Nov 2025,PO for Batch Plant - Saddle Clamp & Connector  ANZ Waters - MV191125,Alwan Zamzam Trading Co. L.L.C,1900,USD
142,RFPO-1569-O106-1,20 Nov 2025,PO for Access Control Setup – Office 1806  Ref: KT/1125/210,Kyoto Technologies,4964.5,AED
143,RFPO-6705-V40156-1,20 Nov 2025,PO for Mineral Wool (Rockwool Safe n Sound),"Scott & From Co., Inc.",1689.999999,USD
144,RFPO-7139-V40051-1,20 Nov 2025,PO for Slags for Concrete Mix Design,SMITHBRIDGE GUAM,10875.71007,USD
145,RFPO-7139-E6821-1,19 Nov 2025,PO for Smart Rock 3ER Wireless sensor,Giatec Scientific Inc,5080,USD
146,RFPO-6646-V40004-1,19 Nov 2025,PO for Warranty,MCELROY METAL,5000,USD
147,RFPO-7039-E6802B-2,19 Nov 2025,PO for MV CABLES,Oman Cables Industry (SAOG),1815495.687,USD
148,RFPO-7039-V40029-1,19 Nov 2025,PO for Concrete Supply and Laboratory Services,BLACK CONSTRUCTION CORPORATION,31888.5,USD
149,RFPO-7212-V40010-1,19 Nov 2025,PO for Pressure Gauge,INTEGRATED CONTRACTING SUPPLIERS,344,USD
150,RFPO-7212-V40011-1,19 Nov 2025,PO for Test and Drain Valve,Blue Line Trading Group LLC,3512.65,USD
151,RFPO-7212-V40006-1,18 Nov 2025,PO for Flange Clamps,New Horizon Building Materials Trading LLC,66640,AED
152,RFPO-7212-V40007-1,18 Nov 2025,PO for Seismic Bracing,NATIONAL FIRE FIGHTING MANUFACTURING FZCO,9053,USD
153,RFPO-7212-V40008-1,18 Nov 2025,PO for Thread rod & Couplers,Fastener Point LLC,8610.5,AED
154,RFPO-7212-V40009-1,18 Nov 2025,PO for Sprinklers,Al Khoory International Products FZE,68000,AED
155,RFPO-6705-E6841-1,17 Nov 2025,PO for LSA-Electrical Items,CPS ELECTRIC,6040.3,USD
156,RFPO-6705-V40155-1,17 Nov 2025,PO for LSA-Building Materials,Tsang Brothers Corporation,558,USD
157,RFPO-6705-V40149-2,17 Nov 2025,"PO for 	SOG Rebars, CMU Rebars, Additional Rebars for Fabrication & Foundation Remaining rebars",Nucor Rebar Fabrication,234184,USD
158,RFPO-7212-V40005B-1,17 Nov 2025,PO for Pipes & fittings for Sprinkler System,Technopro Middle East FZCO,243665.552,AED
159,RFPO-5503-A5205-2,17 Nov 2025,PO for Schüco ADS 80 FR60 fire-resistant fixed window with anodized (CO) finish and Pilkington Pyrostop 60-351 EI60 glazing,PETROUTSOS BROS LTD,23560,EURO
160,RFPO-6705-V40154A-1,14 Nov 2025,"PO for STAINLESS STEEL SS316, ASTM A312, SCH40 WELDED PIPES",PENN STAINLESS PRODUCTS,14256.3914,USD
161,RFPO-6705-V40154-1,13 Nov 2025,"PO for STAINLESS STEEL SS316, ASTM A312, SCH40 WELDED PIPES",PENN STAINLESS PRODUCTS,12256.39,USD
162,RFPO-7139-V40049-1,13 Nov 2025,PO for STAINLESS STEEL SS316,PENN STAINLESS PRODUCTS,18730.35,USD
163,RFPO-6705-E6839-1,13 Nov 2025,PO for Cable Tags,WESCO Distribution Inc,12225.36,USD
164,RFPO-6705-E6840-1,13 Nov 2025,PO for LSA-Electrical Items,CPS ELECTRIC,11962.65,USD
165,RFPO-7039-E6808-1,13 Nov 2025,PO for MV Cable Splice kits & Crimping Tools,Benfield Electric International Ltd.,97694.97,USD
166,RFPO-7139-V4356-1,12 Nov 2025,PO for Ref. Quotation S00645 / Basketball Uniforms,TSI International FZC,3539.25,AED
167,RFPO-6705-E6836A-2,12 Nov 2025,PO for EMT Conduits and Accessories,WESCO Distribution Inc,3626.53,USD
168,RFPO-6705-V40153-1,12 Nov 2025,PO for Medical Laboratory-Additional items,Humboldt Mfg Co,16494.7,USD
169,RFPO-1569-O103-2,12 Nov 2025,PO for MVL Lebanon - IT Accessories - KT/1125/210,Kyoto Technologies,12078.6,AED
170,RFPO-1569-O103-3,12 Nov 2025,PO for MVL Lebanon - IT Accessories - KT/1125/210,Kyoto Technologies,12364,AED
171,RFPO-7208-V40026-1,12 Nov 2025,PO for Joint Sealants,Sunshine Supply Co Inc,2517.15,USD
172,RFPO-6705-V40151-1,12 Nov 2025,"PO for Gypsum Board, Lumber & plywood",Tsang Brothers Corporation,31561,USD
173,RFPO-6705-V40152-1,11 Nov 2025,PO for Drain Inlet/Drain Box Rebars & Epoxy Patch Kit,Nucor Rebar Fabrication,12092,USD
174,RFPO-6705-V4359-1,11 Nov 2025,PO for John Deere Tractor loader parts,Warai Equipment Services,4131,USD
175,RFPO-7139-V40047-1,11 Nov 2025,"PO for JFVN39596  - Pre-Shipment Inspection - SANY STC500C5-8 50-ton Crane - November 14, 2025",V-Trust Inspection Service Co. Ltd.,268,USD
176,RFPO-7139-V40048-1,11 Nov 2025,PO for JFVN39470- Pre-Shipment Inspection - DONGFENG 375HP 6x4 tractor truck,V-Trust Inspection Service Co. Ltd.,268,USD
177,RFPO-6718-V40038-2,11 Nov 2025,PO for Precision Machinist Level,Jet Fuel Specialists LLC,316.22,USD
178,RFPO-6705-V40070-2,11 Nov 2025,PO for Quickrete- Cement & Sand,LOWES,2538.99,USD
179,RFPO-7139-E6820-1,10 Nov 2025,PO for MR-120-2025 Sectional Ground Rods and Accessories for ATCT Project (RMI-127) - SQ-SHJ-2025-25211824,Haji Commercial Company LLC,2202,AED
180,RFPO-5657-M4106-1,10 Nov 2025,PO for Float Switch,Zoeller Pump Company,183.6,USD
181,RFPO-5829-V40036-1,10 Nov 2025,PO for Free Issued - IDEAL FLOORING LLC  Ref: IDF-Q-DXB-D023-NOV-2025-Rev 4  Scope: VCT Tiles as per Approved Submittal,IDEAL FLOORING LLC,94096.4,AED
182,RFPO-7616-S9100-1,10 Nov 2025,"PO for TPI Visit at JAFZA, Dubai against PO Ref. RFPO-7616-M4000-1",TUV SUD MIDDLE EAST LLC,1200,AED
183,RFPO-7864-V40003-1,10 Nov 2025,PO for Carpet,Welspun Global Brands Limited,1160.952,USD
184,RFPO-1569-O103-1,07 Nov 2025,PO for MVL Lebanon - IT Accessories - KT/1125/210,Kyoto Technologies,11460.6,AED
185,RFPO-7139-M4016-1,06 Nov 2025,PO for Air Cooled Screw Chiller (AM-330DR1V) - AS PER ATTACHED SPECIFICATIONS - 3P-208V-60Hz - INVOICE NO.:AM25E11040056603,"AIMIX GROUP CO., LTD",52220,USD
186,RFPO-7616-M4001-1,06 Nov 2025,PO for MR-60 for Vehicle and Equipment Maintenance – Mechanic Workshop - Official Quotation for MVL Bromgrove JV LLC (Project X058)-2025.11.6,Evangel International Machinery Ltd.,122000,USD
187,RFPO-7139-M4017-1,06 Nov 2025,PO for Genie Boom Lift,Lamphere Construction Ltd dba Heavy Equipment Hunters,88028.37,USD
188,RFPO-7073-M4101-1,06 Nov 2025,PO for PVC pipes and fittings,Harrington Industrial Plastics LLC,2273.48,USD
189,RFPO-7208-V40025-1,05 Nov 2025,PO for Sika primer & remover,Petrocoat Construction Chemicals Trading LLC,3860,AED
190,RFPO-6705-E6838-1,05 Nov 2025,PO for Bare Copper Grounding Conductor Wire and Ground Clamp,EMSI Inc.,2943.7,USD
191,RFPO-7878-V40002-1,05 Nov 2025,PO for Duct Insulation,KEPCO Building Materials Trading LLC,1804.32,AED
192,RFPO-7139-V40046-1,05 Nov 2025,PO for JFVN39463 - Pre-Shipment Inspection - 3 axles 40Ton 40ft container flatbed semi-trailer,V-Trust Inspection Service Co. Ltd.,268,USD
193,RFPO-7039-V40028-2,04 Nov 2025,PO for Additional Wires & Tape,Kelly & Hayes Electrical Industrial & Plumbing Supplies,3932.98,USD
194,RFPO-6705-V40149-1,04 Nov 2025,"PO for 	SOG Rebars, CMU Rebars, Additional Rebars for Fabrication & Foundation Remaining rebars",Nucor Rebar Fabrication,232234,USD
195,RFPO-6705-V40150-1,04 Nov 2025,PO for Rubber Wall Base,Dateline Exports Inc.,589.97,USD
196,RFPO-6705-E6837-1,04 Nov 2025,PO for Cable Marker,ARABIAN FALCON ELECTRICAL EQUIPMENT LLC,150,AED
197,RFPO-7039-S9102-1,04 Nov 2025,PO for Third Party Inspection of MV cables -2nd batch ,TUV SUD MIDDLE EAST LLC,1131,USD
198,RFPO-7878-V40001-1,04 Nov 2025,PO for Duct Insulation accessories,"Scott & From Co., Inc.",2351.818,USD
199,RFPO-6705-E6836A-1,03 Nov 2025,PO for EMT Conduits and Accessories,WESCO Distribution Inc,2519.88,USD
200,RFPO-6718-V40037-1,31 Oct 2025,PO for Hardware,Fastener Point LLC,858.72,AED
201,RFPO-1569-14853-1,30 Oct 2025,PO for MVL Internal PO Reimbursement - 1801 - 1807 Fees vs Concordia Invoices vs Payment Receipts,Keen Eye Technical Services LLC,25646.35,AED
202,RFPO-6718-V40036-1,30 Oct 2025,PO for Gaskets,"Smith International Gulf Services, LLC",4516.2,AED
203,RFPO-6542-V40044-1,29 Oct 2025,PO for Explosion-proof Switch. ,Larson Electronics LLC,4290.68,USD
204,RFPO-6705-V40147-1,29 Oct 2025,PO for wire connectors and cable ties,Kelly & Hayes Electrical Industrial & Plumbing Supplies,3239.06,USD
205,RFPO-6705-M4109-1,29 Oct 2025,PO for LSA-plumbing items,"FERGUSON ENTERPRISES, LLC",3027.504,USD
206,RFPO-6705-V40148-1,29 Oct 2025,PO for Hilti Items,TOOLS PLUS,1296.5,USD
207,RFPO-7139-S9138-1,28 Oct 2025,PO for 37.5KVA GENERATOR SET,MORRICO EQUIPMENT LLC,25179,USD
208,RFPO-7616-M4000-1,28 Oct 2025,PO for Welding Generator and  Plasma Cutter Quotation Ref: AHG_ITW_1_738_271025R01,Abdullah Hashim Industrial Gases & Equipment Co. Ltd.,97000,AED
209,RFPO-6705-E6804-2,27 Oct 2025,PO for Dry Type transformer,EMSI Inc.,122856.16,USD
210,RFPO-6705-M4108-1,27 Oct 2025,PO for LSA-plumbing items,"FERGUSON ENTERPRISES, LLC",11452.12,USD
211,RFPO-6705-M4107-1,27 Oct 2025,PO for Plumbing-Cut & cap,"FERGUSON ENTERPRISES, LLC",105.142,USD
212,RFPO-7878-V40000-1,24 Oct 2025,PO for Outdoor Condenser Unit,Trane Technologies,135030,USD
213,RFPO-5532-M4046-1,23 Oct 2025,PO for UTV LH800U-A and LH1100U-2D Spare Parts - MR-79 / AMR380 and MR-95 / AMR400,Evangel International Machinery Ltd.,2830,USD
214,RFPO-7208-V40022A-1,23 Oct 2025,"PO for Metal Wall, Roof Panel, Insulation",Dateline Exports Inc.,322338.71,USD
215,RFPO-6705-V40145-1,22 Oct 2025,PO for 343 JUMBO LOUVERED WEEP VENT,"White Cap Supply Holdings, LLC",2377,USD
216,RFPO-6705-V40146-1,22 Oct 2025,PO for EZ weld Enviro 205 solvent cement,Tsang Brothers Corporation,16,USD
217,RFPO-6705-V40136-2,22 Oct 2025,PO for 12000 BTU Mini Split AC Unit,LOWES,2581.19,USD
218,RFPO-5829-S9105-1,22 Oct 2025,PO for (CANDOR)  - 50T Crane with Badged Operator,OHIO GENERAL CONTRACTING LLC,55000,AED
219,RFPO-7139-M4015-1,21 Oct 2025,PO for Solid tires 10-16.5 RG400 NHS with rim,Evangel International Machinery Ltd.,1632,USD
220,RFPO-5532-V40089-1,21 Oct 2025,PO for Pre-Shipment Inspection of the DONGFENG 190HP truck mounted XCMG 6.3Ton Crane (PO# RFPO-5532-M4037-1 / EV2025G0012A).,V-Trust Inspection Service Co. Ltd.,268,USD
221,RFPO-7139-V40045-1,21 Oct 2025,PO for Pre-shipment inspection of the CPCD50 unit (PO# RFPO-7139-M4010-1) - INV-JFV056830,V-Trust Inspection Service Co. Ltd.,268,USD
222,RFPO-1569-O102-1,20 Oct 2025,PO for PDF-XChange PRO 5 User Pack (3-year license),RivYv Technologies,740,USD
223,RFPO-6718-V40034-1,20 Oct 2025,PO for Additional Pipe fittings,CRA Trading LLC,1170,USD
224,RFPO-6718-V40035-1,20 Oct 2025,PO for Internal coating for Additional Pipe fittings,Hilong Petroleum Pipe Co. LLC,9136,USD
225,RFPO-7864-V40002-1,20 Oct 2025,PO for Resilient Flooring / VCT,ODORES METAL LLC,2001.43,USD
226,RFPO-7139-V40043-1,20 Oct 2025,PO for Custom Tools,Uline,1693.72,USD
227,RFPO-7139-V40044-1,20 Oct 2025,PO for Lumber & osb board,LOWES,9437.25,USD
228,RFPO-6705-V40144-1,20 Oct 2025,PO for LSA-Architectural Items,Tsang Brothers Corporation,1860,USD
229,RFPO-7039-S9101-1,20 Oct 2025,PO for Third Party Inspection of MV cables,TUV SUD MIDDLE EAST LLC,1131,USD
230,RFPO-7208-V40024-1,16 Oct 2025,PO for Misc Metal Fabrication,"Scott & From Co., Inc.",31106.564,USD
231,RFPO-6841-M4105-1,16 Oct 2025,PO for Controllers & Auto Restart,S.K.M. Air Conditioning L.L.C.,3980,USD
232,RFPO-5532-M4045-1,15 Oct 2025,PO for Extension - MEKA’s Installation Service for Concrete Batching Plant and Crushing and Screening Systems,MEKA,6300,EURO
233,RFPO-6705-M4026-2,15 Oct 2025,"PO for ChemGrout CG555/030/DHES/HP Trailer Mounted, Diesel/Hydraulic powered, High Pressure Grout Pump with Accessories and Spares",ACE CENTRO ENTERPRISES,193340,AED
234,RFPO-6705-V40143-1,15 Oct 2025,PO for LSA-Architectural Items,HOME DEPOT USA,1446.28,USD
235,RFPO-6705-E6835-1,15 Oct 2025,PO for Electrical Items,TIC LIGHT ELECTRICAL CORP,10174.3,USD
236,RFPO-5829-R1511-1,15 Oct 2025,"PO for (CANDOR)  - Mitsubishi Rosa Bus – 26-seater, Diesel",MENA ENGINEERING AND TECHNICAL CO. L.L.C,51900,AED
237,RFPO-6705-M4106-1,15 Oct 2025,PO for Grade Hardware Items,TURTLE,230,USD
238,RFPO-1569-O101-1,14 Oct 2025,PO for Internal PO - Microsoft 365 G5 GCC – Annual Subscription Licenses (Pro-Rated) - Inv - 114614,Managed Solution LLC,1187.35,USD
239,RFPO-6705-V40140-1,14 Oct 2025,PO for LSA-plumbing piping items,"FERGUSON ENTERPRISES, LLC",2897.5,USD
240,RFPO-5532-M4044-1,14 Oct 2025,Procore MR-60 - MVL - XCMG WZ30-25 Spare Parts,Evangel International Machinery Ltd.,140,USD
241,RFPO-7139-V40040-2,14 Oct 2025,PO for Tarps &  Nylon rope,LOWES,5164.88,USD
242,RFPO-6705-V40142-1,14 Oct 2025,PO for CMU Wall Accessories ,"White Cap Supply Holdings, LLC",60295.30319,USD
243,RFPO-7039-V40027-1,14 Oct 2025,PO for SikaTop 107,Petrocoat Construction Chemicals Trading LLC,10336,AED
244,RFPO-7208-V40023-1,14 Oct 2025,PO for SPECPOXY MORTAR ,Dateline Exports Inc.,12692.39,USD
245,RFPO-7212-V40004-2,13 Oct 2025,PO for Floor Drain,Cimmaron International Corporation,538.93,USD
246,RFPO-7208-A5201-1,13 Oct 2025,PO for Steel doors & hardware,Lakshmi Metal Tech LLC,60806.91,AED
247,RFPO-7208-V40022-1,10 Oct 2025,PO for Metal Wall & Roof Panel,Dateline Exports Inc.,344970,USD
248,RFPO-5532-V40088-1,10 Oct 2025,PO for Aviation Lights,MEKA İTHALAT İHRACAT PAZARLAMA VE TİC. A.Ş,3019.09,EURO
249,RFPO-6852-V40035-1,10 Oct 2025,PO for Ball Valves (for Fuel Piping),Jet Fuel Specialists LLC,7763.45,USD
250,RFPO-6705-M4026-1,09 Oct 2025,"PO for ChemGrout CG555/030/DHES/HP Trailer Mounted, Diesel/Hydraulic powered, High Pressure Grout Pump with Accessories and Spares",ACE CENTRO ENTERPRISES,181870,AED
251,RFPO-1569-V4427-1,08 Oct 2025,Plan Swift 11 Measurements & QTY Takeoff Software -  Perpetual License - Mardhini Siddaiah,Green Figure Technique,8200,AED
252,RFPO-7208-V40021-1,08 Oct 2025,PO for Panel Boards,Kelly & Hayes Electrical Industrial & Plumbing Supplies,2060.12,USD
253,RFPO-6705-V40141-1,08 Oct 2025,PO for Carrier DX Split AC Package,Dateline Exports Inc.,12463.17,USD
254,RFPO-7139-S9130-2,08 Oct 2025,PO for Canopy Storage Shelter,BIG TOP SHELTERS,111700,USD
255,RFPO-6705-V40061-2,07 Oct 2025,PO for Block Saw & Saw Blade,MONJE,8048.24,USD
256,RFPO-7039-V40026-1,07 Oct 2025,PO for Admixtures,SODAMCO EMIRATES FACTORY FOR BUILDING MATERIALS LLC,17000,AED
257,RFPO-7039-E6807-1,07 Oct 2025,PO for Conduit Plugs,EMSI Inc.,4808.806,USD
258,RFPO-7208-V40020-1,07 Oct 2025,PO for Duct Connector,Delta Duct Airconditioning LLC,375,AED
259,RFPO-1005-V7256-1,03 Oct 2025,PO for Sheet Piles,ArcelorMittal DSTC FZE,116775,AED
260,RFPO-7139-V4355-1,03 Oct 2025,PO for Crane Lifting Gear-Accessories,Jack Rubin & Sons Inc,3185.3,USD
261,RFPO-7208-V40019-1,02 Oct 2025,PO for Gypsum Board & Supports,Gypsemna Co.LLC,45575.88,USD
262,RFPO-6705-V40139-1,02 Oct 2025,PO for MVL stickers & Magnet Signs,Sign King Inc,2100,USD
263,RFPO-6705-E6834-1,02 Oct 2025,PO for Batch Plant Temporary Generator-Electrical Items,TIC LIGHT ELECTRICAL CORP,14665.21,USD
264,RFPO-6705-V40138-1,01 Oct 2025,PO for Reinforcing Bar Supports,Dateline Exports Inc.,7977.1,USD
265,RFPO-5829-R1510-1,30 Sep 2025,PO for 70 ton - 70 ton - Rough Terrain Hydraulic Cranes 3 Months Rental - Ref No.: 2EQ2501416-R01,JOHNSON ARABIA LLC,160000,AED
266,RFPO-7208-V40018-1,30 Sep 2025,PO for Duct supports and Hangers,Isam Kabbani Trading LLC,70070.53,AED
267,RFPO-7208-A5302-1,30 Sep 2025,PO for Paints & Coatings,BM Middle East FZC,51177.28,USD
268,RFPO-6705-V40137-1,30 Sep 2025,PO for Detection Tracer Wire,American International Supply Inc.,770,USD
269,RFPO-6705-V40086-2,30 Sep 2025,PO for RSC Conduits and Fittings,Kelly & Hayes Electrical Industrial & Plumbing Supplies,18910.46,USD
270,RFPO-7139-V4354-1,29 Sep 2025,PO for Emergency Rescue Kit ,Rock-N-Rescue,2771.98,USD
271,RFPO-6746-V40027-1,29 Sep 2025,PO for Testing Support for Chlorinator System,WMS Aquatics,135,USD
272,RFPO-7039-V40025-1,29 Sep 2025,PO for Fabric innerducts ,"Guangzhou Pareto Technology Co.,LTD",66812.7,USD
273,RFPO-7039-V40024A-1,29 Sep 2025,PO for Splicing Iron and Marmac,"White Cap Supply Holdings, LLC",5005.7245,USD
274,RFPO-7139-V40042-1,26 Sep 2025,PO for Pre-Shipment Inspection - JFV981267- SYM5300THBFS 430C-10B Concrete Pump Truck-8,V-Trust Inspection Service Co. Ltd.,268,USD
275,RFPO-6705-V40136-1,25 Sep 2025,PO for 12000 BTU Mini Split AC Unit,LOWES,2315.92,USD
276,RFPO-7139-T1002-1,25 Sep 2025,PO for Spares for Data logger- Custom Tools,Global Sensors LLC,873.75,USD
277,RFPO-6718-V40029-2,25 Sep 2025,PO for GFME Items - Equipment,Jet Fuel Specialists LLC,71847,USD
278,RFPO-6718-V40030-2,25 Sep 2025,PO for GFME Items - Filter Materials,Jet Fuel Specialists LLC,14960.36,USD
279,RFPO-6718-V40019-2,25 Sep 2025,PO for Spare Parts for Pump Startup & Alignment,Jet Fuel Specialists LLC,5105.1,USD
280,RFPO-1569-O100-1,24 Sep 2025,PO for INTERNAL PO - Microsoft 365 G5 GCC – Annual Subscription Licenses (Pro-Rated) - Inv - 113948,Managed Solution LLC,583.78,USD
281,RFPO-6705-S9104-1,24 Sep 2025,PO for Calibration-Batching Plant and Few Lab Items,Cal-Cert Company,6361,USD
282,RFPO-5532-M4042-1,24 Sep 2025,PO forInner Tubes for Telehandler Tire - MR - Inner Tube for Telehandler - MW- Jess Co,Evangel International Machinery Ltd.,250,USD
283,RFPO-6705-V40126-1,23 Sep 2025,PO for C900 & Sch80 Pipes and Fittings ,American International Supply Inc.,18014.62,USD
284,RFPO-6718-V40033-2,22 Sep 2025,PO for Pump Control station,Jet Fuel Specialists LLC,38940.34,USD
285,RFPO-7139-M4014-1,22 Sep 2025,PO for 3RD BATCH - SANY STC500C5-8 50-ton truck crane WITH 2 YEAR SPARE PARTS,Evangel International Machinery Ltd.,124000,USD
286,RFPO-1569-O99-1,22 Sep 2025,PO for Freshservice Licenses & Implementation (- Freshservice + Freddy AI Quotation - S00091),RivYv Technologies,12848,USD
287,RFPO-6705-V40132-1,22 Sep 2025,"PO for Hinge, Lumber,Plywood",Tsang Brothers Corporation,19809,USD
288,RFPO-6705-V40133-1,22 Sep 2025,PO for Disinfection materials,Dateline Exports Inc.,198.51,USD
289,RFPO-7208-V40017-1,22 Sep 2025,PO for Misc.Metal Fabrication,Isam Kabbani Trading LLC,61560.2,AED
290,RFPO-6705-V40131-1,20 Sep 2025,PO for Pre-Shipment Inspection - JFV948479 - SAC200C8-8,V-Trust Inspection Service Co. Ltd.,268,USD
291,RFPO-5829-M4001-1,18 Sep 2025,PO for AIR FIELD PAVEMENT - ZPL-300Y Truss Screed (6.5m type)  AS PER APPROVED QUOTATION -   HK2025091603-UAE,"Tengzhou Hiking Machinery Technology Co., Ltd.",7800,USD
292,RFPO-1569-V4269-2,18 Sep 2025,PO for SUPPLY AND INSTALLATION 1806 LOUNGE AREA,BLUE CROWN FURNITURE (LLC),27258.52,AED
293,RFPO-1569-V4269-3,18 Sep 2025,PO for SUPPLY AND INSTALLATION 1806 LOUNGE AREA,BLUE CROWN FURNITURE (LLC),24739.96,AED
294,RFPO-5829-E6822-1,18 Sep 2025,PO for Type - Procurement Support - Supply of Dimmer Controller -  Ref.L_5717/25_DM_R3,GEMS SYSTEMS L.L.C.,193335.8,AED
295,RFPO-5503-A5206-1,18 Sep 2025,PO for Supervision Services – Mr. Andre Ebert (Primary) / Mr. Sehrt (Backup),SALZER GmbH,19850,EURO
296,RFPO-6705-V40130-1,18 Sep 2025,PO for Gypsum Drywall and Supports for Building 729,BMET Building Materials Trading LLC,12800.48,AED
297,RFPO-5532-V40083-1,18 Sep 2025,PO for JFV957761 - Pre-Shipment Inspection Supplier: Evangel International Machinery Ltd.PO# RFPO-5532-M4038-1 - Item# CPCD50,V-Trust Inspection Service Co. Ltd.,268,USD
298,RFPO-5532-V40084-1,18 Sep 2025,PO for Aggregates - Additional Qty,Leeds Services Co. Pte Ltd.,266620,USD
299,RFPO-7139-M4012-1,17 Sep 2025,PO for ATCT - 9m3 Dust Suppression Truck - Ref - AM25E09170056602,"AIMIX GROUP CO., LTD",24600,USD
300,RFPO-1569-14069-3,17 Sep 2025,PO for 3rd Amendment - FITOUT -  MVL OFFICE 1806 and 1807,Keen Eye Technical Services LLC,107715,AED
301,RFPO-5683-A5205-1,17 Sep 2025,PO for Fusible links,TECHTRADE SAL(OFFSHORE),241.64,USD
302,RFPO-7139-M4013-1,17 Sep 2025,PO for 3rd  Bartch - DONGFENG 375HP 6x4 tractor truck and 3 axles 40Ton 40ft container flatbed semi-trailer with 2 years Spare Parts,Evangel International Machinery Ltd.,66300,USD
303,RFPO-7039-V40024-1,16 Sep 2025,PO for Splicing iron and butyl sealant,"White Cap Supply Holdings, LLC",6448.615,USD
304,RFPO-7139-M4010-1,16 Sep 2025,PO for 3RD BATCH OF HEAVY EQUIPMENTS FOR KWAJALEIN,Evangel International Machinery Ltd.,92200,USD
305,RFPO-6705-V40128-1,16 Sep 2025,PO for Lighting Fixtures and Toggle Switch,Kelly & Hayes Electrical Industrial & Plumbing Supplies,294.6,USD
306,RFPO-6852-V40034-1,12 Sep 2025,PO for Film for Liner,Arabian Environmental Construction Company (AEC),6156,USD
307,RFPO-6705-E6833-1,12 Sep 2025,"PO for Heat Shrink Termination with Terminal Lugs , Nuts, Bolts, Washer",TIC LIGHT ELECTRICAL CORP,1613.42,USD
308,RFPO-6705-V40127-1,12 Sep 2025,PO for Mandrel & Plugs,Kelly & Hayes Electrical Industrial & Plumbing Supplies,2548.76,USD
309,RFPO-7139-M4011-1,11 Sep 2025,"PO for 9M3 Concrete Mixer Truck - 6x4 HOWO chassis (371HP), 9M3 drum, revolution counter, 1 spare tyre, optional parts - as per approved Quotation M25E09110056601","AIMIX GROUP CO., LTD",101736,USD
310,RFPO-5532-M4041-1,11 Sep 2025,PO for 9M3 Concrete Mixer Truck - as per approved Quotation AM25E09100056602,"AIMIX GROUP CO., LTD",101736,USD
311,RFPO-7864-V40001-1,11 Sep 2025,PO for Wall Base & Adhesive,"MANNINGTON MILLS, INC.",820,USD
312,RFPO-6705-E6832-1,10 Sep 2025,PO for Batch Plant -Electrical Items,TIC LIGHT ELECTRICAL CORP,117777.85,USD
313,RFPO-6705-V40125-1,10 Sep 2025,PO for Frame & cover for Cleanout (Storm & Sewer),EJ USA Inc.,4393,USD
314,RFPO-6705-M4105-1,10 Sep 2025,PO for 315 KVA Genset - JP300 Silent Type,Jubaili Bros,190000.83,AED
315,RFPO-7139-E6819-1,09 Sep 2025,PO for ATCT-Electrical Items for Site Temporary Power,TIC LIGHT ELECTRICAL CORP,20605.02,USD
316,RFPO-7139-V40010A-2,09 Sep 2025,PO for TRIPOD AND ACCESSORIES,MONJE,11065.37,USD
317,RFPO-7027-M4102A-1,09 Sep 2025,PO for Spares for PACU Testing,S.K.M. Air Conditioning L.L.C.,1250,AED
318,RFPO-6852-V40033-1,08 Sep 2025,"PO for Bolts, Nuts and Washers",Fastener Point LLC,9688,AED
319,RFPO-7039-V40023-1,08 Sep 2025,PO for Sika Waterbar,Petrocoat Construction Chemicals Trading LLC,65513,AED
320,RFPO-6542-V40043-1,08 Sep 2025,PO for Breakers,Kelly & Hayes Electrical Industrial & Plumbing Supplies,58.08,USD
321,RFPO-5829-V40034-1,04 Sep 2025,PO for Procurement Support Al Fikree - Penstocks for Triton Operational Facility,DUTCO TENNANT LLC,87744,AED
322,RFPO-7073-V40011-1,04 Sep 2025,PO for Vibration Hose,Puget Sound Pipe & Supply,59120.34,USD
323,RFPO-6705-S9103-1,04 Sep 2025,PO for Proficiency Sample Program (PSP) for Kwaj-lab,AASHTO re:source,665,USD
324,RFPO-7139-M4008-1,04 Sep 2025,PO forModel: F-150 Crew Cab Pickup – Short Bed Year: 2020 - Condition: Used VIN - 1FTEW1EB7LKE67798,Guam Autospot,34995,USD
325,RFPO-5532-V40081-1,04 Sep 2025,PO for Vinyl Tiles,ODORES METAL LLC,1504.7,USD
326,RFPO-5829-A5303-1,04 Sep 2025,PO for URGENT REQUEST FOR INTERNAL PAINT B M ULTRA SPEC 500 LATEX PRIMER GL,SAS express BUILDING MATERIALS TRADING LLC,2000,AED
327,RFPO-6746-V40026-1,04 Sep 2025,PO for Paints and coatings,The Sherwin-Williams Company,7273.8,USD
328,RFPO-6705-V40124-1,04 Sep 2025,PO for Metal studs and plastic items for the temporary protection,Tsang Brothers Corporation,764,USD
329,RFPO-5695-V40020-1,04 Sep 2025,PO for Threaded Rod for Pull Test,Fastener Point LLC,14150,AED
330,RFPO-5683-A5204-1,04 Sep 2025,PO for Door Glazing,QMI Building Metal Products Manufacturing LLC,2120,AED
331,RFPO-7139-V40040-1,03 Sep 2025,PO for Tarps &  Nylon rope,LOWES,4655.1,USD
332,RFPO-6705-V40123-1,03 Sep 2025,PO for OCAL PVC Coated Metal Conduits and Fittings ,Kelly & Hayes Electrical Industrial & Plumbing Supplies,27207.16,USD
333,RFPO-6705-V40122-1,03 Sep 2025,PO for Bitumastic Paint & SIKADUR 32,Dateline Exports Inc.,654.5,USD
334,RFPO-5829-V40035-1,03 Sep 2025,PO for Air Field Pavement - RMB Concrete Mix - as per approved  Provided Flexural Strength  - 4.5MPa@90D (OPC)-0.33W/Cto 0.37W/C,RMB Global Ready Mix Concrete Industries L.L.C S.P.C,1208480,AED
335,RFPO-7073-V40012-1,02 Sep 2025,PO for DI Pipes & fittings,Unitech Di Pipes & Fittings Mfg. LLC,7050.57,USD
336,RFPO-6705-M4101-4,02 Sep 2025,PO for Unit Substation - 186inch  W X 92inch H X60inch D,TURTLE,296301,USD
337,RFPO-6705-E6831-1,02 Sep 2025,PO for Outlet Boxes and Cover ,GRAYBAR ELECTRIC COMPANY INC,113.8258,USD
338,RFPO-7208-V40015-2,02 Sep 2025,PO for Emergency Eyewash & Shower,Dateline Exports Inc.,33839.75,USD
339,RFPO-7139-S9127-2,01 Sep 2025,PO for FORMWORK AND SCAFFOLDING SYSTEMS,Ozler Formwork and Scaffolding Systems (OZLER KALIP VE ISKELE SISTEMLERI A.S),202856.77,USD
340,RFPO-7139-S9131-2,01 Sep 2025,PO for FORMWORK AND SCAFFOLDING SYSTEMS,Ozler Formwork and Scaffolding Systems (OZLER KALIP VE ISKELE SISTEMLERI A.S),120213.98,USD
341,RFPO-7208-V40016-1,29 Aug 2025,PO for Metal Wall Louvers,INTEGRATED CONTRACTING SUPPLIERS,74306.29,USD
342,RFPO-6705-E6830-1,28 Aug 2025,PO for Cable Lugs,TIC LIGHT ELECTRICAL CORP,2797.24,USD
343,RFPO-6705-M4025-1,27 Aug 2025,PO for SANY 43m Concrete Pump Truck - Model: SYM5300THBFS 430C-10B,Evangel International Machinery Ltd.,160300,USD
344,RFPO-6705-E6829-1,27 Aug 2025,PO for Batch Plant Temporary Generator-Electrical Items,TIC LIGHT ELECTRICAL CORP,16014.17,USD
345,RFPO-6705-V40121-1,27 Aug 2025,PO for Medical Laboratory-Additional items,Humboldt Mfg Co,7239.25,USD
346,RFPO-7139-S9131-1,26 Aug 2025,PO for FORMWORK AND SCAFFOLDING SYSTEMS,Ozler Formwork and Scaffolding Systems (OZLER KALIP VE ISKELE SISTEMLERI A.S),105413.98,USD
347,RFPO-7139-E6818-1,25 Aug 2025,"PO for Main Distribution Board ,Panel Boards-ATCT Electrical for Temporary Power",AL GHANDI SWITCHGEARS INDUSTRY,16596.39,AED
348,RFPO-6542-V40042-1,25 Aug 2025,PO for Kitchen Sink and Fitting.,INTEGRATED CONTRACTING SUPPLIERS,1132,USD
349,RFPO-6705-E6828-1,25 Aug 2025,PO for MV and LC Terminal Lugs ,TIC LIGHT ELECTRICAL CORP,2192.91,USD
350,RFPO-1569-V4426-1,21 Aug 2025,PO for Plan Swift 11 Measurements & QTY Takeoff Software -  Perpetual License - Raunaque Afroz,Green Figure Technique,8200,AED
351,RFPO-6852-V40030-2,21 Aug 2025,"PO for Fuel Transfer Pump, Valves and Tank level & Pump Controls (with no deviations from original offer)",Jet Fuel Specialists LLC,226085.75,USD
352,RFPO-6852-V40031-2,21 Aug 2025,"PO for Fuel Transfer Pump, Valves and Controls (with deviations from original offer)",Jet Fuel Specialists LLC,85248.41,USD
353,RFPO-7139-M4102-1,21 Aug 2025,PO for Load Break Switch for 750KVA XFMR,"Jiangsu Ryan Electric Co.,Ltd",14000,USD
354,RFPO-7120-V40004-1,21 Aug 2025,PO for Disconnect Switches,Kelly & Hayes Electrical Industrial & Plumbing Supplies,6195.19,USD
355,RFPO-7039-V40021-1,20 Aug 2025,PO for Pulling Iron for Telecom Handhole,Crossweld Metal Trading Co.LLC,8184,USD
356,RFPO-7864-V40000-1,20 Aug 2025,PO for Rubber Base,Adelta Corporation,2737.99,USD
357,RFPO-6705-V40120-1,20 Aug 2025,PO for 1' Rigid Metal Conduits and Fittings  ,Kelly & Hayes Electrical Industrial & Plumbing Supplies,208.29,USD
358,RFPO-7139-S9130-1,19 Aug 2025,PO for Canopy Storage Shelter,BIG TOP SHELTERS,101700,USD
359,RFPO-1569-14592-1,19 Aug 2025,"PO for Supply & Installation - Fire Protection System for Unit 1807, One Lake Plaza, JLT,",EUROFIRE FIRE & SAFETY L.L.C,44000,AED
360,RFPO-6705-S9102-1,19 Aug 2025,PO for Services rendered by ACI Certified Lab Tech for MTC Lab Accreditation,Rodelio Morales,8000,USD
361,RFPO-5532-E6805-1,19 Aug 2025,PO for Additional Electrical Materials - Batchplant,Benfield Electric International Ltd.,9754.1,USD
362,RFPO-6718-E6807-1,19 Aug 2025,PO for Glands,WESCO Distribution Inc,7704,USD
363,RFPO-7073-V40010-1,19 Aug 2025,PO for Epoxy Adhesive,Dateline Exports Inc.,2035.46,USD
364,RFPO-5532-V40080-1,18 Aug 2025,PO for Material Request #MR-25 - MR - WireSaw Machine Parts and Consumables - Aldrin,"Zhengzhou Yugong Construction Machinery Co., Ltd.",860,USD
365,RFPO-5503-S9101-1,18 Aug 2025,PO for Pre-Shipment Inspection Aluminum windows and curtain walls,TUV SUD MIDDLE EAST LLC,710,USD
366,RFPO-7039-M4101-2,18 Aug 2025,PO for CONCRETE MIXER - PME-CM400 AND POWER WASHER - 3WZ-3600JN,"Wuxi Pinnacle Mechanical Equipment Co., Ltd.",3867,USD
367,RFPO-6705-V40028-2,18 Aug 2025,PO for Tools and Acessories ,MONJE,36151.89,USD
368,RFPO-7139-V4353-1,18 Aug 2025,PO for PORTABLE TOILET,FOSHAN SOEASY MODULAR HOUSING CO LTD,5850,USD
369,RFPO-7139-T1000-1,18 Aug 2025,PO for Custom Tools,AMERICANA SUPPLIERS,5176,USD
370,RFPO-5532-T1003-2,16 Aug 2025,PO for MR-49 - MR - Electrical Tools (FLUKE) for QC Department - Mark,Ali Asger & Brothers LLC,35440,AED
371,RFPO-6705-V40118-1,12 Aug 2025,PO for Receptacles and Devise Plates ,Kelly & Hayes Electrical Industrial & Plumbing Supplies,18.77,USD
372,RFPO-6705-V40119-1,12 Aug 2025,PO for SS316 Door and Frame,France Metal,2722,USD
373,RFPO-5695-V40018-1,12 Aug 2025,PO for Welding Rods,POWERFIT INDUSTRIAL PTE LTD,3062,SGD
374,RFPO-6852-E6801-2,12 Aug 2025,PO for Connectors and Pull box,WESCO Distribution Inc,15873.3,USD
375,RFPO-5503-A5205-1,11 Aug 2025,PO for Schüco ADS 80 FR60 fire-resistant fixed window with anodized (CO) finish and Pilkington Pyrostop 60-351 EI60 glazing,PETROUTSOS BROS LTD,19000,EURO
376,RFPO-5532-V4373-1,11 Aug 2025,PO for Material Request #MR-62 - MR- Additional Bed Bunk and Mattress - MCamp 2 - Rona,"Onmuse ( Suzhou ) Office Furniture Co.,Ltd",12780,USD
377,RFPO-7139-E6817-1,11 Aug 2025,Cable Rack and Rack arms ,WESCO Distribution Inc,8219.64,USD
378,RFPO-6952-V40021-2,11 Aug 2025,PO for Joint Sealant,Dateline Exports Inc.,4374.68,USD
379,RFPO-7139-V40038-1,08 Aug 2025,PO for Slags for Concrete Mix Design,SMITHBRIDGE GUAM,88358.05,USD
380,RFPO-5503-A5204-1,07 Aug 2025,"PO for •	Service: Provision of 3 skilled workers for detailed frame measurements •	Hourly Rate: €98.50/hour (net) •	Daily Estimate: o	3 workers × 8 hours/day × €98.50/hour = €2,364.00/da",SALZER GmbH,2364,EURO
381,RFPO-7098-E6802-2,07 Aug 2025,PO for Taxiway Lighting & Grommets,"Cooper Crouse-Hinds, LLC",141729.57,USD
382,RFPO-7139-S9101-1,07 Aug 2025,"PO for Quantity verification inspection for accommodation units, WC-shower containers, and laundry containers.",Modulus Metal San ve Tic Ltd Sti,700,USD
383,RFPO-7139-S9127-1,06 Aug 2025,PO for FORMWORK AND SCAFFOLDING SYSTEMS,Ozler Formwork and Scaffolding Systems (OZLER KALIP VE ISKELE SISTEMLERI A.S),179056.77,USD
384,RFPO-7039-V40019B-1,06 Aug 2025,PO for Cable Racks (Electrical and Telecom),"Underground Devices, Inc.",304337.8,USD
385,RFPO-6705-E6827-1,06 Aug 2025,PO for Additional PVC Conduits and Fittings for Building 729,WESCO Distribution Inc,2054.87,USD
386,RFPO-6705-V40117-1,06 Aug 2025,PO for Dayton Snap Ties and Wedges ,Dateline Exports Inc.,637.23,USD
387,RFPO-6705-E6826-1,05 Aug 2025,"PO for Main DB,Panel Boards-Batch Plant",AL GHANDI SWITCHGEARS INDUSTRY,101508.81,AED
388,RFPO-6705-M4024-1,05 Aug 2025,PO for Crusher and Screener + Screens,Komplet America,341376.2,USD
389,RFPO-6542-V40041-1,05 Aug 2025,Timer Switch and HOA Controller,INTEGRATED CONTRACTING SUPPLIERS,1657.99,USD
390,RFPO-6705-O2-1,05 Aug 2025,PO for Bluebeam Core Annual Subscription -  John Paul Ottarson,AllCAD Solutions LLC,925,AED
391,RFPO-5532-M4038-1,04 Aug 2025,PO for HELI 5ton dieselforklift CPCD50 - As per approved specification,Evangel International Machinery Ltd.,19974,USD
392,RFPO-5532-M4040-1,04 Aug 2025,PO for MEKA’s Installation Service for Concrete Batching Plants ,MEKA,9250,EURO
393,RFPO-7139-V40036-1,04 Aug 2025,PO for Mechanic Shop Tools,Dateline Exports Inc.,34935.9,USD
394,RFPO-7139-V40031-3,04 Aug 2025,PO for GPU25a Sheet Pile  & GPC 14 Corner pcs,"NANJING GRAND STEEL PILING CO.,LTD.",67454.4,USD
395,RFPO-5532-V40079-1,04 Aug 2025,PO for Concrete & Equipment Rental,BLACK CONSTRUCTION CORPORATION,109811.58,USD
396,RFPO-7139-V40035-1,04 Aug 2025,PO for BULK BAGS SKID LOT  ,Uline,2116.22,USD
397,RFPO-7139-V40037-1,04 Aug 2025,PO for HYDROTITE WATERSTOP  ,"SQUIRES LUMBER COMPANY, INC.",11335.69,USD
398,RFPO-7505-V40001-2,04 Aug 2025,PO for Rubber Base & Adhesive,Adelta Corporation,10168.2,USD
399,RFPO-6705-M4023-1,31 Jul 2025,PO for SANY 200ton all terrain crane SAC2000C8-8 - as per attached Documents,Evangel International Machinery Ltd.,396500,USD
400,RFPO-6705-M4104-2,31 Jul 2025,PO for 350 Kva Oil type Transformer for Batch Plant,"Jiangsu Ryan Electric Co.,Ltd",31200,USD
401,RFPO-6718-E6806-1,31 Jul 2025,PO for Additional Electrical Items,WESCO Distribution Inc,3897.67,USD
402,RFPO-5532-O2-1,31 Jul 2025,"PO for 2 units Lenovo E16 – (English Keyboard) Intel Core Ultra 7 255H, 32GB DDR5, 1TB SSD M.2, Integrated Graphics, 16.0 inch WUXGA",Midway Computer Trading L.L.C,6200,AED
403,RFPO-5532-V40078-2,31 Jul 2025,PO for Label Engraver,Leeds Services Co. Pte Ltd.,6470,USD
404,RFPO-6705-S9032-1,31 Jul 2025,PO for Electronic Marker Ball,ACP INTERNATIONAL,3522.32,USD
405,RFPO-6705-V40112-1,31 Jul 2025,PO for Diamond steel plates,Tsang Brothers Corporation,440,USD
406,RFPO-6705-E6825-1,31 Jul 2025,PO for (COSA & LSA)-Terminal lugs,TIC LIGHT ELECTRICAL CORP,10645.32,USD
407,RFPO-7139-E6816-1,31 Jul 2025,PO for (COSA & LSA)-Terminal lugs,TIC LIGHT ELECTRICAL CORP,8162,USD
408,RFPO-7120-V40002-1,31 Jul 2025,PO for CHD-KD3400,Kelly & Hayes Electrical Industrial & Plumbing Supplies,16616.26,USD
409,RFPO-6705-E6824-1,30 Jul 2025,PO for HUBBELL POLYMER HANDHOLE ,WESCO Distribution Inc,8856.48,USD
410,RFPO-7212-V40003-1,30 Jul 2025,PO for Unit Heater,INTEGRATED CONTRACTING SUPPLIERS,994,USD
411,RFPO-6705-V40114-1,30 Jul 2025,PO for SIKA 483GS782 WATERSTOP AND STEEL STAKES ,Dateline Exports Inc.,1092.07,USD
412,RFPO-6705-V40115-1,30 Jul 2025,PO for PVC Sch40 & Sch80 Fittings for LSA,American International Supply Inc.,25586.17,USD
413,RFPO-6705-V40116-1,30 Jul 2025,PO for SS316L Pulling Iron & Omega Channel for EMH,Crossweld Metal Trading Co.LLC,2199,USD
414,RFPO-6705-V40113-1,29 Jul 2025,PO for Mechanic Shop Tools List,Dateline Exports Inc.,23808.23,USD
415,RFPO-5532-M4039-1,29 Jul 2025,PO for Nissan Navara (8 Units Each) Accessories and  Maxus V80 Spare Parts,"FASTWIN GROUP CO.,LIMITED",3622.12,USD
416,RFPO-1569-O97-1,29 Jul 2025,PO for (3) RiB Candy iTWO Annual Subscriptions - MVL Dubai Office Proposal Team,RivYv Technologies,6810,USD
417,RFPO-6705-V4358-1,28 Jul 2025,PO for PVC Sheet & PVC Banner as per attached Designs,"HD Signs & Graphics, LLC",900,USD
418,RFPO-5828-O2-1,28 Jul 2025,PO for 2 UNITS Bluebeam Core Annual Subscription - Jonathan Clapper and Eric Van Gieson - Quotation Ref.SA393,AllCAD Solutions LLC,1850,AED
419,RFPO-7139-E6815-1,28 Jul 2025,"PO for LSA-Electrical PVC Coated Conduits & Fittings, Power & Lighting Devices",TIC LIGHT ELECTRICAL CORP,201791.22,USD
420,RFPO-6705-M4022-1,28 Jul 2025,PO for Duct Sealant,Kelly & Hayes Electrical Industrial & Plumbing Supplies,2976,USD
421,RFPO-6705-V40110-1,28 Jul 2025,PO for LSA-FRP board and accessories,LOWES,12329.31,USD
422,RFPO-6705-V40105-1,28 Jul 2025,PO for B729 substation room- Electrical items,Dateline Exports Inc.,8278.99,USD
423,RFPO-7139-V40034-1,28 Jul 2025,PO for Laboratory Signage ,Sign King Inc,220,USD
424,RFPO-5532-M4105-1,24 Jul 2025,PO for MR-26 MR  Batch Plant Waterline water connection Relon (Quotation No: 25072301),WATERcare PRODUCTS PTE. LTD.,2472.05,USD
425,RFPO-6705-O1-1,24 Jul 2025,PO for Bluebeam Core Annual Subscription - Dindo Ninal (Mechanical QC),AllCAD Solutions LLC,925,AED
426,RFPO-6705-E6823-1,24 Jul 2025,"PO for LSA -bolt ,nuts washer for terminal lugs",TIC LIGHT ELECTRICAL CORP,349,USD
427,RFPO-7139-E6814-1,24 Jul 2025,PO for ATCT LSA-Electrical Cables,TIC LIGHT ELECTRICAL CORP,66130.89,USD
428,RFPO-6705-V40111-1,24 Jul 2025,PO for DU-16-6- Non-Potable water warning Tape ,Kelly & Hayes Electrical Industrial & Plumbing Supplies,76.84,USD
429,RFPO-7139-V40033-1,24 Jul 2025,"PO for Warning Tapes for HV, Electric & Fiber Optic, ",Kelly & Hayes Electrical Industrial & Plumbing Supplies,230.52,USD
430,RFPO-6168-A5206-1,23 Jul 2025,PO for Master Key System,Lakshmi Metal Tech LLC,11080,AED
431,RFPO-7139-V40032-1,21 Jul 2025,PO for PLASTIC DRUM & BULK BAGS SKID LOT,Uline,2038.87,USD
432,RFPO-7139-E6813-1,21 Jul 2025,PO for Eaton-Dead break Elbow Connectors,"Shanghai Yonghui Electric Technology Co.,Ltd",1110,USD
433,RFPO-6705-V40108-1,21 Jul 2025,PO for LAB TESTING TOOLS AND EQUIPMENTS,Humboldt Mfg Co,11560,USD
434,RFPO-7120-S9102-1,21 Jul 2025,PO for TPI for CRAC Unit,TUV SUD MIDDLE EAST LLC,685,EURO
435,RFPO-6705-V40107-1,17 Jul 2025,SIMPSON STRONG BOLT AND SIKATOP SEAL ,Dateline Exports Inc.,2389.61,USD
436,RFPO-6852-V40032-1,16 Jul 2025,PO for Concrete / Equipment Supply And Testing (for June),BLACK CONSTRUCTION CORPORATION,82799.5,USD
437,RFPO-6952-V40014A-1,16 Jul 2025,PO for Metal Wall Louvers,INTEGRATED CONTRACTING SUPPLIERS,15881.7,USD
438,RFPO-5829-E6821-1,16 Jul 2025,PO for Al Fikree Procurement Support - Wires LSF and Heat Resistnat cables - MSC REF: MSD2500135,AL MOUSA CABLES CO. L.L.C,186760,AED
439,RFPO-6705-M4021-1,16 Jul 2025,PO for Spare Parts – FOTON 4x2 2-Ton Cargo Truck,Evangel International Machinery Ltd.,515,USD
440,RFPO-7073-V40008-1,16 Jul 2025,PO for Paints and Coatings F308,The Sherwin-Williams Company,3996.79,USD
441,RFPO-7139-V40031-1,16 Jul 2025,PO for GPU25a Sheet Pile  & GPC 14 Corner pcs ,"NANJING GRAND STEEL PILING CO.,LTD.",65984,USD
442,RFPO-6841-M4104-1,16 Jul 2025,PO for Technician for Startup & Commissioning of PACU Units,S.K.M. Air Conditioning L.L.C.,33600,USD
443,RFPO-7208-M4103-1,15 Jul 2025,PO for Exhaust Fans,JGB International General Trading LLC,153684,AED
444,RFPO-6705-V40106-1,15 Jul 2025,"Liquid Tight Conduits and Fittings, Warning Tapes & GROUND ROD CLAMP, PVC COATED BEND",Kelly & Hayes Electrical Industrial & Plumbing Supplies,1129.36,USD
445,RFPO-7073-V40009-1,15 Jul 2025,PO for Level Transducer,Keller America Inc.,1755.45,USD
446,RFPO-7139-V40030-1,15 Jul 2025,GEOMEMBRANE LINER & WEED CONTROL FABRIC,Dateline Exports Inc.,7065.73,USD
447,RFPO-6852-V40029-1,15 Jul 2025,PO for Hex Nuts & PTFE Washers,APP Manufacturing,881.52,USD
448,RFPO-6852-V40028-1,15 Jul 2025,PO for Epoxy Adhesive,Leeds Services Co. Pte Ltd.,4040,USD
449,RFPO-5532-V4372-1,14 Jul 2025,PO for Danace Aquino  - Plan Swift 11 Measurements & QTY Takeoff Software Perpetual Software License Ref. GFT/25-915,Green Figure Technique,8200,AED
450,RFPO-7139-E6812-1,14 Jul 2025,PO for Underground PVC Conduits Pipes and Fittings ,TIC LIGHT ELECTRICAL CORP,15458.73,USD
451,RFPO-7414-V4351-1,14 Jul 2025,PO for Logo Printing – Silver Vinyl Heat Transfer on back of safety vest,The Uniform World Tailoring and Textiles LLC,450,AED
452,RFPO-5193-V40016-1,14 Jul 2025,PO for LEAK TEST ONLY FOR PASC 55 - E 1774/0005 PASC 55,PETRA Air Conditioning Contracting Co,2000,AED
453,RFPO-7139-E6811-2,14 Jul 2025,PO for TE HVES-1521D(live end seal),Benfield Electric International Ltd.,6300,USD
454,RFPO-7139-E6811-1,11 Jul 2025,PO for TE HVES-1521D(live end seal),Benfield Electric International Ltd.,4900,USD
455,RFPO-1569-O95-1,10 Jul 2025,PO for INTTERNAL PO - Microsoft 365 GCC G5 - Annual Subscription Licenses (P1YA) - Pro-Rated(6/30/25-1/29/26) - 112147,Managed Solution LLC,1764.55,USD
456,RFPO-6705-V40102-1,10 Jul 2025,PO for LSA additional Electrical items,TIC LIGHT ELECTRICAL CORP,10088.73,USD
457,RFPO-6718-V40031-1,10 Jul 2025,PO for Primer (Part B),The Sherwin-Williams Company,4100.18,USD
458,RFPO-7139-E6810-1,10 Jul 2025,PO for Pull Line and  Fire Electric Tape,TIC LIGHT ELECTRICAL CORP,2637.58,USD
459,RFPO-6705-E6822-1,10 Jul 2025,PO for Termination Kits and Fire Tape,TIC LIGHT ELECTRICAL CORP,2621.97,USD
460,RFPO-7073-S9073-1,10 Jul 2025,PO for FRP Ladders,Stoncor Middle East LLC,68058,AED
461,RFPO-1569-O96-1,10 Jul 2025,PO for Ubiquiti UniFi Access G3 Starter Kit Pro,Kyoto Technologies,11650,AED
462,RFPO-7505-V40000-1,09 Jul 2025,PO for Door Threshold,ARB ALUMINIUM & GLASS LLC,4200,AED
463,RFPO-5828-O1-1,09 Jul 2025,PO for Bluebeam Core Commercial Single User Annual Subscription New license,AllCAD Solutions LLC,925,AED
464,RFPO-1569-V4425-1,09 Jul 2025,PO for Nayana Ragesh  - Plan Swift 11 Measurements & QTY Takeoff Software Perpetual Software License,Green Figure Technique,8200,AED
465,RFPO-5503-A5203-1,09 Jul 2025,"PO for FREE ISSUED - W2 Aluminum Window W1-F, W2-F",SALZER GmbH,13908,EURO
466,RFPO-6705-E6821-1,09 Jul 2025,PO for Greenlee crimping dies -Medical Clinic for shutdown use,TIC LIGHT ELECTRICAL CORP,1767.67,USD
467,RFPO-7139-E6809-1,09 Jul 2025,PO for Milwaukee crimping dies -ATCT for shutdown use,TIC LIGHT ELECTRICAL CORP,2784.34,USD
468,RFPO-5193-V40015-1,08 Jul 2025,"PO for VISIT FOR INSPECTION FIVE PASC UNIT & THREE PPH UNIT, FOUR SPLIT UNIT AND PETRA 20 4 UNITS ONLY",PETRA Air Conditioning Contracting Co,5500,SAR
469,RFPO-7139-V40029-1,07 Jul 2025,PO for TRAFFIC SIGNAGES ,Dateline Exports Inc.,7618.37,USD
470,RFPO-7120-S9101-1,07 Jul 2025,PO for TPI for CRAC Unit,TUV SUD MIDDLE EAST LLC,685,EURO
471,RFPO-6705-E6820-1,04 Jul 2025,PO for VLF-30CM Hipot Tester ,"High Voltage, Inc.",11615,USD
472,RFPO-5532-T1003-1,04 Jul 2025,PO for MR-49 - MR - Electrical Tools (FLUKE) for QC Department - Mark,Ali Asger & Brothers LLC,32540,USD
473,RFPO-6542-V40039-1,03 Jul 2025,PO for SS Sheet,"H&M Metal Crafters, LLC",1668,USD
474,RFPO-6705-V40104-1,03 Jul 2025,PO for PVC Sch40 Fittings for LSA ,American International Supply Inc.,33064.51,USD
475,RFPO-6852-V40027-2,03 Jul 2025,PO for SS Pipe,Isam Kabbani Trading LLC,5070,AED
476,RFPO-6718-V40027-2,03 Jul 2025,PO for Hangers & Supports (for Electrical),Isam Kabbani Trading LLC,7923.57,AED
477,RFPO-1005-V7232-1,03 Jul 2025,PO for Solar Panel,ASTRONERGY NEW ENERGY TECHNOLOGY(SINGAPORE)PTE.LTD.,70848,USD
478,RFPO-7139-E6807-1,02 Jul 2025,PO for ATCT shutdown - balance materials,WESCO Distribution Inc,2804,USD
479,RFPO-6705-E6819-1,02 Jul 2025,PO for LSA Electrical- MV CABLES,WESCO Distribution Inc,8087.269982,USD
480,RFPO-6705-V40079-2,02 Jul 2025,Core fill Grout,The Quikrete Companies,78045.42,USD
481,RFPO-6718-V40029-1,02 Jul 2025,PO for GFME Items - Equipment,Jet Fuel Specialists LLC,65019.91,USD
482,RFPO-6718-V40030-1,02 Jul 2025,PO for GFME Items - Filter Materials,Jet Fuel Specialists LLC,13538.79,USD
483,RFPO-7212-V40002-1,02 Jul 2025,PO for Gotcha Rescue kit,T S S TRADING L.L.C,5500,AED
484,RFPO-7139-V40027-1,02 Jul 2025,PO for COSA-Lug Terminal,Kelly & Hayes Electrical Industrial & Plumbing Supplies,875.9,USD
485,RFPO-6705-V40103-1,02 Jul 2025,PO for WIRE TIES ,Dateline Exports Inc.,2495.13,USD
486,RFPO-7139-V40028-1,02 Jul 2025,PO for WIRE TIES ,Dateline Exports Inc.,4133.48,USD
487,RFPO-7139-V40026-1,01 Jul 2025,PO for ATCT-Tools,HOME DEPOT USA,5015.3,USD
488,RFPO-5829-V40033-1,01 Jul 2025,PO for 150x150x600mm Mild Steel Beam Mould - as per approved material and dimension,AKSHTECH TRADING W.L.L,3900,BHD
489,RFPO-7208-V40014-1,01 Jul 2025,PO for Ductwork and Accessories,Leminar Air Conditioning Industries L.L.C,64412.4568,USD
490,RFPO-6705-E6818-1,01 Jul 2025,PO for COPPER WIRE ,TIC LIGHT ELECTRICAL CORP,1582,USD
491,RFPO-6718-V40028-1,01 Jul 2025,PO for HSS for Electrical Supports,Hidayath Heavy Industry LLC,3497,USD
492,RFPO-5532-S9084-1,01 Jul 2025,PO for Smoke Detector and Base,SUMMIT FIRE CONSULTING (SFC),10650,USD
493,RFPO-6705-V40101-1,30 Jun 2025,PO for SS304 welded wire mesh,Tsang Brothers Corporation,490,USD
494,RFPO-7027-V40009-1,30 Jun 2025,PO for Acoustic Ceiling Tiles,ODORES METAL LLC,3991.14,USD
495,RFPO-5532-M4037-1,30 Jun 2025,PO for Dongfeng 190HP Truck Mounted with XCMG 6.3 Ton Crane - DG and Spare Parts with Tires,Evangel International Machinery Ltd.,46852,USD
496,RFPO-7208-V40013-1,30 Jun 2025,PO for PVC Coated rigid metallic pipes & fittings,AL BAHRI AND AL MAZROEY TRADING COMPANY - L.L.C,207794.81,AED
497,RFPO-5683-O1-1,26 Jun 2025,PO for Sensing Edge for Overhead Coiling Doors,TECHTRADE MIDDLE EAST,2150,USD
498,RFPO-7208-V40012-1,26 Jun 2025,PO for Skylights,"Solatube International, Inc.",39631.78,USD
499,RFPO-6705-V40100-1,26 Jun 2025,PO for IPEX Ring Tite Pipe and GPK Fittings ,HOLBROOK PIPE SUPPLY INC.,4457.58,USD
500,RFPO-6680-A5201-1,25 Jun 2025,PO for Lightweight Steel Door,Lakshmi Metal Tech LLC,2850,AED
501,RFPO-6705-M4020-1,25 Jun 2025,"PO for One spare set (8 tires) for the 15-ton wheel excavator, model JH9150, tire model 9.00-20",Evangel International Machinery Ltd.,3320,USD
502,RFPO-6705-E6817-1,25 Jun 2025,PO for LSA-Terminal lugs for  HV Switch for Transformer,TIC LIGHT ELECTRICAL CORP,1272,USD
503,RFPO-6746-M4107-1,25 Jun 2025,PO for Additional PVC fittings,Harrington Industrial Plastics LLC,338.18,USD
504,RFPO-7120-S9100-1,25 Jun 2025,PO for TPI for CRAC Unit,TUV SUD MIDDLE EAST LLC,685,EURO
505,RFPO-1569-14361-1,24 Jun 2025,"PO for 1806 Option 2: Submit a separate application for Unit #1806, focusing solely on drawing preparation and necessary approvals",Keen Eye Technical Services LLC,15000,AED
506,RFPO-6705-E6816-1,24 Jun 2025,PO for LSA and COSA -Electrical Additional Items,TIC LIGHT ELECTRICAL CORP,8610,USD
507,RFPO-7039-V40020-1,24 Jun 2025,PO for NEW UN APPROVED - 1000 L INTERMEDIATE BULK CONTAINER (IBC),Leeds Services Co. Pte Ltd.,1400,USD
508,RFPO-7139-E6806-1,24 Jun 2025,PO for Smart Rock 3ER Wireless sensor,Giatec Scientific Inc,3430,USD
509,RFPO-7039-V40020-2,24 Jun 2025,PO for NEW UN APPROVED - 1000 L INTERMEDIATE BULK CONTAINER (IBC),Leeds Services Co. Pte Ltd.,1580,USD
510,RFPO-7208-V40011-1,24 Jun 2025,PO for Access Doors,"Acudor Products, Inc.",6684,USD
511,RFPO-7139-M4007-1,24 Jun 2025,PO for HULL 500 Series 500-Gallon Fuel Trailer AS PER ATTACHED QUOTATION,Hull Welding,17710,USD
512,RFPO-6705-E6815-1,23 Jun 2025,PO for Panelboard for LAB,AL GHANDI SWITCHGEARS INDUSTRY,11005.52,AED
513,RFPO-6705-V40097-1,23 Jun 2025,PO for COSA materials,HOME DEPOT USA,2601.8,USD
514,RFPO-6705-M4019-1,23 Jun 2025,PO for Rain cover Oxford cloth + transparent pvc,"Henan XunHu Equipment Co., Ltd",800,USD
515,RFPO-6705-V40098-1,23 Jun 2025,PO for HYDROTITE WATERSTOP WITH ADHESIVE,Dateline Exports Inc.,10783.04,USD
516,RFPO-6705-V40099-1,23 Jun 2025,5GAL WB CURE AND SEAL + SURFACE GRIP & SPECHARD INTRASEAL,"White Cap Supply Holdings, LLC",843.287,USD
517,RFPO-5532-M4036-1,20 Jun 2025,PO for MR-48 - Mettler Toledo Mild steel Floor Scale PFA220-EE3000 with IND231 Ref - 00005671 SI/OEM,SCALES GLOBAL TRADING LLC,6500,AED
518,RFPO-6705-E6814-2,20 Jun 2025,PO for Live End Cap - TE HVES-1521D,WESCO Distribution Inc,1394.22,USD
519,RFPO-5532-V40077-1,19 Jun 2025,PO for Cement and Aggregates for Concrete Design Mix  - REF - QU-0653,Leeds Services Co. Pte Ltd.,333.14,USD
520,RFPO-7039-M4101-1,18 Jun 2025,PO for CONCRETE MIXER - PME-CM400 AND POWER WASHER - 3WZ-3600JN,"Wuxi Pinnacle Mechanical Equipment Co., Ltd.",3682,USD
521,RFPO-5532-M4034-1,18 Jun 2025,PO for  Hypertherm Equipment and  Accessories - X-035 - X-048 and X-025 - AA - Jeff Lumapag   ,Spectrum Welding Mat. Tr. LLC,25480,AED
522,RFPO-7139-V40025-1,18 Jun 2025,PO for SDR35 Pipes and Fittings for Sanitary Sewer ,HOLBROOK PIPE SUPPLY INC.,3286.138,USD
523,RFPO-6705-E6814-1,18 Jun 2025,PO for Live End Cap - TE HVES-1521D ,WESCO Distribution Inc,1045.665,USD
524,RFPO-6705-M4104-1,18 Jun 2025,PO for 350 Kva Dry type Transformer for Batch Plant,"Jiangsu Ryan Electric Co.,Ltd",15650,USD
525,RFPO-7139-V40023-1,18 Jun 2025,PO for LSA -Water & Sewer Items ,Tsang Brothers Corporation,33450.85,USD
526,RFPO-7039-M4000-1,18 Jun 2025,PO for Miller BIG BLUE 450 DUO CST with Trailer & Accessories,Abdullah Hashim Industrial Gases & Equipment Co. Ltd.,144816,AED
527,RFPO-6705-M4018-2,17 Jun 2025,PO For Henan Xun HU Gulf carts - Spare Parts,"Henan XunHu Equipment Co., Ltd",1498.5,USD
528,RFPO-5829-A5302-1,17 Jun 2025,"PO for Free Issued - Interior Paints  - Pump House and Facility D – 1,087 sqm",SAS express BUILDING MATERIALS TRADING LLC,53820,AED
529,RFPO-6705-E6813-1,17 Jun 2025,PO for LSA-Electrical Additional Items,TIC LIGHT ELECTRICAL CORP,10303.76,USD
530,RFPO-5532-M4035-1,17 Jun 2025,PO for Elcometer Machine and Accessories,Elcometer L.L.C.,26688,AED
531,RFPO-7139-V40024-1,17 Jun 2025,WARNING TAPE ,Kelly & Hayes Electrical Industrial & Plumbing Supplies,753.86,USD
532,RFPO-6705-V40096A-1,17 Jun 2025,PO for Circuit Breaker and Warning Tape,Kelly & Hayes Electrical Industrial & Plumbing Supplies,377.36,USD
533,RFPO-6705-V40094-1,16 Jun 2025,PO for Fire Extinguisher,"White Cap Supply Holdings, LLC",9610.6,USD
534,RFPO-6705-M4018-1,16 Jun 2025,PO For Henan Xun HU Gulf carts - Spare Parts,"Henan XunHu Equipment Co., Ltd",2148.5,USD
535,RFPO-6705-V40071-2,16 Jun 2025,PO for Scaffolding Accessories,"Rapid Scaffolding (Engineering) Co., Ltd",22637.69,USD
536,RFPO-6705-V40095-1,16 Jun 2025,PO for LSA-Interlocking Vinyl Tiles with Transition Strips,Carpet Masters & The Shutter Factory,56212.28,USD
537,RFPO-1569-14326-1,16 Jun 2025,PO for Dubai Civil Defence (DCD) submission drawing preparation and approval service charge.,Keen Eye Technical Services LLC,3500,AED
538,RFPO-5193-V40014-1,13 Jun 2025,PO for DOOR HARDWARE SET   AL KHARJ - REF - NAFF/EXP/ADD/151020,NATIONAL FIRE FIGHTING MANUFACTURING FZCO,898,USD
539,RFPO-7139-E6805-2,12 Jun 2025,"PO for Panel Boards, Distribution Boards and Main DB-LSA Facility",AL GHANDI SWITCHGEARS INDUSTRY,249546.43,AED
540,RFPO-5532-V40073-1,12 Jun 2025,"PO for IT Materials (DIEGO GARCIA PROJECT, TASK NO.-Mancamp) - Q-X3550-R1",Extol International FZC,87342.65,AED
541,RFPO-7039-V40019A-1,12 Jun 2025,PO for Cable Rack,"Underground Devices, Inc.",386978,USD
542,RFPO-5532-V40075-1,12 Jun 2025,PO for Used 40-Foot SOC Containers HC,Leeds Services Co. Pte Ltd.,49950,USD
543,RFPO-6646-S9100A-1,12 Jun 2025,PO for Electrical works,"Carswell Brothers Services, INC.",18532,USD
544,RFPO-6705-E6812-1,12 Jun 2025,PO for LSA-Hilti Additional Items,TIC LIGHT ELECTRICAL CORP,6069.8,USD
545,RFPO-5829-E6819-1,12 Jun 2025,PO for AL FIKREE - PROCUREMENT SUPPORT -  Explosion Proof Wiring Accessories,Excel Electricity Transmission Apparatus Installation LLC,302940,AED
546,RFPO-5829-E6820-1,12 Jun 2025,PO for AL FIKREE PROCUREMENT SUPPORT - Conduit Sealing Fittings and Sealing Compounds - Ref.:E2025000425,Excel Electricity Transmission Apparatus Installation LLC,9695.76,AED
547,RFPO-6705-V40092-1,11 Jun 2025,PO for WASH SAND WITH SLING BAG,"Pacific International, Inc",5316,USD
548,RFPO-7414-P4800-2,11 Jun 2025,PO for Personal Protective Equipment (PPE) for projects in Lebanon,FARNAS GENERAL TRADING LLC,2773,AED
549,RFPO-6705-V40093-1,11 Jun 2025,PO for ASTM testing for CMU masonry blocks & soil testing for Batch Plant,"Geo-Engineering & Testing, Inc",2890.16,USD
550,RFPO-7139-V4352-1,11 Jun 2025,PO for Appliances for Living Units ,"Onmuse ( Suzhou ) Office Furniture Co.,Ltd",42500,USD
551,RFPO-5532-V40074-1,11 Jun 2025,"PO for Drain Pipes (DIEGO GARCIA PROJECT, TASK NO.-Mancamp) - QT-4020326 REV-02",CRESCO MIDDLE EAST TRADING L.L.C,13118.5,AED
552,RFPO-6705-V40091-1,10 Jun 2025,"PO for PRESHIPMENT INSPECTION AS PER LIST PROVIDED - MARSHALL ISLANDS HEAVY MACHINES AND EQUIPMENTS WITH SPARE PARTS - -JFV640506, JFV640534, JFV640583, JFV569388, JFV640583",V-Trust Inspection Service Co. Ltd.,1608,USD
553,RFPO-7139-M4005-2,10 Jun 2025,PO for TRAILER GVWR 12000 - FAW-6K-20D -,"Kaufman Trailers, LLC",6720,USD
554,RFPO-7139-E6801A-1,10 Jun 2025,PO for ATCT COSA Electrical,TIC LIGHT ELECTRICAL CORP,69268.44,USD
555,RFPO-1569-O94-1,10 Jun 2025,"PO for Microsoft 365 GCC G5 (Governmental Community Cloud Pricing) (Invoices 111336, 110731, and 109824)",Managed Solution LLC,12505.07,USD
556,RFPO-6705-V40076-2,10 Jun 2025,PO for HDPE Corrugated Pipe and Fittings,HOLBROOK PIPE SUPPLY INC.,20888.98,USD
557,RFPO-7139-V40022-1,10 Jun 2025,PO for EPS39 GEOFOAM,Dateline Exports Inc.,3603.6,USD
558,RFPO-7139-V40022-2,10 Jun 2025,PO for EPS39 GEOFOAM,Dateline Exports Inc.,3694.51,USD
559,RFPO-1005-M7109-1,09 Jun 2025,PO for CLIN 0001 - FCX Solid State Frequency Converter.,OILTRAK SERVICES LLC,1445527.94,USD
560,RFPO-6542-V40036-2,04 Jun 2025,PO for Roofing Materials (Non Hazardous Items),HEELY-BROWN COMPANY,17360.66,USD
561,RFPO-7039-V40017-1,04 Jun 2025,PO for Anchor bolts and Plumbing support,Isam Kabbani Trading LLC,8622.58,AED
562,RFPO-5532-V40072-1,04 Jun 2025,PO for EXHAUST FAN  HS CODE:  8414609090,"ShanDong JinDun Energy Conservation&Environmental Protection Equipment Co., Ltd.",2838,USD
563,RFPO-7039-V40018-1,04 Jun 2025,PO for PULLING IRON ,Crossweld Metal Trading Co.LLC,13710.08,USD
564,RFPO-6705-V40090-1,04 Jun 2025,PO for COMMON NAIL,Tsang Brothers Corporation,360,USD
565,RFPO-6705-V40089-1,04 Jun 2025,PO for Spray Paint,HOME DEPOT USA,399.9,USD
566,RFPO-7139-E6805-1,04 Jun 2025,"PO for Panel Boards, Distribution Boards and Main DB-LSA Facility ",AL GHANDI SWITCHGEARS INDUSTRY,245296.43,AED
567,RFPO-7139-E6804-1,04 Jun 2025,PO for Panel Distribution Board -COSA Facility ,AL GHANDI SWITCHGEARS INDUSTRY,15520.39,AED
568,RFPO-7139-M4006-1,04 Jun 2025,PO for AIR COMPRESSOR,"HANGZHOU CAIFULL PRECISION MACHINERY CO., LTD",15714,USD
569,RFPO-7139-S9031-1,04 Jun 2025,PO for Heavy Duty Canopy with heavy-duty rope and U bolt,"Foshan LiTong FanPeng Co., LTD",2522.14,USD
570,RFPO-7414-P4800-1,04 Jun 2025,PO for Personal Protective Equipment (PPE) for projects in Lebanon,FARNAS GENERAL TRADING LLC,3123,AED
571,RFPO-5829-V40031-1,04 Jun 2025,PO for Candor Procurement Support - SUPPLY OF DOWEL BARS,Unitech Di Pipes & Fittings Mfg. LLC,36886.1,AED
572,RFPO-7039-V40019-1,04 Jun 2025,PO for Cable Rack,"Underground Devices, Inc.",305360,USD
573,RFPO-5829-R1509-1,04 Jun 2025,PO for Nissan Sunny 1.5L SV SY2 2023 ExFleet - 3 months rental,Diamondlease LLC,4965,AED
574,RFPO-5829-E6818A-1,03 Jun 2025,PO for LV Cables,Dubai Cable Company (Private) Limited,3970108.389,AED
575,RFPO-7139-M4005-1,03 Jun 2025,PO for TRAILER GVWR 12000 - FAW-6K-20D -,"Kaufman Trailers, LLC",5720,USD
576,RFPO-6746-M4106-1,03 Jun 2025,PO for Additional PVC Fittings,Harrington Industrial Plastics LLC,3147.84,USD
577,RFPO-7139-E6801-1,03 Jun 2025,PO for ATCT COSA Electrical,TIC LIGHT ELECTRICAL CORP,66586.69,USD
578,RFPO-7139-E6803-1,03 Jun 2025,PO for Live End Seal - TE HVES-1521D,WESCO Distribution Inc,3136.995,USD
579,RFPO-7039-V40011-2,02 Jun 2025,PO for Fire Extinguishers,Leeds Services Co. Pte Ltd.,2560,USD
580,RFPO-6852-V40025-1,02 Jun 2025,PO for Fuel Impermeable Liner,Arabian Environmental Construction Company (AEC),28857,USD
581,RFPO-6852-V40026-1,02 Jun 2025,PO for Tech Rep & Site Supervisor for installation support,Arabian Environmental Construction Company (AEC),53000,USD
582,RFPO-5532-V40066-1,29 May 2025,PO for Aggregates and Cement - June Vessel,Leeds Services Co. Pte Ltd.,154050,USD
583,RFPO-5532-V40071-1,29 May 2025,PO for Additional laboratory tools (for Concrete Laboratory),Humboldt Mfg Co,60581.75,USD
584,RFPO-5695-V40017-1,29 May 2025,PO for Hardware,POWERFIT INDUSTRIAL PTE LTD,20876.06,SGD
585,RFPO-7039-E6806-1,29 May 2025,PO for Grounding and Pullrope,WESCO Distribution Inc,98527.97,USD
586,RFPO-6705-V40087-1,29 May 2025,PO for  COSA roofing materials,HOME DEPOT USA,1378.1,USD
587,RFPO-6705-V40086-1,29 May 2025,PO for RSC Conduits and Fittings ,Kelly & Hayes Electrical Industrial & Plumbing Supplies,18825.96,USD
588,RFPO-6705-V40088-1,29 May 2025,PO for PVC DWV pipe and Fittings for Sanitary & Storm Water under SOG,American International Supply Inc.,22460.08,USD
589,RFPO-7208-M4102-1,29 May 2025,PO for Ball Valve ,Morex Inc.,1012.36,USD
590,RFPO-7039-V40016-1,28 May 2025,PO for Anchor bolts,Fastener Point LLC,5446.2,AED
591,RFPO-7039-E6805-1,27 May 2025,PO for Spacers(Telecom),Bahra Advanced Cable Manufacture Co. Ltd.,139825,SAR
592,RFPO-5532-V40067A-1,26 May 2025,PO for Electrical Materials,Kelly & Hayes Electrical Industrial & Plumbing Supplies,6776.7955,USD
593,RFPO-5581-A5202-1,26 May 2025,PO for Non tempered Glass,Lakshmi Metal Tech LLC,2300,AED
594,RFPO-7044-E6800-1,26 May 2025,PO for Panel Board,Benfield Electric International Ltd.,10468,USD
595,RFPO-7208-V40009-1,26 May 2025,PO for Ground  Items,Extol International FZC,1044,AED
596,RFPO-7208-V40010-1,26 May 2025,PO for Electrical Materials,Kelly & Hayes Electrical Industrial & Plumbing Supplies,46743.76,USD
597,RFPO-1569-14069-2,24 May 2025,"PO for FITOUT -  MVL OFFICE 1804, 1805, 1806 and 1807",Keen Eye Technical Services LLC,113265,AED
598,RFPO-7039-V40013-2,22 May 2025,PO for Pad Mounted Transformer,Larson Electronics LLC,96651.74,USD
599,RFPO-6705-V40084-1,22 May 2025,Harger Ground Rod and Accessories ,Kelly & Hayes Electrical Industrial & Plumbing Supplies,2236.48,USD
600,RFPO-7139-V40020-1,22 May 2025,PO for Office Furniture - ATCT LSA,Al Seham Furniture LLC,72692,AED
601,RFPO-7073-V40007-1,22 May 2025,PO for Bolts and Nuts,Fastener Point LLC,9249.44,AED
602,RFPO-7139-V40021-1,22 May 2025,3.5GAL TRI-POXY COATED STEEL CONCRETE SPRAYER,"White Cap Supply Holdings, LLC",414.24,USD
603,RFPO-7039-V40015-1,22 May 2025,PO for Concrete Mix - Design & Testing,Element Construction Testing (S) Pte. Ltd.,76825,SGD
604,RFPO-5695-V40016-1,22 May 2025,PO for Pulley for Wiresaw Machine,"Zhengzhou Yugong Construction Machinery Co., Ltd.",973,USD
605,RFPO-6705-V40085-1,22 May 2025,PO for Gray Iron Cover and Frame ,INDIGO PIPING SYSTEMS,1218.44,USD
606,RFPO-7208-M4101-1,21 May 2025,PO for PVC pipes and fittings,Harrington Industrial Plastics LLC,787.2,USD
607,RFPO-7039-E6802B-1,21 May 2025,PO for MV CABLES,Oman Cables Industry (SAOG),1781949.568,USD
608,RFPO-7039-V40014-1,21 May 2025,PO for PVC Pipes & Fittings - for Telecom,National Plastic & Building Material Industries LLC,537139,AED
609,RFPO-7039-E6804-1,21 May 2025,PO for Conduit Sealant and Tool,WESCO Distribution Inc,23794.81,USD
610,RFPO-6718-V40026-1,21 May 2025,PO for Primer for external use on CS pipes,The Sherwin-Williams Company,1009.52,USD
611,RFPO-6705-V40083-1,20 May 2025,PO for Vinyl Tile for Medical Clinic Concrete Laboratory,Builders Choice,5613,USD
612,RFPO-6718-S9104-1,20 May 2025,PO for Concrete Supply & Material Testing,BLACK CONSTRUCTION CORPORATION,126766.3,USD
613,RFPO-7073-V40006-1,19 May 2025,PO for Exterior Metal Ladders,SkyHigh Ladders & Guardrails Inc.,22061,USD
614,RFPO-7208-V40008-1,19 May 2025,PO for Sika Anchor fix 3001,Leeds Services Co. Pte Ltd.,4175,USD
615,RFPO-7098-E6802-1,19 May 2025,PO for Taxiway Lighting ,"Cooper Crouse-Hinds, LLC",141409.57,USD
616,RFPO-6705-E6806-2,15 May 2025,PO for LSA-Electrical Items,WESCO Distribution Inc,194759.24,USD
617,RFPO-7039-V40010-1,15 May 2025,PO for Manhole Frames and Covers,Unitech Di Pipes & Fittings Mfg. LLC,65800.32,USD
618,RFPO-7139-V40019-1,14 May 2025,PO for Epoxy Coated Rebar,Nucor Rebar Fabrication,143074,USD
619,RFPO-6705-V40082-1,14 May 2025,MarMac Butyl Sealant,Dateline Exports Inc.,703.12,USD
620,RFPO-7139-V40018-1,14 May 2025,PO for Stego Wrap,"STEGO INDUSTRIES, LLC",8640,USD
621,RFPO-6705-V40080-1,14 May 2025,PO for W R MEADOWS EXPANSION JOINT,Dateline Exports Inc.,11924.25,USD
622,RFPO-6542-V40038-1,14 May 2025,PO for Roofing Materials (Hazardous),HEELY-BROWN COMPANY,13660.62,USD
623,RFPO-6705-V40081-1,14 May 2025,PO for 1585-01 Non-Shrink Grout ,The Quikrete Companies,787.88,USD
624,RFPO-5532-V40065-1,14 May 2025,PO for SS Drains,Leeds Services Co. Pte Ltd.,485,USD
625,RFPO-6705-E6811-1,13 May 2025,PO for LSA-Electrical Additional Items,TIC LIGHT ELECTRICAL CORP,50693.25,USD
626,RFPO-6705-V40079-1,13 May 2025,Core fill Grout,The Quikrete Companies,71765.9,USD
627,RFPO-6841-V40017-1,12 May 2025,PO for Conduit & coupler,AL BAHRI AND AL MAZROEY TRADING COMPANY - L.L.C,23846.08,AED
628,RFPO-6705-E6808B-1,12 May 2025,"PO for EMT Conduits & Fittings, Wires, tools etc. - COSA",TIC LIGHT ELECTRICAL CORP,63913.311,USD
629,RFPO-6705-V40076-1,12 May 2025,PO for HDPE Corrugated Pipe and Fittings ,HOLBROOK PIPE SUPPLY INC.,20770.5396,USD
630,RFPO-7073-V40005-1,12 May 2025,PO for Guardrail System,SkyHigh Ladders & Guardrails Inc.,21065,USD
631,RFPO-7208-V40007-1,12 May 2025,PO for Conduit Supports (fort Electrical),Matco Industries LLC,64612,AED
632,RFPO-6705-V40078-1,12 May 2025,NEMA-4X Junction Box and Warning Tape,Kelly & Hayes Electrical Industrial & Plumbing Supplies,2146.25,USD
633,RFPO-6746-V40024-2,09 May 2025,PO for Backer Rods,Leeds Services Co. Pte Ltd.,655,USD
634,RFPO-6542-V40035-1,09 May 2025,PO for Greenheck Digital wall timer switch.,INTEGRATED CONTRACTING SUPPLIERS,345,USD
635,RFPO-7044-V40001-1,09 May 2025,PO for Electrical Materials,Kelly & Hayes Electrical Industrial & Plumbing Supplies,1226.82,USD
636,RFPO-7139-M4004-1,08 May 2025,PO for ATCT -Concrete Buckets for Crane,Bigfoot Crane Company USA Inc,15820.02,USD
637,RFPO-6705-V40075-1,08 May 2025,"PO for Admixtures, Aggregates & Cements ",SMITHBRIDGE GUAM,375468.128,USD
638,RFPO-6705-E6806-1,08 May 2025,PO for LSA-Electrical Items,WESCO Distribution Inc,194756.58,USD
639,RFPO-7139-V40017-1,08 May 2025,PO for Traffic Sign Boards,Dateline Exports Inc.,5987.65,USD
640,RFPO-7039-V40008-1,08 May 2025,PO for PVC Pipes & Fittings (2nd Lot),National Plastic & Building Material Industries LLC,939350.29,AED
641,RFPO-6746-V40025-1,08 May 2025,PO for Plumbing Fittings,Puget Sound Pipe & Supply,576.99,USD
642,RFPO-6705-V40073-1,07 May 2025,PO for COSA Electrical PVC mouldings,HOME DEPOT USA,2344.44,USD
643,RFPO-6705-V40074A-1,07 May 2025,PO for COSA-Concrete Lab materials,HOME DEPOT USA,25042.76,USD
644,RFPO-6705-V40066A-1,07 May 2025,"PO for CMU Blocks, Mortar & Admixture for Mortar","Angelus Block CO.,INC.",130616.997,USD
645,RFPO-6746-V40023-1,07 May 2025,PO for Joint Sealants and Primer,"White Cap Supply Holdings, LLC",3479.49,USD
646,RFPO-6705-E6808A-1,06 May 2025,"PO for EMT Conduits & Fittings, Wires, tools etc. - COSA",TIC LIGHT ELECTRICAL CORP,70464.411,USD
647,RFPO-6705-E6810-1,06 May 2025,"PO for COSA-PVC Schd. 80 , Fittings, Consumables & Tools",TIC LIGHT ELECTRICAL CORP,15187.46,USD
648,RFPO-7139-V40016-1,06 May 2025,"	Preparation of Detailed shop drawing along with BBS ",Nucor Rebar Fabrication,30935,USD
649,RFPO-6705-V40072-1,05 May 2025,PO for ELEC PULLING TOOLS,MONJE,8457.38,USD
650,RFPO-7139-V40015-1,05 May 2025,PO for ATCT-Steel Plates ,Tsang Brothers Corporation,5290,USD
651,RFPO-7212-V40001-1,05 May 2025,PO for Exhaust Fans,INTEGRATED CONTRACTING SUPPLIERS,20761.48,USD
652,RFPO-6705-E6809-1,05 May 2025,PO for Fireproof Tape and Pull Line,TIC LIGHT ELECTRICAL CORP,8893.7,USD
653,RFPO-7039-E6802A-1,05 May 2025,PO for MV CABLES,Oman Cables Industry (SAOG),1963585.76,USD
654,RFPO-7027-V40008-1,05 May 2025,PO for Hangers & Supports (for Electrical),Isam Kabbani Trading LLC,48770.7,AED
655,RFPO-7098-E6801-1,02 May 2025,PO for Conduits and Grounding,WESCO Distribution Inc,12291.36,USD
656,RFPO-7098-E6800-1,01 May 2025,PO for Cables,Oman Cables Industry (SAOG),6120.72,USD
657,RFPO-5532-V40064-1,01 May 2025,PO for BUSHING ITCC RB1075,Extol International FZC,222,AED
658,RFPO-6746-E6801-1,01 May 2025,PO for LB fitting,Benfield Electric International Ltd.,507.8,USD
659,RFPO-7039-S9100-1,01 May 2025,PO for Third Party Inspection of Galvanized rebar,TUV SUD MIDDLE EAST LLC,140,USD
660,RFPO-1005-S9107-1,01 May 2025,PO for Third Party Inspection of Epoxy rebar,TUV SUD MIDDLE EAST LLC,140,USD
661,RFPO-1569-O93-1,01 May 2025,PO for Office 1803 (operational):Electrical and Data points: 12 Removing current all electrical data points Re-termination of power points and data points Fixing electrical & data points under thetabl,Kyoto Technologies,60000,AED
662,RFPO-7073-V40004-1,01 May 2025,PO for Level Sight Indicator,FILPRO SENSORS PVT.LTD,3159,USD
663,RFPO-7039-E6803-1,01 May 2025,PO for Pad Mounted Switchgear,Eaton FZE,2995518,AED
664,RFPO-5829-E6818-1,30 Apr 2025,PO for LV Cables,Dubai Cable Company (Private) Limited,3844669.373,AED
665,RFPO-7139-V40014-1,29 Apr 2025,PO for Hilti Tools & Accessories,TOOLS PLUS,12264.88,USD
666,RFPO-5532-M4032-1,29 Apr 2025,PO for Leg Cylinder Seal. PART # 860568548 for XCMG Truck Mounted Crane.,Evangel International Machinery Ltd.,325,USD
667,RFPO-6705-V40071-1,29 Apr 2025,PO for Scaffolding Accessories ,"Rapid Scaffolding (Engineering) Co., Ltd",22637.69,USD
668,RFPO-1569-V4268-1,28 Apr 2025,PO for SUPPLY AND INSTALLATION OF OFFICE FURNITURES 1804 1805 and 1807,BLUE CROWN FURNITURE (LLC),128000,AED
669,RFPO-1569-V4269-1,28 Apr 2025,PO for SUPPLY AND INSTALLATION 1804-1805 LOUNGE AREA,BLUE CROWN FURNITURE (LLC),26515,AED
670,RFPO-7073-V40003-1,28 Apr 2025,PO for Screen Mesh,"Scott & From Co., Inc.",266,USD
671,RFPO-7208-V40005-1,28 Apr 2025,PO for GI WELDED MESH,Crossweld Metal Trading Co.LLC,1818,AED
672,RFPO-6705-M4017-1,28 Apr 2025,PO for Concrete-Grout pump with Accessories ,"Zhengzhou Hengyou Machinery Manufacturing Co.,Ltd",13238,USD
673,RFPO-1005-V4490-2,28 Apr 2025,PO for Containers,FOSHAN SOEASY MODULAR HOUSING CO LTD,67450,USD
674,RFPO-6952-V40020-1,28 Apr 2025,PO for Hangers and Supports,Extol International FZC,14672,AED
675,RFPO-7044-V40000-1,28 Apr 2025,PO for Hangers and Support,Kelly & Hayes Electrical Industrial & Plumbing Supplies,1668.68,USD
676,RFPO-7208-V40006-1,28 Apr 2025,PO for WIRE MESH,Dateline Exports Inc.,565.1,USD
677,RFPO-6841-V40016-1,25 Apr 2025,PO for Conduit Supports (for Electrical),Matco Industries LLC,21280,AED
678,RFPO-1569-O91-1,25 Apr 2025,PO for ZIA Transformation Edition SKU - ZIATFORMEDITION,Raqmiyat L.L.C.,30339.73,USD
679,RFPO-6705-V40066-1,24 Apr 2025,"PO for CMU Blocks, Mortar & Admixture for Mortar ","Angelus Block CO.,INC.",120136.227,USD
680,RFPO-6705-V40069-1,24 Apr 2025,PO for Chain Link Fence ,Ultimate Fence Industries,12743.64,USD
681,RFPO-6705-V40070-1,24 Apr 2025,PO for Quickrete- Cement & Sand,LOWES,3318.25,USD
682,RFPO-5503-A5202-1,24 Apr 2025,PO for FREE ISSUED -  ALUMINIUM WINDOWS W2 - AS PER APPROVED DOCUMENTS,SALZER GmbH,20896,EURO
683,RFPO-5532-V40063-1,23 Apr 2025,PO for Plug for Bushing ITCC RBI075 and Plug for Exhaust Fan  3-Pin 15A 125V Plug,Extol International FZC,2647,AED
684,RFPO-6705-V40063-3,23 Apr 2025,PO for Misc Items for LSA Medical,HOME DEPOT USA,8389.12,USD
685,RFPO-7208-V40004-1,23 Apr 2025,PO for Caulking Gun for 600ml Cartridge of Sika Anchor fix 3001,Leeds Services Co. Pte Ltd.,1911,USD
686,RFPO-6705-V40057A-2,22 Apr 2025,PO for SIMPSON HANGERS,Dateline Exports Inc.,278.07,USD
687,RFPO-1569-14069-1,22 Apr 2025,"PO for Drawing Preparation, Preliminary & Approval",Keen Eye Technical Services LLC,106000,AED
688,RFPO-6705-V40068-1,22 Apr 2025,PO for LSA-Misc Pipe Utilities,Tsang Brothers Corporation,19578.78,USD
689,RFPO-5829-V40030-1,21 Apr 2025,PO for PRECAST MANHOLE AS PER APPROVED QUOTATION CM/Q/021/0425/bp,Baniyas Concrete Products L.L.C.,118900,AED
690,RFPO-6705-V40065-1,21 Apr 2025,PO for COSA And LSA Flooring Package,Dateline Exports Inc.,52203.46,USD
691,RFPO-1569-O88-1,21 Apr 2025,PO for250 units Adv Backup Microsoft 365 Backup - 2025,RivYv Technologies,8800,USD
692,RFPO-1569-O89-1,21 Apr 2025,PO for 250 units of Acronis Cyber Protect Cloud - 2025,RivYv Technologies,6462.5,USD
693,RFPO-1569-O90-1,21 Apr 2025,PO for RiB Candy iTWO Annual Subscription - Lebanon Office,RivYv Technologies,2270,USD
694,RFPO-6705-E6807-1,21 Apr 2025,PO for Panel Boards-COSA Facility ,AL GHANDI SWITCHGEARS INDUSTRY,43285.94,AED
695,RFPO-6718-V40021-1,21 Apr 2025,"PO for SS Nut, Washer & Sheet",Fastener Point LLC,11662,AED
696,RFPO-6841-E6802-1,21 Apr 2025,PO for Connector,WESCO Distribution Inc,906.75,USD
697,RFPO-6718-V40022-1,21 Apr 2025,PO for Spectacle Blinds,APP Manufacturing,4044.03,USD
698,RFPO-6718-V40023-1,21 Apr 2025,PO for Gaskets,"Smith International Gulf Services, LLC",5850,AED
699,RFPO-6718-V40024-1,21 Apr 2025,PO for CS Pipes & Fittings,Technopro Middle East FZCO,4823.46,AED
700,RFPO-6718-V40025-1,21 Apr 2025,PO for Internal Coating of CS Pipes & fittings,Hilong Petroleum Pipe Co. LLC,1802,USD
701,RFPO-5695-E6802-1,18 Apr 2025,PO for Rebar Couplers (Additional Qty),MAX TECHNICAL ELECTRICAL TRADING LLC,155700,AED
702,RFPO-7208-V40003-1,17 Apr 2025,PO for Civil Items,"White Cap Supply Holdings, LLC",13309.4498,USD
703,RFPO-7139-V4202-1,16 Apr 2025,"PO for ATCT - ACCOMODATION UNITS, WC-SHOWER CONTAINER, AND LAUNDRY CONTAINER",Treysan Prefabricated Steel Construction Industry & Trade Corp.,672285,USD
704,RFPO-6841-V40012-2,16 Apr 2025,PO for Duct Access Doors,"DUCTMATE INDUSTRIES, INC",868.71,USD
705,RFPO-7139-O1-1,16 Apr 2025,PO for Bluebeam Core Commercial Single User Annual Subscription New license,VISUAL PRO SOLUTIONS LLC,975,AED
706,RFPO-6705-V40063-1,16 Apr 2025,PO for Misc Items for LSA Medical,HOME DEPOT USA,9617.6,USD
707,RFPO-6705-V40064-1,16 Apr 2025,PO for A615 Grade 60 Purple Epoxy - Foundation/Manhole,Nucor Rebar Fabrication,34864.33,USD
708,RFPO-7039-E6802-1,16 Apr 2025,PO for MV Cables,Oman Cables Industry (SAOG),2061332.766,USD
709,RFPO-6705-V40057A-1,16 Apr 2025,PO for GA1 2-3/4IN GUSSET ANGLE,Dateline Exports Inc.,164.43,USD
710,RFPO-5829-V40026-1,14 Apr 2025,"PO for CHW PIPES, FITTINGS, INSULATION, CONTROL VALVES, NUTS, BOLTS, GASKETS - AL FIKREE PROCUREMENT SUPPORT",GMARK MIDDLE EAST FZC,443448.36,AED
711,RFPO-6705-V40061-1,14 Apr 2025,PO for Block Saw & Saw Blade,MONJE,7641.6,USD
712,RFPO-5829-V40027-1,14 Apr 2025,PO for ADDITIONAL FIXTURE F2 LIGHTING (APRON LIGHTING) Model: 93926741,Extol International Trading LLC,10180,AED
713,RFPO-6705-V40062-1,14 Apr 2025,PO for Metal Roofing & Accessories,Tsang Brothers Corporation,29953.5,USD
714,RFPO-5581-V40013-1,10 Apr 2025,PO for Paints - for repainting of pipes,The Sherwin-Williams Company,1460.4,USD
715,RFPO-6705-V40060-1,10 Apr 2025,PO for Roofing Panel and accessories ,Tsang Brothers Corporation,36140,USD
716,RFPO-1569-R1507-1,10 Apr 2025,PO for BlacK Toner - Yield 40000,NEW SMART OFFICE AUTOMATION LLC,1150,AED
717,RFPO-7027-V40007-1,10 Apr 2025,PO for Insulated Flexible Duct,Delta Duct Airconditioning LLC,4104,AED
718,RFPO-7139-M4002-1,09 Apr 2025,PO for Customised Trash Compactor Station,"Shandong RNKJ Environmental Technology Co., Ltd",19995,USD
719,RFPO-6705-V40059-1,09 Apr 2025,PO for Vinyl and Aluminum Sign Labels,Sign King Inc,1280,USD
720,RFPO-6705-V40058-1,09 Apr 2025,PO for  WATER BASE FORM RELEASE SPECCHEM,"White Cap Supply Holdings, LLC",584.98,USD
721,RFPO-6705-V40054-1,09 Apr 2025,PO for WB CURE AND SEAL SPECCHEM(CONCRETE CURING MATERIAL),"White Cap Supply Holdings, LLC",3699.96,USD
722,RFPO-7139-V40012-1,09 Apr 2025,PO for WB CURE AND SEAL SPECCHEM(CONCRETE CURING MATERIAL),"White Cap Supply Holdings, LLC",1399.98,USD
723,RFPO-6542-V40033-1,09 Apr 2025,PO for Fire Extinguisher,NATIONAL FIRE FIGHTING MANUFACTURING FZCO,1980,AED
724,RFPO-6542-V40034A-1,09 Apr 2025,PO for Suspensions for Acoustic Ceiling Tiles,BMET Building Materials Trading LLC,3508.51,AED
725,RFPO-6952-V40018-1,09 Apr 2025,PO for Consumables,AL SUNAINA TRADING L.L.C,7829.4,AED
726,RFPO-7139-V40013-1,09 Apr 2025,PO for FORMWORK MATERIAL B-MATTE,Dateline Exports Inc.,12809.48,USD
727,RFPO-6952-V40019-1,08 Apr 2025,PO for Techrep for Installation,Big Top Manufacturing LLC,30600,USD
728,RFPO-6705-V40057-1,08 Apr 2025,PO for CS20 20GA 250FT COILED STRAP,Daltile Corporation,4026.67,USD
729,RFPO-7139-M4003-1,08 Apr 2025,PO for New Electric Club Car Transporter 4 Passenger Cart as per Approved Quotation,Electric Car SALES AND SERVICE INC.,41567.65,USD
730,RFPO-7073-V40002-1,07 Apr 2025,PO for Threaded rods,Rawlplug Middle East FZE,3990,AED
731,RFPO-6705-V40056B-1,07 Apr 2025,PO for Construction Items,Tsang Brothers Corporation,1460,USD
732,RFPO-5532-V40062-1,04 Apr 2025,PO for ELECTRICAL MATERIALS - B - MANCAMP 2,Extol International FZC,50647.95,AED
733,RFPO-7139-V40010A-1,04 Apr 2025,PO for TRIPOD AND ACCESSORIES ,MONJE,11023.22,USD
734,RFPO-7139-V4200-1,04 Apr 2025,PO for SUPPLY OF ACCOMODATION UNIT FOR LSA ATCT - AS PER APPROVED DOCUMENTS,Treysan Prefabricated Steel Construction Industry & Trade Corp.,690000,USD
735,RFPO-7139-V4201-1,04 Apr 2025,PO for SUPPLY OF OFFICE BUILDING CONTAINER AND STORAGE CONTAINER,Treysan Prefabricated Steel Construction Industry & Trade Corp.,154367,USD
736,RFPO-5532-V4371-1,03 Apr 2025,PO for MVL-BROMGROVE JV LLC TEAM DRIFIT POLO SHIRTS 422025,The Uniform World Tailoring and Textiles LLC,1240,AED
737,RFPO-1569-O87-1,03 Apr 2025,PO for Bluebeam Core - Annual Subscription - Ramjo Ballonado,VISUAL PRO SOLUTIONS LLC,975,AED
738,RFPO-7039-F7000-1,03 Apr 2025,PO for Plywood / Shim supports,MVL Firestop Bldg. Matl Trdg. LLC,21021.01,AED
739,RFPO-7139-V40011-1,03 Apr 2025,PO for Concrete tools and Equipments ,Dateline Exports Inc.,44732.15,USD
740,RFPO-6705-V40055-1,03 Apr 2025,PO for Concrete Saw and Accessories ,Dateline Exports Inc.,5119.25,USD
741,RFPO-5532-E6804-1,02 Apr 2025,PO for PANELBOARDS FOR MAN CAMP 2 AS PER APPROVED GA DRAWING,AL GHANDI SWITCHGEARS INDUSTRY,61902.58,AED
742,RFPO-5532-V40061-1,31 Mar 2025,PO for Pre-Shipment Inspection - JFV382520 and JFV382611  Including Spare Parts as Per Attched List,V-Trust Inspection Service Co. Ltd.,670,USD
743,RFPO-1005-V7227-1,28 Mar 2025,PO for Epoxy Coated Rebars.,Hariom Ingots & Power Pvt. Ltd,23420,USD
744,RFPO-6705-E6805-1,28 Mar 2025,"PO for Panel Boards, Distribution Boards and Main DB",AL GHANDI SWITCHGEARS INDUSTRY,207236.86,AED
745,RFPO-7139-M4101-1,28 Mar 2025,PO for SCB-750kVA Dry Transformer,"Jiangsu Ryan Electric Co.,Ltd",24140,USD
746,RFPO-6705-M4103-1,28 Mar 2025,PO for SG-150kVA Dry type Isolation Transformer,"Jiangsu Ryan Electric Co.,Ltd",9600,USD
747,RFPO-1569-O86-1,28 Mar 2025,PO for Bluebeam Core - Annual Subscription (Elizarde Serrano),AllCAD Solutions LLC,1030,AED
748,RFPO-5829-R1508-1,28 Mar 2025,"PO for Shuttle Bus with driver Brand New, Period of performance 1 year 5 days a week and 12 Hours duty/day",MENA ENGINEERING AND TECHNICAL CO. L.L.C,156000,AED
749,RFPO-5532-S9102-1,27 Mar 2025,PO for ACI Concrete Field-Testing Technician Training and Certification,ADVANCED CONSTRUCTION TECHNOLOGY SERVICES,9000,USD
750,RFPO-6705-M4016-1,27 Mar 2025,"PO for HCA 400 BBL Mobile Auxiliary Cement / Fly Ash Storage Silo: 1600 cu. ft., 78-ton max/ 50 ton-min. Includes 8 FEET wide truss frame module.",Vince Hagan Company,200539,USD
751,RFPO-5657-V40017-1,27 Mar 2025,PO for Grout & Mortar,"White Cap Supply Holdings, LLC",724.79,USD
752,RFPO-6852-V40024-1,27 Mar 2025,PO for Fabrication materials for Level Switch Chamber,CRA Trading LLC,2387.06,USD
753,RFPO-6705-V40053-1,27 Mar 2025,PO for 67Rock(Coarse Aggregate),SMITHBRIDGE GUAM,16490.88,USD
754,RFPO-6705-M4015-1,26 Mar 2025,PO for HCA 400 WITH 10 INCH X 33 FEET SCREW FEEDER AUXILIARY SILO FEEDER  SACK CEMENT FEEDER WITH SUPER SACK HOPPER SERVICE ASSIST IN KWAJALEIN ATOLL FOR HCA INSTALLATION (7) SEVEN DAYS - Quote number,Vince Hagan Company,200539,USD
755,RFPO-6952-V40016-1,26 Mar 2025,PO for Aluminium Doors for TFS,ARB ALUMINIUM & GLASS LLC,13600,AED
756,RFPO-6718-E6805-1,26 Mar 2025,PO for Glands,WESCO Distribution Inc,7514.16,USD
757,RFPO-3734-E6803-1,25 Mar 2025,PO for MAINTENANCE FREE BATTERY N100 (100AH),JUBAILI BROS  WLL,1160,QAR
758,RFPO-6705-V40052-1,25 Mar 2025,PO for FROMWORK MATERIALS ,Dateline Exports Inc.,7328.8,USD
759,RFPO-6705-M4014-1,24 Mar 2025,"PO for DS2000-4, 4 Wheel Radar Utility Detector, and Accessories",Leica Geosystems Inc.,20820.71,USD
760,RFPO-1569-V4423-1,24 Mar 2025,PO for GREETLY Digital Reception App 2YEARS,GREETLY,1700,USD
761,RFPO-6705-V40051-1,21 Mar 2025,PO for Stego Wrap,"STEGO INDUSTRIES, LLC",6695,USD
762,RFPO-6705-S9101-1,20 Mar 2025,PO for LABORATORY EQUIPMENTS CALIBRATION,Cal-Cert Company,10950,USD
763,RFPO-6542-V40027B-1,20 Mar 2025,PO for Seismic Bracing Kit,ACREFINE ENGINEERING SERVICES LTD.,240,USD
764,RFPO-7212-V40000-1,19 Mar 2025,PO for 3/4 Watts Reduced Pressure Zone Assembly,Blue Line Trading Group LLC,500,USD
765,RFPO-6705-V40048-1,19 Mar 2025,PO for VARIOUS BUILDING MATERIIALS AND EQUIPMENT - QUOTE - H1710-822355 -,HOME DEPOT USA,54.2,USD
766,RFPO-6705-V40048-2,19 Mar 2025,PO for VARIOUS BUILDING MATERIIALS AND EQUIPMENT - QUOTE - H1710-822355 -,HOME DEPOT USA,36673.7,USD
767,RFPO-6705-V40049-1,19 Mar 2025,PO for Interior Electrical Materials for LSA,HOME DEPOT USA,70892.91,USD
768,RFPO-6705-V40050-1,19 Mar 2025,"PO for Silt Fence, Geotextile, GI Flat Tubes",Tsang Brothers Corporation,6830,USD
769,RFPO-5532-M4104-1,18 Mar 2025,PO for 750 Kva 3 PHASE PAD MOUNTED TRANSFORMER AS PER APPROVED ATTACHED DOCUMENTS,"Jiangsu Ryan Electric Co.,Ltd",41440,USD
770,RFPO-7139-V40009-1,18 Mar 2025,"PO FOR SCAFFOLD, TOOLS AND ACCESSORIES",HOME DEPOT USA,14496.07,USD
771,RFPO-6705-V40045A-1,18 Mar 2025,PO for PVC Sch40 Pipes and Fittings for LSA Utilit,Tsang Brothers Corporation,43875.5,USD
772,RFPO-6705-V40047-1,17 Mar 2025,PO for VARIOUS BUILDING MATERIIALS AND EQUIPMENT - QUOTE -  H1710-821497,HOME DEPOT USA,9503.7,USD
773,RFPO-5695-S9091-1,17 Mar 2025,PO for Paints for Bollards,Stoncor Middle East LLC,12369,AED
774,RFPO-7139-V4351-2,14 Mar 2025,"PO for MFC L8900 CDW Color Laser ALL IN ONE Printer, GMP-GHQ320 P3 Pouch Laminator and Engineering Accessories",COPY EXPRESS,15584,USD
775,RFPO-6746-V40022-1,14 Mar 2025,PO for Misc. Items for Al Windows,Dateline Exports Inc.,544.64,USD
776,RFPO-6705-V40046-1,14 Mar 2025,PO for VARIOUS BUILDING MATERIALS AND PORTABLE WELDING MACHINE,Tsang Brothers Corporation,13185,USD
777,RFPO-7139-V4351-1,13 Mar 2025,"PO for MFC L8900 CDW Color Laser ALL IN ONE Printer, GMP-GHQ320 P3 Pouch Laminator and Engineering Accessories",COPY EXPRESS,15434,USD
778,RFPO-5193-E6806A-1,13 Mar 2025,"PO for Supply and Installation of type three-phase autotransformer with capacity 50KvA, compatible with the projects required specifications",DELTA BUILT CONSTRUCTION COMPANY,35000,SAR
779,RFPO-7139-V40007-1,12 Mar 2025,"PO for Welding machine and Accessories, Lumber & Marine Ply ",Tsang Brothers Corporation,24144.1,USD
780,RFPO-6680-V40002-1,12 Mar 2025,PO for Belt Drive Centrifugal Inline Fan,INTEGRATED CONTRACTING SUPPLIERS,2541.16,USD
781,RFPO-6705-V40044-1,12 Mar 2025,PO for GI Flat Tube and Flat Sheet,Tsang Brothers Corporation,24450,USD
782,RFPO-6542-V40028-1,12 Mar 2025,PO for Aluminum Store Front Window.,ARB ALUMINIUM & GLASS LLC,12350,AED
783,RFPO-6705-V40043-1,12 Mar 2025,PO for PVC Pipes and fittings for Water Utility ,Tsang Brothers Corporation,37755.98,USD
784,RFPO-7139-V40008-1,12 Mar 2025,PO for Layout Office Furniture - ATCT  COSA.,Al Seham Furniture LLC,34232,AED
785,RFPO-5532-S9101-1,11 Mar 2025,PO for PRE-SHIPMENT INSPECTION AGAINST BATCHING PLANT SPARE PARTS,TUV SUD MIDDLE EAST LLC,1651.23,AED
786,RFPO-6718-V40019-1,11 Mar 2025,PO for Spare Parts for Pump Startup & Alignment,Jet Fuel Specialists LLC,4620,USD
787,RFPO-7139-V40006-1,11 Mar 2025,PO for Temporary Chain Link Fence ,Tsang Brothers Corporation,46174.96,USD
788,RFPO-6841-S9100-1,10 Mar 2025,PO for Third Party Inspection & Witnessing the Performance Test of PACKAGE AC Unit (1 unit),TUV SUD MIDDLE EAST LLC,1200,AED
789,RFPO-5532-V40060-1,10 Mar 2025,PO for Pre-Shipment Inspection - FOTON 4x2 2ton cargo truck,V-Trust Inspection Service Co. Ltd.,268,USD
790,RFPO-6705-V40042-1,10 Mar 2025,PO for Pre-Shipment Inspection - FOTON 4x2 2ton cargo truck,V-Trust Inspection Service Co. Ltd.,268,USD
791,RFPO-7139-M4001-1,10 Mar 2025,PO for SOKKIA SURVEYING EQUIPMENTS - ATCT,Three Colors Safety Equipment Tr LLC,114250,AED
792,RFPO-6718-E6803A-1,10 Mar 2025,PO for Cable,WESCO Distribution Inc,19096.8,USD
793,RFPO-7039-E6801-1,10 Mar 2025,"PO for Grounding & bonding, Pullrope",WESCO Distribution Inc,118228.36,USD
794,RFPO-6952-V40012A-1,07 Mar 2025,PO for Tensile Fabric Structure.,Big Top Manufacturing LLC,128500,USD
795,RFPO-6705-M4012-1,06 Mar 2025,PO for 2ND REQUIREMENT OF HEAVY EQUIPMENTS (MEDICAL AND ATCT),Evangel International Machinery Ltd.,277191,USD
796,RFPO-6542-V40026-1,06 Mar 2025,PO for Aluminum Awning Window. ,Dateline Exports Inc.,13108.5,USD
797,RFPO-6705-M4013-1,05 Mar 2025,"PO for Used 2017 GMC 4WD SLE QUICKSILVER METALLIC 51,864  MILES",Guam Autospot,31490,USD
798,RFPO-5193-E6805-1,05 Mar 2025,PO for UPS MODIFICATION,International Business Resources Co.,7000,SAR
799,RFPO-6705-V40041-1,04 Mar 2025,PO for LSA Office Furniture,Al Seham Furniture LLC,157270,AED
800,RFPO-6705-E6804-1,04 Mar 2025,PO for Dry Type transformer ,EMSI Inc.,122856.16,USD
801,RFPO-7139-V40002-2,03 Mar 2025,Signages,Sign King Inc,1560,USD
802,RFPO-6705-V40040-1,03 Mar 2025,PO for Aluminum Sign,Sign King Inc,2476,USD
803,RFPO-5829-E6817-1,03 Mar 2025,"PO for 10 kVA UPS and 15 kVA UPS - Supply, Start Up, Testing and Commisioning",ANDREA TECHNICAL SERVICE L.L.C,132300,AED
804,RFPO-6705-V40039-1,03 Mar 2025,PO for Fire Extinguishers- HAZMAT,"White Cap Supply Holdings, LLC",3605.6,USD
805,RFPO-5695-V40015-1,03 Mar 2025,PO for Consumables for Painting Works,MISAR TRADING CO. ( L L C),950,AED
806,RFPO-7139-V40005-1,28 Feb 2025,PO for Lumber ,LOWES,7940.13,USD
807,RFPO-1005-V4485-1,27 Feb 2025,PO for PVC Plastic Sticker - 8.8 * 6.4 cm with Matt Lamination,SMILE COLOR,675,AED
808,RFPO-1005-V7223-1,27 Feb 2025,Epoxy Coated Rebars.,Hariom Ingots & Power Pvt. Ltd,20357,USD
809,RFPO-6705-V4357-1,26 Feb 2025,PO for COSA - APPLIANCES,"Onmuse ( Suzhou ) Office Furniture Co.,Ltd",46350,USD
810,RFPO-5829-S9103-2,26 Feb 2025,PO for Third party inspection for Pad Mounted Transformers.,TUV SUD MIDDLE EAST LLC,962.5,USD
811,RFPO-7139-V40003-1,26 Feb 2025,Generator and Tools ,HOME DEPOT USA,2905.86,USD
812,RFPO-6705-V40038-1,26 Feb 2025,Lawn Care Items ,HOME DEPOT USA,8201.7,USD
813,RFPO-7139-V40004-1,26 Feb 2025,PO for 8884017622,Tsang Brothers Corporation,774.56,USD
814,RFPO-6718-E6802-2,26 Feb 2025,PO for Electrical Materials,WESCO Distribution Inc,47601.65,USD
815,RFPO-5532-V40059-1,26 Feb 2025,PO for Admixtures,SODAMCO EMIRATES FACTORY FOR BUILDING MATERIALS LLC,70675,AED
816,RFPO-6952-V40013-1,26 Feb 2025,PO for Pine Lumber and Marine Plywood,Leeds Services Co. Pte Ltd.,20950,USD
817,RFPO-5532-V40058-1,25 Feb 2025,PO for ELECTRICAL MATERIALS NEEDED FOR INSTALLATION OF BATCHING PLANT,Extol International FZC,195135,AED
818,RFPO-7073-V40001A-1,24 Feb 2025,PO for Electrical Items,Kelly & Hayes Electrical Industrial & Plumbing Supplies,13184.492,USD
819,RFPO-5193-A5207-1,21 Feb 2025,PO for REPLACEMENT HANDLE FOR WINDOWS - AL KHARJ PROJECT,Lakshmi Metal Tech LLC,2130,AED
820,RFPO-6542-A5203-1,21 Feb 2025,"PO for Typhoon Rated Door, Frames & Hardwares for Building # 111",K.Walters Global Inc. (Japan),53854.2,USD
821,RFPO-6168-V40070-1,21 Feb 2025,PO for Pipe for Hand rail of Stairs,AL OMRANIYA TRADING CO. (L.L.C.),630,AED
822,RFPO-1569-O84-1,20 Feb 2025,PO for Bluebeam Core - Annual Subscription,AllCAD Solutions LLC,1030,AED
823,RFPO-6705-V40037-1,20 Feb 2025,"PO for PRE- SHIPMENT INSPECTION OF TELEHANDLER, WHEEL EXCAVATOR, DUMP TRUCK, AND SKID LOADER AS PER ATTACHED LIST",V-Trust Inspection Service Co. Ltd.,1072,USD
824,RFPO-6705-M4011-1,19 Feb 2025,PO for Golf Carts for Kwajalein (Medical and ATCT),"Henan XunHu Equipment Co., Ltd",33360,USD
825,RFPO-6705-V40035-1,19 Feb 2025,Simpson Strong Ties & Hilti Mortar ,Dateline Exports Inc.,52366.07,USD
826,RFPO-7208-V4352-1,19 Feb 2025,PO for Scaffolding,Sher Ahmed Scaffolding Tr LLC,127619.05,AED
827,RFPO-6705-V40036-1,19 Feb 2025,PO for MILWAUKEE 3697-22,Dateline Exports Inc.,5398.85,USD
828,RFPO-7139-V40001A-1,18 Feb 2025,PO for 8886260991,Tsang Brothers Corporation,21874,USD
829,RFPO-1569-O83-1,18 Feb 2025,PO for Aronis Advance Management Includes RDP,RivYv Technologies,587.5,USD
830,RFPO-7027-S9100-1,18 Feb 2025,PO for Third Party Inspection & Witnessing the Performance Test of PACKAGE AC Unit (2 units),TUV SUD MIDDLE EAST LLC,1200,AED
831,RFPO-7073-V40000-1,18 Feb 2025,PO for Pressure Washer,"White Cap Supply Holdings, LLC",4954.94,USD
832,RFPO-7139-V40002-1,18 Feb 2025,Signages,Sign King Inc,1280,USD
833,RFPO-5532-M4031-1,17 Feb 2025,PO for 2ND REQUIREMENT AGAINST MAXUS V80 SPARE PARTS,"FASTWIN GROUP CO.,LIMITED",5218.26,USD
834,RFPO-5829-S9103-1,17 Feb 2025,PO for Third party inspection for Pad Mounted Transformers.,TUV SUD MIDDLE EAST LLC,770,USD
835,RFPO-7205-M4101-1,17 Feb 2025,PO for Supply of Units 3 Nos-Carrier R410a- 50UA135  (Gross Cooling Cap 125.5  KW),AL KAZEMI AIR CONDITIONING WLL,55400,KWD
836,RFPO-6705-V40033-1,17 Feb 2025,PO for CONDUIT BENDER,Dateline Exports Inc.,6941.18,USD
837,RFPO-7139-V40000-1,17 Feb 2025,PO for 330205456(HAZMAT),"White Cap Supply Holdings, LLC",9516.49,USD
838,RFPO-6705-V40034-1,17 Feb 2025,PO for 131369722(HAZMAT),"White Cap Supply Holdings, LLC",8507.33,USD
839,RFPO-6705-V40005-2,14 Feb 2025,NEW UNIT SUBSTATION & PRIMARY SELECTIVE SWITCHES,Kelly & Hayes Electrical Industrial & Plumbing Supplies,344210,USD
840,RFPO-6542-A5202-1,13 Feb 2025,"PO for Typhoon Rated Door, Frames & Hardware for Building 101 & 103B",K.Walters Global Inc. (Japan),46777.2,USD
841,RFPO-6705-E6803-1,11 Feb 2025,MV Cable Y Spices and  Connector ,TIC LIGHT ELECTRICAL CORP,27697.8,USD
842,RFPO-6705-V40031-1,11 Feb 2025,Paslode Nailer and Nails,LOWES,1933.63,USD
843,RFPO-6705-V40032-1,11 Feb 2025,MFX Gridlock (E) Bicycles,MUDDY FOX LLC.,11750,USD
844,RFPO-5532-V40056-1,11 Feb 2025,PO for Aggregates and Cement - February Vessel,Leeds Services Co. Pte Ltd.,7257,USD
845,RFPO-5532-M4030-1,10 Feb 2025,PO for Maxus Passenger Van - Cabin Air Filter,"FASTWIN GROUP CO.,LIMITED",478.45,USD
846,RFPO-7039-V40006C-1,10 Feb 2025,PO for PVC Pipes & Fittings,National Plastic & Building Material Industries LLC,915262.25,AED
847,RFPO-7039-E6800-1,10 Feb 2025,PO for Spacers,Bahra Advanced Cable Manufacture Co. Ltd.,398601,SAR
848,RFPO-6168-V40077-2,10 Feb 2025,PO for Adhesives for VCT,ODORES METAL LLC,739.61,USD
849,RFPO-7120-V40000-1,07 Feb 2025,PO for Computer Room Air Conditioning (CRAC) units - Temporary,Vertiv Corporation,74727.15,USD
850,RFPO-7120-V40001-1,07 Feb 2025,PO for Computer Room Air Conditioning (CRAC) units - Permanent,Vertiv Corporation,197127.58,USD
851,RFPO-6645-V40004-1,07 Feb 2025,PO for Building Materials,HEELY-BROWN COMPANY,225179.77,USD
852,RFPO-5532-S9100-1,07 Feb 2025,"PO for PRE-SHIPMENT INSPECTION OF Man Camp Orders  5532-V40041-2, 5532-V40040-2 (ROOFING MATERIALS",TUV SUD MIDDLE EAST LLC,1260,AED
853,RFPO-7027-S9073-1,06 Feb 2025,PO for Duct Smoke Detector,SUMMIT FIRE CONSULTING (SFC),1350,USD
854,RFPO-7208-V40001-1,06 Feb 2025,PO for CMU BLOCKS,"Angelus Block CO.,INC.",1755.21,USD
855,RFPO-6680-V40001-1,06 Feb 2025,PO for Belt Drive Centrifugal Inline Fan,"RNK  International, Inc.",2970,USD
856,RFPO-1569-O81-1,05 Feb 2025,PO for Oracle EPPM 6 Training Online Mrs. Hayat and Mr. Ismail),RivYv Technologies,400,USD
857,RFPO-1569-O82-1,04 Feb 2025,"PO for RiB Candy (C201 – Online Training) – Estimating and Valuations. 16 hrs Online, 6 Persons, 1 Week",RivYv Technologies,4500,AED
858,RFPO-7039-V40007-1,03 Feb 2025,PO for Galvanized Rebars.,Hariom Ingots & Power Pvt. Ltd,113386.51,USD
859,RFPO-1569-V4421-2,03 Feb 2025,"PO for 3D RESIN REPLICA CUT OUT STUCK ON DOUBLE BLACK RESIN BASE W/PRINTING, SIZE - 22CM T.H",CRYSTAL ARC FACTORY LLC,4500,AED
860,RFPO-7208-V40000-1,03 Feb 2025,PO for Mortar and Grout,Dateline Exports Inc.,2954.94,USD
861,RFPO-5503-S9089-1,30 Jan 2025,PO for RSS-2000 Finger Wedge Barrier -  RSS-2000 4 Post,"RSSI Barriers, LLC",158817.15,USD
862,RFPO-6852-V40022-1,30 Jan 2025,PO for Hardware for Civil works fabrications (Balance),Isam Kabbani Trading LLC,4006,AED
863,RFPO-6544-E6802-1,30 Jan 2025,PO for Additonal Materials,WESCO Distribution Inc,2343.9,USD
864,RFPO-6542-E6812-1,29 Jan 2025,PO for Telecommunications Grounding Busbar,EMSI Inc.,802.72,USD
865,RFPO-6705-V40028-1,29 Jan 2025,PO for OX-P011210,MONJE,35275.26,USD
866,RFPO-6705-V40029-1,29 Jan 2025,PO for Rebar Shop Drawing,Nucor Rebar Fabrication,13000,USD
867,RFPO-6705-V40030-1,29 Jan 2025,PO for Epoxy Coated Rebar GR60,Nucor Rebar Fabrication,28549.922,USD
868,RFPO-1569-V4421-1,29 Jan 2025,"PO for 3D RESIN REPLICA CUT OUT STUCK ON DOUBLE BLACK RESIN BASE W/PRINTING, SIZE - 22CM T.H",CRYSTAL ARC FACTORY LLC,999.99,AED
869,RFPO-6544-E6800-1,28 Jan 2025,PO for Electrical Materials,TIC LIGHT ELECTRICAL CORP,27355.99,USD
870,RFPO-6544-E6801-1,28 Jan 2025,PO for Electrical Items,Benfield Electric International Ltd.,1681.67,USD
871,RFPO-6542-V40019A-2,28 Jan 2025,PO for Floor Sinks,Blue Line Trading Group LLC,346.45,USD
872,RFPO-6841-V40008-1,28 Jan 2025,PO for Duct Hardware,MISAR TRADING CO. ( L L C),2314,AED
873,RFPO-6841-V40010-1,28 Jan 2025,PO for Vacuum cleaner and Hose,FINE TOOLS TRADING LLC,3044,AED
874,RFPO-1569-O80-1,27 Jan 2025,PO for Microsoft 365 GCC G5 (Governmental Community Cloud Pricing) - Renewal,Managed Solution LLC,150480,USD
875,RFPO-6705-V40021-2,27 Jan 2025,Doug Fir Lumber and Common Nails,Dateline Exports Inc.,9715.86,USD
876,RFPO-5532-V40055-1,27 Jan 2025,PO for Vertical WATER TANK 1500 US GALLON Polyethylene 3 Layer,Stars Poly Storage Tanks Factory (L.L.C.),3600,AED
877,RFPO-3734-S9100-1,24 Jan 2025,PO for 1 day Service charges for pumps functional check and technical report against TRLC Chilled water Pumps,GOLF INTERNATIONAL CO HYDROTURF WLL,3500,QAR
878,RFPO-5695-S9102-1,24 Jan 2025,PO for Welding Tests of Plate and Rebar,MIRAI CALIBRATION LABORATORY PTE LTD,1450,USD
879,RFPO-1569-O79-1,24 Jan 2025,PO for Grandstream IP Phone GXP1782,AL KOFA COMPUTER TRADING LLC,925,AED
880,RFPO-5829-R1507-1,23 Jan 2025,PO for Nissan Sunny 1.5L SV SY2 2023 ExFleet - 2 months rental,Diamondlease LLC,3510,AED
881,RFPO-6705-V40027-1,23 Jan 2025,PO for Plumbing Tools ,MONJE,6875.88,USD
882,RFPO-6852-V40021-1,23 Jan 2025,PO for Fabricated Civil Supports,Isam Kabbani Trading LLC,96330,AED
883,RFPO-6705-E6802-1,23 Jan 2025,PO for  Southwire LV Cable THHN/THWN/TW/XHHW ,EMSI Inc.,13317.4,USD
884,RFPO-5532-V40054-1,22 Jan 2025,PO for Best Weld 717-21 PVC Heavy Duty Clear Cement 473ml,Leeds Services Co. Pte Ltd.,1800,USD
885,RFPO-6542-V40019B-1,22 Jan 2025,PO for Floor Drain & Cleanouts,Blue Line Trading Group LLC,946,USD
886,RFPO-7139-E6800-1,21 Jan 2025,PO for MV Cables,EMSI Inc.,5976,USD
887,RFPO-5532-M4029-1,21 Jan 2025,"PO for SPARE PARTS - Backhoe XCMG 1.0m3 4WD backhoe loader WZ30- 25 ENGINE NO.: BY7G1P00044 CHASSIS NO.: XUG0WZ30JPCA00804 PIN: XUG0WZ30JPCA00804, HELI FORKLIFT and Dong Feng Truck Crane",Evangel International Machinery Ltd.,7329.3,USD
888,RFPO-6841-V40009-1,21 Jan 2025,PO for Vibration Isolators & Pads,Kinetics Middle East LLC,4593.2,AED
889,RFPO-6544-V40013-1,17 Jan 2025,PO for Fabricated Stainless Steel Material,"H&M Metal Crafters, LLC",2446,USD
890,RFPO-1569-V4420-1,16 Jan 2025,PO for SHARP MX3051 - 1 SET OF TONERS,Printek  SUPPLIES L.L.C,1900,AED
891,RFPO-6544-V40012-1,16 Jan 2025,PO for Roofing Materials,HEELY-BROWN COMPANY,9249.276,USD
892,RFPO-6705-E6801-1,16 Jan 2025,PO for A52EA12,EMSI Inc.,7904.15,USD
893,RFPO-6542-A5201A-1,15 Jan 2025,PO for Non-fire rated steel door,Vulcan Industries LLC,5950.95,USD
894,RFPO-6705-V40026-1,15 Jan 2025,PO for R-38 Knauf Ceiling Insulation,Dateline Exports Inc.,32974.865,USD
895,RFPO-5695-V40014-1,14 Jan 2025,PO for DIAMOND WIRE SAW - AS PER ATTACHED QUOTATION,"Zhengzhou Yugong Construction Machinery Co., Ltd.",4722,USD
896,RFPO-7205-E6801-1,14 Jan 2025,"PO for Weather Shelter 3, 4 and 5 - LIGHTING FIXTURES - INTERNAL AND EXTERNAL - AS PER ATTACHED APPROVED SUBMITTALS",BAIT AL-ASEEL FOR GENERAL TRADING AND CONTRACTING,23186,KWD
897,RFPO-7010-V40005-1,14 Jan 2025,PO for Ladder Consumables - Angles & Strip,Isam Kabbani Trading LLC,4325,AED
898,RFPO-7010-V40003-2,14 Jan 2025,PO for Steel Platform Decking,Oasis Metal Manufacturing LLC,13397.044,AED
899,RFPO-6542-V40009A-1,14 Jan 2025,PO for Receptacles (WP & non-WP) with Cover,WESTEX GROUP INC,1865,USD
900,RFPO-6542-E6810-1,14 Jan 2025,"PO for Switches, Dimmers, Occupancy Sensors, Power banks incld. Plates [FOR BLDG B111,B116]",Benfield Electric International Ltd.,2134.48,USD
901,RFPO-6542-E6811-1,14 Jan 2025,"PO for Switches, Dimmers, Occupancy Sensors, Power banks incld. Plates [FOR BLDG B119]",Benfield Electric International Ltd.,977.22,USD
902,RFPO-5532-V40052-1,13 Jan 2025,PO for Aggregates and Cement - January Vessel,Leeds Services Co. Pte Ltd.,18974,USD
903,RFPO-6852-V40020-1,13 Jan 2025,PO for Camlock with Dust Cap (2inch & 3inch),Jet Fuel Specialists LLC,2787.07,USD
904,RFPO-6841-V40007-1,13 Jan 2025,PO for Duct Paints,The Sherwin-Williams Company,1029.24,USD
905,RFPO-5532-V40053-1,13 Jan 2025,PO for JFV140401 - Pre-Shipment Inspection Supplier: Evangel International Machinery Ltd. Ref# Item No : 3 - SINOTRUK HOWO 400HP 6X4 dump truckItem# SINOTRUK HOWO 400HP 6X4 dump truck,V-Trust Inspection Service Co. Ltd.,1072,USD
906,RFPO-6746-V40021-1,13 Jan 2025,PO for Non slip aggregate,The Sherwin-Williams Company,1070.9,USD
907,RFPO-7098-V40000-1,10 Jan 2025,"PO for BACKER ROD, SPEC POXY SAMPLES",Dateline Exports Inc.,838.31,USD
908,RFPO-6852-V40019A-1,08 Jan 2025,PO for U-Bolt & Friction Pads,APP Manufacturing,16696.33,USD
909,RFPO-7027-V40005B-1,08 Jan 2025,PO for Duct and accessories,FIRMAC INDUSTRIES L.L.C,10356.26,AED
910,RFPO-7039-V40004-1,08 Jan 2025,"PO for Civil Items X025, X027, X055","White Cap Supply Holdings, LLC",11459.4668,USD
911,RFPO-7010-V40004A-1,08 Jan 2025,PO for Ladder - consumables (Nut/bolt/washer),Isam Kabbani Trading LLC,246.9,AED
912,RFPO-6542-V40025-1,08 Jan 2025,PO for Wall and Kitchen Cabinet,Shark Cabinet INC,7076,USD
913,RFPO-6705-V40024-1,08 Jan 2025,PO for PORTABLE GENERATOR,MONJE,4073.3,USD
914,RFPO-6841-T1000-1,08 Jan 2025,PO for Duct Accessories,ANBI GENERAL TRADING LLC,1510,AED
915,RFPO-6705-V40025-1,08 Jan 2025,PO for Fiberglass Ladder,Dateline Exports Inc.,1254.57,USD
916,RFPO-6841-V40006-1,08 Jan 2025,PO for PVC Engraved Labels. 150 (L)x100(W) mm. 65mm height for letters. White Letters and Black background.,Grace Labels LLC,450,AED
917,RFPO-7039-V40003-1,07 Jan 2025,"PO for Warning Tape, Sealant",Kelly & Hayes Electrical Industrial & Plumbing Supplies,3235,USD
918,RFPO-5657-M4105-1,07 Jan 2025,PO for Replacement of Submersible Pump,Zoeller Pump Company,5721.56,USD
919,RFPO-7010-V40002-1,06 Jan 2025,"PO for Fixed Ladder , Guard Rail & Ladder Safety device",SkyHigh Ladders & Guardrails Inc.,35600,USD
920,RFPO-1569-O78-1,06 Jan 2025,PO for NISTCMMC Project implementation,RivYv Technologies,800,USD
921,RFPO-6852-V40018A-1,06 Jan 2025,PO for Hardware for Civil works fabrications (Balance),Isam Kabbani Trading LLC,2796.72,AED
922,RFPO-5657-V40016-2,06 Jan 2025,"PO for Start-Up, Testing, and Commissioning of Sewage Pumping Systems (SIX LIFT STATIONS)",FLUIDS SOLUTIONS,27360,USD
923,RFPO-6705-M4008A-2,24 Dec 2024,PO for KWAJALEIN HEAVY MACHINERIES PRIORITY 1,Evangel International Machinery Ltd.,200857.6,USD
924,RFPO-6542-A5201-1,24 Dec 2024,PO for Non-fire rated steel door,Vulcan Industries LLC,21840,AED
925,RFPO-6705-M4102-1,24 Dec 2024,PO for 750KVA Oil Type Transformer,"Jiangsu Ryan Electric Co.,Ltd",41440,USD
926,RFPO-7039-V40002-1,23 Dec 2024,"PO for Curing Materials, Non shrink grout",Al Majara Polychem Industries LLC,6931.5,AED
927,RFPO-7139-M4000-1,23 Dec 2024,PO for J9159 ROCK HYDRAULIC BREAKER and  Single Arm Digger for XC740K,Evangel International Machinery Ltd.,3400,USD
928,RFPO-6705-M4101-1,20 Dec 2024,PO for Unit Substation - 186inch  W X 92inch H X60inch D,TURTLE,276922,USD
929,RFPO-6705-M4101-2,20 Dec 2024,PO for Unit Substation - 186inch  W X 92inch H X60inch D,TURTLE,276922,USD
930,RFPO-6705-M4101-3,20 Dec 2024,PO for Unit Substation - 186inch  W X 92inch H X60inch D,TURTLE,288622,USD
931,RFPO-6705-E6800-2,19 Dec 2024,Supply of Medium Voltage Cables,EMSI Inc.,29920,USD
932,RFPO-5829-A5301-1,19 Dec 2024,PO for FREE ISUUED - EXTERIOR PAINTS - TRITON AS PER APPROVED SUBMITTALS,SAS express BUILDING MATERIALS TRADING LLC,18285,AED
933,RFPO-5829-V40020-1,19 Dec 2024,PO for FREE ISUUED - INTERIOR PAINTS - TRITON AS PER APPROVED SUBMITTALS,SAS express BUILDING MATERIALS TRADING LLC,194980,AED
934,RFPO-6841-V40005A-1,19 Dec 2024,PO for Duct and accessories,FIRMAC INDUSTRIES L.L.C,2916.54,AED
935,RFPO-6746-V40012-1,18 Dec 2024,PO for Water Meter,TIC LIGHT ELECTRICAL CORP,3124.95,USD
936,RFPO-5532-V40051-1,18 Dec 2024,PO for Pre-Shipment Inspection,V-Trust Inspection Service Co. Ltd.,268,USD
937,RFPO-1005-S9105-1,16 Dec 2024,PO for Pre-shipment Inspection Charges,TUV SUD MIDDLE EAST LLC,140,USD
938,RFPO-1569-O76-1,16 Dec 2024,PO for SERVER UPGRADE EQUIPMENTS,AL KOFA COMPUTER TRADING LLC,1890,AED
939,RFPO-7204-V40001-1,16 Dec 2024,PO for Supply of Roof and Wall Panel Weather Shelter 3- as per Approved Submittal,Emirates Industrial Panel,99063.9464,USD
940,RFPO-7205-V40001-1,16 Dec 2024,PO for Supply of Roof and Wall Panel Weather Shelter 4- as per Approved Submittal,Emirates Industrial Panel,99063.9464,USD
941,RFPO-7198-V40001-1,16 Dec 2024,PO for Supply of Roof and Wall Panel Weather Shelter 5- as per Approved Submittal,Emirates Industrial Panel,99063.9464,USD
942,RFPO-1569-O77-1,16 Dec 2024,PO for Bluebeam Core - Annual Subscription,AllCAD Solutions LLC,2060,AED
943,RFPO-5532-M4028-1,16 Dec 2024,PO for XCMG 50 TON TRUCK CRANE MDOEL QY50KD - with Two years wearing spare parts,Evangel International Machinery Ltd.,141735,USD
944,RFPO-5829-V40023-1,11 Dec 2024,PO for PROCUREMENT SUPPORT - TRITON - VALVES - AS PER APPROVED SUBMITTAL,AL FUAD TRADING ESTABLISHMENT,150892,AED
945,RFPO-5829-V40024-1,11 Dec 2024,PO for Supply of Fixed Bollards as per Approved Submittal,Lomeq Technical Services Co. L.L.C,42050,AED
946,RFPO-5503-V40013-1,11 Dec 2024,PO for MVL QUALTIY CONTROL RAPIDROP PIV GATE VALVES - AS PER APPROVED QUOTATION,FORMULA TECHNIKI S.A.,2857.5,EURO
947,RFPO-6542-V40024-1,11 Dec 2024,PO for Toilet Compartments,SMART CHOICE DECOR. LLC,8571.73,AED
948,RFPO-6746-V40020-1,11 Dec 2024,PO for Gala Valves,SALEH ZAID ALQURAISHI & PARTNERS TRAD.CO.LTD.,35990,SAR
949,RFPO-7204-E6800-1,10 Dec 2024,PO for Low Velocity Fan Weather Shelter 3 - as per attached approved submittal,Gulf Facilities Trading & Contracting Co.,22465.95,USD
950,RFPO-7205-E6800-1,10 Dec 2024,PO for Low Velocity Fan Weather Shelter 4 as per Approved Submittal,Gulf Facilities Trading & Contracting Co.,22465.95,USD
951,RFPO-7198-E6800-1,10 Dec 2024,PO for Low Velocity Fan Weather Shelter 5 as per Approved Submittal,Gulf Facilities Trading & Contracting Co.,22465.95,USD
952,RFPO-7204-E6800-2,10 Dec 2024,PO for SAMPLE,(ATC) Asr Taqa Contracting,0,USD
953,RFPO-6705-M4009-1,06 Dec 2024,PO for Golf Cart 8-seater Model - GM-6D+2,"Henan XunHu Equipment Co., Ltd",16060,USD
954,RFPO-6705-V40022-1,06 Dec 2024,PO for Outdoor Carport Tent,LOWES,2210,USD
955,RFPO-5657-V40016-1,05 Dec 2024,"PO for Start-Up, Testing, and Commissioning of Sewage Pumping Systems (SIX LIFT STATIONS)",FLUIDS SOLUTIONS,20052,USD
956,RFPO-6705-M4008A-1,05 Dec 2024,PO for KWAJALEIN HEAVY MACHINERIES PRIORITY 1,Evangel International Machinery Ltd.,201087.6,USD
957,RFPO-6746-A5301-1,05 Dec 2024,PO for High Performance Coating,BM Middle East FZC,29020,USD
958,RFPO-6408-V40023-1,05 Dec 2024,PO for Retouch Paints,The Sherwin-Williams Company,2976.78,USD
959,RFPO-6718-S9103-1,05 Dec 2024,PO for X048 - Third Party inspection ,TUV SUD MIDDLE EAST LLC,1000,AED
960,RFPO-7039-V40001-1,04 Dec 2024,PO for Quicseal 713,Leeds Services Co. Pte Ltd.,15660,USD
961,RFPO-6746-V40019-1,28 Nov 2024,PO for Pressure Gauge,Winters Instruments,2555,AED
962,RFPO-5829-S9102-1,28 Nov 2024,PO for Sewage Tanker Services - Collection and removal of Sewage Tanker waste,OHIO GENERAL CONTRACTING LLC,3500,AED
963,RFPO-5503-A5201-1,27 Nov 2024,"PO for ALUMINIUM DOORS AND ALUMINIUM WINDOWS (W1, W3, W4, W5)",SALZER GmbH,299528,EURO
964,RFPO-5532-V40050-1,27 Nov 2024,PO for SUPPLY AND DELIVERY OF MEDICINES AND ACCESSORIES - DIEGO GARCIA,Leeds Services Co. Pte Ltd.,2415,USD
965,RFPO-3734-M4106-1,26 Nov 2024,PO for INSPECTION - 30XB CHILLER # 1 & 3,Carrier Solutions Contracting and Trading and Services W.L.L.,5000,QAR
966,RFPO-6705-V40021-1,26 Nov 2024,Doug Fir Lumber and Common Nails ,Dateline Exports Inc.,8553.14,USD
967,RFPO-5532-V40048-1,26 Nov 2024,PO forADDITIONAL MATERIALS FOR SEWER AND WATERLINES - F - PVC TEE COMBINATION ,CRESCO MIDDLE EAST TRADING L.L.C,4808,AED
968,RFPO-5532-V40040-3,26 Nov 2024,PO for Man Camp #02 Construction - Trusses and Roofing Materials A,Matco Industries LLC,200703,AED
969,RFPO-5532-V40041-3,26 Nov 2024,PO for Man Camp #01 Construction - Trusses and Roofing Materials A,Matco Industries LLC,66819.5,AED
970,RFPO-5829-V40021-1,25 Nov 2024,PO for External Lighting Fixtures as per attached Submittal,Extol International Trading LLC,238173.88,AED
971,RFPO-5829-A5203-1,25 Nov 2024,PO for FREE ISSUED - TRITON Hollow Metal Steel Doors and Blast Doors - AS PER APPROVED SUBMITTAL,Lakshmi Metal Tech LLC,1171921.36,AED
972,RFPO-6705-V40020-1,25 Nov 2024,MFX Gridlock (E) Bicycles,MUDDY FOX LLC.,11750,USD
973,RFPO-1005-S9104-1,25 Nov 2024,PO for Third Party Inspection Services ,BUREAU VERITAS DUBAI,972.46,AED
974,RFPO-6746-V40018-1,25 Nov 2024,PO for Paints and Coatings,The Sherwin-Williams Company,19822.675,USD
975,RFPO-5532-M4027-1,23 Nov 2024,PO for CONCRETE BATCHING PLANT RECOMMENDED SPARE LIST 100D DRY PLANT,MEKA,22500,EURO
976,RFPO-1569-O75-1,23 Nov 2024,PO for ZIA/ ZPA Implementation - NIST / CMMC Implementation,RivYv Technologies,10000,USD
977,RFPO-5532-M4024-2,22 Nov 2024,PO for 1ST PRIORITY DG HEAVY EQUIPMENTS,Evangel International Machinery Ltd.,284598,USD
978,RFPO-5829-V40022-1,22 Nov 2024,PO for Pump Room Drain Trench Grating - as per Approved Submittal,DUCAST FACTORY - SOLE PROPRIETORSHIP L.L.C. - ABU DHABI BRANCH 1,11440,AED
979,RFPO-6542-V40023-1,21 Nov 2024,"PO for Round Motorized Volume Damper (RMVD), 100mm",KBE Gulf (LLC),1567.76,AED
980,RFPO-6705-V40019-1,20 Nov 2024,PO for HA-4330V,Humboldt Mfg Co,88974.55,USD
981,RFPO-6481-M4001-1,20 Nov 2024,"PO for Fod Boss Sweeper Assembly Including - Gloves, Operator Manual, FB2400-120 Groundforce Tow Hitch and FB2400-41 Carry Strap",GENEREX AVIO offshore,8750,USD
982,RFPO-6168-V40075-1,19 Nov 2024,PO for Toilet Compartments,Sustainable Supply LLC,6267.71,USD
983,RFPO-6746-V40016-1,19 Nov 2024,PO for Flexible Connector,Al Munasib Building Materials Trading LLC,1776,AED
984,RFPO-6852-E6800-1,19 Nov 2024,PO for Explosion Proof Flexible Coupling,Benfield Electric International Ltd.,14885.1,USD
985,RFPO-6718-V40018-1,19 Nov 2024,PO for External Paints for CS pipes,The Sherwin-Williams Company,9630.22,USD
986,RFPO-6746-M4101-2,19 Nov 2024,PO for Water Pump,M.A.H.Y. KHOORY & CO. LLC,59864,AED
987,RFPO-5581-M4001-1,19 Nov 2024,PO for Benzene Direct Reading Meter - As per attached approved Quotation,JJS Technical Services,7373,USD
988,RFPO-6746-V40017-1,19 Nov 2024,PO for Plumbing Supports and Hangers,Isam Kabbani Trading LLC,5492.11,AED
989,RFPO-6168-V40076-1,19 Nov 2024,PO for HDG Channel,"Scott & From Co., Inc.",7488,USD
990,RFPO-6746-V40014-1,18 Nov 2024,PO for Hardware,Fastener Point LLC,7320.88,AED
991,RFPO-6746-V40015-1,18 Nov 2024,PO for Gaskets,"Smith International Gulf Services, LLC",18496,AED
992,RFPO-6852-V40018-1,18 Nov 2024,PO for Hardware for Civil works fabrications,Isam Kabbani Trading LLC,18320.18,AED
993,RFPO-6705-M4007-1,15 Nov 2024,PO for Kit - 4590 EGauge 12/2 w/Acc NO. 4590-1202,Troxler Electronic Laboratories,22200,USD
994,RFPO-5683-V40019-1,15 Nov 2024,PO for Roofing Sheets (for F938),"Scott & From Co., Inc.",25301.95,USD
995,RFPO-6705-V40016-1,14 Nov 2024,PO for OSB Board 3/8inch,Dateline Exports Inc.,29972.1,USD
996,RFPO-7027-V40004-1,14 Nov 2024,PO for Pre-Shipment Inspection,V-Trust Inspection Service Co. Ltd.,268,USD
997,RFPO-6746-V40013-1,14 Nov 2024,PO for SIGHT GLASS ,Gulf Oil & Gas International FZE,4500,AED
998,RFPO-6718-M4001-1,14 Nov 2024,PO for MILLER WELDING MACHINE AND GENERATOR AS PER ATATCHED APPROVED DATA SHEETS,Abdullah Hashim Industrial Gases & Equipment Co. Ltd.,198560,AED
999,RFPO-6542-V40022-1,14 Nov 2024,PO for Metal Locker,SALSBURY INDUSTRIES,2090,USD
1000,RFPO-6542-E6808-1,13 Nov 2024,PO for Disconnect Switch for Garbage Disposal,Benfield Electric International Ltd.,284.9,USD
1001,RFPO-6542-E6809-1,13 Nov 2024,"PO for Interior Light Fittings (Type -A1,A1E,SE,X3,X4)",TIC LIGHT ELECTRICAL CORP,22455,USD
1002,RFPO-6705-V40017-2,13 Nov 2024,PO for No. 4 Epoxy Coated Rebar 20ft,SAYGAN GLOBAL STEEL LTD,25195.58,USD
1003,RFPO-6705-V40017-1,12 Nov 2024,PO for No. 4 Epoxy Coated Rebar 20ft,SAYGAN GLOBAL STEEL LTD,23437.75,USD
1004,RFPO-6705-V40018-1,12 Nov 2024,PO for 234135,LOWES,6912.24,USD
1005,RFPO-6168-V40074-1,12 Nov 2024,PO for Access Door,"Acudor Products, Inc.",2041,USD
1006,RFPO-6718-M4000-1,11 Nov 2024,PO for MILLER WELDING MACHINE AND GENERATOR AS PER ATATCHED APPROVED DATA SHEETS,Abdullah Hashim Industrial Gases & Equipment Co. Ltd.,198560,AED
1007,RFPO-6746-V40002-2,11 Nov 2024,"PO for BAHRA CABLES - American Standard, THHN Wire, 6 AWG, 600V, Black",Extol International FZC,12517.2,AED
1008,RFPO-5829-E6815-1,11 Nov 2024,PO for PROCUREMENT SUPPORT - LV CABLES - AS PER ATTACHED SUBMITTAL,Al Zubair General Trading LLC,4328718.85,AED
1009,RFPO-6705-V40015-1,11 Nov 2024,PO for 1804824,"White Cap Supply Holdings, LLC",6684.8,USD
1010,RFPO-6542-V40018A-1,11 Nov 2024,PO for Exterior Light Fittings & Hazardous Photocell,Extol International FZC,20557,USD
1011,RFPO-6542-V40021-1,11 Nov 2024,PO for Explosion Proof Photocell,Larson Electronics LLC,1098.94,USD
1012,RFPO-6746-V40011-1,08 Nov 2024,PO for MAPEI Materials,Mapei Corporation,16131.91,USD
1013,RFPO-6718-S9102-1,08 Nov 2024,PO for TPI - CS Pipes & Fittings (small sized) & SS Fittings,TUV SUD MIDDLE EAST LLC,1000,AED
1014,RFPO-6841-M4103-1,07 Nov 2024,PO for Packaged Air Conditioning Unit (PACU),S.K.M. Air Conditioning L.L.C.,140000,AED
1015,RFPO-6718-V40017-1,07 Nov 2024,PO for U-Bolt set with Friction pads,APP Manufacturing,5578.04,USD
1016,RFPO-6705-V40014-1,07 Nov 2024,PO for SUPPLY AND DELIVERY OF 90 CU YARDS IF BATCHED CONCRETE TO KWAJALEIN MVL SITE,Parsons,21610,USD
1017,RFPO-6952-E6800-1,07 Nov 2024,PO for Panel Board ,Benfield Electric International Ltd.,2857.14,USD
1018,RFPO-6852-V40017-1,07 Nov 2024,PO for SS Hardware for Square section,Fastener Point LLC,787.2,AED
1019,RFPO-6718-V40015B-1,06 Nov 2024,PO for Square Hollow Sections (SHS),Hidayath Heavy Industry LLC,123500,AED
1020,RFPO-6852-V40012A-1,05 Nov 2024,PO for Electrical Materials,Benfield Electric International Ltd.,150000,USD
1021,RFPO-5532-M4026-1,05 Nov 2024,PO for MEKA 100 DRY CONCRETE BATCHING PLANT- 400V - 3 PHASE - 50 HZ WITH FREQUENCY INVERTER 60 HZ TO 50 HZ,MEKA,215500,EURO
1022,RFPO-6718-V40016-1,05 Nov 2024,"PO for AAV, PRV & Cam lock",Jet Fuel Specialists LLC,5850.34,USD
1023,RFPO-5829-E6810-1,04 Nov 2024,"PO for Supply of llkV RMU, TRM (2F+1T) VRN2a with 200/100/1A CT and including motor actuators on Ring Switches as per TAQA/ADDC specification requirements . Make: Lucy Switchgear",Abdulla Al Madani Trading Company WLL,61000,AED
1024,RFPO-5532-V40047-1,04 Nov 2024,PO for ADDITIONAL MATERIALS FOR SEWER AND WATERLINES - E,CRESCO MIDDLE EAST TRADING L.L.C,2955,AED
1025,RFPO-6746-V40010A-1,04 Nov 2024,PO for Hangers and Supports,Extol International FZC,12310,AED
1026,RFPO-1005-V7204-1,01 Nov 2024,PO for Blue Air Filter,Fantastic Electronics - F.Z.C,29767.5,AED
1027,RFPO-7027-E6800-1,01 Nov 2024,PO for PVC Coated Pipes & fittings,Benfield Electric International Ltd.,17000,USD
1028,RFPO-7027-E6801-1,01 Nov 2024,PO for Electrical Materials,TIC LIGHT ELECTRICAL CORP,31200,USD
1029,RFPO-5683-V40020-1,31 Oct 2024,PO for Roofing Sheets (for F937),"Scott & From Co., Inc.",5918.15,USD
1030,RFPO-6718-V40014-1,31 Oct 2024,PO for Pipe Supports,Isam Kabbani Trading LLC,46404,AED
1031,RFPO-5532-F7002-1,30 Oct 2024,"PO for SUPPLY OF PRIMERS, TOPCOAT AND THINNERS",MVL Firestop Bldg. Matl Trdg. LLC,5042.54,AED
1032,RFPO-6542-E6807-1,30 Oct 2024,PO for Thermostatic Mixing Valve,TIC LIGHT ELECTRICAL CORP,5039.06,USD
1033,RFPO-6705-V40012-1,30 Oct 2024,PO for Lumber Douglas fir Treated,Dateline Exports Inc.,25605.76,USD
1034,RFPO-5695-M4103-1,29 Oct 2024,PO for Electric Core Driling Machine - Model: YG-400G 110V 60 Hz with Accessories,"Zhengzhou Yugong Construction Machinery Co., Ltd.",5632,USD
1035,RFPO-5695-M4103-2,29 Oct 2024,PO for Electric Core Driling Machine - Model: YG-400G 110V 60 Hz with Accessories,"Zhengzhou Yugong Construction Machinery Co., Ltd.",5631,USD
1036,RFPO-5532-V40040-2,28 Oct 2024,PO for Man Camp #02 Construction - Trusses and Roofing Materials A,Matco Industries LLC,200703,AED
1037,RFPO-5532-V40041-2,28 Oct 2024,PO for Man Camp #01 Construction - Trusses and Roofing Materials A,Matco Industries LLC,66819.5,AED
1038,RFPO-5695-V40013A-1,28 Oct 2024,PO for Silica Fume,SODAMCO S A L (DUBAI BRANCH),268065,AED
1039,RFPO-6705-V40013-1,28 Oct 2024,PO for 137SSP,"White Cap Supply Holdings, LLC",763.12,USD
1040,RFPO-6718-M4101-1,28 Oct 2024,PO for Ball & Check Valves,Morex Inc.,29556.6,USD
1041,RFPO-6705-V4356-1,28 Oct 2024,PO for Supply of Lumber - Kwajalein Consumables,"Foshan Inverse Thinking Import and Export Co., Limited",5785,USD
1042,RFPO-6852-A5301-1,28 Oct 2024,PO for Paints & Coatings,The Sherwin-Williams Company,6610.51,USD
1043,RFPO-6542-E6806-1,25 Oct 2024,PO for Special (Dryer) Receptacle,TIC LIGHT ELECTRICAL CORP,146.72,USD
1044,RFPO-6841-E6800-1,25 Oct 2024,PO for Electrical Materials,Benfield Electric International Ltd.,26500,USD
1045,RFPO-6841-E6801-1,25 Oct 2024,PO for Conduit & Fittings,TIC LIGHT ELECTRICAL CORP,7786.32,USD
1046,RFPO-6718-V40013-1,24 Oct 2024,PO for CS Pipes and fittings (small sized),CRA Trading LLC,6689.5,USD
1047,RFPO-1005-V7203-1,23 Oct 2024,PO for Epoxy Coated Rebars.,Hariom Ingots & Power Pvt. Ltd,23027.2,USD
1048,RFPO-6168-S9101-1,23 Oct 2024,PO for TPI for Steel Door & frames,TUV SUD MIDDLE EAST LLC,435,USD
1049,RFPO-5532-V40046-1,22 Oct 2024,"PO for PACKING, CONTAINER LOADING AND LASHING FOR ORDERS 5532-V40040 AND 5532-V40041",Metal and Machine FZE,29400,AED
1050,RFPO-6852-V40014-1,22 Oct 2024,PO for Hardware,Fastener Point LLC,20350.68,AED
1051,RFPO-6852-V40015-1,22 Oct 2024,PO for Supports for Electrical items,Isam Kabbani Trading LLC,32770.8,AED
1052,RFPO-6746-V40010-1,22 Oct 2024,PO for Hangers and Supports,Extol International FZC,10035,AED
1053,RFPO-1569-O74-1,21 Oct 2024,PO for MVL Group Office Related POs,BLACK BOX TECHNOLOGIES L.L.C,45680,AED
1054,RFPO-6952-V40010-1,21 Oct 2024,PO for Epoxy Coated Rebars & Dowels. ,Hariom Ingots & Power Pvt. Ltd,22962.18,USD
1055,RFPO-6952-V40011-1,18 Oct 2024,PO for CTD-R250,AL BAHRI AND AL MAZROEY TRADING COMPANY - L.L.C,6969.14,AED
1056,RFPO-5829-E6814-1,17 Oct 2024,PO for Supply of Low Voltage Motor Control Center - FB-MCC-201,Arabian Gulf Switchgear L.L.C.,89570,AED
1057,RFPO-6852-V40011-1,17 Oct 2024,PO for Rigid & Flexible Conduits & Fittings,AL BAHRI AND AL MAZROEY TRADING COMPANY - L.L.C,151708.45,AED
1058,RFPO-6852-V40013-1,17 Oct 2024,PO for Gaskets,"Smith International Gulf Services, LLC",23419.395,AED
1059,RFPO-6952-A5301-1,17 Oct 2024,PO for Paints and Coatings,BM Middle East FZC,6141,USD
1060,RFPO-6718-V40007A-1,16 Oct 2024,PO for Flange Protectors & Flange Isolation Kits,"Advance Products & Systems, LLC",20246.55,USD
1061,RFPO-6705-V4355-1,16 Oct 2024,PO for Magnet Sticker,SMILE COLOR,930,AED
1062,RFPO-5532-V40042-1,16 Oct 2024,PO for Man Camp #01 Construction - Electrical Materials for units& Common,Extol International FZC,25072.5,AED
1063,RFPO-5532-V40039-3,16 Oct 2024,PO for Man Camp #02 Construction - Electrical Materials for units& Common,Extol International FZC,324962.5,AED
1064,RFPO-5532-V40045-1,16 Oct 2024,PO for Man Camp #01 Construction - Electrical Materials for units& Common,Extol International FZC,25072.5,AED
1065,RFPO-6841-M4102-1,16 Oct 2024,PO for VAV Terminal Units,Ruskin (Thailand) Co. Ltd.,68636,USD
1066,RFPO-6718-V40010A-1,16 Oct 2024,PO for Gaskets,"Smith International Gulf Services, LLC",32172.395,AED
1067,RFPO-7205-S9073-1,15 Oct 2024,"PO for KUW-129.71 Weather Sheter #4 Project 1 Supply, Design, and Fabrication of Metal Building System ( Weather Shelter)",DALAL STEEL INDUSTRIES,110000,USD
1068,RFPO-7198-S9072-1,15 Oct 2024,"PO for KUW-129.70 Weather Sheter #5 Project 2 Supply, Design, and Fabrication of Metal Building System (Weather Shelter)",DALAL STEEL INDUSTRIES,110000,USD
1069,RFPO-6168-S9100-1,15 Oct 2024,PO for TPI for Blast Rated Aluminum Windows,TUV SUD MIDDLE EAST LLC,1000,AED
1070,RFPO-6718-V40012-1,15 Oct 2024,PO for Hardware,Fastener Point LLC,17680.4,AED
1071,RFPO-7204-S9073-1,15 Oct 2024,"PO for KUW-129.73 Weather Sheter #3 Project 3 Supply, Design, and Fabrication of Metal Building System (Weather Shelter)",DALAL STEEL INDUSTRIES,110000,USD
1072,RFPO-5532-V40040-1,14 Oct 2024,PO for Man Camp #02 Construction - Trusses and Roofing Materials A,Matco Industries LLC,202983,AED
1073,RFPO-6952-V40009-1,14 Oct 2024,PO for Wires and Cables,Extol International FZC,9187,AED
1074,RFPO-5532-V40041-1,14 Oct 2024,PO for Man Camp #01 Construction - Trusses and Roofing Materials A,Matco Industries LLC,67799.5,AED
1075,RFPO-5532-M4024-1,14 Oct 2024,PO for 1ST PRIORITY DG HEAVY EQUIPMENTS,Evangel International Machinery Ltd.,273800,USD
1076,RFPO-6542-V40015-1,14 Oct 2024,PO for Crack repairing Epoxy Grout,Mapei Corporation,4060.97,USD
1077,RFPO-6841-V40004-1,14 Oct 2024,PO for Duct Access Doors.,"DUCTMATE INDUSTRIES, INC",87.32,USD
1078,RFPO-5532-F7001-1,14 Oct 2024,PO for Man Camp #01 Construction - Trusses and Roofing Materials B,MVL Firestop Bldg. Matl Trdg. LLC,19285.68,AED
1079,RFPO-6542-V40016-1,14 Oct 2024,PO for Egg Crate Grille,Ruskin Titus Gulf Manufacturing LLC,394.6,USD
1080,RFPO-5532-F7000-1,14 Oct 2024,PO for Man Camp #02 Construction - Trusses and Roofing Materials B,MVL Firestop Bldg. Matl Trdg. LLC,58411.49,AED
1081,RFPO-6718-V40011-1,14 Oct 2024,PO for SS Fittings,CRA Trading LLC,798,USD
1082,RFPO-6852-V40010-1,14 Oct 2024,PO for Mechanical Modular Seal,"Scott & From Co., Inc.",1072,USD
1083,RFPO-6952-V40008-1,11 Oct 2024,PO for Electrical Items,Kelly & Hayes Electrical Industrial & Plumbing Supplies,16974.72,USD
1084,RFPO-5532-V40044-1,10 Oct 2024,"PO for [8INS40] PVC PIPE 8 INCH ANSI/ASTM D 1785 SCH-40 x 6 Mtrs, S/S",Power Plastic Factory LLC,79712.17,AED
1085,RFPO-7027-M4001-1,10 Oct 2024,PO for Customized Flexible Duct,ZERO TECHNOLOGIES HOLDINGS LIMITED,840,USD
1086,RFPO-7027-M4101-1,10 Oct 2024,PO for Packaged Air Conditioning Unit (PACU),S.K.M. Air Conditioning L.L.C.,208000,AED
1087,RFPO-6746-V40009-1,09 Oct 2024,PO for Pipes and Fittings,Puget Sound Pipe & Supply,17777.25,USD
1088,RFPO-7027-V40001-1,09 Oct 2024,PO for Duct Cladding & Accessories,"Scott & From Co., Inc.",17601,USD
1089,RFPO-6852-V40009-1,09 Oct 2024,PO for Escutcheon Plate,Isam Kabbani Trading LLC,1600,AED
1090,RFPO-7027-V40003-1,09 Oct 2024,PO for Adhesives for Duct Insulation,"Scott & From Co., Inc.",596,USD
1091,RFPO-6718-V40008-1,09 Oct 2024,PO for Sample Connection,Saeed Salem Khalfan SSK Enterprises LLC,1650,AED
1092,RFPO-6646-V40003-1,08 Oct 2024,"PO for PVC Materials (Building 2784,2747)",HEELY-BROWN COMPANY,52897.51,USD
1093,RFPO-6705-V40009-1,08 Oct 2024,PO for Epoxy Coated Steel Rebar,Dateline Exports Inc.,14026.41,USD
1094,RFPO-6542-M4101-1,08 Oct 2024,PO for Factory Assembled and Tested Sanitary Sewer Lift Station,Excel Fluid Group LLC,74304,USD
1095,RFPO-6746-V40008-1,07 Oct 2024,PO for Backflow Preventer,Blue Line Trading Group LLC,1179.5,USD
1096,RFPO-6746-M4103-1,07 Oct 2024,PO for Plumbing Valves,Morex Inc.,12555.03,USD
1097,RFPO-6952-V40007-1,07 Oct 2024,PO for Wires and Cables Bahra,Extol International FZC,9187,AED
1098,RFPO-6542-V40014-1,07 Oct 2024,PO for Enclosed Circuit Breaker (Bldg-B119),Kelly & Hayes Electrical Industrial & Plumbing Supplies,585,USD
1099,RFPO-6645-V40003-1,07 Oct 2024,PO for PVC Materials Bldg 2408,HEELY-BROWN COMPANY,425028.38,USD
1100,RFPO-6746-V40007-1,04 Oct 2024,PO for Porcelain Tiles,ODORES METAL LLC,45324.344,USD
1101,RFPO-6705-V40008-1,03 Oct 2024,PO for 24164,LOWES,50581.9,USD
1102,RFPO-5532-V40043-1,03 Oct 2024,PO for Man Camp #02 Construction - Sewer and Waterline - D,Power Plastic Factory LLC,79712.17,AED
1103,RFPO-5532-V40039-2,03 Oct 2024,PO for Man Camp #02 Construction - Electrical Materials for units& Common,Extol International FZC,325622.5,AED
1104,RFPO-6841-M4101A-1,03 Oct 2024,PO for Condensate Drain pipes & fittings,"FERGUSON ENTERPRISES, LLC",410.356,USD
1105,RFPO-6746-M4105-1,02 Oct 2024,PO for Control Panels for Plumbing Circulating Pumps,M.A.H.Y. KHOORY & CO. LLC,20000,AED
1106,RFPO-6841-V40001-1,02 Oct 2024,PO for Duct Insulation - Board & Flexible type,KEPCO Building Materials Trading LLC,7500.12,AED
1107,RFPO-6746-V40006-1,02 Oct 2024,PO for Mosaic Tiles,Daltile Corporation,13117.58,USD
1108,RFPO-6852-V40007-1,01 Oct 2024,"PO for Fuel Transfer Pump, Valves and Tank level Controls",Jet Fuel Specialists LLC,252104.08,USD
1109,RFPO-6705-V40007-2,01 Oct 2024,PO for Fence Slats,"Builders Fence Company, Inc.",12915.79,USD
1110,RFPO-6852-V40008-1,01 Oct 2024,PO for Pump Control System,Jet Fuel Specialists LLC,7192.5,USD
1111,RFPO-6542-V40013-1,30 Sep 2024,Crack repairing Epoxy Grout,Mapei Corporation,4060.97,USD
1112,RFPO-1569-O73-1,30 Sep 2024,PO for NISTCMMC Project implementation - 2024 -ZIA Transformation Edition SKU - ZIATFORMEDITION AND ZPA Essentials Edition SKU - ZPA-ESS EDITION,Raqmiyat L.L.C.,185396.52,USD
1113,RFPO-6841-V40003A-1,30 Sep 2024,PO for Duct Cladding materials & Accessories,"Scott & From Co., Inc.",5072.4,USD
1114,RFPO-6542-V40012-1,30 Sep 2024,PO for Panelboard L (for Bldg-B119),Kelly & Hayes Electrical Industrial & Plumbing Supplies,2150,USD
1115,RFPO-5829-E6813-1,27 Sep 2024,PO for Supply and Delivery of LV PANELBOARDS - AS PER APPROVED SUBMITTAL,Arabian Gulf Switchgear L.L.C.,804070,AED
1116,RFPO-6852-V40005B-1,27 Sep 2024,PO for Earthing & Grounding Materials,Kelly & Hayes Electrical Industrial & Plumbing Supplies,11857.55,USD
1117,RFPO-4814-A5212-1,26 Sep 2024,PO for Supply and Delivery of ASSA Abloy Operator – Entrance Aluminum Windows,Lakshmi Metal Tech LLC,17500,AED
1118,RFPO-6645-V40002-1,26 Sep 2024,PO for Steel Decking- Building 2408,O’Donnell Metal Deck LLC,21740.4,USD
1119,RFPO-7103-V40004-2,26 Sep 2024,PO for Acoustic Tiles,BMET Building Materials Trading LLC,3397.56,AED
1120,RFPO-5532-V40039-1,26 Sep 2024,PO for Man Camp #02 Construction - Electrical Materials for units& Common,Extol International FZC,325622.5,AED
1121,RFPO-4814-A5212-2,26 Sep 2024,PO for Supply and Delivery of ASSA Abloy Operator – Entrance Aluminum Windows,Lakshmi Metal Tech LLC,35000,AED
1122,RFPO-7027-V40002-1,26 Sep 2024,PO for Insulated Flexible Duct and Duct Connector,Delta Duct Airconditioning LLC,2295,AED
1123,RFPO-6852-V40006-1,26 Sep 2024,PO for Welding Electrodes,Enventrol,2313.4,USD
1124,RFPO-5532-M4023-1,26 Sep 2024,PO for Kit - 4590 EGauge 12/2 w/Acc NO. 4590-1202,Troxler Electronic Laboratories,22513.8,USD
1125,RFPO-5829-V40019-1,25 Sep 2024,PO for Procurement Support - GI Rectangular Duct with Insulation as per Approved Submittal,Leminar Air Conditioning Industries L.L.C,437873.7667,AED
1126,RFPO-6705-V4354-1,25 Sep 2024,PO for Kwajalein COSA Office Furniture,"Foshan Inverse Thinking Import and Export Co., Limited",7874.29,USD
1127,RFPO-6542-E6803-1,25 Sep 2024,PO for Wall Switch for Exhaust Fan,Benfield Electric International Ltd.,262.6,USD
1128,RFPO-6746-A5201-1,25 Sep 2024,PO for Aluminium Windows,Dateline Exports Inc.,4760.71,USD
1129,RFPO-6544-V40011-1,25 Sep 2024,PO for Blast Windows,Lakshmi Metal Tech LLC,70750,AED
1130,RFPO-6718-S9101-1,24 Sep 2024,PO for TPI for CS Pipes & Fittings,TUV SUD MIDDLE EAST LLC,1000,AED
1131,RFPO-7103-M4101-1,24 Sep 2024,PO for Condensate Pipes and Fittings,Harrington Industrial Plastics LLC,356.92,USD
1132,RFPO-6542-V40011-1,24 Sep 2024,PO for Wall base & Adhesive,"MANNINGTON MILLS, INC.",1065.002,USD
1133,RFPO-6542-A5301-1,24 Sep 2024,PO for Floor Coating Paints,Sherwin Williams Paints Company,689.72,USD
1134,RFPO-1005-M4075-1,24 Sep 2024,PO for Daikin Split Air Conditioner,CONTEC IMPEX PRIVATE LIMITED,4570000,INR
1135,RFPO-1005-V7198-1,24 Sep 2024,PO for Tate Raised Access Flooring Panel,Gulf Computer Support Systems L.L.C,18684,AED
1136,RFPO-6705-V40007-1,23 Sep 2024,PO for Fence Slats,"Builders Fence Company, Inc.",11715,USD
1137,RFPO-7103-V40003-1,20 Sep 2024,PO for Circuit Breaker,Kelly & Hayes Electrical Industrial & Plumbing Supplies,870,USD
1138,RFPO-6542-E6802-1,19 Sep 2024,PO for Potable Water Expansion Tank ,TIC LIGHT ELECTRICAL CORP,323.74,USD
1139,RFPO-6646-V40002-1,18 Sep 2024,PO for Metal Framing Materials- Building 2749,MCELROY METAL,13491.26,USD
1140,RFPO-6746-V40005-1,18 Sep 2024,PO for 12-30225i,WMS Aquatics,9339.55,USD
1141,RFPO-7103-V40002-1,17 Sep 2024,PO for B42W00150-20,The Sherwin-Williams Company,1896.51,USD
1142,RFPO-6705-V40006-1,16 Sep 2024,PO for Hem Fir Lumber,HOME DEPOT USA,74955.93,USD
1143,RFPO-5532-V4370-1,16 Sep 2024,PO for Man Camp #02 - Diego Garcia - CONEX FURNITURE AND APPLIANCES,"Onmuse ( Suzhou ) Office Furniture Co.,Ltd",100793.22,USD
1144,RFPO-5532-V40038-1,16 Sep 2024,PO for Man Camp #02 Construction - Sewer and Waterline - C,Power Plastic Factory LLC,9316,AED
1145,RFPO-7103-V40001-1,16 Sep 2024,PO for 479FD150R20,"White Cap Supply Holdings, LLC",1698.36,USD
1146,RFPO-7103-V40000-1,12 Sep 2024,PO for HDG Slotted Channel 41x41x2.5X3000MM,Isam Kabbani Trading LLC,340,AED
1147,RFPO-6746-V40004-1,12 Sep 2024,"PO for FRP DOOR, FRAME AND HARDWARE","Guam GMI, INC",39957.46,USD
1148,RFPO-6168-V40073A-1,12 Sep 2024,PO for Duct Cladding materials,"Scott & From Co., Inc.",2753.27,USD
1149,RFPO-6168-V40072-1,12 Sep 2024,PO for Duct Insulation & accessories,ASTIC GEN. TRADING LLC,6753.6,AED
1150,RFPO-6841-V40000-1,11 Sep 2024,PO for Manual Volume Control Dampers,PRIME A/C INDUSTRIES (L.L.C),2762,AED
1151,RFPO-7039-V40000-1,11 Sep 2024,PO for Tie Wires,YKM INTERNATIONAL (LLC),18760,AED
1152,RFPO-5532-V40033-1,10 Sep 2024,PO for Man Camp #02 Construction - Sewer and Waterline - A,CRESCO MIDDLE EAST TRADING L.L.C,15020.29,AED
1153,RFPO-5532-A5351-1,10 Sep 2024,PO for Man Camp #02 - Diego Garcia - Sewer and Waterline - Fixture,Publika Building & Construction Materials Trading L.L.C,8920,AED
1154,RFPO-5532-V40034-1,10 Sep 2024,PO for Man Camp #02 Construction - Sewer and Waterline - B,Power Plastic Factory LLC,20114.31,AED
1155,RFPO-6542-V40010-1,10 Sep 2024,PO for Panelboards,Kelly & Hayes Electrical Industrial & Plumbing Supplies,17460,USD
1156,RFPO-7027-V40000A-1,10 Sep 2024,PO for HVAC PACU Base Stand and Duct Supports,Isam Kabbani Trading LLC,14338.64,AED
1157,RFPO-5829-M4103A-2,09 Sep 2024,PO for Proposal for 10 kVA UPS - Amended,LEMINAR AIR CONDITIONING CO. LLC,132300,AED
1158,RFPO-5532-V4369-1,09 Sep 2024,PO for Folding Container House - as per Approved Drawing and Quotation,FOSHAN SOEASY MODULAR HOUSING CO LTD,51200,USD
1159,RFPO-5829-S9101-1,09 Sep 2024,"PO for TPI visit at Piller Germany, Abgunst 24, 37520 Osterode , Germany  - Witnessing the FAT test of One unit & General inspection of all the units(total 4 nos -  inspector shall verify & sign the F",TUV SUD MIDDLE EAST LLC,630,EURO
1160,RFPO-6952-V40005-1,09 Sep 2024,PO for Civil Materials,"White Cap Supply Holdings, LLC",24790.62,USD
1161,RFPO-6841-M4101-1,09 Sep 2024,PO for Condensate Drain pipes & fittings,"FERGUSON ENTERPRISES, LLC",452.416,USD
1162,RFPO-6718-S9100-1,06 Sep 2024,PO for TPI for SS Pipes & Fittings,TUV SUD MIDDLE EAST LLC,1100,AED
1163,RFPO-7103-E6800-1,05 Sep 2024,PO for 3-IN-EMT-COND,TIC LIGHT ELECTRICAL CORP,23320.21,USD
1164,RFPO-6746-E6800-2,05 Sep 2024,PO for SQUARED FA36100,City Electric Supply,16848.8404,USD
1165,RFPO-6952-V40003-1,05 Sep 2024,PO for Civil Materials,Leeds Services Co. Pte Ltd.,16864,USD
1166,RFPO-6542-V40008A-1,05 Sep 2024,PO for Explosion Proof Receptacles,Larson Electronics LLC,3657.05,USD
1167,RFPO-5829-E6812-1,04 Sep 2024,"PO fSupply and Delivery of Cable Trays with accessories and Cable Ladders with accessories, Round Radial  with Accessories",Excel Electricity Transmission Apparatus Installation LLC,215069,AED
1168,RFPO-6718-V40005-1,03 Sep 2024,PO for Curing Compounds,Al Majara Polychem Industries LLC,996,AED
1169,RFPO-5532-V40032-1,02 Sep 2024,PO for PRE-SHIPMENT INSPECTION OF Dongfeng Captain 125 HP 4*2 5 Ton Dump Truck and 1 year Spare PArts,V-Trust Inspection Service Co. Ltd.,268,USD
1170,RFPO-6952-V40004-1,02 Sep 2024,"PO for 100 Diameter GI Pipe Schedule 40, 3000mm",Isam Kabbani Trading LLC,3108.3,AED
1171,RFPO-6481-S9100-1,29 Aug 2024,PO for INSPECTION OF RUNWAY LIGHTS - QAT-203.23 - AS PER ATTACHED INSPECTION SCOPE,TUV SUD MIDDLE EAST LLC,650,EURO
1172,RFPO-7010-V40000-2,29 Aug 2024,"PO for Cable Tray, Eye Wash Support & SS Plates",Isam Kabbani Trading LLC,4259.8,AED
1173,RFPO-5829-E6811-1,29 Aug 2024,PO for Supply and Delivery of MDB & EMDB,Arabian Gulf Switchgear L.L.C.,543090,AED
1174,RFPO-1005-O6-1,29 Aug 2024,PO for Pre-Printed cards  ,AL TARMEZ DIGIT SYSTEM TECHNOLOGY LLC,11000,AED
1175,RFPO-6746-E6800-1,28 Aug 2024,PO for SQUARED FA36100,City Electric Supply,16495.1808,USD
1176,RFPO-6718-V40004A-1,28 Aug 2024,PO for Internal Coating of CS Pipes & Fittings,Hilong Petroleum Pipe Co. LLC,56542,USD
1177,RFPO-6746-V40003-1,28 Aug 2024,PO for Sealing Materials for Joints in Rigid Pavement,"White Cap Supply Holdings, LLC",3045.96,USD
1178,RFPO-5829-E6809-1,27 Aug 2024,"PO forIMC, EMT & RMC Conduits and Accessories - As per Approved Submittals",Excel Electricity Transmission Apparatus Installation LLC,268792.76,AED
1179,RFPO-6746-V40002-1,26 Aug 2024,"PO for BAHRA CABLES - American Standard, THHN Wire, 6 AWG, 600V, Black",Extol International FZC,12517.2,AED
1180,RFPO-5581-M4000-1,26 Aug 2024,PO for Benzene Direct Reading Meter - as per attached quotation,"REPSS, Inc.",7811.28,USD
1181,RFPO-7027-M4000-1,26 Aug 2024,PO for 30Ton PACU Units,"ZERO TECHNOLOGIES CO., LTD",29611,USD
1182,RFPO-1569-O72-1,26 Aug 2024,"PO for ThinkPad E16	E16, i5-1335U,16 GB Base DDR4, 1TB WUXGA AG 300nits,FHD RGB Cam,1 Year Carry-in	Dos	1 Year Carry In",ARAB LINK GENERAL TRADING LLC,2581,AED
1183,RFPO-6542-E6801A-1,23 Aug 2024,PO for Disconnect Switches & Interior Light Fittings,TIC LIGHT ELECTRICAL CORP,17423.89,USD
1184,RFPO-6542-V40007A-1,23 Aug 2024,PO for Explosion Proof Disconnect Switch (Bldg111-8nos),Cortem GULF FZCO,2000,EURO
1185,RFPO-6718-V40003-1,23 Aug 2024,PO for Welding Rods,FINE TOOLS TRADING LLC,18690,AED
1186,RFPO-6952-V40001-1,22 Aug 2024,PO for 3/4 Rigid Steel Conduit,Extol International Trading LLC,31370.3,AED
1187,RFPO-5193-A5206-2,21 Aug 2024,PO for ALUMINIUM SERIES FIXED WINDOW - INTERIOR - W (MM) 1108 H (MM) 1108,Al Kuhaimi Metal Industries Ltd.,10215,SAR
1188,RFPO-5829-V40018-1,21 Aug 2024,PO for Steel Grating and Frame - As per Approved Submittal and Subject to Approved Drawing,Oasis Metal Manufacturing LLC,1398390,AED
1189,RFPO-5532-V40031-1,21 Aug 2024,"PO for Pre-Shipment Inspection - Telehandler, Accessories, and  Telehandler Spare Parts",V-Trust Inspection Service Co. Ltd.,268,USD
1190,RFPO-6746-V40001-1,21 Aug 2024,PO for DS21604,Kelly & Hayes Electrical Industrial & Plumbing Supplies,290,USD
1191,RFPO-6952-V40000-1,21 Aug 2024,PO for E-FLEX-22101,Kelly & Hayes Electrical Industrial & Plumbing Supplies,388,USD
1192,RFPO-5695-E6801A-1,20 Aug 2024,PO for Rebar Coating,TIC LIGHT ELECTRICAL CORP,1290,USD
1193,RFPO-6852-V40004-1,20 Aug 2024,PO for Portable Eye Wash Station,Bio-Safety Supplies Pte Ltd.,425,SGD
1194,RFPO-6542-V40001-2,19 Aug 2024,PO for Exhaust Fans,"RNK  International, Inc.",43668,USD
1195,RFPO-5829-V40017-1,16 Aug 2024,PO for Interior Lighting Fixture - As per Attached Approved Submittal,Extol International Trading LLC,501526.98,AED
1196,RFPO-6646-S9075-1,15 Aug 2024,PO for Building 2747 - Includes materials and fabrication for Gutters/downspouts/straps/brackets/accessories Coping/cleats/gravel stop/rake edge/drip edge/counter flashing.Sealant/wood nailers/fastene,Ortiz Construction Group LLC,26112,USD
1197,RFPO-6645-S9077-1,15 Aug 2024,PO for Building 2873 - Includes materials and fabrication for Gutters/downspouts/straps/brackets/accessories Coping/cleats/gravel stop/rake edge/drip edge/counter flashing. Sealant/wood nailers/fasten,Ortiz Construction Group LLC,15660,USD
1198,RFPO-5532-V4368-2,15 Aug 2024,"PO for Folding Container house 2.5MX5.8MX2.6H (With Bathroom Design) - 14.5 Area (m2/set) - Total Area 377 (m2) - include truck fee to Guangzhou port, document fee, China side customs fee",FOSHAN SOEASY MODULAR HOUSING CO LTD,0,USD
1199,RFPO-5532-V4368-3,15 Aug 2024,"PO for Folding Container house 2.5MX5.8MX2.6H (With Bathroom Design) - 14.5 Area (m2/set) - Total Area 377 (m2) - include truck fee to Guangzhou port, document fee, China side customs fee",FOSHAN SOEASY MODULAR HOUSING CO LTD,88100,USD
1200,RFPO-5829-E6808-1,13 Aug 2024,"PO for Supply of U S/S 2000kVA,11kV /415V, 3Ph, 50Hz - as per approved submittal attached",United Transformers Electric Company,101700,USD
1201,RFPO-6852-V40001-1,09 Aug 2024,PO for Tie Wires,YKM INTERNATIONAL (LLC),4950,AED
1202,RFPO-6168-V40056-2,09 Aug 2024,PO for Floor Carpets.,Welspun Global Brands Limited,5582.08,USD
1203,RFPO-5829-S9100-2,08 Aug 2024,"PO for ELIT SRL, Piacenza, ITALY - Frequency Converter - 5829-E6800-1",TUV SUD MIDDLE EAST LLC,514.5,EURO
1204,RFPO-5429-V40000-1,08 Aug 2024,PO for Item - GENERAL REQUIREMENTS FOR SUPPLY AND INSTALLATION AS PER BOQ,ACEC s.a.r.l,313669.69,USD
1205,RFPO-5532-M4021-1,08 Aug 2024,PO for MEKA 100 DRY CONCRETE BATCHING PLANT - 460 V 3-phase 60hz,MEKA,215500,EURO
1206,RFPO-5532-M4021-2,08 Aug 2024,PO for MEKA 100 DRY CONCRETE BATCHING PLANT - 460 V 3-phase 60hz,MEKA,215500,EURO
1207,RFPO-5532-M4021-3,08 Aug 2024,PO for MEKA 100 DRY CONCRETE BATCHING PLANT - 460 V 3-phase 60hz,MEKA,215500,EURO
1208,RFPO-6424-E6800-6,08 Aug 2024,PO for TAXIWAY EDGE LIGHTS,"Cooper Crouse-Hinds, LLC",610361.65,USD
1209,RFPO-6852-V40000-2,07 Aug 2024,PO for SS Pipes & Fittings,CRA Trading LLC,139360.12,USD
1210,RFPO-6718-V40002A-1,07 Aug 2024,PO for CS Pipes & Fittings,Technopro Middle East FZCO,37417.53,AED
1211,RFPO-6718-V40001B-1,07 Aug 2024,PO for SS Pipes & Fittings,CRA Trading LLC,40915.8,USD
1212,RFPO-5829-S9100-1,07 Aug 2024,"PO for ELIT SRL, Piacenza, ITALY - Frequency Converter - 5829-E6800-1",TUV SUD MIDDLE EAST LLC,490,EURO
1213,RFPO-6705-M4006-1,07 Aug 2024,PO for HS4-12400C MOBILE BATCH PLANT ,Vince Hagan Company,511208,USD
1214,RFPO-6542-V40006-1,07 Aug 2024,PO for Acoustic Tiles,ODORES METAL LLC,5320.51,USD
1215,RFPO-6544-A5202-1,07 Aug 2024,PO for Steel Door & Hardware,Lakshmi Metal Tech LLC,29500,AED
1216,RFPO-6168-V40071-1,07 Aug 2024,PO for Electrical Materials,Kelly & Hayes Electrical Industrial & Plumbing Supplies,16385.64,USD
1217,RFPO-5829-V40016-1,06 Aug 2024,PO for FIXTURE F1 LOCATION EXTERNAL AREA HANGAR PERIMETER Model: 96635900 AREA FLOOD PRO 2 AFP2 S 24L50-740 A4 CL1 GY,Extol International Trading LLC,21390.22,AED
1218,RFPO-1569-V4267-1,01 Aug 2024,PO for Mini PC - R9-6900h with 32GB and 1TB,"HK PREFERREDCO.,LIMITED",429.6,USD
1219,RFPO-1569-O71-1,31 Jul 2024,PO for DELL OPTIPLEX 7010 I5 13TH GEN 16 GB RAM 1 TB SSD 4GB VGA GT730 - Mr. Bala Desktop Replacement,Midway Computer Trading L.L.C,2100,AED
1220,RFPO-5695-S9101-1,30 Jul 2024,PO for Testing Services for Metal plate,MIRAI CALIBRATION LABORATORY PTE LTD,1100,USD
1221,RFPO-6168-V40064-1,25 Jul 2024,PO for Materials for Stairs & Mezzanine,Isam Kabbani Trading LLC,32603.5,AED
1222,RFPO-6168-V40065-1,25 Jul 2024,PO for Steps (for Stairs),Technofab Steel Fabrication & Welding LLC,7840,AED
1223,RFPO-5581-V40012A-1,25 Jul 2024,PO for Adhesive for Wear Pad for Metallic Pipes,Leeds Services Co. Pte Ltd.,3660,USD
1224,RFPO-6168-M4103-1,25 Jul 2024,PO for PACU Spares,S.K.M. Air Conditioning L.L.C.,705,AED
1225,RFPO-6168-V40067-1,25 Jul 2024,PO for Expansion Anchor (for Stairs),"Scott & From Co., Inc.",638,USD
1226,RFPO-6168-V40068-1,25 Jul 2024,"PO for Additional VCT and Adhesives (X010, X049, X037)",ODORES METAL LLC,2290.68,USD
1227,RFPO-6168-V40069-1,25 Jul 2024,PO for Bollards / Pipe Guards,Rukin Al Basmah Metalic Cont. Ind. LLC,560,AED
1228,RFPO-6542-V40005-1,24 Jul 2024,"PO for Water Closets, Urinals, Lavatories",Blue Line Trading Group LLC,2125.55,USD
1229,RFPO-6542-V40002-2,23 Jul 2024,PO for Interior Light Fitting (D3 Type - 90CRI - for Bldg B119),Kelly & Hayes Electrical Industrial & Plumbing Supplies,125,USD
1230,RFPO-6680-V40000-1,23 Jul 2024,"PO for Duct Access Door, D66ULBI","DUCTMATE INDUSTRIES, INC",34506,USD
1231,RFPO-1005-V7189-1,23 Jul 2024,PO for Supply and Delivery of the Air Filter ,Fantastic Electronics FZC,16960,AED
1232,RFPO-6168-E6806-1,19 Jul 2024,"PO for Electrical Materials (Pipes, fittings, sw/sockets and hardware)",TIC LIGHT ELECTRICAL CORP,65000,USD
1233,RFPO-5193-A5206-1,18 Jul 2024,PO for ALUMINIUM SERIES FIXED WINDOW - INTERIOR - W (MM) 1108 H (MM) 1108,Al Kuhaimi Metal Industries Ltd.,10215,SAR
1234,RFPO-5532-P4800-1,17 Jul 2024,PO for MVL Bromgrove Dri-Fit Polo Shirts ,Orient Uniforms (FZE),2800,AED
1235,RFPO-1005-V7143-3,16 Jul 2024,PO for TYPE WB1 BRAND VIDMAR COO USA WARRANTY 12,United Solution FZE,78500,USD
1236,RFPO-6542-V40002-1,16 Jul 2024,PO for Interior Light Fitting (D3 Type - 90CRI - for Bldg B111),Kelly & Hayes Electrical Industrial & Plumbing Supplies,187.5,USD
1237,RFPO-1005-V7188-1,15 Jul 2024,PO for Air Purifier and Humidifier,SHARP MIDDLE EAST FZE,53286,USD
1238,RFPO-6542-V40004-1,15 Jul 2024,PO for Transformers,Kelly & Hayes Electrical Industrial & Plumbing Supplies,3800,USD
1239,RFPO-6646-V40001-1,11 Jul 2024,PO for Building 2747  VRS325765,HEELY-BROWN COMPANY,34848.94,USD
1240,RFPO-6168-V40063-1,11 Jul 2024,PO for Door Locks,LOCKMASTERS INCORPORATED,2150.2,USD
1241,RFPO-6168-V40023A-1,11 Jul 2024,PO for Hardware items for Steel Doors & Frames,FRANCE METAL GULF,16338.6,USD
1242,RFPO-1569-O70-1,10 Jul 2024,PO for RiB Candy iTwo Subscription Fee for 6 months/ haly year billing,RivYv Technologies,12510,AED
1243,RFPO-6705-V40005-1,10 Jul 2024,NEW UNIT SUBSTATION & PRIMARY SELECTIVE SWITCHES,Kelly & Hayes Electrical Industrial & Plumbing Supplies,296960,USD
1244,RFPO-6544-V40009-1,10 Jul 2024,PO for Adhesive for Window Sill,Leeds Services Co. Pte Ltd.,1800,USD
1245,RFPO-6424-V40001-1,10 Jul 2024,PO for Joint sealant,"White Cap Supply Holdings, LLC",627.75,USD
1246,RFPO-6544-V40010-1,10 Jul 2024,PO for Consumables for Window Sill,TITANIUM BUILDING AND CONSTRUCTION MATERIALS TRAADING,1008.5,AED
1247,RFPO-5532-M4020-1,09 Jul 2024,PO for Drum handler SDLC1 for HELI forklift CPCD85,Evangel International Machinery Ltd.,350,USD
1248,RFPO-6705-P4800-1,09 Jul 2024,PO forMVL - KWAJALEIN Black & White Dri-Fit Polo,Orient Uniforms (FZE),840,AED
1249,RFPO-1569-V4419-1,08 Jul 2024,PO for SHARP MX61FT CYAN TONER CART,Printek  SUPPLIES L.L.C,1050,AED
1250,RFPO-5695-V40011-1,08 Jul 2024,PO for Tie Rod Accessories,Technofab Steel Fabrication & Welding LLC,16470,AED
1251,RFPO-6069-V40002B-1,08 Jul 2024,PO for Acoustical Ceilings,BMET Building Materials Trading LLC,3218.944,AED
1252,RFPO-6168-V40017B-1,08 Jul 2024,PO for Steel Doors & Frames,France Metal,28168.61,USD
1253,RFPO-6168-V40061-1,02 Jul 2024,PO for Light Fittings,Kelly & Hayes Electrical Industrial & Plumbing Supplies,14349,USD
1254,RFPO-5532-M4019-1,26 Jun 2024,PO for EVANGEL 4ton 14m Telescopic Telehandler TH1440,Evangel International Machinery Ltd.,77596,USD
1255,RFPO-5829-V40007A-1,26 Jun 2024,"PO for UPVC PIPE 6 inch NEMA TC-2 EPC-40 x 6 Mts, S/S",Power Plastic Factory LLC,769068,AED
1256,RFPO-6168-V40060-1,25 Jun 2024,PO for Plumbing Fixtures,Blue Line Trading Group LLC,3048.7,USD
1257,RFPO-6542-V40001-1,25 Jun 2024,PO for Exhaust Fans,"RNK  International, Inc.",43206,USD
1258,RFPO-5532-M4018-1,24 Jun 2024,PO for HELI CPCD85 SPARE PARTS,Evangel International Machinery Ltd.,3118.6,USD
1259,RFPO-6542-V40000-1,24 Jun 2024,PO for Toilet Accessories,Blue Line Trading Group LLC,3281.14,USD
1260,RFPO-6542-E6800-1,24 Jun 2024,PO for AO Smith Water Heater.,TIC LIGHT ELECTRICAL CORP,8322.75,USD
1261,RFPO-6645-V40001A-1,21 Jun 2024,PO for Building 2784 . Versico 1/2  Secure Shield HD 4x8,HEELY-BROWN COMPANY,321383.3646,USD
1262,RFPO-6645-V40000A-1,21 Jun 2024,PO for Building 2747. Versico 1/2 inch Secure Shield HD 4x8,HEELY-BROWN COMPANY,156499.9764,USD
1263,RFPO-6646-V40000A-1,21 Jun 2024,PO for Building 2873                                 Versico 1/2 inch Secure Shield HD 4x8,HEELY-BROWN COMPANY,38461.5111,USD
1264,RFPO-6168-E6805-1,20 Jun 2024,PO for Additional Wires,TIC LIGHT ELECTRICAL CORP,14506.5,USD
1265,RFPO-5532-V40030-1,19 Jun 2024,PO for Testing Equipments,Humboldt Mfg Co,97313.69,USD
1266,RFPO-5622-V40003-1,14 Jun 2024,PO for Flexible Loop Sealant,Dateline Exports Inc.,7281.83,USD
1267,RFPO-4814-A5211-1,13 Jun 2024,PO for Replacement for the photo eye sensor – UL325 Photo Eye Sensor,Techtradedoors Trading L.L.C,2500,QAR
1268,RFPO-6705-E6800-1,11 Jun 2024,Supply of Medium Voltage Cables ,EMSI Inc.,25400,USD
1269,RFPO-1005-V7183-1,11 Jun 2024,PO for Megaphone,"NINGBO UMA ELECTRONIC TECHNOLOGY CO., LTD",14790,USD
1270,RFPO-4814-V40012-1,11 Jun 2024,PO for OEF-P-010V-MV - Highbay Sensor,Supreme Technologies,14280,QAR
1271,RFPO-4814-V40013-1,11 Jun 2024,PO for Analog HZ-WP01A,"HK PREFERREDCO.,LIMITED",310,USD
1272,RFPO-6168-V40059-1,10 Jun 2024,"PO for Witnessing the Performance test , FAT & TPI of the Package AC Unit.",TUV SUD MIDDLE EAST LLC,1200,AED
1273,RFPO-6168-V40058-1,07 Jun 2024,PO for SS canopy (Ready to Install),Rukin Al Basmah Metalic Cont. Ind. LLC,67000,AED
1274,RFPO-5581-V40011-1,05 Jun 2024,PO for Wear Pads for Metallic Pipes,Precision Metal Industries FZC,67391.52,AED
1275,RFPO-5829-A5101-1,04 Jun 2024,PO for F 4600 BAC 2,ALMI INTERNATIONAL F.Z.E,87398,AED
1276,RFPO-5153-C6055-1,04 Jun 2024,PO for PAB VPL 50RS UV STABLE DRUM,GCP ITALIANA S.P.A.,173750.94,EURO
1277,RFPO-6168-E6804A-1,03 Jun 2024,PO for Electrical Wires & Cables,TIC LIGHT ELECTRICAL CORP,13839.8,USD
1278,RFPO-6646-S9100-1,30 May 2024,PO for Building 2408,"Carswell Brothers Services, INC.",17590,USD
1279,RFPO-5532-M4016-1,29 May 2024,PO for Dongfeng 190 HP truck mounted XCMG 6.3-ton crane - Propeller Shaft Center Bearing (Part No. 2202N74-083-A),Evangel International Machinery Ltd.,290,USD
1280,RFPO-5829-V40014-1,29 May 2024,PO for ZN415-3NL-6S,MAJID BUKATARA BLDG. MATL TRDG LLC,75524.2,AED
1281,RFPO-5532-M4017-1,29 May 2024,PO for Maxus  V80  Sliding Door and Accessories,"FASTWIN GROUP CO.,LIMITED",312.96,USD
1282,RFPO-6645-S9104-1,29 May 2024,PO for Building 2408,"Booth Plumbing Company, Inc.",144185,USD
1283,RFPO-5829-V40015-1,29 May 2024,PO for KARAM PN 652QR RESCUE KIT (AS PER ATTACHED QUOTATION),RIG STORE FOR GENERAL TRADING L.L.C.,3500,AED
1284,RFPO-1005-E7098-1,29 May 2024,PO for Testing & Commissiong of UPS System,International Business Resources Co.,32000,SAR
1285,RFPO-1569-O69-1,28 May 2024,PO for Beyond Trust Implementation and Support,RivYv Technologies,3500,AED
1286,RFPO-6408-E6800-1,28 May 2024,PO for Thermostat Cables,TIC LIGHT ELECTRICAL CORP,1525.21,USD
1287,RFPO-6069-T1000-1,28 May 2024,PO for Threading Machine & Accessories,Ali Asger & Brothers LLC,56865,AED
1288,RFPO-1005-E7095-1,27 May 2024,PO for UPS Balance Spares,International Business Resources Co.,3272.5,SAR
1289,RFPO-5657-V40015-1,27 May 2024,PO for Mortar & Grout,"White Cap Supply Holdings, LLC",2855.66,USD
1290,RFPO-4814-A5210-1,23 May 2024,PO for Supply of Blast Proof Glass (Door No 128B),Lakshmi Metal Tech LLC,13850,AED
1291,RFPO-6168-M4000-1,23 May 2024,PO for MODEL : THERMIC 5H with accessories,Cleantech Gulf FZCO,13160,AED
1292,RFPO-5532-V4367-1,22 May 2024,PO for HDPE Portable Toilet 1.15mX1.15mX2.3m,FOSHAN SOEASY MODULAR HOUSING CO LTD,11888,USD
1293,RFPO-1569-O68-1,22 May 2024,PO for Cabling Work - With Accessories,Kyoto Technologies,1498,AED
1294,RFPO-5213-A5203-1,22 May 2024,PO for RECTIFICATION/REPAIR OF OVERHEAD COILING DOOR INAL KHARJ-KSA,IDT INTERNATIONAL DOOR TRADING,1500,SAR
1295,RFPO-4814-A5209-1,22 May 2024,PO for Fire Rated Wooden Door Order,Vulcan Industries LLC,5650,AED
1296,RFPO-6705-M4005-1,22 May 2024,PO for 50 UNITS OF BUNK BED AS PER APPROVED DRAWING,"Henan XunHu Equipment Co., Ltd",4150,USD
1297,RFPO-5829-A5351-1,21 May 2024,PO for B-715E 230V,Publika Building & Construction Materials Trading L.L.C,89204,AED
1298,RFPO-5532-V4365-1,20 May 2024,PO for exp16@twothousand.com,"TWOTHOUSAND MACHINERY CO., LTD",1766,USD
1299,RFPO-6705-V40000B-1,20 May 2024,PO for MVS 5/15 kV Lineups,Benfield Electric International Ltd.,227872.95,USD
1300,RFPO-5683-V40018-1,17 May 2024,PO for Touch up Paint (for doors & windows),Leeds Services Co. Pte Ltd.,424,USD
1301,RFPO-5657-V40013-1,17 May 2024,PO for Conduit Fitting,Benfield Electric International Ltd.,3006,USD
1302,RFPO-6705-V40004-1,16 May 2024,PO for Reheat Coil RH1 & RH2,"Scott & From Co., Inc.",2532,USD
1303,RFPO-1005-V7143-2,14 May 2024,PO for TYPE WB1 BRAND VIDMAR COO USA WARRANTY 12,United Solution FZE,81500,USD
1304,RFPO-1005-E7091-4,13 May 2024,PO for POWER SUPPLY,International Business Resources Co.,6690,SAR
1305,RFPO-6544-V40008-1,13 May 2024,PO for Mechanical Support Materials for Window AC,"Scott & From Co., Inc.",3953.25,USD
1306,RFPO-1569-O67-1,13 May 2024,PO for NISTCMMC Project implementation - 2024 - MVL NIST SP 800 171 advisory services,DNV BUSINESS ASSURANCE Group AS Dubai Branch,54000,AED
1307,RFPO-5532-M4015-2,10 May 2024,PO for DIEGO GARCIA - Great wall Wingle7 (Pick-up) -Parts for Preventive Maintenance,"FASTWIN GROUP CO.,LIMITED",735.48,USD
1308,RFPO-1005-E7091-3,09 May 2024,PO for POWER SUPPLY,International Business Resources Co.,8292,SAR
1309,RFPO-5695-V40010-1,09 May 2024,PO for Formwork & Temporary Bracing Materials,Technofab Steel Fabrication & Welding LLC,185000,AED
1310,RFPO-5532-M4015-1,09 May 2024,PO for DIEGO GARCIA - Great wall Wingle7 (Pick-up) -Parts for Preventive Maintenance,"FASTWIN GROUP CO.,LIMITED",555.48,USD
1311,RFPO-5829-M4107-1,08 May 2024,PO for RSe22i-A10,Al Futtaim Auto Machinery Company LLC,558000,AED
1312,RFPO-6705-V40003-1,08 May 2024,PO for 6705 - Kwajalein Atoll - Supply of PPE and Safety Equipment,RIG STORE FOR GENERAL TRADING L.L.C.,5195,AED
1313,RFPO-1569-V4417-1,08 May 2024,PO for Supply and Installation of VEROMATIC SILEO espresso Coffee Machine with Cabinet,Al Shirawi Vending Solutions L.L.C,3881,AED
1314,RFPO-6168-V40054-1,07 May 2024,PO for Metal Cabinet,"Scott & From Co., Inc.",5784.69,USD
1315,RFPO-6705-M4004-1,07 May 2024,PO for 6-SEATER GOLF CART - MODEL GM-6D,"Henan XunHu Equipment Co., Ltd",4850,USD
1316,RFPO-6168-V40055-1,07 May 2024,PO for Accessories for Metal Cabinet,MISAR TRADING CO. ( L L C),1365.9,AED
1317,RFPO-6168-M4102-1,07 May 2024,PO for Drain and Condensate pipes & fittings,"FERGUSON ENTERPRISES, LLC",348.18,USD
1318,RFPO-4814-V40011-1,06 May 2024,"PO for (298 x 598) - 840 Nos - 300*600 Carpenter Dark (6,1.08) cutting only  1. (298 x 598) - 840 Nos",ABC Project W.L.L,33633.74,QAR
1319,RFPO-6645-V40000-1,06 May 2024,PO for Building 2747. Versico 1/2 inch Secure Shield HD 4x8,HEELY-BROWN COMPANY,141552.98,USD
1320,RFPO-6646-V40000-1,06 May 2024,PO for Building 2873                                 Versico 1/2 inch Secure Shield HD 4x8,HEELY-BROWN COMPANY,34189.15,USD
1321,RFPO-5532-M4014-1,06 May 2024,PO for DONGFENG Captain 125HP 4x2 5Ton dump truck:,Evangel International Machinery Ltd.,85550,USD
1322,RFPO-6645-V40001-1,06 May 2024,PO for Building 2784 . Versico 1/2  Secure Shield HD 4x8,HEELY-BROWN COMPANY,228756.92,USD
1323,RFPO-5829-R1506-1,03 May 2024,PO for SHARP BP-20C20T Printer Repair,NEW SMART OFFICE AUTOMATION LLC,855,AED
1324,RFPO-1569-O66-1,01 May 2024,PO for HP 290 G9 CORE I7-12700/16GB/1TB SSD/4GB GT730/KEB/MOUSE/Win 11 Pro/1 YR WARRANTY,AL KOFA COMPUTER TRADING LLC,2415,AED
1325,RFPO-6408-V40022-1,01 May 2024,PO for Supports for Refrigerant Pipes & Insulation,Isam Kabbani Trading LLC,17996,AED
1326,RFPO-5622-E6801-1,30 Apr 2024,PO for Secondary Cable for Transformer,"Cooper Crouse-Hinds, LLC",9640.06,USD
1327,RFPO-1005-E7091-1,30 Apr 2024,PO for POWER SUPPLY,International Business Resources Co.,6832,SAR
1328,RFPO-1005-E7091-2,30 Apr 2024,PO for POWER SUPPLY,International Business Resources Co.,7292,SAR
1329,RFPO-1569-O65-1,30 Apr 2024,"PO for (NISTCMMC Project Implementation) -INTRANET DEVELOPMENT, TESTING, AND IMPLEMENTATION - FOR ALL MVL EMPLOYEES",RivYv Technologies,900,USD
1330,RFPO-5532-V40029-1,30 Apr 2024,PO for TPI for Generator,TUV SUD MIDDLE EAST LLC,1000,AED
1331,RFPO-6705-M4003-1,29 Apr 2024,"PO for Supply, Delivery and Maintenance of 2 Tractors and Drill Machine",Lamphere Construction Ltd dba Heavy Equipment Hunters,109268,USD
1332,RFPO-5655-V40006-1,29 Apr 2024,PO for Air Filters,"Scott & From Co., Inc.",885.6,USD
1333,RFPO-6408-V40021-1,29 Apr 2024,PO for HVAC Duct Works,FIRMAC INDUSTRIES L.L.C,8634.82,AED
1334,RFPO-5683-C5203C-1,26 Apr 2024,PO for Keys & Key Cabinet for Doors,Lakshmi Metal Tech LLC,4620,AED
1335,RFPO-6168-A5203-1,25 Apr 2024,PO for Aluminium Windows,Lakshmi Metal Tech LLC,180000,AED
1336,RFPO-5657-V40012-1,25 Apr 2024,PO for Pipe Fittings,APP Manufacturing,5351.5,USD
1337,RFPO-6168-V40051-1,24 Apr 2024,"PO for Plumbing hose bib, Vacuum breaker and ball valve",DUTCO TENNANT LLC,564.23,AED
1338,RFPO-6168-V40053-1,24 Apr 2024,PO for Anchor Screw (for Canopy),Foundation Building Materials (FBM),872.14,USD
1339,RFPO-6544-V40007-1,24 Apr 2024,PO for VCT & Accessories,"Tri-West, Ltd.",962.5,USD
1340,RFPO-1569-O64-1,23 Apr 2024,PO for 2 DESKTOPS AND 4 MONITORS FOR NEW JOINEE (Arun Nair) (Nizamuddin Z),AL KOFA COMPUTER TRADING LLC,6070,AED
1341,RFPO-6168-V40050-1,23 Apr 2024,"PO for Grout, Mortar & Adhesive","White Cap Supply Holdings, LLC",628.32,USD
1342,RFPO-6168-V40049-1,23 Apr 2024,PO for Tile Adhesive,X-Calibur Emirates LLC,667,AED
1343,RFPO-1005-S9078-1,22 Apr 2024,PO for Repeater Panel,Al Shaikh International Limited Company,12240,SAR
1344,RFPO-5657-M4104-1,19 Apr 2024,PO for Temporary Grinder Pump,Zoeller Pump Company,0,USD
1345,RFPO-5829-V40012-1,18 Apr 2024,PO for Hot Dip Galvanized Steel 25m Polygonal High Mast Suitable To Carry 6 Flood Lights With Caged Ladder & Platform Including Base Plate & Anchor bolts.,Galvacoat Industries,52500,AED
1346,RFPO-5829-V40013-1,17 Apr 2024,"PO for CENTRAL BATTERY MAIN PANEL COMPLETE W/  CONTROL MODULE, CHARGER, BATTERY SET ETC.",Al Bahri & Al Mazroei Technical System-LLC,217500,AED
1347,RFPO-6408-V40017-1,05 Apr 2024,RPR Aluminum Cladding,"Scott & From Co., Inc.",1226,USD
1348,RFPO-1569-V4415-1,05 Apr 2024,PO for SHARP MX61FT YELLOW TONER CART,Printek  SUPPLIES L.L.C,525,AED
1349,RFPO-6544-V40006A-1,05 Apr 2024,PO for Electrical Materials,Kelly & Hayes Electrical Industrial & Plumbing Supplies,13853.29,USD
1350,RFPO-6408-V40020-1,05 Apr 2024,PO for Additional supports,Isam Kabbani Trading LLC,725.9,AED
1351,RFPO-6069-V40001-1,05 Apr 2024,PO for Paints (for Fire Pro Pipes only),The Sherwin-Williams Company,4519.66,USD
1352,RFPO-6168-E6804-1,05 Apr 2024,PO for Electrical Wires & Cables,TIC LIGHT ELECTRICAL CORP,18500,USD
1353,RFPO-5829-E6804-1,04 Apr 2024,PO for HANGER-A01 C4/0-9,Tecon Limited LLC,584998,AED
1354,RFPO-5829-E6805-1,04 Apr 2024,PO for Air Field Lighting as detailed below,GEMS SYSTEMS L.L.C.,495000,AED
1355,RFPO-6408-V40016-1,04 Apr 2024,"Supply of Vapor Barrier, Adhesive & Sealant",BIN DASMAL GENERAL TRADING CO LLC,14077.6,AED
1356,RFPO-1005-V4480-1,03 Apr 2024,PO for A5 STICKERS FOR TRADING ORDER 1005-S9076,SMILE COLOR,480,AED
1357,RFPO-5829-E6806-1,03 Apr 2024,PO for Supply of Power Service Point (PSP),AVCOND GENERAL TRADING L.L.C,399909,AED
1358,RFPO-6424-V40000-1,03 Apr 2024,PO for Rebars and Expansion Board,Dateline Exports Inc.,3627.24,USD
1359,RFPO-5503-V40008A-2,02 Apr 2024,PO for H1B5HF000,Zarifopoulos S.A,71579.2,EURO
1360,RFPO-5657-E6802-1,02 Apr 2024,PO for Steel Enclosure for pumps,MAX TECHNICAL ELECTRICAL TRADING LLC,34068,AED
1361,RFPO-1569-V4414-1,01 Apr 2024,PO for Konnect Straight Desk,BAFCO TRADING LLC,14163,AED
1362,RFPO-6544-V40005-1,01 Apr 2024,PO for Wall Base & Accessories,"MANNINGTON MILLS, INC.",492,USD
1363,PO-415-1584-1,01 Apr 2024,ID CARD PRINTER AND ACCESSORIES,AL TARMEZ DIGIT SYSTEM TECHNOLOGY LLC,111550,AED
1364,RFPO-5655-E6803-1,30 Mar 2024,PO for GE Spectra RMS 600V 250A 3 pole Circuit Breaker and Circuit Breaker Rating Plug Rated for 200A,TIC LIGHT ELECTRICAL CORP,1044.1,USD
1365,RFPO-5829-V40011-1,30 Mar 2024,PO for SAFETY PPE FOR TRITON 30/3/2024,RIG STORE FOR GENERAL TRADING L.L.C.,1315,AED
1366,RFPO-6645-S9103A-1,28 Mar 2024,PO for Office trailer plumbing,AAA Commercial Builders,3292.09,USD
1367,RFPO-6408-V40015-1,26 Mar 2024,PO for HVAC Duct Supports,Isam Kabbani Trading LLC,7898.8,AED
1368,RFPO-6645-S9103-1,25 Mar 2024,PO for The Plumbing should be 3 inch drain and 1 inch water service 20 feet or less from the outside edge of the trailer,AAA Commercial Builders,2500,USD
1369,RFPO-5695-T1000-1,25 Mar 2024,PO for MultiDirectional Scaffold,LAYHER FZE,450000,AED
1370,RFPO-5695-T1001-1,25 Mar 2024,PO for Formwork Tools,Hilti Emirates LLC,59198,AED
1371,RFPO-6069-V40000-1,25 Mar 2024,"PO for Paints (for Interior and Exterior CMU, Drywall and Metals)",The Sherwin-Williams Company,2766.09,USD
1372,RFPO-6544-V40004-1,25 Mar 2024,PO for Mortar Mix (Type N),Dateline Exports Inc.,261.55,USD
1373,RFPO-1005-V4479-1,21 Mar 2024,"PO for Printing:Sticker A5 size Vinyl sticker with matt lamination - 500pcs, Full cutting",SMILE COLOR,800,AED
1374,RFPO-5532-M4013-1,21 Mar 2024,PO for Motor Running Capacitor for the Wasser Tek Threading Machine,Evangel International Machinery Ltd.,117.5,USD
1375,RFPO-1005-S9077-1,20 Mar 2024,PO for KSA - 126 - ACCON - SPARES - AISSOL - KHAMIS,Al Shaikh International Limited Company,19255,SAR
1376,RFPO-5532-V40028-1,20 Mar 2024,PO for Pre-Shipment Inspection of Mobile Lighting Tower,V-Trust Inspection Service Co. Ltd.,268,USD
1377,RFPO-5683-V40012D-1,18 Mar 2024,PO for Cabinets,Dateline Exports Inc.,44902.55,USD
1378,RFPO-6544-V40003-1,14 Mar 2024,PO for Paints,The Sherwin-Williams Company,3093.95,USD
1379,RFPO-6408-V40012-1,13 Mar 2024,PO for Electrical Fitting and Documentation Charges,Extol International Trading LLC,1361.2,AED
1380,RFPO-5829-E6803-1,13 Mar 2024,"PO for FC-ATS-001, 150A, 400V, 4P (Serial No.: J07ATBC30150J5XM)",Arabian Gulf Switchgear L.L.C.,404225,AED
1381,RFPO-6544-V40002A-1,13 Mar 2024,PO for Electrical Panel Boards,Kelly & Hayes Electrical Industrial & Plumbing Supplies,6775,USD
1382,RFPO-5695-V40006A-1,11 Mar 2024,PO for Rebar Couplers,TIC LIGHT ELECTRICAL CORP,27500,USD
1383,RFPO-5410-V40004-1,06 Mar 2024,PO for TRANS- TRANSPORTATION AUSTIN TO KUWAIT AND BACK,"GIBRALTAR PERIMETER SECURITY, LP",24730,USD
1384,RFPO-5532-V40027-1,06 Mar 2024,PO for Pre-Shipment Inspection,V-Trust Inspection Service Co. Ltd.,402,USD
1385,RFPO-6408-V40011-1,06 Mar 2024,PO for Electrical cables and Fittings.,Extol International Trading LLC,63946.15,AED
1386,RFPO-1569-V4413-1,04 Mar 2024,PO for Trophy - Georgia 2024 MVL Family,CRYSTAL ARC FACTORY LLC,5200,AED
1387,RFPO-5829-V4356-1,04 Mar 2024,PO for BACK UP PRINTER - HP 5225n - 1 Set Of toners.,Printek  SUPPLIES L.L.C,3400,AED
1388,RFPO-6645-S9102-1,04 Mar 2024,PO for Office Trailer Service Pole: Installed 25-foot wooden pole. Installed 200 AMP meter supplied by Flint. Installed 200 AMP single-phase panel with an overhead service on the wooden pole. Installe,"Carswell Brothers Services, INC.",7206,USD
1389,RFPO-1569-V4413-2,04 Mar 2024,PO for Trophy - Georgia 2024 MVL Family,CRYSTAL ARC FACTORY LLC,5700,AED
1390,RFPO-5829-V40009-1,29 Feb 2024,"PO for Dia 8 inch PVC pressure pipe, SCH 40 ASTM D 1785, 6 Mtr Long",AL HODA PIPE & TUBE TRADING,222257.55,AED
1391,RFPO-6705-V40000-1,29 Feb 2024,PO for MVS 5/15 kV Lineups,Benfield Electric International Ltd.,219000,USD
1392,RFPO-5532-M4012-1,29 Feb 2024,PO for Generator (for Laydown Yard),Bahmani General Trading L.L.C.,40300,AED
1393,RFPO-5829-V40007-1,28 Feb 2024,"PO for [6INEPC40] UPVC PIPE 6 inch NEMA TC-2 EPC-40 x 6 Mts, S/S",Power Plastic Factory LLC,769067,AED
1394,RFPO-5829-E6802-1,28 Feb 2024,PO for Capacitor Bank 450KVAR - As per Approved Submittal,Arabian Gulf Switchgear L.L.C.,57970,AED
1395,RFPO-5829-V40008-1,28 Feb 2024,"PO for GRP 600mm 12.0M Length Pipe, SP/SP+1 DBC",ABU DHABI PIPE FACTORY,129404,AED
1396,RFPO-5153-C6054-3,27 Feb 2024,PO for 2nd order for PAB VPL 50RS UV Stable drum 131307 and Perm-A-Barrier NPS Strips - 6 feet x 109 feet  117966,GCP ITALIANA S.P.A.,212766.39,EURO
1397,RFPO-5829-V40010-1,27 Feb 2024,PO for Pre.ins.pipe-CS,Emirates Preinsulated Pipes Industries LLC,115000,AED
1398,RFPO-1569-V4412-1,26 Feb 2024,PO for SOUVENIR PASSPORT,Promotional L.L.C-FZ,2266,AED
1399,RFPO-5683-V40017A-1,26 Feb 2024,PO for Enclosed Circuit Breaker,City Electric Supply,4361.38,USD
1400,RFPO-5532-M4102-1,22 Feb 2024,PO for YG-5*10 national standard 10 m2 5 cores cable,"Henan Yugong Machinery Co., Ltd.",640,USD
1401,RFPO-5532-M4011-1,21 Feb 2024,PO for Maxus V80 Blower Resistor,Evangel International Machinery Ltd.,35,USD
1402,RFPO-5503-V40012-1,21 Feb 2024,PO for RACK PDU 400V 3PH WYE L-N 11.1KVA 16A PART NUMBER PX3-1648V-V4,OneNet Digital Solutions,237600,EURO
1403,RFPO-5829-R1505-1,20 Feb 2024,PO for Mobile Crane 100 Ton - Monthly Rental,STAR WAY GENERAL TRANSPORT,252000,AED
1404,RFPO-5655-E6802-1,20 Feb 2024,PO for Safety Switch.,TIC LIGHT ELECTRICAL CORP,3968.42,USD
1405,RFPO-5193-V40013-1,19 Feb 2024,PO for THIRD PARTY INSPECTION OF STEEL DOORS NAFFCO,TUV SUD MIDDLE EAST LLC,1000,AED
1406,RFPO-1005-V7171-1,19 Feb 2024,PO for DI DN 8-inch spigot flange pipe,Unitech Di Pipes & Fittings Mfg. LLC,2166.15,USD
1407,RFPO-5410-V40002-2,16 Feb 2024,PO for Modification P00004 to Contract no. 19GE5021C0001  - Traffic lights LED 24vdc,"GIBRALTAR PERIMETER SECURITY, LP",5668.57,USD
1408,RFPO-5695-S9100-1,16 Feb 2024,PO for Testing Services for Welded Rebar,MIRAI CALIBRATION LABORATORY PTE LTD,900,USD
1409,RFPO-6408-V40009-1,15 Feb 2024,Duct Insulation Material ,Leminar Air Conditioning Co LLC,3020,AED
1410,RFPO-6505-V40000-1,15 Feb 2024,PO for 25 PERSONS FIRST AID KIT WITH CONTENTS FM031,RIG STORE FOR GENERAL TRADING L.L.C.,749,AED
1411,RFPO-6408-V40010-1,15 Feb 2024,PO for Trane Air Handling Units (AHU) and Air Cooled Condensing Units(ACCU),"Scott & From Co., Inc.",88220,USD
1412,RFPO-5153-C6054-2,14 Feb 2024,PO for 2nd order for PAB VPL 50RS UV Stable drum 131307 and Perm-A-Barrier NPS Strips - 6 feet x 109 feet  117966,GCP ITALIANA S.P.A.,209293.05,EURO
1413,RFPO-5532-M4010-1,14 Feb 2024,PO for Mobile Lighting Tower,Evangel International Machinery Ltd.,8750,USD
1414,RFPO-6705-M4002-1,13 Feb 2024,Packing and Transportation Cost - China to Busan,"Henan XunHu Equipment Co., Ltd",1800,USD
1415,RFPO-5532-V40026-1,13 Feb 2024,PO for CPVC Pipes & fittings ,CRESCO MIDDLE EAST TRADING L.L.C,3915.75,AED
1416,RFPO-6168-V40047-1,09 Feb 2024,PO for SST for Duct Penetrations,"Scott & From Co., Inc.",2955.31,USD
1417,RFPO-1005-V7161-1,08 Feb 2024,PO for 11252-712,ODORES METAL LLC,17024.608,USD
1418,RFPO-1005-V7168-1,08 Feb 2024,"PO for 312613-BULK. MXE86383GR10000. STANDARD, 4 IN, 3 CELL TEXTILE INNERDUCT, GREEN 10,000 FT REEL Cut Requirements: 1X2800",ODORES METAL LLC,14240.4,USD
1419,RFPO-6408-V40007-1,08 Feb 2024,PO for Duro Dyne,"Scott & From Co., Inc.",2383.02216,USD
1420,RFPO-6645-S9101-1,08 Feb 2024,PO for Overhead Electrical Service and 200A Meter base,Flint Energies,3817,USD
1421,RFPO-1569-O62-1,08 Feb 2024,PO forProfessional Services of BT RS as per approved Proposal - NIST/CMMC Project implementation,BLACK BOX TECHNOLOGIES L.L.C,28115,AED
1422,RFPO-6168-V40046-1,08 Feb 2024,PO for Wall & Floor Tiles,Prime Tech Trading Est LLC,2976.48,AED
1423,RFPO-1005-V7167-1,08 Feb 2024,PO for Supply and Delivery of Backfill Materials and ABC Materials -7/2/2024,KAD DEVELOPMENT CONSTRUCTION COMPANY,38890,SAR
1424,RFPO-6408-V40008-1,08 Feb 2024,PO for Abro USA,AL HODA PIPE & TUBE TRADING,390,AED
1425,RFPO-6705-V40001-1,08 Feb 2024,"PO for Automatic Transfer Switch, ZBTS T-Series, ABB",Kelly & Hayes Electrical Industrial & Plumbing Supplies,98215,USD
1426,RFPO-6645-S9100-1,07 Feb 2024,PO for Water /Sewer Connection,Columbus Water Works,2650,USD
1427,RFPO-5657-V40011-1,07 Feb 2024,PO for Expansion Joints,POWERFIT INDUSTRIAL PTE LTD,1780,SGD
1428,RFPO-1005-A5220-1,07 Feb 2024,"PO for Toilet Door - 1005mm x 2205mm (LH) Hardware: Hinges,Lockset,Privacy Function with Turn Knob inside and Lever Handle Outside, Kick Plate, MOP Plate, Concealed OH Stop, Door silencers, SS Screw M",Lakshmi Metal Tech LLC,12750,AED
1429,RFPO-1005-V7166-1,07 Feb 2024,PO for Suplly and delivery of Backfill materials,Gulf Inshaa General Contracting Est,16320,SAR
1430,RFPO-5213-V40020-1,07 Feb 2024,"PO for Storage : Open shelf cabinet three adjustable shelf caster wheel 75mm dia 2 brake 2 without brake 1.0 mm thick Steel sheet powder paint stove enamel RAL 7032 Pabble grey, size: 91.5 x D 45 X H ",Khaldoon Factory For Steel Furniture,44660,SAR
1431,RFPO-4814-V40010-1,06 Feb 2024,PO for Kaba Simplex Lock,LOCKMASTERS INCORPORATED,1702.56,USD
1432,RFPO-5683-V40016-1,06 Feb 2024,PO for Additional Electrical Materials,Kelly & Hayes Electrical Industrial & Plumbing Supplies,13028.03,USD
1433,RFPO-1005-V7127-2,06 Feb 2024,"PO for 20A Disconnect switch, 220V Non fusible Outdoor type with Grounding and Neutral terminal.",GULF SUPPORT SYSTEM TRADING Co.,39236.17,SAR
1434,RFPO-1005-V7165-1,05 Feb 2024,PO for DISCONNECT SWITCH 1200A 3 POLE WITH ENCLOSURE CABINET (2000 X 1200 X 600) AND FABRICATED AS PER THE DRAWING APPROVED BY THE CLIENT (FOR BREAKER & CABINET ENCLOSURE) THE BREAKER MADE BY MITSUBIS,GULF SUPPORT SYSTEM TRADING Co.,21450,SAR
1435,RFPO-5695-E6801-1,05 Feb 2024,PO for Rebar Coating,TIC LIGHT ELECTRICAL CORP,1290,USD
1436,RFPO-5193-V40012-1,05 Feb 2024,PO for 1CX7X1W2626 CORMAX IC CORE w/3 KEYS,dormakaba Middle East LLC,7740.08,AED
1437,RFPO-5829-E6801-1,05 Feb 2024,"PO for (Kohler) (SDMO industries) Generating Set 1250 KVA Standby Rated, closed type generator model T1250, with Mitsubishi Engine S12RPTA3 running at 1500 RPM, a Single bearing Kohler Alternator KH04",Site & Power DK FZ LLC - Dubai Branch,900000,AED
1438,RFPO-1005-V7151-2,01 Feb 2024,PO for BLACK NON- REFLECTIVE CUBICLE TRACK SURFACE MOUNTED FLAT-GRID CEILING WITH ACCESSORIES,Construction Specialties (Gulf) Trading Est.,8689.05,USD
1439,RFPO-5410-V40002-1,01 Feb 2024,PO for Modification P00004 to Contract no. 19GE5021C0001  - Traffic lights LED 24vdc,"GIBRALTAR PERIMETER SECURITY, LP",5668.57,USD
1440,RFPO-6646-R1500-1,01 Feb 2024,PO for Jobsite Trailer Model: 60x12 Mobile Office or Similar,Williams Scotsman Inc,34547.02,USD
1441,RFPO-1569-R1506-1,01 Feb 2024,PO for (REPAIR) Supply and installation of Consumables  SHARP MX-3051 machine with SN#  15125288   ,NEW SMART OFFICE AUTOMATION LLC,3600,AED
1442,RFPO-6168-V40045-1,30 Jan 2024,PO for HVAC Duct Supports,Isam Kabbani Trading LLC,13147.45,AED
1443,RFPO-4814-V40009-1,30 Jan 2024,PO for CABLE RACKS ACCESSORIES,WESTEX GROUP INC,15122,USD
1444,RFPO-1569-O61-1,29 Jan 2024,PO for LENOVO LAPTOP - for Mr. Richard Gonzales and Mr. Ferdinand Rayke (replacementt),KASPERTECH GENERAL TRADING LLC,6095.22,AED
1445,RFPO-6544-V40001-1,25 Jan 2024,PO for Mortar Mix,"White Cap Supply Holdings, LLC",524.92,USD
1446,RFPO-1005-V7162-1,24 Jan 2024,PO for Supply of Manual Roller Blinds - Sunscreen Fabric: Natte 380 002002 and Blackout Fabric: Snow 4898,EURO SYSTEMS LLC,3524,AED
1447,RFPO-5532-M4009-1,24 Jan 2024,PO for Backhoe Loader - Consumables - PMS and forklinf Relays,Evangel International Machinery Ltd.,733,USD
1448,RFPO-1569-O60-1,24 Jan 2024,PO for LENOVO LAPTOP - for Mr. Franklin P. Waje,Kyoto Technologies,3170,AED
1449,RFPO-1569-O56-2,22 Jan 2024,PO for CHANGE ORDER FOR MVL OFFICE NETWORK UPGRADE - NISTCMMC Project implementation,Kyoto Technologies,44551,AED
1450,RFPO-5153-C6054-1,22 Jan 2024,PO for 2nd order for PAB VPL 50RS UV Stable drum 131307 and Perm-A-Barrier NPS Strips - 6 feet x 109 feet  117966,GCP ITALIANA S.P.A.,207258.09,EURO
1451,RFPO-5213-R1501-1,22 Jan 2024,"PO for PUMPSET: 8 inch X 8 inch Diesel Engine High Pressure Pump, ModelHP-200, Pump Capacity- 1050m3/h, max), Pressure Head- 90m (max). Sewage with Solids handling size 50mm. 8 inch x 5 Mtrs. Suction ",SKY PUMP Trading EST.,38500,SAR
1452,RFPO-6705-M4001-1,22 Jan 2024,PO for GM-4 with cargo AS PER APPROVED SUBMITTAL,"Henan XunHu Equipment Co., Ltd",9820,USD
1453,RFPO-1569-V4411-1,22 Jan 2024,PO for 1 SET OF TONERS FOR Sharp MX - 3051,Printek  SUPPLIES L.L.C,1860,AED
1454,RFPO-5829-T1001-1,22 Jan 2024,PO for ExtechLT300 Light Meter with calibration,Anaum Measuring Equipment LLC,930,AED
1455,RFPO-1005-V7159-1,22 Jan 2024,PO for 13A DUPLEX RECEPTACLE 220V,GULF SUPPORT SYSTEM TRADING Co.,33656,SAR
1456,RFPO-5829-R1504-1,22 Jan 2024,PO for SET OF TONERS FOR SHARP BP-20C20T machine with SN#35104871,NEW SMART OFFICE AUTOMATION LLC,1655,AED
1457,RFPO-1005-V7160-1,22 Jan 2024,PO for Blue Air Filters,Fantastic Electronics FZC,16900,AED
1458,RFPO-5695-V40007A-1,22 Jan 2024,PO for Concrete Curing Compound,"White Cap Supply Holdings, LLC",319.38,USD
1459,RFPO-6408-V40006-1,19 Jan 2024,"PO for Copper Pipe & Fittings, Refrigerant Valves & Accessories ","Scott & From Co., Inc.",10648.96,USD
1460,RFPO-6168-V40044-1,18 Jan 2024,PO for Toilet Accessories,Blue Line Trading Group LLC,3794.99,USD
1461,RFPO-5532-M4008-1,17 Jan 2024,PO for ISUZU 100P 4X2 98 HP Passenger Van Truck and Trolley,Evangel International Machinery Ltd.,51825,USD
1462,RFPO-5657-M4103-1,17 Jan 2024,PO for Capacitor for the Pump Motors,Zoeller Pump Company,302.4,USD
1463,RFPO-6408-V40002-1,16 Jan 2024,PO for SS  316 Jacketing,"Scott & From Co., Inc.",1616,USD
1464,RFPO-6408-V40003-1,16 Jan 2024,PO for KFLEX-ST Rubber Insulation for Copper and PVC Pipe ,BIN DASMAL GENERAL TRADING CO LLC,2066.16,AED
1465,RFPO-6408-V40004-1,16 Jan 2024,PO for PVC PIPE & FITTINGS SCH40,AL HODA PIPE & TUBE TRADING,759,AED
1466,RFPO-5683-S9077-1,16 Jan 2024,PO for Fire Protection Materials,SUMMIT FIRE CONSULTING (SFC),5900,USD
1467,RFPO-1005-V7158-1,15 Jan 2024,"PO for Ladder Modiϐication Work (Rework Charges, Fabrication Charges, Material Cost) on Supplied Material (Qty – 2 Pcs)",OMAN GRATING COMPANY,8100,SAR
1468,RFPO-6168-V40038A-1,15 Jan 2024,PO for Gypsum Ceiling (Wet & dry areas),BMET Building Materials Trading LLC,9294.8,AED
1469,RFPO-6408-M4103-1,15 Jan 2024,Air Diffuser with Damper & Return Air Grille,Century Mechanical Systems,2520,AED
1470,RFPO-6544-V40000-1,15 Jan 2024,PO for Air Conditioning Unit,"Scott & From Co., Inc.",1579,USD
1471,RFPO-5532-V40025-1,11 Jan 2024,PO for Additional MEP Materials for Man Camp,Kelly & Hayes Electrical Industrial & Plumbing Supplies,3194.5,USD
1472,RFPO-5683-E6803A-1,10 Jan 2024,PO for Dutch Doors & Frames,TIC LIGHT ELECTRICAL CORP,13182.57,USD
1473,RFPO-6408-M4102-1,10 Jan 2024,PO for Fire Dampers and Access Doors ,Century Mechanical Systems,1317.2,AED
1474,RFPO-5829-T1000-1,09 Jan 2024,PO for Peakmeter,Anaum Measuring Equipment LLC,180,AED
1475,RFPO-5532-V4364-1,09 Jan 2024,PO for DOUBLE CAB 4X4 PICK UP,Wafrah Automotive FZCO,34000,USD
1476,RFPO-5657-V40010-1,09 Jan 2024,PO for Enclosures,Benfield Electric International Ltd.,1171.8,USD
1477,RFPO-5532-V40024-1,09 Jan 2024,PO for Additional Boxes & Covers (for Moody Office and Clinic),Extol International Trading LLC,1580,AED
1478,RFPO-1005-E7067A-1,05 Jan 2024,"PO for 10 KW, 240 Volts in, 120/240 Volts out UL924 Certified, 60 Hz, 1 Phase, Inverter System",ALC ADVANCED LIGHTING COMPANY,653880,SAR
1479,RFPO-5213-V40019-1,04 Jan 2024,PO for KOPLER K-401-D-6 inch,Precision Solutions Corporation,11457,SAR
1480,RFPO-5683-V40015-1,04 Jan 2024,PO for THIRD PARTY INSPECTION of Steel Sliding Windows and Aluminum Flush Doors & Frames,TUV SUD MIDDLE EAST LLC,1000,AED
1481,RFPO-6168-T1000-1,03 Jan 2024,PO for Stud anchor,Hilti Emirates LLC,1257.92,AED
1482,RFPO-6168-V40042-1,03 Jan 2024,PO for Wall Base & Accessories,"MANNINGTON MILLS, INC.",2840,USD
1483,RFPO-5213-V40018-1,03 Jan 2024,PO for KOPLER K-4908,CONTRACTORS SERVICES CO.,7900,SAR
1484,RFPO-5213-V40017-1,02 Jan 2024,PO for Blind Flange,Unitech Di Pipes & Fittings Mfg. LLC,19470.65,USD
1485,RFPO-6705-V4352-1,02 Jan 2024,PO for Folding Container House.,FOSHAN SOEASY MODULAR HOUSING CO LTD,224200,USD
1486,RFPO-5193-V40010A-1,02 Jan 2024,PO for Door A003A,NATIONAL FIRE FIGHTING MANUFACTURING FZCO,20093.19,USD
1487,RFPO-5829-E6800-1,28 Dec 2023,"PO for Supply of 45KVA, 400Hz and 28VDC, 600Amp Static Frequency Converter Unit, Make - PILLER, Germany. Solid State Frequency Converter (Combi Unit) Type APOJET AJS C8v-1-R-45-480/200-6/40-C-A",AVCOND GENERAL TRADING L.L.C,2024192,AED
1488,RFPO-1192-R1511-1,27 Dec 2023,PO for NISSAN SUNNY 1.5L 2024YM - Mr. Girish,CLASS WORLDWIDE CAR RENTAL LLC,2800,AED
1489,RFPO-1192-V4341-1,27 Dec 2023,PO for SLAB WITHOUT FACING (SXXX) Density 160KgM3 Thickness 50mm Size1.2 MtrX 0.6 Mtr = Quantity 500 sheets,FUJAIRAH ROCKWOOL FACTORY,12546,AED
1490,RFPO-5655-E6801-1,26 Dec 2023,PO for Wiring Materials,TIC LIGHT ELECTRICAL CORP,10080.8,USD
1491,RFPO-5695-M4102-1,21 Dec 2023,PO for BIOT-121.16 N4008422F4476 QC1018 - HYDRAULIC WIRE SAW AND ELECTRIC CORE DRILL,"Henan Yugong Machinery Co., Ltd.",22113,USD
1492,RFPO-1005-M7088-1,20 Dec 2023,PO for CDP200 Square Ceiling Diffuser with Removable core/Gasket/Opposed Blade Damper - Mill Finish,KBE SAUDI ARABIA L.L.C,3091.78,SAR
1493,RFPO-1192-V4340-1,18 Dec 2023,PO for 18mm Commercial Ply Putty Smooth Finish,KRYSTAL CLEAR CONTRACTING LLC,3500,AED
1494,RFPO-5193-V40011-1,18 Dec 2023,PO for 45H7D15J630S1 LC MORTISE LOCK,dormakaba Middle East LLC,45500.45,AED
1495,RFPO-1005-V7156-1,18 Dec 2023,PO for ADDITIONAL GATE VALVES 6 INCH AND 8 INCH - KHAMIS MUSHAYT,CONTRACTORS SERVICES CO.,5600,SAR
1496,RFPO-5683-S9076-1,18 Dec 2023,PO for Fire Alarm Materials,SUMMIT FIRE CONSULTING (SFC),3500,USD
1497,RFPO-6705-M4000-1,18 Dec 2023,PO for GM-4 with cargo AS PER APPROVED SUBMITTAL,"Henan XunHu Equipment Co., Ltd",10820,USD
1498,RFPO-6168-V40037-1,18 Dec 2023,PO for Gypsum Partition & supports,BMET Building Materials Trading LLC,20794.61,AED
1499,RFPO-1005-E7080A-1,18 Dec 2023,PO for Soval Operating Nut for 802 Series Part # ON-GV-ULFM-A,TIC LIGHT ELECTRICAL CORP,128.32,USD
1500,RFPO-6168-V40036-1,15 Dec 2023,PO for CPVC Pipes & fittings,CRESCO MIDDLE EAST TRADING L.L.C,197.03,AED
1501,RFPO-6168-V40035A-1,15 Dec 2023,PO for PVC Straight pipes & fittings,AL HODA PIPE & TUBE TRADING,1072.5,AED
1502,RFPO-5532-E6803-1,14 Dec 2023,PO for DIEGO GARCIA - CABLES FOR TELEPHONE LINE AND FIBER OPTIC FOR OFFICE INTERNET CONNECTION,Alpha Link Technology LLC,44109.95,AED
1503,RFPO-5410-E6800-1,13 Dec 2023,PO for Siemens - Molded Case Circuit Breaker,TIC LIGHT ELECTRICAL CORP,947.89,USD
1504,RFPO-6168-V40033-1,13 Dec 2023,PO for VCT & Adhesive,"Tri-West, Ltd.",6050,USD
1505,RFPO-1569-O59-2,13 Dec 2023,PO for MVL OFFICE NETWORK UPGRADE - NISTCMMC Project implementation - UNIFI 48 PORT SWITCH:USW-PRO-48- POE.,Kyoto Technologies,3820,AED
1506,RFPO-5532-E6802-1,13 Dec 2023,PO for CABLES FOR TELEPHONE LINE AND FIBER OPTIC  - as per approved brand and part number,Alpha Link Technology LLC,53779.56,AED
1507,RFPO-1005-V7155-1,13 Dec 2023,PO for Air Purifier and Humidifier ,COSMOS GENERAL TRADING L.L.C,148174,USD
1508,RFPO-5695-V40005-1,12 Dec 2023,PO for 32mm Rebars,Dateline Exports Inc.,1545.11,USD
1509,RFPO-5695-V40004-1,12 Dec 2023,PO for Joint Sealant,Dateline Exports Inc.,1030.38,USD
1510,RFPO-5532-V40023-1,11 Dec 2023,PO for Pneumatic accessories - Diego Garcia General Use,Technos Multiline LLC,834,AED
1511,RFPO-6168-V40032-1,08 Dec 2023,PO for Light Fitting Samples,Kelly & Hayes Electrical Industrial & Plumbing Supplies,1121.5,USD
1512,RFPO-5683-V40014A-1,08 Dec 2023,PO for Purlins & hardware for Overhead Coiling Door,Metal and Machine FZE,1812,AED
1513,RFPO-1569-O59-1,08 Dec 2023,PO for MVL OFFICE NETWORK UPGRADE - NISTCMMC Project implementation - UNIFI 48 PORT SWITCH:USW-PRO-48- POE.,Kyoto Technologies,3980,AED
1514,RFPO-1005-V7153-1,07 Dec 2023,PO for Air Purifier,Fantastic Electronics FZC,39500,AED
1515,RFPO-6168-V40031-1,07 Dec 2023,PO for Electrical Panel Boards,TIC LIGHT ELECTRICAL CORP,14405.25,USD
1516,RFPO-5683-E6802-1,07 Dec 2023,PO for Additional Electrical Materials,City Electric Supply,10864.1045,USD
1517,RFPO-5213-R1500-1,07 Dec 2023,"PO for PUMPSET: 8 inch X8 inch Diesel Engine High Pressure Pump, ModelHP-200, Pump Capacity- 1050m3/h, max), Pressure Head- 90m (max). Sewage with Solids handling size 50mm. 8”x5 Mtrs. Suction Hose ",SKY PUMP Trading EST.,38500,SAR
1518,RFPO-1569-O58-1,06 Dec 2023,PO for MVL Microsoft 365 Suite Implementation Project - Project Implementation of SOW specified in this document including Cloud migration (280 users) with required migration software licenses and M36,RivYv Technologies,10500,USD
1519,RFPO-1005-V7150-1,05 Dec 2023,PO for SENTRY NRS GATE VALVE PIV-TYPE DI ANSI-FL 300PSI UL/FM  6 inch #NRSP-6000-FF-6 inch,CONTRACTORS SERVICES CO.,1200,SAR
1520,RFPO-1005-V7151-1,05 Dec 2023,PO for BLACK NON- REFLECTIVE CUBICLE TRACK SURFACE MOUNTED FLAT-GRID CEILING WITH ACCESSORIES,Construction Specialties (Gulf) Trading Est.,8189.05,USD
1521,RFPO-1569-O57-1,05 Dec 2023,PO for LAPTOP FOR PROGRAM MANAGER - JAMES SHEEHAN,KASPERTECH GENERAL TRADING LLC,3190.5,AED
1522,RFPO-1005-S9102-1,01 Dec 2023,PO for TPI - CWI INSPECTOR HOUR(S) DATED: 07/13/23 (DH-01)  MILEAGE  - FOR  1005-M7055,"MTB QUALITY CONSULTANTS, INC.",1105.25,USD
1523,RFPO-5829-R1503-1,01 Dec 2023,PO for BLACK TONER FOR BP-20C20T - 1/12/2023,NEW SMART OFFICE AUTOMATION LLC,250,AED
1524,RFPO-1569-O56-1,01 Dec 2023,PO for MVL OFFICE NETWORK UPGRADE - NISTCMMC Project implementation,Kyoto Technologies,42799,AED
1525,RFPO-1005-V7147-1,30 Nov 2023,"PO for QT OHA-23-235 Rev02 - VALVE BOX, POST INDICATOR, GATE VALVE, AND ACCESSORIES",CONTRACTORS SERVICES CO.,15200,SAR
1526,RFPO-4814-E6802A-2,30 Nov 2023,PO for Gentex Horn Strobe - As Per Attached Approved Data Sheet,TIC LIGHT ELECTRICAL CORP,1288.34,USD
1527,RFPO-5503-V40011-1,30 Nov 2023,PO for PN : B1104-081347-167239,OneNet Digital Solutions,442394.28,EURO
1528,RFPO-5193-E6803-1,29 Nov 2023,PO for 45H7D15J630AMRHRBS1,TIC LIGHT ELECTRICAL CORP,5444.32,USD
1529,RFPO-5153-C6052-1,28 Nov 2023,PO for PAB VPL 50 RS UV STABLE,GCP ITALIANA S.P.A.,81185,EURO
1530,RFPO-1192-V4338-1,28 Nov 2023,PO for SLAB WITHOUT FACING (SXXX) Density: 160Kg/M3 Thickness: 50mm Size:1.2 MtrX 0.6 Mtr = Quantity: 500 sheets,FUJAIRAH ROCKWOOL FACTORY,12546,AED
1531,RFPO-1005-V7148-1,28 Nov 2023,"PO for ( QTN Ref. : R23-A135-1) - Fire Hydrant, Dry Barrel, Model: K-401-D, UL/FM, Bury Depth 4 ft,  Flanged, Size 6 INCH, KOPLER - K-401-D-6 INCH",Precision Solutions Corporation,12820,SAR
1532,RFPO-1192-V4339-1,28 Nov 2023,"PO for Saudi Rockwool unfaced slab insulation 50mm, 64 kg/m3 1.2X0.6 M",CMS - Group of Companies,2488.32,AED
1533,RFPO-1005-V7145-1,27 Nov 2023,PO for Flange spigot (Std ),Unitech Di Pipes & Fittings Mfg. LLC,33027.68,USD
1534,RFPO-1005-V7146-1,27 Nov 2023,PO for GROUNDING KIT,GULF SUPPORT SYSTEM TRADING Co.,2867.5,SAR
1535,RFPO-5683-V40013-1,24 Nov 2023,PO for TPI for Overhead Coiling Doors,TUV SUD MIDDLE EAST LLC,762,USD
1536,RFPO-1569-O55-1,24 Nov 2023,PO for License Cost of Microsoft GCC. Quantity: 230 nos,BLACK BOX TECHNOLOGIES L.L.C,510000,AED
1537,RFPO-1192-V4337-1,23 Nov 2023,"PO for Saudi Rockwool unfaced slab insulation 50mm, 64 kg/m3 1.2X0.6 M",CMS - Group of Companies,2488.32,AED
1538,RFPO-6168-M4101-1,23 Nov 2023,PO for Packaged Units (PACU),S.K.M. Air Conditioning L.L.C.,94500,AED
1539,RFPO-1569-O54-1,23 Nov 2023,PO for Crucial P3 4TBM.2 PCIe Gen4 NVME,Kyoto Technologies,3975,AED
1540,RFPO-6168-V40030-1,23 Nov 2023,PO for Paints,The Sherwin-Williams Company,17895.01,USD
1541,RFPO-4814-E6802A-1,23 Nov 2023,PO for Gentex Horn Strobe - As Per Attached Approved Data Sheet,TIC LIGHT ELECTRICAL CORP,1166.56,USD
1542,RFPO-5193-V40009-1,23 Nov 2023,PO for Security Asset Manager (SAM) - K1C2836C096G,KEYLESS SMART SAFETY & SECURITY SYSTEMS LLC,72375.31,AED
1543,RFPO-6168-V40029-1,22 Nov 2023,"PO for Epoxy coated rebars for Doweled joint, Blank off, Spall, Metal Cabinet",MADAR EMIRATES FOR BUILDING MATERIALS (L.L.C.),1724.4,AED
1544,RFPO-5684-V40003A-1,22 Nov 2023,PO for Additional Electrical Materials,Kelly & Hayes Electrical Industrial & Plumbing Supplies,3815.65,USD
1545,RFPO-5153-C6051-1,20 Nov 2023,PO for WATER PROOFING SYSTEMS GCP_C.RE ARMY FAMILY - CASERMA EDERLE (VI),GCP ITALIANA S.P.A.,45371,EURO
1546,RFPO-6168-V40027-1,20 Nov 2023,PO for Bracing Materials for CMU Wall,"Scott & From Co., Inc.",4230.78,USD
1547,RFPO-5829-M4104A-1,16 Nov 2023,"PO for UAE -123 Triton -FAHU, AHU, FCU -Cool Technologies",COOL TECHNOLOGIES,550000.08,AED
1548,RFPO-1005-F7063-1,16 Nov 2023,PO for Pre-coating & finishing services with putty for plywood `( 2.4 m x 1.2 m ) 25 units of boards.,MVL Firestop Bldg. Matl Trdg. LLC,4000,AED
1549,RFPO-1192-R1510-1,15 Nov 2023,PO for Full-Service Maintenance Agreement # 10109/SAJ/23 M/C Ref: DXB-025393,NEW SMART OFFICE AUTOMATION LLC,4950,AED
1550,RFPO-5503-E6801-1,15 Nov 2023,PO for GSBF-18P,TIC LIGHT ELECTRICAL CORP,17345.7,USD
1551,RFPO-6168-V40026-1,15 Nov 2023,PO for Supply of Cladding for pipe work,Adhwa Al Zahra Tech. Cont. LLC,6000,AED
1552,RFPO-1192-V4459-1,14 Nov 2023,PO for COLOR DIVIDERS WITHOUT NUMBER,GRAND STATIONERY CO LLC,595.5,AED
1553,RFPO-5655-M4101-1,14 Nov 2023,PO for COBRA-DIG-SET-VF D-115V,ORIFLOW,6700,USD
1554,RFPO-5622-V40002-1,09 Nov 2023,PO for SS Engraved Labels,Grace Labels LLC,1800,AED
1555,RFPO-5829-M4104-1,08 Nov 2023,PO for UNIT REF. FCU-A-01 AIR FLOW (LPS) 119 COOLING COIL CAPACITY TOTAL KW 1.9 COOLING COIL CAPACITY SENSIBLE  KW 1.9 MODEL TFC M-035,COOL TECHNOLOGIES,550000.08,AED
1556,RFPO-1005-M7084-1,06 Nov 2023,"PO for [SMV] Mini Ball Valve or Gauge cock, Lever Handle Mini , Brass body, SS ball, 400psi max, 1/2 inch NPT F x F connection, SMV504-V",ALI MANEA ALYAMI TRADING EST.,112,SAR
1557,RFPO-5193-A5205-1,02 Nov 2023,PO for Plastic Caps matching the frame 250 PCS and Manufacturer Labels 42 pcs,ARCHITECTURAL METAL DOORS FZC,1650,AED
1558,RFPO-5655-T1002-1,02 Nov 2023,PO for RACU X-012 TESTING EQUIPMENT - ANAUM,Anaum Measuring Equipment LLC,3527.14,AED
1559,RFPO-6168-E6801-1,01 Nov 2023,PO for Water Heater,TIC LIGHT ELECTRICAL CORP,750.04,USD
1560,RFPO-5532-M4007-1,01 Nov 2023,PO for A batch spare part of DONGFENG truck mounted  crane,Evangel International Machinery Ltd.,1639,USD
1561,RFPO-6168-V40025-1,01 Nov 2023,"PO for TPI visit for Steel Doors & Frames at QMI, Dubai",TUV SUD MIDDLE EAST LLC,1000,AED
1562,RFPO-1005-V7143-1,01 Nov 2023,PO for TYPE WB1 BRAND VIDMAR COO USA WARRANTY 12,United Solution FZE,76500,USD
1563,RFPO-5532-V4363-1,01 Nov 2023,PO for Description Customized Black Short Sleeve Polo Shirt Drifit with 1 position logo embroidery on front left chest (MVL Broomgrove) logo  Material :-Polyester Pique Type Black color (Pk-10)  Size ,The Uniform World Tailoring and Textiles LLC,1320,AED
1564,RFPO-5655-T1000-1,01 Nov 2023,PO for RACU X-012 TESTIGN EQUIPMENT - AAB TOOLS,Ali Asger & Brothers LLC,4690,AED
1565,RFPO-5655-T1001-1,01 Nov 2023,PO for RACU X-012 TESTIGN EQUIPMENT - ANBI,ANBI GENERAL TRADING LLC,13300,AED
1566,RFPO-6168-V40024A-1,01 Nov 2023,PO for HVAC Exhaust Fans Units,Greenheck Fan Corporation,2600,USD
1567,RFPO-1192-M4103-1,31 Oct 2023,"PO for Saudi Rockwool unfaced slab insulation 50mm, 64 kg/m3 1.2X0.6 M",Century Mechanical Systems,4976.64,AED
1568,RFPO-5532-V40022-1,31 Oct 2023,PO for Wires,Kelly & Hayes Electrical Industrial & Plumbing Supplies,8601,USD
1569,RFPO-5532-V40019A-1,31 Oct 2023,PO for Electrical Materials for Moody Office and Clinic,Extol International Trading LLC,56124.6,AED
1570,RFPO-5684-V40002A-1,31 Oct 2023,PO for 11422EKHSR: Board Layers,BMET Building Materials Trading LLC,6698.18,AED
1571,RFPO-1005-V7136-2,30 Oct 2023,PO for ,Al Shaikh International Limited Company,45127,SAR
1572,RFPO-1005-V7142-1,30 Oct 2023,"PO for 2nd TPI visit at Vendor – Petraa, KSA (remote location) - Above rate is inclusive of food, accommodation, and transportation.",TUV SUD MIDDLE EAST LLC,392,USD
1573,RFPO-5532-M4006-1,30 Oct 2023,"PO for ELCOMETER 270 PINHOLE DETECTOR: 9, 67.5 AND 90V",Elcometer L.L.C.,9755,AED
1574,RFPO-1005-E7076-1,30 Oct 2023,PO for 1 LF009M2-QT,TIC LIGHT ELECTRICAL CORP,1270.03,USD
1575,RFPO-5829-V4355-1,30 Oct 2023,PO for ACI Concrete Transportation Construction Inspector   Training & Certification,BUILDACT FZ LLC,19650,AED
1576,RFPO-1005-M7082-1,27 Oct 2023,PO for Sealtech,ALI MANEA ALYAMI TRADING EST.,2305,SAR
1577,RFPO-1005-V7140-1,27 Oct 2023,PO for GALA BRONZ BALL VLV #150 NPT (1251) 1-1/2 inch MADE IN USA,SALEH ZAID ALQURAISHI & PARTNERS TRAD.CO.LTD.,216,SAR
1578,RFPO-1192-V4335-1,27 Oct 2023,PO for SLAB WITHOUT FACING (SXXX) Density: 160Kg/M3 Thickness: 50mm Size:1.2 MtrX 0.6 Mtr,FUJAIRAH ROCKWOOL FACTORY,12546,AED
1579,RFPO-5829-M4105-1,26 Oct 2023,"PO for SUPPLY, TESTING AND COMMISSIONING OF PRIMARY CHILLED WATER PUMP 22 LPS @ 17 M",Al Tayer Engineering L.L.C.,78000,AED
1580,RFPO-5829-M4000-1,26 Oct 2023,PO for TS07 2,GECO ENGINEERING EQUIPMENTS TRADING L.L.C,50730,AED
1581,RFPO-5503-V40010-1,26 Oct 2023,PO for EATON 93PM,OneNet Digital Solutions,313400,EURO
1582,RFPO-6168-V40021-1,26 Oct 2023,PO for Hardware for Acoustic Tiles,MISAR TRADING CO. ( L L C),191.36,AED
1583,RFPO-5193-E6802-1,25 Oct 2023,PO for 19,Aklaniat Technologies LTD,315,SAR
1584,RFPO-1569-O53-1,25 Oct 2023,PO for DESK DELL Opti 7000 MT Ci7 12700  32GB 1TBSSD 4GB GRAPHICS DOS 1YR  PRO SUPPORT,Kyoto Technologies,3742,AED
1585,RFPO-6168-V40019-1,25 Oct 2023,"PO for Diffusers, Registers, and Grilles",Faisal Jassim Industries LLC,3307.5,AED
1586,RFPO-1192-V4458-1,24 Oct 2023,"PO for Delivery note : A4 size (21X29.7cm) 1+3ply (W+Y+P+B) 4 color, numbering 10 books printing",SMILE COLOR,575,AED
1587,RFPO-5655-V40005-1,24 Oct 2023,PO for Chiller Base,"Scott & From Co., Inc.",11121,USD
1588,RFPO-5193-E6801-5,23 Oct 2023,PO for Hinged Dust Cover UNIV bl,Aklaniat Technologies LTD,28622.47,SAR
1589,RFPO-1005-V7137-1,23 Oct 2023,PO for  Workbench with Hardwood Top  - VIDMAR WORKSTATION - AS PER ATTACHED APPROVED QUOTATION AND DRAWING,SWS VidmarLista,42146.94,USD
1590,RFPO-1005-V7139-1,23 Oct 2023,PO for Supplying materials for the Rip-rap material work according to the required specifications from the crusher to the work site in the project,Gulf Inshaa General Contracting Est,5508,SAR
1591,RFPO-1005-V7138-1,23 Oct 2023,PO for REPAINTING OF FIRE EXTINGUISHERS CABINET MODEL:NF/800FRC/RA SERIES,NATIONAL FIRE FIGHTING MANUFACTURING FZCO BR (NAFFCO),2880,SAR
1592,RFPO-5829-R1502-1,22 Oct 2023,PO for BlacK Toner for SHARP BP-20C20T,NEW SMART OFFICE AUTOMATION LLC,1405,AED
1593,RFPO-1569-O52-1,22 Oct 2023,"PO for LH55QMCEBGCXUE SAMSUNG UHD4K SOC SIGNAGE, QM55C.- COMMERCIAL TV",Kyoto Technologies,2080,AED
1594,RFPO-6168-V40016-1,20 Oct 2023,PO for Roof Fall Protection Materials.,"Scott & From Co., Inc.",3984.375,USD
1595,RFPO-1569-O51-2,19 Oct 2023,"PO for 2 DESKTOP, 4 MONITORS AND COMMERCIAL 55 INCH TV WITH WALL BRACKET",Kyoto Technologies,7484,AED
1596,RFPO-5193-E6801-4,19 Oct 2023,PO for Hinged Dust Cover UNIV bl,Aklaniat Technologies LTD,28622.47,SAR
1597,RFPO-5193-V40008-1,18 Oct 2023,PO for A003A (As per Approved Submittal),NATIONAL FIRE FIGHTING MANUFACTURING FZCO,7992.94,USD
1598,RFPO-6408-M4101-1,18 Oct 2023,"PO for Air Diffuser, Registers & Grilles, Fire Damper ",Century Mechanical Systems,3234.4,AED
1599,RFPO-6168-V40015-1,18 Oct 2023,PO for STEEL WIRE ROPE ,ROMA ENTERPRISES (L.L.C.),2677.5,AED
1600,RFPO-1569-O51-1,17 Oct 2023,"PO for 2 DESKTOP, 4 MONITORS AND COMMERCIAL 55 INCH TV WITH WALL BRACKET",Kyoto Technologies,9564,AED
1601,RFPO-6408-V40000-1,17 Oct 2023,PO for Vibration Rubber Pad,Kinetics Middle East LLC,315,AED
1602,RFPO-6408-V40001-1,17 Oct 2023,PO for Volume Dampers,PRIME A/C INDUSTRIES (L.L.C),241.8,AED
1603,RFPO-1005-V7126-1,17 Oct 2023,PO for MC215C2 HDCSA0,SAUDICAST- The Industrial Co. for Casting &  Sanitary Fittings,8141.5,SAR
1604,RFPO-5213-S9103-1,16 Oct 2023,PO for Pressure Switch 50 Bar for Motorised Wheel Block System,GANDHI AUTOMATION PVT LTD,345,USD
1605,RFPO-6168-V40013-1,13 Oct 2023,PO for Acoustic Tiles & Supports,BMET Building Materials Trading LLC,38600.96,AED
1606,RFPO-1005-V7134-1,12 Oct 2023,PO for FIRE RETARDANT PLYWOOD 4X8X18MM - PYROGUARD,AL Danube Building Materials Trading Co. LLC.,23040,AED
1607,RFPO-1005-F7062-1,12 Oct 2023,PO for DC333,MVL Firestop Bldg. Matl Trdg. LLC,16000,AED
1608,RFPO-1005-V7136-1,12 Oct 2023,PO for ,Al Shaikh International Limited Company,22567,SAR
1609,RFPO-1005-V7127-1,11 Oct 2023,"PO for 20A Disconnect switch, 220V Non fusible Outdoor type with Grounding and Neutral terminal.",GULF SUPPORT SYSTEM TRADING Co.,64161,SAR
1610,RFPO-1005-A6940-1,10 Oct 2023,Toilet Accessories as per attached Data Sheets,AL GHAMDI COMPANY FOR SANITARY WARES,18129,SAR
1611,RFPO-1005-E7073-2,10 Oct 2023,"PO for [BCC.14511020] CABLE 1X300  CU/XPLE/PVC 1kV, IEC 60502-1",electric house,33626.066,SAR
1612,RFPO-5683-A5202-1,10 Oct 2023,PO for Steel Sliding Window,Lakshmi Metal Tech LLC,60800,AED
1613,RFPO-5657-A5201-1,10 Oct 2023,PO for Aluminum Flush Door,Lakshmi Metal Tech LLC,10800,AED
1614,RFPO-1005-V7133-1,10 Oct 2023,PO for Supply and Installation of Furniture at MVL Project Khamis Mushait,JERAISY RIYADH HOUSE,221943,SAR
1615,RFPO-1005-V7128-1,09 Oct 2023,PO for KIT CLADDING BRIGHT WHITE,Wissam A- Khaleej Products Co,8225,SAR
1616,RFPO-1005-E7074-1,09 Oct 2023,"PO for [ITCC.R0075] CONDUIT RIGID STEEL 3/4 inch, 3M/U - UL6",electric house,16910.614,SAR
1617,RFPO-4814-A5207A-1,09 Oct 2023,PO for Supply and Delivery of Master Key System & Key Cabinet ,Vulcan Industries LLC,25975,AED
1618,RFPO-1005-E7073-1,09 Oct 2023,"PO for [BCC.14511020] CABLE 1X300  CU/XPLE/PVC 1kV, IEC 60502-1",electric house,30346.062,SAR
1619,RFPO-1005-V7132-1,09 Oct 2023,"PO for (KSA 126) W912ER21C0014 KHAMIS SIMULATOR FACILITY, KSA",GULF SUPPORT SYSTEM TRADING Co.,3525,SAR
1620,RFPO-5683-V40010-1,06 Oct 2023,PO for Steel Wire Rope,ROMA ENTERPRISES (L.L.C.),1360,AED
1621,RFPO-1005-V7129-1,05 Oct 2023,"PO for TPI visit at Vendor – Petraa, KSA (remote location) - Above rate is inclusive of food, accommodation, and transportation.",TUV SUD MIDDLE EAST LLC,392,USD
1622,RFPO-5532-O1-1,05 Oct 2023,PO for LAP LENOVO I7 - Raghu Bandari- Safety Manager,KASPERTECH GENERAL TRADING LLC,3047.62,AED
1623,RFPO-5193-A5204-3,05 Oct 2023,PO for Anchor Bolt Cap and Manufacturing Label on Non-fire-rated doors,ARCHITECTURAL METAL DOORS FZC,1650,AED
1624,RFPO-5532-V40020-1,04 Oct 2023,PO for CPVC Pipes and accessories (Moody Office & Clinic),CRESCO MIDDLE EAST TRADING L.L.C,1293.5,AED
1625,RFPO-5532-V40021-1,04 Oct 2023,PO for PE Pipes & fittings (Moody Clinic & Office),Servetech Middle East General Trading,1755.95,AED
1626,RFPO-5532-V4362A-1,04 Oct 2023,PO for Standard Post 3Mtr,Sher Ahmed Scaffolding Tr LLC,35481.5,AED
1627,RFPO-1005-A5307-1,03 Oct 2023,PO for Jazeera Cool Roof,Jazeera Paints,21105,SAR
1628,RFPO-1005-M7081-1,03 Oct 2023,PO for IL400-UL-S316PPMM 2 SEALS at 7 LYNX PER BELT(6.63ODX10.02ID) NOTE - 8 inch MIN SLEEVE LENGTH NEEDED,Diversified Lines For Petroleum Services Co.,30348,SAR
1629,RFPO-5829-M4103A-1,03 Oct 2023,PO for Proposal for 10 kVA UPS,LEMINAR AIR CONDITIONING CO. LLC,148200,AED
1630,RFPO-5695-E6800-1,03 Oct 2023,PO for 29mm Rebar,TIC LIGHT ELECTRICAL CORP,19392.75,USD
1631,RFPO-1005-E7071-1,02 Oct 2023,PO for 1-1/2 LF009M2-QT,TIC LIGHT ELECTRICAL CORP,2151.69,USD
1632,RFPO-5193-E6801-3,02 Oct 2023,PO for Hinged Dust Cover UNIV bl,Aklaniat Technologies LTD,28622.47,SAR
1633,RFPO-1005-V7125-1,02 Oct 2023,"PO for SPEAKER STROBE, SPSW-CLR-ALERT  / SYSTEM SENSOR",Al Shaikh International Limited Company,140565,SAR
1634,RFPO-1005-V7123-1,02 Oct 2023,"PO for DUCT DETECTOR KEY SWITCH ,  RTS151",Al Shaikh International Limited Company,7000,SAR
1635,RFPO-1005-V7124-1,02 Oct 2023,PO for SUPPLY OF FM200 SYSTEM FOR LCT  ROOM AS PER APPROVED  DRAWINGS,Al Shaikh International Limited Company,296450,SAR
1636,RFPO-1192-V4457-1,02 Oct 2023,PO for COLOR DIVIDER WITH n 1-20 1-12 X 20SET,GRAND STATIONERY CO LLC,293.5,AED
1637,RFPO-5532-M4005-1,28 Sep 2023,PO for STEEL CYLINDRICAL MOULD 150 X 300MM,FALCON GEOMATICS LLC,6485,AED
1638,RFPO-1005-V7122-1,27 Sep 2023,PO for BONDING TAPE (TC225),GULF SUPPORT SYSTEM TRADING Co.,10099.88,SAR
1639,RFPO-5503-M4101-2,26 Sep 2023,"PO for Titus Model DESV Direct Digital Single Duct VAV Terminal Unit- 22 Gauge Galvanized Steel Terminal Casing Internally Lined with 1/2 inch Fiberglass insulation, AeroCross Multi-Point Inlet Veloci",S & R Global,62768.52,USD
1640,RFPO-1428-V4355-2,25 Sep 2023,PO for Spiral Notebook,Krossover Gifts Trading LLC,2700,AED
1641,RFPO-1192-V4334-1,21 Sep 2023,"PO for SAUDI ROCKWOOL SLAB INSULATION UNFACED THICKNESS-50MM , DENSITY : 64KG/M3 1.2 X 0.6M",CMS - Group of Companies,2488.32,AED
1642,RFPO-5532-M4101-1,21 Sep 2023,PO for AIR CONDITIONERS,Teko General Trading LLC,22995,AED
1643,RFPO-4814-M4105-5,21 Sep 2023,"PO for SUPPLY OF NFPA 22 APPROVED GALVANIZED STEEL BOLTED TANK WITH DWI APPROVED LINER. MAKE: BALMORAL UK. 6.24 MTRS DIA; 8.2 MTRS HEIGHT, 229M3 NET CAPACITY, 2A SEISMI",ALIGN ELECTROMECHANICAL WORK LLC,507054,AED
1644,RFPO-5657-V40009-1,21 Sep 2023,PO for TPI visit for Pumps ,TUV SUD MIDDLE EAST LLC,924,USD
1645,RFPO-5532-V40018-1,21 Sep 2023,PO for CPVC Pipes & fittings,CRESCO MIDDLE EAST TRADING L.L.C,2180.16,AED
1646,RFPO-1005-V7121-1,20 Sep 2023,PO for CABLE ROLLER STAND,GULF SUPPORT SYSTEM TRADING Co.,33214.74,SAR
1647,RFPO-4814-M4105-4,20 Sep 2023,"PO for SUPPLY OF NFPA 22 APPROVED GALVANIZED STEEL BOLTED TANK WITH DWI APPROVED LINER. MAKE: BALMORAL UK. 6.24 MTRS DIA; 8.2 MTRS HEIGHT, 229M3 NET CAPACITY, 2A SEISMI",ALIGN ELECTROMECHANICAL WORK LLC,460150,AED
1648,RFPO-5193-A5204-2,19 Sep 2023,"PO for DOORS & FRAMES, VISION PANEL WITH GLASS, AND DOOR HARDWARES",ARCHITECTURAL METAL DOORS FZC,176002.52,AED
1649,RFPO-5829-O3-1,19 Sep 2023,PO for SYS DELL 7000 I7 - DELL OPTIPLEX 7000 i7 16GB RAM  1TB SSD NVME 4GB GRAPHIC DOS,KASPERTECH GENERAL TRADING LLC,3700,AED
1650,RFPO-5695-V40002-1,19 Sep 2023,PO for Rebar Couplers,"White Cap Supply Holdings, LLC",31548.2,USD
1651,RFPO-5532-M4004-1,18 Sep 2023,PO for Oil filter for 9m  Lighting Vehicle  4TN4000,Evangel International Machinery Ltd.,93,USD
1652,RFPO-1428-V4355-1,18 Sep 2023,PO for Spiral Notebook,Krossover Gifts Trading LLC,2100,AED
1653,RFPO-6168-V40012-1,14 Sep 2023,PO for Manual Volume Dampers,PRIME A/C INDUSTRIES (L.L.C),3300,AED
1654,RFPO-5829-M4102-2,14 Sep 2023,PO for AIR COOLED CHILLER Part Number - 30XB0900-MCHE - FRANCE  - AS PER ATTACHED APPROVED SUBMITTAL,UTS CARRIER L.L.C.,1295000,AED
1655,RFPO-1005-E7067-1,12 Sep 2023,"PO for Supply and Delivery of UL 924 / C-UL UL / C-UL 1778 eLITE Series Model ELE Centralized Emergency Lighting Inverter (5.3 kW to 18 kW) Single Phase (NFPA 101, NFPA 111, NEC, IBC, and local codes)",ALC ADVANCED LIGHTING COMPANY,779944.47,SAR
1656,RFPO-1005-V7117-1,12 Sep 2023,PO for Bedding Sand Material supply,Gulf Inshaa General Contracting Est,12800,SAR
1657,RFPO-5503-V40008A-1,12 Sep 2023,PO for H1B5HF000,Zarifopoulos S.A,71579.2,EURO
1658,RFPO-1005-V7111A-1,12 Sep 2023,PO for Polyflame 3mm Black,BITUMAT Co. Ltd.,37558,SAR
1659,RFPO-1005-M7079-1,11 Sep 2023,PO for ANGLE,Abeer Manawer Al- Shamari Cont. Est.,11628.95,SAR
1660,RFPO-1005-V7116-1,11 Sep 2023,PO for HDPE SHEET 12MMX1MTRX2MTR,AL-WASAT AL- BADEEL TRADING CO.,18825,SAR
1661,RFPO-1005-V7107-1,11 Sep 2023,"PO for ALARM CHECK VALVE , CL-150 , DI , 6 inch / RELIABLE",Al Shaikh International Limited Company,20567,SAR
1662,RFPO-1005-V7107-2,11 Sep 2023,PO for FIRE FIGHTING MATERIALS,Al Shaikh International Limited Company,30067,SAR
1663,RFPO-1005-M7078-1,11 Sep 2023,PO for SMRP 450,Joint Gulf Business Establishment,345,SAR
1664,RFPO-1005-V7108-1,11 Sep 2023,PO for BALANCE FIRE ALARM MATERIALS,Al Shaikh International Limited Company,140325,SAR
1665,RFPO-1192-V4333-1,11 Sep 2023,PO for SLAB WITHOUT FACING (SXXX) Density: 160Kg/M3 Thickness: 50mm Size:1.2 MtrX 0.6 Mtr,FUJAIRAH ROCKWOOL FACTORY,12546,AED
1666,RFPO-1005-V7113-1,08 Sep 2023,"PO for Latham Asbraloy Recessed Slip Resistant Safety Tread with Silicon Carbide Mineral Inserts , Recessed Edge Model: 1208S - Colour - Off White. FEATURES - P5 Slip Classification, Super hard wearin",AAMTAC COMPANY LTD,31330,SAR
1667,RFPO-5829-M4102-1,07 Sep 2023,PO for AIR COOLED CHILLER Part Number - 30XB0900-MCHE - FRANCE  - AS PER ATTACHED APPROVED SUBMITTAL,UTS CARRIER L.L.C.,1275000,AED
1668,RFPO-6168-V40010-1,07 Sep 2023,PO for WATER HAMMER ARRESTOR,DUTCO TENNANT LLC,180,AED
1669,RFPO-6168-V40011-1,07 Sep 2023,PO for Foam Insulation for Plumbing pipes,BIN DASMAL GENERAL TRADING CO LLC,86.56,AED
1670,RFPO-1005-V7112-1,06 Sep 2023,"PO for AISI 304 Grade Stainless Steel External Corner Profile, Satin Finish, 1.5mm thickness, L=1.00mt .",AAMTAC COMPANY LTD,74410,SAR
1671,RFPO-1005-V7114-1,06 Sep 2023,PO for Third Party Inspection  - AMD Wooden Doors – Khamis KSA 126  - Location SAIF Zone (5193-A5204-1),TUV SUD MIDDLE EAST LLC,1200,AED
1672,RFPO-1005-V7115-1,06 Sep 2023,PO for TThird Party Inspection - Steel Doors & Hardwares – Al Kharj KSA 127 – NAFFCO – (5213-V40016-1 & remaining hardware’s of order no : 5213-V40012-1),TUV SUD MIDDLE EAST LLC,1000,AED
1673,RFPO-1192-V4456-1,05 Sep 2023,PO for SELF ADHESIVE LABEL 1X100 PCS,GRAND STATIONERY CO LLC,1874.75,AED
1674,RFPO-6168-V40008A-1,04 Sep 2023,"PO for Diffusers, Registers, and Grilles",Faisal Jassim Industries LLC,3150,AED
1675,RFPO-5683-V40009A-1,04 Sep 2023,PO for Drywall Gypsum Partition Materials,BMET Building Materials Trading LLC,140347.7924,AED
1676,RFPO-5581-V40008-1,04 Sep 2023,PO for GI Pipes.,Arrow Pipes & Fittings FZCO,124770,AED
1677,RFPO-5581-V40009-1,04 Sep 2023,PO for PVC Coated Tie wires,RAK Middle East Traders LLC,4550,AED
1678,RFPO-5503-V40009-1,01 Sep 2023,"PO for CRAHU-01A, CRAHU-01B - ST UPU 30",I.G.KARAKATSANIS & CO P.G.,185450,EURO
1679,RFPO-5532-V40015-1,01 Sep 2023,PO for Panel Boards (Mancamp),Extol International Trading LLC,68895,AED
1680,RFPO-1005-V7105-1,01 Sep 2023,PO for FD8010/4inchT NBSA1,SAUDICAST- The Industrial Co. for Casting &  Sanitary Fittings,31263,SAR
1681,RFPO-6168-V40009-1,01 Sep 2023,PO for HVAC Duct Work,FIRMAC INDUSTRIES L.L.C,13852.8,AED
1682,RFPO-6168-V40005-1,31 Aug 2023,PO for Non-shrink grout ,AL GURG FOSROC CO LLC,630,AED
1683,RFPO-5581-V40006-1,31 Aug 2023,PO for Hardware for FPFS,APP Manufacturing,148025.04,USD
1684,RFPO-1005-V7110-1,31 Aug 2023,PO for KSA 127 Aluminum windows,TUV SUD MIDDLE EAST LLC,2000,AED
1685,RFPO-5532-V40017-1,31 Aug 2023,PO for Additonal Electrical Materials for Mancamp,Kelly & Hayes Electrical Industrial & Plumbing Supplies,17111,USD
1686,RFPO-1569-O50-1,30 Aug 2023,"PO for LAP LENOVO I7 - LenovoThinkpad E15 core i7-1255U, 16GB Ram, 1TB SSD ,15.FHD IPS Iris XE ,Windows 11 pro",KASPERTECH GENERAL TRADING LLC,2952.38,AED
1687,RFPO-5193-E6801-2,29 Aug 2023,PO for Hinged Dust Cover UNIV bl,Aklaniat Technologies LTD,28622.47,SAR
1688,RFPO-5626-V40002-1,29 Aug 2023,"PO for Pipes, valves and accessories along with shipping costs (Invoice 21327, Original SJC PO is RWLS-0002738MVL)","Scott & From Co., Inc.",78691.1,USD
1689,RFPO-5829-S9052-1,29 Aug 2023,PO for Supply of Sweet Water 5000 Gallon tanker,ALWHDA AX TRANSPORT & GENERAL CONTRACTING,6200,AED
1690,RFPO-5503-E6800-1,29 Aug 2023,"PO for C1,C2",GRAVANI LIGHTING,43010,EURO
1691,RFPO-1005-M7075-2,28 Aug 2023,"PO for SIEMENS Bronze 3-Way Valve, External Thread, PN16 Size DN32, Model VXG44.32-16",EMAAR POLE COMPANY,1185.42,SAR
1692,RFPO-5193-E6801-1,25 Aug 2023,PO for Hinged Dust Cover UNIV bl,Aklaniat Technologies LTD,28622.47,SAR
1693,RFPO-1569-O49-1,25 Aug 2023,PO for Once off licence fee for 1 No. of additional Concurrent Candy Licence @ AED 3255.00 each,Construction Computer Software(Gulf)LLC,5425,AED
1694,RFPO-1005-V7099-1,25 Aug 2023,"PO for 3/4 inch FLEXIBLE METAL CONDUIT ,IMH (100FT/ROLL) UL LISTED ,USA",GULF SUPPORT SYSTEM TRADING Co.,71167.25,SAR
1695,RFPO-1005-V7100-1,25 Aug 2023,PO for Belden FDSD024L9,Extol International Trading LLC,16750,AED
1696,RFPO-5683-T1001-1,24 Aug 2023,PO for Top & Bottom Anchor ,Hilti Emirates LLC,6387.67,AED
1697,RFPO-5503-M4101-1,24 Aug 2023,"PO for Titus Model DESV Direct Digital Single Duct VAV Terminal Unit- 22 Gauge Galvanized Steel Terminal Casing Internally Lined with 1/2 inch Fiberglass insulation, AeroCross Multi-Point Inlet Veloci",S & R Global,61535.82,USD
1698,RFPO-1005-E7068-1,24 Aug 2023,PO for 109221,electric house,32856.7305,SAR
1699,RFPO-1005-V7106-1,24 Aug 2023,"PO for TEFLON MANDREL for 160mm PIPE, CYLINDRICAL TYPE Size: 135mm Dia X 160mm Long with eyes.",ELFIT ARABIA Telecom & Engineering Products Factory,1795,SAR
1700,RFPO-1005-V7103-1,24 Aug 2023,"PO for 6 AWG THHN /THWN 600V/MESC 500 FEET /ROLL (152 MTR/ROLL) RED COLOR ,608 MTR",GULF SUPPORT SYSTEM TRADING Co.,57350,SAR
1701,RFPO-1005-M7077-1,23 Aug 2023,"PO for ECS AdvancedIQ Pre-Engineered Nitrogen Generator (international wallmount); 220V/50Hz power supply,. Part no. AG-950E",Engineered Corrosion Solutions,11631.6,USD
1702,RFPO-1005-V7104-1,23 Aug 2023,"PO for Single Door Fire Extinguisher Cabinet, Fire Rated - UL Listed, Recessed Mounted, Solid Door, Complete 1.2mm Stainless Steel (304) Brush Finish",NATIONAL FIRE FIGHTING MANUFACTURING FZCO BR (NAFFCO),51618,SAR
1703,RFPO-1192-V4332-1,23 Aug 2023,"PO for Saudi Rockwool Slab Insulation with Unfaced, Thickness: 50 mm, Density:  64 kg/m3 x 1.2 M x 0.6 M .",Century Mechanical Systems,2488.32,AED
1704,RFPO-5657-V40007C-1,23 Aug 2023,PO for DI Pipes & Fittings,Unitech Di Pipes & Fittings Mfg. LLC,48090,USD
1705,RFPO-5683-V40008B-1,22 Aug 2023,PO for Acoustic Ceiling Tiles & Supports,BMET Building Materials Trading LLC,16103.97,AED
1706,RFPO-5829-O2-1,22 Aug 2023,PO for LENOVO L24E-40/23.8&quot;/VA/4MS/100HZ/250NITS/HDMI+VGA/3YR  Warranty,AL KOFA COMPUTER TRADING LLC,860,AED
1707,RFPO-1005-V7101-1,21 Aug 2023,PO for Pabco Alu. Jacketing Smooth Finish 0.6 mm X 914 mm,Mariam Trading Company & Partner,6085,SAR
1708,RFPO-1005-V7102-1,21 Aug 2023,PO for SAUDI BIANCO POLISHED,Al Takadom Marble and Granite Factory,4338,SAR
1709,RFPO-5829-S9051-1,17 Aug 2023,PO for Diesel,Mazout Diesel Fuel Trading,15574.112,AED
1710,RFPO-1005-V7085-2,17 Aug 2023,PO for FLEXIVA Flexible Duct and Connector,IŞIL MÜHENDİSLİK MAKİNA VE İNŞAAT SAN. TİC. A.Ş.,-678.95,USD
1711,RFPO-1005-C6056-1,16 Aug 2023,PO for GROUT #50 [20 KGS],Saudi Vetonit Co. Ltd. (SAVETO),8085,SAR
1712,RFPO-1005-M7076-1,16 Aug 2023,PO for CDP200 Square Ceiling Diffuser With Removable Core / Gasket / Opposed Blade Damper-Mill Finish,KBE SAUDI ARABIA L.L.C,11375.95,SAR
1713,RFPO-1005-E7065-1,16 Aug 2023,PO for DRC07-ED0,ALC ADVANCED LIGHTING COMPANY,225200,SAR
1714,RFPO-6168-V40002-1,16 Aug 2023,PO for KFLEX-2522 - 25MM X 22MM KFLEX RUBBER PIPE,BIN DASMAL GENERAL TRADING CO LLC,90.88,AED
1715,RFPO-5532-V40014-1,15 Aug 2023,PO for Pre-Shipment Inspection,V-Trust Inspection Service Co. Ltd.,268,USD
1716,RFPO-6168-A5201-1,14 Aug 2023,PO for Steel Doors & Frames,QMI Building Metal Products Manufacturing LLC,33520,AED
1717,RFPO-5622-E6800-1,13 Aug 2023,PO for Transformer,"Cooper Crouse-Hinds, LLC",31250,USD
1718,RFPO-5829-V40003-1,10 Aug 2023,"PO for 324mm dia. RC Pipe, 3.00m length, Class IV as per ASTM C76-M, integral joint socket/spigot with EPDM Rubber Ring, Unlined and Uncoated",Baniyas Concrete Products L.L.C.,597900,AED
1719,RFPO-5829-O1-1,10 Aug 2023,PO for PART NO - 960-001057,TECHMIND SOLUTIONS LLC,5585,AED
1720,RFPO-5581-V40005B-1,10 Aug 2023,PO for Epoxy coated Rebars,MADAR EMIRATES FOR BUILDING MATERIALS (L.L.C.),96421.69,AED
1721,RFPO-1005-V7098-1,10 Aug 2023,PO for FIRE ALARM CABLE UNSHLD. 2C X 16 AWG SOLID RED COLOR 305MTR /ROLL MESC,GULF SUPPORT SYSTEM TRADING Co.,14928,SAR
1722,RFPO-1005-V7097-1,10 Aug 2023,PO for ITEM NUMBER - 97122501300001 Manufacturer : AVK USA,Watecom International Water Network - LLC,22077,AED
1723,RFPO-5829-V40005-1,10 Aug 2023,PO for Spill Kit Oil 80 Ltr Brand : DSORB Origin:United Kingdom HS Code: 56031400,Al Dolphin TR L.L.C,220,AED
1724,RFPO-1005-V7096-1,10 Aug 2023,"PO for Single Door Fire Extinguisher Cabinet, Fire Rated - UL Listed, Recessed Mounted, Solid Door, Complete 1.2mm Stainless Steel (304) Brush Finish, Along With DRY POWDER FIRE EXTINGUISHER, PORTABLE",NATIONAL FIRE FIGHTING MANUFACTURING FZCO BR (NAFFCO),27824,SAR
1725,RFPO-1569-O48-1,09 Aug 2023,"PO for HP 290 G9 Core™ i7-12700 (up to 4.9 GHz with Intel® Turbo Boost  Technology, 25 MB L3 cache, 12 cores, 20 threads) /16GB RDDR4-3200 MHz  RAM (2 x 8 GB)/1TB SSD/KEB/MOUSE/ AFOX GT730 4GB NVID",AL KOFA COMPUTER TRADING LLC,3485,AED
1726,RFPO-1005-V7094-1,09 Aug 2023,PO for GALA BRONZ GLOBE #150 NPT(6352) 1-1/4 inch MADE IN USA,SALEH ZAID ALQURAISHI & PARTNERS TRAD.CO.LTD.,238.5,SAR
1727,RFPO-1005-M7075-1,09 Aug 2023,"PO for SIEMENS Bronze 3-Way Valve, External Thread, PN16 Size DN32, Model VXG44.32-16",EMAAR POLE COMPANY,1185.42,SAR
1728,RFPO-1005-M7073-1,08 Aug 2023,PO for (JF-500-T-12)Vimco Stainless steel Expansion Joints (BSPT Threaded Connection) 1-1/4 inch,ALI MANEA ALYAMI TRADING EST.,460,SAR
1729,RFPO-1005-M7074-1,08 Aug 2023,"PO for Balancing valve 32mm , bronze body , PTFE , PA Plastic Handwheel , Threaded to BS21 , PN25 , BS7350 , Brand : Watts",Joint Gulf Business Establishment,683,SAR
1730,RFPO-1005-V7095-1,08 Aug 2023,PO for EPOXY COATED REBAR 12 MM X 12000 MM,AL-FAISAL STEEL PRODUCTS CO.,20575,SAR
1731,RFPO-5532-E6800-1,08 Aug 2023,PO for Backflow Meter & Water meter,TIC LIGHT ELECTRICAL CORP,2022.44,USD
1732,RFPO-1005-V7091A-1,07 Aug 2023,PO for SUPPLY AND DELIVERY OF RIPRAP MATERIAL,Gulf Inshaa General Contracting Est,57180,SAR
1733,RFPO-1005-V7093-1,07 Aug 2023,PO for Stainless Steel Ladder (Without Cage) Material: SS 316  Stringer: 60 x 6 mm Thk  Internal Width: 600 mm  Rung Size: 16 mm Dia Rod  Rung Spacing: 280 mm c/c  Brackets: 100 x 50 x 10 mm Thk      ,OMAN GRATING COMPANY,21545,SAR
1734,RFPO-1005-V7086-1,07 Aug 2023,PO for Expansion joints aluminum cover wall to corner type LGC 250/100,Arab Specialized Company For Industry,1700,SAR
1735,RFPO-1005-V7090-1,07 Aug 2023,"PO for CEMTEC SILHARD Hardening, Sealing &amp; Dustproofing Compound PACKING : 20 LITER PAIL , COLOR - CLEAR",Construction Material Chemical Industries,1210,SAR
1736,RFPO-5683-A5201-1,07 Aug 2023,"PO for Overhead Coiling Doors. 120V/1Phase/60Hz. 90minutes fire rated. Complete with accessories and features complying to attached approved Submittal, Shop drawings, Specifications, wiring connection",TECHTRADE SAL(OFFSHORE),19741,USD
1737,RFPO-5684-V40001-1,03 Aug 2023,PO for Flush Access Door,"Acudor Products, Inc.",345.7,USD
1738,RFPO-1005-V7089-1,03 Aug 2023,PO for 05TC030,KHEREIJI SHOWROOMS COMPANY,73468.3,SAR
1739,RFPO-1005-V7088-1,03 Aug 2023,"PO for Make- HOFFMAN Junction Box, Type 4 Hinged Cover 16.00x14.00x6.00 Steel Gray PN: A1614CHNF",GULF SUPPORT SYSTEM TRADING Co.,47209.9,SAR
1740,RFPO-1005-V7087-1,03 Aug 2023,PO for SC669 - Sonata C+ SQ 600x600x19mm,USG Middle East,44279.04,SAR
1741,RFPO-1192-R1509-1,03 Aug 2023,PO for NISSSAN SUNNY 1.5L 2023YM,CLASS WORLDWIDE CAR RENTAL LLC,6700,AED
1742,RFPO-5829-R1501-1,02 Aug 2023,PO for Sharp BP-20C20T - A3/A4 Color MFP (20 PPM),NEW SMART OFFICE AUTOMATION LLC,6905,AED
1743,RFPO-1192-S9101-1,02 Aug 2023,PO for Hikvision 2mp Wdr Dome Full Time Colorvu Bullet cam,NIAZI COMMUNICATION AND TECHNICAL SYSTEMS,3180,AED
1744,RFPO-5213-V40016-1,02 Aug 2023,PO for DOOR NUMBER D100A,NATIONAL FIRE FIGHTING MANUFACTURING FZCO,4725,USD
1745,RFPO-1005-M7072-1,01 Aug 2023,"PO for [PFP514C-SE] [PFP514] Pressure Gauge, 4.5 inch (115 mm) dial, ASME B40.100 compliant, AISI 304 SS case, Dual Scale of psi/kPa, Glycerin filled, 1/4 inch NPT Bottom connection, Brass wetted part",ALI MANEA ALYAMI TRADING EST.,1934.43,SAR
1746,RFPO-1005-E7063-1,01 Aug 2023,"PO for SUPPLY, DELIVERY, TESTING AND COMMISSIONING OF 40KVA UPS",International Business Resources Co.,94000,SAR
1747,RFPO-1005-V7078-2,31 Jul 2023,PVC AND CONDENSATE PIPES,SAPPCO Dammam Factory,18418.94,SAR
1748,RFPO-1005-V7082-1,28 Jul 2023,"PO for (2 NOS) CUBICLE TRACK - 6062 Anodized Cubicle Track Surface Mounted Flat-Grid ceiling with accessories, (96 LF) with QS for 118 inch CH as applicable. (6 NOS) CUBICLE CURTAINS - Traditional Cur",Construction Specialties (Gulf) Trading Est.,7167.24,USD
1749,RFPO-1005-V7085-1,28 Jul 2023,PO for FLEXIVA Flexible Duct and Connector,IŞIL MÜHENDİSLİK MAKİNA VE İNŞAAT SAN. TİC. A.Ş.,1821.82,USD
1750,RFPO-1005-V7081-1,27 Jul 2023,PO for Long span Racking System(S4),Arcoma Storage & Handling Solution,37500,SAR
1751,RFPO-1005-V7083-1,27 Jul 2023,"PO for Mada Plus Fire & Moisture Resistant Plasterboard, 12.50mm Thick",Fekratek Al Raedah Co.,9233.44,SAR
1752,RFPO-1192-V4455-1,26 Jul 2023,PO for MX61FT BLACK TONER CART,Printek  SUPPLIES L.L.C,1335,AED
1753,RFPO-5829-V4354-1,26 Jul 2023,PO for A3SIZE PAPER 80 GSM  AA BRAND 80 GSM,GRAND STATIONERY CO LLC,1354.75,AED
1754,RFPO-1005-V7084-1,26 Jul 2023,PO for GALA BRONZ GATE NRS #150 NPT(3152) 1-1/4 inch MADE IN USA,SALEH ZAID ALQURAISHI & PARTNERS TRAD.CO.LTD.,1065.4,SAR
1755,RFPO-5213-V40014-1,26 Jul 2023,PO for THIRD PARTY INSPECTION OF (29 NOS) STEEL DOORS,TUV SUD MIDDLE EAST LLC,1000,AED
1756,RFPO-5213-V40015-1,26 Jul 2023,PO for KEY CABINET WITH LOCK CODE,Universal Door Products,316,AED
1757,RFPO-1192-V4454-1,25 Jul 2023,PO for A3 SIZE PAPER 80 GSM  AA BRAND 80 GSM,GRAND STATIONERY CO LLC,423.5,AED
1758,RFPO-1005-E7060A-1,24 Jul 2023,PO for Item - 102113,electric house,208691.0983,SAR
1759,RFPO-1005-M7071-1,24 Jul 2023,PO for SAPTEX Rigid closed cell Extruded Polystyrene ( Roof Guard) Thermal Insulation Boards with nominally 32-35 kg per m3 density,SAPTEX Insulation Products Factory,105000,SAR
1760,RFPO-1005-V7080-1,20 Jul 2023,PO for LVPA1 ELECTRICAL PANEL,Electrical A. Modern Factory Co.,6452,SAR
1761,RFPO-5695-V40000-1,19 Jul 2023,PO for Mooring Bollards and Hardware,"MARINE STRUCTURES, LLC",95960,USD
1762,RFPO-1192-S9077-1,18 Jul 2023,PO for JAC S3 2023 Model,SEL Car Rental LLC,2000,AED
1763,RFPO-5532-V40013-1,18 Jul 2023,PO for C-G2130-1,DUTEST INDUSTRIAL EST,1191.75,AED
1764,RFPO-1005-V7079-1,18 Jul 2023,"PO for A25 ALI ANGLE POLISHED 2.715M , A25P-2715",AAMTAC COMPANY LTD,6286,SAR
1765,RFPO-1005-V7078-1,18 Jul 2023,PO for PVC PIPE 1 INCH. SCH 40,SAPPCO Dammam Factory,15918.94,SAR
1766,RFPO-5532-V40012-1,14 Jul 2023,"PO for Spill Berm Black 14 Feet x 54 Feet  x 1 Feet  (4.3x16.5x0.3) Mtrs Collapsible WALL,750g PVC L Bracket Type Tarpaulin Colour - Black",Al Dolphin TR L.L.C,10447.5,AED
1767,RFPO-1005-E7061-1,14 Jul 2023,PO for 93-AS 620-3ME,ORYX TECHNOLOGIES,11730,SAR
1768,RFPO-1005-S9071-1,13 Jul 2023,PO for (40 SETS) INJECTABLE MORTAR HIT-RE 500 V4/500. (15 PIECES) ANCHOR ROD HAS-U 5.8 M20X240 ZINC PLATED.,K.A. Khonaini & Partner Cont. Co. LTD,11812,SAR
1769,RFPO-1005-C6055-1,12 Jul 2023,PO for VETOTOUCH MONOCOUCH#[52] (50KG),Saudi Vetonit Co. Ltd. (SAVETO),53635,SAR
1770,RFPO-5532-M4003-1,12 Jul 2023,PO for HELI 8.5ton diesel  forklift CPCD85,Evangel International Machinery Ltd.,32100,USD
1771,RFPO-5532-V40011A-1,12 Jul 2023,PO for Additional Plumbing Materials,OBAID MASOOD BUILDING MATERIALS TRADING (L.L.C),5493.08,AED
1772,RFPO-5532-V4360-1,11 Jul 2023,PO for Customized Black Short Sleeve Polo Shirt Drifit with 1 position logo embroidery on front left chest (MVL Broomgrove) logo,The Uniform World Tailoring and Textiles LLC,1638,AED
1773,RFPO-1192-S9076-1,11 Jul 2023,PO for MVL Firestop Car Rental - Aiswarya Ann Thomas - Nissan Sunny 2018/2019 Model,SEL Car Rental LLC,1400,AED
1774,RFPO-1192-V4331-1,11 Jul 2023,PO for SLAB WITHOUT FACING (SXXX)-,FUJAIRAH ROCKWOOL FACTORY,12546,AED
1775,RFPO-1005-M7069-1,11 Jul 2023,"PO for VIR Brass Drain Valve, With Hose Union, PTFE Seats, PN25 Model 322 Size DN20, Code: F242X0020.2877",EMAAR POLE COMPANY,138.68,SAR
1776,RFPO-1005-M7070-1,11 Jul 2023,"PO for Size 1 1/4 inch - 32 mm SMC HYDRUS ULTRASONIC WATER METER ,DN DN 32 Q3 10.0 , G3/2B 260mm BODY LENGTH incl ,8 DIGITS LCD DISPLAY ,OMS over Radio 434 Mhz, IP 68 PROTECTION , BATTERY OPERATED FOR",Saudi Meters Company,1100,SAR
1777,RFPO-5213-V40013-1,11 Jul 2023,PO for THIRD PARTY INSPECTION OF COMPACT SUBSTATION,TUV SUD MIDDLE EAST LLC,371,USD
1778,RFPO-1192-V4330-1,10 Jul 2023,PO for Weatherproof silicone NWS-2000,"SHANDONG FEIDU ADHESIVE TECHNOLOGY SHARES CO.,LTD",6436.8,USD
1779,RFPO-5829-V4353-1,07 Jul 2023,PO for ACI Concrete Field Testing Technician Grade 1- training & certification,BUILDACT FZ LLC,23300,AED
1780,RFPO-5532-V40010-1,07 Jul 2023,PO for EMIRATES STEEL REBAR EPOXY COATED 10mm by 6 meters lenght,RAK Middle East Traders LLC,4191.5,AED
1781,RFPO-1005-V7075-1,07 Jul 2023,PO for GALA BRONZ BALL VLV #150 NPT(1251) 1-1/4 inch MADE IN USA,SALEH ZAID ALQURAISHI & PARTNERS TRAD.CO.LTD.,2651.55,SAR
1782,RFPO-5532-V40009A-1,07 Jul 2023,PO for Plumbing Materials for LSA Man Camp,MISAR TRADING CO. ( L L C),24285.89,AED
1783,RFPO-1005-V7077-1,06 Jul 2023,PO for Armaflex Tube Ins.AC Size: 25mm thk. x 12mmDia 2mtrs./pc,Mariam Trading Company & Partner,10918,SAR
1784,RFPO-5532-V4359-1,05 Jul 2023,PO for Brand SAFETOE Model Best Cat Manufacturer   PPE ONLINE,PPE SAFETY PRODUCTS TRADING LLC,285,AED
1785,RFPO-1005-V7076-1,05 Jul 2023,"PO for CAT6, 4P, 24AWG, PO/PVC, UNSHIELDED, BLUE COLOR",Extol International Trading LLC,58800,AED
1786,RFPO-1005-M7067-1,05 Jul 2023,PO for 32mm dia pressure reducing valve,Joint Gulf Business Establishment,2125,SAR
1787,RFPO-1005-M7068-1,05 Jul 2023,PO for Trerice Thermometer,ASEM FOR ELECTRO MECHANICAL SERVICES TRADING COMPANY,446,SAR
1788,RFPO-1005-V7074-1,04 Jul 2023,PO for Basket Model BT 150 (300 x 150 ),ISAM KABBANI & PARTNERS FOR BUILDING & CONSTRUCTION MATERIALS,12912.64,SAR
1789,RFPO-4814-V40008-1,04 Jul 2023,PO for THIRD PARTY INSPECTION OF BLAST RATED AND NO BLAST RATED ALUMINUM DOORS,TUV SUD MIDDLE EAST LLC,1000,AED
1790,RFPO-5532-V40008-1,03 Jul 2023,PO for 10mm X 6 meter,CICON BUILDING MATERIALS,4227.98,AED
1791,RFPO-5532-V40007-1,03 Jul 2023,PO for EF Tapping Tee Saddle 200x63mm,TITANIUM BUILDING AND CONSTRUCTION MATERIALS TRAADING,10824.98,AED
1792,RFPO-4814-V40007-1,26 Jun 2023,PO for Supply Delivery of Heavy Duty Racking with Wire Mesh Decking,FTC Qatar W.L. L,164000,QAR
1793,RFPO-1005-V7072-2,22 Jun 2023,"PO for Mada Plus Fire Resistant Plasterboard, 16mm Thick",Fekratek Al Raedah Co.,43896.38,SAR
1794,RFPO-5532-V40006-1,21 Jun 2023,PO for GI UNISTRUT CLAMP 2 INCH,Arabian International Industries LLC,1515,AED
1795,RFPO-1005-V7072-1,20 Jun 2023,"PO for Mada Plus Fire Resistant Plasterboard, 16mm Thick",Fekratek Al Raedah Co.,42287.06,SAR
1796,RFPO-5532-V40004-1,19 Jun 2023,PO for EXHAUST FAN,"ShanDong JinDun Energy Conservation&Environmental Protection Equipment Co., Ltd.",2236,USD
1797,RFPO-5532-T1002-1,19 Jun 2023,PO for Additional items for Manual Total Station,GECO ENGINEERING EQUIPMENTS TRADING L.L.C,2257.5,AED
1798,RFPO-5684-S9032-1,16 Jun 2023,PO for Acoustical Tiles,Westside Building Material,2262.534,USD
1799,RFPO-4814-V40006-1,15 Jun 2023,PO for THIRD PARTY INSPECTION OF BLAST RATED ALMINUM WINDOWS,TUV SUD MIDDLE EAST LLC,1000,AED
1800,PO-1005-V7058-1,15 Jun 2023,PO for COMPRESSED AIR PIPE FITTINGS,TIC LIGHT ELECTRICAL CORP,2336.91,USD
1801,RFPO-5581-V40004B-1,15 Jun 2023,PO for Solmax HDPE Membrane 2.0mm Black Smooth; manufactured in compliance with project specifications and enclosed Technical Data Sheet.,Arabian Environmental Construction Company (AEC),89324,USD
1802,RFPO-1005-M7066-1,15 Jun 2023,PO for AIR COOLED CHILLERS. REF. CH-A-1. MODEL: RWC 55. CAL. CAP (KW): 14.6,Khaled Asaad Jamjoom Contracting Establishment,465725,SAR
1803,RFPO-1005-E7058-1,14 Jun 2023,PO for CAT 6 Cable,ALC ADVANCED LIGHTING COMPANY,13620,SAR
1804,RFPO-4814-V40004-2,14 Jun 2023,PO for THIRD PARTY INSPECTION OF STEEL DOORS,TUV SUD MIDDLE EAST LLC,2100,AED
1805,RFPO-5193-V40004-1,14 Jun 2023,PO for THIRD PARTY INSPECTION OF STEEL WINDOWS,TUV SUD MIDDLE EAST LLC,850,AED
1806,RFPO-1569-O47A-1,12 Jun 2023,PO for DNV Techno Commercial Proposal for PO for MVL COMPLIANCE WITH NIST SP 800-171 REQUIREMENTS,DNV BUSINESS ASSURANCE Group AS Dubai Branch,53500,AED
1807,RFPO-1005-M7064-2,12 Jun 2023,"PO for AUTOMATIC SMOKE DAMPERS, BALANCING DAMPERS, DUCT ACCESS DOORS",Joint Gulf Business Establishment,34636,SAR
1808,RFPO-1569-O47-1,09 Jun 2023,PO for DNV Techno Commercial Proposal for SIRI assessment,DNV BUSINESS ASSURANCE Group AS Dubai Branch,53500,AED
1809,RFPO-1192-O7-1,09 Jun 2023,PO for ZOHO Books PREMIUM,Supertron Infotech Trading LLC,11396,AED
1810,RFPO-5193-A5204-1,08 Jun 2023,"PO for DOORS & FRAMES, VISION PANEL WITH GLASS, AND DOOR HARDWARES",ARCHITECTURAL METAL DOORS FZC,171017.52,AED
1811,RFPO-5829-V40001-1,08 Jun 2023,PO for SOLAR LAMP CONE BASE ORANGE BIG,BERRY TRADING LLC,800,AED
1812,RFPO-5829-V40002-1,08 Jun 2023,PO for USED PLASTIC ROAD BARRIERS SIZE 2 METER,ROCKLAND TRADING COMPANY FZ LLE,7840,AED
1813,RFPO-5683-V40007-1,07 Jun 2023,PO for Paints / Coatings,The Sherwin-Williams Company,13134.16,USD
1814,RFPO-5581-V40003-1,07 Jun 2023,PO for Paints / Coatings,The Sherwin-Williams Company,8807.45,USD
1815,RFPO-1005-E7056-1,06 Jun 2023,PO for KSA 126 - Water Service Line Appurtenances - VALVES,TIC LIGHT ELECTRICAL CORP,1513.35,USD
1816,RFPO-5657-V40006-1,06 Jun 2023,PO for Pipes & Hardware,APP Manufacturing,47572.21,USD
1817,RFPO-1005-V7059-1,06 Jun 2023,"PO for Supply & Delivery to site of Kingspan TATE Raised Access Flooring system consisting of TATE Concore IHCSF2500 (Panel Size 60X60CM), factory laminated 2.0mm thick PVC Laminate Complete with Type",Modernity Technology for Information Technology (Est.),263395,SAR
1818,RFPO-5532-T1001-1,05 Jun 2023,PO for Manual Total Station ,GECO ENGINEERING EQUIPMENTS TRADING L.L.C,39585,AED
1819,RFPO-5829-V40000A-1,02 Jun 2023,PO for Stop + FOD Check Point Signage,Super Sign LLC,1350,AED
1820,RFPO-5532-V40003-1,02 Jun 2023,PO for Pre-Shipment Inspection,V-Trust Inspection Service Co. Ltd.,268,USD
1821,RFPO-5683-V40006-1,02 Jun 2023,PO for Range Hoods,"Scott & From Co., Inc.",1406,USD
1822,RFPO-1192-V4453-1,01 Jun 2023,PO for A4 SIZE PAPER 80GSM  AA  BRAND,GRAND STATIONERY CO LLC,450,AED
1823,RFPO-5829-V40000-1,01 Jun 2023,PO for Stop + FOD Check Point Signage,Super Sign LLC,1250,AED
1824,RFPO-1005-E7055-1,31 May 2023,PO for Plumbing Sanitary Fixtures,TIC LIGHT ELECTRICAL CORP,4964.22,USD
1825,RFPO-4814-V40005-1,31 May 2023,PO for THIRD PARTY INSPECTION OF WOOD DOORS,TUV SUD MIDDLE EAST LLC,1100,AED
1826,RFPO-5655-V40004-1,31 May 2023,PO for Mechanical Items,APP Manufacturing,21669.88,USD
1827,RFPO-1005-V7068-1,29 May 2023,PO for FX Outdoor Heavy Duty Loose Tube OS2 24 Fibers OSP Corrugated  Steel Tape Armor Sub-Units(12F) Gel Black Jacket .  ( Minimum Order  Qty will be 500 Mtrs),SINMAR COMPANY LIMITED.,31735,SAR
1828,RFPO-5213-V40012-1,26 May 2023,"PO for STEEL DOORS, FRAMES, GLAZING AND DOOR HARDWARE",NATIONAL FIRE FIGHTING MANUFACTURING FZCO,24940.96,USD
1829,RFPO-1569-O46A-1,24 May 2023,PO for COMPUTER EQUIPMENTS,Hyperactive Technologies LLC,5670,AED
1830,RFPO-1005-V7065-1,24 May 2023,PO for Mueller Brass Copper  Fitting Cxm Adpt  1 3/8in. X1 1/4in. W 01171 US,Fawaz Refrigeration & Air Conditioning Co.,16659.2,SAR
1831,RFPO-5503-V40007-1,24 May 2023,PO for FAKC912-24 F.O,OneNet Digital Solutions,75359.5,EURO
1832,RFPO-5532-V4358-1,23 May 2023,PO for Customized Black Short Sleeve Polo Shirt Drifit with 1 position logo embroidery on front left chest (MVL Broomgrove) logo,The Uniform World Tailoring and Textiles LLC,1764,AED
1833,RFPO-5193-V40003-1,23 May 2023,ALUMINUM LADDER,OMAN GRATING COMPANY,15745,SAR
1834,RFPO-5657-V40005-1,23 May 2023,PO for Epoxy Adhesive,PROCUREMENT & GOVERNMENT SALES INC,543,USD
1835,RFPO-5829-V4352-1,23 May 2023,PO for Fellowes Pixel A3 Laminating Machine,Price Master General Trading LLC,586.18,AED
1836,RFPO-5581-V40002-1,23 May 2023,PO for Building Materials,APP Manufacturing,50717.84,USD
1837,RFPO-1005-V7063-1,19 May 2023,PO for TARKETT - JOHNSONITE RUBBER TILE. REF 400628121. 24 X 24.,PRIME FLOOR KSA,61310.25,SAR
1838,RFPO-5581-T1000-1,18 May 2023,PO for Tools / Machinery,MISAR TRADING CO. ( L L C),31150.69,AED
1839,RFPO-4814-V40004-1,17 May 2023,PO for THIRD PARTY INSPECTION OF STEEL DOORS,TUV SUD MIDDLE EAST LLC,1100,AED
1840,RFPO-5581-V40001-1,17 May 2023,PO for Electrical Items,Benfield Electric International Ltd.,23000,USD
1841,RFPO-5657-V40003-1,17 May 2023,PO for Pipe & Fittings/ Valves/ Pipe Supporting Elements,APP Manufacturing,42757.5,USD
1842,RFPO-5503-V40006-1,16 May 2023,PO for Generator set CATERPILLAR DE1100GC enclosed model with the additional equipment.,Eltrak S.A,312000,EURO
1843,RFPO-1569-V4410-1,16 May 2023,PO for PlanSwift 10.3 Planswift Measurement & Takeoff Software,Green Figure Technique,6930,AED
1844,RFPO-1192-V4452-1,15 May 2023,"PO for Printing:Offset:Receipt Voucher A5 size, 1+3 (W+P+Y+C), 4 color printing, Starting - Total 20book Book number",SMILE COLOR,560,AED
1845,RFPO-5657-V40004-1,15 May 2023,PO for Electrical Items,Benfield Electric International Ltd.,39629,USD
1846,RFPO-5683-V40005-1,15 May 2023,PO for GI Pipe,AL OMRANIYA TRADING CO. (L.L.C.),6678,AED
1847,RFPO-5655-V40003A-1,15 May 2023,PO for Electrical Items,Benfield Electric International Ltd.,51500,USD
1848,RFPO-5193-A5301-1,11 May 2023,PO for SherLux Interior Emulsion Primer,FACTORY PREMIER PAINTS COMPANY LIMITED,18055,SAR
1849,RFPO-1005-V7062-1,11 May 2023,PORCELAIN TILESS,ARAK INTERNATIONAL TRADING CO. LTD.,33376.16,SAR
1850,RFPO-5532-V40002-1,10 May 2023,PO for Pre-Shipment Inspection,V-Trust Inspection Service Co. Ltd.,804,USD
1851,RFPO-5683-E6801-1,10 May 2023,PO for Electrical Items,City Electric Supply,45910.7779,USD
1852,RFPO-5532-V4357-1,10 May 2023,PO for Scaffolding Materials,Sher Ahmed Scaffolding Tr LLC,19800,AED
1853,RFPO-5410-S9100-1,10 May 2023,PO for INSPECTION OF VEHICLE BARRIER AS PER INSPECTION TEST PLAN,"MTB QUALITY CONSULTANTS, INC.",3498,USD
1854,RFPO-1005-M7065-1,08 May 2023,PO for CHEMICAL SHOT FEEDER. A&F. PART NO. BPF-5,ASEM FOR ELECTRO MECHANICAL SERVICES TRADING COMPANY,12015,SAR
1855,RFPO-5655-V40002-1,04 May 2023,PO for Pipes and Fittings - Miscellaneous,APP Manufacturing,25187.27,USD
1856,RFPO-5683-V40004-1,04 May 2023,PO for Electrical Items,Benfield Electric International Ltd.,49000,USD
1857,RFPO-5684-V40000-1,04 May 2023,PO for Electrical Items,Benfield Electric International Ltd.,13500,USD
1858,RFPO-5657-V40002-1,04 May 2023,PO for Electrical Items,Benfield Electric International Ltd.,31500,USD
1859,RFPO-1005-V7064-1,03 May 2023,PO forRefrigerant Pipes and Accessories,Fawaz Refrigeration & Air Conditioning Co.,5573.4,SAR
1860,RFPO-1569-V4409-1,02 May 2023,PO for KONNECT STRAIGHT DESK,BAFCO TRADING LLC,13668,AED
1861,RFPO-5532-V40001-1,02 May 2023,PO for Pre-Shipment Inspection,V-Trust Inspection Service Co. Ltd.,536,USD
1862,RFPO-5657-V40001-1,27 Apr 2023,PO for DI Pipe Accessories,"Scott & From Co., Inc.",86270.47,USD
1863,RFPO-5683-V40003-1,27 Apr 2023,PO for Metal Wall Panel & Accessories.,"Greer Roofing Company, Inc.",5400,USD
1864,RFPO-5503-V40003B-1,26 Apr 2023,PO for FACTORY-FABRICATED FUEL STORAGE TANKS & LEAK DETECTION FOR FUELING SYSTEMS,"Core Engineered Solutions, Inc.",153314.72,USD
1865,RFPO-5503-V40005-1,26 Apr 2023,PO for 63 01 006,ELEMKO SA,127410.58,EURO
1866,RFPO-5503-V40004-1,26 Apr 2023,PO for AMI Meter IO8650,"ANDAL BUILDING TECHNOLOGIES,S.L.",52000,EURO
1867,RFPO-4814-V4361-1,26 Apr 2023,PO for PRE-SHIPMENT INSPECTION OF ALUMINUM WINDOWS,Helmsman Quality & Technology Services,4700,AED
1868,PO-1005-V7061-1,25 Apr 2023,PO for CERAMIC TILES,ARAK INTERNATIONAL TRADING CO. LTD.,43329.33,SAR
1869,RFPO-5622-V40001-1,19 Apr 2023,PO for Splices & Connectors.,Kelly & Hayes Electrical Industrial & Plumbing Supplies,13843.48,USD
1870,RFPO-5657-M4102A-1,19 Apr 2023,PO for CC1 - Pump 6123-0283,Zoeller Pump Company,200361.08,USD
1871,RFPO-5655-E6800A-1,17 Apr 2023,PO for Electrical Items,WESCO INTERNATIONAL,8790.08,USD
1872,RFPO-5684-S9031A-1,17 Apr 2023,PO for Acoustical Tiles,Westside Building Material,2639.608,USD
1873,RFPO-5657-V4353C-1,17 Apr 2023,PO for Miscellaneous Metal Fabrications (Ladders & Access),"Halliday Products, Inc",6365,USD
1874,RFPO-5503-V40002-1,12 Apr 2023,PO for CARRIER - 30KAVP0500-,I.G.KARAKATSANIS & CO P.G.,409700,EURO
1875,RFPO-1569-O45-1,11 Apr 2023,PO for Once off licence fee for 2 No. of Concurrent Candy Licence,Construction Computer Software(Gulf)LLC,41070,AED
1876,RFPO-1192-V4328-1,11 Apr 2023,PO for SGS 6000_BLACK,"SHANDONG FEIDU ADHESIVE TECHNOLOGY SHARES CO.,LTD",10051.2,USD
1877,RFPO-5503-V40001-1,10 Apr 2023,PO for GENIOX 27.13,I.G.KARAKATSANIS & CO P.G.,104725,EURO
1878,RFPO-5503-V40000-1,06 Apr 2023,PO for VFW41.125,SMART DEVELOPMENT SYSTEMS GROUP EMPOROTEXNIKI AE,28702.72,EURO
1879,RFPO-1192-M4102-1,06 Apr 2023,"PO for Saudi Rockwool Slab Insulation with Unfaced, Thickness: 50 mm, Density:  64 kg/m3 x 1.2 M x 0.6 M",Century Mechanical Systems,8755.2,AED
1880,RFPO-5193-A5203-1,06 Apr 2023,PO for ALUMINUM DOORS. TYPE G2,Lakshmi Metal Tech LLC,86245,AED
1881,RFPO-1005-V7060-1,04 Apr 2023,RIP-RAP MATERIAL ,Gulf Inshaa General Contracting Est,21600,SAR
1882,RFPO-5193-V40001-1,04 Apr 2023,PO for STEEL WINDOWS,NATIONAL FIRE FIGHTING MANUFACTURING FZCO,16555,USD
1883,RFPO-1005-M7064-1,03 Apr 2023,"PO for AUTOMATIC SMOKE DAMPERS, BALANCING DAMPERS, DUCT ACCESS DOORS",Joint Gulf Business Establishment,31136,SAR
1884,RFPO-5657-V4352B-1,03 Apr 2023,PO for Trusses,"Scott & From Co., Inc.",28633,USD
1885,RFPO-5213-S9100-1,30 Mar 2023,PO for THIRD PARTY INSPECTION OF DOCK LEVELLER SYSTEM,INTERTEK INDIA PRIVATE LIMITED,354,USD
1886,RFPO-5829-V4351-1,29 Mar 2023,PO for UltraSonic Goggle (PREMIUM PLUS) E114231324,SAMS GENERAL TRADING LLC,300,AED
1887,RFPO-1569-V4408-1,28 Mar 2023,PO for Business Cards,SMILE COLOR,360,AED
1888,RFPO-1192-F12487-1,27 Mar 2023,PO for Full Specialty Physical Testing  - Joint Movement Capability - ASTM C719 (modified) - Sealants,Wimpey Laboratories (WD) - Dubai,2000.02,AED
1889,RFPO-5532-V4356-1,27 Mar 2023,"PO for BASKETBALL JERSEYS (JERSEY NUMBER 31, 11, 34) SIZE XXL MEN",The Uniform World Tailoring and Textiles LLC,3000,AED
1890,RFPO-1005-V7054-1,27 Mar 2023,PO for TARKETT - JOHNSONITE RUBBER TILE,PRIME FLOOR KSA,382239.25,SAR
1891,RFPO-1005-V7056-1,23 Mar 2023,PO for AIR VAPOR BARRIER SYSTEM,SYNERGY BUILDING SYSTEMS LLC,162596.31,AED
1892,PO-1005-M7055-1,23 Mar 2023,VEHICLE EXHAUST FAN,JGB International General Trading LLC,149280,AED
1893,RFPO-1005-M7060-1,22 Mar 2023,"PO for Xylem Bell & Gossett Hot Water Circulator Pump Series: PL, Model: PL-55B",PURE SEASONS,10000,SAR
1894,RFPO-1005-M7061-1,22 Mar 2023,PO for BUFFER TANK AND AIR SEPARATOR,ASEM FOR ELECTRO MECHANICAL SERVICES TRADING COMPANY,39705,SAR
1895,RFPO-5532-M4002-1,22 Mar 2023,PO for Self Propelled Scissor Lift Model: SJYZ0.45-8.,Evangel International Machinery Ltd.,20400,USD
1896,RFPO-1005-V7055-1,20 Mar 2023,PO for HVAC DUCT ACCESSORIES,MASDAR TECHNICAL SUPPLIES LLC,5421,SAR
1897,RFPO-5683-V40001-1,20 Mar 2023,"PO for Fabrication and procurement of HVAC ductwork, piping, accessories and equipment. Ductwork and Accessories","Scott & From Co., Inc.",137804,USD
1898,RFPO-5683-V40002-1,20 Mar 2023,"PO for Fabrication and procurement of HVAC ductwork, piping, accessories and equipment. Ductwork and Accessories","Scott & From Co., Inc.",116949,USD
1899,RFPO-1569-V4406-1,17 Mar 2023,PO for Printing:Business Card Business card printing - 350gsm with matt lamination,SMILE COLOR,120,AED
1900,PO-1005-E7050-1,17 Mar 2023,PO for Compact Substation ,UNITED TECHNOLOGY OF ELECTRIC SUBSTATION & SWITCHGEARS CO.,104000,SAR
1901,RFPO-1569-V4407-1,17 Mar 2023,PO for SHARP MX61FT BLACK TONER CART,Printek  SUPPLIES L.L.C,1860,AED
1902,RFPO-1192-V4450-1,16 Mar 2023,PO for Stationery Items,GRAND STATIONERY CO LLC,978.05,AED
1903,RFPO-1005-V7053-2,16 Mar 2023,PO for VENCO FANS - USA ( GREENHECK ),AL SHADI,34141.98,SAR
1904,RFPO-5655-V40001A-1,16 Mar 2023,PO for Elastomeric Pipe Covering (1-1/4in IPS),TIC LIGHT ELECTRICAL CORP,8727.69,USD
1905,RFPO-5532-V4355-1,15 Mar 2023,"PO for Folding Container house 2 floor 2 stairs 15MX5.8MX5.2H. 2.5MX5.8MX2.6H per set, total 12 sets. With bathroom design",FOSHAN SOEASY MODULAR HOUSING CO LTD,170600,USD
1906,RFPO-1005-V7053-1,13 Mar 2023,PO for VENCO FANS - USA ( GREENHECK ),AL SHADI,18234.29,SAR
1907,RFPO-5657-V40000-1,13 Mar 2023,PO for GRADE 60 DEFORMED EPOXY COATED,Leeds Services Co. Pte Ltd.,4899,USD
1908,RFPO-5532-V40000-1,10 Mar 2023,PO for SIMPLE FACTORY AUDIT,V-Trust Inspection Service Co. Ltd.,268,USD
1909,RFPO-5193-A5202-1,09 Mar 2023,PO for ALUMINUM WINDOWS. TYPE W1. NFR. W-1400MM H-1200MM,Lakshmi Metal Tech LLC,116134.84,AED
1910,RFPO-1569-O44-1,08 Mar 2023,"PO for HP 290G4 I-7 10TH GEN,10700 8CORE, 16GB RAM, 1TB HDD + 256 GB SSD,  ZOTEC GT710 2GB DDR3 HDMI, VGA, WIN 10 PRO, 1 YR",AL KOFA COMPUTER TRADING LLC,4500,AED
1911,RFPO-5655-V40000-1,08 Mar 2023,"PO for Fabrication and procurement of HVAC ductwork, piping, accessories and equipment.          Ductwork and Accessories","Scott & From Co., Inc.",531992,USD
1912,RFPO-5532-V4354-1,08 Mar 2023,PO for SAFETY SHOES - SAFETOE Best Cat PPE ONLINE Size: 43 SKU: S502013106,PPE SAFETY PRODUCTS TRADING LLC,665,AED
1913,RFPO-5213-A5202-1,08 Mar 2023,PO for ALUMINUM WINDOWS. TYPE W1. NFR. W-1000MM H-1200MM,Lakshmi Metal Tech LLC,216649.58,AED
1914,PO-1005-V7049-2,06 Mar 2023,Expansion Tank - HVAC and Expansion Tank for Water Heater Line,FLUIDS SOLUTIONS,1564.2,USD
1915,RFPO-1569-V4405-1,06 Mar 2023,PO for BUSINESS CARD FOR VP of Projects-Europe - Charles Ernie Hogue,SMILE COLOR,140,AED
1916,RFPO-5532-M4001-1,06 Mar 2023,PO for HEAVY EQUIPMENTS,Evangel International Machinery Ltd.,101700,USD
1917,RFPO-1192-S9075-1,02 Mar 2023,"PO for Nissan Suny 1.5lt  2019	Monthly Rental",SEL Car Rental LLC,1400,AED
1918,RFPO-5532-V4353-1,02 Mar 2023,PO for Ready-made Polo Shirt Drifit Black color with 1 position logo embroidery on front left chest part.,The Uniform World Tailoring and Textiles LLC,1920,AED
1919,RFPO-5622-V40000-1,02 Mar 2023,PO for APPARENT,Kelly & Hayes Electrical Industrial & Plumbing Supplies,339960,USD
1920,RFPO-1569-O42-1,01 Mar 2023,PO for ESET ENDPOINT PROTECTION ADVANCED,Burhani Computers Trading LLC,11520,AED
1921,PO-1005-V7049-1,01 Mar 2023,Expansion Tank - HVAC and Expansion Tank for Water Heater Line,FLUIDS SOLUTIONS,1314.2,USD
1922,RFPO-1569-O41-1,28 Feb 2023,PO for Microsoft Azure Subscription - (Pay As You Go),Burhani Computers Trading LLC,3636,AED
1923,RFPO-5626-V40001-1,28 Feb 2023,PO for PHEONOLIC BOARD,Leeds Services Co. Pte Ltd.,8011,USD
1924,RFPO-5626-V40000-1,27 Feb 2023,PO for C900 PVC Pipe 6 inch,Leeds Services Co. Pte Ltd.,68515,USD
1925,RFPO-1005-M7059-1,27 Feb 2023,"PO for ITEM# PRE-A-1, MODEL RED06",PURE SEASONS,18912.5,SAR
1926,RFPO-5683-V40000-1,27 Feb 2023,"PO for 10mm x 6m, offer BS4449 Grade 500B sandblasted epoxy coated",Leeds Services Co. Pte Ltd.,6467,USD
1927,PO-1005-V7051-1,23 Feb 2023,PO for PVC Spacer,Modern Building Materials Co.,1750,AED
1928,PO-1005-M7057-1,23 Feb 2023,PO for 4inch Lint Trap,Atmosphere,634.5,USD
1929,RFPO-4814-A5206-1,21 Feb 2023,PO for STEEL DOORS ,Lakshmi Metal Tech LLC,929999.94,AED
1930,RFPO-5213-V40011-1,20 Feb 2023,FFE,Wefal International Est,263890,SAR
1931,RFPO-1005-V7048-2,20 Feb 2023,PO for Ductwork & Accessories- Khamis Simulator Facility,Arabian Thermal Aire Industries Co. Ltd.,63064,SAR
1932,RFPO-1569-V4404-1,16 Feb 2023,PO for PlanSwift 10.3 Planswift Measurement & T akeoff Software,Green Figure Technique,7700,AED
1933,RFPO-1005-C6054-1,15 Feb 2023,PO for Elastomeric polyurethane liquid applied waterproofing membrane (AS PER APPROVED SUBMITTAL),Saudi Vetonit Co. Ltd. (SAVETO),23302,SAR
1934,RFPO-1569-O39-2,13 Feb 2023,"PO for .HP 290G4 I-7 10th GEN,10700 8CORE, 16GB RAM, 1TB HDD + 256 GB SSD, ZOTEC GT710 2GB DDR3 HDMI, VGA, Win 10 Pro, 1 yr",AL KOFA COMPUTER TRADING LLC,3440,AED
1935,RFPO-1569-O39-3,13 Feb 2023,"PO for .HP 290G4 I-7 10th GEN,10700 8CORE, 16GB RAM, 1TB HDD + 256 GB SSD, ZOTEC GT710 2GB DDR3 HDMI, VGA, Win 10 Pro, 1 yr",AL KOFA COMPUTER TRADING LLC,3345,AED
1936,RFPO-1569-O40-1,13 Feb 2023,"PO for HP 290G4 I-7 10th GEN,10700 8CORE, 16GB RAM, 1TB HDD + 256 GB SSD,  ZOTEC GT710 2GB DDR3 HDMI, VGA, Win 10 Pro, 1 yr",AL KOFA COMPUTER TRADING LLC,11225,AED
1937,RFPO-1192-F12375-1,13 Feb 2023,PO for VOC Emission - CDPH (INS0285),Wimpey Laboratories (WD) - Dubai,6000,AED
1938,RFPO-1569-O39-1,09 Feb 2023,"PO for .HP 290G4 I-7 10th GEN,10700 8CORE, 16GB RAM, 1TB HDD + 256 GB SSD, ZOTEC GT710 2GB DDR3 HDMI, VGA, Win 10 Pro, 1 yr",AL KOFA COMPUTER TRADING LLC,3935,AED
1939,RFPO-5532-V4351-1,08 Feb 2023,PO for Car Magnet Sheet - Weather Proof,DELUXE PRINTING,4400,AED
1940,RFPO-5532-V4352-1,08 Feb 2023,PO for Car Magnet Sheet - Weather Proof,DELUXE PRINTING,4400,AED
1941,RFPO-1569-O37-1,08 Feb 2023,"PO for LENOVO THINKPAD E15 GEN4 (21E6008CGR) I-7-1255U-4.7GHz, 8GB, 1TB  SSD,15.6"" FHD IPS, CAMERA, FPR, BT, WIFI, WINDOWS 10 PRO, INTEL IRIS  XE GRAPHICS, BLACK, 1 YEAR WARRANTY",AL KOFA COMPUTER TRADING LLC,3950,AED
1942,RFPO-4814-A5204A-1,07 Feb 2023,PO for ALUMINUM DOORS,Lakshmi Metal Tech LLC,383250.16,AED
1943,RFPO-5193-A5201-2,03 Feb 2023,"PO for MOTOR, FACE OF WALL, INTERIOR COIL WEATHERED THERMISER, 6F/6M INSULATED SLAT, 6F SLAT 20/24 GAUGE, GALVANIZED STEEL, GRAY/WHITE/TAN OR BROWN GALVANEX PRIMER FINISH, Model ESD20. BOTTOM BAR: (2)",IDT INTERNATIONAL DOOR TRADING,145000,SAR
1944,RFPO-5532-M4000-1,02 Feb 2023,PO for MAXUS V80 16 SEAT MINI BUS,DAKUTA Trading,42700,USD
1945,RFPO-1569-V4401-1,02 Feb 2023,PO for GREETLY ESSENTIAL FOR 1 LOCATION SOFTWARE,GREETLY,1700,USD
1946,RFPO-1569-V4402-1,02 Feb 2023,PO for KONNECT STRAIGHT DESK,BAFCO TRADING LLC,6837.5,AED
1947,RFPO-1569-V4403-1,02 Feb 2023,PO for Ready-made Flees Hoodies Pullover type with one position Logo embroidery on the front left chest. ( Only MVL Logo ),The Uniform World Tailoring and Textiles LLC,945,AED
1948,USACE-CETAM-CT-1,02 Feb 2023,LETTER OF INTENT,ARCHITECTURAL METAL DOORS FZC,196333.37,AED
1949,RFPO-4814-M4105-3,01 Feb 2023,"PO for SUPPLY OF NFPA 22 APPROVED GALVANIZED STEEL BOLTED TANK WITH DWI APPROVED LINER. MAKE: BALMORAL UK. 6.24 MTRS DIA; 8.2 MTRS HEIGHT, 229M3 NET CAPACITY, 2A SEISMI",ALIGN ELECTROMECHANICAL WORK LLC,451150,AED
1950,RFPO-1569-O36-1,01 Feb 2023,"PO for HP 290G4 I-7 10th GEN,10700 8CORE, 16GB RAM, 1TB HDD + 256 GB SSD, ZOTEC GT710 2GB DDR3 HDMI, VGA, Win 10 Pro, 1 yr",AL KOFA COMPUTER TRADING LLC,2785,AED
1951,RFPO-1005-E7054-1,31 Jan 2023,PLUMBING VALVES,TIC LIGHT ELECTRICAL CORP,3812.07,USD
1952,RFPO-4814-S9100-1,31 Jan 2023,"PO for COIL SUPPLY FOR METAL RIDGE, GUTTER, DOWNSPOT, GUTTER AND FLASHING.Z27 .8X1219, COLOR D20J001",Staines International Group General Trading and Contracting Co. WLL,11566,USD
1953,RFPO-1192-S9074-1,31 Jan 2023,PO for Nissan Suny 1.5lt  2019,SEL Car Rental LLC,1400,AED
1954,PO-1005-M7051-1,30 Jan 2023,Supply and Delivery Roof Top Package Unit(DX) - AL Kharj-KSA,SKM Air-Conditioning Co.,203435,SAR
1955,PO-1005-M7054-1,26 Jan 2023,Full Retention Separators Project: 127 - Al Kharj Warehouse,DYNAMIC TECHNOLOGY SUPPLIES COMPANY LTD,87797.371,SAR
1956,RFPO-5213-V40010-1,24 Jan 2023,DOCK LEVELLER SYSTEM,GANDHI AUTOMATION PVT LTD,21261,USD
1957,RFPO-1005-V7047-1,23 Jan 2023,PO for PLUMBING VALVES,FLUIDS SOLUTIONS,3122.3,USD
1958,RFPO-1569-V4400-1,23 Jan 2023,PO for Ready-made Flees Hoodies Pullover type with one position logo embroidery on the front left chest Individual short name in 2-letter / Above the logo color lines. Material: Poly cotton mix single,The Uniform World Tailoring and Textiles LLC,1155,AED
1959,RFPO-4814-S9100-1,20 Jan 2023,PO for Visual and Dimensional Inspection / Quantity and Packing Verification - Translucent Panels,"MTB QUALITY CONSULTANTS, INC.",800,USD
1960,RFPO-5193-A5201-1,20 Jan 2023,"PO for MOTOR, FACE OF WALL, INTERIOR COIL WEATHERED THERMISER, 6F/6M INSULATED SLAT, 6F SLAT 20/24 GAUGE, GALVANIZED STEEL, GRAY/WHITE/TAN OR BROWN GALVANEX PRIMER FINISH, Model ESD20. BOTTOM BAR: (2)",IDT INTERNATIONAL DOOR TRADING,116045,SAR
1961,RFPO-1569-O35-1,18 Jan 2023,"PO for HP 290G4 I5 10400 8GB RAM 1TB HDD + 256 GB SSD, Zotec GT710 2GB DDR3 HDMI, VGA, Win 10 Pro, 1 yr",AL KOFA COMPUTER TRADING LLC,2130,AED
1962,RFPO-1192-V4327-1,17 Jan 2023,PO for SLAB WITHOUT FACING (SXXX) Density: 160Kg/M3 Thickness: 50mm Size:1.2 MtrX 0.6 Mtr,FUJAIRAH ROCKWOOL FACTORY,12546,AED
1963,RFPO-5829-R1500-1,16 Jan 2023,PO for MITSUBISHI XPANDER 1.5L H/L 7s,Diamondlease LLC,2605,AED
1964,RFPO-1005-V7048-1,16 Jan 2023,PO for Ductwork & Accessories- Khamis Simulator Facility,Arabian Thermal Aire Industries Co. Ltd.,31216,SAR
1965,RFPO-1569-V4398-1,13 Jan 2023,PO for PlanSwift 10.3 Planswift Measurement &amp; Takeoff Software,Green Figure Technique,7700,AED
1966,RFPO-1192-V4449-1,12 Jan 2023,PO for Printing:Sticker PVC plastic sticker with lamination - 8.8X6.4cm - 1000pcs,SMILE COLOR,675,AED
1967,RFPO-1005-V7046-1,10 Jan 2023,PO for Maxcell Fabric Black (As per approved product submittal),ABANA Enterprises Group Co.,65974.07,SAR
1968,RFPO-4814-E6800-2,05 Jan 2023,PO for Entek-Turkey SPG2 versio recessed 20W 60x60 recessed Panel light .IP44 3500K CRI80 with 0-10V Dimmable driver,CREO LIGHTING CO.,328075,QAR
1969,RFPO-1005-E7053-1,31 Dec 2022,VALVE BOXES (DOMESTIC WATER AND CHILLED WATER),TIC LIGHT ELECTRICAL CORP,32022.83,USD
1970,RFPO-1192-V4326-1,29 Dec 2022,PO for Slab Without Facing SXXX Density 160kg M3 Thickness 50mm Size 1.2 MtrX.6 Mtr 360 M2,FUJAIRAH ROCKWOOL FACTORY,12546,AED
1971,RFPO-5213-A5201-1,27 Dec 2022,PO for OVERHEAD INSULATED COILING DOOR,IDT INTERNATIONAL DOOR TRADING,210213,SAR
1972,RFPO-1192-V4448-1,20 Dec 2022,PO for 2 RING  BINDER 204  1.5  inch ALPHA  1X36 PCS,GRAND STATIONERY CO LLC,1184.5,USD
1973,RFPO-1192-V4448A-1,20 Dec 2022,PO for 2 RING  BINDER 204  1.5  inch ALPHA  1X36 PCS,GRAND STATIONERY CO LLC,1264.5,AED
1974,RFPO-1192-R1508-1,19 Dec 2022,PO for Full Service Maintenance For Firestop Printer MX-3550V,NEW SMART OFFICE AUTOMATION LLC,4950,AED
1975,RFPO-5193-E6800A-1,19 Dec 2022,LIGHTING FIXTURES,ALC ADVANCED LIGHTING COMPANY,73000,SAR
1976,RFPO-1005-V7045-1,19 Dec 2022,PO for REFRIGERANT PIPING SYSTEM,Fawaz Refrigeration & Air Conditioning Co.,13501.4,SAR
1977,RFPO-1569-O34-1,14 Dec 2022,"PO for Dell Optiplex 7090MT i7 11700 16GB 1TBHDD + 256GB SSD 2GB Zotac GT710 , WIN 10 pro",AL KOFA COMPUTER TRADING LLC,4060,AED
1978,RFPO-1569-V4397-1,13 Dec 2022,PO for Ready-made Flees Hoodies Pullover type with one position logo embroidery on the front  left chest Individual short name in 2-letter / Above the logo color lines. Material: Poly cotton mix singl,The Uniform World Tailoring and Textiles LLC,4515,AED
1979,RFPO-1569-O33-1,12 Dec 2022,PO for Meeting Room Video ConferencingSystems (1808),TECHMIND SOLUTIONS LLC,37700,AED
1980,RFPO-1569-O32-1,06 Dec 2022,PO for Sophos SG 230 Full Guard - 1 Year Subscription,CODEGREEN SYSTEMS,8447,AED
1981,RFPO-1192-V4324-1,05 Dec 2022,"PO for SUPPLY, INSTALLATION, TESTING AND COMMISIONING OF FIRE ALARM SYSTEM WITH AMC 1 YEAR",MISSION FIRESAFETY LLC,1300,AED
1982,RFPO-5327-V40000-1,30 Nov 2022,PO for PACKAGED AIR CONDITIONING UNIT (RTU-1),Mohamed Abdulrahman Al-Bahar Electrical & Electronics Appliances,29500,KWD
1983,RFPO-1569-O31-1,29 Nov 2022,PO for UNIFI 48 PORT SWITCH (USW-48,AL ANEEQ COMPUTER DEVICES TRADING LLC,8215,AED
1984,RFPO-4814-A5203-1,25 Nov 2022,PO for Aluminum Windows,Lakshmi Metal Tech LLC,831553.42,AED
1985,RFPO-5213-V40009-1,14 Nov 2022,SHELVING SYSTEM,Arcoma Storage & Handling Solution,550000,SAR
1986,RFPO-1192-V4323-1,11 Nov 2022,PO for SLAB WITHOUT FACING (SXXX) Densitiy: 64Kg M3 Thickness: 50mm  Size: 1.2 Mtr by .6 mtr,FUJAIRAH ROCKWOOL FACTORY,4950,AED
1987,RFPO-1569-O30-1,09 Nov 2022,"PO for HP 290G4 I5 10400 8GB RAM 1TB HDD + 256 GB SSD, Zotec GT710  2GB DDR3 HDMI, VGA, Win 10 Pro, 1 yr",AL KOFA COMPUTER TRADING LLC,3100,AED
1988,RFPO-5213-V40008-1,08 Nov 2022,DOCK LEVELER W/STANDARD BUMPER AND VEHICLE RESTRAINT (RITEHITE),LOC8 EQUIPMENT TRADING LLC,109316.58,AED
1989,RFPO-1569-S9074-2,03 Nov 2022,Supply and Installation of Furnitures,The Toolkit Interior Decoration LLC,30000,AED
1990,RFPO-1569-S9074-3,03 Nov 2022,Supply and Installation of Furnitures,The Toolkit Interior Decoration LLC,23600,AED
1991,RFPO-1569-S9074-1,02 Nov 2022,PO for Supply and Installation of Furnitures,The Toolkit Interior Decoration LLC,34200,AED
1992,RFPO-1569-V4396-1,27 Oct 2022,PO for ORYX ROLLER BLINDS - MANUAL  WIDTH  1820 HEIGHT 1500,BAFCO TRADING LLC,2321.3,AED
1993,RFPO-1569-V4395-1,26 Oct 2022,PO for Konnect Straight,BAFCO TRADING LLC,4092.5,AED
1994,RFPO-5153-V4351-1,26 Oct 2022,PO for RICOH MPC 3004 Green Line (configuration with 2 drawers + cabinet + nr. 1 WIFI adapter). with 6 months warranty upon delivery and installation.,Gamma S.p.A.,5148.4,EURO
1995,RFPO-1192-V4447-1,26 Oct 2022,PO for SHARP MX61FT BLACK TONER,Printek  SUPPLIES L.L.C,3720,AED
1996,RFPO-4814-V40002-1,20 Oct 2022,MISSILE IMPACT SKYLIGHT PANELS,MAXIM HURRICANE RESISTANT SKYLIGHTS,68973.66,USD
1997,RFPO-5410-V40001-1,19 Oct 2022,VEHICLE BARRIER,"GIBRALTAR PERIMETER SECURITY, LP",306785,USD
1998,RFPO-1569-R1503-1,19 Oct 2022,PO for Model – SHARP MX-3051 – 30PPM – High Quality Color,NEW SMART OFFICE AUTOMATION LLC,16920,AED
1999,RFPO-1569-V4266-1,18 Oct 2022,"PO for HP 290G4 I5 10400 8GB RAM 1TB HDD + 256 GB SSD, VGA ASUS GT730 2GB DDR5 4*HDMI, win 10 pro, 1 yr",AL KOFA COMPUTER TRADING LLC,10310,AED
2000,RFPO-5213-V40006-1,11 Oct 2022,PO for Dayton Superior PC110 OSHA Rebar Caps Fits no 3- no11 Rebar Sizes (100 Pack),GCC Distribution LLC,1020,USD
2001,RFPO-1192-V4322-1,10 Oct 2022,PO for SLAB WITHOUT FACING SXXX Density 160Kg M3 Thickness 50mm Size1.2 Mtr X .6 Mtr. 360 SQM,FUJAIRAH ROCKWOOL FACTORY,12546,AED
2002,RFPO-5193-E6800-1,10 Oct 2022,"PO for Type Ref No.1 600mm X 600mm TROFFER, MOUNTED IN GRID",ALC ADVANCED LIGHTING COMPANY,121750,SAR
2003,RFPO-3742-V4265-1,05 Oct 2022,PO for Cummins Generator Service (3 nos of Generator),"Cummins Arabia, Kuwait",1280,KWD
2004,RFPO-5213-V40004-1,29 Sep 2022,PO for Cell vent – 3/8 inch thickness x 5.5 inch Depth x 8 inch  Height Brand Wire-Bond Color Cocoa/ Tan,GCC Distribution LLC,9495,USD
2005,RFPO-5503-O1-2,29 Sep 2022,PO for Laptop HP 15S-FQ2008NV (Intel Core i7-1165G7/16GB/1TB SSD,Public BUSINESS,2054.04,EURO
2006,RFPO-1569-O29-1,28 Sep 2022,"PO for CMMC LEVEL 3 SELF ASSESSMENT - SCOPE OF ASSESSMENT MICHIGAN, DUBAI, AND LEBANON",DNV BUSINESS ASSURANCE Group AS Dubai Branch,64000,AED
2007,RFPO-5503-O1-1,28 Sep 2022,PO for Laptop HP 15S-FQ2008NV (Intel Core i7-1165G7/16GB/1TB SSD,Public BUSINESS,2546.9352,EURO
2008,RFPO-5213-V40003-1,22 Sep 2022,PO for Translucent Wall Panels (KALWALL) (NINE OPENINGS 2000MM X 1000MM),M. S. Al Sarraj Est. Trading & Contr,138000,SAR
2009,RFPO-5503-V4351-1,21 Sep 2022,PO for PHOTOCOPY MACHINE KONICA MINOLTA C250 (New) PHOTOCOPY MACHINE 250i,ZACHARAKIS GIANNIS  OFFICE MACHINES,4042.4,EURO
2010,RFPO-1192-V4445-1,20 Sep 2022,PO for A4 SIZE PAPER 80 GSM  AA BRAND 80 GSM,GRAND STATIONERY CO LLC,2024.5,AED
2011,RFPO-4814-A5202-1,15 Sep 2022,SUPPLY AND DELIVERY OF WOODEN DOORS HARDWARE,Vulcan Industries LLC,450705,AED
2012,RFPO-1569-S9003-1,12 Sep 2022,PO for Removal of existing signboard and deliver it to DIP warehouse location.,ISRA Middle East,1600,AED
2013,RFPO-5213-S9089-1,06 Sep 2022,CLADDING MATERIALS,Staines International Group General Trading and Contracting Co. WLL,205276.597,USD
2014,RFPO-4814-M4105-2,16 Aug 2022,"PO for SUPPLY OF NFPA 22 APPROVED GALVANIZED STEEL BOLTED TANK WITH DWI APPROVED LINER. MAKE: BALMORAL UK. 6.24 MTRS DIA; 8.2 MTRS HEIGHT, 229M3 NET CAPACITY, 2A SEISMI",ALIGN ELECTROMECHANICAL WORK LLC,449000,AED
2015,RFPO-5213-V4352-1,15 Aug 2022,"PO for 36 Unit First Aid Kit With BBP And CPR, Metal Case First Aid Only Sku  5499",REDA Safe,1200,SAR
2016,RFPO-5213-V4351-1,15 Aug 2022,PO for EXAMINATION TABLE,White Box,2721,SAR
2017,RFPO-1192-V4444-1,11 Aug 2022,PO for Skimming of Hydraulic pump moto rotor armature commutator segment - 1no Skimming of Hydraulic pump moto rotor armature commutator segment - 1no,BESTWAY HEAVY EQUIPMENT REPAIRING LLC,655,AED
2018,RFPO-1192-V4320-1,08 Aug 2022,PO for SUPPLY OF MAKING SAMPLE BOARDS 6MM THICK WITH HANDLE - 40 X 60 CM,Al Masood Carpentry Workshop,1200,AED
2019,RFPO-1192-V4321-1,08 Aug 2022,PO for FRF Unfaced Slabs(SXXX) with 50mm thickness X 160kg/M3,FUJAIRAH ROCKWOOL FACTORY,21312,AED
2020,RFPO-5213-V40002-1,03 Aug 2022,PO for Unitech Bituboard- Bitumen Filler Board Size: 12  MM X 1180X2250mm - Made in Poland .,UNITECH (ISAM KABBANI AND PARTNERS),2583.75,SAR
2021,RFPO-5327-S9073-1,02 Aug 2022,PO for External Roof and Wall Cladding for Weather Shelter A and B,DALAL STEEL INDUSTRIES,295200,USD
2022,RFPO-4814-M4106-1,01 Aug 2022,"PO for Supply, Delivery and Testing & Commissioning of Backup Generator with Integral Fuel Tank",JUBAILI BROS  WLL,205500,QAR
2023,RFPO-4814-E6800-1,21 Jul 2022,PO for Entek-Turkey SPG2 versio recessed 20W 60x60 recessed Panel light .IP44 3500K CRI80 with 0-10V Dimmable driver,CREO LIGHTING CO.,295480,QAR
2024,PO-1005-M7044-1,28 Jun 2022,Fire Department Connection,TIC LIGHT ELECTRICAL CORP,2376.78,USD
2025,RFPO-1569-V4265-1,22 Jun 2022,PO for INSECTICIDAL AND RESIDUAL SPRAY/GEL TREATMENT (ONE TIME SERVICE),QUALITY PEST CONTROL LLC,350,AED
2026,RFPO-5213-V40001-1,13 Jun 2022,PO for 6 TOILETS + 6 WASHBASINS  (6M X 3.75M),JABAL CONTRACTING COMPANY,46450,SAR
2027,RFPO-5213-S9082-2,13 Jun 2022,PO for Steel Skeleton Building [A] Warehouse,Kirby Contracting Company (SPC) L.L.C.,1155750,SAR
2028,RFPO-4814-A5201-1,06 Jun 2022,PO for VERTICAL LIFT DOOR (THERMOSTOP GLACE-GUARD MODEL MARK III-266. WIDTH 3600MM X HEIGHT 3657MM,Techtradedoors Trading L.L.C,359702,QAR
2029,RFPO-1569-O28-1,02 Jun 2022,PO for HIGH PERFORMANCE DESKTOP AS PER SPECIFICATIONS,Anigma Technology,3500,AED
2030,RFPO-4814-V4200-1,02 Jun 2022,PO for FLATBED  TRAILERS WITH DRIVER,QATAR TRADING AND TRANSPORT COMPANY,800,QAR
2031,RFPO-3742-V4264C-1,31 May 2022,PO for MANLIFT WITH FUEL,British Link Kuwait,550,KWD
2032,RFPO-1569-V4394-1,25 May 2022,PO for EIFFEL MESH ERGONOMIC CHAIR,SMART SPACE TECHNICAL SERVICE LLC,1226.67,AED
2033,RFPO-5342-M4101-1,20 May 2022,"PO for SUPPLY OF 4 WAY, 12KV, 25KA/1SEC, 630A RMU, RM6 TYPE WITH OUTDOOR ENCLOSURE WITH 3 NOS 400-300/1A, CLASS X CT, 1 NOS SOLKOR RF WITH TEST TERMINAL BLOCK FOR VCB FEEDER AND OTHER DETAILS AS PER A",INDUSTRIAL ELECTRICAL PROJECTS CO.,20262,KWD
2034,RFPO-3742-V4264B-1,11 May 2022,PO for MANLIFT WITH FUEL,British Link Kuwait,650,KWD
2035,RFPO-4814-M4105-1,09 May 2022,"PO for SUPPLY OF NFPA 22 APPROVED GALVANIZED STEEL BOLTED TANK WITH DWI APPROVED LINER. MAKE: BALMORAL UK. 6.24 MTRS DIA; 8.2 MTRS HEIGHT, 229M3 NET CAPACITY, 2A SEISMI",ALIGN ELECTROMECHANICAL WORK LLC,440000,AED
2036,RFPO-3742-R1501A-1,09 May 2022,PO for RENT OF FORKLIFT,AMJAD GHARNATA GEN. CONT. FOR BLDG. CO.,2018.75,KWD
2037,RFPO-1192-V4440-1,28 Apr 2022,PO for SHARP MX61FT BLACK TONER CART,Printek  SUPPLIES L.L.C,1850,AED
2038,RFPO-3550-V4383-1,20 Apr 2022,PO for Tencate geogrid 200/50 ( Roll Size 520 sqm x 2 Nos),S.TECH ENGINEERING &amp; CONSTRUCTION CO. (P) LTD.,1057680,NPR
2039,RFPO-3550-V4384-1,20 Apr 2022,PO for Tencate geogrid 200/50 ( Roll Size 520 sqm x 2 Nos),S.TECH ENGINEERING &amp; CONSTRUCTION CO. (P) LTD.,1057680,NPR
2040,RFPO-1192-V4319-1,18 Apr 2022,PO for Slab Without Facing SXXX Density 64kg M3 Thickness 50mm Size 1.2 MtrX.6 Mtr 360 m2.,FUJAIRAH ROCKWOOL FACTORY,4950,AED
2041,RFPO-3742-V4264A-1,18 Apr 2022,RENTAL OF MANLIFT WITH FUEL,British Link Kuwait,450,KWD
2042,RFPO-3734-S9113-1,14 Apr 2022,PO for Electrical Foreman,SBK Oilfield Services,4200,QAR
2043,RFPO-3742-R1501-1,11 Apr 2022,PO for RENT OF FORKLIFT,Amjad Gharnata Gen. Cont. co. for Bldg.,1400,KWD
2044,RFPO-3742-V4264-1,31 Mar 2022,PO for MANLIFT WITH FUEL,British Link Kuwait,450,KWD
2045,RFPO-4814-V40001-1,23 Mar 2022,PO for BACK FILL QCS2014 as per Stockpike 06 Engineering Backfill Material Test Reports.,AL Tanawa Trading &amp; Contracting,407000,QAR
2046,RFPO-5213-V40000-1,21 Mar 2022,PO for FLOW TEST FOR FIRE HYDRANT SYSTEM,NAFFCO KSA,11500,SAR
2047,RFPO-4814-S9088-1,14 Mar 2022,"PO for Insulated Wall Panel, including fixing accessories: fabricated from two sheets of metal with modified polyisocyanurate or polyurethane foam insulation core foamed-in-place during fabrication wi",Staines International Group General Trading and Contracting Co. WLL,592158,USD
2048,RFPO-3742-V4263-1,14 Mar 2022,PO for MANLIFT WITH FUEL,British Link Kuwait,590,KWD
2049,RFPO-1192-F11676-1,09 Mar 2022,PO for TESTING OF INSS2460 (USEPA-600/R-93/116 AND  ASTM C518),Wimpey Laboratories (WD) - Dubai,1150,AED
2050,RFPO-4814-V40000-1,03 Mar 2022,PO for 40KVA 3/3 Modular UPS-15 minutes BUT,ENGINEERING SUPPLIES COMPANY (E & I) W.L.L,63445,QAR
2051,RFPO-5270-O1-1,02 Mar 2022,PO for Brother MFC-T4500DW Inkjet MFP A3,Accent Office Supplies Trading Co LLC,2329,AED
2052,RFPO-1569-O27-1,23 Feb 2022,PO for ESET Endpoint Protection  Advanced Renewal for a Year,Burhani Computers Trading LLC,3630,AED
2053,RFPO-3742-V4262-1,23 Feb 2022,"RENTAL OF BOOM TRUCK, MANLIFT AND FORKLIFT",British Link Kuwait,1040,KWD
2054,RFPO-1569-O26-1,22 Feb 2022,PO for MICROSOFT AZURE SUBSCRIPTION (PAY AS YOU GO),Burhani Computers Trading LLC,3636,AED
2055,RFPO-1192-F11628-1,21 Feb 2022,PO for  TESTING FOR NWS 2000 & SGS6000,Wimpey Laboratories (WD) - Dubai,2300,AED
2056,RFPO-1192-V4318-1,16 Feb 2022,PO for Slab Without Facing SXXX Density 64kg M3 Thickness 50mm Size 1.2 MtrX.6 Mtr 360 M2,FUJAIRAH ROCKWOOL FACTORY,4687.2,AED
2057,RFPO-4814-E6801-1,07 Feb 2022,PO for Entek-Turkey SPG2 versio recessed 20W 60x60 recessed Panel light .IP44 3500K CRI80 with 0-10V Dimmable driver,CREO LIGHTING CO.,7300,QAR
2058,RFPO-1192-F11596-1,03 Feb 2022,PO for VOC - CDPH (INSS1186 and INSS1440),Wimpey Laboratories (WD) - Dubai,12000,AED
2059,RFPO-4814-M4104-1,02 Feb 2022,PO for CONTROL PANEL-1 (AS PER APPROVED SUBMITTAL),Carrier Solutions Contracting and Trading and Services W.L.L.,62040,QAR
2060,RFPO-3742-V4261-4,18 Jan 2022,PO for RENTAL OF Manlift  WITH OPERATOR AND FUEL,British Link Kuwait,180,KWD
2061,RFPO-3742-V4261-3,12 Jan 2022,PO for BOOMTRUCK WITH OPERATOR AND FUEL,British Link Kuwait,750,KWD
2062,RFPO-1192-S9073-1,04 Jan 2022,PO for Nissan Kicks ( Mini Suv) 2019 Monthly Rental - Islam,SEL Car Rental LLC,2200,AED
2063,RFPO-3742-V4261-2,03 Jan 2022,PO for RENTAL OF MANLIFT WITH OPERATOR,British Link Kuwait,550,KWD
2064,RFPO-1192-V4317-1,26 Dec 2021,PO for SLAB WITHOUT FACING (SXXX) Density: 160Kg/M3 Thickness: 120mm Size:1.2 MtrX .6 Mtr.,FUJAIRAH ROCKWOOL FACTORY,5820.12,AED
2065,RFPO-3742-V4255-3,22 Dec 2021,"DESIGN, SUPPLY, INSTALLATION, COMMISSIONING AND TRAINING OF OPERATORS OF BLAST ROOM, PAINT ROOM & PAINT MIXING ROOM",Prism Tech Engineering LLC,509820.56,USD
2066,RFPO-3742-V4261-1,22 Dec 2021,PO for BOOMTRUCK WITH OPERATOR AND FUEL,British Link Kuwait,1000,KWD
2067,RFPO-1569-R1502-1,19 Dec 2021,PO for Model – SHARP MX-3051 – 30PPM – High Quality Color,NEW SMART OFFICE AUTOMATION LLC,17000.04,AED
2068,RFPO-3742-V4260-1,14 Dec 2021,PO for RENTAL OF FORKLIFT  MOBILIZATION  & DEMOBILIZATION  CHARGES COMPLETE WITH BADGE OPERATOR,British Link Kuwait,1430,KWD
2069,RFPO-1192-V4439-1,06 Dec 2021,PO for EOTA TR 024 (INFS0812) AND EOTA TR 024 (INSS1440) TESTING,Materials Testing Institute University of Stuggart,5194.8,EURO
2070,RFPO-1569-V4393-1,05 Dec 2021,PO for A4 size Box files,MBA Stationery Trading LLC,353.5,AED
2071,RFPO-3734-S9035-1,29 Nov 2021,PO for Rack Side Accessories as per  Vendor Quotation SHNA/QTN/002975,Al Shaghairi Trading &amp; Contracting Co.WLL (Electra),8760,QAR
2072,RFPO-3734-V4356-1,25 Nov 2021,"PO for ROOM ID - NUMBER AND NAME (MULTIPLE LOCATIONS) - Type H Size: 30cm L X 32.25cm H Materials:  Aluminum silver anodized curve shape with black / gray (optional color) plastic caps, with black div",THE MODERN ADVERTISING CENTER,3980,QAR
2073,RFPO-4814-M4103-1,25 Nov 2021,CHILLED WATER PUMPS,M.A.H.Y. KHOORY & CO. LLC,134678.06,AED
2074,RFPO-3734-M4104-1,25 Nov 2021,GI SUPPORTS FOR THE CABINET COUNTERTOPS,Alaina Engineering Services WLL,3000,QAR
2075,RFPO-3734-V4257A-3,24 Nov 2021,CHANGE ORDER 02: ADDITIONAL COST FOR THE KEYING SYSTEM (34EA NEW CORES),"Framaco International, Inc",2212,USD
2076,RFPO-1569-O25-1,24 Nov 2021,PO for Sophos SG 230 Full Guard - 1 Year Subscription,CODEGREEN SYSTEMS,7850,AED
2077,RFPO-3734-V4353-2,22 Nov 2021,PO for INTERIOR SIGNAGE AS PER QUOTATION REF. TMAC/QT-232 REV. 01/2021,THE MODERN ADVERTISING CENTER,35090,QAR
2078,RFPO-3734-V4257A-2,22 Nov 2021,PO for LEAVES SINGLE. DOOR TYPE A. WIDTH (mm) 900. HEIGHT (mm) 2150. THICKNESS (mm) 45. FIRE RATING NON. ACOUSTIC STC RATING STC 45. DOOR FINISH WHITE MAPLE. HARDWARE SET 14. FRAME TYPE SINGLE MASONRY,"Framaco International, Inc",147525.68,USD
2079,RFPO-1192-V4431-2,21 Nov 2021,"PO for Building Materials & Systems Services, Testing and UL-EU Certification of 4 pipe penetration seals for INSS1440 sealant",UL GMBH,23760,USD
2080,RFPO-4814-M4102-1,17 Nov 2021,"AIR COMPRESSOR, AIR DRYER AND AIR LINE FILTER",Oriental Trading Co. Ltd.,61110,QAR
2081,RFPO-5213-S9082-1,09 Nov 2021,PO for Steel Skeleton Building [A] Warehouse,Kirby Contracting Company (SPC) L.L.C.,1064900,SAR
2082,RFPO-4814-M4101-3,08 Nov 2021,Air Cooled Screw Chillers,Carrier Solutions Contracting and Trading and Services W.L.L.,320000,USD
2083,RFPO-3734-V4288-1,08 Nov 2021,PO for ACOUSTICAL CEILING,Road Link Trading &amp; Upholstery W.L.L,33000,QAR
2084,PO-1005-V7034-1,07 Nov 2021,Fire Rated Ceiling Hatch,TIC LIGHT ELECTRICAL CORP,19097.16,USD
2085,RFPO-1192-V4438-1,02 Nov 2021,Firestop Promotional Items 2021,Krossover Gifts Trading LLC,5575,AED
2086,RFPO-3734-E6802-1,01 Nov 2021,PO for ELT Driver - DLCM 46W 650-1100mA -2E-C2-M4D,AL BAYAN FOR ELECTRONICS & LED TECHNOLOGIES,2451,QAR
2087,RFPO-1192-V4437-1,01 Nov 2021,PO for USB,Krossover Gifts Trading LLC,5575,AED
2088,RFPO-3734-V4351-3,01 Nov 2021,PO for KITCHEN CABINETS AND DESKS,Hamad Bin Khalid Contracting Company WLL,166876.6,QAR
2089,RFPO-3734-M4103-1,28 Oct 2021,PO for Fabrication and Supply of Cage. (As per given drawing),Alaina Engineering Services WLL,38000,QAR
2090,PO-1005-S9049-1,28 Oct 2021,BILCO ROOF HATCH,TIC LIGHT ELECTRICAL CORP,8949,USD
2091,RFPO-3734-V4355-1,27 Oct 2021,PO for AIR EXPEDITIONARTY WING SIGNAGE,SIGNMAX TRADING WLL,4850,QAR
2092,RFPO-3734-M4102-1,19 Oct 2021,PO for AI SHEET CUTTING AND BEDING WITH SIZE 2440*370*1 MMT,Alaina Engineering Services WLL,3170,QAR
2093,RFPO-3742-V4252-2,17 Oct 2021,PEB STEEL STRUCTURE,Kirby Building Systems - Kuwait,1584000,USD
2094,RFPO-3742-S9099-1,17 Oct 2021,PO for Elevator Tube Runner around the columns,Kirby Building Systems - Kuwait,5200,KWD
2095,RFPO-1428-V4354-1,17 Oct 2021,"PO for PRE-BID ENGINEERING ACTIVITIES FOR H2S STRIPPER PACKAGE, ADNOC",GSD CONSULTANTS FZ LLE,8137.5,USD
2096,RFPO-1192-V4436-1,13 Oct 2021,PO for Shirt Dark Blue with Logo as per excel sheet,Designtex Trading LLC,1640,AED
2097,RFPO-1192-V4435-1,12 Oct 2021,PO for LONG SLEEVES AND DRY FIT UNIFORMS,Designtex Trading LLC,2810,AED
2098,RFPO-3734-S9033-1,06 Oct 2021,PO for ROAD MARKING (LINES),Excavation & Crushing Company,24705,QAR
2099,RFPO-3734-S9034-1,03 Oct 2021,"PO for Grader, Roller and Excavator",QPro Trading & Contracting,51600,QAR
2100,RFPO-3734-V4286-1,03 Oct 2021,PO for Supply and Installation of Gypsum  Access panel - Non-Fire Rated,Al Emadi Trading and Contracting Co W.L.L,4215,QAR
2101,RFPO-3734-V4285-1,30 Sep 2021,PO for Supply only of Heavy  duty Wooden Door  Hinges,Al Emadi Trading and Contracting Co W.L.L,3000,QAR
2102,RFPO-1569-O24-1,23 Sep 2021,PO for DEEPCOOL CASE E-SHIELD ATX,Anigma Technology,3760,AED
2103,RFPO-3734-V4284-1,16 Sep 2021,PO for Back Fill Materials,Etihad for Crusher & Enterprises & Transportation,12600,QAR
2104,RFPO-3734-S9032-1,07 Sep 2021,PO for ,Al Shaghairi Trading &amp; Contracting Co.WLL (Electra),13371.2,QAR
2105,RFPO-3734-V4283-1,06 Sep 2021,PO for Supply and installation of Manual Roller Blind – WS2 dual shade (Manual Roller Blind WS1 W 925 X H 1825 ),Euro Systems LLC,14075,QAR
2106,RFPO-1192-V4316-1,02 Sep 2021,PO for SLAB WITHOUT FACING (SXXX) Density: 160Kg/M3 Thickness: 50mm Size:1.2 MtrX 0.6 Mtr,FUJAIRAH ROCKWOOL FACTORY,12420,AED
2107,RFPO-3734-E6801-1,02 Sep 2021,PO for Daltile Kimona Silk(PTS) Porcelain Tile  24 INCH x 24 INCH Panda Black Color P327 - 15.20  SF/Ctn Origin: U,TIC LIGHT ELECTRICAL CORP,949.434,USD
2108,RFPO-1192-V4433-1,02 Sep 2021,PO for SHARP MX61NT BLACK TONER CART,Printek  SUPPLIES L.L.C,1850,AED
2109,RFPO-1569-V4392-1,01 Sep 2021,PO for WHITE MUG WITH FULL COLOR PRINTING,AST Digital Print Centre,600,AED
2110,RFPO-3734-V4282-1,29 Aug 2021,PO for Diesel Boom Articulated - 15.0m,Manlift Qatar WLL (Head Office),6350,QAR
2111,RFPO-3734-V4280-1,26 Aug 2021,PO for ALUMINUM FIXED WINDOW,AL IKHTYAAR GERMAN,14036,QAR
2112,RFPO-3742-V4259-1,26 Aug 2021,PO for Lifting of overhead Crane at Camp Arifjan from ground to  crane beam.,AMJAD GHARNATA GEN. CONT. FOR BLDG. CO.,3800,KWD
2113,RFPO-3734-V4279-1,19 Aug 2021,"PO for SUPPLY OF WELDED MESH CAGE PANEL SYSTEM: 2.8M HEIGHT FRAME: 40x40x2MM GI SHS INFILL: 4MM GI WIRE, 50x25MM OPENING WELDED WIRE MESH WITH ALL ACCESSORIES HORIZONTAL BRACING: 40x20x2MM GI RHS POST",Chainlink Industries of Qatar WLL,9918,QAR
2114,RFPO-1192-V4432-1,18 Aug 2021,PO for Standard Catalogues A4 (210x297mm) - 40 Pages  Both sides full color  Full Color All Pages 300gsm Matt (Cover)  170gsm Gloss(Inside)  Perfect(Glue) Binding(Bind) Left Binding(Bind Side)  [Cover,King Printers Co. Ltd. Dubai Branch,3665,AED
2115,RFPO-3734-V4351-2,18 Aug 2021,PO for KITCHEN CABINETS AND DESKS,Hamad Bin Khalid Contracting Company WLL,138048.32,QAR
2116,RFPO-1569-V4391-1,18 Aug 2021,"PO for Photo Print Artwork size - 160cmx 95cm 4 COLOR PRINTING , PHOTO PAPER PRINT - 170GSM WITH SPOT UV",SMILE COLOR,1300,AED
2117,RFPO-3734-V4278-1,18 Aug 2021,PO for Fabrication and Supply of Downspout,Alaina Engineering Services WLL,21000,QAR
2118,RFPO-1192-V4431-1,15 Aug 2021,"PO for Building Materials & Systems Services, Testing and UL-EU Certification of 4 pipe penetration seals for INSS1440 sealant",UL GMBH,22760,USD
2119,RFPO-2797-V4272-1,15 Aug 2021,PO for Insulation Tape,WATERQO (PVT) LTD,35353.59,USD
2120,RFPO-3734-V4354-1,10 Aug 2021,PO for MOBILIZATION / DEMOBILIZATION CHARGES,PROSOL PROJECT SOLUTIONS INTERNATIONAL LLC,48300,QAR
2121,RFPO-2797-V4359-1,09 Aug 2021,PO for KITCHEN HOOD. MODEL PCHT-9002,HNR COMPANY (PVT.) LTD.,16470,USD
2122,RFPO-2797-M4103-1,08 Aug 2021,"PO for Fire Sprinkler Up-Right Up-Right Sprinkler, K 5.6, 68 Degree 14 inch NPT, Recessed Type, Quick Response. Finish: Brass / Chrome UL LISTED / FM Approved As Per Submittal",TECHNOFIRE PRIVATE LIMITED,76288,USD
2123,RFPO-3550-V4380-1,05 Aug 2021,"PO for Scrub station Floor Mounted (860Lx540Wx870H)mm One user, Sensor",DELUXE SCIENTIFIC SURGICO PVT LTD,351900,INR
2124,RFPO-3734-V4277-1,04 Aug 2021,PO for RENDERING MATERIALS,QATAR PLASTER FACTORY LLC,26150,QAR
2125,RFPO-3550-V4381A-1,03 Aug 2021,PO for DEFIBRILLATOR. MODEL BENEHEART D3,GENERAL MEDICAL SUPPLIERS,540000,NPR
2126,RFPO-2797-V4271-1,02 Aug 2021,PO for End Cup 6 inch Aluminum,Shuja Nooran Construction Company,10945.977,USD
2127,RFPO-1192-V4430-1,02 Aug 2021,"PO for Receipt voucher : A5 size, 1+3 (W+P+Y+C), 4 color printing, Starting  S.No. 8251, - Total 30books + Designing",SMILE COLOR,720,AED
2128,RFPO-2797-A5304-1,27 Jul 2021,PO for Flexible EMT Conduits Size 3/4 INCH,AZIZ ULLAH NASARY WARDAK LTD,21755.22,USD
2129,RFPO-3550-V4382-1,27 Jul 2021,PO for Douche Can Set,TRIKUTA INTERNATIONAL,1150332,INR
2130,RFPO-1569-V4390-1,01 Jul 2021,PO for Shifting of Existing Signboard,PROFESSIONAL NEON ADVERTISING,1100,AED
2131,RFPO-2797-V4357-1,30 Jun 2021,PO for KRF-lnvertech-26657 (cD)  MAROON  (18  CBFT),R&I ELECTRICAL  APPLIANCES  (PVT.)  LTD.,49431.99984,USD
2132,RFPO-2797-E6806-1,29 Jun 2021,PO for H32D2M (SAME SUPPLIED BEFORE),KOH BARAKAT LTD,26846.4,USD
2133,RFPO-3550-E6815-1,28 Jun 2021,PO for 9U Rack,ALERT TECHNOLOGY PVT LTD,254255,NPR
2134,RFPO-3550-V4381-1,23 Jun 2021,PO for Expansion Joint - Supplying and fixing of wall to wall expansion joint for external part of Aluminium (2mm thick) for joint width 150mm. material 6063-T5 grade alumunium. anodised finish with w,Venus Enterprises & Water Proofing Pvt. Ltd.,964653.88,NPR
2135,RFPO-1192-L4002-1,22 Jun 2021,"PO for Tracking Hardware Device (FMM130 – 4G) Installation by our Technicians at the Client’s premise, Software Configurations & Complete Training. (Country of Origin: Europe)",Synosys Technologies LLC,617.5,AED
2136,RFPO-1192-V4315-1,22 Jun 2021,PO for SLAB WITHOUT FACING (SXXX) DENSITY: 120KG/M3 THICKNESS: 50MM SIZE: 1.2MTR*0.6 MTR 360 SQM,FUJAIRAH ROCKWOOL FACTORY,8861.5296,AED
2137,RFPO-3742-M4102-1,20 Jun 2021,PO for Safety stud anchor HST3 M20x170  -/30,Hilti Kuwait Gen. Trd. Co.,491.52,KWD
2138,RFPO-3550-M4111-1,17 Jun 2021,PO for CI Manhole Cover,SIMTEX INDUSTRIES PRIVATE LIMITED,321345,INR
2139,RFPO-3550-M4110-1,16 Jun 2021,PO for Medical Equipments,AARATI MEDITECH,157000,NPR
2140,RFPO-1192-V4429-1,16 Jun 2021,PO for Adhesion-in-Peel (after water immersion (price per test),Al Futtaim Element MaterialsTechnology Dubai L.L.C,6500,AED
2141,RFPO-1192-V4429A-1,16 Jun 2021,PO for Adhesion-in-Peel (after water immersion (price per test),Al Futtaim Element MaterialsTechnology Dubai L.L.C,13000,AED
2142,RFPO-3734-E6800A-1,15 Jun 2021,PO for Daltile Infinite Mirage TM Metal & Stone 1 INCH x  4 INCH Linear Hex Mosaic 12,TIC LIGHT ELECTRICAL CORP,5218.85,USD
2143,RFPO-3550-V4380-1,07 Jun 2021,PO for Inslim C8905 (S Trap-290) One pcs Commode. AS PER APPROVED PRODUCT SUBMITTAL.,BATH N ROOM TRADE CONCERN PVT LTD,407312,NPR
2144,RFPO-3550-M4109-1,07 Jun 2021,PO for Crompton Cvmo2-15c 2hp Vertical Multistage Pump,Industrial Trade World,321478.43,INR
2145,RFPO-3550-V4379A-1,06 Jun 2021,PO for Inslim C8905 (S Trap-290) One pcs Commode,BATH N ROOM TRADE CONCERN PVT LTD,366793,NPR
2146,RFPO-3550-V4379-1,02 Jun 2021,PO for Examination Table with mattress,ALLIANCE IMPEX,1380500,INR
2147,RFPO-3550-E6813A-1,01 Jun 2021,"PO for Earthplus Advanced Earthing Electrode: 3 Meters  Length, 50 mm Dia Pure Copper Pipe,  Completely Filled With Super Conductive  Crystalline Compound, Sealed at Both Ends  Fitted With 40x6x3000 m",Go Solar Energy Solutions Pvt Ltd,326250,INR
2148,RFPO-3550-E6813-1,27 May 2021,"PO for Earthplus Advanced Earthing Electrode: 3 Meters  Length, 50 mm Dia Pure Copper Pipe,  Completely Filled With Super Conductive  Crystalline Compound, Sealed at Both Ends  Fitted With 40x6x3000 m",Go Solar Energy Solutions Pvt Ltd,384975,INR
2149,RFPO-3550-E6814-1,27 May 2021,PO for CORAL SURFACE LIGHT (R) 12 W,Venus Construction Solutions,55800,INR
2150,RFPO-3550-V4377-1,27 May 2021,PO for WEIGHING MACHINE PHYSICAL DOUBLE PAN,Venus Construction Solutions,45450,INR
2151,RFPO-3550-V4378-1,27 May 2021,PO for Ceramic Tiles,BATH N ROOM TRADE CONCERN PVT LTD,20808,NPR
2152,RFPO-3550-M4108-1,24 May 2021,PO for ESE LIGHTNING AIR TERMINAL Supply of Early Streamer Emission (ESE) type Lightning Protection complete with the Lightning Air Terminal – Configured as a Spheroid which is comprised of separate,NCR Enterprises,196800,INR
2153,RFPO-3550-V4376A-1,23 May 2021,PO for CTG/NST/ FETAL MONITOR AS PER APPROVED PRODUCT SUBMITTAL.,NUCLEUS MEDITECH COMPANY,113500,INR
2154,RFPO-3550-V4378-1,23 May 2021,PO for FULLY AUTOMATIC CYLINDRICAL HORIZONTAL AUTOCLAVE WITH PLC/HMI PRINTER,RECCO SURGICAL,870000,INR
2155,RFPO-3550-C6052-1,20 May 2021,PO for EPITILE GROUT EPOXY  (IVORY COLOUR),Engineer Plus Construction Chemicals,847274,NPR
2156,RFPO-3550-A5304-1,19 May 2021,PO for Tractor Emulsion - 20 Itr,SAMITA ENTERPRISES,144300,NPR
2157,RFPO-3734-V4353-1,19 May 2021,PO for INTERIOR SIGNAGE AS PER QUOTATION REF. TMAC/QT-232 REV. 01/2021,THE MODERN ADVERTISING CENTER,31110,QAR
2158,RFPO-3550-M4003-1,18 May 2021,"PO for Blood Storage Cabinets +4 DegreeC temperature, 4 drawers, Capacity - 120 liters, LED Display, Inner SS,  with 7 days circular chart recorder, Blood Bags - 56 / 72 of 450 ml / 350 ml (approx.",REMI ELEKTROTECHNIK LIMITED,112200,INR
2159,RFPO-3742-V4256A-2,18 May 2021,"PO for Design, Fabrication, Supply and Delivery of Metal Wall and Roof Cladding Works",Staines International Group General Trading and Contracting Co. WLL,659562.805,USD
2160,RFPO-3550-M4001-1,17 May 2021,"PO for Stretcher Trolley (2 Section) with Fixed Mattress & Safety Belts (2 pcs) M.S. Frame, M.S. Railing, M.S. Tray, M.S. Cylinder Cage, S.S. I.V. Rod (HSN : 94029090)",UNITED MEDI-EQUIP PRIVATE LIMITED,152775,INR
2161,RFPO-3550-V4376-1,17 May 2021,PO for Carona Bainco (Grey),BATH N ROOM TRADE CONCERN PVT LTD,66225,NPR
2162,RFPO-3550-E6811-1,16 May 2021,PO for Cable Tray Base (c chanel) REMARKS:  Same as previous size,ELECTRIC LIGHT SOLUTION PVT. LTD,88617.36,NPR
2163,RFPO-3550-M4002-1,16 May 2021,PO for FETAL DOPPLE MACHINE EDAN MODEL SD3,SAVITRI LIMITED,1500,USD
2164,RFPO-3550-V4373-1,10 May 2021,PO for SURGICAL CAUTERY 400 WATTS MFU MODEL ASI-192,Anand Surgical Industries (india),156000,INR
2165,RFPO-3550-V4375A-1,10 May 2021,PO for WAITING CHAIR METAL 3 SEATER - SCWM 201,DELUXE SCIENTIFIC SURGICO PVT LTD,132000,INR
2166,RFPO-3734-M4101-1,10 May 2021,PO for HVAC PLATFORMS,Alaina Engineering Services WLL,81470,QAR
2167,RFPO-3550-V4371A-1,10 May 2021,PO for DUAL POWER SERIES-ELECTRIC CUM  MANUAL SUCTION UNIT,Apothecaries Sundries Manufacturing Co.,15800,INR
2168,RFPO-3550-V4374A-1,10 May 2021,PO for WHEEL CHAIR,Indian Surgical Company,95800,INR
2169,RFPO-3550-V4375-1,09 May 2021,PO for 200mm.width * 50mm.depth*2mm.thickness with covers,Baniya Suppliers Pvt. Ltd.,2183922.75,NPR
2170,RFPO-3550-V4372-1,09 May 2021,PO for EDAN SDS FETAL DOPPLER MACHINE. AS PER APPROVED PRODUCT SUBMITTAL.,JAYESH VASANT TRADER,146000,INR
2171,RFPO-3550-V4374A-1,06 May 2021,PO for Ext. Nipple Size:  1 inch Brand / Make:  Parryware-India,BATH N ROOM TRADE CONCERN PVT LTD,78467,NPR
2172,RFPO-3734-V4276-1,06 May 2021,PO for ALUMINUM FIXED WINDOW,AL IKHTYAAR GERMAN,141000,QAR
2173,RFPO-3550-V4365A-1,06 May 2021,PO for 3mm Spacer (For Wall Tiles),BATH N ROOM TRADE CONCERN PVT LTD,6215,NPR
2174,RFPO-3550-V4370-1,05 May 2021,"PO for SUPPLY, DELIVERY AND INSTALLATION OF WATER FILTER SYSTEM 8000 LPH AND 2000 LPH SOFT NEAR LINER",Vision of Kitchen Links PVT LTD,3099000,NPR
2175,RFPO-1569-O21-1,05 May 2021,PO for QNAP TS-231K 2 BAY NAS,Cloud Line Technology L.L.C,1637,AED
2176,RFPO-3550-T1000-1,05 May 2021,PO for INFANT RADIANT WARMER  ICORE 10 B+ AS PER APPROVED SUBMITTAL.,Ibis Medical Equipment and Systems Pvt Ltd,105480,INR
2177,RFPO-1569-S9002-2,02 May 2021,PO for Al Jadaf Vinyl Sticker (200 cm * 300 cm),ISRA Middle East,400,AED
2178,RFPO-3734-V4275-1,02 May 2021,PO for CORNER GUARD AS PER APPROVED SUBMITTAL.,NEMER METAL INDUSTRIES FACTORY,24200,QAR
2179,RFPO-3734-V4351-1,02 May 2021,PO for KITCHEN CABINETS AND DESKS,Hamad Bin Khalid Contracting Company WLL,113876.6,QAR
2180,PO-1005-E7030-3,02 May 2021,Witnessing the FAT & do the inspection of transformers (Pad mounted & pole mounted ),INTERTEK GLOBAL LIMITED,1500,USD
2181,RFPO-3742-V4255-2,29 Apr 2021,"DESIGN, SUPPLY, INSTALLATION, COMMISSIONING AND TRAINING OF OPERATORS OF BLAST ROOM, PAINT ROOM & PAINT MIXING ROOM",Prism Tech Engineering LLC,502341,USD
2182,RFPO-3550-V4373A-1,29 Apr 2021,PO for 2x1 SQPipe(2.5),SANGACHHE TRADE CONCERN,756720.95,NPR
2183,RFPO-2797-A5303-1,28 Apr 2021,"PO for Supply and Apply of Jotun Epoxy  Paints Jotafloor Sealer,Jotafloor  Filler and Jotafgoor Topcoat",AZIZ ULLAH NASARY WARDAK LTD,61153,USD
2184,RFPO-1569-S9002-1,26 Apr 2021,PO for Removal of existing signboard and install to other location with new concrete base,ISRA Middle East,2450,AED
2185,RFPO-3550-V4369-1,25 Apr 2021,PO for Table T1,GLOBUS ENTERPRISES QATAR,2000885,NPR
2186,RFPO-1569-V4389-1,21 Apr 2021,PO for 700R16 YOKOHAMA JAPAN-21,PRESTO TYRES TRADING LLC-2,2610,AED
2187,RFPO-3550-V4371-1,21 Apr 2021,PO for EARTHPLUS ADVANCED EARTHING ELECTRODE MODEL SMI 350CC,Venus Construction Solutions,265300,INR
2188,RFPO-3550-V4372-1,21 Apr 2021,PO for EARTHPLUS ADVANCED EARTHING ELECTRODE MODEL SMI 350CC,Venus Construction Solutions,129000,INR
2189,RFPO-3734-V4274-1,21 Apr 2021,PO for FLEXSEAL PU425,Don Construction Products - Qatar W.L.L,25200,QAR
2190,RFPO-3550-V4372A-1,21 Apr 2021,PO for EARTHPLUS ADVANCED EARTHING ELECTRODE MODEL SMI 350CC,Venus Construction Solutions,372000,INR
2191,RFPO-3550-V4368-1,18 Apr 2021,PO for TABLE T. SIZE: 1200 X 600 X 450,GLOBUS ENTERPRISES,489400,NPR
2192,RFPO-3742-V4258-1,18 Apr 2021,"PO for Bays 1-7, 297.2 sq. meters, EXTECH LIGHTWALL 3100LS Wall System","EXTERIOR TECHNOLOGIES, INC.",236465,USD
2193,RFPO-3550-V4367-1,15 Apr 2021,PO for SUPPLY OF BED B 2088*1575*325,ABHIYAN HARDWARE CENTRE PVT. LTD.,323320,NPR
2194,RFPO-1192-V4428-1,14 Apr 2021,PO for SHARP MX61NT BLACK TONER CART,Printek  SUPPLIES L.L.C,1850,AED
2195,RFPO-3550-E6810-1,13 Apr 2021,PO for SUPPLY OF FEEDER PANEL,Avone System &amp; Controls (NEPAL) Pvt. Ltd.,38000,NPR
2196,RFPO-3550-M4107-1,12 Apr 2021,PO for VARIOUS MEDICAL EQUIPMENT,AARATI MEDITECH,2263000,NPR
2197,RFPO-3550-V4369-1,11 Apr 2021,PO for Agate Pro High  G0663A1 Mounted Basin Mixer,BATH N ROOM TRADE CONCERN PVT LTD,237748,NPR
2198,RFPO-3734-A5202-2,11 Apr 2021,PO for SUPPLY FOR DOOR SETS AS PER APPROVED SUBMITTAL,STEELTECH FOR TRADING AND CONTRACTING,330557,QAR
2199,RFPO-2797-V4270B-1,08 Apr 2021,PO for H32D2M,KOH BARAKAT LTD,27376.8,USD
2200,RFPO-3550-A5303A-1,07 Apr 2021,PO for EMULSION PAINT ON INTERNAL WALL AND CEILING:,SAMITA ENTERPRISES,371860,NPR
2201,RFPO-1192-L4001-1,07 Apr 2021,"PO for Tracking Hardware Device (FMM130 – 4G) Installation by our Technicians at the Client’s premise, Software Configurations and Complete Training. (Country of Origin: Europe)",Synosys Technologies LLC,1430,AED
2202,RFPO-3550-V4368-1,05 Apr 2021,"PO for Ward No.4, Hariharpur Gaunpalika, Mahendrajhari",SANGACHHE TRADE CONCERN,348598.45,NPR
2203,RFPO-1192-V4314-1,04 Apr 2021,PO for SLAB WITHOUT FACING (SXXX) DENSITY 64 KG M3 THICKNESS 50 MM SIZE 1.2 MTR * 0.6 MTR QUANTITY: 360 SQM,FUJAIRAH ROCKWOOL FACTORY,4687.2,AED
2204,RFPO-1192-V4313-1,04 Apr 2021,PO for SUPPLY OF MAKING SAMPLE BOARDS 6MM THICK WITH HANDLE - 40 X 60 CM,Al Masood Carpentry Workshop,1000,AED
2205,RFPO-3550-M4106-1,01 Apr 2021,PO for VARIOUS MEDICAL EQUIPMENT,AARATI MEDITECH,1210230,NPR
2206,RFPO-3550-M4000-1,01 Apr 2021,PO for VARIOUS MEDICAL EQUIPMENT,RARUS INTERGLOBAL PVT. LTD,824900,NPR
2207,RFPO-2797-E6805-1,01 Apr 2021,PO for Cable Color Code: BROWN  Phase:  A Cable Size (mm): 1Cx300 Quoted Wire Type and Size: UL854 USE-2 600Kcmil Brown size(mm2): 304,"QINGDAO CABLE. CO., LTD.",35248.8,USD
2208,RFPO-3734-E6800-1,31 Mar 2021,PO for Daltile Kimona Silk TM (PTS) Porcelain Tile  24 inch x 24 inch Panda Black Color P327 - 15.20  SF/Ctn,TIC LIGHT ELECTRICAL CORP,16548.3056,USD
2209,RFPO-3550-A5202-1,31 Mar 2021,PO for Code JP-209 Conjoined 88 Sliding Frame Length 5.8 Kg/m 1.33 Pcs 684,"Tianjin Development Area Jinpeng Plastics Profile Manufacture Co., Ltd",33539.982,USD
2210,RFPO-1192-V4312-1,30 Mar 2021,STRUCTURAL AND WEATHERPROOF SEALANT,"SHANDONG FEIDU ADHESIVE TECHNOLOGY SHARES CO.,LTD",37624,USD
2211,RFPO-3550-V4367-1,29 Mar 2021,"PO for GI chain link wire, Heavy Coated 10 swg,  Mesh B no. 2 inch x2 inch",R.K. STRUCTURE AND ENGINEERING WORKS,48968.55,NPR
2212,RFPO-2797-V4270-1,29 Mar 2021,PO for H32D2M,KOH BARAKAT LTD,25510.2,USD
2213,RFPO-3550-V4366-1,28 Mar 2021,PO for HONGSHI CEMENT OPC,SANGACHHE TRADE CONCERN,282198.74,NPR
2214,RFPO-2797-E6804-1,23 Mar 2021,PO for Model: GDZ85-58E,Shanghai Beautiful Cat Environment Science&Technology Co. Ltd.,8230,USD
2215,RFPO-3550-A5302-1,21 Mar 2021,PO for WATER REPELLANT SILICON BASED COATING ON BRICK SURFACE,SAMITA ENTERPRISES,36500,NPR
2216,PO-1005-E7029-3,16 Mar 2021,PHILIPS FLOURESCENT BULB 32 W-_F32T8 /TL 735 ALTO,RAD Freight International,3300,USD
2217,RFPO-3550-C6051-1,15 Mar 2021,PO for Supplying Tile Grout (Epoxy base),Engineer Plus Construction Chemicals,98818.5,NPR
2218,RFPO-3550-V4365-1,15 Mar 2021,PO for 3mm Spacer (For Wall Tiles),BATH N ROOM TRADE CONCERN PVT LTD,6356.25,NPR
2219,RFPO-3734-V4258-2,11 Mar 2021,PO for INTERIOR AND EXTERIOR PLASTERS,Don Construction Products - Qatar W.L.L,197373,QAR
2220,RFPO-3550-V4364-1,10 Mar 2021,PO for Tractor Emulsion,Rastra Bhusan Construction and Suppliers Pvt Ltd,1515946,NPR
2221,RFPO-3734-V4257A-1,09 Mar 2021,PO for LEAVES SINGLE. DOOR TYPE A. WIDTH (mm) 900. HEIGHT (mm) 2150. THICKNESS (mm) 45. FIRE RATING NON. ACOUSTIC STC RATING STC 45. DOOR FINISH WHITE MAPLE. HARDWARE SET 14. FRAME TYPE SINGLE MASONRY,"Framaco International, Inc",142363.68,USD
2222,RFPO-3550-V4363-1,09 Mar 2021,PO for Cement OPC as per approved submittal.,Rastra Bhusan Construction and Suppliers Pvt Ltd,557600,NPR
2223,RFPO-3550-V4362A-1,08 Mar 2021,PO for GEOSTONE CREMA (FULL BODY VITRIFIED TILES) 10MM THICKNESS.,BATH N ROOM TRADE CONCERN PVT LTD,3085507,NPR
2224,RFPO-3734-V4272-1,08 Mar 2021,PO for LIQUID SURFACE HARDENER AND DUST PROOFER FOR CONCRETE SURFACES (SETHARD S),Don Construction Products - Qatar W.L.L,15000,QAR
2225,RFPO-1569-O19-1,08 Mar 2021,PO for Microsoft Azure Subscription -  (Pay As You Go),Burhani Computers Trading LLC,3636,AED
2226,RFPO-1569-O20-1,08 Mar 2021,PO for ESET Endpoint Protection Advanced  Renewal for a year,Burhani Computers Trading LLC,3240,AED
2227,RFPO-3734-V4270-1,07 Mar 2021,PO for CONCRETE TILES (600X600X75) GABBRO GRAY: COLOR,Al Sehmiah Cement Products,147000,QAR
2228,RFPO-3550-V4361B-1,03 Mar 2021,PO for Coupler (S/F) 160MM,Mangalam Universal P. Ltd,135147.95,NPR
2229,RFPO-1569-S9001-1,02 Mar 2021,PO for Supply and installation of printed vinyl sticker. Sticker to be installed on the existing signboard,ISRA Middle East,1000,AED
2230,RFPO-3550-V4361A-1,02 Mar 2021,PO for Coupler (S/F) 160MM,Mangalam Universal P. Ltd,133950.9232,NPR
2231,RFPO-1192-V4427-1,01 Mar 2021,PO for INSPECTION CERTIFICATES FOR 3 NOS OF LIFTING JACKS,DUTEST INDUSTRIAL EST.,675,AED
2232,RFPO-3734-V4269-1,28 Feb 2021,PO for GENERAL PURPOSE ACRYLIC SEALANT WITH MOULD RESISTANCE,Don Construction Products - Qatar W.L.L,5400,QAR
2233,RFPO-3550-V4357-1,28 Feb 2021,PO for GROUT AND SPACER,BATH N ROOM TRADE CONCERN PVT LTD,1632.85,NPR
2234,RFPO-3550-V4355B-1,28 Feb 2021,"PO for Supplying and fixing wall to wall expansion joint for external part of Aluminium (2mm thick) for joint width 150mm, material 6063-T5 grade alumunium, anodised finish with water barrier all comp",VENUS CONSTRUCTION & WATER PROOFING PVT. LTD.,420665.1,NPR
2235,RFPO-3550-V4359A-1,28 Feb 2021,PO for BRICK (SASHI BRICK),SASHI ITTA UDHYOG,108750,NPR
2236,RFPO-3550-V4360A-1,28 Feb 2021,PO for BRICK BAT (SASHI BRICK),SASHI ITTA UDHYOG,259940,NPR
2237,RFPO-3550-M4105-1,28 Feb 2021,PO for FRB Vessels Pentair Indian size (24inch x 72inch) and loaded with MN02 + Graded Pebbles filter with -MPVF.,PRASID International Company Pvt. Ltd.,1048640,NPR
2238,RFPO-3550-V4356A-1,25 Feb 2021,PO for Ceramic Wall Tile Somany (12 x 18),Rastra Bhusan Construction and Suppliers Pvt Ltd,1188757.74,NPR
2239,RFPO-3550-V4358A-1,25 Feb 2021,PO for 25*25*3 ANGLE,SANGACHHE TRADE CONCERN,559530.85,NPR
2240,RFPO-2797-E6803-1,25 Feb 2021,PO for Legrand socket 16A-2p 2 modules with frame and 2 rear doors without back box,GHULLAM ABBAS LASHKARI ELECTRIC SHOP,56344.8,USD
2241,RFPO-3550-V4341A-1,24 Feb 2021,PO for Niagara N Urinal Set,BATH N ROOM TRADE CONCERN PVT LTD,375209.6,NPR
2242,RFPO-2797-E6802-1,24 Feb 2021,"PO for WAC - 601(3 BURNERS, DOUBLE DOOR, GRILLING, FRYER, STEAMING , TOP METAL)",Welcome Industries,9120,USD
2243,RFPO-3734-V4252A-1,24 Feb 2021,PO for Subgrade Preparation and Asphalt Patch Work,POWERMAN International W.L.L.,40000,QAR
2244,RFPO-3734-V4268-1,24 Feb 2021,"PO for ALUMINUM SURFACE, ANODISED, SEISMIC",NEMER METAL INDUSTRIES FACTORY,40000.065,QAR
2245,RFPO-3734-V4267-1,24 Feb 2021,"SUPPLY, DELIVERY AND INSTALLATION OF KINGSPAN TATE ACCESS FLOORS",Gulf Computer Support Systems L.L.C,193920,QAR
2246,RFPO-3550-V4353A-1,23 Feb 2021,PO for SUPPLY OF DB-GF1 FOR BLOCK A,Rastra Bhusan Construction and Suppliers Pvt Ltd,1617030,NPR
2247,RFPO-1192-V4310-1,23 Feb 2021,PO for SLAB WITHOUT FACING (SXXX) DENSITY: 160 KG THICKNESS: 50MM SIZE: 1.2 MTR*0.6,FUJAIRAH ROCKWOOL FACTORY,11721.6,AED
2248,RFPO-3550-V4355A-1,22 Feb 2021,"PO for Supplying and fixing wall to wall expansion joint for external part of Aluminium (2mm thick) for joint width 150mm, material 6063-T5 grade alumunium, anodised finish with water barrier all comp",VENUS CONSTRUCTION & WATER PROOFING PVT. LTD.,318823.85,NPR
2249,RFPO-3550-V4352A-1,21 Feb 2021,"PO for Kapilakot/2000 liter stainless steel water tank 304 grade steel with Inlet, outlet, over flow, cleanout hole etc.",Rastra Bhusan Construction and Suppliers Pvt Ltd,1232000,NPR
2250,RFPO-3550-V4351A-1,21 Feb 2021,PO for Kapilakot/ 30 KVA Generator,Rastra Bhusan Construction and Suppliers Pvt Ltd,2050000,NPR
2251,RFPO-3550-V4354A-1,21 Feb 2021,PO for 50*50*3mm,SANGACHHE TRADE CONCERN,326024.09,NPR
2252,RFPO-3550-E6809-1,21 Feb 2021,PO for 200 mm. width x 50 mm. depth x 2 mm. thickness with cover,ELECTRIC LIGHT SOLUTION PVT. LTD,459706.6,NPR
2253,RFPO-3550-V4350-1,18 Feb 2021,PO for Power cable Cu Arm (4x10),Rastra Bhusan Construction and Suppliers Pvt Ltd,1778659.55,NPR
2254,RFPO-2797-M4102-1,17 Feb 2021,PO for ADDRESSABLE FIRE ALARM SYSTEM,RCL INTERNATIONAL S.A.L. OFFSHORE,51847,USD
2255,RFPO-3550-V4343-1,16 Feb 2021,PO for 200 mm.width x 50 mm. depth x 2 mm.thickness with cover,Rastra Bhusan Construction and Suppliers Pvt Ltd,900169.3,NPR
2256,RFPO-3550-V4347-1,16 Feb 2021,PO for 30 KVA SERVO VOLTAGE (AVR),Venus Construction Solutions,390000,INR
2257,RFPO-3550-V4348-1,16 Feb 2021,PO for 160 mm HDPE Pipe/ 6kg/p,Rastra Bhusan Construction and Suppliers Pvt Ltd,1108730,NPR
2258,RFPO-3550-V4349-1,16 Feb 2021,PO for 50mm MS.sq.pipe 3mm,Rastra Bhusan Construction and Suppliers Pvt Ltd,1965340.725,NPR
2259,RFPO-3550-V4345-1,15 Feb 2021,PO for Sliding Glazing [plaln/froasted glass) window with Froasted glass with Fixed ventilation,GORKHA PRECAST AND WINDOR PVT. LTD.,3400962.19,NPR
2260,RFPO-3550-V4344-1,15 Feb 2021,PO for SUPPLYING OF WATER FILTER SYSTEM 8000 LPH AND WATER FILTER SOFTER SYSTEM 2000 LPH,Rastra Bhusan Construction and Suppliers Pvt Ltd,3099000,NPR
2261,RFPO-3550-V4346-1,15 Feb 2021,PO for 30 KVA SERVO VOLTAGE,Venus Construction Solutions,390000,INR
2262,RFPO-3734-V4266-1,15 Feb 2021,"PO for Stainless Steel (Satin Finish) (Welded  Corner), Floor Mounted Overhead Braced  (Series 400), Stainless Steel Wraparound  Gravity Hinge, Stainless Steel Concealed  Slide Latch and Keeper, Stain",HIGHRISE TRADING AND CONTRACTING W.L.L.,101778,QAR
2263,RFPO-3550-V4342-1,14 Feb 2021,"PO for Gi Chain Link Wire, Heavy Coated 10SWG. Mesh Size B# 2 inch x 2 inch",R.K. STRUCTURE AND ENGINEERING WORKS,116577.9,NPR
2264,RFPO-2797-V4268-1,14 Feb 2021,PO VARIOUS FURNITURE,,138261,USD
2265,RFPO-3734-A5302-1,14 Feb 2021,PO for ACRYLIC EMULSION PRIMER JOTUN 18LTR,LULU PAINTS CENTER,95885,QAR
2266,RFPO-3734-A5202-1,11 Feb 2021,PO for SUPPLY FOR DOOR SETS AS PER APPROVED SUBMITTAL,STEELTECH FOR TRADING AND CONTRACTING,321491,QAR
2267,RFPO-3550-V4340-1,10 Feb 2021,"PO for Supply testing and commisioning of solar pv Modules of capacity 270 Wp RETS Approved with all necessary connection cables and accessories as per specification, drawings and instruction of the C",Rastra Bhusan Construction and Suppliers Pvt Ltd,3420076.5,NPR
2268,RFPO-3550-V4341-1,10 Feb 2021,PO for Ace Orissa Pan,BATH N ROOM TRADE CONCERN PVT LTD,334371.4,NPR
2269,RFPO-3550-V4339-1,08 Feb 2021,PO for Cable Tray Works (200 mm. width x 50 mm. depth x 2 mm. thickness with cover),ELECTRIC LIGHT SOLUTION PVT. LTD,297472.5,NPR
2270,RFPO-3550-E6808-1,04 Feb 2021,PO for 8 LINE INPUT AND 24 LINE OUTPUT PABX TELEPHONE EXCHANGE SYSTEM. NEC SL2100,ALERT TECHNOLOGY PVT LTD,184275,NPR
2271,RFPO-3734-A5201-1,04 Feb 2021,PO for Supply and Install the following materials w/ all hardware and fittings:,Techtradedoors Trading L.L.C,41442,QAR
2272,RFPO-3550-A5301-1,04 Feb 2021,PO for INTERIOR PRIMER ON INTERNAL WALLS (DECO CEMENT PRIMER WATER BASED-DCPM,SAMITA ENTERPRISES,94050,NPR
2273,RFPO-3734-V4264-1,03 Feb 2021,DRY MIX PLASTER,QATAR PLASTER FACTORY LLC,55860,QAR
2274,RFPO-3550-V4338-1,02 Feb 2021,PO for RHEOTOP SPL,Venus Construction Solutions,307500,INR
2275,RFPO-3550-V4335-1,02 Feb 2021,PO for WALL PUTTY FOR KAPILAKOT SITE,Rastra Bhusan Construction and Suppliers Pvt Ltd,608000,NPR
2276,RFPO-3550-V4336-1,02 Feb 2021,"PO for Wall Mounted Air Conditioner (1 Ton) Cooling Capacity : 3.6 KW Heating Capacity : 3.7 KW Power Supply: AC le, 22OV-240V /50HZ",Rastra Bhusan Construction and Suppliers Pvt Ltd,1740000,NPR
2277,RFPO-1192-V4309-1,01 Feb 2021,PO for SLAB WITHOUT FACING (SXXX),FUJAIRAH ROCKWOOL FACTORY,4687.2,AED
2278,RFPO-3550-V4334-1,01 Feb 2021,"PO for Supply, delivery of 50 kVA distribution transformer ONAN type, Dynll with complete accessories as per specification and drawing all complete",Rastra Bhusan Construction and Suppliers Pvt Ltd,1000000,NPR
2279,RFPO-3734-V4263-1,31 Jan 2021,PO for SUPPLY AND APPLY OF ROOF WATERPROOFING SYSTEM,SALEM BIN HASSAN AL-ANSARI CO.,174000,QAR
2280,RFPO-3734-V4262-1,31 Jan 2021,PO for CleanlineXL 5 inch x 8 feet Black DuraFlex with  3 Stakes per Piece. SKU: 13353,Permaloc Corporation,9473,USD
2281,RFPO-3550-V4333-1,31 Jan 2021,PO for CEMENT OPC HONGSHI,Rastra Bhusan Construction and Suppliers Pvt Ltd,836400,NPR
2282,RFPO-3550-V4332-1,31 Jan 2021,PO for FLOOR EXPANSION JOINT(FGM-75),"SU ZHOU JOINT ENGINEERING MATERIALS CO.,LTD",12615.65,USD
2283,RFPO-3550-V4330-1,31 Jan 2021,PO for FAIRFACE BRICK ( GORKHA CHINESES BRICKS),Gorkha Eco Red Bricks Pvt. Ltd.,765000,NPR
2284,RFPO-3550-V4329-1,28 Jan 2021,PO for AQUAFIN 2KMLM,BABA MUKTINATH FABRICATORS PVT. LTD.,508500,NPR
2285,RFPO-3550-V4328-1,27 Jan 2021,"PO for 360 lit. capacity consisting of 30 numbers of tube solar heater confirming of ISO 9001- 2000, fixing with electric booster all complete.",HK TRADERS PVT. LTD.,78000,NPR
2286,RFPO-3734-V4261-1,27 Jan 2021,PO for TERRAM GC 1E1 - 2X 50 MTR,Tadmur Trading W.L.L.,52535,QAR
2287,PO-1005-M7039-2,26 Jan 2021,APPROVED PTAC,YORK INTERNATIONAL (SA) INC,83021.47,USD
2288,RFPO-3550-M4104-1,26 Jan 2021,"PO for Supply  and  installation  of   Air  Conditioning  Units  with necessary  installation  of  copper  pipes,  gas,  drainage pipes including laying, cutting, jointing, making holes on walls s or ",C.G. IMPEX PVT. LTD.,598470.6,NPR
2289,RFPO-3550-V4326-1,25 Jan 2021,PO for Cerona Grey-lt (Ceramic) Kassar,BATH N ROOM TRADE CONCERN PVT LTD,323742,NPR
2290,RFPO-3550-V4327-1,25 Jan 2021,PO for RAJASTHANI GRANITE CHINA PINK THICKNESS 18 MM,BATH N ROOM TRADE CONCERN PVT LTD,120876,NPR
2291,RFPO-3550-V4325-1,20 Jan 2021,PO for BRICK BAT (SASHI BRICK),SASHI ITTA UDHYOG,259940,NPR
2292,RFPO-3550-V4324-1,20 Jan 2021,PO for Aquafina IC,BABA MUKTINATH FABRICATORS PVT. LTD.,281935,NPR
2293,RFPO-3550-V4323-1,19 Jan 2021,PO for Crompton Ceiling Fan1200 mm 3 blade ceiling fan w/o Regulator,Venus Construction Solutions,89050,INR
2294,RFPO-3550-V4322-1,18 Jan 2021,PO for Supply of 2mm thick plain white Putty on internal walls external walls ceiling surfaces false ceilings and cement board partition walls with proper finishing work all complete as per drawing sp,Jaya Om Shrimali Enterprises,357607.57,NPR
2295,RFPO-3550-E6807-1,18 Jan 2021,PO for AUTOMATIC SERVO CONTROLLED AC 30KVA SERVO VOLTAGE STABILIZER THREE PHASE,SIMONES NEPAL PVT. LTD.,450870,NPR
2296,RFPO-3550-V4321-1,14 Jan 2021,PO for SINGLE TEE WITH DOOR 110MM SOLVENT-FIT,Mangalam Universal P. Ltd,49428.41,NPR
2297,RFPO-3550-V4316-1,12 Jan 2021,PO for 2000 LTR SS TANK 304 FOOD GRADE VERTICAL,Panchakanya S S (P) Ltd.,167919.47,NPR
2298,RFPO-3550-V4314-1,12 Jan 2021,PO for CORAL SURFACE ( R ) 94054090 12W LED down lighter,Venus Construction Solutions,850430,INR
2299,RFPO-3550-V4305-1,12 Jan 2021,PO for LABORATORY EQUIPMENT,Venus Construction Solutions,620992.5,INR
2300,RFPO-3550-V4319-1,11 Jan 2021,PO for Multi-strand Wire 1.5 mm2 (Green),PRIME CABLE INDUSTRIES (P.) LTD.,707557.41,NPR
2301,RFPO-3550-V4318-1,11 Jan 2021,PO for Mobilization and  De-Mobilization of Drilling machinesat site,LUCENT DROP NEPAL,904000,NPR
2302,RFPO-3550-E6805-1,10 Jan 2021,"PO for Supply of Lightning Air Terminal (Make: LPI, Australia)",B. & B. INC.,468947.5,NPR
2303,RFPO-3550-E6806-1,10 Jan 2021,PO for 2 Core x 6 Sqmm Copper Unarmoured (PVC),Pioneer Electrocables (P) Ltd,342463.45,NPR
2304,RFPO-3550-M4103-1,10 Jan 2021,"PO for Supply, installation, testing and commissioning of solar PV modules of capacity 270 Wp RETS approved with all necessary connection cables and accessories as per specification, drawings and inst",Gham Power Nepal Pvt. Ltd.,1217900.71,NPR
2305,RFPO-3550-M4102-1,10 Jan 2021,PO for Engine (KVA) 30 KVA (III),VISHAL TRADE LINKS,706250,NPR
2306,RFPO-3550-V4315-1,07 Jan 2021,PO for Cement (OPC) - Hongshi Cement,J.M.T. GROUP PVT. LTD.,1115194.29,NPR
2307,RFPO-2394-E6806-1,07 Jan 2021,"PO for 50KVA, 20-15 KV / 230V 50 HZ liO, POLE MOUNTED SINGLE PHASE HERMETICALLY SEALED TRANSFORMERS",United Transformers Electric Company,4800,USD
2308,RFPO-3550-V4309-1,06 Jan 2021,APPROVED SAND AND AGGREGATES,Rastra Bhusan Construction and Suppliers Pvt Ltd,5203650,NPR
2309,RFPO-3550-V4311-1,06 Jan 2021,PO for Bricks (Brand Gorkha),Rastra Bhusan Construction and Suppliers Pvt Ltd,4418300,NPR
2310,RFPO-3550-V4312-1,06 Jan 2021,PO for Bricks (Brand Pandav RDM),Rastra Bhusan Construction and Suppliers Pvt Ltd,10848000,NPR
2311,RFPO-3550-V4310-1,06 Jan 2021,"PO for Vitrified wall/Floor tile with Epoxy grout:-Supplying heavy duty, acid and alkali resistant, low water absorption (average 0.3 percent, maximum 0.6 percent) and antiskid sized vitrified wall ti",Rastra Bhusan Construction and Suppliers Pvt Ltd,15031875,NPR
2312,RFPO-3550-V4313-1,06 Jan 2021,PO for OPC Cement - Brand Hongshi,Rastra Bhusan Construction and Suppliers Pvt Ltd,14532365,NPR
2313,RFPO-3734-V4258-1,06 Jan 2021,PO for INTERIOR AND EXTERIOR PLASTERS,Don Construction Products - Qatar W.L.L,176748,QAR
2314,RFPO-3550-V4308-1,04 Jan 2021,"PO for Supply,  11 Meter GI Tubular Pole ( Bottom 134mm dia,3300mm ht,155mm dia 2250mm ht,90mm dia 2250 ht and 76mm dia 1650mm ht with over lapping of 200mm,150mm,100mm respectively)  with all related",Shivam Traders,1337920,NPR
2315,RFPO-3550-V4307-1,04 Jan 2021,PO for SCHOMBURG Group of Companies :- AQUAFIN®-2K/M,Shivam Traders,4670000,NPR
2316,RFPO-3550-V4306-1,29 Dec 2020,APPROVED PVC AND CPVC PIPES AND FITTINGS,Mangalam Universal P. Ltd,546578.38,NPR
2317,RFPO-3550-V4301-1,27 Dec 2020,"PO for LIGHTING FIXTURE, CEILING FAN AND EXHAUST FAN",Shivam Traders,2923875,NPR
2318,RFPO-3550-V4303-1,23 Dec 2020,APPROVED SWITCHES AND SOCKETS,Shivam Traders,1202637.53,NPR
2319,RFPO-3734-V4257-1,23 Dec 2020,PO for WOODEN DOORS,"Framaco International, Inc",104457.07,USD
2320,PO-1005-E7032-2,22 Dec 2020,SEARCHLIGHTS,DEN HAAN ROTTERDAM,4430.3898,EURO
2321,RFPO-3550-V4302-1,21 Dec 2020,PO for SANITARY WARES,Shivam Traders,3168320,NPR
2322,RFPO-3550-E6804-1,20 Dec 2020,PO for 11/.4 KV 3 Phase 50 Hz ON/AN Cooling,TRANSWELD NEPAL PVT. LTD.,340977.5,NPR
2323,PO-1005-E7030-2,20 Dec 2020,APPROVED POLE MOUNTED TRANSFORMER,United Transformers Electric Company,30450,USD
2324,RFPO-3550-V4297-1,16 Dec 2020,PO for Rebars 8mm  Site DPSS,GODAWARI STEEL PVT. LTD.,7318332,NPR
2325,RFPO-1192-V4308-1,15 Dec 2020,PO for VIDEO CABLE POWER CABLE FLEX PIPE TRUNKING ETC,Foldn Slide Technical Services LLC,1600,AED
2326,RFPO-3550-V4280-1,15 Dec 2020,Supply and Delivery of uPVC Doors and Windows,Shivam Traders,10654785,NPR
2327,RFPO-3550-V4298-1,15 Dec 2020,PO for Cement OPC as per approved submittal.,Shivam Traders,2122705,NPR
2328,RFPO-3550-V4299-1,15 Dec 2020,"PO for Supply and Delivery of Fire Rated Door DRl(DoubIe Panel 1500x2100x46) conforming to BS-476 Part-22/IS:3614 Part II with fire rated clear wired Glass 6 mm thick 200x300,fire rated hinges,",Shivam Traders,7495000,NPR
2329,RFPO-1192-V4307-1,13 Dec 2020,PO for SLAB WITHOUT FACING (SXXX),FUJAIRAH ROCKWOOL FACTORY,13337.7408,AED
2330,RFPO-3734-V4256-1,10 Dec 2020,PO for SUPPLY OF BLOCK AND PLASTER ACCESSORIES,NEMER METAL INDUSTRIES FACTORY,57178.1,QAR
2331,RFPO-3734-V4254-1,10 Dec 2020,PO for SUSPENDED CEILING WORKS,Al Emadi Trading and Contracting Co W.L.L,306781,QAR
2332,RFPO-3550-E6803-1,10 Dec 2020,PO for 12 W LED down lighter surface mounted SMD 6 inch dia with inbuilt LED Driver &amp;amp;amp;amp; lumen output not less than 90 lumen per watt.,HERITAGE NEPAL,783191.7,NPR
2333,RFPO-3550-E6801A-1,10 Dec 2020,PO for LEGRAND MYRIUS SWITCHES AND BOXES,ELECTRIC LIGHT SOLUTION PVT. LTD,341996.04,NPR
2334,RFPO-3550-E6801-1,09 Dec 2020,PO for APPROVED LEGRAND-MYRIUS SWITCHES AND BOXES,ELECTRIC LIGHT SOLUTION PVT. LTD,285659.3,NPR
2335,RFPO-3550-V4296-1,09 Dec 2020,PO for 160 mm HDPE Pipe,PANCHAKANYA PLASTIC IND. (P) LTD.,443740.81,NPR
2336,RFPO-3742-V4257-1,06 Dec 2020,PO for Crane Rental - Kuwait,Big Easy Trading Co.,1890,KWD
2337,RFPO-1569-O18-1,30 Nov 2020,PO for Sophos SG 230 Full Guard - 1 Year Subscription,CODEGREEN SYSTEMS,7850,AED
2338,PO-1005-E7030-1,29 Nov 2020,PO for Pad Mounted Transformer,United Transformers Electric Company,70500,USD
2339,PO-1005-E7032-1,25 Nov 2020,LIGHTING FIXTURES - TAT - FPT2 - WITH SPARES,"GUANGDONG YIBAI OPTOTECH CO., LTD.",39296,USD
2340,RFPO-1569-V4264-1,23 Nov 2020,PO for Description BCF 128 Xl 101SW- Metal full height cabinet with swing doors in grey finish.,BLUE CROWN FURNITURE (LLC),1350,AED
2341,RFPO-3550-V4294-1,18 Nov 2020,PO for PVC Pipes and Fittings,Mangalam Universal P. Ltd,496031.47,NPR
2342,RFPO-1569-V4263-1,15 Nov 2020,"PO for Racking  bays,  each  4500mm  high  x  1000mm  deep  equipped  with  three pairs of beam levels decking with GI Panels of  unit size 2500mmL x 80mm x 50mm open beam",Adventz Racking & Shelving LLC,4500,AED
2343,RFPO-3734-V4253-1,12 Nov 2020,PO for JOHN DC-20 4x120 1/8 COIL 120 feet RUBBER COVE BASE CHARCOAL,Campbridge Trading and Services,57850,QAR
2344,RFPO-3734-V4255-1,12 Nov 2020,PO for Telecommunication Manhole,GHBS (FZE),3510,USD
2345,RFPO-3550-V4293-1,09 Nov 2020,PO for Additional Requirement Chemicals for Rectrofitting Work,Venus Enterprises & Water Proofing Pvt. Ltd.,121701,NPR
2346,RFPO-3550-V4292-1,08 Nov 2020,"PO for Re-bar 4.75mm, 8mm, 10mm, 12mm, 16mm, 20mm, 25mm",Shivam Traders,2977550,NPR
2347,RFPO-3550-V4288-1,05 Nov 2020,PO for 1.5 sq mm cu. Multistrand Green Colour,Shivam Traders,1460543.984,NPR
2348,RFPO-3550-V4291-1,05 Nov 2020,PO for SUPPLY AND DELIVERY OF PVC AND CPVC FITTINGS AS PER APPROVED SUBMITTAL,Shivam Traders,1149174,NPR
2349,RFPO-3550-V4290-1,04 Nov 2020,PO for GORKHA CHINESE BRICKS,Gorkha Eco Red Bricks Pvt. Ltd.,637500,NPR
2350,RFPO-1192-S9072-1,02 Nov 2020,PO for Nissan Sunny 2019,SEL Car Rental LLC,1100,AED
2351,PO-1005-V7025-1,28 Oct 2020,PO for Extruded Polystyrene Insulation for External Wall,QATAR  INSULATION  FACTORY,60000,QAR
2352,RFPO-2394-V4257-1,26 Oct 2020,PO for PTAC FILTERS,"Foshan Sylon Electrical Appliances Co.,Ltd",1077,USD
2353,RFPO-3742-R1500-1,20 Oct 2020,"PO for CRANE RENTAL INCLUDING FUEL, OPERATOR, MOBILIZATION AND DEMOBILIZATION",White Horse Logistics Est.,2450,KWD
2354,RFPO-3742-V4256A-1,19 Oct 2020,"PO for Design, Fabrication, Supply and Delivery of Metal Wall and Roof Cladding Works",Staines International Group General Trading and Contracting Co. WLL,655600,USD
2355,RFPO-2394-E6805-1,18 Oct 2020,PO for MECHANICAL & PLUMBING,TIC LIGHT ELECTRICAL CORP,1539.21,USD
2356,RFPO-2394-E6804-1,18 Oct 2020,"PO for ARCATA LampType:F32T8(2lamps,32W) Parallellampoperation Linevoltage120-277V50/60Hz","GUANGDONG YIBAI OPTOTECH CO., LTD.",2018,USD
2357,RFPO-2797-V4258-1,15 Oct 2020,PO for AIR TERMINAL 20MM,ABDULLAH MOHAMMADI ELECTRIC SHOP,23317.61,USD
2358,RFPO-3742-V4256-1,15 Oct 2020,PO for Supply and Installation of Metal Wall and Roof,Staines International Group General Trading and Contracting Co. WLL,655600,USD
2359,RFPO-3550-V4286-1,14 Oct 2020,PO for Gorkha Chineses Brick,Gorkha Eco Red Bricks Pvt. Ltd.,61996.32,NPR
2360,RFPO-3550-V4282-1,14 Oct 2020,PO for Jagdamba  e  500,Shivam Traders,414122.4,NPR
2361,RFPO-3550-V4285-1,13 Oct 2020,PO for Rebar,New Balkumari Traders Pvt. Ltd.,1125480,NPR
2362,RFPO-3550-V4284-1,13 Oct 2020,PO for Cement OPC,J.M.T. GROUP PVT. LTD.,2050017.75,NPR
2363,RFPO-3550-V4283-1,11 Oct 2020,PO for Cement (OPC),Shivam Traders,1682570,NPR
2364,RFPO-1569-V4262-1,01 Oct 2020,PO for Pylon To Let Sign Printing and Fixing,Aptec Advertising Products L.L.C.,4285.714,AED
2365,RFPO-3550-E6800-1,01 Oct 2020,PO for SUPPLY OF ELECTRICAL PANELS,Avone System &amp; Controls (NEPAL) Pvt. Ltd.,683650,NPR
2366,RFPO-3550-A5201-1,01 Oct 2020,PO for MODEL: IS STANDARD DOUBLE LEAF FIRE DOORS,PARTH INTERNATIONAL PVT. LTD.,939627.71,NPR
2367,RFPO-1192-V4306-1,29 Sep 2020,PO for SLAB WITHOUT FACING (SXXX) 50MM 1.2MTRX.6MTR 500 SHEETS OR 360 SQM-FRF-4201921,FUJAIRAH ROCKWOOL FACTORY,4687.2,AED
2368,RFPO-3550-V4278-1,29 Sep 2020,PO for BEND 45* 160MM SOLVENT-FIT,Mangalam Universal P. Ltd,1551426.575,NPR
2369,RFPO-2394-V4256-1,28 Sep 2020,PO for CERAMICS WALL TILE ,RAK CERAMICS,2802.8,AED
2370,RFPO-2394-M4103-1,27 Sep 2020,CLAMP FOR SPRINKLER INSTALLATION. FM AND UL APPROVED.,INTERCOOL CENTRAL AIR CONDITIONING LLC,1988.95,AED
2371,RFPO-2394-E6803-1,24 Sep 2020,"PO for LED wallpack light 60W, with photosensor UL certificate","GUANGDONG YIBAI OPTOTECH CO., LTD.",1258,USD
2372,RFPO-2394-V4255-1,23 Sep 2020,PO for BATHROOM AND KITCHEN FAUCETS,"Shanghai Glory Hardware Co.,Ltd",1471.7,USD
2373,RFPO-2394-E6800-1,23 Sep 2020,"PO for AKCC SPARES (Lamps, Receptacles and GFCI)",HAJI GHANI SONS,3461,USD
2374,RFPO-3550-V4277-1,23 Sep 2020,"PO for A High strength epoxy,resin mortar with excellent abrasion and impact strength of properties.",Venus Enterprises & Water Proofing Pvt. Ltd.,125983.7,NPR
2375,RFPO-2394-A5351-1,23 Sep 2020,PO for DUAL CONTROLLED BATH AND  SHOWER MIXER DN15 WITH OUT  SHOWER SET,KLUDI RAK LLC,4194,AED
2376,RFPO-2394-V4254-1,22 Sep 2020,PO for 12 Head Sprinkler Cabinet,RAYAN,80,USD
2377,RFPO-3550-V4276-1,22 Sep 2020,PO for FIXOCRETE D-300,Nepal Shalimar Impex Pvt Ltd,33900,NPR
2378,RFPO-3550-V4275-1,21 Sep 2020,PO for CEMSCREED HMF (Micro Concrete),Venus Enterprises & Water Proofing Pvt. Ltd.,958353,NPR
2379,RFPO-2394-E6801-1,21 Sep 2020,"PO for VERSALITE IP-65 emergency lighting armature, 2 hours, 2x20w, 160x400x440m, operating voltage220-240 Operating temperature,- 16/+40/ I,IP65/weight 7,45 kg.",ARSEL ELEKTRONİK SİST.SAN TİC LTD ŞTİ,315,USD
2380,RFPO-2394-V4253-1,21 Sep 2020,PO for Buckeye 10914 ABC 5 lb  Multipurpose Dry Chemical  Hand Held Fire Extinguisher,AL ASAYEL HEALTH & SAFETY FZE,525,AED
2381,RFPO-2394-A5202-1,17 Sep 2020,PO for GRAVITY DOOR COORDINATOR,Vulcan Industries LLC,675,AED
2382,RFPO-3734-V4252-1,15 Sep 2020,PO for EXTERNAL WORKS,POWERMAN International W.L.L.,907450,QAR
2383,RFPO-2797-V4257-1,14 Sep 2020,PO for Weld-on 717,Atlas Power PVC Pipe Company,9281.78,USD
2384,RFPO-3550-V4274-1,13 Sep 2020,PO for Rebar as per approved submittal,KATKUWA SUPPLIERS,616471.5,NPR
2385,RFPO-2797-E6801-1,13 Sep 2020,PO for EMT Conduit 1 Inch (PANASONIC) Catalog Item # DWE100Y UL Listed,AZIZ ULLAH NASARY WARDAK LTD,103756.75,USD
2386,RFPO-2797-V4256-1,10 Sep 2020,PO for RAK - Asian Water Closet and Western Water Closet,United Ceramics & Building Materials,13954,USD
2387,RFPO-1192-S9071-1,09 Sep 2020,PO for Mitsubishi Lancer 1.6 Ltr. Monthly Rental,SEL Car Rental LLC,1100,AED
2388,RFPO-2797-V4255-1,09 Sep 2020,PO for GI IIL Water Pipe 2.5 inch (65mm),Kabul Ariana Constructuion Metiral Store,25883.3,USD
2389,RFPO-2394-A5201-1,08 Sep 2020,Door Hardwares (Door Closer and Electromagnetic Door Holder),Vulcan Industries LLC,24600,AED
2390,RFPO-3550-V4270-1,30 Aug 2020,PO for ELECTRICAL CONDUITS (HDPE PIPES),PANCHAKANYA PLASTIC IND. (P) LTD.,430563.02,NPR
2391,RFPO-3550-V4269-1,27 Aug 2020,PO for Hongshi OPC Cement,KATKUWA SUPPLIERS,851700,NPR
2392,RFPO-1569-S9000-1,27 Aug 2020,PO for Fabrication and installation of sign board made of GI pole with 2 mm powder coated plate with printed sticker on top with lamination and fixing with support of concrete blocks and base plate,ISRA Middle East,6000,AED
2393,RFPO-2623-E6801-1,27 Aug 2020,PO for LED Emergency light,"GUANGDONG YIBAI OPTOTECH CO., LTD.",410,USD
2394,RFPO-2394-V4252-1,26 Aug 2020,PO for Pressure Gauge Standard EN 837-1,AL NOKHATHA TECHNICAL SERVICES LLC,5940,AED
2395,RFPO-2394-M4102-1,26 Aug 2020,PO for Pressure Gauge Dial 3 1/2 inch ss body range 0-300 psi/bar 1/4 inch npt brass,HASTE TRADING LLC,4810,AED
2396,RFPO-3550-V4268-1,25 Aug 2020,PO for Rebars,KATKUWA SUPPLIERS,1383120,NPR
2397,RFPO-3550-V4267-1,24 Aug 2020,PO for Rebars,New Balkumari Traders Pvt. Ltd.,1363910,NPR
2398,PO-1005-E7036-1,24 Aug 2020,Heating Element- Rheem and Step Down Transformer - KNMH,RAFCO Trading Co. W.L.L,2040,AED
2399,RFPO-3728-M4102-1,18 Aug 2020,Supply of Cooler Air Conditioning Unit,COOLEX FOR AIR CONDITIONINGS,106000,QAR
2400,RFPO-2797-V4254-1,18 Aug 2020,PO for ALUMINUM WINDOWS AND SPARE PARTS,Javed Waziri Aluminum Production Limited,43935,USD
2401,RFPO-3550-V4264-1,17 Aug 2020,"PO for CPVC, UPVC Pipes and Fittings, Electrical Conduits",KATKUWA SUPPLIERS,1504599.556,NPR
2402,RFPO-3550-V4265-1,17 Aug 2020,"PO for CPVC, UPVC Pipes and Fittings, Electrical Conduits",KATKUWA SUPPLIERS,863923.4831,NPR
2403,RFPO-3550-V4266-1,17 Aug 2020,"PO for CPVC, UPVC Pipes and Fittings, Electrical Conduits ",KATKUWA SUPPLIERS,1408168.85,NPR
2404,RFPO-2797-V4252-1,17 Aug 2020,PO for DB Boxes and Trays,Panel Tech Engineering Co,35000,USD
2405,RFPO-1192-V4305-1,17 Aug 2020,PO for SLAB WITHOUT FACING (SXXX) DENSITY:64KG/M3 THICKNESS: 50MM SIZE: 1.2 MTR*0.6  QTY: 410.4 SQM,FUJAIRAH ROCKWOOL FACTORY,5343.408,AED
2406,RFPO-2797-V4253-1,17 Aug 2020,PO for PANEL BOARD,Panel Tech Engineering Co,51900,USD
2407,RFPO-3734-V4251-1,13 Aug 2020,PO for 8 inch Hollow Block (400x200x200)-(OPC)-Limestone Non Fire Rated,Al Sehmiah Cement Products,222505,QAR
2408,RFPO-3742-V4255-1,13 Aug 2020,"DESIGN, SUPPLY, INSTALLATION, COMMISSIONING AND TRAINING OF OPERATORS OF BLAST ROOM, PAINT ROOM & PAINT MIXING ROOM",Prism Tech Engineering LLC,541625,USD
2409,RFPO-3550-V4263-1,12 Aug 2020,PO for Sand,KATKUWA SUPPLIERS,10278480,NPR
2410,RFPO-3734-S9031-1,12 Aug 2020,PO for Design Supply and Installation of HDPE Car Parking Shades,Al Shaghairi Trading &amp; Contracting Co.WLL (Electra),149900,QAR
2411,RFPO-3742-V4254-1,10 Aug 2020,PO for SHOP DRAWINGS FOR RFPO-3742-V4253-1,PANELSAN ROOF & FACADE SYSTEMS,4581,USD
2412,RFPO-2797-E6800-1,05 Aug 2020,PO for APPROVED QINGDAO WIRES AND CABLES,"QINGDAO CABLE. CO., LTD.",129729.7,USD
2413,RFPO-1192-R1507-1,29 Jul 2020,PO for Mitsubishi  Lancer 1.6 Ltr. Monthly Rental,SEL Car Rental LLC,5500,AED
2414,RFPO-2797-A5201-1,28 Jul 2020,PO for DOUBLE DOOR FIRE RATED DOOR.,"CHONGQING MEXIN BEST DOORS AND WINDOWS INDUSTRY CO., LTD.",208398,USD
2415,PO-1005-E7029-2,28 Jul 2020,Supply & Delivery Of Lighting Fixtures - FPT 2,"GUANGDONG YIBAI OPTOTECH CO., LTD.",31180,USD
2416,RFPO-3550-V4262-1,28 Jul 2020,PO for Sashi Brick,SASHI ITTA UDHYOG,2900000,NPR
2417,RFPO-3550-V4252B-1,28 Jul 2020,PO for Cement (OPC) Hongshi Cement,J.M.T. GROUP PVT. LTD.,1020004.9,NPR
2418,RFPO-2797-A5302-1,26 Jul 2020,PO for Cement Free Fiber Reinforced (Alpha Dry Base Coat),AZIZ ULLAH NASARY WARDAK LTD,192380,USD
2419,PO-1005-E7029-1,23 Jul 2020,Supply & Delivery Of Lighting Fixtures - FPT 2,"GUANGDONG YIBAI OPTOTECH CO., LTD.",30280,USD
2420,RFPO-1192-V4304-1,22 Jul 2020,PO for SLAB WITHOUT FACING (SXXX),FUJAIRAH ROCKWOOL FACTORY,7068.1248,AED
2421,RFPO-2797-A5301-1,22 Jul 2020,PO for HOMEX PLASTIC EMULSION GALLON,Norson Chemical Industries,33214.5,USD
2422,RFPO-2797-V4251-1,22 Jul 2020,PO for Wall Tiles 20x20 white,United Ceramics & Building Materials,40874.4,USD
2423,RFPO-3550-V4261-1,22 Jul 2020,"PO for Re-bar 4.75mm, 8mm, 10mm, 12mm, 16mm, 20mm, 25mm",KATKUWA SUPPLIERS,12814200,NPR
2424,RFPO-3742-V4352-1,19 Jul 2020,PO for MVL Flag,Al Alam Al Muttaidah LLC,450,AED
2425,RFPO-2797-M4101-1,16 Jul 2020,PO for MULTI SPLIT ACs,"EKON HOME ELECTRIC CO.,LTD",90244.92,USD
2426,RFPO-1192-V4426-1,15 Jul 2020,PO for Delivery note NCR A4 size 1 puls 3 4 color printing,King Printers Co. Ltd. Dubai Branch,857.14,AED
2427,PO-1005-V4471-1,15 Jul 2020,PO for Maintenance of SKM 3 Packaged Units,Metron Construction & Trading W.L.L.,90295.36,QAR
2428,RFPO-1192-V4425-1,14 Jul 2020,PO for Inspection Label Sticker : 12cmX7cm- 4 color printing,SMILE COLOR,1428.5698,AED
2429,PO-1005-E7028-1,12 Jul 2020,PO for Electric Water Heater-450L-45Kw,SPEED MIDDLE EAST GENERAL TRADING LLC,20905,USD
2430,PO-1005-E7026-1,12 Jul 2020,PO for Electric Water Heater with Glass Lined Tank,SPEED MIDDLE EAST GENERAL TRADING LLC,20920,USD
2431,RFPO-1192-V4303-1,09 Jul 2020,PO for SLAB WITHOUT FACING (SXXX),FUJAIRAH ROCKWOOL FACTORY,1972.5984,AED
2432,PO-1005-M7035-1,08 Jul 2020,Potter Roemer Valves and Dixon Cap with Chain Rocker Lugs Cast Brass,TIC LIGHT ELECTRICAL CORP,8447.7,USD
2433,PO-1005-V7018-3,28 Jun 2020,PO for SPRINKLER FITTINGS,"JINAN MEIDE CASTING CO., LTD.",1224.9726,USD
2434,PO-1005-E7031-1,23 Jun 2020,SONY 43 in. LED TV UHD 4K Smart KD-43X7000F,SEVEN WONDERS ELECTRONICS TRADING LLC,117000,AED
2435,RFPO-1192-V4301-1,22 Jun 2020,PO for SLAB WITHOUT FACING (SXXX) Density 64Kg/M3 Thickness 50mm Size1.2 Mtr X 0.6 Mtr,FUJAIRAH ROCKWOOL FACTORY,7499.52,AED
2436,PO-1005-M7032-1,09 Jun 2020,401-2025208B MECH BRAND DUCTILE IRON GROOVED FITTINGS,"JINAN MEIDE CASTING CO., LTD.",1144.3648,USD
2437,PO-1005-V7016-1,08 Jun 2020,101-2025208A MECH BRAND 150LB M.I. PIPE FITTINGS WITH AMERICAN STANDARD,"JINAN MEIDE CASTING CO., LTD.",804.714,USD
2438,PO-1005-V7015-1,07 Jun 2020,Moen M-DURA Rough chrome two-handle  service sink faucet,TIC LIGHT ELECTRICAL CORP,3535.45,USD
2439,RFPO-1192-R1506-1,27 May 2020,PO for Mitsubishi Lancer 1.6L 2017 MDL,Diamondlease LLC,2800,AED
2440,RFPO-1192-V4424-1,17 May 2020,PO for Inspection Label,SMILE COLOR,1428,AED
2441,RFPO-1192-V4300-1,04 May 2020,PO for SLAB WITHOUT FACING (SXXX) - Density: 64Kg/M3 Thickness: 50mm Size:1.2 MtrX 0.6 Mtr,FUJAIRAH ROCKWOOL FACTORY,2062.368,AED
2442,PO-1005-E7025-1,04 May 2020,PO for GFCI-Mounting Frame,International Configurations Inc.,8527.8,USD
2443,RFPO-1569-V4385-1,25 Apr 2020,PO for gel sanitizer  500ml,WAHAT AL- JAZEERA DRUGSTORE LLC,1886,AED
2444,RFPO-1192-V4423-1,22 Apr 2020,PO for MVL Warehouse Germ Treatment - Single Application,Boecker,1300,AED
2445,RFPO-3742-M4101-1,21 Apr 2020,PO for DIESEL AIR COMPRESSOR DACY-17/8,Denair Energy Saving Technology (Shanghai) PLC,26600,USD
2446,RFPO-3742-M4000-1,15 Apr 2020,"PO for Design, Manufacturing  & Supply of CRANES",GH Cranes Arabia FZCO,1840000,AED
2447,RFPO-1192-V4299-1,07 Apr 2020,PO for Slab Without Facing SXXX Density 120kg m3 Thickness 50mm Size 1.2 mtrX.6 mtr,FUJAIRAH ROCKWOOL FACTORY,13820.2848,AED
2448,RFPO-1192-R1505-1,30 Mar 2020,PO for SHARP MX-M3550N A3 COLOR OFFICE MFP,NEW SMART OFFICE AUTOMATION LLC,19764,AED
2449,RFPO-1192-R1504-1,25 Mar 2020,PO for Mitsubishi Lancer 1.6L 2017 MDL,Diamondlease LLC,1400,AED
2450,PO-1005-V7013-1,18 Mar 2020,PO for Ceramic Soap Dish with Wash Cloth Holder,TIC LIGHT ELECTRICAL CORP,2076.31,USD
2451,RFPO-1569-V4384-1,16 Mar 2020,PO for DXBF062427,AL ROSTAMANI TRADING COMPANY,7786,AED
2452,RFPO-3728-M4101-1,12 Mar 2020,PO for PNGF-300C2 26 TR COOLEX PACKAGE UNIT R410a (AS PER APPROVED SUBMITTAL),COOLEX FOR AIR CONDITIONINGS,181940,QAR
2453,RFPO-1569-V4383-1,08 Mar 2020,PO for Long Sleeves White Large,Al Diyafa Tailoring Co. LLC,2418,AED
2454,RFPO-3742-V4253-1,05 Mar 2020,"PO for Design, Fabrication, Supply and Delivery of 3R Hidden Screw Roof & Wall Panel",PANELSAN ROOF & FACADE SYSTEMS,299291.199,USD
2455,PO-1005-V7011-1,02 Mar 2020,"PO for Manifold Riser 6""",TIC LIGHT ELECTRICAL CORP,1752.87,USD
2456,RFPO-1569-V4261-1,01 Mar 2020,PO for Metal full height cabinet with metal swing doors in grey finish,BLUE CROWN FURNITURE (LLC),1350,AED
2457,RFPO-1569-O17-1,25 Feb 2020,PO for ESET Endpoint Protection Advanced  Renewal for a year,Burhani Computers Trading LLC,3375,AED
2458,PO-1005-M7029-1,23 Feb 2020,PO for 6inch Backflow Preventer,OMAR FAROOQ TRADING COMPANY,12583.32,USD
2459,RFPO-1192-F10353-1,23 Feb 2020,PO for Perforated Profiles 41X41X1 50G,"TECNICAS EXPANSIVAS, S.L.",1621.8,EURO
2460,PO-1005-E7022-1,23 Feb 2020,PO for Photo Sensor LED Module,"GUANGDONG YIBAI OPTOTECH CO., LTD.",389,USD
2461,RFPO-1569-O16-1,20 Feb 2020,PO for Microsoft Azure Subscription -  Yearly,Burhani Computers Trading LLC,3420,AED
2462,RFPO-1192-V4297-1,18 Feb 2020,PO for Slab Without Facing (SXXX) Density: 160kg Thickness: 50mm Size 1.2mtr*0.6 400 sheets,FUJAIRAH ROCKWOOL FACTORY,9377.28,AED
2463,PO-1005-E7019-2,17 Feb 2020,PO for Fire Alarm Cable ,TIC LIGHT ELECTRICAL CORP,24152.62,USD
2464,RFPO-3550-V4259-1,12 Feb 2020,PO for Rebar,New Balkumari Traders Pvt. Ltd.,1468152.5,NPR
2465,RFPO-3427-V4253-1,11 Feb 2020,PO for LED EXIT SIGN LIGHT SINGLE SIDE WITH 3 HOURS BATTERY BACK UP WITH LEGEND ENGLISH / ARABIC WORDS WHITE FINISH COLOR 4000K,AL-HADABAH INTERNATIONAL CO. W.L.L.,150,KWD
2466,RFPO-3550-V4252A-1,10 Feb 2020,PO for Cement (OPC) Hongshi Cement,J.M.T. GROUP PVT. LTD.,1260006.05,NPR
2467,RFPO-3550-V4363-1,10 Feb 2020,PO for Current Vehicle plate no. NA A PA MA 732 Model: Bolero Camper DC 4WD P/S,Everest Insurance Company Ltd.,95007.81,NPR
2468,RFPO-3550-V4364-1,09 Feb 2020,PO for Canon Printer Cartridge for IX6870,Reliable Toners Traders Pvt. Ltd.,32800,NPR
2469,RFPO-3550-V4365-1,09 Feb 2020,PO for HP 203A Toner Cartidge Refill,QUALISOFT COMPUTER CENTER,23730,NPR
2470,RFPO-1192-V4421-1,09 Feb 2020,PO for Big Boxes,Chocolala Al Barsha Mall Gate No 1,9010,AED
2471,PO-1005-V7005-1,05 Feb 2020,PO for ASIAN TOILET - ASIAN TOILET 18CM - VITREOUS CHINA CERAMIC SANITARY APPLIANCE - BS 3402,United Ceramics & Building Materials,540,USD
2472,RFPO-1192-V4420-1,04 Feb 2020,PO for Inspection label,SMILE COLOR,1428.571431,AED
2473,RFPO-3550-V4258-1,03 Feb 2020,PO for VARIOUS MATERIALS,KATKUWA SUPPLIERS,11106662.9,NPR
2474,RFPO-3742-V4351-1,03 Feb 2020,PO for 65000 km 5K SERVICE TYPE,MASEELAH TRADING CO. S.P.C.,1019,KWD
2475,RFPO-1192-F10276-1,30 Jan 2020,PO for PERFORATED PROFILES,"TECNICAS EXPANSIVAS, S.L.",987.3384,EURO
2476,RFPO-1192-F10277-1,30 Jan 2020,PO for PERFORATED PROFILES,"TECNICAS EXPANSIVAS, S.L.",118.480608,EURO
2477,PO-1005-E7011-4,28 Jan 2020,PO for A4 Lighting - Guangdong Yibai,"GUANGDONG YIBAI OPTOTECH CO., LTD.",1475,USD
2478,PO-1005-E7011-5,28 Jan 2020,PO for ABL-LITHONIA LIGHTING 2ND ORDER,"Acuity Brands Lighting, Inc.",1114.8,USD
2479,PO-1005-E7017-1,28 Jan 2020,PO for 20KVA UPS SYSTEM,AL MAZROUI ADVANCED TECHNOLOGY CO. LLC,24843,AED
2480,PO-1005-E7019-1,23 Jan 2020,PO for Fire Alarm Cable,Syston Cable Technology,21280.21,USD
2481,PO-1005-E7005-4,21 Jan 2020,"PO for Inspection to Factory Acceptance Test, Flash Report writing and Manufacturer Report Chopping",GULF ELECTRICAL POWER LABORATORY,4950,USD
2482,RFPO-3742-V4252-1,21 Jan 2020,PEB STEEL STRUCTURE,Kirby Building Systems - Kuwait,1559000,USD
2483,RFPO-1192-V4419-1,16 Jan 2020,PO for Chocolate Boxes Size 30 Cm x23 Cm Black  and Gold Special Paper Open Shape  sample1,RUKIN AL FAN POTTERY,3940,AED
2484,PO-1005-E7011-3,13 Jan 2020,PO for VARIOUS LIGHTING FIXTURES - GUANGDONG YIBAI,"GUANGDONG YIBAI OPTOTECH CO., LTD.",13365,USD
2485,PO-1005-E7011-2,12 Jan 2020,PO for VARIOUS LIGHTING FIXTURES - IKIZLER,IKIZLER AYDINLATMA ARMATURLERI SAN VE. TIC. A.S,3577.54,USD
2486,PO-1005-M7027-1,09 Jan 2020,Supply of LG Mini Condensate Pump EC400 Little GIANT,Pump House Pumps Ltd,11599.5,USD
2487,RFPO-1192-V4296-1,08 Jan 2020,PO for SLAB WITHOUT FACING (SXXX),FUJAIRAH ROCKWOOL FACTORY,15742.832,AED
2488,PO-1005-V7004-2,08 Jan 2020,PO for Bobrick Shower Seat BOB5181,AL SHAYA TRADING CO. LLC,4440,AED
2489,RFPO-3742-V4251-1,08 Jan 2020,PO for PEB STEEL STRUCTURE,MBS-MEMAAR BUILDING SYSTEMS FZC,735000,USD
2490,PO-1005-V7004-1,06 Jan 2020,PO for Various SS Toilet Accessories,AL HASHIMI METAL PRODUCTS MANUFACTURING LLC,17318,AED
2491,PO-1005-E7005-3,31 Dec 2019,PO for 1000 KVA Pad Mounted Transformer-3 Phase,United Transformers Electric Company,46500,USD
2492,RFPO-3550-V4256-1,23 Dec 2019,PO for REBARS and BINDING WIRES ,GODAWARI STEEL PVT. LTD.,4137154.23,NPR
2493,RFPO-3427-E6800-1,23 Dec 2019,Master Distribution Panel Board,INDUSTRIAL ELECTRICAL PROJECTS CO.,370,KWD
2494,RFPO-3550-V4257-1,23 Dec 2019,PO for Admixture Superflow,Additives &amp; Allied Industries,85428,NPR
2495,PO-1005-E7005-2,23 Dec 2019,PO for 1000 KVA Pad Mounted Transformer-3 Phase,United Transformers Electric Company,28500,USD
2496,RFPO-3427-O1-1,17 Dec 2019,PO for Dell Latitude E5450(used): Rs.43000 with VAT Intel Core i5 5th Gen/ 4GB RAM/ 500GB HDD/ 14&quot; Screen,LOGIX DIGITAL SYSTEMS P. LTD,167490,NPR
2497,RFPO-2569-V4256-1,15 Dec 2019,PO for 8 meter Double Leaf Swing Gate,CLIC National Industries General Trading & Contracting Co. K.S.C. (Closed),2750,USD
2498,RFPO-1569-O14-1,10 Dec 2019,PO for Primavera P6 Professional Project Management (Perpetual  License),4i Apps Solutions FZC,8474.12,AED
2499,RFPO-1569-O15-1,10 Dec 2019,PO for Sophos SG230 Renewal,CODEGREEN SYSTEMS,8242.5,AED
2500,RFPO-1192-V4295-1,09 Dec 2019,PO for Slab Without Facing SXXX Density 64kg m3 Thickness 50mm Size 1.2 mtrX.6 mtr,FUJAIRAH ROCKWOOL FACTORY,1874.88,AED
2501,PO-1005-V4470-1,05 Dec 2019,PO for US EMBASSY ANNEX RENOVATION,Metron Construction & Trading W.L.L.,18055.58,QAR
2502,RFPO-3550-V4253-1,03 Dec 2019,"PO for supply, delivery and application of Anti-Termite Treatment",Seven Pro Solutions Pvt. Ltd,450582.2712,NPR
2503,RFPO-3550-V4254-1,03 Dec 2019,PO for SASHI BRICKS,SASHI ITTA UDHYOG,950000,NPR
2504,RFPO-3550-V4255-1,03 Dec 2019,PO for HONGSHI CEMENT & GODAWARI REBAR,KATKUWA SUPPLIERS,8185757.76,NPR
2505,RFPO-1192-V4294-1,28 Nov 2019,"PO for 1. Racking  bays,  each  4500mm  high  x  1000mm  deep  equipped  with  three  pairs  of  beam  levels  decking  with  GI  Panels  of  unit  size  2450mmL x 80mm x 50mm open beam. (Loading Capa",Adventz Racking & Shelving LLC,22400,AED
2506,RFPO-1192-S9032-1,24 Nov 2019,PO for Shifting &amp; Installation:,VEXUS INTERIORS LLC,12800,AED
2507,RFPO-1192-S9033-1,24 Nov 2019,PO for Shifting &amp; Installation:,VEXUS INTERIORS LLC,12800,AED
2508,RFPO-1192-V4293-1,24 Nov 2019,PO for Slab Without Facing (SXXX),FUJAIRAH ROCKWOOL FACTORY,3749.76,AED
2509,RFPO-3550-V4252-1,21 Nov 2019,PO for Cement (OPC) Hongshi Cement,J.M.T. GROUP PVT. LTD.,1260006.05,NPR
2510,RFPO-3550-V4251-1,20 Nov 2019,PO for Supply and Delivery of REBARS,GODAWARI STEEL PVT. LTD.,2571959.695,NPR
2511,RFPO-1192-V4418-1,17 Nov 2019,PO for Inspection Labels Stickers,SMILE COLOR,450,AED
2512,RFPO-1569-V4381-1,06 Nov 2019,PO for Acrylic panel sign production W254 × H203,"Showa Seisaku CO.,LTD.",211.35,USD
2513,RFPO-3550-V4362-1,06 Nov 2019,PO for Supply and Delivery of Mahindra Vehicles,AGNI INCORPORATED PRIVATE LIMITED,1914810,INR
2514,RFPO-1569-O13-1,30 Oct 2019,PO for Desktop HP 290G2 i5 4 gb 1 tb dos,IT Park Computer Trading LLC,4820,AED
2515,RFPO-1192-R1503-1,30 Oct 2019,PO for Monthly Rental of MItsubishi Lancer,Diamondlease LLC,2800,AED
2516,PO-1005-E7013-1,28 Oct 2019,PO for Light Type-C,"GUANGDONG YIBAI OPTOTECH CO., LTD.",5952,USD
2517,PO-1005-M7025-1,24 Oct 2019,PO for Centrifugal Type Exhaust Fan,INTERCOOL CENTRAL AIR CONDITIONING LLC,16220.1,USD
2518,PO-1005-E7009-1,23 Oct 2019,PO for Electric Water Heater- Heavy Duty,RAFCO TRADING CO.,14500,AED
2519,RFPO-3550-V4361-1,22 Oct 2019,PO for Pulsar 150 CHASSIS NO: MD2A11CY2KPE30158,EVEREST INSURANCE COMPANY LTD.,21560.28,NPR
2520,RFPO-3550-O8-1,20 Oct 2019,PO for Dell latitude e5450: Rs.41000 with Vat Intel core i5 / 4gb RAM / 500GB HDD/ 14” screen / windows 7 genuine,LOGIX DIGITAL SYSTEMS P. LTD,205000,NPR
2521,RFPO-3550-V4360-1,15 Oct 2019,PO for Pulsar 150 CC Single Disc Motorbike for MVL Nepal Office,Hansraj Hulaschand and Company Pvt. Ltd,975600,NPR
2522,PO-2623-E6800-1,10 Oct 2019,PO for SMOKE AND HEAT DETECTOR,Multi Options Trading FZE,13440,AED
2523,PO-1005-E7005-1,10 Oct 2019,PO for 1000 KVA Pad Mounted Transformer-3 Phase,PAK ELEKTRON LIMITED,57540,USD
2524,PO-1005-S9046-1,10 Oct 2019,PO for THERMOSTATIC MIXING VALVES,DUTCO TENNANT LLC,11567.4,AED
2525,RFPO-1005-E7015-1,08 Oct 2019,"PO for Approved Lighting Fixtures (G, G2, B)","ZhongShan Halcon Lighting & Electrical Co., Ltd",47728.285,USD
2526,RFPO-1192-V4291-1,08 Oct 2019,PO for SLAB WITHOUT FACING (SXXX),FUJAIRAH ROCKWOOL FACTORY,10313.28,AED
2527,RFPO-3550-V4359-1,30 Sep 2019,PO for Wall Mounted Type (Inverter) Capacity: 1.0 Ton Model No: CU-YE12TKY-B,NAVIN Distributors Pvt. Ltd.,594400,NPR
2528,PO-1005-V4469-1,29 Sep 2019,19QA1019P0519: Order Confirmation against Office Renovation of USACE Chief Office at CAS-2142.1,Metron Construction & Trading W.L.L.,2800,QAR
2529,RFPO-3550-O7-1,26 Sep 2019,PO for 6U RACK WALL MOUNTABLE,B.R.IMPEX TRADE LINK,37800,NPR
2530,RFPO-3550-V4358-1,17 Sep 2019,PO for Bajaj Pulsar 150 cc 2019,Everest Insurance Company Ltd.,26950.35,NPR
2531,RFPO-1569-V4380-1,16 Sep 2019,PO for Plan Swift 10.2,Green Figure Technique,6400,AED
2532,RFPO-3550-R1502-1,15 Sep 2019,PO for 1 MONTH RENTAL OF 2 UNITS TOYOTA HILUX WITH AC. MODEL 2009-2010,Sahas International Travel & Tours P. Ltd,370000,NPR
2533,PO-1005-E7006-1,10 Sep 2019,PO for VERSALITE IP-65 emergency lighting armature,ARSEL ELEKTRONİK SİST.SAN TİC LTD ŞTİ,798,USD
2534,PO-1005-V7000-1,09 Sep 2019,THEATER SEATING,"Chongqing JUYI Industry Co., Ltd.",9500,USD
2535,RFPO-2569-V4255-1,08 Sep 2019,PO for Galvanized and PVC Coated Tension Wire,CLIC National Industries General Trading & Contracting Co. K.S.C. (Closed),135,KWD
2536,RFPO-2569-V4252-2,08 Sep 2019,PO for 8 meter double leaf swing gate,CLIC National Industries General Trading & Contracting Co. K.S.C. (Closed),8250,USD
2537,RFPO-3550-V4356-1,05 Sep 2019,PO for Pulsar 150 CC Single Disc Motorbike for MVL Nepal Office,Hansraj Hulaschand and Company Pvt. Ltd,1219500,NPR
2538,PO-1005-V7002-1,04 Sep 2019,"PO for 2"" Back Flow Preventer(50mm)",OMAR FAROOQ TRADING COMPANY,33408.6,USD
2539,RFPO-3550-O6-1,03 Sep 2019,PO for MI Redmi7A   Moble Handset for CDM Consultant,Bigbyte IT World Pvt. Ltd.,71994,NPR
2540,PO-1005-F7061-1,03 Sep 2019,PO for FIRESTOP BARRIER CAULK 600ML SAUSAGE,MVL Firestop Bldg. Matl Trdg. LLC,9000,AED
2541,RFPO-3550-R1501-1,02 Sep 2019,PO for Rental of Double Cabin Scorpio Pick Up Truck for 3 months with driver,Sahas International Travel & Tours P. Ltd,525000,NPR
2542,RFPO-3550-V4354-1,02 Sep 2019,PO for For Networking: Pro-Link Cable (Cat-6),B.R.IMPEX TRADE LINK,122379,NPR
2543,RFPO-3550-O5-1,02 Sep 2019,PO for Supply and Delivery of IT Equipment for CDM Consultant,LOGIX DIGITAL SYSTEMS P. LTD,522940,NPR
2544,RFPO-3550-V4355-1,02 Sep 2019,PO for Canon Digital Camera iXUS 185 with 16GB Memory and Camera Bag,G.A. Builders Private Limited,76275,NPR
2545,RFPO-3550-O3-1,28 Aug 2019,PO for Asustor AS3102T WITH 1 YR WARRANTY,Bigbyte IT World Pvt. Ltd.,315100,NPR
2546,RFPO-3550-V4353-1,28 Aug 2019,PO for Furnitures and Various Materials,G.A. Builders Private Limited,2056792.1,NPR
2547,RFPO-3550-M4101-1,28 Aug 2019,PO for Supply Deliver Installation Testing and Commisioning of of 12.5 kva Mahindra Powerol Diesel Generator ( Silent) Model no 2185GM-C2,Power Solution Twenty Four Seven Pvt .Ltd,555365.48,NPR
2548,RFPO-3550-V4351-1,27 Aug 2019,PO for VARIOUS APPLIANCES,NAVIN Distributors Pvt. Ltd.,243100,NPR
2549,RFPO-3550-O2-1,27 Aug 2019,PO for LAPTOPS COMPUTER AND ACCESSORIES LOGIX,LOGIX DIGITAL SYSTEMS P. LTD,470440,NPR
2550,RFPO-3550-V4352-1,27 Aug 2019,PO for SAFETY ITEMS,Nepal Fire and Safety Solutions Pvt. Ltd.,19379.5,NPR
2551,RFPO-2569-V4254-1,22 Aug 2019,PO for Supply of Galvanised + PVC coated Tie Wire,CLIC National Industries General Trading & Contracting Co. K.S.C. (Closed),635.5,KWD
2552,RFPO-2394-M4101-1,21 Aug 2019,PO for Multi  Wall split mounted type air conditioner. Model KMWSM-42R410AHODU,"SHENZHEN KANION TECHNOLOGY CO., LIMITED",24948,USD
2553,RFPO-1192-V4417-1,20 Aug 2019,PO for DRI FIT SHIRTS  WITH TWO LOGOS,Al Diyafa Tailoring Co. LLC,2496,AED
2554,RFPO-3550-R1500-1,19 Aug 2019,PO for Vehicle Rental Scorpio latest model ( 2018) August 19 to August 21),Sahas International Travel & Tours P. Ltd,24600,NPR
2555,PO-1005-E7004-1,06 Aug 2019,PO for Street Approved LED Street Lighting Fixtures,"SUZHOU WISTA LIGHTING TECHNOLOGY CO., LTD.",4723,USD
2556,RFPO-3427-V4252-1,01 Aug 2019,PO for Precast Concrete Barriers,Real Estate Construction & Fabrication Co. S.A.K. (Closed),23321,KWD
2557,PO-1005-A5208-1,31 Jul 2019,PO for Door Replacement,Metron Construction & Trading W.L.L.,8500,QAR
2558,RFPO-1192-R1502-1,28 Jul 2019,PO for Monthly Rental Mitsubishi Lancer 1.6 EX HL- Dubai Plate,Diamondlease LLC,1400,AED
2559,RFPO-3427-V4251-1,22 Jul 2019,PO for JERSEY AND TEXAS BARRIER,HIGH SLANT PRECAST FACTORY,12290,KWD
2560,PO-1005-V4466-2,18 Jul 2019,"PO for Maintenance of SKM 3 Packaged Units (June 17-Dec 16, 2019",Metron Construction & Trading W.L.L.,79000,QAR
2561,PO-1005-M4029-1,17 Jul 2019,PO for 4000 KG Kone Transys Elevator,KHAN CONSTRUCTION CO. (KCC),150880,USD
2562,RFPO-2797-V4351-1,16 Jul 2019,PO for INFRARED THERMOMETER.,HIGHTECH INSTRUMENTS TRADING CO. W.L.L.,345,KWD
2563,RFPO-1428-V4353-1,16 Jul 2019,PO for THIRD PARTY INSPECTION,BUREAU VERITAS DUBAI,280,USD
2564,PO-1005-E7007-1,14 Jul 2019,PO for Guard Tower Searchlight,DEN HAAN ROTTERDAM,5791.8,EURO
2565,RFPO-2569-V4252-1,11 Jul 2019,PO for 8 meter double leaf swing gate,CLIC National Industries General Trading & Contracting Co. K.S.C. (Closed),2750,USD
2566,RFPO-2394-T1001-1,08 Jul 2019,PO for ALTAIR Multigas Detector. Model 4XR.,GASOS,2800,AED
2567,RFPO-3473-S9071-1,27 Jun 2019,PO for MHE Service - Semi truck and lowboy trailer with operator (fuel included).,Massida Solutions PLC,74905,USD
2568,RFPO-1192-V4289-1,27 Jun 2019,PO for ACMI - Full Height Cabinet with Swing Doors in Maple Finish,BLUE CROWN FURNITURE (LLC),1300,AED
2569,PO-1005-M4028-1,24 Jun 2019,PO for Fire Hydrant and Post Indicator Valves,"Shanghai Iron Man Fire Fighting Equipment CO.,Ltd.",10010,USD
2570,PO-1005-V4466-1,17 Jun 2019,"PO for Maintenance of SKM 3 Packaged Units (June 17-Dec 16, 2019",Metron Construction & Trading W.L.L.,39500,QAR
2571,RFPO-1192-S9031-1,17 Jun 2019,PO for Pre-Approval and Post-Approval,VEXUS INTERIORS LLC,28800,AED
2572,PO-1428-M4101-2,17 Jun 2019,"PO for Supply of 2 stage Separator Internals - EBS Project, IRAQ MW-OCS Ref: 7794, Rev.1",FINEPAC STRUCTURES PVT. LTD,25800.2,USD
2573,PO-2394-V4251-1,17 Jun 2019,PO for Supply of PVC Fittings,CHARLOTTE PIPE AND FOUNDRY COMPANY,7977.06995,USD
2574,PO-1428-M4102-1,13 Jun 2019,"PO for Supply of 2 Stage Separator Internals - Garraf Project, IRAQ MW-OCS Ref 7795 Rev. 0",FINEPAC STRUCTURES PVT. LTD,2420,USD
2575,RFPO-1192-V4413-1,10 Jun 2019,PO for LONG SLEEVES WHITE SMALL,Al Diyafa Tailoring Co. LLC,4134,AED
2576,RFPO-1192-V4412-1,09 Jun 2019,PO for DELIVERY NOTES (BOOK NO. 11 DELIVERY NOTE NO.7501) 25 BOOKS A4 (50 pages per book 1+3),King Printers Co. Ltd. Dubai Branch,850,AED
2577,RFPO-1192-V4407-1,22 May 2019,PO for Receipt Voucher A5 Size 1+3 copy 50 set in a book 4 color,ALAM ALIBDAA,600,AED
2578,RFPO-1192-V4408-1,22 May 2019,PO for MVL Firestop New Catalogue (44 pages),King Printers Co. Ltd. Dubai Branch,8142.86,AED
2579,RFPO-1192-V4409-1,22 May 2019,PO for Receipt Voucher A5 Size 1+3 copy 50 set in a book 4 color,King Printers Co. Ltd. Dubai Branch,615,AED
2580,PO-1428-M4101-1,21 May 2019,"PO for Supply of 2 stage Separator Internals - EBS Project, IRAQ MW-OCS Ref: 7794, Rev.1",FINEPAC STRUCTURES PVT. LTD,23380,USD
2581,RFPO-1569-V4379-1,21 May 2019,"PO for SERVICE CONTRACT – 2years/ 40,000kms (50,000km to 80,000km) DXB F62428",AL ROSTAMANI TRADING COMPANY,3215,AED
2582,RFPO-1192-V4288-1,19 May 2019,PO for BACKER ROD 30MMX100M/ROLL,Al Sughra Building Materials Trading LLC,3600,AED
2583,RFPO-1192-F9599A-1,15 May 2019,PO for SLEEVE ANCHOR ANTISPIN - TAMPERPROOF,"TECNICAS EXPANSIVAS, S.L.",345.108,EURO
2584,PO-1005-E7002-1,15 May 2019,PO for A.O. Smith Electrical Water Heate,SHABIR AHMAD LTD,55050,USD
2585,PO-1005-E7000-1,13 May 2019,"PO for Electric Heater, Wall Hung, Convection Type",GLEN DIMPLEX IRELAND,1052.28,GBP
2586,RFPO-1192-F9599-1,13 May 2019,PO for SLEEVE ANCHOR ANTISPIN - TAMPERPROOF,"TECNICAS EXPANSIVAS, S.L.",345.108,EURO
2587,PO-1005-M7019-1,08 May 2019,PO for Additional Cooling system x 2 office Space,Metron Construction & Trading W.L.L.,14500,QAR
2588,RFPO-1192-F9586-1,07 May 2019,PO for SUPPLY OF VARIOUS ACHOR BOLTS AS PER INVOICE 15.336,"TECNICAS EXPANSIVAS, S.L.",25161.47,EURO
2589,RFPO-1192-V4287-1,30 Apr 2019,PO for ROCKWOOL INSULATION MATERIAL,FUJAIRAH ROCKWOOL FACTORY,34181.44,AED
2590,RFPO-1192-V4406-1,29 Apr 2019,PO for SUPPLY INSTALLATION AND CONFIGURATION OF CCTV CAMERAS IN DIP WAREHOUSE,e Mind Technologies LLC,1710,AED
2591,RFPO-1569-R1500-1,02 Apr 2019,PO for Konica MInolta Bizhub C452 Monthly Rental,Limpex Trading LLC,975,AED
2592,RFPO-1569-V4378-1,01 Apr 2019,"PO for SERVICE CONTRACT – 2years/ 40,000kms (50,000km to 80,000km) DXBF062427",AL ROSTAMANI TRADING COMPANY,3215,AED
2593,RFPO-1192-R1501-1,31 Mar 2019,PO for Montly Rental (6 Units) Mitsubshi Lancer 1.6 EX HL – Dubai Plate,Diamondlease LLC,8400,AED
2594,RFPO-2952-V4251A-1,24 Mar 2019,PO for Leviton High Bay LED Light ,FireFlow Technical Services & Trading Co. WLL,198834,USD
2595,RFPO-1192-R1500-1,20 Mar 2019,PO for Montly Rental Mitsubshi Lancer 1.6 EX HL – Dubai Plate (Arun Stephen),Diamondlease LLC,1400,AED
2596,RFPO-1569-O12-1,14 Mar 2019,PO for AZURE DATA STORAGE  - EAST US DATA CENTER,Burhani Computers Trading LLC,3588,AED
2597,RFPO-1569-V4377-1,13 Mar 2019,PO for SUPPLY OF MVL BROCHURES WITH UV SPOT,King Printers Co. Ltd. Dubai Branch,2238.1,AED
2598,RFPO-2951-V4252-1,11 Mar 2019,PO for ANTI BIRD NET. HDPE MATERIAL; MESH SIZE: 15MM X 15MM; 6M*30m*8 ROLLS AND 6M*34M*96ROLLS.,"Kingertai Industrial Co., Limited",5839.6,USD
2599,RFPO-1192-F9439-1,06 Mar 2019,PO for FIRE EXTINGUISHER 5KG CO2,Safety Way FIRE & SAFETY EQUIPMENT,700,AED
2600,RFPO-2555-M4106-1,28 Feb 2019,"PO for Duplex pump set for chilled water circulation  Flow Rate  24 m3/Hr Head Max 22 meter   Model : BP 4 (Horizontal End Suction  pump)  ELECTRICAL DATA: 1.1 KW, 50 hz/ 1 PHASE 1 Protection Degree I",ALPHATECH ENGINEERING SERVICES & TRADING CO.,62000,QAR
2601,RFPO-1569-O11-1,28 Feb 2019,PO for Manufacturer: ESET Part No.:  Item Name: ESET Endpoint Protection Advanced Item Description: ESET Endpoint Protection Advanced Renewal for a year,Burhani Computers Trading LLC,3307.5,AED
2602,RFPO-1569-V4376-1,19 Feb 2019,PO for Customized Fleece Hoodies Black Color.  (Pullover and Zipped),The Uniform World Tailoring and Textiles LLC,4085,AED
2603,RFPO-1192-V4405-1,19 Feb 2019,PO for STICKER SIZE A4 (6 PC) WITH CUTTING,ALAM ALIBDAA,644.875,AED
2604,RFPO-1192-V4286-1,18 Feb 2019,PO for SLAB WITHOUT FACING (SXXX),FUJAIRAH ROCKWOOL FACTORY,15506.5248,AED
2605,RFPO-1192-V4404-1,30 Jan 2019,PO for Supply of Delivery Note A4 Size 1+3copy 50 set in book CMYK color 10 BOOKS,ALAM ALIBDAA,900,AED
2606,RFPO-1192-V4285-1,28 Jan 2019,PO for Rockwool Slab Unfaced Thk: 50mm Density: 160kg/m3 Size: 1.2m*.6 mtr 1bag=4 slabs,Thermal INSULATION CONT. L.L.C,5400,AED
2607,RFPO-2953-E6801-1,20 Jan 2019,"PO for LED STREET LIGHT 100W, UL, CE CERTIFIED","SUZHOU WISTA LIGHTING TECHNOLOGY CO., LTD.",5568,USD
2608,RFPO-2953-E6800-1,07 Jan 2019,"PO for LED STREET LIGHT 100W, UL, CE CERTIFIED","HK YIBAI ELECTRONICS TECHNOLOGY CO., LIMITED",274,USD
2609,RFPO-1192-V4403-1,03 Jan 2019,PO for POLO T SHIRT DRI FIT WITH TWO LOGO,Al Diyafa Tailoring Co. LLC,275,AED
2610,RFPO-1592-V4254-1,18 Dec 2018,PO for Push Button Lock Lever With Key Override (Best),Taylor Security & Lock Co. Inc.,3888,USD
2611,RFPO-1192-V4284-1,10 Dec 2018,PO forSLAB WITHOUT FACING (SXXX) Density 120Kg M3 Thickness 50mm Size 1.2 MtrX 0.6 Mtr,FUJAIRAH ROCKWOOL FACTORY,4114.2816,AED
2612,RFPO-2569-V4352-1,09 Dec 2018,PO for 5000 KM ODO,MASEELAH TRADING CO. S.P.C.,281.5,KWD
2613,RFPO-1005-V4465-1,26 Nov 2018,PO for SAMPLE METAL HAT BADGES FOR UN AFRICA,AL ASHRAFI TRADING L.L.C,1150,AED
2614,RFPO-1192-V4283-1,12 Nov 2018,PO for Scraper 2&quot; China,Rubaiya Zueaid Bldg. Mat. Co. LLC,850.5,AED
2615,RFPO-1581-V4254-1,11 Nov 2018,PO for MANUFACTURING NEW FIRE RATED  PORTACABIN  SIZE 1.5  X 1.5  MTR  WITH TRANSPORTATION,OneZone International Trading & Contracting W.L.L.,7000,QAR
2616,RFPO-1569-O10-1,11 Nov 2018,PO for MVL IT INFRASTRUCTURE UPGRADE,intelligent business technologies,40700,AED
2617,RFPO-2555-M4104-1,08 Nov 2018,PO for CIRCULATING PUMPS CONTROL PANEL (1D+1S),Gazzaoui & Partners - Qatar W.L.L.,24000,QAR
2618,RFPO-1192-V4282-1,06 Nov 2018,PO for SLAB WITHOUT FACING (SXXX),FUJAIRAH ROCKWOOL FACTORY,4114.2816,AED
2619,RFPO-2569-V4251-1,06 Nov 2018,PO for Supply & Delivery of Chain Link Fence Material & Gates for Camp Arifjan New Perimeter Security Fence,CLIC National Industries General Trading & Contracting Co. K.S.C. (Closed),960000,USD
2620,RFPO-2569-V4351-1,04 Nov 2018,PO for Mitsubishi L200 Model 2018 Stock No: 556,MASEELAH TRADING CO. S.P.C.,5704,KWD
2621,RFPO-1569-V4374-1,04 Nov 2018,"PO for Polished optic crystal cut out,  &quot;Customized model&quot;, 12mm x  175mm x 200mm, with UV  printing from back of &quot;MVL and  Awardees&#39; logo&quot; texts and  designs (as per client&#3",PRECISE Trading (L.L.C),6965,AED
2622,PO-1005-V6997-1,31 Oct 2018,PO for Repair & Maintenance charges,Cecilia Moises Solangon Logistics Services,600,USD
2623,PO-1005-V4463-1,31 Oct 2018,PO for Complete Maintenance of Theater Seating System-SGE50016M0296,Cecilia Moises Solangon Logistics Services,300,USD
2624,RFPO-1569-O9-1,30 Oct 2018,PO for USG-PRO-4 UNIFI SECURITY GATEWAY,HIGH SPEED COMPUTER TRADING L.L.C,1075,AED
2625,RFPO-2555-V4253-1,14 Oct 2018,PO for PEGLER VALVES,SALCO TRADING & CONTRACTING EST.,15327.2,QAR
2626,RFPO-2555-V4252-1,11 Oct 2018,PO for ROTOMOULD 1000 US GALS VERTICAL TYPE,AL MUFTAH POLYMER W.L.L.,8000,QAR
2627,RFPO-2890-V4251-1,10 Oct 2018,Supply and Delivery of Precast Alaska Barrier,Union Precast Factory Qatar LLC,1168000,QAR
2628,PO-1005-V4460-1,09 Oct 2018,PO for Supply and Installation of 40ft Modified Container (Used Shipping Container),OneZone International Trading & Contracting W.L.L.,31050,QAR
2629,RFPO-2555-M4103-1,07 Oct 2018,PO for XYLEM LOWARA END SUCTION PUMP. SAME AS SUPPLIER BEFORE,Gazzaoui & Partners - Qatar W.L.L.,32800,QAR
2630,RFPO-2569-O2-1,03 Oct 2018,PO for HP ColorLaserJet Professional CP5225nA3/A4 Printer,Aryan InfoTech Computer Equipment Est,360,KWD
2631,RFPO-1581-M4107-1,02 Oct 2018,Purchase Order for Variable Frequency Controller,Franklin Fueling Systems GmbH,4408.4,USD
2632,RFPO-2569-O1-1,02 Oct 2018,"PO for DellInspiron 15-5570  Laptop Intel Corei7-8550U (1.80 GHz, 8MB Cache) Processor,  8 GB DDR4 RAM ,  1 TBSATA HDD,  AMD Radeon 530 4GBGPU,  15.6Inch FHD Anti-Glare LED-Backlit Display, DOS,",Aryan InfoTech Computer Equipment Est,823,KWD
2633,RFPO-1569-O8-1,26 Sep 2018,PO for Ubiquiti Networks UVC-G3-DOME 1080p FHD H.264 IP Dome Surveillance With POE,NEPTUNE COMPUTERS,800,AED
2634,RFPO-1192-V4401-1,23 Sep 2018,PO for Toyota Yaris Sedan,National Rent-- Car (LLC),1450,AED
2635,RFPO-1592-S9087-1,19 Sep 2018,"PO for 1.	24 hrs. Utility services for 3x 40’ LSA’s Conex’s including",Yashel Yapraq Construction Company,3000,USD
2636,RFPO-1192-V4400-1,18 Sep 2018,PO for Toyota Yaris Sedan,National Rent-- Car (LLC),1400,AED
2637,RFPO-2532-E6801-2,16 Sep 2018,PO for AUTOMATIC TRANSFER SWITCH 400A  3PHASE 50HZ 4 POLE ATS 415V,Al Farraj Trading & Manufacturing,10245.9,QAR
2638,RFPO-982-A5202-1,11 Sep 2018,PO for Master Keys,UNIVERSAL INTERNATIONAL FZCO,7733.3,AED
2639,RFPO-982-A5201A-1,11 Sep 2018,PO for STEEL DOORS,Vulcan Industries LLC,175925,AED
2640,RFPO-1581-M4106-1,09 Sep 2018,PO for supply of Power Supply Module for EVO TS 5000,DELMA INDUSTRIAL SUPPLY LLC,4780,AED
2641,RFPO-1192-V4399-1,09 Sep 2018,PO for Toyota Yaris Sedan 2017 Monthly Rental,National Rent-- Car (LLC),1450,AED
2642,RFPO-2532-E6801-1,04 Sep 2018,PO for AUTOMATIC TRANSFER SWITCH 400A  3PHASE 50HZ 4 POLE ATS 415V,Al Farraj Trading & Manufacturing,9506,QAR
2643,RFPO-1192-V4398-1,03 Sep 2018,PO for Supply of Business Card Mr. Karim,ALAM ALIBDAA,200,AED
2644,RFPO-1192-V4397-1,16 Aug 2018,PO for LAPOLLA A ISCCYANATE STICKERS,ALAM ALIBDAA,360,AED
2645,RFPO-1192-V4281-1,16 Aug 2018,PO for Backer Rod 20mm,Al Sughra Building Materials Trading LLC,1500,AED
2646,RFPO-2394-V4351-1,16 Aug 2018,PO for Rental of Explosive Detection Dogs (K9) for the month of September. 2 Nos,Trust Demining Company,3600,USD
2647,RFPO-1581-M4105-1,15 Aug 2018,PO for Supply of Power Supply Module for EVO console,DELMA INDUSTRIAL SUPPLY LLC,1300,AED
2648,RFPO-1192-V4280-1,14 Aug 2018,PO for BACKER ROD 30MM,Al Sughra Building Materials Trading LLC,360,AED
2649,RFPO-1192-V4396-1,13 Aug 2018,PO for Plan Swift 10.2 Take Off Software,Green Field Trading,5850,AED
2650,PO-1005-S9043-4,12 Aug 2018,PO for Various Materials,Bright Way International W.L.L.,7426,QAR
2651,PO-1005-S9043-3,09 Aug 2018,Concrete Mixer,"WUYI JISHUN TOOLS CO.,LTD",200,USD
2652,PO-1005-S9043-1,08 Aug 2018,PO for MORTAR AND CONCRETE MIX,QATAR PLASTER FACTORY LLC,11535,QAR
2653,PO-1005-S9043-2,08 Aug 2018,PO for Hollow Blocks,ALRAYYAN Ready Mix Concrete & Cement Products W.L.L.,11520,QAR
2654,RFPO-1569-O7-1,07 Aug 2018,"PO for HP 280 MT G2  Intel Core i5-6600 3.3 GHz with Intel UHD Graphics 630, 8GB RAM, 1TB 7200 rpm SATA, Slim DVD-Writer, 2GB Graphic Card,HP USB Keyboard & Mouse, Win10Pro, 1 Year Warranty",TECHTRADE MIDDLE EAST,3960,AED
2655,RFPO-1005-A5204-2,07 Aug 2018,PO for CONTROL KEY,Taylor Security & Lock Co. Inc.,214,USD
2656,RFPO-1192-C6108-1,05 Aug 2018,PO for Elastospray 1611/17,BASF Kanoo Polyurethanes LLC,185180,AED
2657,RFPO-1192-V4279-1,30 Jul 2018,PO for SLAB WITHOUT FACING (SXXX),FUJAIRAH ROCKWOOL FACTORY,4114.2816,AED
2658,RFPO-1192-O6-1,25 Jul 2018,"PO for HP ProDesk 400 G4 MT Intel Core i7-7700 with Intel HD Graphics 630 (3.6 GHz, 8 MB cache, 4 cores),16GB RAM / 1TB SATA / 9.5mm DVD-Writer / NVIDIA GT730 4GB Graphics Card / HP USB Keyboard and M",TECHTRADE MIDDLE EAST,7580,AED
2659,RFPO-1192-O5-1,24 Jul 2018,PO for F1H97A HP DeskJet Ink Advantage 4675 All in One Printer,TECHTRADE MIDDLE EAST,4000,AED
2660,RFPO-2152-M4103-1,19 Jul 2018,"PO for Supply of MONOSPACE 500 (4 UNITS) MONOSPACE 700 (2 UNITS) KH007, KH008, KH011, KH012, KH017, KH019 for the Kabul National Military Hospital Project (W5J9JE-17-C-0007).",KHAN CONSTRUCTION CO. (KCC),232203.24,USD
2661,RFPO-1192-V4278-1,18 Jul 2018,PO for Gi Pipe Clamp 6 inch,Rubaiya Zueaid Bldg. Mat. Co. LLC,2475,AED
2662,RFPO-1192-V4276-1,15 Jul 2018,PO for Custom Made - 120 x 60cm Rectangular desk with vi 18 aluminium frame legs in laminated finish,BLUE CROWN FURNITURE (LLC),9000,AED
2663,PO-1005-A5203-1,10 Jul 2018,PO for Roof Access Panel - 900mm x 900mm,SAWCO CONSTRUCTION LLC,3800,USD
2664,RFPO-2152-S9076-1,10 Jul 2018,PO for Supply of 2 nos of elevators (KH005 and KH006) for the Kabul National Military Hospital Project (W5J9JE-17-C-0007).,KHAN CONSTRUCTION CO. (KCC),109371.6,USD
2665,RFPO-2555-M4102-1,08 Jul 2018,PO for Circulation Pump and Expansion Tanks,Gazzaoui & Partners - Qatar W.L.L.,42800,QAR
2666,RFPO-2555-M4101-1,01 Jul 2018,ACC40R CHILLER,Sahar Technical Co. L.L.C,158400,USD
2667,RFPO-1192-V4395-1,27 Jun 2018,PO for Mr. Waleed Cards,ALAM ALIBDAA,200,AED
2668,RFPO-2394-T1000-2,25 Jun 2018,PO for ALTAIR 4X MULTIGAS DETECTOR O2/CO/H2S/LEL WITH GLOBAL POWER SUPPLY CHARCOAL CASE PART NUMBER 10115521,GASOS,2100,AED
2669,RFPO-2394-T1000-3,25 Jun 2018,PO for ALTAIR 4X MULTIGAS DETECTOR O2/CO/H2S/LEL WITH GLOBAL POWER SUPPLY CHARCOAL CASE PART NUMBER 10115521,GASOS,2100,AED
2670,RFPO-1192-O4-1,21 Jun 2018,PO for LI 4278 Wireless Barcode Scanner (Motorola),LineTech Trading LLC,2190,AED
2671,RFPO-982-A5201-2,21 Jun 2018,PO for Supply of Steel Doors,Vulcan Industries LLC,342150,AED
2672,PO-315-1546-1,21 Jun 2018,PO for Supply of Steel Doors,Vulcan Industries LLC,172200,AED
2673,RFPO-1192-V4389-1,20 Jun 2018,FMIS,Financial and Management Information Systems Ltd.,26199,GBP
2674,RFPO-2394-T1000-1,20 Jun 2018,PO for SERVICE AND CALIBRATION  ONLY OF ALTAIR 4X,GASOS,475,AED
2675,RFPO-1192-V4393-1,13 Jun 2018,PO for CATALOGS,King Printers Co. Ltd. Dubai Branch,7000,AED
2676,PO-1005-M7009-1,11 Jun 2018,PO for EF-03 & EF-04--Greenheck Exhaust Fans,Khan Brothers,6231.06,USD
2677,RFPO-1192-V4392-1,07 Jun 2018,PO for DRIED POLO SHIRTS BLACK SMALL,Al Diyafa Tailoring Co. LLC,4326,AED
2678,PO-1192-F8620-1,07 Jun 2018,Supply of POLYOL (220 KGS) BAYMER SHPU-40FS141-32B,Bayer Pearl LLC,3245,AED
2679,RFPO-1569-O5-1,05 Jun 2018,PO for Sophos license renewal -SG 230 Fullguard bundle renewal  1Y,NEPTUNE COMPUTERS,7850,AED
2680,RFPO-1192-V4390-1,05 Jun 2018,PO for NIssan Sunny or Similar Ms. Rain Rental Vehicle 6 Months,National Rent-- Car (LLC),1400,AED
2681,RFPO-1569-V4372-1,04 Jun 2018,PO for HP TRANSFER KIT CE 979A  (700 MFP 775),Gateway Computers LLC,1940,AED
2682,RFPO-2532-E6800-1,30 May 2018,PO for Automatic Transfer Switch 200A 3 Pole 415V 3 Phase 50Hz,Al Farraj Trading & Manufacturing,6213,QAR
2683,RFPO-1192-T1000-1,24 May 2018,PO for ITI HAND PALLET TRUCK 2.5 TON (685X1150) WIDE,GOLDEN TOOLS TRADING LLC.,850,AED
2684,RFPO-1005-A5204-1,24 May 2018,PO for Double Steel VP Door,Vulcan Industries LLC,477154.656,AED
2685,RFPO-2152-M4102-1,21 May 2018,PO for Supply of KONE Elevators ,KHAN CONSTRUCTION CO. (KCC),236345.8,USD
2686,PO-1005-M7008-1,16 May 2018,PO for Replacement of leaked control valve.,Metron Construction & Trading W.L.L.,1800,QAR
2687,RFPO-1593-M4105-1,16 May 2018,"PO for Excealair Aluminum Washable Filter. 9 ply double layer, frame: GI",Aerodyne Cooling Systems W.L.L.,15735,QAR
2688,RFPO-2152-V4353-1,16 May 2018,"PO for Asbestos Gasket Removal Training. Safe System of Work. Airborne Fibre Monitoring Training, Equipment and Analysis",Anthesis Middle East,10072.8,AED
2689,RFPO-1592-V4253A-1,14 May 2018,PO for Kaba locks ,Taylor Security & Lock Co. Inc.,43407,USD
2690,RFPO-2532-M4102-1,09 May 2018,PO for Supply of Generator Set (2 Nos),Power Energy Machinery Trd,154000,QAR
2691,RFPO-1192-V4274-1,08 May 2018,PO for BACKER ROD 20MM X 200MTR ROLL,Al Sughra Building Materials Trading LLC,1500,AED
2692,RFPO-1192-V4388-1,30 Apr 2018,PO for Business Card and Lapolla Label,ALAM ALIBDAA,525,AED
2693,PO-1005-V6987-1,19 Apr 2018,PO for Rectification and Commissioning of SKM PACU5033Y ,Metron Construction & Trading W.L.L.,11000,USD
2694,RFPO-1569-V4371-1,16 Apr 2018,PO for MVL COMPANY PROFILE,ALAM ALIBDAA,1600,AED
2695,RFPO-1192-V4273-1,03 Apr 2018,PO for BACKER ROD 30MM*100M ROLL,Al Sughra Building Materials Trading LLC,1800,AED
2696,RFPO-982-A5201-1,02 Apr 2018,PO for Supply of Steel Doors,Vulcan Industries LLC,169950,AED
2697,PO-1005-M7007-1,29 Mar 2018,PO for Annual Maintenance Contract,Metron Construction & Trading W.L.L.,28000,QAR
2698,RFPO-1569-V4370-1,27 Mar 2018,PO for Mr. Jailani Cards,ALAM ALIBDAA,600,AED
2699,RFPO-1192-V4387-1,27 Mar 2018,PO for Mr. Sami Cards,ALAM ALIBDAA,200,AED
2700,RFPO-1192-V4386-1,22 Mar 2018,PO for 6 Banners on panel 2.40 X 0.97,ALAM ALIBDAA,1371.5,AED
2701,RFPO-1613-M4105-1,21 Mar 2018,PO for TLI 15-11 T,Comefri Fan Sistemleri San. ve Tic. LTD. STI.,3354,EURO
2702,RFPO-1613-M4104-1,20 Mar 2018,"PO for MDS-415-3-70 Herrtronic Steam Generator, 415/3/50 70 lbs./hr. capacity, modulating control",Morex Inc.,25022,USD
2703,RFPO-1192-L4000-1,15 Mar 2018,PO for Advance GPS Vehicle Tracking System,Synosys Technologies LLC,4440,AED
2704,RFPO-1192-V4385-1,14 Mar 2018,PO for Mugs White Sublimation printing As sample you send Normal Printing,ALAM ALIBDAA,2190,AED
2705,RFPO-1613-M4102-1,06 Mar 2018,PO for FAN THLZ355 T FF CODE: 23504FOO,Comefri Fan Sistemleri San. ve Tic. LTD. STI.,3912,EURO
2706,RFPO-1613-M4103-1,06 Mar 2018,"PO for UNIVERSAL INPUT, 2 PROP AND 2 SPDT  OUTPUTS","Kele, Inc",3788.2,USD
2707,RFPO-2152-V4351-1,28 Feb 2018,"PO for Asbestos Surveys, Asbestos Sampling, Asbestos Testing and Analysis - Afghanistan",Anthesis Middle East,20250,AED
2708,RFPO-1569-O4-1,22 Feb 2018,PO for ESET Advance Endpoint Protection (42 units) one year warranty,NEPTUNE COMPUTERS,4326,AED
2709,RFPO-1192-V4272-1,21 Feb 2018,PO for BACKER ROD 30MM*100M ROLL 60 ROLLS,Al Sughra Building Materials Trading LLC,3600,AED
2710,PO-1005-E6995-2,18 Feb 2018,PO for G Type Lighting Fixture,Sun Light Electricity Services,1150.4,USD
2711,RFPO-1569-V4256-1,18 Feb 2018,PO for Metal Full Height Cabinet (color: gray) w92xd46xh180 cm 4 shelves,BLUE CROWN FURNITURE (LLC),970,AED
2712,RFPO-1569-V4369-1,13 Feb 2018,PO for Mr. Tamraz Business Card,ALAM ALIBDAA,200,AED
2713,PO-1005-E6991-2,31 Jan 2018,PO for Electric Water Heater-56 Liter 15 gallon – 1.5 KW,RAFCO Trading Co. W.L.L,1417.5,AED
2714,PO-1005-E6991-1,29 Jan 2018,1005-E6991 - Supply of 450 ltr Water Heater,"Guangzhou Hotsong Industry & Trade Co., LTD",4717,USD
2715,PO-1005-E6995-1,28 Jan 2018,G TYPE LIGHTING FIXTURES,"ZhongShan Halcon Lighting & Electrical Co., Ltd",32283.7,USD
2716,RFPO-1192-V4271-1,23 Jan 2018,PO for BACKER ROD,Al Sughra Building Materials Trading LLC,1800,AED
2717,PO-1094-S9089-4,22 Jan 2018,PO for Commissioning and Testing Of SKM New Unit,Metron International,3000,QAR
2718,RFPO-1192-V4383-1,16 Jan 2018,PO for MVL Firestop Roll Up Banner 2.0x.8m,King Printers Co. Ltd. Dubai Branch,300,AED
2719,RFPO-1192-V4384-1,16 Jan 2018,PO for SUPPLY RECEIPT BOOK VOUCHER,ALAM ALIBDAA,600,AED
2720,RFPO-1569-V4367-1,16 Jan 2018,PO for Macro Vantage Levant DMCC,ALAM ALIBDAA,175,AED
2721,RFPO-1192-V4382-1,15 Jan 2018,PO for Stickers - LAPOLLA 2500/3,ALAM ALIBDAA,225,AED
2722,RFPO-1192-C6101-1,09 Jan 2018,PO for Supply of Elastospray 1611/16: 80 Sets (80 Drums-MDI 92140 250kg/drum and 80 Drums-Polyol Elastospray 1611-16-220kg/Drum),BASF Kanoo Polyurethanes LLC,434280,AED
2723,Group-1,04 Jan 2018,PO for a,A F Husain L.L.C,0,USD
2724,RFPO-1428-L4000-1,03 Jan 2018,"PO for FUEL TANKS DELIVERY FROM NEWBERRY (WEST MEMPHIS, TENNESSEE, USA TO PORT HAMAD, QATAR)",Transworld Logistics FZE,41000,USD
2725,PO-1005-E6996-1,21 Dec 2017,PO for Hisar Kablo Wires and Cables,afi ELEKTROMEKANIK,54987.106,USD
2726,PO-1005-E6993-1,18 Dec 2017,"PO for Electric Heater, Wall Hung, Convection Type",GLEN DIMPLEX IRELAND,1183.86,GBP
2727,RFPO-1192-V4381-1,23 Nov 2017,PO for MVL Firestop Uniforms - Longsleeve and Polo Shirts (Dri-Fit) With Embrodery,ALAM ALIBDAA,1600,AED
2728,RFPO-1581-M4103-1,23 Nov 2017,PO for OPW 444 TA OVERFILL ALARM,OPKONS YAPI VE PETROL EKIPMANLARI DIS TIC. LTD. STI.,1970,USD
2729,RFPO-1581-M4101-2,21 Nov 2017,Convert built Fireguard to a Flameshield,"Newberry Tanks & Equipment, LLC",750,USD
2730,RFPO-1192-V4380-1,20 Nov 2017,PO for Company Catalogue (All product without DC Products) OUTER COVER,ALAM ALIBDAA,3200,AED
2731,RFPO-1192-V4379-1,19 Nov 2017,PO for MVL Firestop Catalogue,King Printers Co. Ltd. Dubai Branch,5800,AED
2732,RFPO-1581-V4351-1,15 Nov 2017,PO for Inspection of Three (3) Fuel Tanks in West Memphis AR,"BIVAC North America, Inc.(A Bureau Veritas Group)",3985,USD
2733,RFPO-1192-V4270-1,15 Nov 2017,PO for ROCKWOOL SLAB UNFACED SIZE : 1.2 x 0.6 m,FUJAIRAH ROCKWOOL FACTORY,65662.2432,AED
2734,RFPO-1192-V4269-1,14 Nov 2017,PO for FIRESTOP SAMPLE BOARD 40cmx60cmx6mm,AL MUNSHAR AL DHAHABI CARPENTRY AND DEC,1000,AED
2735,RFPO-1569-V4366-1,13 Nov 2017,PO for Fellowes Powershred H-8Cd Cross-Cut Shredder 9135,Office One LLC,484,AED
2736,RFPO-1581-V4253-1,12 Nov 2017,PO for Supply of Fuel Tanks Accessories for CAS 5002 South,Nariman Trading Company LLC,9118.97,USD
2737,RFPO-1569-O3-1,05 Nov 2017,PO for 4 TB WD Red category HDD,NEPTUNE COMPUTERS,1200,AED
2738,RFPO-1428-V4352-1,02 Nov 2017,PO for - 350 GSM - Matt Lamination  - 2 Side Printing - CMYK Printing,ALAM ALIBDAA,400,AED
2739,RFPO-1569-V4364-1,01 Nov 2017,PO for SIGN BOARD AS PER APPROVED LAYOUT.,SIGN BOARD LLC,150,AED
2740,RFPO-1192-V4268-1,31 Oct 2017,"PO for Rockwool Thickness 50mm density 120kg/m3, size 1.2mtr x 0.6mtr",FUJAIRAH ROCKWOOL FACTORY,3481.3152,AED
2741,RFPO-1192-V4378-1,31 Oct 2017,PO for RENTAL OF NISSAN SUNNY 1.5 L (4 UNITS),AUTORENT CAR RENTAL LLC,5720,AED
2742,PO-1094-S9089-3,23 Oct 2017,PO for Supply of Manpower (Mason and Helper),Expedition Trading & Services Co. W.L.L.,400,QAR
2743,RFPO-1192-V4377-1,19 Oct 2017,PO for SUPPLY OF FIRESTOP LONG SLEEVE UNIFORM AS PER ATTACHED DESIGN,ALAM ALIBDAA,540,AED
2744,RFPO-1192-V4376-1,17 Oct 2017,PO for Black Polo T-Shirt,ALAM ALIBDAA,700,AED
2745,RFPO-1581-V4252-1,15 Oct 2017,PO for SUPPLY OF READY-MIX CONCRETE 35 N OPC,AL ANDALUS FACTORY FOR CEMENT PRODUCTS,21500,USD
2746,RFPO-982-S9091-2,10 Oct 2017,PO for MFNDU Completion Works for Scaffolding as per Fox Original Subcontract,Expedition Trading & Services Co. W.L.L.,800,QAR
2747,PO-1094-S9091-2,10 Oct 2017,Manpower Supply  for Vinyl Installer and Semi-skilled worker,Expedition Trading & Services Co. W.L.L.,500,QAR
2748,RFPO-982-S9091-1,04 Oct 2017,labour Cost for Painting & Cleaning Works at CAS Building #216,Metron Construction & Trading W.L.L.,2440,QAR
2749,PO-1094-S9090-4,04 Oct 2017,PO for labour Cost for Painting & Cleaning Works at CAS Building #216,Metron Construction & Trading W.L.L.,2440,QAR
2750,RFPO-1569-V4363-1,04 Oct 2017,PO for Supply and Installation of External Signage as per client design,WORK ART,2375,AED
2751,RFPO-1569-V4362-1,01 Oct 2017,PO for Banner on panel 2.40 X 0.97,ALAM ALIBDAA,1080,AED
2752,RFPO-1569-V4360-1,26 Sep 2017,PO for SUPPLY AND FIXING OF SOUND LINER,DREAM COOL AIR CONDITION SYSTEMS LLC,2200,AED
2753,RFPO-1569-V4361-1,26 Sep 2017,PO for BUSINESS CARDS,ALAM ALIBDAA,1200,AED
2754,RFPO-1569-O2-1,13 Sep 2017,PO for SERVICE CONTRACT,NEPTUNE COMPUTERS,52800,AED
2755,PO-1094-S9089-2,12 Sep 2017,Supply of Package Unit PACL-52420GY-R22,Mannai Trading Co. WLL,250,QAR
2756,RFPO-1192-V4375-1,12 Sep 2017,PO for Delivery Note QTN - Delivery Note A4 Size 1+3copy 50 set in book CMYK color,ALAM ALIBDAA,600,AED
2757,PO-1005-M7002-1,07 Sep 2017,PO for LON THERMOSTAT W7763C1024 HONEYWELL,afi ELEKTROMEKANIK,7103.75,EURO
2758,RFPO-1581-M4102-1,05 Sep 2017,PO for TS-5000 EVO Fuel Management Systems,DELMA INDUSTRIAL SUPPLY LLC,14500,AED
2759,PO-1094-S9091-1,05 Sep 2017,PO for Vinyl Flooring - ALTRO WSMA37102,ALTRO,4831.23,USD
2760,PO-1005-M7001-1,29 Aug 2017,"PO for Brandname or equal to Genie # RL4 ( 18F652 ) - Light Tower w/ Portable Generator Product Description: Item: Light Tower Trailer with Portable Generator, Rated Watts: 6000, Surge Watts: 6000, Vo",Jubaili Bros,17000,USD
2761,RFPO-1569-V4358-1,24 Aug 2017,PO for Maintenance and Repairing of AC (1801-1802),DREAM COOL AIR CONDITION SYSTEMS LLC,5300,AED
2762,PO-1094-S9090-3,21 Aug 2017,PO for Painting of Walls with National Emulsion Paint CONSUMABLES,AL-JAMAL TRADING CO.,132,QAR
2763,RFPO-1581-M4101-1,21 Aug 2017,PO for NEWBERRY TANKS,"Newberry Tanks & Equipment, LLC",99624.44,USD
2764,PO-1094-S9090-2,20 Aug 2017,PO for Paints for Walls with National Emulsion Paint,JNP TRADING W.L.L.,2840,QAR
2765,PO-1094-S9090-1,17 Aug 2017,Service PO for Supply of Manpower,Expedition Trading & Services Co. W.L.L.,560,QAR
2766,RFPO-1192-O1-1,03 Aug 2017,"PO for HP 280 G2 MT, Intel Core i5-6500 with Intel HD Graphics 530 (3.2 GHz, 6 MB cache, 4 cores), 4GB DDR4-2133 SDRAM, 1TB 7200RPM SATA, SuperMulti DVD writer, HP USB Keyboard &amp; Mouse, Microsoft ",TECHTRADE MIDDLE EAST,6160,AED
2767,RFPO-1569-V4357-1,01 Aug 2017,PO for T3 SCREENBOARDS FOR KONNECT  FREE-STANDING,BAFCO TRADING LLC,950,AED
2768,RFPO-1192-V4374-1,31 Jul 2017,PO for MVL SIGNBOARD,ALAM ALIBDAA,1600,AED
2769,RFPO-1569-O1-1,31 Jul 2017,"PO for Firewall - SonicW... Sonicwall Soho - Including site to site VPN License , Dyndns account",NEPTUNE COMPUTERS,13840,AED
2770,PO-1094-S9089-1,30 Jul 2017,PO for Supply of Package Unit PACL-52420GY-R22,Mannai Trading Co. WLL,13500,USD
2771,RFPO-1192-M4000-1,13 Jul 2017,PO for Backer Rod 30mm x 100 mtrs roll,Al Sughra Building Materials Trading LLC,1200,AED
2772,RFPO-1192-V4373-1,11 Jul 2017,PO for DRI FIT BLACK POLO SHIRT WITH MVL EMBROIDERY,ALAM ALIBDAA,420,AED
2773,RFPO-1192-V4372-1,02 Jul 2017,PO for LAPOLLA 2500/3,ALAM ALIBDAA,1350,AED
2774,RFPO-1192-C6052A-1,29 Jun 2017,PO for BAYMER SHPU 40-27A Polyurethane Foam System,Bayer Pearl LLC,146217,AED
2775,RFPO-1192-C6052-1,29 Jun 2017,PO for BAYMER SHPU 40-27A Polyurethane Foam System,Bayer Pearl LLC,885903,AED
2776,RFPO-1192-C6053-1,28 Jun 2017,PO for ELASTOSPRAY 1611/17,BASF Kanoo Polyurethanes LLC,362756,AED
2777,RFPO-1192-V4371-1,21 Jun 2017,PO for LAPOLLA 2500/3,ALAM ALIBDAA,900,AED
2778,RFPO-1569-V4356-1,18 Jun 2017,PO for Ziad Business Cards,ALAM ALIBDAA,200,AED
2779,RFPO-1192-V4266-1,13 Jun 2017,"PO for Rockwool Thickness 50mm density 120kg/m3, size 1.2mtr x 0.6mtr",FUJAIRAH ROCKWOOL FACTORY,3586.8096,AED
2780,RFPO-1192-V4370-1,12 Jun 2017,PO for Lapolla A Isocyanate Stickers,ALAM ALIBDAA,350,AED
2781,RFPO-1593-M4104-1,08 Jun 2017,PO for HUMIDITY SENSORS,Veris Industries,5808,USD
2782,RFPO-1192-V4369-1,08 Jun 2017,Service PO for Maintenance Work at MVL Warehouse,Art Acrylic Technical Services,1000,AED
2783,PO-1192-F7814-1,07 Jun 2017,PO for BULK GUN set,Green Fireproof Technologies,230,USD
2784,RFPO-1581-E6801-1,29 May 2017,PO for JET Diesel Genset Model JP 60P3/65E3 SAC,JUBAILI BROS  WLL,35500,QAR
2785,PO-1192-F7778-1,07 May 2017,PO for MVL-IL,ALAM ALIBDAA,1300,AED
2786,RFPO-1569-S9071-1,30 Apr 2017,PO for Supply and Installation of Vinyl Flooring,Floorworld LLC,2232.34,AED
2787,RFPO-1094-V4352-1,26 Apr 2017,PO for Plan Swift 10.1 Take Off Software,Green Field Trading,4600,AED
2788,RFPO-1192-C6051-1,26 Apr 2017,PO for Elastospray 1612/46 and 1611/17,BASF Kanoo Polyurethanes LLC,324300,AED
2789,RFPO-1192-C6047-1,18 Apr 2017,PO for Elastospray 1612/46 and 1611/17,BASF Kanoo Polyurethanes LLC,230300,AED
2790,RFPO-1581-V4251-1,02 Apr 2017,"PO for FUELING SYSTEM EQUIPMENTS, PIPING AND FITTINGS AND ACCESSORIES",OPKONS YAPI VE PETROL EKIPMANLARI DIS TIC. LTD. STI.,78426.66,USD
2791,PO-1005-V6971-4,02 Apr 2017,PO for Retractable/Removable Theater Seating System/12 nos of 3 Seat Banks each per unit,CMS LOGISTICS SERVICES,3300,USD
2792,RFPO-1005-V4447-1,19 Mar 2017,"PO for Moving of Personal Effects From Dubai to 28831 Baveno, VB Italy FCL 1*20,24CBM","International Removals Division of Freight Systems Co, Ltd. (L.L.C)",18395,AED
2793,RFPO-1192-V4368-1,19 Mar 2017,PO for LONG SLEEVE SHIRT + EMBROIDERY ,ALAM ALIBDAA,1620,AED
2794,QATAR-1,08 Mar 2017,PO for SUPPLY AND ERECTION OF PRECAST PERIMETER BARRIERS (ALASKA & JERSEY),Union Precast Factory Qatar LLC,2974915.5,QAR
2795,RFPO-1593-M4103-1,05 Mar 2017,PO for SNTB CONDENSING UNIT,Leminar Air Conditioning Co. (W.L.L.),345000,USD
2796,RFPO-1192-V4265-1,05 Mar 2017,PO for D64T50 - ROCKWOOL 120*60*5CM/SHEET,FUJAIRAH ROCKWOOL FACTORY,29417.76,AED
2797,PO-1005-C6013-19,14 Feb 2017,PO for APPLICATION OF PU FOAM SPRAY,AL RAFID INSULATION CONTRACTING L.L.C,29960,AED
2798,RFPO-1192-V4367-1,13 Feb 2017,PO for INSS1186 SIZE 17*13 CM (SL) COLORED PRINTING 2 DIFFERENT DATES,ALAM ALIBDAA,225,AED
2799,PO-1005-C6013-18,12 Feb 2017,3 SETS OF DESMONDUR 44V20L ( FIRE RATED SYSTEM) AND SHPU40FS141/32B (FIRE RATED SYSTEM),Bayer Pearl LLC,14452.5,AED
2800,RFPO-1569-V4255-1,07 Feb 2017,"PO for SOPHIA - EXECUTIVE SINGLE SEATER SOFA WITH CHROME LEGS, UPHOLSTERED IN ORANGE PVC",BLUE CROWN FURNITURE (LLC),1400,AED
2801,RFPO-1192-C6034-1,07 Feb 2017,PO for Polyurerthane Foam System,BASF Kanoo Polyurethanes LLC,115616,AED
2802,RFPO-1569-V4254-1,05 Feb 2017,PO for Rectangular Desk (Conference Table),BLUE CROWN FURNITURE (LLC),6000,AED
2803,RFPO-1569-V4253-1,01 Feb 2017,PO for BCF 128 XL 101SW - Metal full height cabinet with swing doors in  grey / beige finish. (with 4 shelves) Size : (W92 x D46 x H180cm),BLUE CROWN FURNITURE (LLC),485,AED
2804,RFPO-1569-V4354-1,30 Jan 2017,PO for Mr. Marty Muller Business Card,ALAM ALIBDAA,600,AED
2805,RFPO-1593-M4102-1,29 Jan 2017,PO for EST - 1002 6 - 1 : STEAM CYLINDER FOR THREE PHASE MDS/MDD UNITS,Morex Inc.,14369.25,USD
2806,PO-1005-C6013-17,29 Jan 2017,PO for Baymer SHPU40FS 141/2B,Bayer Pearl LLC,9635,AED
2807,RFPO-1569-V4252-1,26 Jan 2017,"PO for SOPHIA - EXECUTIVE SINGLE SEATER SOFA WITH CHROME LEGS, UPHOLSTERED IN ORANGE PVC",BLUE CROWN FURNITURE (LLC),7490,AED
2808,RFPO-1192-C6033-1,23 Jan 2017,PO for ISOPMDI92140,BASF Kanoo Polyurethanes LLC,28904,AED
2809,RFPO-1192-V4366-1,19 Jan 2017,PO for Flyer 350 GSM Printing 4 color 2 side Matt Lamination 2 Side 48 X16.5 cm,ALAM ALIBDAA,1900,AED
2810,RFPO-1569-V4353-1,19 Jan 2017,"PO for IP PBX System UCM 6208 , 8 FXO Support, 60 Concurrent calls, Call Recording, Voice mail, multiple IVR & Call forwarding",VECTOR Digital Systems LLC,27000,AED
2811,RFPO-1192-V4365-1,05 Jan 2017,PO for LPA Stickers Size 43 X 21 cm Colored printing,ALAM ALIBDAA,650,AED
2812,RFPO-637-V6856-2,22 Dec 2016,NINE MONTHS WARRANTY DEFICIENCIES,HAMIDULLAH,1351.8,USD
2813,RFPO-1595-V4251-1,22 Dec 2016,PO for 19BLK625IW / 19MM 6X25 WIRE  ROPE IWRC BLK,Dutest Qatar W.L.L.,44349.42,QAR
2814,RFPO-1192-C6029-1,22 Dec 2016,PO for Elastospray 1611/17 Polyurethane Foam,BASF Kanoo Polyurethanes LLC,135280,AED
2815,RFPO-1192-V4264-1,20 Dec 2016,PO for Rockwool Slab Unfaced (D160T50),FUJAIRAH ROCKWOOL FACTORY,40992.336,AED
2816,RFPO-637-V6856-1,15 Dec 2016,NINE MONTHS WARRANTY DEFICIENCIES,HAMIDULLAH,1234.8,USD
2817,RFPO-1608-V4251-1,15 Dec 2016,PO for A7162,Francis Search Light Limited,8861,GBP
2818,PO-1569-V4251-3,14 Dec 2016,PO for Fit Out Work (1803),Enterprise Integrate,146000,AED
2819,PO-1005-C6013-16,14 Dec 2016,3 sets of Desmondur 44v20L 250KG/DRUM and Baymer SHPU-40FS140-27A 220KG/DRUM and 3 sets of Desmondur44V20L 250KG/Drum and Baymer SHPU40FS141/32B,Bayer Pearl LLC,25098,AED
2820,RFPO-1569-V4351-1,14 Dec 2016,PO for KONNECT CLUSTER OF 3 WORKSTATIONS EACH DESK 120*60CM,BAFCO TRADING LLC,42765,AED
2821,PO-1569-V4251-2,14 Dec 2016,PO for Fit Out Work (1803),Enterprise Integrate,131000,AED
2822,PO-1192-F7464-1,08 Dec 2016,PO for ROCKWOOL SLAB UNFACED,FUJEIRA ROCKWOOL FACTORY,18293.76,AED
2823,RFPO-982-S9031-1,06 Dec 2016,"PO for Remove existing and replace with new, Digital Board A32 for Diesel Generators No.1 and No.6. Including Additional Card for Gen Set 09",Metron International,59000,USD
2824,RFPO-1192-V4263-1,05 Dec 2016,PO for ROCKWOOL SLAB UNFACED,FUJEIRA ROCKWOOL FACTORY,4573.44,AED
2825,RFPO-1592-T1000-1,30 Nov 2016,PO for SELF CONTAINED BREATHING APPARATUS (SCBA),VOYAGE MARINE,3200,AED
2826,RFPO-1592-V4251-1,30 Nov 2016,PO for SAFETY HARD HATS AND SAFETY VEST AS PER ATTACHED SPECIFICATIONS AND STICKERS,CALA LOGISTICS SERVICES,2876.3,USD
2827,PO-1005-C6013-14,21 Nov 2016,PO for Baymer SHPU40FS 141/2B AND DESMODUR 44V20L,Bayer Pearl LLC,13888.5,AED
2828,PO-1192-F7469-1,17 Nov 2016,PO for INSS1186 Production/Manufacture and Expiry Date Sticker Printing,ALAM ALIBDAA,275,AED
2829,PO-1005-E6981-1,17 Nov 2016,PO for Electric Heater-2KW,GLEN DIMPLEX IRELAND,300,GBP
2830,PO-1005-E6981-2,17 Nov 2016,PO for Panasonic Ceiling Fan - Same as Supplied Before,Al Futtaim Panatech LLC,910,AED
2831,PO-1005-V6971-3,10 Nov 2016,PO for Retractable/Removable Theater Seating System/12 nos of 3 Seat Banks each per unit,"Chongqing JUYI Industry Co., Ltd.",12760,USD
2832,PO-1005-V6971-2,03 Nov 2016,PO for Retractable/Removable Theater Seating System/12 nos of 3 Seat Banks each per unit,"Chongqing JUYI Industry Co., Ltd.",11960,USD
2833,PO-1005-C6013-13,31 Oct 2016,PO for APPLICATION OF POLYURETHANE FOAM,AL RAFID INSULATION CONTRACTING L.L.C,38281.5,AED
2834,PO-1005-V6971-1,27 Oct 2016,PO for Retractable/Removable Theater Seating System/12 nos of 3 Seat Banks each per unit,"Chongqing JUYI Industry Co., Ltd.",13070,USD
2835,RFPO-1614-V4251-1,09 Oct 2016,DT7M DYNATOWER,DYNA SYSTEMS LIMITED,242020,USD
2836,PO-1005-C6013-12,29 Sep 2016,Baymer SHPU40FS 141/2B AND DESMODUR 44V20L,Bayer Pearl LLC,48462,AED
2837,PO-1005-C6013-10,28 Sep 2016,PO for APPLICATION OF SPRAY POLYURETHANE FOAM WITH 5 CM THICKNESS FOR KEMPINSKI PALM JUMEIRAH DXB,AL RAFID INSULATION CONTRACTING L.L.C,30000,AED
2838,PO-1005-C6013-11,28 Sep 2016,PO for Polyurethane System/ Insulation Material,BASF Kanoo Polyurethanes LLC,4125,AED
2839,PO-1005-M6995-2,28 Sep 2016,PO for ONICON D-100-N2 DISPLAY FOR JCI METASYS D-100-N2 D -100 WITH JOHNSON CONTROLS METASYS N2 INTERFACE,Johnson Controls,18600,AED
2840,PO-1005-E6980-1,26 Sep 2016,Panasonic Ceiling Fan - Same as Supplied Before,Al Futtaim Panatech LLC,7800,AED
2841,PO-1005-M6995-1,25 Sep 2016,PO for ONICON D-100-N2 DISPLAY FOR JCI METASYS D-100-N2 D -100 WITH JOHNSON CONTROLS METASYS N2 INTERFACE,ALMI INTERNATIONAL F.Z.E,41000,AED
2842,PO-1005-V6973-1,22 Sep 2016,"PO for Cooler Glass Door Merchandiser Refrigerator - Single Swing Door, 24 Cu Ft. Capacity, 4 Shelves, R-134A Refrigerant, Power 220/240V, 50/60Hz, Size 28.5 in length x 32 in. dia x 79.25 in height",MAZAYA AL EMARATE Co. L.L.C,100800,AED
2843,RFPO-982-V4259-1,21 Sep 2016,PO for Videographer / Video Editiing for O and M Training Medium Quality,Mohammadi Store,2263.8,USD
2844,PO-916-3185-1,08 Sep 2016,PO for Back Rod-30m,ARAB SUPPLIERS,275,AED
2845,RFPO-637-A5310-2,06 Sep 2016,PO for Adjustment of Each Lock / Repairing Revised,AZIZ ULLAH NASARY WARDAK LTD,520,USD
2846,PO-1005-C6013-9,05 Sep 2016,PO for Baymer SHPU40FS 141/2B,Bayer Pearl LLC,25840,AED
2847,PO-1005-C6013-8,01 Sep 2016,PO for APPLICATION OF SPRAY POLYURETHANE FOAM WITH 5 CM THICKNESS FOR KEMPINSKI PALM JUMEIRAH DXB,RGMC Technical Services,20000,AED
2848,PO-1005-C6013-7,29 Aug 2016,PO for Baymer SHPU40FS 141/2B AND DESMODUR 44V20L,Bayer Pearl LLC,29580,AED
2849,PO-1005-M6994-1,23 Aug 2016,PO for Electric Water Heater; Model No. EGSP20 / 208 Volts AC Only / 19.9 Gallons,RHEEM MANUFACTURING MEA FZE,9600,USD
2850,RFPO-637-A5310-1,22 Aug 2016,PO for Adjustment of Each Lock / Repairing,AZIZ ULLAH NASARY WARDAK LTD,196,USD
2851,PO-1005-C6013-6,22 Aug 2016,PO for APPLICATION OF SPRAY POLYURETHANE FOAM WITH 5 CM THICKNESS FOR KEMPINSKI PALM JUMEIRAH DXB,MSK Contracting LLC,30000,AED
2852,PO-1005-C6013-5,21 Aug 2016,SPRAY POLYURETHANE FOAM APPLICATION,AL RAFID INSULATION CONTRACTING L.L.C,49612.5,AED
2853,PO-1569-V4251-1,17 Aug 2016,PO for Fit Out Work (1803),Enterprise Integrate,115000,AED
2854,RFPO-637-V6855-1,14 Aug 2016,"PO for TOSHIBA COMPRESSOR/ 1,200 BTU. 8.0 COLLING, 9.0 HEATING. COMPATIBLE  WITH MITSUBISHI AC",CALA LOGISTICS SERVICES,195,USD
2855,PO-1192-F7366-1,10 Aug 2016,PO for PIPE CLIP,SONASA TRADING CO. LLC,240,AED
2856,PO-1005-E6977-1,08 Aug 2016,PO for Electric Unit Heater - CUH02B31T,GLEN DIMPLEX IRELAND,1036.5,USD
2857,RFPO-566-3043-1,18 Jul 2016,PO for Rectification works for various leakages of 3x AKSA Generator Units (Engines used are Cummins),Balwan Construction and Logistics Co.Ltd,900,USD
2858,RFPO-1192-V4364-1,03 Jul 2016,PO for Stickers Size A4 ( 6 Piece ),ALAM ALIBDAA,450,AED
2859,RFPO-566-V4265-1,28 Jun 2016,PO for ADJUSTMENTS OF SEARCHLIGHT AND INSTALLATION OF BULBS,ABDUL QUDOS,1125,USD
2860,RFPO-566-V4264-1,27 Jun 2016,PO for SEARCH LIGHT BULB,Shokrullah Mandozai Co,980,USD
2861,PO-1005-E6975-1,22 Jun 2016,PO for Electric Base Board Heater - Dimplex,GLEN DIMPLEX IRELAND,892.5,GBP
2862,RFPO-1192-V4262-1,13 Jun 2016,PO for ROCKWOOL THICKNESS : 50MM DENSITY,FUJEIRA ROCKWOOL FACTORY,29417.76,AED
2863,PO-1005-C6013-3,13 Jun 2016,PO for BAYMER AND DESMODUR/2B,Bayer Pearl LLC,179775,AED
2864,PO-1005-C6013-4,13 Jun 2016,PO for APPLICATION OF PU FOAM,DOVER GULF WATERPROOFING ND INSULATION LLC,14000,AED
2865,PO-982-V4257-1,31 May 2016,PO for EXPLOSION PROOF EXHAUST FAN,ENERGY INTERNATIONAL LLC,4050,AED
2866,PO-1005-E6971-1,29 May 2016,RH-WP-12V Remote Single Head Lamp Weather Proof,"The Exit Light Co., Inc.",1296,USD
2867,RFPO-1192-V4260-1,25 May 2016,PO for VENOTH BUSINESS CARD,CENTURY PRINTING PRESS LLC,750,AED
2868,RFPO-1192-V4363-1,22 May 2016,PO for JMC (ISUZU) 3.5 Ton A/C PICKUP MODEL 2015,BELHASA MOTORS COMPANY.L.L.C.,59030,AED
2869,PO-1192-C6009-1,16 May 2016,PO for BAYMER SHPU-45-15,Bayer Pearl LLC,5610,AED
2870,PO-1005-C6013-2,15 May 2016,PO for SPRAY POLYURETHANE FOAM APPLICATION,WALTON WATER PROOFING CONTRACTING LLC.,30000,AED
2871,PO-1192-F7219-1,12 May 2016,PO for BR-30,ARAB SUPPLIERS,2150,AED
2872,RFPO-566-V4263-1,08 May 2016,PO for CRANE RENTAL  FOR UNLOADING K2 SPARES TO SITE,AIMAL KHAN,294,USD
2873,PO-1192-C6007-1,04 May 2016,PO for  Supply of  Baymer SHPU ? 45 ? 15,Bayer Pearl LLC,11220,AED
2874,PO-1005-C6013-1,04 May 2016,"PO for Spray application of Polyurethane foam on Kempinski Palm Jumeirah, Dubai, UAE",AL RAFID INSULATION CONTRACTING L.L.C,75000,AED
2875,RFPO-1428-V4254-1,03 May 2016,PO for Posters High Resolution with double face sticker strip  90 W X 220 H meter,,3070,AED
2876,RFPO-1192-V4259-1,02 May 2016,PO for COMPANY CATALOGUE WITOUT POCKET (ALL PRODUCTS WITHOUT DC PRODUCTS),,6450,AED
2877,RFPO-566-V4262-1,02 May 2016,PO for CRANE FOR lOADING OF CONTAINERS AT MFNDU,CALA LOGISTICS SERVICES,1100,USD
2878,RFPO-1192-C6051A-2,02 May 2016,PO for FIRESTOP MATERIALS - BAYER PEARL - 2,Bayer Pearl LLC,39480,AED
2879,RFPO-781-V4254-1,28 Apr 2016,PO for SATCOM Drop Boxes 10 NOS Holocom Part No. SEC-WM-UDB3-H1,INDUSTRIAL EQUIPMENT CORP.,1396,USD
2880,PO-1005-E6969A-1,24 Apr 2016,PO for Electric Unit Heater - CUH02B21T,GLEN DIMPLEX IRELAND,863.75,USD
2881,RFPO-637-V6854-1,21 Apr 2016,PO for TRANSPORTATION COST - MFNDU TO HAJI GHANI,CALA LOGISTICS SERVICES,509.6,USD
2882,RFPO-1192-C6051A-1,20 Apr 2016,PO for FIRESTOP MATERIALS - BAYER PEARL,Bayer Pearl LLC,283124,AED
2883,RFPO-637-V6852-1,10 Apr 2016,PO for ESCO ACELA FUME HOOD EFA-4UDRCW-8,Esco Micro Pte Ltd.,27140,USD
2884,PO-1192-C6000-4,06 Apr 2016,PO for  Baymer SHPU ? 45 ? 15,Bayer Pearl LLC,11220,AED
2885,RFPO-1428-V4351-1,05 Apr 2016,PO for 1.0 Service Production of short 2 to 2.30 min video,STUDIO 52 COMMUNICATIONS GROUP,10000,AED
2886,PO-1192-C6004-1,04 Apr 2016,Polyurethane Foam - Elastospray 1611/17,BASF Kanoo Polyurethanes LLC,50827.5,AED
2887,PO-1192-C6000-3,29 Mar 2016,PO for Baymer Polyurethane Spray System,Bayer Pearl LLC,53227.5,AED
2888,RFPO-1428-V4252-1,13 Mar 2016,PO for CATALOGUE MW-OCS,,250,AED
2889,RFPO-1428-V4253-1,13 Mar 2016,PO for CATALOGUE MW-OCS SIZE: A3 2 PAGES PRINTING,,2500,AED
2890,PO-1005-E6965-2,10 Mar 2016,PO for Supply of CADET Elec. Heaters,CADET,2036.28,USD
2891,PO-1005-E6966-1,10 Mar 2016,PO for Supply of CADET Elec. Heaters,CADET,2036.28,USD
2892,RFPO-781-V4253-1,10 Mar 2016,PO for NETWORK RACK CABINET ,Al Barsha Vision Electronics,2300,AED
2893,PO-1192-C6000-2,06 Mar 2016,PO for Baymer Polyurethane Spray System,Bayer Pearl LLC,70970,AED
2894,PO-1005-E6962-1,06 Mar 2016,PO for Emergency Remote Head Lamp-Weather Proof,"The Exit Light Co., Inc.",486,USD
2895,PO-1192-C6000-1,02 Mar 2016,Purchase Order for Polyurethane Foam - Elastospray 1611/17,BASF Kanoo Polyurethanes LLC,88125,AED
2896,RFPO-637-V6851-1,29 Feb 2016,PO for AC COMPRESSOR AND AC BOARD REAPIRING,SAID TAUFEEQ AND SHAMSUDDIN,410,USD
2897,RFPO-637-A5309-1,28 Feb 2016,PO for Chemflake Special 16 Liters unit / JOTUN,AZIZ ULLAH NASARY WARDAK LTD,760,USD
2898,RFPO-637-V4252A-1,22 Feb 2016,PO for Installation of Door Signages Revised,CALA LOGISTICS SERVICES,2063.88,USD
2899,RFPO-637-V6844A-1,21 Feb 2016,PO for SNIPPER SCREEN / GREEN COLOR - 4 METERS WIDTH/ AS APPROVED SAMPLES IN SITE REVISED,CALA LOGISTICS SERVICES,4851,USD
2900,RFPO-637-V6850-1,21 Feb 2016,PO for SUPPLY OF HILTI SCREWS FOR DOOR SIGNAGE,CALA LOGISTICS SERVICES,30.87,USD
2901,RFPO-566-V4261-1,21 Feb 2016,PO forSUPPLY OF SPARES  EF-1 AND EF-2 MOTOR  EF-4 AND EF-5 MOTOR FOR STORAGES BUILDING,,2176,USD
2902,PO-1005-E6965-1,17 Feb 2016,PO for CADET ELECTRIC HEATING PRODUCTS Q-01183-G1F5,CADET,72394.4,USD
2903,RFPO-637-V6849-1,16 Feb 2016,PO for Sniper Screen (same supplied before),CALA LOGISTICS SERVICES,1323,USD
2904,RFPO-566-V4259-1,14 Feb 2016,PO for SUPPLY OF MOTOR and PUMP FOR KESSER AIR COMPRESSOR,,784,USD
2905,RFPO-637-V6847-1,11 Feb 2016,PO for SUPPLY OF MISC - VARIOUS CONSUMABLES,CALA LOGISTICS SERVICES,426.79,USD
2906,RFPO-637-V6848-1,11 Feb 2016,PO for SUPPY OF C05 - ELECTRICAL MATERIALS,CALA LOGISTICS SERVICES,1849.26,USD
2907,RFPO-637-A5308-1,10 Feb 2016,PO for SUPPLY OF  CHEMFLAKE SPECIAL ? WHITE COLOR,AZIZ ULLAH NASARY WARDAK LTD,560,USD
2908,RFPO-637-V6846-1,09 Feb 2016,PO for MOI NPCC - Videographer - for O & M Training,Mohammadi Store,450.8,USD
2909,RFPO-637-V6845-1,08 Feb 2016,PO for SUPPLY OF MOI NPCC - THICKNESS CUTTING OF RUBBER MAT WITH INSTALLATION,CALA LOGISTICS SERVICES,823.2,USD
2910,RFPO-637-V6843-1,07 Feb 2016,PO for SUPPLY  OF Concrete Cutting for 18 holes,Subhan Ghasnawi Construction Company,758.52,USD
2911,RFPO-637-V6844-1,07 Feb 2016,PO for SUPPLY OF SNIPPER SCREEN / GREEN COLOR - 4 METERS WIDTH/ AS APPROVED SAMPLES IN SITE,CALA LOGISTICS SERVICES,3528,USD
2912,RFPO-637-S9038A-1,07 Feb 2016,PO for SUPPLY OF CO3 - COLOR CODE PANEL BOARD KEY BOX KEY HOLDER,,2052.572,USD
2913,RFPO-637-E9158-1,04 Feb 2016,PO for SUPPLY OF  CO5 - COPPER CABLE LUGS AND CABLES TUMKA 5*35MM2,HAJI GHANI SONS,2651.7,USD
2914,PO-637-V6842-1,01 Feb 2016,PO for SUPPLY OF AUTOMATIC TRAP PRIMER VALVE 695 SERIES,Rubaiya Zueaid Bldg. Mat. Co. LLC,840,AED
2915,RFPO-637-E9157-1,01 Feb 2016,PO for SUPPLY OF TORK PHOTOCELL AS PER APPROVED SAMPLE,HAJI GHANI SONS,999.6,USD
2916,RFPO-566-V4258-1,01 Feb 2016,PO for SUPPLY OF SPARES - CONTROL FUSE AND BSAY O NET FUSE,Shokrullah Mandozai Co,1073.1,USD
2917,RFPO-566-E6817-1,31 Jan 2016,PO for  SUPPLY OF K2 FUSE PART NO. 1R0749,Allied Machinery Limited,41.82,USD
2918,RFPO-566-V4257A-1,28 Jan 2016,PO for SUPPLY OF AHU SPARE PART MAIN SWITCH MAGNET SWITCH TIMER MAIN BOARD AND FILTER,,3018.4,USD
2919,RFPO-637-A5305-2,27 Jan 2016,PO for SUPPLY OF KEY MISSING for 27 CYLINDERS PANIC BAR. (RFPO-637-A5305-1),AZIZ ULLAH NASARY WARDAK LTD,158.76,USD
2920,RFPO-982-T1002-1,26 Jan 2016,PO for SUPPLY OF ANEMOSCOPE / AIR FLOW METER UNIT-T UT362,Ali Asger & Brothers LLC,375,AED
2921,RFPO-637-S9152-1,24 Jan 2016,PO for ISUPPLY OF CO3 - INSULATED FLEXIBLE CONDUIT GRAY 3/4 AND 1/2,Sazand Group. Co,1390.62,USD
2922,RFPO-1192-V4257-1,24 Jan 2016,PO for ROCKWOOL,FUJEIRA ROCKWOOL FACTORY,24962.3712,AED
2923,RFPO-637-E9156-1,24 Jan 2016,PO for CO4 - SUPPLY OF VARIOUS ELECTRICAL MATERIALS,Sunlight Electrical Services,5751.62,USD
2924,RFPO-637-V6840-1,21 Jan 2016,PO forSUPPLY OF CO4 - EMT GLANDS 3-4 AND 1 INCH EMT COUPLING 1 INCH,CALA LOGISTICS SERVICES,916.3,USD
2925,RFPO-566-E6816-1,20 Jan 2016,PO for WATT P&T VALVE AS PER ATTACHED PICTURE,HAJI GHANI SONS,1097.6,USD
2926,RFPO-637-V6838-1,20 Jan 2016,PO for Thermostat - Danfoss (KP-61),KARYER A/C REF SPARE PARTS TRADING LLC,1215,AED
2927,RFPO-637-V6839-1,20 Jan 2016,PO for SUPPLY OF CO3 - DOOR STOPPER - HALF MOON TYPE XA803SC-UNION,CALA LOGISTICS SERVICES,3116.4,USD
2928,PO-1005-V6873-2,20 Jan 2016,PO for Electrical Cable,Haji Ghani Sons Past Performance and Panel Board Manufacturing,680.12,USD
2929,RFPO-637-A5307-1,19 Jan 2016,PO for SUPPLY OF MOI NPCC - Grand Master key,AZIZ ULLAH NASARY WARDAK LTD,2543.1,USD
2930,RFPO-637-V6831-1,18 Jan 2016,PO for FOX - SQUARE D DISCONNECT SWITHCES 30 AMP FUSIBLE INDOOR  WITH FUSE,Smart Eyes Security Systems Installation Company,15533,USD
2931,RFPO-637-V6832-1,18 Jan 2016,PO for 30 Amp Fusible Safety switch with Fuse (Out door),Duran Bros,9751,USD
2932,RFPO-566-E6813-1,18 Jan 2016,PO for H-Type Lamp 70 Watt Philips,Sunlight Electrical Services,98.6,USD
2933,RFPO-637-V6837-1,18 Jan 2016,PO for CO3 - CABLE TRAY,NovinSimia. Co,722.16,USD
2934,RFPO-982-V4352-1,17 Jan 2016,PO for MFNDU - PEGASUS 5 PANEL COLOR RIBBON AND STANDARD CARD 1*100 PACKET,Stationerydubai,2450,AED
2935,PO-1005-E6948-2,17 Jan 2016,PO for Ceiling Fans- Panasonic- WITH 1100 MM RODS,Al Futtaim Panatech LLC,108975,AED
2936,RFPO-637-E6830-1,17 Jan 2016,PO for FOX - CO3 - H TYPE BULD 70W AND PELSAN 32 W-T8-3500K,Sunlight Electrical Services,534.7,USD
2937,RFPO-637-V6828A-1,17 Jan 2016,PO for FOX - CO BOQ 3 - ELECTRICAL MATERIALS,CALA LOGISTICS SERVICES,1546.93,USD
2938,RFPO-1192-V4255-1,17 Jan 2016,PO for Office & Pantry for Ware House,Point Art Decor Consulting JLT,19325,AED
2939,RFPO-566-V4255-1,14 Jan 2016,PO for KHAS KUNAR K2 - SPARES - VARIOUS MATERIALS,CALA LOGISTICS SERVICES,1074.374,USD
2940,RFPO-637-A5305-1,14 Jan 2016,PO for SUPPLY AND INSTALLATION OF MOI NPCC - FOX -  Master Key for B# (302 to 307 ),AZIZ ULLAH NASARY WARDAK LTD,3528,USD
2941,RFPO-566-S9035-1,13 Jan 2016,PO for K2 - SPARES - VARIOUS SUBCON - ACTUATOR MOTOR FOR MOTORIZED DAMPER AND THERMOSTAT,Crown Creative Construction Company,4745,USD
2942,RFPO-1192-V4360-1,12 Jan 2016,PO for MUG WHITE WITH RED CIRCLE AND HAND CERAMIC  2 FULL COLOR BANDING ON TWO SIDE WITH CARTON BOX AS SAMPLE,ALAM ALIBDAA,26132,AED
2943,PO-637-M4103-1,12 Jan 2016,PO for Supply of Flasher and Smoke Detector - Bosch,INDUSTRIAL EQUIPMENT CORP.,5159.75,USD
2944,RFPO-566-E6812-1,11 Jan 2016,PO for SAME DAY OF PAYMENT,Aramish Electric Co ltd,577.22,USD
2945,RFPO-637-S9037-1,07 Jan 2016,PO for FOX MOI NPCC - CHANGE ORDER NO. 2 - VARIOUS MATERIALS,,4832.311,USD
2946,PO-1005-E6953-1,07 Jan 2016,PO for Electrical BaseBoard Heaters,GLEN DIMPLEX IRELAND,3638,GBP
2947,RFPO-637-V6827-1,04 Jan 2016,PO for BOBRICK SOAP DISPENSER B - 2111,WELKIN INTERNATIONAL,1680,USD
2948,RFPO-637-E6819C-1,04 Jan 2016,PO for Weatherproof Residual current Device -(GFCI) w/ metal Box SAME AS PER PICTURE,HAJI GHANI SONS,30667.68,USD
2949,PO-1005-M6901-1,04 Jan 2016,PO for Electrical Unit Heaters 2kw - PLX2000 AND 1KW - PLX1000 ,GLEN DIMPLEX IRELAND,16120,GBP
2950,RFPO-637-E6828-1,04 Jan 2016,PO for FOX MOI NPCC TL5 35 PHILIPS BULB 35 WATTS 5 feet,Sun Light Electricity Services,1078,USD
2951,RFPO-637-E6826-1,31 Dec 2015,PO for AC- Cable 4x4 mm2,HAJI GHANI SONS,2254,USD
2952,RFPO-637-S9035-1,30 Dec 2015,"PO for Cable Tie, 250mm",,4367.302,USD
2953,RFPO-781-V4252-2,29 Dec 2015,"PO for ANSI GRADE 1 LOCKSET, J LEVER ON LN ROSE, CYLINDER BOTH SIDES WITH 2 KEYS EACH, FAIL SECURE 24VDC REX SWITCH SSS",Abdulaziz and Saad Almoajil Co,3600,AED
2954,RFPO-637-E6825-1,29 Dec 2015,PO for FIRE ALARM CABLE ** MM RED ERSE KABLO,HAJI GHANI SONS,7056,USD
2955,RFPO-637-V6823-1,28 Dec 2015,PO for 3 EA DOOR SILENCERS L03011,HASHMATKHAN STEEL,1097.6,USD
2956,RFPO-637-B5302B-1,28 Dec 2015,PO for OVER HEAD DOOR CLOSER LOW RESISTANCE 88234,AZIZ ULLAH NASARY WARDAK LTD,5598,USD
2957,RFPO-637-V6824-1,28 Dec 2015,PO for TERMINAL LUG 4MM,CALA LOGISTICS SERVICES,176.4,USD
2958,RFPO-637-V6822-1,22 Dec 2015,PO for CONNECTOR 3/4 inch,CALA LOGISTICS SERVICES,453.054,USD
2959,RFPO-637-S9051-1,21 Dec 2015,PO for Course aggregate 5-10mm,Torrent Logistics and Supply Services,317.52,USD
2960,RFPO-637-E6823-1,20 Dec 2015,PO for ELECTRICAL WIRE SOLID 4MM2 BROWN,HAJI GHANI SONS,4902,USD
2961,RFPO-637-V6821-1,20 Dec 2015,PO for MARBLES 4 CM THICKNESS / 60 CM WIDE,CALA LOGISTICS SERVICES,1004.304,USD
2962,RFPO-1005-M6985-1,20 Dec 2015,PO for JZX-15 -50 SEMI ELECTRIC STACKER 1.5 TON CAPACITY 5 M HEIGHT,HEBEI DOUBLE GOATS GRINDING WHEEL MANUFACTUING FZCO,15500,AED
2963,PO-1005-E6948-2,17 Dec 2015,PO for Electrical Unit Heater-Exproof Pitsan,PITSAN Makina Sanayii Ve Tic Ltd. STI.,6000,USD
2964,RFPO-637-V4277-1,16 Dec 2015,PO for Wiring tag letter ( L ),CALA LOGISTICS SERVICES,552.72,USD
2965,RFPO-637-E6822-1,16 Dec 2015,PO for IMC Conduit #3/4 (3 mtr per lenght) Alex Brand,HAJI GHANI SONS,1135.134,USD
2966,RFPO-637-E6820-1,16 Dec 2015,"PO for Terminal Lugs, 300mm2",CALA LOGISTICS SERVICES,2631.52,USD
2967,PO-1005-E6948-1,16 Dec 2015,PO for Electrical Unit Heater-Exproof Pitsan,PITSAN Makina Sanayii Ve Tic Ltd. STI.,6400,USD
2968,PO-1005-V6863-3,16 Dec 2015,PO for Supply Of Electric Cables,HAJI GHANI SONS,2598.96,USD
2969,RFPO-637-V4273-1,15 Dec 2015,"PO for FOX MOI NPCC - DOOR HARDWARES - ITEM 1, 3 , 8 AND 10",HASHMATKHAN STEEL,2698.92,USD
2970,RFPO-637-S9034-1,15 Dec 2015,PO for Tile Bound ( for window marble sill ),,1310.015,USD
2971,RFPO-637-V4276-1,15 Dec 2015,"PO for WEATHER STRIPPING- 1 inches wide x 5mm thickness *7,5 meters long / roll",CALA LOGISTICS SERVICES,3866.1,USD
2972,RFPO-637-V4274-1,14 Dec 2015,PO for MARBLES 4 cm thickness / 60 cm wide,CALA LOGISTICS SERVICES,872.6,USD
2973,RFPO-781-V4252-1,14 Dec 2015,"PO for ANSI GRADE 1 LOCKSET, J LEVER ON LN ROSE, CYLINDER BOTH SIDES WITH 2 KEYS EACH, FAIL SECURE 24VDC REX SWITCH SSS",Abdulaziz and Saad Almoajil Co,21611.06,AED
2974,RFPO-637-T1001-1,13 Dec 2015,PO for Fluke 62 MAX+,Ali Asger & Brothers LLC,4575,AED
2975,RFPO-637-V4272-1,09 Dec 2015,PO for CIRCUIT BREAKERS 25A 2P RCCB TYPE HYUNDAI - KOREA BRAND,NovinSimia. Co,2187.36,USD
2976,PO-1005-E6948-1,09 Dec 2015,PO for Electrical SUPPLY OF Unit Heaters 2kw - PLX2000 PLX1000 PLX500TI,GLEN DIMPLEX IRELAND,4050,GBP
2977,RFPO-637-V4270-1,08 Dec 2015,PO for INSTALLATION OF HAND DRYER AND PAPER DISPENSER AND SUPPLY OF VARIOUS MATERIALS,CALA LOGISTICS SERVICES,2231.558,USD
2978,PO-1005-A5306-4,08 Dec 2015,VARIOUS JOTUN PAINTS,AYESH Building Materials Trading Co. LLC,42885,AED
2979,RFPO-637-E6818A-1,08 Dec 2015,"PO for CIRCUIT BREAKER, 1P, C TYPE, 32A, 6KA",GMG DIS TICARET LTD. STI,4118.58,USD
2980,RFPO-637-V4261-2,07 Dec 2015,PO for INSTALLATION OF STAINLESS SINK TO THE MARBLE,CALA LOGISTICS SERVICES,588,USD
2981,RFPO-637-E6817-1,07 Dec 2015,PO for HAND DRYER AND PAPER DISPENSER  AS PER APPROVED SAMPLE AT SITE,HAJI GHANI SONS,1100,USD
2982,RFPO-637-V4269-1,06 Dec 2015,"PO for FOX BOQ - VARIOUS MATERIALS (ITEM 69,70,88,89)",NovinSimia. Co,548.957,USD
2983,RFPO-637-V4351-1,05 Dec 2015,"PO for NPCC O AND M MANUALS (CIVIL, MECHANICAL, ELECTRICAL, COMMUNICATION AND PLUMBING)",ELIA TRANSLATION CENTER,14482.44,USD
2984,PO-1005-A5306-1,01 Dec 2015,PO for SIGMA Guardian Primer (White) 15 Ltr,Emirates National Chemical Industries LLC,5968,USD
2985,PO-1005-A5306-3,01 Dec 2015,PO for  SUPPLY OF ALKYD,Hitech Industries FZE,7478.4,USD
2986,PO-1005-E6929-1,01 Dec 2015,PO for Electric Heater-2KW,GLEN DIMPLEX IRELAND,59600,GBP
2987,RFPO-637-V4268-1,01 Dec 2015,PO for FX 2.3 CONTROLLER,VENCO,294,EURO
2988,PO-1005-A5306-2,30 Nov 2015,SIGMA Decor Paints,Fastco Trading LLC,52500,AED
2989,RFPO-637-E6816-1,30 Nov 2015,PO for WASHER,HAJI GHANI SONS,235.2,USD
2990,RFPO-637-V4267-1,30 Nov 2015,PO for Ref. Piping diameter= 12.70mm x 0.56mm with Heat  Insulator & 6.35mm x46mm with heat insulator,CALA LOGISTICS SERVICES,367.5,USD
2991,RFPO-637-V4266-1,29 Nov 2015,PO for PHOTO CELL  PART NO. 2002,INDUSTRIAL EQUIPMENT CORP.,512,USD
2992,RFPO-637-V4265-1,29 Nov 2015,PO for FOX - SPARES - CERAMIC TILES 20*20 CM,United Ceramics & Building Materials,2572.5,USD
2993,RFPO-637-E6815-1,29 Nov 2015,PO for COMPLETION AND SPARES - FLUORESCENT BULB AND HIGH PRESSURE SODIUM LAMP,Sun Light Electricity Services,5404.896,USD
2994,RFPO-637-S9032-1,25 Nov 2015,PO for FOX SPARES - PLUMBING ITEM 5-8 AND ITEM 15 AND 16,,631.72,USD
2995,RFPO-637-V4263-1,25 Nov 2015,PO for FOX SPARES - PLUMBING ITEM 1-4 AND 9-14,CALA LOGISTICS SERVICES,1098.678,USD
2996,RFPO-637-V4264-1,25 Nov 2015,PO for Marine Plywood Water Proof (Paintable),Mohammadi Store,364.56,USD
2997,RFPO-637-E6813-1,24 Nov 2015,PO for LITHONIA EXIT SIGN SINGLE OR DOUBLE FACE AS PER APPROVED SAMPLE,HAJI GHANI SONS,10205,USD
2998,RFPO-637-M4101-1,24 Nov 2015,PO for AIR FILTER AND AC REMOTE CONTROLLER,United Electronics Co. LLC,4900,AED
2999,PO-1005-E6945-1,24 Nov 2015,PO for Ceiling Fan,Al Futtaim Panatech LLC,10500,AED
3000,RFPO-637-V4262-1,23 Nov 2015,PO for White cement,Lutfudden,691.88,USD
3001,RFPO-637-E6814-1,22 Nov 2015,PO for H1 EXTERIOR LIGHTING FIXTURE  AS PER APPROVED SAMPLE,HAJI GHANI SONS,3087,USD
3002,RFPO-637-V4261-1,22 Nov 2015,"PO for SUPPLY, DELIVERY AND INSTALLATION OF MARBLE 40MM FOR KITCHEN CABINETS",CALA LOGISTICS SERVICES,5427.436,USD
3003,RFPO-637-V4261-1,22 Nov 2015,PO for 2 ?  INCHES BACK FLOW  PREVENTER W/ AIR GAP AND CAST IRON WYE TYPE STRAINER MODEL 375 + AG + FS,INDUSTRIAL EQUIPMENT CORP.,1837,USD
3004,RFPO-637-E6812-1,18 Nov 2015,PO for FIRE ALARM CABLE 1*2*2.5 mm RED ERSE KABLO,HAJI GHANI SONS,7644,USD
3005,RFPO-637-V4260-1,17 Nov 2015,PO for Sand,Commerce international Ltd,2218.192,USD
3006,RFPO-566-V4254-1,16 Nov 2015,PO for VKM 100 E,Vents,2220.2,USD
3007,RFPO-566-E6810-1,15 Nov 2015,PO for BULB FOR FRANCIS SEARCH LIGHT,HAJI GHANI SONS,44.1,USD
3008,RFPO-637-V4258-1,15 Nov 2015,PO for Fire alarm junction boxes 12x12,,4580.26,USD
3009,PO-1005-M6903-1,15 Nov 2015,PO for Electrical wires and Cables,HES HACILAR ELEKTRIK SANAYI VE TICARET A.S.,49578.85,USD
3010,RFPO-637-V4255-1,12 Nov 2015,PO for TERRAZZO TILES,Pamir Artificial Stone Manufacture,2149.14,USD
3011,RFPO-637-V4257-1,12 Nov 2015,PO for AMEREX FIRE EXTINGUISHER W/ STEEL CABINET,CALA LOGISTICS SERVICES,2469.6,USD
3012,RFPO-637-E6811A-1,12 Nov 2015,PO for SUPPLY OF NYLON CABLE TIE ,HAJI GHANI SONS,2577.4,USD
3013,RFPO-637-S9110A-1,12 Nov 2015,PO for Horizontal 90 degree 30 cm Aluminum sheet thickness 1 .mm,NovinSimia. Co,3515.1,USD
3014,PO-1005-M6877-1,10 Nov 2015,PO for Ceiling Fan,Al Futtaim Panatech LLC,168750,AED
3015,PO-1005-M6902-1,10 Nov 2015,PO for Ceiling Fan,Al Futtaim Panatech LLC,33875,AED
3016,PO-1005-M6907-1,10 Nov 2015,"PO for Fire extinguisher Dry chemical  type,at least 8kg.",Bristol Fire Engineering LLC,15300,AED
3017,RFPO-637-S9101-2,09 Nov 2015,PO for DP and Power Pole,NovinSimia. Co,71058.3,USD
3018,RFPO-637-E6810-1,08 Nov 2015,PO for LIQUID TYPE FLEXIBLE CONDUIT 3/4,HAJI GHANI SONS,2077.6,USD
3019,RFPO-566-V4254-1,05 Nov 2015,"PO for Spares - Ball Valve 3 inches, Flush Valve, Gewis switch 3 pole. 32 amps, AND fluoroscent tube light (Fluorescent Lamp for Type J and J2)",HAJI GHANI SONS,2924.32,USD
3020,RFPO-637-E6809-1,05 Nov 2015,PO for Supply of Washer 8 mm and Nut 8 mm 30 kgs each,HAJI GHANI SONS,235.2,USD
3021,RFPO-637-V4253A-1,05 Nov 2015,"PO for Insulated, Fire Rated, Temper Glasses",CRYSTAL MOQADAS LTD,6733.3325,USD
3022,RFPO-982-S9080-1,05 Nov 2015,PO for Dining Facility,World Gate Engineering & Construction,5988,USD
3023,RFPO-566-E6808A-1,05 Nov 2015,PO for  Supply of 2ND ORDER BORSAN ELECTRICAL CABLES FOR BUILDING 302-307,HAJI GHANI SONS,64528.639,USD
3024,PO-1005-E6943-1,04 Nov 2015,PO for Electrical Wires,HES HACILAR ELEKTRIK SANAYI VE TICARET A.S.,125594.6,USD
3025,RFPO-637-S9031-1,03 Nov 2015,PO for SIKAFLEX POLYURETHANE SEALANT CONSTRUCTION (gray Color),,1058.4,USD
3026,RFPO-566-E6809-1,03 Nov 2015,PO for PRESSURE REGULATOR AS PER APPROVED PICTURE,HAJI GHANI SONS,467.5,USD
3027,RFPO-637-V4254-1,02 Nov 2015,PO for Wardak Marble for window sill and Door Threshold - 30mm,Pamir Artificial Stone Manufacture,3298.44,USD
3028,RFPO-566-E6807-1,01 Nov 2015,PO for REELCRAFT HOSE REEL MODEL (159654),HAJI GHANI SONS,1248,USD
3029,RFPO-566-E6808-1,01 Nov 2015,PO forSupply Of BORSAN ELECTRICAL CABLES FOR BUILDING 302-307,HAJI GHANI SONS,35424,USD
3030,RFPO-637-E6800-1,29 Oct 2015,PO for Various Electrical Materials And Accessories For building 302 - 307,HAJI GHANI SONS,3009.6,USD
3031,RFPO-566-E6806A-1,28 Oct 2015,"PO for Spares - MODUS P236, HELVAR EL2 Ballast",Aramish Electric Co ltd,2566.08,USD
3032,RFPO-566-V4253-1,28 Oct 2015,PO for 566 (MEC) VARIOUS SPARE PARTS,CALA LOGISTICS SERVICES,2421.024,USD
3033,RFPO-1192-V4251-2,27 Oct 2015,SAFETY MATERIALS FOR FIRE STOP PERSONNEL,Midas Safety,768,AED
3034,RFPO-566-E6805A-1,26 Oct 2015,PO for EF-01-02 GREENHECK CW-121-K-X,Khan Brothers,3409,USD
3035,RFPO-566-S9033A-1,25 Oct 2015,PO for Aluminum Exhaust Grille with Damper,Crown Creative Construction Company,2024,USD
3036,RFPO-566-S9034-1,25 Oct 2015,PO for Actuator Motor For Galv. Motorized Damper  135x1500mm,Crown Creative Construction Company,4419.28,USD
3037,PO-1005-V6863-2,25 Oct 2015,PO for Electrical Copper Wire,HAJI GHANI SONS,282,USD
3038,RFPO-566-E6805-1,25 Oct 2015,PO for EF-01-02 GREENHECK CW-121-K-X,Khan Brothers,3376,USD
3039,RFPO-637-E6800-1,25 Oct 2015,PO for Pelsan Lighting Fixtures,Sun Light Electricity Services,80000,USD
3040,RFPO-566-V4352-1,22 Oct 2015,PO for Testing and Commissioning (5TH ORDER),Falcon Eyes Logistic and Services,3360,USD
3041,RFPO-566-E6804A-1,22 Oct 2015,PO for Ablution Mixer 1inch,HAJI GHANI SONS,648.96,USD
3042,RFPO-566-E6803-1,20 Oct 2015,EXP PROOF FAN CBF-300 220 VAC .18 KW,HAJI GHANI SONS,484,USD
3043,RFPO-566-V4252-1,20 Oct 2015,PO for Hand Over Fuel,Falcon Eyes Logistic and Services,15552,USD
3044,RFPO-637-V4252-1,19 Oct 2015,PO for Installation of Door Signages (4 Screws),CALA LOGISTICS SERVICES,2318.4,USD
3045,RFPO-637-S9101-1,19 Oct 2015,PO for DP and Power Pole,NovinSimia. Co,66300,USD
3046,PO-1005-V6863-1,18 Oct 2015,PO for HES Kablo - Electrical Cables,HES HACILAR ELEKTRIK SANAYI VE TICARET A.S.,265775.76,USD
3047,RFPO-566-V4251-1,12 Oct 2015,PO for Supply of Spares - Generator Parts,,2924.8,USD
3048,RFPO-566-S9031-1,11 Oct 2015,PO for Motorized damper with Louver and Filter  (300mmHx400mmL) ( SABRO ) and Louver with Filter (200mmHx400mmL) (  SABRO ),Crown Creative Construction Company,1708,USD
3049,PO-1005-V6935-1,08 Oct 2015,MR 908 HEXAGONAL STEEL BOLT ZINC PLATING  WITH NUTS AND WASHER FULL THREAD,Al Jazeera Bolts Industries LLC,2600,AED
3050,RFPO-566-E6802-1,08 Oct 2015,PO for Supply Of EXP PROOF FAN CBF-300 220 VAC .18 KW AND IP65 AND CEILING FAN,HAJI GHANI SONS,2385.6,USD
3051,PO-1005-V6934-1,07 Oct 2015,SUPPLY OF NUTS AND BOLTS SD2 MR 3777,Al Jazeera Bolts Industries LLC,872,AED
3052,PO-1005-V6873-1,06 Oct 2015,PO for HES Kablo - Electrical Cables,HES HACILAR ELEKTRIK SANAYI VE TICARET A.S.,956002.336,USD
3053,PO-1005-A6937-1,01 Oct 2015,PO for SUPPLY OF WATER METER SISMA BRAND,HAJI GHANI SONS,1311.36,USD
3054,RFPO-982-V4351-1,28 Sep 2015,PO for Pegasus PCP-Series Card Printer Double Side,Stationerydubai,4340.75,AED
3055,RFPO-566-V4351-1,17 Sep 2015,"PO FOR SUPPY OF K2 - O&M MANUALS (CIVIL, MECHANICAL, ELECTRICAL, COMMUNICATION & PLUMBING) TRANSLATION TO DARI AND PASHTO",ELIA TRANSLATION CENTER,28588.8,USD
3056,PO-1005-M6967-1,14 Sep 2015,PO for Vaultex 4710 SS - EMERGENCY EYE/FACE WASH,Souvenir Building Materials (L.L.C.),4500,AED
3057,RFPO-982-S9051-1,13 Sep 2015,Supply & install used 110 KVA Generator with one  month warranty,World Gate Engineering & Construction,11520,USD
3058,PO-1005-V6932-1,13 Sep 2015,PO for Palintest  Equipment(Pooltest 3),COMPASS,2200,AED
3059,PO-1005-T6935-1,10 Sep 2015,"3540 Bolts, nuts and washers",Al Jazeera Bolts Industries LLC,18000,AED
3060,PO-1005-A6935-1,09 Sep 2015,SISMA WATER METER,HAJI GHANI SONS,188.16,USD
3061,PO-1005-V4268-1,08 Sep 2015,Raised Floor Materials For Floor Maintenance,Gulf Computer Support Systems L.L.C,73443,AED
3062,PO-1005-A6935-1,08 Sep 2015,WATER METER - SISMA ITALY,HAJI GHANI SONS,1286.74,USD
3063,PO-1005-M6939-1,31 Aug 2015,NON ASBESTOS KLINGERIT GASKET,Industrial Material Supply FZCO,12028.15,AED
3064,PO-1005-M6925-1,11 Aug 2015,PO for Palintest Pooltest 3,COMPASS,2100,AED
3065,PO-1005-A5355-1,10 Aug 2015,PO for Stainless Steel Mirrors,AL HASHIMI METAL PRODUCTS MANUFACTURING LLC,702,AED
3066,PO-1005-M4001-1,09 Aug 2015,"PO for Pump Set For Acids And Base Solutions With Motor B 36/Tur&#351;u m&#601;hlullar&#305;n n&#601;qli ???n nasos d&#601;sti           640 W/0.85 HP, 110-120V / 60 Hz  Capacity: up to 13.5 GPM  up t",SEDANA TRADING,2350,AED
3067,PO-1005-V6819-1,09 Aug 2015,SHURTAPE PC590 GRAY DUCTING TAPE - 24MM,Rubaiya Zueaid Bldg. Mat. Co. LLC,3000,AED
3068,PO-1005-M4001-2,09 Aug 2015,PO for Pump Set For Acids And Base Solutions With Motor,LUTZ-JESCO MIDDLE EAST FZE,11137.7,AED
3069,PO-815-M4101-1,06 Aug 2015,ACROVYN 4000 - Wall Bumper System,INDUSTRIAL EQUIPMENT CORP.,2434.9,USD
3070,PO-1005-M6910-1,05 Aug 2015,Supply of LG Bolt Complete with Nuts And Spring Washer Various Sizes,Al Jazeera Bolts Industries LLC,193.2,AED
3071,PO-815-M4102-1,03 Aug 2015,PO for HSS-G DIN 338 VARIOUS SIZES - DEWALT,Ali Asger & Brothers LLC,22600,AED
3072,PO-1005-V4260-1,29 Jul 2015,SUPPLY OF B METERS WATER METER MODEL TAN-X5-R SIZE 2 1/2 INCH DN65,Memon Abdul Aziz Trading Company L.L.C.,7950,AED
3073,PO-1005-V4258-1,29 Jul 2015,SUPPLY OF ZURN WILKINS 2 ? INCHES BACK FLOW PREVENTER W/ AIR GAP AND CAST IRON WYE TYPE STRAINER ( FLANGED ONLY) MODEL 375 + AG + FS. As per attached data sheet.,INDUSTRIAL EQUIPMENT CORP.,11022,USD
3074,PO-1005-M4102-2,15 Jul 2015,Supply of Rubber Insulation,CALA LOGISTICS SERVICES,817.32,USD
3075,PO-1005-M4102-3,15 Jul 2015,Supply of Copper Tubes (Coil) Muller,ALPHA Global general Trading L.L.C.,5798.66,AED
3076,PO-1005-M4102-1,13 Jul 2015,SUPPLY OF MITSUBISHI A/C UNITS MS-HA18 MS-HA24 MS-HA30,United Electronics Co. LLC,156600,AED
3077,PO-1005-V6893-1,13 Jul 2015,PO for DENSO TAPE - 50MM SAME AS SUPPLIED BEFORE,BIN MOOSA & DALY LTD. LLC,2910,AED
3078,PO-1005-V6844-1,13 Jul 2015,SUPPY OF THERMOPLASTIC HOSE AND FITTINGS,SAIL EMARATE PIPES TRADING LLC,24647.7,AED
3079,PO-1005-M6890-1,08 Jul 2015,PO for Supply Of Nautilus Eyewash Station (Model No : NTLS SS 520),CARIBEEAN TRADING CO. LLC,4800,AED
3080,RFPO-637-T1000-1,08 Jul 2015,PO for ALTAIR 4X MULTIGAS DETECTOR,GASOS,4800,AED
3081,PO-1005-M6812-1,07 Jul 2015,PO for Balancing Valves for Hot Water,CALA LOGISTICS SERVICES,1746,USD
3082,PO-615-V4352-1,01 Jul 2015,PO for Hexogen bot and Nut,Asia Bolts Industries LLC,314.5,AED
3083,PO-1005-E6803-1,29 Jun 2015,PO fo r3 AND 4 way Toggle Switches (Hubbell brand),INDUSTRIAL EQUIPMENT CORP.,1001,USD
3084,PO-615-V4253-1,29 Jun 2015,PO for Grills and Dampers - SABRO,SABRO TECHNOLOGIES,4448,USD
3085,PO-1005-E6872-1,29 Jun 2015,PO for Emergency Light- PELSAN PN 5514-103,HAJI GHANI SONS,3600,USD
3086,PO-1005-V6871-1,29 Jun 2015,PO for 4 Way Toggle Switches (Hubbell Brand),INDUSTRIAL EQUIPMENT CORP.,398,USD
3087,PO-1005-V6869-1,28 Jun 2015,"PO for Hex Bolts, Flat and Spring Washers",Asia Bolts Industries LLC,2327.2,AED
3088,PO-1005-M6810-1,22 Jun 2015,PO for Nautilus Eyewash Station NTLS SS 520,CARIBEEAN TRADING CO. LLC,57600,AED
3089,RFPO-781-S9074-1,22 Jun 2015,PO for Technical Manpower Support,Power Controls-GC,40000,AED
3090,PO-1005-V6840-1,21 Jun 2015,SUPPLY OF Battery Support Box BATB-80 and Battery charger  PSC-122000A,INDUSTRIAL EQUIPMENT CORP.,700,USD
3091,PO-1005-V6833-1,18 Jun 2015,MR:2870: Supply of Bolts and Nuts,Asia Bolts Industries LLC,2773.8,AED
3092,PO-1005-V6840-2,18 Jun 2015,BOSCH ADDRESSABLE FIRE ALARM SYSTEM,INDUSTRIAL EQUIPMENT CORP.,18477.5,USD
3093,RFPO-781-V4251-1,15 Jun 2015,PO for FIRST AID KIT METAL MEDIUM AND SAFETY MASK 3M 8210,Midas Safety,394,AED
3094,RFPO-573-E6804-1,15 Jun 2015,PO for Supply Of FUEL LEVEL GAUGE FOR FUEL TANK (AFRISO EUROGAUGE),Jubaili Bros LLC,5520,USD
3095,PO-1005-V6824-1,14 Jun 2015,Fluke 1550C Insulation Tester - WITH CALIBRATION CERTIFICATE,Ali Asger & Brothers LLC,9800,AED
3096,PO-1005-T1005-1,11 Jun 2015,PO for Denso Tape - 50mm,BIN MOOSA & DALY LTD. LLC,970,AED
3097,PO-1005-E6801-1,11 Jun 2015,PO for EMERGENCY LIGHTING LUMINARY  HALOGEN LAMP,BE&#350; A ELEKTR&#304;K VE ELEKTRON&#304;K SAN. VE T&#304;C. LTD. &#350;T&#304;,3575,USD
3098,RFPO-573-V4252-1,10 Jun 2015,PO for GLASS PANEL (1200MM*800*10MM THICK WITH ALUMINUM FRAME),CALA LOGISTICS SERVICES,534.1,USD
3099,PO-615-T1000-1,10 Jun 2015,PO for SUPPLY OF SCHMERSAL (LIMIT SWITCH) Z4VH 335-11Z,Gulf Trade International FZC,2500,AED
3100,RFPO-573-V4254-1,09 Jun 2015,PO for Supply Of HALIDE BULB AS PER ATTACHED,CALA LOGISTICS SERVICES,121.52,USD
3101,RFPO-982-1746-1,09 Jun 2015,Construction of MFNDU LSA for MVL and Govt,World Gate Engineering & Construction,535998,USD
3102,PO-1005-E6802-1,09 Jun 2015,PO for ATS with Extended Panel (GE),BAHRI & MAZROEI TECHNICAL SYSTEMS CO. LLC,195367.5,AED
3103,PO-1005-T1004-1,08 Jun 2015,"PO for SUPPLY OF FLUKE METER, BOSCH LASER MEASURER",Ali Asger & Brothers LLC,6830,AED
3104,PO-1005-T1004-2,08 Jun 2015,PO for BOSCH TORPEDO 3-POINT ALIGN LASR GPL3T,Parts Mechanica World Wide LLC,390,AED
3105,RFPO-781-S9032-1,07 Jun 2015,Missing Materials Requirement,Honeywell International Middle East Ltd,377880,AED
3106,RFPO-573-S9051-1,07 Jun 2015,PO for PETROL FOR FINAL PL ANA FUEL DISPENSER,FEROOZ FUEL STATION,2375,USD
3107,RFPO-573-E6803-1,04 Jun 2015,PO for Supply Of PL 9 : ADDITIONAL ELECTRICAL MATERIALS,HAJI GHANI SONS,1470,USD
3108,RFPO-573-V4253-1,04 Jun 2015,PO for DOOR CLOSER: KALE BRAND MODEL NO. KD-002/30-330,AL MALIKA HARDWARE AND TOOLS,528,AED
3109,RFPO-573-A5203-1,04 Jun 2015,PO for DOOR STOPPER,CALA LOGISTICS SERVICES,225.4,USD
3110,RFPO-566-E6801-1,03 Jun 2015,PO for INSPECTION OF POWER TRANSFORMERS IN PAKISTAN,SGS Gulf Limited,700,USD
3111,RFPO-573-V4352-1,28 May 2015,PO for WARRANTY MANAGEMENT PLAN TRANSLATION TO DARI AND PASHTO,ELIA TRANSLATION CENTER,686,USD
3112,RFPO-573-E6801-1,28 May 2015,PO for DLM-ELC-93: INCANDESCENT ONE PIECE WITH APPROVED LENS STABILIZED HIGH IMPACT POLY CARBONATE 70W ( c ),AW Rostamani Lumina,2465,AED
3113,RFPO-573-E6802-1,26 May 2015,PO for SPARES-ADDITIONAL IKIZZLER EXIT SIGN,IKIZLER AYDINLATMA ARMATURLERI SAN VE. TIC. A.S,397,EURO
3114,PO-1005-M4104-1,26 May 2015,Supply Of Expansion Tank HIDRO TANK,CALA LOGISTICS SERVICES,1438.8,USD
3115,RFPO-573-V4251-1,25 May 2015,PO for Supply Of ADDITIONAL SPARES PLUMBING,United Ceramics & Building Materials,233.94,USD
3116,RFPO-573-A5201-1,25 May 2015,PO for ADDITIONAL SPARES HINGES,Consort Architectural Hardware,680,AED
3117,RFPO-573-M4101-1,25 May 2015,"PO for SPB-2020, F&F Fenner V-belt",Technical Industrial Supply LLC,850,AED
3118,PO-1005-P4252-1,24 May 2015,PO for 5000 PAIRS 3M EAR PLUG (3M-1110) (10 BOX X 500PAIRS/BOX),OKI BERING MIDDLE EAST FZE,2300,AED
3119,RFPO-573-S9031-1,21 May 2015,PO for Supply Of WWTP GRADING AND LEGACY BUILDING SITE GRADING,Kamal Baba Construction Company ?KBCC?,6000,USD
3120,RFPO-982-1590A-1,20 May 2015,ORD-982-1590A-1,TATEKAN Constructions and Services,9828756.34,USD
3121,RFPO-982-1590A-2,20 May 2015,ORD-982-1590A-1,TATEKAN Constructions and Services,9491022.84,USD
3122,PO-1005-S9032-1,18 May 2015,PO for Door Closer for Aluminum Door. KALE BRAND MODEL NO. KD-002/30-330,AL MALIKA HARDWARE AND TOOLS,704,AED
3123,RFPO-573-E6800-1,18 May 2015,PO for SEARCH LIGHT HANDLE 210 CM WITHOUT INSATALLATION - RFI - 0086,HAJI GHANI SONS,3586.8,USD
3124,PO-1005-S9031-1,17 May 2015,EXPANSION TANK - HIDROTANK BRAND,CALA LOGISTICS SERVICES,2783.2,USD
3125,RFPO-497-A5352-1,17 May 2015,PO for Supply Of JOMIX LION SERIES CP SINK MIXER - WALL MOUNTED LONG NECK L 6012 Pl # 8,JUNAID SANITARY ELECT. MAT. TR. LLC,1920,AED
3126,RFPO-497-V4252-1,17 May 2015,PO for 2 Loop Analogue Addressable Fire Protection And Alarm Panel - Extended Battery Cabinet,HAVEN FIRE & SAFETY LLC,19000,AED
3127,RFPO-497-V4251-1,13 May 2015,PO for VISON GLASS WITH GEORGIAN WIRE 95CM*60CM 6 MM THICK,CALA LOGISTICS SERVICES,1029,USD
3128,RFPO-497-E6800-1,13 May 2015,PO for METAL HALIDE FOR CANOPY LIGHT 170 WATTS,HAJI GHANI SONS,80,USD
3129,PO-1005-V6804-1,13 May 2015,PO for Door Closer for Aluminum Door. KALE BRAND MODEL NO. KD-002/30-330,AL MALIKA HARDWARE AND TOOLS,2640,AED
3130,RFPO-497-E6801-1,13 May 2015,PO for PL 8 CIRCUIT BREAKER ABB BRAND 225 AMPS AND 100 AMPS,HAJI GHANI SONS,289.1,USD
3131,RFPO-573-V4351-1,13 May 2015,PO for Supply FUELS FOR DELARAM TURNOVER,Falcon Eyes Logistic and Services,121181.704,USD
3132,RFPO-497-1484-2,10 May 2015,PUNCHLIST #3 SUPPLY OF MORTISE LOCK WITH CYLINDER,AL MALIKA HARDWARE AND TOOLS,5320,AED
3133,RFPO-982-1591A-1,05 May 2015,RFPO-982-1591A-1,Fox Logistics and Construction,7046365.01,USD
3134,PO-1005-V4251-1,28 Apr 2015,PO for Eurosafe FFP3 Valved Particulate Respirator,Atlas Safety Products,3200,AED
3135,RFPO-497-1633-1,26 Apr 2015,PO for Turkmenistan High Quality Diesel L-62,Falcon Eyes Logistic and Services,28787.31,USD
3136,RFPO-637-1636-1,26 Apr 2015,PO for Supply Of INTERIOR DOOR SIGNAGES,CALA LOGISTICS SERVICES,8677.9,USD
3137,RFPO-982-1597-1,20 Apr 2015,PO for Supply Of PPE SAFETY MATERIALS,CALA LOGISTICS SERVICES,3727.92,USD
3138,RFPO-497-1604-1,16 Apr 2015,PO for Supply Of LOOP CARDS AND MOTHER BOARDS FOR FIRE ALARM SYSTEM,HAVEN FIRE & SAFETY LLC,3750,AED
3139,RFPO-497-1602-1,15 Apr 2015,PO for Supply Of Approved Thermostat - STEGO FZ011.01170.0-00,Al Taqwa Electrical Ware Trading LLC,960,AED
3140,RFPO-637-1600-1,14 Apr 2015,PO for Supply Of TEX SCREW WITH EPDM WASHER - SDS ( Self Drilling Screw) 5.5 X 40mm,MEDAL BUILDERS Engineering & Construction Co.,117.6,USD
3141,RFPO-497-1585-1,13 Apr 2015,PO for ELECTRICAL PUNCH LIST # 7,HAJI GHANI SONS,6152.69,USD
3142,RFPO-497-1587-1,12 Apr 2015,PO for Supply Of ANALOGUE ADDRESSABLE HEAT DETECTOR C/W BASE,HAVEN FIRE & SAFETY LLC,180,AED
3143,PO-315-1534-2,08 Apr 2015,Purchase Order for FRBH 87,AW Rostamani Lumina,8250,AED
3144,PO-315-1534-3,08 Apr 2015,PO FOR BAOLAI PHOTOCELL,HAJI GHANI SONS,896.7,USD
3145,PO-415-1567-1,06 Apr 2015,PO for GRAVITY SHUTTER WITH ALUMINUM INSECT SCREEN,,1483,AED
3146,RFPO-637-1260-1,02 Apr 2015,PO for SCOPE OF WORK,World Gate Engineering & Construction,1523532.16,USD
3147,RFPO-637-1260-2,02 Apr 2015,"Change Order A : Anchor Bolt, Terrazo Tiles & Demolition And Disposal Of Temporary ECP",World Gate Engineering & Construction,1664382.16,USD
3148,RFPO-637-1260-3,02 Apr 2015,Change Order B : ADDITIONS TO SOW - HELIPAD,World Gate Engineering & Construction,1974480.82,USD
3149,RFPO-497-1560-1,01 Apr 2015,PO for Supply of EXPLOSION PROOF JUNCTION BOX 3/4 INCH THREAD 4 HOLES AS PER ATTACHED DATA SHEET,HAJI GHANI SONS,1102.5,USD
3150,RFPO-573-1555-1,31 Mar 2015,PO for Metal Enclosed Switch gear Compound With Fuse,Ulusoy Elektrik &#304;malat Taahhut ve Ticaret A.S.,1993.06,USD
3151,PO-315-1496-1,30 Mar 2015,PO for GUARD TOWER SEARCHLIGHTS,HAJI GHANI SONS,21070,USD
3152,PO-315-1558-1,30 Mar 2015,PO for Explosion Proof Thermostat - 862E,KIA SYSTEMS FZE,1372,USD
3153,RFPO-566-1557-1,29 Mar 2015,PO for GUARD TOWER  SEARCHLIGHTST FR300C MODEL A4826 HANDLE 2100MM,HAJI GHANI SONS,29498,USD
3154,PO-315-1540-1,24 Mar 2015,PO forDETENTION CELL LIGHTING FIXTURE D,TIC LIGHT ELECTRICAL CORP,5097,USD
3155,RFPO-497-1536-1,24 Mar 2015,PO for Electrical Panel Board 300A (200x100x35 cm),Panel Tech Engineering Co,2940,USD
3156,PO-315-1543-1,24 Mar 2015,PO for  Supply Of Detention Cell Toilet,MEDAL BUILDERS Engineering & Construction Co.,28322,USD
3157,RFPO-573-1538-1,23 Mar 2015,PO for Translation of O & M Construction Manuals,ELIA TRANSLATION CENTER,11038.72,USD
3158,SPO-573-1001-1,23 Mar 2015,PO for,Sahari Group of Companies,495096,USD
3159,SPO-573-1001-2,23 Mar 2015,PO for,Sahari Group of Companies,495096,USD
3160,PO-315-1534-1,19 Mar 2015,PO for DOOR LIGHTING FIXTURE ?C?,HAJI GHANI SONS,899.64,USD
3161,RFPO-573-1537-1,19 Mar 2015,PO for Supply Of Whole EPDM Waterproofing System ORGANIX,United Ceramics & Building Materials,2440.2,USD
3162,RFPO-497-1529-1,18 Mar 2015,PO for Supply Of PL #6 ADDITIONAL ELECTRICAL MATERIALS,HAJI GHANI SONS,2299.57,USD
3163,RFPO-497-1524-1,17 Mar 2015,PO for Supply of PL #6 DOUBLE ROBE HOOK RAK 21005 KLUDIRAK CALIBER,United Ceramics & Building Materials,627.2,USD
3164,RFPO-497-1526-1,17 Mar 2015,Supply Of PL #6 METAL BOX FOR VIKO RECEPTACLE (SAME AS SUPPLIED BEFORE),Panel Tech Engineering Co,279.3,USD
3165,PO-814-1078-3,17 Mar 2015,Differing Building Conditions (Column Anchor Bolt & Terrazzo),,0,USD
3166,SPO-637-1078-4,17 Mar 2015,Differing Building Conditions (Column Anchor Bolt & Terrazzo),World Gate Engineering & Construction,106150,USD
3167,SPO-637-1078-5,17 Mar 2015,Differing Building Conditions (Column Anchor Bolt & Terrazzo),World Gate Engineering & Construction,108165,USD
3168,RFPO-573-1522-1,15 Mar 2015,PO FOR Supply Of INCENERATOR OFFLOAD PUMP TRANSFER MATERIALS - SEAMLESS PIPE,Rubaiya Zueaid Building Materials Co. LLC,17490,AED
3169,PO-315-1518-1,12 Mar 2015,2 INCHES BACK FLOW PREVENTER,INDUSTRIAL EQUIPMENT CORP.,1190,USD
3170,PO-315-1518-2,12 Mar 2015,SUPPLY OF FLOOR DRAIN,United Ceramics & Building Materials,205.8,USD
3171,RFPO-497-1517-1,11 Mar 2015,Supply Of ADDITIONAL CONCERTINA WIRE FOR FENCES 2ND ORDER,CALA LOGISTICS SERVICES,599.76,USD
3172,PO-315-1515-1,10 Mar 2015,ORDER 965 SUPPLY OF THERMOSTAT FZK011,Al Taqwa Electrical Ware Trading LLC,120,AED
3173,RFPO-497-1513-1,10 Mar 2015,PO for Supply OF UNIT HEATER HEATER GLEN DIMPLEX AC3N,GLEN DIMPLEX IRELAND,1786.05,GBP
3174,PO-315-1515-2,10 Mar 2015,PO for APPROVED EYEWASH STATION,Midas Safety,1850,AED
3175,PO-315-1510-1,09 Mar 2015,PO for FRP PIPES AND FITTINGS (ORD 963),FUTURE PIPE INDUSTRIES,6947.7,USD
3176,PO-315-1510-2,09 Mar 2015,PO for FOAM BLOCK - CENTRALIZER FOR FRP,Prime Seal Insulation and Protective Materials LLC,10140,AED
3177,PO-315-1509-1,08 Mar 2015,Supply Of ZIP TYPE WRAP AROUND CABLE REPAIR SLEEVE CRSM 107/29-1500,Skylight Electric Ware Trading LLC,400,AED
3178,RFPO-497-1474-1,05 Mar 2015,PO for Supply of  ADDITIONAL MATERIALS FOR FENCE,Nuween Goster construction and Architecture Co.,17517,USD
3179,RFPO-573-1505-1,05 Mar 2015,PO for Supply Of SPARES - STEEL DOOR ACCESSORIES,Consort Architectural Hardware,600,AED
3180,RFPO-497-1506-1,05 Mar 2015,PO for Supply Of 3000 Watt Dimmer Switches For Fans (SAME AS SUPPLIED BEFORE) PL 4,AL Kissoof General Trading LLC,1700,USD
3181,PO-315-1507-1,05 Mar 2015,PO for KMP Panel with Cable Set 6KW,Baymak Mak San ve Tic AS,86,USD
3182,RFPO-573-1508-1,05 Mar 2015,PO for FRP PIPES AND FITTINGS,FUTURE PIPE INDUSTRIES,9238.76,USD
3183,RFPO-497-1494-1,04 Mar 2015,PO for Supply Of CHEMICAL BUILDING AND PL 4 ELECTRICAL MATERIAL [LIGHTING FIXTURE B & B2],PELSAN Elektrik San. ve Dis Tic Ltd. Sti,2994.7,USD
3184,RFPO-573-1503-1,04 Mar 2015,PO for Supply Of WOODEN RACK FOR WEAPONS (AS PER APPROVED DRAWING),MEDAL BUILDERS Engineering & Construction Co.,19551,USD
3185,RFPO-497-1504-1,04 Mar 2015,PO for Supply Of ADDITIONAL CONCERTINA WIRE FOR FENCES,CALA LOGISTICS SERVICES,370.44,USD
3186,RFPO-497-1493-1,03 Mar 2015,"PO for Supply Of 4TH PUNCHLIST - GI PLAIN SHEET, M10 ANCHOR BOLT AND CE170A TONER",CALA LOGISTICS SERVICES,1145.13,USD
3187,RFPO-573-1478-1,02 Mar 2015,PO for Supply Of SPARES - PLUMBING MATERIALS,MILLI FACTORY,341.65,USD
3188,RFPO-573-1488-1,02 Mar 2015,PO for Supply Of SPARES PLUMBING GI MI CPVC FITTINGS,Rubaiya Zueaid Building Materials Co. LLC,554,AED
3189,RFPO-573-1489-1,02 Mar 2015,PO for Supply Of SPARES - DOOR ACCESSORIES ALUMINUM DOOR AND PVC DOOR,RUYA PVC VE ALUMINYUM DOGRAMA SAN. VE TIC.LTD.&#350;T&#304;,12010.4,USD
3190,RFPO-497-1482-1,01 Mar 2015,PO for Supply Of Flexible Conduit Connection 3/4 Inch,"Reliable City FZE, General Trading Co.",324,USD
3191,RFPO-573-1483-1,01 Mar 2015,PO for Supply Of SPARES CLEANOUT STRAIGHT - 3 INCHES OATEY 74217,United Ceramics & Building Materials,455.7,USD
3192,RFPO-497-1484-1,01 Mar 2015,PO for Supply Of ADDITIONAL DOOR HARDWARE 3RD PUNCHLIST,RUYA PVC VE ALUMINYUM DOGRAMA SAN. VE TIC.LTD.&#350;T&#304;,4197,USD
3193,RFPO-573-1487-1,01 Mar 2015,"PO for Supply Of SPARE - Fire Extinguishers, Dry Chemical Type, 4.5 Kg, Ref FE",Bristol Fire Engineering LLC,1870,AED
3194,RFPO-497-1475-1,26 Feb 2015,PO for Supply Of ALUMINUM FILTER 18 SQ.M,ACCURA,4250,AED
3195,RFPO-573-1467-1,25 Feb 2015,PO for Supply Of SPARES - IKIZLER EXIT SIGN (SAME AS SUPPLIED BEFORE),IKIZLER AYDINLATMA ARMATURLERI SAN VE. TIC. A.S,2342.3,EURO
3196,RFPO-573-1477-1,25 Feb 2015,PO for Supply Of SPARES - INCANDESCENT ONE PIECE WITH APPROVED LENS STABILIZED HIGH IMPACT POLY CARBONATE (100W),AW Rostamani Lumina,8250,AED
3197,RFPO-497-1469-1,24 Feb 2015,PO for Supply Of LEADED SINGLE WOODEN DOORS,Frank Shields Medical Equipment,10700,AED
3198,RFPO-573-1468-1,24 Feb 2015,PO for Supply Of Spares - Plumbing,United Ceramics & Building Materials,3080.14,USD
3199,RFPO-497-1464-1,23 Feb 2015,"PO for Supply Of 100x40mm, PERFORATED CABLE TRAY, PREGALVANIZED",Panel Tech Engineering Co,3055.64,USD
3200,RFPO-573-1465-1,23 Feb 2015,PO for Supply Of SPARES - DECO LIGHTING FIXTURE EMERGENCY BATTERY PACK (B) DCX-1236-WH2250 (as Per Approved Data Sheet Of Deco Emergency Light),TIC LIGHT ELECTRICAL CORP,5882.97,USD
3201,RFPO-573-1466-1,23 Feb 2015,PO for SUPPLY OF SPARES - THERMOSTAT N/C+N/O FZK011.,WORLD BRIDGE GENERAL TRADING LLC,1743,AED
3202,RFPO-497-1455-1,22 Feb 2015,PO for Supply Of Nurses Cabinet 138 (Cabinet With Counter-top Stone),MEDAL BUILDERS Engineering & Construction Co.,539,USD
3203,PO-215-1456-1,22 Feb 2015,ADDITIONAL CEILING FAN 5 SPEED PANASONIC MODEL F56MZ2,Al Futtaim Panatech LLC,157,AED
3204,RFPO-497-1457-1,22 Feb 2015,PO for EXCEL CLEAT ANGLE CONNECTOR,,2250,AED
3205,RFPO-573-1458-1,22 Feb 2015,PO for Supply Of SPARES - TWISTED LAMP. TORNADO. PHILIPS BRAND 42W WW E27 220-240V,Gulf Ocean Lights LLC,27268.5,AED
3206,RFPO-573-1460-1,22 Feb 2015,PO for Supply of  SPARES - WALL MOUNTED SINK MIXER/SHORT NECK,CALA LOGISTICS SERVICES,1111.32,USD
3207,RFPO-573-1462-1,22 Feb 2015,PO for Supply Of SPARE - Analogue Addressable Optical Smoke Detector C/w Base CAP320+CAB3000,HAVEN FIRE & SAFETY LLC,11235,AED
3208,RFPO-573-1463-1,22 Feb 2015,PO for Supply Of SPARE - JOMIX LION SERIES CP SINK MIXER - WALL MOUNTED /LONG NECK L 6012,JUNAID SANITARY ELECT. MAT. TR. LLC,4020,AED
3209,PO-215-1456-2,22 Feb 2015,PO for MK SWITCH,SMKA Electric LLC,2311.34,AED
3210,RFPO-497-1451-1,19 Feb 2015,"PO for CEILING FAN, 5 SPEED, PANASONIC",Al Futtaim Panatech LLC,3925,AED
3211,RFPO-497-1453-1,19 Feb 2015,PO for 20A INTERMEDIATE SWITCH MODULE,SMKA Electric LLC,4325.23,AED
3212,RFPO-497-1450-1,18 Feb 2015,PO for DURO DYNE FLEXIBLE CONNECTOR,,500,AED
3213,RFPO-497-1445-1,17 Feb 2015,PO for KIMMCO INSULATION MATERIALS AND EMT STRAP 3/4 INCHES ALEX BRAND UL LISTED,"Reliable City FZE, General Trading Co.",2369.1,USD
3214,RFPO-497-1442-1,16 Feb 2015,"PO for  TAIL PIPE SUPPORT, HVAC FRAME AND ALUMINUM TAPE FOR DUCT INSULATION",KHAN ENGINEERING CO. LTD,4450.38,USD
3215,RFPO-497-1441-1,15 Feb 2015,PO for SPLICE KIT 3C*150MM2 XKPE ARMORED,Skylight Electric Ware Trading LLC,510,AED
3216,RFPO-497-1438-1,12 Feb 2015,PO for ADDITIONAL ELECTRICAL PUNCH LIST #3,HAJI GHANI SONS,4674.7,USD
3217,RFPO-497-1436-1,09 Feb 2015,PO for FOAM BLOCK - CENTRALIZER FOR FRP PIPES,Prime Seal Insulation and Protective Materials LLC,13093.75,AED
3218,RFPO-497-1431-1,01 Feb 2015,PO for DYS0968960 DYMO Label Manager 420P,NISHAT GENERAL COMPANY LLC,540,AED
3219,RFPO-573-1430-1,01 Feb 2015,PO for ADDITIONAL ROOFING FOR SMALL ARMS BUILDINGS,Rahim Gardizi Co. LTD,7413.7,USD
3220,RFPO-497-1426-1,26 Jan 2015,PO for GALVANIZED BARBED WIRE FOR FENCING,Pride Kandahar Construction and General Supply Company,1127,USD
3221,RFPO-497-1421-1,25 Jan 2015,PO for DIESEL FUEL FOR TESTING AND COMMISSIONING OF FUEL LINES,Falcon Eyes Logistic and Services,31546.2,USD
3222,RFPO-497-1419-1,25 Jan 2015,PO for DLM-ELC-68-1:MK SWITCH BOX K8901ALM (as Per Received Sample Picture),SMKA Electric LLC,1497.6,AED
3223,RFPO-573-1418-1,21 Jan 2015,PO for ROOFING REQUIREMENT FOR GUARD TOWERS,Rahim Gardizi Co. LTD,6692.42,USD
3224,RFPO-497-1413-1,20 Jan 2015,PO for FROSTED FILM US BRAND,CALA LOGISTICS SERVICES,744.8,USD
3225,RFPO-573-1414-1,20 Jan 2015,PO for TexSscrew with EPDM Washer,MEDAL BUILDERS Engineering & Construction Co.,80.85,USD
3226,RFPO-637-1411-1,19 Jan 2015,PO for Vehicle Rentals 5 Months,Global Door Logistics,12000,USD
3227,RFPO-497-1409-1,18 Jan 2015,PO for BISON KIT (approx. 4.5 liters),Rubaiya Zueaid Bldg. Mat. Co. LLC,2120,AED
3228,RFPO-497-1410-1,18 Jan 2015,PO for INSTALLATION TOOLS - PU FLOORING,Gulf Trading,8848,AED
3229,RFPO-573-1407-1,14 Jan 2015,PO for  HEAT SHRINK 15 KV MULTICORE 3*150 MM2 ( RAYCHEM BRAND),AL Kissoof General Trading LLC,740,USD
3230,RFPO-497-1408-1,14 Jan 2015,PO for DLM-ARC-458: LEAD SHEET,Anwar Al Madeenah Building Materials Trading LLC,29150,AED
3231,RFPO-497-1403-1,13 Jan 2015,PO for Expansion Bolt M12 x 150mm,CALA LOGISTICS SERVICES,352.8,USD
3232,RFPO-573-1405-1,13 Jan 2015,PO for TEXAS WALLS (2 METER LENGTH *2.24 METER WIDTH),Farid Helmandi Construction Company,10298,USD
3233,RFPO-497-1406-1,13 Jan 2015,PO for PANEL BOARD - DUPLEX FUEL PUMP CONTROL PANEL,afi ELEKTROMEKANIK,6452.8,EURO
3234,RFPO-497-1395-1,11 Jan 2015,PO for HEAT SHRINK (RAYCHEM BRAND) DIMMER SWITCH (SURFACE MOUNTED) AND PVC CONNECTOR,HAJI GHANI SONS,1903,USD
3235,RFPO-781-1401-1,11 Jan 2015,PO for PPE MATERIALS,Rubaiya Zueaid Bldg. Mat. Co. LLC,261,AED
3236,RFPO-497-1391-1,08 Jan 2015,PO for PREMIER DUCT SEALANT 32-17 (24 NOS/BOX),,1955,AED
3237,RFPO-497-1392-1,08 Jan 2015,PO for  ADDITIONAL POWER TOOLS DELARAM,Pride Kandahar Construction and General Supply Company,2524.48,USD
3238,RFPO-497-1389-1,07 Jan 2015,PO for DLM-ARC-14: NATIONAL EPOXY THINNER,NATIONAL PAINTS FACTORIES CO. LTD.,9562.5,AED
3239,RFPO-497-1390-1,07 Jan 2015,PO for Wire Nut - 6 Mm. And Aluminum Tape 50 Mm Wide-22.5 M Long,"Reliable City FZE, General Trading Co.",1744,USD
3240,RFPO-497-1386-1,06 Jan 2015,PO for EMT LB CONNECTORS 3/4 Inches UL LISTED,"Reliable City FZE, General Trading Co.",1206,USD
3241,RFPO-497-1388-1,06 Jan 2015,PO for EXPLOSION PROOF HEAVY DUTY THERMOSTAT MERCOID,INDUSTRIAL EQUIPMENT CORP.,2496,USD
3242,RFPO-573-1385-1,06 Jan 2015,PO for Panic Bars for Single & Double Doors,Universal Door Products,4850,AED
3243,RFPO-497-1382-1,05 Jan 2015,PO for DLM-ARC-21-1 : MASTERTILE 30 Cementitious Polymer modified tile adhesive.,United Ceramics & Building Materials,980,USD
3244,RFPO-497-1383-1,05 Jan 2015,PO for Mitsubishi Ac Msh-a10,"Reliable City FZE, General Trading Co.",1278.9,USD
3245,RFPO-497-1333-1,05 Jan 2015,PO for Additional 26 Pcs AC3N Dimplex Unit Heaters,GLEN DIMPLEX IRELAND,1719.9,GBP
3246,RFPO-497-1384-1,05 Jan 2015,PO for NATIONAL PAINTS EPOXY THINNER,SEFATULLAH NASARY WARDAG LTD.,3062.5,USD
3247,RFPO-497-1381-1,04 Jan 2015,PO for VOICE EVACUATION SYSTEM FOR DFAC,HAVEN FIRE & SAFETY LLC,39900,AED
3248,RFPO-497-1380-1,04 Jan 2015,PO for BRISTOL FIRE EXTINGUISHERS FOR CLUSTER B AND CLUSTER C,Bristol Fire Engineering LLC,13145,AED
3249,RFPO-497-1378-1,30 Dec 2014,PO MOTORIZED DUMPERS VCD,,16000,AED
3250,RFPO-497-1379-1,30 Dec 2014,PO for ALEX 90 DEG RIGID ELBOW 3/4 Inches WITH COUPLING,HAJI GHANI SONS,1357.28,USD
3251,RFPO-497-1376-1,29 Dec 2014,PO for Lighting Fixture Medical - D,AW Rostamani Lumina,3200,AED
3252,RFPO-497-1377-1,29 Dec 2014,PO for Supply Of EMT CONDUIT CONNECTORS - COMPRESSION TYPE,"Reliable City FZE, General Trading Co.",2935.1,USD
3253,RFPO-497-1375-1,28 Dec 2014,PO for Stainless Steel Mirror,AL HASHIMI METAL PRODUCTS MANUFACTURING LLC,4680,AED
3254,RFPO-158-1374-1,23 Dec 2014,PO for Male and Female connect coupling,Rubaiya Zueaid Bldg. Mat. Co. LLC,6970,AED
3255,PO-1114-1281-1,23 Dec 2014,PO for 2nd requirement against Fuel Supply System and Refueling Station,OPE ENERJI DIS TIC. LTD. STI,57724.8,USD
3256,RFPO-497-1371-1,22 Dec 2014,PO for LEADED WOODEN DOORS FOR MEDICAL,Frank Shields Medical Equipment,34350,AED
3257,RFPO-497-1372-1,22 Dec 2014,PO ADDITIONAL ELECTRICAL ITEMS,HAJI GHANI SONS,3597.58,USD
3258,RFPO-497-1366-1,21 Dec 2014,PO ADDITIONAL EMERGENCY BATTERY PACK - DECO LIGHTING,TIC LIGHT ELECTRICAL CORP,516.05,USD
3259,RFPO-573-1368-1,21 Dec 2014,PO for LV MV SPLICE KIT RAYCHEM BRAND,HAJI GHANI SONS,1721.86,USD
3260,RFPO-573-1369-1,21 Dec 2014,PO for KEY CABINETS. SRM BRAND,Durob General Trading,7827.5,AED
3261,PO-913-513-3,18 Dec 2014,vijay PO,AKMA General Trading LLC,1,AED
3262,RFPO-497-1358-1,17 Dec 2014,PO for DIMMER SWITCH FOR FANS 3000WATTS/13AMP,AL Kissoof General Trading LLC,22177.56,AED
3263,RFPO-497-1361-1,16 Dec 2014,PO for SILICON SEALANT AND GASKET SEALANT ,CALA LOGISTICS SERVICES,10682,USD
3264,RFPO-158-1362-1,16 Dec 2014,PO 4.5 KG DRY POWDER FIRE EXTINGUISHER (BRISTOL - UAE) For CLUSTER A,Bristol Fire Engineering LLC,8525,AED
3265,RFPO-497-1364-1,16 Dec 2014,PO for FRP PIPES AND FITTINGS,FUTURE PIPE INDUSTRIES,21474.8,USD
3266,RFPO-497-1350-1,15 Dec 2014,PO FOR FIRE RATED COUNTER SHUTTER IMPORTED (AS PER UL STANDARDS) MALAYSIA MADE,TEKMARK International FZC,50475,AED
3267,RFPO-497-1356-1,15 Dec 2014,PO for Rigid Insulation Styrofoam And Alpha Dry (Adhesive),AZIZ ULLAH NASARY WARDAK LTD,28008.4,USD
3268,RFPO-497-1359-1,15 Dec 2014,PO for CARTRIDGE FOR LABELING MACHINE 12mm,CALA LOGISTICS SERVICES,931,USD
3269,RFPO-497-1360-1,15 Dec 2014,PO D1 Tape 12mmx7mtr Black on White D1 Tape 12mmx7mtr Black on White,NISHAT GENERAL COMPANY LLC,18130,AED
3270,RFPO-573-1349-1,14 Dec 2014,PO for Supply and Installation of Alaska Wall and Crane Rental,Farid Helmandi Construction Company,62300,USD
3271,RFPO-497-1354-1,14 Dec 2014,PO for ADDITIONAL POWER TOOLS - MAKITA,HAMD GROUP,6017.2,USD
3272,RFPO-497-1355-1,14 Dec 2014,PO ADDITIONAL ELECTRICAL TOOLS,HAJI GHANI SONS,4344.34,USD
3273,SPO-781-1267-1,14 Dec 2014,PO for MVL_HIMEL Al Dhafra Subcontract Agreement,Honeywell International Middle East Ltd,1780000,AED
3274,RFPO-497-1339-1,11 Dec 2014,"PO ARROW PIPE IMC CONDUIT, 3/4 INCHES",HAJI GHANI SONS,5336.1,USD
3275,RFPO-497-1342-1,11 Dec 2014,PO for TEFLON TAPE,TOP LEVEL CONSTRUCTION & LOGISTIC COMPANY.,705.6,USD
3276,RFPO-497-1344-1,11 Dec 2014,PO for paint for the B.1.1 doors same supplied before. RAL 1013,TEKMARK International FZC,1160,AED
3277,RFPO-497-1341-1,10 Dec 2014,PO for ADDITIONAL ELECTRICAL ITEMS,HAJI GHANI SONS,2384.536,USD
3278,RFPO-497-1338-1,10 Dec 2014,PO for AIR TERMINAL AND ACCESSORIES - AMPER,HAJI GHANI SONS,8275.12,USD
3279,RFPO-573-1211-1,09 Dec 2014,PO for SITE WORK : Supply and Install - Aggregates,AHI Carrier Fzc,76740,USD
3280,RFSPO-497-1044-2,09 Dec 2014,PO for DISCOUNT.,Al Futtaim Auto Machinery Company LLC,144,USD
3281,RFPO-497-1335-1,09 Dec 2014,PO for PVC PIPES AND FITTINGS,MILLI FACTORY,1762.33,USD
3282,RFPO-497-1332-1,09 Dec 2014,"PO for CPVC PIPE AND FITTINGS(COLOR SHOULD BE GRAY), GI FITTINGS, CPVC CLEANER",CALA LOGISTICS SERVICES,5478.8,USD
3283,RFPO-497-1331-1,09 Dec 2014,PO for EUROPA MEDIUM SOAP DISH AND FLUSH STRING FOR EASTERN WATER CLOSET,United Ceramics & Building Materials,733.04,USD
3284,SPO-814-1078-2,09 Dec 2014,PO for ORD637-714-2005,HBCC - HABILE BUILDER CONSTRUCTION COMPANY,1,USD
3285,RFPO-497-1336-1,09 Dec 2014,PO for FIBERGLASS WOOL AND INSULATION SCREEN,MEDAL BUILDERS Engineering & Construction Co.,382.2,USD
3286,PO-613-335-2,08 Dec 2014,PO for Distribution Panel,AKMA General Trading LLC,2468,USD
3287,RFPO-497-1330-1,08 Dec 2014,PO Back Flow Preventer with Air Gap - ZURN,INDUSTRIAL EQUIPMENT CORP.,564,USD
3288,RFPO-497-1334-1,08 Dec 2014,PO for Stainless steel toilet paper holder with cover (Model 02.112-30 Inox Bright),AL HASHIMI METAL PRODUCTS MANUFACTURING LLC,259.2,AED
3289,RFPO-497-1325-1,08 Dec 2014,PO FOR HVAC MATERIALS - FABRICATED,CALA LOGISTICS SERVICES,6300.15,USD
3290,RFPO-497-1323-1,07 Dec 2014,PO for 4C and 5C Hes Kablo and Copper Cable Lugs,HAJI GHANI SONS,6643.2,USD
3291,RFPO-497-1324-1,07 Dec 2014,PURCHASE ORDER FOR ADDITIONAL SANITARY WARES AND SIKADUR 31 CF SLOW,United Ceramics & Building Materials,12510.69,USD
3292,RFPO-497-1327-1,07 Dec 2014,PO for DLM-ARC-30: SINGLE PVC DOOR (G). 1000MM X 2000MM,RUYA PVC VE ALUMINYUM DOGRAMA SAN. VE TIC.LTD.&#350;T&#304;,330,USD
3293,RFPO-497-1326-1,07 Dec 2014,POAdditional Weather-strip and Door Vision Glass for Type B.1.1,TEKMARK International FZC,15852.5,AED
3294,RFPO-497-1329-1,07 Dec 2014,"PO for STRAINER & ACC., PRESSURE GAUGE, BALL VALVES CRANE D171",Rubaiya Zueaid Bldg. Mat. Co. LLC,14886,AED
3295,RFPO-497-1315-1,04 Dec 2014,PO for Roof Requirement,Rahim Gardizi Co. LTD,17403,USD
3296,RFPO-497-1321-1,04 Dec 2014,PO for  BARE COPPER AND GROUNDING CABLE (VATAN KABLO BRAND) AND EXPLOSION PROOF EMERGENCY BATTERY PACK,"Reliable City FZE, General Trading Co.",16155,USD
3297,RFPO-497-1044-1,02 Dec 2014,PO for DISCOUNT.,afi ELEKTROMEKANIK,1522756,USD
3298,RFPO-497-1312-1,01 Dec 2014,PO for MEDICAL LIGHTING FIXTURES A3 AND A4 - FRATER,AW Rostamani Lumina,23515,AED
3299,RFPO-497-1301-1,27 Nov 2014,STAINLESS TABLE FOR DFAC,MEDAL BUILDERS Engineering & Construction Co.,2600,USD
3300,RFPO-158-1303-1,25 Nov 2014,PO for DLM-ARC-460: VOLLEYBALL COURT FLOORING [SHEET RUBBER COMPOSITION] - LESUTAN BS [9MM: 5MM + 4MM] CONCRETE BASE,,39000,AED
3301,RFPO-497-1287-1,20 Nov 2014,"PO MEDICAL LIGHTING FIXTURE FOR TYPE A1F, B, C - SOLTA",PELSAN Elektrik San. ve Dis Tic Ltd. Sti,1698.95,USD
3302,RFPO-158-1289-1,20 Nov 2014,PO for DLM-ARC-458: GYM FLOORING [RESILIENT MAT UNDERLAY - LESUTAN BS [12.5MM : 10MM + 2.5MM] CONCRETE BASE,,135000,AED
3303,RFPO-497-1278-1,19 Nov 2014,PO Backsplash and Corner Guard for Kitchen,AL HASHIMI METAL PRODUCTS MANUFACTURING LLC,24669.95,AED
3304,RFPO-497-1283-1,19 Nov 2014,"PO for K762 KNAUF Safe board. Model K762, Size: 625mm x 2400mm x 12.5mm thickness",Knauf LLC,25156.34,AED
3305,RFPO-573-1273-1,17 Nov 2014,PO for ROYAL PVC ELECTRICAL CONDUIT AND FITTINGS - SCH80 - ROYAL BRAND,Royal Standard PVC Co. Ltd,122172.55,USD
3306,PO-1114-1252-1,16 Nov 2014,PO FUEL SUPPLY SYSTEM AND REFUELING STATION,OPE ENERJI DIS TIC. LTD. STI,22837.4,USD
3307,RFPO-158-1255-1,09 Nov 2014,PO for Stationery Vehicle Exhaust System Components,GEM INDUSTRIAL EQUIPMENT TRADING L.L.C,249534,AED
3308,RFPO-158-1256-1,09 Nov 2014,PO PNEUMATIC PRESSURE REGULATOR MODEL # RM4000-15-W-T8,GEM INDUSTRIAL EQUIPMENT TRADING L.L.C,23320.8,AED
3309,RFPO-497-1253-1,06 Nov 2014,LEADED GLASS AND WINDOW FRAME,Frank Shields Medical Equipment,5520,AED
3310,RFPO-497-1249-1,05 Nov 2014,MEDICAL FLOORING VEGA PLUS,Gulf Trading,5640,AED
3311,RFPO-497-1242-1,03 Nov 2014,PO for ABOVEGROUND FUEL STORAGE TANK ,OPE ENERJI DIS TIC. LTD. STI,16325,USD
3312,RFPO-497-1238-1,30 Oct 2014,PO FOR ADDITIONAL SANDWICH PANEL ACCESORIES,IZOCAM Ticaret Ve Sanayi A.S>,15931.2,USD
3313,RFPO-497-1241-1,30 Oct 2014,PO FOR EXPLOSION PROOF FITTINGS AND SEALING COMPOUND,afi ELEKTROMEKANIK,8487,EURO
3314,RFPO-497-1226-1,29 Oct 2014,PO for CARRIER HEAT PUMP,AHI Carrier Fzc,66050,USD
3315,RFPO-497-1237-1,29 Oct 2014,PO FOR EXPLOSION PROOF FITTINGS - CORTEM,CORTEM MIDDLE EAST FZCO,68300,AED
3316,RFPO-497-1231-1,28 Oct 2014,PO for WOOD BURNING STOVE AND ACCESSORIES,KHAN ENGINEERING CO. LTD,27400,USD
3317,RFPO-158-939-1,26 Oct 2014,PO for DLM-ELC-72 : SCHUKO CEE 7 GFCI RECEPTACLE - 70225-10HGD,International Configurations Inc.,94426.08,USD
3318,RFPO-158-1205-1,22 Oct 2014,PO FOR PANEL BOARDS,Panel Tech Engineering Co,257300,USD
3319,RFPO-497-1201-1,20 Oct 2014,PO for METAL BOX FOR VIKO RECEPTACLE,Panel Tech Engineering Co,21880.4,USD
3320,RFPO-497-1203-1,20 Oct 2014,PO VIKO DUPLEX RECEPTACLE,afi ELEKTROMEKANIK,11976.86,USD
3321,RFPO-497-1182-1,20 Oct 2014,"PO for INLINE, WALL AND EXPROOF EXHAUST FANS - LEMINAR",LEMINAR AIR CONDITIONING CO. LLC,376400,AED
3322,RFPO-497-1204-1,20 Oct 2014,PO FOR FUEL SUPPLY SYSTEM AND REFUELING STATION,OPE ENERJI DIS TIC. LTD. STI,109907.25,USD
3323,RFPO-497-1198-1,19 Oct 2014,PO Refueling Station Lighting Fixtures - Appleton,AEL,3393.48,GBP
3324,RFPO-158-1190-1,15 Oct 2014,PURCHASE ORDER FOR H2S GAS DETECTOR - SBS,SBS,10404,USD
3325,RFPO-497-1189-1,15 Oct 2014,PO for DOGAN FENCES AND ACCESSORIES,DOGAN TEL ORGU DEMIR DEKORASYON,149613.78,USD
3326,RFPO-497-1183-1,14 Oct 2014,PO FOR WATER HEATER - RE CIRCULATING PUMP - LOWARA (Xylem TLCH 32-12L),ARJ WATER TECHNOLOGY,7500,AED
3327,RFPO-497-1179-1,09 Oct 2014,PO for PRE FABRICATED STEEL DUCT,Century Mechanical Systems,87750,AED
3328,RFPO-497-1166-1,01 Oct 2014,PO for DLM-ARC-03: 1-SPD 1000 TYPE 50 RW WALL PANEL,IZOCAM Ticaret Ve Sanayi A.S>,30417.422,USD
3329,RFPO-497-1156-1,29 Sep 2014,PO Prestige Aluminum Flagpole - 12 mtr,TRIDENT SUPPORT FLAGPOLES LLC,105462.5,AED
3330,RFPO-497-1159-1,29 Sep 2014,PO for SUBCONTRACT AGREEMENT FOR INSTLLATION / TESTING / COMMISIONING OF COLD STORAGE SYSTEM,AKBAR MIRZAD GROUP OF COMPANIES,77000,USD
3331,RFPO-497-1151-1,25 Sep 2014,PO forKIMMCO PIPE INSULATION AND ALUMINUM TAPE,Rubaiya Zueaid Bldg. Mat. Co. LLC,35730.22,AED
3332,RFPO-497-1121-1,25 Sep 2014,"PO for 	MAXEL DUCT HEATER UL LISTED & Non-UL LISTED HEATER",MAXELL INDUSTRIES LLC,266470,AED
3333,RFPO-497-1140-1,25 Sep 2014,PO FIRE BRICKS [CAPSTONE],CAPSTONE CERAMICS FZE,42625,AED
3334,RFPO-497-1145-1,24 Sep 2014,PO for ELECTRO LINE OUTLET BOXES AND COVER CODED A [COMMUNICATION BOX],GMG DIS TICARET LTD. STI,4321.2,USD
3335,RFPO-497-1152-1,24 Sep 2014,PO for ALUMINUM DOORS,RUYA PVC VE ALUMINYUM DOGRAMA SAN. VE TIC.LTD.&#350;T&#304;,296263,USD
3336,RFPO-497-1138-1,18 Sep 2014,PO GEWISS ROTARY SWITCHES [2 POLE AND 4 POLE],Gulf Ocean Lights LLC,16987.5,AED
3337,RFPO-497-1139-1,18 Sep 2014,"PO for DLM-ELC-104-3: THERMOPLASTIC HOUSING EXIT SIGN WITH LED LAMPS, RED LETTERS  inches IN HEIGHT 3/4 STROKE WIDTH , WITH NiCad BATTERY 4.8V.07Ah (Operate for 90 minutes ) ; LED LAMPS HEAD CAPABILIT",IKIZLER AYDINLATMA ARMATURLERI SAN VE. TIC. A.S,9329.500179,EURO
3338,RFPO-497-1131-1,16 Sep 2014,"PO for DECO LIGHTING FIXTURE EMERGENCY BATTERY PACK - [B], (As per approved data sheet of Deco Emergency Light)",TIC LIGHT ELECTRICAL CORP,39143.29939,USD
3339,RFPO-497-1128-1,16 Sep 2014,"PO for 1ST & 2ND STAGE EMERSON REGULATOR, PACIFIC SEISMIC SHUT OFF VALVE, FUSIBLE LINK VALVE BI-TORQ",INDUSTRIAL EQUIPMENT CORP.,883.8499947,USD
3340,RFPO-497-1106-1,16 Sep 2014,PO for ADDRESSABLE FIRE ALARM DEVICE- COOPER,HAVEN FIRE & SAFETY LLC,216555,AED
3341,RFPO-497-1135-1,15 Sep 2014,"PO for TORNADO 42W WW E27 220-240V [FOR LIGHTING FIXTURE AL1, AL2 & AL3]",Gulf Ocean Lights LLC,113312.5,AED
3342,RFPO-497-1130-1,14 Sep 2014,PO for GRANDLITE VT956,AW Rostamani Lumina,6944,AED
3343,RFPO-497-1123-1,14 Sep 2014,PO for DLM-ELC-89: TYPE AL-2 - VAPOUR WET LOCATION JELLY JAR FIXTURE WITH MEDIUM SCREW IN BASE,"Merchant Intl, Inc Middle East FZCO",44879.08002,USD
3344,RFPO-497-1125-1,11 Sep 2014,PO for CORTEM LIGHTING FIXTURES J & J2,CORTEM MIDDLE EAST FZCO,108136,AED
3345,RFPO-497-1126-1,11 Sep 2014,PO for STS Cable Trays and Accesories,STS ELK.PAZ.TIC.LTD.STI.,12282.49998,USD
3346,RFPO-497-1117-1,09 Sep 2014,PO for DLM-MEC-92: Pitsan Ex-proof electrical unit heaters,PITSAN Makina Sanayii Ve Tic Ltd. STI.,59400,USD
3347,RFPO-497-1120-1,09 Sep 2014,PO FOR APPROVED CASAL EXHAUST FANS,LEMINAR AIR CONDITIONING CO. LLC,103360,AED
3348,RFPO-497-1113-1,09 Sep 2014,PO FRANCIS SEARCH LIGHT 1000-WATTS (FR-300CP),HAJI GHANI SONS,11400,USD
3349,RFPO-573-1105-1,03 Sep 2014,"PO for POWERHOUSE STEEL DOORS - TYPE D1, D2, D3, D5",TEKMARK International FZC,13507,AED
3350,RFPO-497-1103-1,02 Sep 2014,PO for ELECTROLINE  EMT CONDUITAND CONDUIT STRAP 3/4,GMG DIS TICARET LTD. STI,40499.99895,USD
3351,RFPO-497-1104-1,02 Sep 2014,PO for DLM-ELC-92: GRANDLITE SM353,AW Rostamani Lumina,46020,AED
3352,RFPO-497-1096-1,31 Aug 2014,PO for DUCAB CABLE 1 X 2.5MM2. BLACK and RED  SOLID.,HAJI GHANI SONS,5040.0002,USD
3353,RFPO-497-1063-1,31 Aug 2014,PO for ACROVYN 4000 CRASH RAILS,HYDAM INTERNATIONAL LLC,13240,AED
3354,RFPO-497-1092-1,28 Aug 2014,PO for MK Switches S3 & S4,GMG DIS TICARET LTD. STI,8903.339972,GBP
3355,RFPO-497-1095-1,28 Aug 2014,PO for DLM-ELC-132: SEVAL BLACK 3C X 4MM2 NYY CABLE,Seval Kablo,11310.00042,USD
3356,RFPO-497-1083-1,27 Aug 2014,PO for DLM-ARC-50: CAST IRON TRENCH DRAIN GRATING,KHAN ENGINEERING CO. LTD,3494,USD
3357,RFPO-497-1073-1,21 Aug 2014,PO for DLM-PLM-031: WALL MOUNTED SINK MIXER  / SHORT NECK,MEDAL BUILDERS Engineering & Construction Co.,8370,USD
3358,RFPO-497-1072-1,20 Aug 2014,PO for DLM-PLM-031: WALL MOUNTED SINK MIXER / LONG NECK L-6012,JUNAID SANITARY ELECT. MAT. TR. LLC,22200,AED
3359,RFPO-158-1067-1,18 Aug 2014,PO for DLM-ELC-110: DRAKA FT30 FIRETUF FIRE ALARM CABLE,HAJI GHANI SONS,28100,USD
3360,RFPO-497-1058-1,14 Aug 2014,PO for BACK FLOW PREVENTER - ZURN,INDUSTRIAL EQUIPMENT CORP.,14685.75,USD
3361,RFPO-158-940-1,14 Aug 2014,PO for DLM-ARC-18 : TERRAZO TILES. MODEL : SA-755,AS KARO &#304;ML.&#304;N&#350;.NAK. &#304;TH.&#304;HR.SAN. ve T&#304;C. LTD.&#350;T&#304;,4012.5,USD
3362,RFPO-497-1038-1,13 Aug 2014,PO for SEVAL Wiring Cables,Seval Kablo,120068.8021,USD
3363,RFPO-497-1017-1,13 Aug 2014,PO for Sewage Line and Cold Waterline PVC Pipes and Fittings,MILLI FACTORY,18555.71974,USD
3364,RFPO-497-1015-1,13 Aug 2014,PO for  Hot Water Line And Cold Waterline CPVC & PVC Pipes And Fittings,AL HODA PIPE & TUBE TRADING,68276.30975,AED
3365,RFPO-497-1036-1,13 Aug 2014,PO for DLM-PLM-75: Hot Water Line - CPVC 90 deg Elbow 32mm,Rubaiya Zueaid Bldg. Mat. Co. LLC,14703.59991,AED
3366,RFPO-497-1039-1,13 Aug 2014,PO for DLM-ELC-130: Electroline 3/4 in. EMT Compression Connector,GMG DIS TICARET LTD. STI,8199.999928,USD
3367,RFPO-497-1012-1,13 Aug 2014,PO for CRANE BALL VALVE & PEGLER CHECK VALVE,Rubaiya Zueaid Bldg. Mat. Co. LLC,55368,AED
3368,RFPO-497-1050-1,13 Aug 2014,PO for HVAC SUPPORT AND SHOWER PIPE SUPPORT,MEDAL BUILDERS Engineering & Construction Co.,21920,USD
3369,RFPO-573-1054-1,13 Aug 2014,PO for ALM.WINDOWS W1 AND W4,TEKMARK International FZC,70288,AED
3370,RFPO-497-1006-1,13 Aug 2014,PO for TOILET ACCESORIES,AL HASHIMI METAL PRODUCTS MANUFACTURING LLC,243464.4003,AED
3371,RFPO-158-1023-1,12 Aug 2014,PO for HVAC Materials,,1300,AED
3372,RFPO-497-1013-1,12 Aug 2014,PO for PVC DOOR ,RUYA PVC VE ALUMINYUM DOGRAMA SAN. VE TIC.LTD.&#350;T&#304;,59400,USD
3373,RFPO-497-1051-1,12 Aug 2014,PO for GERPAAS CABLE TRUNKING,"Gerpa Electrik Tekstil San, TIC A. S.",63581.9283,USD
3374,Fresh PO-23,11 Aug 2014,"PO for Supply of Fuel, Vehicles and Waste Disposal",SHAH CONSTRUCTION COMPANY,34640.00024,USD
3375,RFPO-158-1011-1,22 Jul 2014,PO for DLM-ELC-79: DISCONNECT SWITCH - 32A - 2 POLE W/P IP65,Gulf Ocean Lights LLC,84420,AED
3376,RFPO-497-1008-1,21 Jul 2014,PO for SANITARY WARES,United Ceramics & Building Materials,62983,USD
3377,RFPO-573-1003-1,21 Jul 2014,PO for B.1.1 Steel Door and Door Accesories,Arabian Engineering Solutions,22354.49986,USD
3378,RFPO-573-1005-1,21 Jul 2014,PO for DOOR ACC.- CYLINDER & PANIC BAR,Universal Door Products,38395,AED
3379,RFPO-573-1004-1,21 Jul 2014,PO for DOOR ACC. - Consort,Consort Architectural Hardware,17500,AED
3380,RFPO-497-1002-1,20 Jul 2014,PO for DLM-PLM-37: 110MM RODDING EYE - ALUMINUM,BIN MOOSA & DALY LTD. LLC,22207.50027,AED
3381,RFPO-158-971-1,22 Jun 2014,PO for STS Cable Trays and Accesories,STS ELK.PAZ.TIC.LTD.STI.,37685.09988,USD
3382,RFPO-158-986-1,22 Jun 2014,"PO for Additional CPVC Reducer, GI and BI Nipples",PISHTAZAN SAZEHAI KHORASAN CC,2394.250025,USD
3383,RFPO-256-953-1,06 May 2014,Order 256 Spares Take off Door Accessories ,Consort Architectural Hardware,5030,AED
3384,Fresh PO-21,29 Apr 2014,Supply of GRANDLITE Bulkhead Lighting Fixture - SM353,AW Rostamani Lumina,65080,AED
3385,Fresh PO-20,24 Apr 2014,"Supply of Thermometer, P. Gauge, Gauge Cock",Rubaiya Zueaid Bldg. Mat. Co. LLC,7334,AED
3386,Fresh PO-19,23 Apr 2014,Supply of MAXELL Duct Heaters,MAXELL INDUSTRIES LLC,20100,AED
3387,Fresh PO-13,22 Apr 2014,Supply of Tile Adhesive [Mastertile 30 + PCI Gisogrund],BASF Construction Chemicals UAE LLC,37965,AED
3388,Fresh PO-14,22 Apr 2014,Supply of National Paints - Floor Epoxy,NATIONAL PAINTS FACTORIES CO. LTD.,101915,AED
3389,Fresh PO-15,22 Apr 2014,Supply of A-Z 103 Concrete Sealer,Creative Concrete Concepts,12000,AED
3390,Fresh PO-17,22 Apr 2014,Supply of Unit Heater - AC3N,GLEN DIMPLEX IRELAND,56756.70131,GBP
3391,Fresh PO-18,22 Apr 2014,Supply of Panasonic Ceiling Fan - F56MZ2,Al Futtaim Panatech LLC,84152,AED
3392,Fresh PO-12,22 Apr 2014,Supply of Ceramic Wall Tiles - 20/UNI-WHG,R.A.K. CERAMICS,56160,USD
3393,RFPO-158-909-1,15 Apr 2014,"PO for DLM-MEC-106-15: Direct Driven, Plate Axial Fan - Explosion Proof Fan with ATEX certified motors.",LEMINAR AIR CONDITIONING CO. LLC,66000,AED
3394,RFPO-497-915-1,15 Apr 2014,PO for Cooper Junction Box w/Cover,GMG DIS TICARET LTD. STI,15757.95959,USD
3395,RFPO-497-917-1,15 Apr 2014,PO for DLM-PLM-158: 500 LTR TANK SINGLE COIL,Baymak Mak San ve Tic AS,52800,USD
3396,RFPO-158-918-1,15 Apr 2014,PO for Various Cortem Explosion Proof Materials,GMG DIS TICARET LTD. STI,25923.70032,EURO
3397,RFPO-158-907-1,13 Apr 2014,PO for LIGHTING FIXTURE CORTEM - J & J2,CORTEM MIDDLE EAST FZCO,54744,AED
3398,RFPO-158-900-1,13 Apr 2014,"PO for THERMOPLASTIC HOUSING EXIT SIGN WITH LED LAMPS, RED LETTERS 6",IKIZLER AYDINLATMA ARMATURLERI SAN VE. TIC. A.S,10520.5002,EURO
3399,RFPO-158-902-1,10 Apr 2014,PO for RAK 20/UNI-WHG 20 X 20CM WHITE BODY GRES CERAMIC TILES. GLAZED,United Ceramics & Building Materials,19100,USD
3400,RFPO-158-893-1,10 Apr 2014,PO for VCD and MVCD,,56365,AED
3401,RFPO-158-894-1,10 Apr 2014,PO for SPIRAL TUBES & ACC.,Century Mechanical Systems,22436.41006,AED
3402,RFPO-158-903-1,10 Apr 2014,PO for GI DUCTING AND ACC.,,54513.30111,AED
3403,RFPO-158-895-1,10 Apr 2014,PO for HVAC Accesories [Wall & Roof Cap],,30292.9993,AED
3404,RFPO-158-892-1,10 Apr 2014,PO for EXCELAIR AIR OUTLETS,,117615,AED
3405,RFPO-256-897-1,09 Apr 2014,PO for STEEL GRATING COVER,SOTOON GROUP OF BUSINESSES (SGB),12341.39972,USD
3406,RFPO-158-891-1,08 Apr 2014,PO for Crane Ball Valves & Pegler Check Valves,Rubaiya Zueaid Bldg. Mat. Co. LLC,43998,AED
3407,RFPO-497-886-1,03 Apr 2014,PO for Leviton Porcelain Lamp Holder - L1,INDUSTRIAL EQUIPMENT CORP.,3625.000119,USD
3408,RFPO-158-889-1,03 Apr 2014,PO for Inline Type Fans - CASAL,LEMINAR AIR CONDITIONING CO. LLC,53644.42993,AED
3409,RFPO-158-873-1,02 Apr 2014,"PO for MK SWITCHES [S1, S3, S4]",GMG DIS TICARET LTD. STI,16023.97026,GBP
3410,RFPO-158-761-1,23 Mar 2014,PO for Toilet Accesories,AL HASHIMI METAL PRODUCTS MANUFACTURING LLC,109722.6001,AED
3411,RFPO-158-849-1,20 Mar 2014,PO for ZURN WILKINS Backflow Preventer,INDUSTRIAL EQUIPMENT CORP.,14186.4498,USD
3412,RFPO-158-850-1,18 Mar 2014,PO for 12V EMERGENCY LIGHT EMERGI-LITE WITH ADVANCED DIAGNOSTICS,THOMAS & BETTS NETHERLANDS BV,53508,USD
3413,RFPO-158-848-1,16 Mar 2014,PO for Leviton Porcelain Lamp Holder - L1,INDUSTRIAL EQUIPMENT CORP.,8845.000291,USD
3414,RFPO-158-822-1,04 Mar 2014,PO for SANITARY WARES,United Ceramics & Building Materials,11145,USD
3415,RFPO-256-802-1,26 Feb 2014,PO for UNIT HEATERS (EXPLOSION PROOF). BRAND: PITSAN,PITSAN Makina Sanayii Ve Tic Ltd. STI.,3800,USD
3416,PO-214-814-1,26 Feb 2014,PO for Unit heater Dimplex,GLEN DIMPLEX IRELAND,1587.600037,GBP
3417,RFPO-158-813-1,26 Feb 2014,PO for Propeller Type Direct Driven Wall Mounted Fan,LEMINAR AIR CONDITIONING CO. LLC,107808.5598,AED
3418,RFPO-158-807-1,25 Feb 2014,PO for Various Electrical Items,GMG DIS TICARET LTD. STI,5124.920125,USD
3419,RFPO-158-809-1,25 Feb 2014,PO for Cooper Junction Box w/Cover,INDUSTRIAL EQUIPMENT CORP.,7349.999875,USD
3420,RFPO-158-806-1,24 Feb 2014,PO for Gerpaas Electrical Items,"Gerpa Electrik Tekstil San, TIC A. S.",19369.40066,USD
3421,RFPO-158-808-1,24 Feb 2014,PO for PVC Door for toilet,RUYA PVC VE ALUMINYUM DOGRAMA SAN. VE TIC.LTD.&#350;T&#304;,19436,USD
3422,RFPO-158-727-1,23 Feb 2014,PO for 500 lt Tank Single Coil - Baymak,Baymak Mak San ve Tic AS,10790,USD
3423,RFPO-158-793-1,18 Feb 2014,PO for FT30 FIRETUF - FTES2EH1.5,ECS Global Wire & Cable,9149.999857,AED
3424,RFPO-158-798-1,18 Feb 2014,PO for Support System - GI - India,Titanic Trading LLC,17900.89015,AED
3425,RFPO-256-788-1,16 Feb 2014,PO for Type A.1.1 Steel Door Fire Rated,Arabian Engineering Solutions,3660,USD
3426,RFPO-158-785-1,13 Feb 2014,PO for National Paints,NATIONAL PAINTS FACTORIES CO. LTD.,158700,AED
3427,RFPO-256-774-1,12 Feb 2014,PO for 4mm2 Ducab Cables & 4C HES Cables,HAJI GHANI SONS,3226,USD
3428,PO-214-766-1,12 Feb 2014,PO for Mastertop 538 & PCI Gisogrund,BASF Construction Chemicals UAE LLC,1884.399994,AED
3429,RFPO-158-778-1,12 Feb 2014,PO for Tornado 42W WW E27 220-240V,Gulf Ocean Lights LLC,162500,AED
3430,RFPO-158-770-1,11 Feb 2014,PO for ALUMINUM SCAFFOLDING MOBILE TOWER Length: 0.80 Mtrs Width: 1.80 Mtrs Working Height: 08.00 Mtrs Tower Height: 07.00 Mtrs Platform Height: 06.00 Mtrs,Analog General Trading LLC,10699.80029,AED
3431,PO-114-720-1,10 Feb 2014,PO for Unit Heater-Dimplex,GLEN DIMPLEX IRELAND,6835,GBP
3432,PO-214-756-1,10 Feb 2014,PO for Unit Heaters  (Explosion Proof),PITSAN Makina Sanayii Ve Tic Ltd. STI.,13050,USD
3433,PO-613-330-1,09 Feb 2014,PO for Various Electrical Items,GMG DIS TICARET LTD. STI,1114022.469,USD
3434,RFPO-256-763-1,06 Feb 2014,"PO for Cortem - SX-26.1 , 4x3/4?    entries , junction  box.",ELPIM ENGINEERING CO. LTD,1178,EURO
3435,RFPO-256-749-1,06 Feb 2014,PO for STEGO THERMOSTAT. N/C + N/O,Al Taqwa Electrical Ware Trading LLC,4200,AED
3436,RFPO-256-750-1,03 Feb 2014,PO for CORTEM Guard and Explosion Proof Thermostat,ELPIM ENGINEERING CO. LTD,3687.200043,EURO
3437,PO-114-746-1,03 Feb 2014,PO for Sound Attenuation Batts,IZOCAM Ticaret Ve Sanayi A.S>,9517.824361,USD
3438,RFPO-158-739-1,02 Feb 2014,"PO for TP7820 200W SELF BALLASTED FLR, JELLY JAR, W/WIRE","Merchant Intl, Inc Middle East FZCO",7447.999907,USD
3439,RFPO-158-741-1,30 Jan 2014,PO for CPVC Pipes (Gulf Plastic) and Fittings (Zenith),AL HODA PIPE & TUBE TRADING,49163.14989,AED
3440,RFPO-256-747-1,30 Jan 2014,PO for Knossos Toilet Holder and Panel Mirror,AL HASHIMI METAL PRODUCTS MANUFACTURING LLC,1120.949999,USD
3441,RFPO-158-752-1,30 Jan 2014,"PO for Surya GI Pipes, Jazeera BI Pipes and BIS Fittings",Rajay International LLC,35720.24971,AED
3442,RFPO-158-722-1,29 Jan 2014,PO for Pelsan Lighting Fixture,PELSAN Elektrik San. ve Dis Tic Ltd. Sti,57064.5,USD
3443,RFPO-158-726-1,23 Jan 2014,PO for Cooper Addressable Fire Alarm Equipment,HAVEN FIRE & SAFETY LLC,272002,AED
3444,RFPO-158-724-1,22 Jan 2014,PO for SEVAL Cables,GMG DIS TICARET LTD. STI,132624.1784,USD
3445,RFPO-158-725-1,21 Jan 2014,PO for PANASONIC CEILING FAN,Al Futtaim Panatech LLC,54479,AED
3446,RFPO-256-717-1,16 Jan 2014,PO for FIRE EXTINGUISHER. BRAND: BUCKEYE.,IG GENERAL TRADING LLC,22320,AED
3447,RFPO-256-718-1,16 Jan 2014,PO for APOLLO BACK FLOW PREVENTER - 3 inch,INDUSTRIAL EQUIPMENT CORP.,1785,USD
3448,RFPO-158-713-1,15 Jan 2014,PO for Eye Wash Station,Midas Safety,35200,AED
3449,RFPO-158-711-1,15 Jan 2014,PO for Unit Heater - Dimplex,GLEN DIMPLEX IRELAND,108486.0025,GBP
3450,RFPO-158-710-1,15 Jan 2014,PO for Mitsubishi Wall Type AC Unit,United Electronics Co. LLC,36000,AED
3451,RFPO-256-715-1,15 Jan 2014,PO for Fire Alarm System,INDUSTRIAL EQUIPMENT CORP.,34910.58105,USD
3452,PO-114-693-1,15 Jan 2014,PO for Air Compressor and Air Dryer,Al Futtaim Auto Machinery Company LLC,35860,AED
3453,RFPO-158-714-1,14 Jan 2014,PO for CASAL EXHAUST FAN. CEILING. ,LEMINAR AIR CONDITIONING CO. LLC,105300,AED
3454,PO-114-705-1,13 Jan 2014,PO for Franklin Motor-For Grundfos Water Well Pump/SP-30-22,M.A.H.Y. KHOORY & CO. LLC,3650,AED
3455,PO-114-688-1,08 Jan 2014,PO for Dow Corning 813C,Emirates Specialties Co. LLC,4500,AED
3456,RFPO-256-702-1,08 Jan 2014,PO for UNIT HEATERS (EXPLOSION PROOF). BRAND: PITSAN,PITSAN Makina Sanayii Ve Tic Ltd. STI.,5400,USD
3457,RFPO-258-700-1,07 Jan 2014,PO for Thermostat,Al Taqwa Electrical Ware Trading LLC,1785,AED
3458,RFPO-256-701-1,07 Jan 2014,Purchase Order of Fire Rated Doors,Arabian Engineering Solutions,3677,USD
3459,RFPO-256-692-1,06 Jan 2014,PO for Explosion Proof Fittings & Sealing Compound,GMG DIS TICARET LTD. STI,1459.600022,EURO
3460,RFPO-256-694-1,06 Jan 2014,PO for Zurn Cleanout and Floor Drain,INDUSTRIAL EQUIPMENT CORP.,5738.5,USD
3461,RFPO-256-685-1,02 Jan 2014,PO for GI Pipe & Fittings,Rajay International LLC,2967.35,AED
3462,RFPO-256-683-1,02 Jan 2014,PO for DUCAB Cables,SRG Trading LLC,5439,AED
3463,RFPO-256-680-1,31 Dec 2013,PO for Explosion Proof Lights & Fittings,CORTEM MIDDLE EAST FZCO,61680,EURO
3464,RFPO-256-682-1,31 Dec 2013,PO for Electrical Conduit Items,HAJI GHANI SONS,14735.75002,USD
3465,RFPO-256-674-1,31 Dec 2013,PO for Air Outlets & Volume Control Dampers.,,2641,AED
3466,PO-1213-671-1,29 Dec 2013,"PO for SUPLAFLEX INSULATED FLEXIBLE DUCT MODEL 13 APM WITH 25MM THICK, 16KG/m3 DENSITY (25 FT/BOX) UL 181",FOCUS AIR CONDITIONING INDUSTRIES LLC,1596,USD
3467,RFPO-256-672-1,24 Dec 2013,PO for Explosion Proof Exhaust Fans,LEMINAR AIR CONDITIONING CO. LLC,36400,AED
3468,RFPO-256-673-1,24 Dec 2013,PO for Panel Board,Panel Tech Engineering Co,2200,USD
3469,PO-1113-615-1,19 Dec 2013,PO for EXCAVATION SHORING STEEL ,METALL INVEST CO PVT,44540.99888,USD
3470,RFPO-256-666-1,17 Dec 2013,PO for DURO DYNE FLEXIBLE DUCT CONNECTOR MODEL,,255,AED
3471,RFPO-256-665-1,17 Dec 2013,PO for VOLUME CONTROL DAMPER,,1881,AED
3472,PO-1113-631-1,27 Nov 2013,PO for Sika,SIKA UAE LLC,8225,AED
3473,RFPO-256-644-1,24 Nov 2013,PO for CPVC Fittings,Rubaiya Zueaid Bldg. Mat. Co. LLC,1305,AED
3474,RFPO-256-641-1,20 Nov 2013,PO for KNAUF Readygips Joint Compound,Knauf LLC,8400,AED
3475,PO-1113-623-1,18 Nov 2013,PO for Copper Straight Pipe,Century Mechanical Systems,6180.900003,AED
3476,RFPO-256-627-1,12 Nov 2013,"PO for Fiberglass Insulation - FSK, KIMMCO",Rubaiya Zueaid Bldg. Mat. Co. LLC,8791.250067,AED
3477,RFPO-256-629-1,12 Nov 2013,PO for Material to fix the Filters in the Sand Trap,Century Mechanical Systems,4275,AED
3478,RFPO-256-618-1,10 Nov 2013,PO for Duct Heaters,SystemAir Middle East FZE,34600,AED
3479,RFPO-256-620-1,10 Nov 2013,"PO for Automatic Transfer Switch SOCOMEC, Model ATYS125",Jubaili Bros LLC,5600,AED
3480,RFPO-256-619-1,10 Nov 2013,PO for Direct Driven centrifugal cabinet in-line fan with damper,LEMINAR AIR CONDITIONING CO. LLC,30100,AED
3481,RFPO-256-614-1,08 Nov 2013,PO for FLOOR DRAIN,INDUSTRIAL EQUIPMENT CORP.,5869.5,USD
3482,RFPO-256-606-1,06 Nov 2013,"PO for AFICO DUCT WRAP Type 240, 24 KG/M3 DENSITY, FRK FACED",Century Mechanical Systems,7418,AED
3483,PO-813-469-1,05 Nov 2013,PO for UNIT HEATERS (EXPLOSION PROOF),PITSAN Makina Sanayii Ve Tic Ltd. STI.,108900,USD
3484,RFPO-256-607-1,05 Nov 2013,PO for Type 1 (Duct-Circle),Century Mechanical Systems,1515,AED
3485,RFPO-256-608-1,05 Nov 2013,PO for Davey hot water circulator pumps Model No.: SC-20-25,BIN MOOSA & DALY LTD. LLC,520,AED
3486,RFPO-256-603-1,04 Nov 2013,PO for PVC Insulated Cables - DUCAB,SRG Trading LLC,26070,AED
3487,RFPO-256-605-1,04 Nov 2013,PO for Panel Board,Panel Tech Engineering Co,27550,USD
3488,RFPO-1013-599-1,31 Oct 2013,PO for Electric Water Heater ,ECC-I,3840,USD
3489,RFPO-1013-585-1,30 Oct 2013,PO for Ex proof Fittings,EMROOZ Engineering & Construction,1566.000009,EURO
3490,RFPO-1013-594-1,30 Oct 2013,PO for Unit Heater - Dimplex,Al-Reyami Steel Industries (Oil & Gas),23218.65054,GBP
3491,ACTIVITIES-2,28 Oct 2013,PO for Order Placement Material,ELPIM ENGINEERING CO. LTD,543750,USD
3492,RFPO-1013-588-1,28 Oct 2013,PO for Fans,LEMINAR AIR CONDITIONING CO. LLC,77650,AED
3493,RFPO-1013-581-1,27 Oct 2013,PO for Fire Alarm System,Recon International,11960,USD
3494,RFPO-1013-579-1,24 Oct 2013,PO for LED EXIT LIGHT - RED,HCC Haroki Construction Company Ltd,2595,USD
3495,RFPO-1013-580-1,24 Oct 2013,PO for DUCAB Cables,Abdul Qadir Merwais Co. Ltd.,6594.549928,AED
3496,RFPO-1013-572-1,22 Oct 2013,PO for Exproof Socket & Plug,Omran Holding Group,50960,AED
3497,RFPO-1013-573-1,22 Oct 2013,PO for SFX-26.1V Explosion Proof Junction Box,Yarash Yapi Mim. Muh San. Ve Tic. Ltd. STI,1200.600044,GBP
3498,PO-1013-561-1,22 Oct 2013,PO for EXPLOSION PROOF EXHAUST FAN,,4500,AED
3499,RFPO-1013-558-1,21 Oct 2013,PO for Gulf Plastic PVC Pipe,DUFAB,84975.18991,AED
3500,RFPO-1013-565-1,20 Oct 2013,PO for Switches ,Yarash Yapi Mim. Muh San. Ve Tic. Ltd. STI,15153.47989,EURO
3501,RFPO-1013-566-1,20 Oct 2013,PO for Fences,Soletec Qatar W.L.L,12000.14995,USD
3502,ACTIVITIES-1,14 Oct 2013,PO for Order Placement Material,Yarash Yapi Mim. Muh San. Ve Tic. Ltd. STI,2113421.974,USD
3503,RFPO-1013-543-1,09 Oct 2013,Bathroom Fixtures,Denzay Engineering,14978.69983,USD
3504,RFPO-1013-559-1,09 Oct 2013,PO for Supply of Stationery Vehicle System - Plymovent,Northern Star Insulation Cont.,35509.27979,AED
3505,RFPO-1013-555-1,08 Oct 2013,PO for 500 LTR WATER HEATER. BAYMAK,ECC-I,0,USD
3506,RFPO-1013-557-1,08 Oct 2013,PO for Manual Steel Roll Up Door,INCOP ME,0,USD
3507,PO-913-516-2,07 Oct 2013,PO for Hot Water Storage Tank and Electric Heater,ECC-I,0,USD
3508,PO-913-516-1,06 Oct 2013,PO for Unit Heater - Dimplex,Al-Reyami Steel Industries (Oil & Gas),0,GBP
3509,RFPO-1013-544-1,03 Oct 2013,Ceiling Fan and Fire Extinguisher,Recon International,18774.80005,USD
3510,RFPO-1013-544-4,03 Oct 2013,PO for Ceiling Fan and Fire Extinguisher,Recon International,0,USD
3511,PO-913-513-1,01 Oct 2013,PO for test item 1,,200000,USD
3512,PO-813-476-1,30 Sep 2013,PO for Concrete Sealer.,Debet Uniform MMC,0,AED
3513,RFPO-913-511-1,30 Sep 2013,PO for Internal PVC Single Door,Quliyev Alekber,0,USD
3514,PO-913-520-1,23 Sep 2013,PO for Type W1 - Aluminum Hinge Window,Quliyev Alekber,0,AED
3515,PO-913-521-1,23 Sep 2013,PO for Glasswool Insulation Material - Glasswool Comfort Blankets,Innovative Business Solution General Trading,0,USD
3516,PO-813-477-1,12 Sep 2013,PO for IngerSoll Rand ,,0,USD
3517,PO-913-482-1,09 Sep 2013,PO for Galvanized Slit Coil,,0,USD
3518,PO-913-483-1,02 Sep 2013,PO for KNAUF Gypsum Boards,,0,USD
3519,PO-813-454-6,14 Aug 2013,"PO for Ruskin Damper, Grille and Intake Louver",Venco Imtiaz Construction Company,7505.169983,USD
3520,PO-813-454-5,13 Aug 2013,PO for Vehicle Exhaust Fan,,11200,USD
3521,PO-813-454-2,12 Aug 2013,PO for Pitsan unit heater (type ETA) (220V/50Hz/1ph) with thermostat ,ZACC - Afghanistan,11592,USD
3522,PO-813-454-3,12 Aug 2013,PO for Louver & Grilles,Venco Imtiaz Construction Company,12888.21017,USD
3523,PO-813-454-4,12 Aug 2013,PO for Exhaust Fan and Damper,Soufan Engineering,56230.10028,USD
3524,PO-713-438-1,01 Aug 2013,PO for Explosion Proof Unit Heaters,ZACC - Afghanistan,4650,USD
3525,PO-613-359-1,19 Jun 2013,PO for 110MM RODDING EYE - ALUMINUM,,8838.79982,USD
3526,PO-613-348-1,15 Jun 2013,PO for UPVC,,4794.989894,USD
3527,PO-613-335-1,10 Jun 2013,PO for Distribution Panel,Yarash Yapi Mim. Muh San. Ve Tic. Ltd. STI,174949.2891,USD
3528,PO-613-343-1,09 Jun 2013,PO for National Guard H.D> Epoxy Floor Screed,,159925,USD
3529,PO-513-298-1,30 May 2013,PO for Explosion Proof Emergency Lights - Cortem Brand,,171604.2484,USD
3530,PO-513-325-1,29 May 2013,PO for 90 Degree Clean out - 3,,2750,USD
3531,PO-513-322-1,27 May 2013,PO for Motorized Volume Control Damper 1350 x 1500,Contrack International Inc.,214838,USD
3532,PO-513-317-1,27 May 2013,PO for Aluminum and PVC Doors,Metag Insaat Ticaret AS,157943.2,USD
3533,PO-513-318-1,23 May 2013,PO for HVAC DUCTING,Contrack International Inc.,90745.59927,USD
3534,PO-513-290-1,13 May 2013,PO for Explosion Proof Emergency Lights,Omran Holding Group,1800,USD
3535,PO-413-275-1,24 Apr 2013,PO for DC315 Thermal Barrier,,31500,USD
3536,PO-313-261-1,13 Apr 2013,PO for Water Heaters,ECC-I,128254.5,USD
3537,PO-313-250-1,19 Mar 2013,PO for BASF Polyurethane,Mark Thompson,243264.001,USD
3538,PO-113-195-1,22 Jan 2013,PO for Water Heaters,ECC-I,57420,USD
3539,PO-912-44-1,06 Sep 2012,PO for E20 GRACO REACTOR,,26750,USD
