poNumber,poDate,poName,supplier,entity,project,material,materialCode,value,currency,year,month,mainOrderId,orderId,poType
RFPO-7139-E6831-1,25 Feb 2026,PO for Bare Copper Grounding Cable,EMSI Inc.,MACRO,PO for Bare Copper Grounding Cable,Electrical,Electrical,15961.4,USD,2026,2,7139,RFPO-7139-E6831,Base PO
RFPO-1569-V4271-1,25 Feb 2026,PO for CH 183B  - MEETING ROOM CHAIRS 1804-1805,BLUE CROWN FURNITURE (LLC),FIRESTOP,PO for CH 183B  - MEETING ROOM CHAIRS 1804-1805,Various,Various,544.59,USD,2026,2,1569,RFPO-1569-V4271,Base PO
RFPO-7139-S9000-1,24 Feb 2026,PO for SHOP DRAWING FOR ACOUSTIC WALL PANEL,Dateline Exports Inc.,MACRO,PO for SHOP DRAWING FOR ACOUSTIC WALL PANEL,Services,Services,3000.0,USD,2026,2,7139,RFPO-7139-S9000,Base PO
RFPO-7139-M4107-1,24 Feb 2026,PO 4' Swing Check Valve for lift station,Professional Pump,MW-OCS,PO 4' Swing Check Valve for lift station,Mechanical,Mechanical,2644.5,USD,2026,2,7139,RFPO-7139-M4107,Base PO
RFPO-6705-V40174-1,24 Feb 2026,PO for SUPERTIES FOR DI/DB BOX,Dateline Exports Inc.,Unknown,PO for SUPERTIES FOR DI/DB BOX,Various,Various,5519.37,USD,2026,2,6705,RFPO-6705-V40174,Base PO
RFPO-5532-M4062-1,24 Feb 2026,PO for Miller Welding Machines & Accessories - Ref. AHG_ITW_1_037R02_260126_BigBlue-400 and BigBlue-450_MVL,Abdullah Hashim Industrial Gases & Equipment Co. Ltd.,Unknown,PO for Miller Welding Machines & Accessories - Ref. AHG_ITW_1_037R02_260126_BigBlue-400 and BigBlue-450_MVL,Mechanical,Mechanical,80655.68,USD,2026,2,5532,RFPO-5532-M4062,Base PO
RFPO-7878-M4102-1,24 Feb 2026,PO for Calibrated Balancing Valves,Morex Inc.,MACRO,PO for Calibrated Balancing Valves,Mechanical,Mechanical,8615.71,USD,2026,2,7878,RFPO-7878-M4102,Base PO
RFPO-7932-V40005-1,24 Feb 2026,PO for Duct Insulation,KEPCO Building Materials Trading LLC,MVL Greece,PO for Duct Insulation,Various,Various,9610.1,USD,2026,2,7932,RFPO-7932-V40005,Base PO
RFPO-7932-V40006-1,24 Feb 2026,PO for Electrical Materials,Kelly & Hayes Electrical Industrial & Plumbing Supplies,MACRO,PO for Electrical Materials,Various,Various,9770.85,USD,2026,2,7932,RFPO-7932-V40006,Base PO
RFPO-6705-V40173-2,23 Feb 2026,PO for Medical Clinic - Grass Trimmer,Dateline Exports Inc.,Unknown,PO for Medical Clinic - Grass Trimmer,Various,Various,1704.52,USD,2026,2,6705,RFPO-6705-V40173,Change Order
RFPO-7139-V40082-2,23 Feb 2026,PO for ATCT-Grass Trimmer,Dateline Exports Inc.,MACRO,PO for ATCT-Grass Trimmer,Various,Various,1704.52,USD,2026,2,7139,RFPO-7139-V40082,Change Order
RFPO-1569-V4435-1,20 Feb 2026,PO for Consumable/Service items for the SHARP MX‑3051 Printer 1801,NEW SMART OFFICE AUTOMATION LLC,FIRESTOP,PO for Consumable/Service items for the SHARP MX‑3051 Printer 1801,Various,Various,555.48,USD,2026,2,1569,RFPO-1569-V4435,Base PO
RFPO-1569-15311-1,20 Feb 2026,PO for 1806 - Rectification works for fire‑protection systems - EFQ46286 (20/02/2026),EUROFIRE FIRE & SAFETY L.L.C,Unknown,PO for 1806 - Rectification works for fire‑protection systems - EFQ46286 (20/02/2026),Various,Various,2136.15,USD,2026,2,1569,RFPO-1569-15311,Base PO
RFPO-7616-A5201-1,19 Feb 2026,PO FOR OVERHEAD COILING DOORS,TECHTRADE SAL(OFFSHORE),MACRO,PO FOR OVERHEAD COILING DOORS,Architectural,Architectural,63742.4,USD,2026,2,7616,RFPO-7616-A5201,Base PO
RFPO-6705-V4364-1,19 Feb 2026,PO for Bicycles with Accessories,"Priority Outdoor Products, LLC",FIRESTOP,PO for Bicycles with Accessories,Various,Various,22312.0,USD,2026,2,6705,RFPO-6705-V4364,Base PO
RFPO-7139-S9131-3,19 Feb 2026,FORMWORK AND SCAFFOLDING SYSTEMS FOR TERMINAL,Ozler Formwork and Scaffolding Systems (OZLER KALIP VE ISKELE SISTEMLERI A.S),"MVL USA, INC",FORMWORK AND SCAFFOLDING SYSTEMS FOR TERMINAL,Services,Services,132020.6,USD,2026,2,7139,RFPO-7139-S9131,Change Order
RFPO-7139-S9127-3,19 Feb 2026,FORMWORK AND SCAFFOLDING SYSTEMS FOR TOWER,Ozler Formwork and Scaffolding Systems (OZLER KALIP VE ISKELE SISTEMLERI A.S),"MVL USA, INC",FORMWORK AND SCAFFOLDING SYSTEMS FOR TOWER,Services,Services,237830.98,USD,2026,2,7139,RFPO-7139-S9127,Change Order
RFPO-6705-E6848-1,18 Feb 2026,PO for Circuit Breaker,Aikah General Trading LLC,Unknown,PO for Circuit Breaker,Electrical,Electrical,460.18,USD,2026,2,6705,RFPO-6705-E6848,Base PO
RFPO-6542-V40026-3,18 Feb 2026,PO for Aluminum Awning Window.,Dateline Exports Inc.,MVL USA JV LLC,PO for Aluminum Awning Window.,Various,Various,11341.22,USD,2026,2,6542,RFPO-6542-V40026,Change Order
RFPO-7139-V40086-2,18 Feb 2026,"PO for Gate Valves, Dismantling Joints, Flange kit, pressure Gauge",Dateline Exports Inc.,MACRO,"PO for Gate Valves, Dismantling Joints, Flange kit, pressure Gauge",Various,Various,4846.38,USD,2026,2,7139,RFPO-7139-V40086,Change Order
RFPO-7139-M4106-1,17 Feb 2026,PO for Wheel Loader Parts-XC948,Warai Parts & Equipment,MW-OCS,PO for Wheel Loader Parts-XC948,Mechanical,Mechanical,4000.0,USD,2026,2,7139,RFPO-7139-M4106,Base PO
RFPO-6705-E6847-1,17 Feb 2026,PO for MV Inline Splice Kits and Connectors,Benfield Electric International Ltd.,Unknown,PO for MV Inline Splice Kits and Connectors,Electrical,Electrical,4046.7,USD,2026,2,6705,RFPO-6705-E6847,Base PO
RFPO-7139-V40085-1,17 Feb 2026,PO for Water and Fire Gate Valves & Fire Hydrants,Watecom International Water Network - LLC,MACRO,PO for Water and Fire Gate Valves & Fire Hydrants,Various,Various,26176.92,USD,2026,2,7139,RFPO-7139-V40085,Base PO
RFPO-7073-M4102-1,17 Feb 2026,PO for Flange Adaptor & Restraining Clamp,Edcos Inc.,MACRO,PO for Flange Adaptor & Restraining Clamp,Mechanical,Mechanical,9489.41,USD,2026,2,7073,RFPO-7073-M4102,Base PO
RFPO-6705-O4-1,17 Feb 2026,PO for Bluebeam Core - Renewal - Annual Subscription (MR. BOB CANIA),AllCAD Solutions LLC,MACRO,PO for Bluebeam Core - Renewal - Annual Subscription (MR. BOB CANIA),Office Assets,Office Assets,251.87,USD,2026,2,6705,RFPO-6705-O4,Base PO
RFPO-7139-V40086-1,17 Feb 2026,"PO for Gate Valves, Dismantling Joints, Flange kit, pressure Gauge",Dateline Exports Inc.,MACRO,"PO for Gate Valves, Dismantling Joints, Flange kit, pressure Gauge",Various,Various,5204.34,USD,2026,2,7139,RFPO-7139-V40086,Base PO
RFPO-7098-V40002-1,16 Feb 2026,PO for Pavement marking paint,ODORES METAL LLC,MACRO,PO for Pavement marking paint,Various,Various,11817.67,USD,2026,2,7098,RFPO-7098-V40002,Base PO
RFPO-7139-M4021-1,16 Feb 2026,PO for ATCT - SOKKIA ACCESSORIES,Three Colors Safety Equipment Tr LLC,MVL USA JV LLC,PO for ATCT - SOKKIA ACCESSORIES,Mechanical,Mechanical,367.6,USD,2026,2,7139,RFPO-7139-M4021,Base PO
RFPO-7120-M4101-2,16 Feb 2026,PO for Fire Pump & Controls,Xylem Japan K.K.,MACRO,PO for Fire Pump & Controls,Mechanical,Mechanical,11727743.0,USD,2026,2,7120,RFPO-7120-M4101,Change Order
RFPO-7098-V40001-2,16 Feb 2026,PO for Electrical Butt Connectors,Kelly & Hayes Electrical Industrial & Plumbing Supplies,MACRO,PO for Electrical Butt Connectors,Various,Various,344.81,USD,2026,2,7098,RFPO-7098-V40001,Change Order
RFPO-7139-V40082-1,16 Feb 2026,PO for ATCT-Grass Trimmer,Dateline Exports Inc.,MACRO,PO for ATCT-Grass Trimmer,Various,Various,1420.43,USD,2026,2,7139,RFPO-7139-V40082,Base PO
RFPO-7139-V40083-1,16 Feb 2026,PO for Formwork Materials- Sanitary Sewer Manhole,Dateline Exports Inc.,MACRO,PO for Formwork Materials- Sanitary Sewer Manhole,Various,Various,6941.21,USD,2026,2,7139,RFPO-7139-V40083,Base PO
RFPO-6705-V40173-1,16 Feb 2026,PO for Medical Clinic - Grass Trimmer,Dateline Exports Inc.,Unknown,PO for Medical Clinic - Grass Trimmer,Various,Various,1420.43,USD,2026,2,6705,RFPO-6705-V40173,Base PO
RFPO-7139-E6828-1,16 Feb 2026,PO for Cadweld products,Benfield Electric International Ltd.,MACRO,PO for Cadweld products,Electrical,Electrical,3397.42,USD,2026,2,7139,RFPO-7139-E6828,Base PO
RFPO-7139-V40084-1,16 Feb 2026,PO for Formwork-Shear Tie Rods,"White Cap Supply Holdings, LLC",MACRO,PO for Formwork-Shear Tie Rods,Various,Various,5245.38,USD,2026,2,7139,RFPO-7139-V40084,Base PO
RFPO-7878-V40015-1,16 Feb 2026,PO for Condensate drain Pipes & Fittings,Puget Sound Pipe & Supply,MACRO,PO for Condensate drain Pipes & Fittings,Various,Various,12460.571,USD,2026,2,7878,RFPO-7878-V40015,Base PO
RFPO-7120-S9084-1,16 Feb 2026,PO for Filters for CRAC Unit,Global Services Vertiv Japan GK,MVL USA JV LLC,PO for Filters for CRAC Unit,Services,Services,2851300.0,USD,2026,2,7120,RFPO-7120-S9084,Base PO
RFPO-7414-M4101-1,15 Feb 2026,"PO for TRICOM PO: PO/TR/BNB/2026/Synergy - RTP Bolted Steel Water Tank- SUPPLY, DELIVER AND INSTALL",Synergy Vision – Construction Equipments & Machinery Trading LLC,MACRO,"PO for TRICOM PO: PO/TR/BNB/2026/Synergy - RTP Bolted Steel Water Tank- SUPPLY, DELIVER AND INSTALL",Mechanical,Mechanical,318158.0,USD,2026,2,7414,RFPO-7414-M4101,Base PO
RFPO-7616-V40004-1,12 Feb 2026,PO for Wall Louver,INTEGRATED CONTRACTING SUPPLIERS,MACRO,PO for Wall Louver,Various,Various,30827.8,USD,2026,2,7616,RFPO-7616-V40004,Base PO
RFPO-5532-M4059-1,11 Feb 2026,"PO for 3rd Batch - DG Heavy Equipment 2026 - Zoomlion Boom Lift, JMC Cargo Truck and Pickup",Evangel International Machinery Ltd.,Unknown,"PO for 3rd Batch - DG Heavy Equipment 2026 - Zoomlion Boom Lift, JMC Cargo Truck and Pickup",Mechanical,Mechanical,90583.0,USD,2026,2,5532,RFPO-5532-M4059,Base PO
RFPO-5532-M4061-1,11 Feb 2026,PO for 	 DG - Proforma Invoice PI266019 – SMA26 Plus GNSS Equipment,"SMAJAYU (Shenzhen) Co., Ltd",Unknown,PO for 	 DG - Proforma Invoice PI266019 – SMA26 Plus GNSS Equipment,Mechanical,Mechanical,2238.0,USD,2026,2,5532,RFPO-5532-M4061,Base PO
RFPO-7039-V40032-1,11 Feb 2026,PO for Termination kits for Switchgear,Eaton FZE,MVL USA JV LLC,PO for Termination kits for Switchgear,Various,Various,24372.24,USD,2026,2,7039,RFPO-7039-V40032,Base PO
RFPO-5532-M4109-1,11 Feb 2026,"PO for Supply of Rigging Gears (Webbing Slings, Round Slings, Chain Blocks, and Lever Hoists)",Lift N Shift Equipment Trading LLC,MVL Nepal,"PO for Supply of Rigging Gears (Webbing Slings, Round Slings, Chain Blocks, and Lever Hoists)",Mechanical,Mechanical,14078.69,USD,2026,2,5532,RFPO-5532-M4109,Base PO
RFPO-7616-V40003-1,11 Feb 2026,PO for Panel Board,Kelly & Hayes Electrical Industrial & Plumbing Supplies,MACRO,PO for Panel Board,Various,Various,10187.25,USD,2026,2,7616,RFPO-7616-V40003,Base PO
RFPO-5695-V40021-1,11 Feb 2026,PO for Pull Test Materials,Fastener Point LLC,MVL USA JV LLC,PO for Pull Test Materials,Various,Various,3852.96,USD,2026,2,5695,RFPO-5695-V40021,Base PO
RFPO-6705-M4110-1,11 Feb 2026,PO for Load Interrupter Switch,TURTLE,MVL Nepal,PO for Load Interrupter Switch,Mechanical,Mechanical,166688.0,USD,2026,2,6705,RFPO-6705-M4110,Base PO
RFPO-7073-V40015-1,11 Feb 2026,PO for pipe clamps and supports,"Scott & From Co., Inc.",MACRO,PO for pipe clamps and supports,Various,Various,13926.15,USD,2026,2,7073,RFPO-7073-V40015,Base PO
RFPO-1569-O122-1,10 Feb 2026,PO for Microsoft 365 G5 GCC – Annual Subscription Licenses (Pro-Rated) - CSP 1223 MVL - NCE CSP Agreement Renewal - GCC - 2026 - 10 Licenses,Managed Solution LLC,Unknown,PO for Microsoft 365 G5 GCC – Annual Subscription Licenses (Pro-Rated) - CSP 1223 MVL - NCE CSP Agreement Renewal - GCC - 2026 - 10 Licenses,Office Assets,Office Assets,461.7,USD,2026,2,1569,RFPO-1569-O122,Base PO
RFPO-7139-V40081-1,10 Feb 2026,PO for Select Granular Fill,SMITHBRIDGE GUAM,MACRO,PO for Select Granular Fill,Various,Various,90019.2,USD,2026,2,7139,RFPO-7139-V40081,Base PO
RFPO-6705-V40172-1,10 Feb 2026,PO for Custom Items-Storage/ Warehouse Accessories,Uline,Unknown,PO for Custom Items-Storage/ Warehouse Accessories,Various,Various,3404.57,USD,2026,2,6705,RFPO-6705-V40172,Base PO
RFPO-7139-E6827-1,10 Feb 2026,PO for Medium Voltage Cable,EMSI Inc.,MACRO,PO for Medium Voltage Cable,Electrical,Electrical,18766.0,USD,2026,2,7139,RFPO-7139-E6827,Base PO
RFPO-7878-V40014-1,10 Feb 2026,PO for Air Venting Valves & Strainer,INTEGRATED CONTRACTING SUPPLIERS,MACRO,PO for Air Venting Valves & Strainer,Various,Various,2646.0,USD,2026,2,7878,RFPO-7878-V40014,Base PO
RFPO-7932-V40000-1,10 Feb 2026,PO for Duct Insulation Materials,"Scott & From Co., Inc.",MACRO,PO for Duct Insulation Materials,Various,Various,4511.8,USD,2026,2,7932,RFPO-7932-V40000,Base PO
RFPO-7932-V40001-1,10 Feb 2026,PO for Duct Access Doors,PRIME A/C INDUSTRIES (L.L.C),MACRO,PO for Duct Access Doors,Various,Various,81.69,USD,2026,2,7932,RFPO-7932-V40001,Base PO
RFPO-7932-V40003-1,10 Feb 2026,PO for Hot Water Pump,INTEGRATED CONTRACTING SUPPLIERS,MACRO,PO for Hot Water Pump,Various,Various,2892.0,USD,2026,2,7932,RFPO-7932-V40003,Base PO
RFPO-7932-V40002-1,10 Feb 2026,PO for Electric Water Heaters,Cimmaron International Corporation,MACRO,PO for Electric Water Heaters,Various,Various,5152.5,USD,2026,2,7932,RFPO-7932-V40002,Base PO
RFPO-7139-V40073-1,09 Feb 2026,"FLOOR DRAINS, FLOOR SINKS, FLOOR AND WALL CLEANOUTS",JAY R. SMITH MFG. CO.,MACRO,"FLOOR DRAINS, FLOOR SINKS, FLOOR AND WALL CLEANOUTS",Various,Various,15564.75,USD,2026,2,7139,RFPO-7139-V40073,Base PO
RFPO-7139-M4105-1,09 Feb 2026,PO for Accessories for Fire Gate Valves and Fire Hydrants,"FERGUSON ENTERPRISES, LLC",MACRO,PO for Accessories for Fire Gate Valves and Fire Hydrants,Mechanical,Mechanical,3262.13,USD,2026,2,7139,RFPO-7139-M4105,Base PO
RFPO-7208-V40022B-1,09 Feb 2026,PO for Roof and wall panels,Dateline Exports Inc.,Unknown,PO for Roof and wall panels,Various,Various,284308.69,USD,2026,2,7208,RFPO-7208-V40022B,Base PO
RFPO-5532-V40093-1,09 Feb 2026,PO for Crane Lifting Materials (Part-2),STAR LIFT TRADING LLC,MACRO,PO for Crane Lifting Materials (Part-2),Various,Various,6070.89,USD,2026,2,5532,RFPO-5532-V40093,Base PO
RFPO-7878-V40008A-1,09 Feb 2026,PO for Duct Connectors,Delta Duct Airconditioning LLC,MVL USA JV LLC,PO for Duct Connectors,Various,Various,435.67,USD,2026,2,7878,RFPO-7878-V40008A,Base PO
RFPO-7878-V40009-1,09 Feb 2026,PO for BFP & PRV,INTEGRATED CONTRACTING SUPPLIERS,MACRO,PO for BFP & PRV,Various,Various,904.0,USD,2026,2,7878,RFPO-7878-V40009,Base PO
RFPO-6680-V40003-1,06 Feb 2026,"PO for Duct Access Door, D88ULS4","DUCTMATE INDUSTRIES, INC",MACRO,"PO for Duct Access Door, D88ULS4",Various,Various,5772.627,USD,2026,2,6680,RFPO-6680-V40003,Base PO
RFPO-6705-V40170-1,05 Feb 2026,PO for Signages for Building 729,Sign King Inc,Unknown,PO for Signages for Building 729,Various,Various,300.0,USD,2026,2,6705,RFPO-6705-V40170,Base PO
RFPO-7139-V40076-1,05 Feb 2026,PO for Utility Cart,Uline,MVL USA JV LLC,PO for Utility Cart,Various,Various,542.7,USD,2026,2,7139,RFPO-7139-V40076,Base PO
RFPO-7414-M4000-1,05 Feb 2026,PO for TRICOM Purchase Order (PO/TR/BNB/2025/FUELCO/001 – Phase 1) for the Fuel System Package (Fuelco),Fuelco FZCO,FIRESTOP,PO for TRICOM Purchase Order (PO/TR/BNB/2025/FUELCO/001 – Phase 1) for the Fuel System Package (Fuelco),Mechanical,Mechanical,337945.0,USD,2026,2,7414,RFPO-7414-M4000,Base PO
RFPO-7139-V40077-1,05 Feb 2026,PO for Acetylene & Oxygen tanks,"Pacific International, Inc",MVL USA JV LLC,PO for Acetylene & Oxygen tanks,Various,Various,12291.2,USD,2026,2,7139,RFPO-7139-V40077,Base PO
RFPO-6705-V40171-1,05 Feb 2026,PO for SS316L Checker Plate,"Scott & From Co., Inc.",Unknown,PO for SS316L Checker Plate,Various,Various,7455.96,USD,2026,2,6705,RFPO-6705-V40171,Base PO
RFPO-7139-V40080-1,05 Feb 2026,PO for Smooth Dowel and Rebars,Nucor Rebar Fabrication,MACRO,PO for Smooth Dowel and Rebars,Various,Various,11484.4,USD,2026,2,7139,RFPO-7139-V40080,Base PO
RFPO-7139-V40079-1,04 Feb 2026,PO for DAYTON  D250SCA MECHANICAL BAR CONNECTOR,ODORES METAL LLC,MACRO,PO for DAYTON  D250SCA MECHANICAL BAR CONNECTOR,Various,Various,23860.0,USD,2026,2,7139,RFPO-7139-V40079,Base PO
RFPO-6705-S9105-1,04 Feb 2026,PO for ACI Certification Programs and Batch Plant Inspection,American Concrete Institute,MICRON,PO for ACI Certification Programs and Batch Plant Inspection,Services,Services,45000.0,USD,2026,2,6705,RFPO-6705-S9105,Base PO
RFPO-6705-V40169-1,03 Feb 2026,PO for SIKAEMACO 440,Dateline Exports Inc.,Unknown,PO for SIKAEMACO 440,Various,Various,363.56,USD,2026,2,6705,RFPO-6705-V40169,Base PO
RFPO-5829-V40045-1,03 Feb 2026,PO for FREE ISSUED - FALSE CEILING - ACOUSTICS,USG Middle East,MVL USA JV LLC,PO for FREE ISSUED - FALSE CEILING - ACOUSTICS,Various,Various,9889.16,USD,2026,2,5829,RFPO-5829-V40045,Base PO
RFPO-5532-V40092-1,03 Feb 2026,PO for Sand & cement,Leeds Services Co. Pte Ltd.,MACRO,PO for Sand & cement,Various,Various,277990.0,USD,2026,2,5532,RFPO-5532-V40092,Base PO
RFPO-6705-M4027-1,02 Feb 2026,PO for Material Requisition Form MR-019 -  XCMG 740 skid loader - Spare parts,Evangel International Machinery Ltd.,MVL USA JV LLC,PO for Material Requisition Form MR-019 -  XCMG 740 skid loader - Spare parts,Mechanical,Mechanical,5368.0,USD,2026,2,6705,RFPO-6705-M4027,Base PO
RFPO-6705-E6846-1,02 Feb 2026,PO for LV Cables for Bldg.729,Benfield Electric International Ltd.,Unknown,PO for LV Cables for Bldg.729,Electrical,Electrical,25522.0,USD,2026,2,6705,RFPO-6705-E6846,Base PO
RFPO-5829-V40046-1,02 Feb 2026,"PO for Air Pavement - Quotation – Pipes, Couplers & Privacy Nets",Mozoon Alkhair For Scaffolding L.L.C,MVL USA JV LLC,"PO for Air Pavement - Quotation – Pipes, Couplers & Privacy Nets",Various,Various,2341.18,USD,2026,2,5829,RFPO-5829-V40046,Base PO
RFPO-7208-V40028-1,30 Jan 2026,"PO for Cold Form Metals Purlins, Z girts",Dateline Exports Inc.,MVL USA JV LLC,"PO for Cold Form Metals Purlins, Z girts",Various,Various,75000.0,USD,2026,1,7208,RFPO-7208-V40028,Base PO
RFPO-5532-V40091-1,30 Jan 2026,PO for Admixtures,SODAMCO EMIRATES FACTORY FOR BUILDING MATERIALS LLC,MACRO,PO for Admixtures,Various,Various,4179.03,USD,2026,1,5532,RFPO-5532-V40091,Base PO
RFPO-1569-15210-1,29 Jan 2026,PO for 1806 - One-time inspection & certification (FA and FF system),EUROFIRE FIRE & SAFETY L.L.C,Unknown,PO for 1806 - One-time inspection & certification (FA and FF system),Various,Various,514.64,USD,2026,1,1569,RFPO-1569-15210,Base PO
RFPO-7139-V40075-1,29 Jan 2026,PO for Cable Rack & Rack Arm,WESCO Distribution Inc,MVL USA JV LLC,PO for Cable Rack & Rack Arm,Various,Various,12390.72,USD,2026,1,7139,RFPO-7139-V40075,Base PO
RFPO-7039-V40031-1,29 Jan 2026,PO for PVC Pipes & Fittings (Last Lot),National Plastic & Building Material Industries LLC,MVL USA JV LLC,PO for PVC Pipes & Fittings (Last Lot),Various,Various,97716.05,USD,2026,1,7039,RFPO-7039-V40031,Base PO
RFPO-5532-M4108-1,28 Jan 2026,PO for DG - Quotation Ref. QUOT-38149 – Electric Dryer (MAXX DR10-TT 110V),Teko General Trading LLC,MVL Nepal,PO for DG - Quotation Ref. QUOT-38149 – Electric Dryer (MAXX DR10-TT 110V),Mechanical,Mechanical,6077.6,USD,2026,1,5532,RFPO-5532-M4108,Base PO
RFPO-7616-V40002-1,27 Jan 2026,PO for PVC Coated rigid metallic pipes & fittings,AL BAHRI AND AL MAZROEY TRADING COMPANY - L.L.C,MACRO,PO for PVC Coated rigid metallic pipes & fittings,Various,Various,34343.63,USD,2026,1,7616,RFPO-7616-V40002,Base PO
RFPO-5829-M4005-1,27 Jan 2026,PO forAIR PAVEMENT - Quotation No. WC/SQ/12870/R/2 – Supply of Floor Saw & Blade,WECARE MACHINERY TRADING – Sole Proprietorship LLC,MVL USA JV LLC,PO forAIR PAVEMENT - Quotation No. WC/SQ/12870/R/2 – Supply of Floor Saw & Blade,Mechanical,Mechanical,1783.53,USD,2026,1,5829,RFPO-5829-M4005,Base PO
RFPO-7139-V40074-1,27 Jan 2026,PO for C900 Pipes and Star DI fittings for Potable Water,American International Supply Inc.,MVL USA JV LLC,PO for C900 Pipes and Star DI fittings for Potable Water,Various,Various,51639.236,USD,2026,1,7139,RFPO-7139-V40074,Base PO
RFPO-7139-V40072-1,26 Jan 2026,PO for Pre-Shipment Inspection - AM-330D Air-Cooled Screw Chiller - INV-WNW165573 - 01272026,V-Trust Inspection Service Co. Ltd.,MVL USA JV LLC,PO for Pre-Shipment Inspection - AM-330D Air-Cooled Screw Chiller - INV-WNW165573 - 01272026,Various,Various,268.0,USD,2026,1,7139,RFPO-7139-V40072,Base PO
RFPO-5532-M4107-1,26 Jan 2026,"PO for Quotation NMCO26-00000350 – Nordberg Equipment (North Mountain Trading, Jan 15, 2026)",NOURTH MOUNTAIN TRADING L.L.C,MW-OCS,"PO for Quotation NMCO26-00000350 – Nordberg Equipment (North Mountain Trading, Jan 15, 2026)",Mechanical,Mechanical,1081.4,USD,2026,1,5532,RFPO-5532-M4107,Base PO
RFPO-5829-M4004-1,23 Jan 2026,PO for AIR PAVEMENT - Portable Diesel Air Compressor – Model KDP-5/7 - WC/SQ/12891,WECARE MACHINERY TRADING – Sole Proprietorship LLC,MVL USA JV LLC,PO for AIR PAVEMENT - Portable Diesel Air Compressor – Model KDP-5/7 - WC/SQ/12891,Mechanical,Mechanical,11436.35,USD,2026,1,5829,RFPO-5829-M4004,Base PO
RFPO-1569-O121-1,23 Jan 2026,PO for OFFICE 1807 PRINTER -  Canon advance C3525i - 11657,Al Waseem Computer Devices Tr LLC SP,MACRO,PO for OFFICE 1807 PRINTER -  Canon advance C3525i - 11657,Office Assets,Office Assets,1402.31,USD,2026,1,1569,RFPO-1569-O121,Base PO
RFPO-5532-M4050-2,22 Jan 2026,PO for Material Request MR-108 MR - Vehicle -Great Wall Pick-up - AG25AQ426A,"FASTWIN GROUP CO.,LIMITED",MVL USA JV LLC,PO for Material Request MR-108 MR - Vehicle -Great Wall Pick-up - AG25AQ426A,Mechanical,Mechanical,1247.28,USD,2026,1,5532,RFPO-5532-M4050,Change Order
RFPO-7139-V4359-1,22 Jan 2026,PO for Sorbent Boom,Safety 1st Systems Inc,MVL Nepal,PO for Sorbent Boom,Various,Various,790.0,USD,2026,1,7139,RFPO-7139-V4359,Base PO
RFPO-6705-E6845-1,22 Jan 2026,PO for Screw Cover Pull,Americas Best Electricmart Inc,MACRO,PO for Screw Cover Pull,Electrical,Electrical,394.95,USD,2026,1,6705,RFPO-6705-E6845,Base PO
RFPO-6705-V40168-1,22 Jan 2026,PO for Towable Concrete Mixer,HOME DEPOT USA,MACRO,PO for Towable Concrete Mixer,Various,Various,3752.65,USD,2026,1,6705,RFPO-6705-V40168,Base PO
RFPO-6705-V4363-1,22 Jan 2026,PO for Printing of Plans,COPY EXPRESS,FIRESTOP,PO for Printing of Plans,Various,Various,2442.8,USD,2026,1,6705,RFPO-6705-V4363,Base PO
RFPO-6705-E6844-1,21 Jan 2026,PO for Warning Light,Flight Light Inc,MACRO,PO for Warning Light,Electrical,Electrical,588.81,USD,2026,1,6705,RFPO-6705-E6844,Base PO
RFPO-7616-V40001-1,21 Jan 2026,PO for Electrical Materials,Kelly & Hayes Electrical Industrial & Plumbing Supplies,MACRO,PO for Electrical Materials,Various,Various,35434.15,USD,2026,1,7616,RFPO-7616-V40001,Base PO
RFPO-5829-V40043-1,21 Jan 2026,"PO for AIR PAVEMENT - Pavement frame Design,  fabrication and supply Ref- QT/mvl/0012/r2",Technofab Steel Fabrication & Welding LLC,MVL USA JV LLC,"PO for AIR PAVEMENT - Pavement frame Design,  fabrication and supply Ref- QT/mvl/0012/r2",Various,Various,11572.5,USD,2026,1,5829,RFPO-5829-V40043,Base PO
RFPO-5532-V4379-1,21 Jan 2026,PO for HDPE PORTABLE TOILET - AS PER APPROVED PROFORMA - SOEASY-S20260120,FOSHAN SOEASY MODULAR HOUSING CO LTD,FIRESTOP,PO for HDPE PORTABLE TOILET - AS PER APPROVED PROFORMA - SOEASY-S20260120,Various,Various,12050.0,USD,2026,1,5532,RFPO-5532-V4379,Base PO
RFPO-7139-V40070-1,21 Jan 2026,PO for Tracer Wire for Water & Fire Piping Utility System,American International Supply Inc.,MVL USA JV LLC,PO for Tracer Wire for Water & Fire Piping Utility System,Various,Various,1449.99,USD,2026,1,7139,RFPO-7139-V40070,Base PO
RFPO-7139-V40071-1,21 Jan 2026,PO for Steel Rebars for Sanitary Sewer Manhole,Nucor Rebar Fabrication,MVL USA JV LLC,PO for Steel Rebars for Sanitary Sewer Manhole,Various,Various,3044.0,USD,2026,1,7139,RFPO-7139-V40071,Base PO
RFPO-7073-V40014-1,21 Jan 2026,PO for REDUCER WITH FLANGE,Crossweld Metal Trading Co.LLC,MACRO,PO for REDUCER WITH FLANGE,Various,Various,6111.0,USD,2026,1,7073,RFPO-7073-V40014,Base PO
RFPO-6705-V40167-1,21 Jan 2026,PO for 3/8inch & 5/8in Pipe Clamps,"Scott & From Co., Inc.",MACRO,PO for 3/8inch & 5/8in Pipe Clamps,Various,Various,31.98,USD,2026,1,6705,RFPO-6705-V40167,Base PO
RFPO-7120-V40005-1,21 Jan 2026,PO for Condensate Drain Pumps,Global Services Vertiv Japan GK,MVL Greece,PO for Condensate Drain Pumps,Various,Various,2146477.0,USD,2026,1,7120,RFPO-7120-V40005,Base PO
RFPO-7139-V40068-1,20 Jan 2026,PO for Bulk Bags Skid Lot,Uline,MVL USA JV LLC,PO for Bulk Bags Skid Lot,Various,Various,2114.89,USD,2026,1,7139,RFPO-7139-V40068,Base PO
RFPO-6705-V40161-2,20 Jan 2026,PO for #67 Rock(Coarse Aggregate),SMITHBRIDGE GUAM,MACRO,PO for #67 Rock(Coarse Aggregate),Various,Various,92284.55,USD,2026,1,6705,RFPO-6705-V40161,Change Order
RFPO-7139-V40069-1,20 Jan 2026,PO for Formwork Material for Lift Station,Dateline Exports Inc.,MVL USA JV LLC,PO for Formwork Material for Lift Station,Various,Various,9513.64,USD,2026,1,7139,RFPO-7139-V40069,Base PO
RFPO-5829-V40042-1,19 Jan 2026,PO for AIR PAVEMENT - XEL/Q5546/26/JC – Rev 1 - Supply of X-Cure RB90 (16 × 200L),X-Calibur Emirates LLC,MVL USA JV LLC,PO for AIR PAVEMENT - XEL/Q5546/26/JC – Rev 1 - Supply of X-Cure RB90 (16 × 200L),Various,Various,8565.28,USD,2026,1,5829,RFPO-5829-V40042,Base PO
RFPO-5829-M4003-1,19 Jan 2026,PO for AIR FIELD PAVEMENT - WC/SQ/12774 - BULL FLOAT,WECARE MACHINERY TRADING – Sole Proprietorship LLC,MVL Nepal,PO for AIR FIELD PAVEMENT - WC/SQ/12774 - BULL FLOAT,Mechanical,Mechanical,370.32,USD,2026,1,5829,RFPO-5829-M4003,Base PO
RFPO-1569-O117-1,15 Jan 2026,PO for Microsoft 365 G5 GCC – Annual Subscription Licenses (Pro-Rated) - CSP 1223 MVL - NCE CSP Agreement Renewal - GCC - 2026,Managed Solution LLC,MACRO,PO for Microsoft 365 G5 GCC – Annual Subscription Licenses (Pro-Rated) - CSP 1223 MVL - NCE CSP Agreement Renewal - GCC - 2026,Office Assets,Office Assets,199837.439,USD,2026,1,1569,RFPO-1569-O117,Base PO
RFPO-7878-V40007-1,15 Jan 2026,PO for Air Separator Tank,INTEGRATED CONTRACTING SUPPLIERS,MVL Greece,PO for Air Separator Tank,Various,Various,2088.0,USD,2026,1,7878,RFPO-7878-V40007,Base PO
RFPO-1569-O118-1,15 Jan 2026,"PO forBluebeam Core License - SA50 - End User: Austin Jacques (Superintendent, MVL USA, Inc.)",AllCAD Solutions LLC,MACRO,"PO forBluebeam Core License - SA50 - End User: Austin Jacques (Superintendent, MVL USA, Inc.)",Office Assets,Office Assets,251.87,USD,2026,1,1569,RFPO-1569-O118,Base PO
RFPO-7616-A5301-1,15 Jan 2026,PO for Paints & Coatings,BM Middle East FZC,MACRO,PO for Paints & Coatings,Architectural,Architectural,6631.86,USD,2026,1,7616,RFPO-7616-A5301,Base PO
RFPO-1569-O114-1,14 Jan 2026,PO for Acronis Cyber Protect Cloud - January - June 2026 -  INV/25-26/083,RivYv Technologies,MACRO,PO for Acronis Cyber Protect Cloud - January - June 2026 -  INV/25-26/083,Office Assets,Office Assets,6000.0,USD,2026,1,1569,RFPO-1569-O114,Base PO
RFPO-6705-A5202-2,14 Jan 2026,PO for Hardware Items for Bldg 729,Lakshmi Metal Tech LLC,MACRO,PO for Hardware Items for Bldg 729,Architectural,Architectural,524.17,USD,2026,1,6705,RFPO-6705-A5202,Change Order
RFPO-7139-V40067-1,14 Jan 2026,PO for Valve Boxes and cover for Water & Fire,EJ USA Inc.,MVL USA JV LLC,PO for Valve Boxes and cover for Water & Fire,Various,Various,2904.16,USD,2026,1,7139,RFPO-7139-V40067,Base PO
RFPO-7878-V40006-1,14 Jan 2026,PO for Vane Axial Fans,INTEGRATED CONTRACTING SUPPLIERS,MACRO,PO for Vane Axial Fans,Various,Various,25321.32,USD,2026,1,7878,RFPO-7878-V40006,Base PO
RFPO-7878-V40005-1,14 Jan 2026,PO for Manual Balancing Dampers,INTEGRATED CONTRACTING SUPPLIERS,MVL Greece,PO for Manual Balancing Dampers,Various,Various,2235.0,USD,2026,1,7878,RFPO-7878-V40005,Base PO
RFPO-7139-E6824-1,14 Jan 2026,PO for ATCT LSA - Lift Station - Electrical Conduit & fitting,TIC LIGHT ELECTRICAL CORP,MACRO,PO for ATCT LSA - Lift Station - Electrical Conduit & fitting,Electrical,Electrical,4367.0,USD,2026,1,7139,RFPO-7139-E6824,Base PO
RFPO-7139-E6825-1,14 Jan 2026,PO for  ATCT LSA - Lift Station-Eaton Circuit Breaker,AL GHANDI SWITCHGEARS INDUSTRY,MACRO,PO for  ATCT LSA - Lift Station-Eaton Circuit Breaker,Electrical,Electrical,84.41,USD,2026,1,7139,RFPO-7139-E6825,Base PO
RFPO-6705-V40166-1,13 Jan 2026,PO for DWV pipe and Elbow for FCU and ACCU,American International Supply Inc.,MACRO,PO for DWV pipe and Elbow for FCU and ACCU,Various,Various,300.0,USD,2026,1,6705,RFPO-6705-V40166,Base PO
RFPO-5829-V40041-1,13 Jan 2026,PO for Heavy Duty Bridge Deck Finisher (QT-202633),Lomeq Technical Services Co. L.L.C,MVL USA JV LLC,PO for Heavy Duty Bridge Deck Finisher (QT-202633),Various,Various,7624.23,USD,2026,1,5829,RFPO-5829-V40041,Base PO
RFPO-1569-O116-1,13 Jan 2026,PO for Internal - Microsoft 365 G5 GCC – Annual Subscription Licenses (Pro-Rated) - Inv - 116866,Managed Solution LLC,MACRO,PO for Internal - Microsoft 365 G5 GCC – Annual Subscription Licenses (Pro-Rated) - Inv - 116866,Office Assets,Office Assets,1909.2,USD,2026,1,1569,RFPO-1569-O116,Base PO
RFPO-5153-S9115-1,13 Jan 2026,PO for Blanket Purchase Order P010027.00 – 0097 -001 - Percassi,IMPRESA PERCASSI S.P.A.,MVL Italy,PO for Blanket Purchase Order P010027.00 – 0097 -001 - Percassi,Services,Services,1.0,USD,2026,1,5153,RFPO-5153-S9115,Base PO
RFPO-5153-S9116-1,13 Jan 2026,PO for Blanket Purchase Order - P010027.00 – 0097 -002 – Gemmo .,GEMMO SPA,MVL Italy,PO for Blanket Purchase Order - P010027.00 – 0097 -002 – Gemmo .,Services,Services,0,USD,2026,1,5153,RFPO-5153-S9116,Base PO
RFPO-1569-O115-1,13 Jan 2026,PO forAronis Advance Management Includes RDP - January - June 2026 - INV/25-26/084,RivYv Technologies,MACRO,PO forAronis Advance Management Includes RDP - January - June 2026 - INV/25-26/084,Office Assets,Office Assets,4230.0,USD,2026,1,1569,RFPO-1569-O115,Base PO
RFPO-7139-M4104-1,13 Jan 2026,PO for GAC filter system 600GPM,"Dongguan Haiyuan Water Treatment Co., LTD",MACRO,PO for GAC filter system 600GPM,Mechanical,Mechanical,99710.0,USD,2026,1,7139,RFPO-7139-M4104,Base PO
RFPO-7139-M4103-1,12 Jan 2026,PO for Supply of Lift Station Submersible Pump Set,M.A.H.Y. KHOORY & CO. LLC,MACRO,PO for Supply of Lift Station Submersible Pump Set,Mechanical,Mechanical,27332.36,USD,2026,1,7139,RFPO-7139-M4103,Base PO
RFPO-7139-V40066-1,12 Jan 2026,PO for Opaque Polyethylene sheet,"White Cap Supply Holdings, LLC",MACRO,PO for Opaque Polyethylene sheet,Various,Various,822.97,USD,2026,1,7139,RFPO-7139-V40066,Base PO
RFPO-6705-V40165-1,12 Jan 2026,PO for Drill Bits,Tsang Brothers Corporation,MACRO,PO for Drill Bits,Various,Various,570.56,USD,2026,1,6705,RFPO-6705-V40165,Base PO
RFPO-6705-A5202-1,12 Jan 2026,PO for Hardware Items for Bldg 729,Lakshmi Metal Tech LLC,MACRO,PO for Hardware Items for Bldg 729,Architectural,Architectural,493.12,USD,2026,1,6705,RFPO-6705-A5202,Base PO
RFPO-6705-V40164-1,08 Jan 2026,PO for Rebar Touch up Paints,Dateline Exports Inc.,MACRO,PO for Rebar Touch up Paints,Various,Various,4681.19,USD,2026,1,6705,RFPO-6705-V40164,Base PO
RFPO-7139-V40065-1,08 Jan 2026,PO for Cut and Bend Rebars and Patch Kits,Nucor Rebar Fabrication,MVL USA JV LLC,PO for Cut and Bend Rebars and Patch Kits,Various,Various,21534.0,USD,2026,1,7139,RFPO-7139-V40065,Base PO
RFPO-1005-V7263-2,08 Jan 2026,PO for Ductile Iron Pipes & fittings,Cimmaron International Corporation,MICRON,PO for Ductile Iron Pipes & fittings,Various,Various,26544.46,USD,2026,1,1005,RFPO-1005-V7263,Change Order
RFPO-5829-R1512-1,07 Jan 2026,"PO for Hydraulic Crane, 100 Ton Rough Terrain, standard main boom  - Agreement No.: 2EC2501138",JOHNSON ARABIA LLC,MACRO,"PO for Hydraulic Crane, 100 Ton Rough Terrain, standard main boom  - Agreement No.: 2EC2501138",Rental,Rental,19060.59,USD,2026,1,5829,RFPO-5829-R1512,Base PO
RFPO-5829-R1512-2,07 Jan 2026,"PO for Hydraulic Crane, 100 Ton Rough Terrain, standard main boom  - Agreement No.: 2EC2501138",JOHNSON ARABIA LLC,MACRO,"PO for Hydraulic Crane, 100 Ton Rough Terrain, standard main boom  - Agreement No.: 2EC2501138",Rental,Rental,19605.17,USD,2026,1,5829,RFPO-5829-R1512,Change Order
RFPO-7139-V40064-2,07 Jan 2026,PO for Trench Boxes with Accessories,ALLEN TRENCH SAFETY CORPORATION,MVL USA JV LLC,PO for Trench Boxes with Accessories,Various,Various,34985.55,USD,2026,1,7139,RFPO-7139-V40064,Change Order
RFPO-5829-V40039-1,07 Jan 2026,PO for Supply of ductile iron (DI) manhole covers and frames as per approved submittal,Unitech Di Pipes & Fittings Mfg. LLC,MVL USA JV LLC,PO for Supply of ductile iron (DI) manhole covers and frames as per approved submittal,Various,Various,34832.64,USD,2026,1,5829,RFPO-5829-V40039,Base PO
RFPO-6705-V40005-3,07 Jan 2026,NEW UNIT SUBSTATION & PRIMARY SELECTIVE SWITCHES,Kelly & Hayes Electrical Industrial & Plumbing Supplies,MVL Greece,NEW UNIT SUBSTATION & PRIMARY SELECTIVE SWITCHES,Various,Various,173389.43,USD,2026,1,6705,RFPO-6705-V40005,Change Order
RFPO-5829-V40040-1,07 Jan 2026,PO for Candor - Supply of Basket Assembly 10mm Dia Round Rod L=1m (Uncoated)- Ref: UDIP/UAE/18102024/CANDOR/7174 REV04,Unitech Di Pipes & Fittings Mfg. LLC,MVL USA JV LLC,PO for Candor - Supply of Basket Assembly 10mm Dia Round Rod L=1m (Uncoated)- Ref: UDIP/UAE/18102024/CANDOR/7174 REV04,Various,Various,14086.32,USD,2026,1,5829,RFPO-5829-V40040,Base PO
RFPO-7878-V40003-1,07 Jan 2026,PO for Expansion and Buffer Tanks,INTEGRATED CONTRACTING SUPPLIERS,MACRO,PO for Expansion and Buffer Tanks,Various,Various,8957.0,USD,2026,1,7878,RFPO-7878-V40003,Base PO
RFPO-6705-A5301-1,06 Jan 2026,PO for Paints & coatings for Building 729,BM Middle East FZC,MACRO,PO for Paints & coatings for Building 729,Architectural,Architectural,2212.0,USD,2026,1,6705,RFPO-6705-A5301,Base PO
RFPO-7139-E6823-1,06 Jan 2026,PO for PVC nonmetallic conduits (CANTEX),TIC LIGHT ELECTRICAL CORP,MACRO,PO for PVC nonmetallic conduits (CANTEX),Electrical,Electrical,7116.68,USD,2026,1,7139,RFPO-7139-E6823,Base PO
RFPO-7212-V40019-1,06 Jan 2026,PO for Nitrogen Generator & Air Compressor,"South-Tek Systems, LLC",MVL USA JV LLC,PO for Nitrogen Generator & Air Compressor,Various,Various,40826.8,USD,2026,1,7212,RFPO-7212-V40019,Base PO
RFPO-7139-V40064-1,06 Jan 2026,PO for Trench Boxes with Accessories,ALLEN TRENCH SAFETY CORPORATION,MVL USA JV LLC,PO for Trench Boxes with Accessories,Various,Various,33102.75,USD,2026,1,7139,RFPO-7139-V40064,Base PO
RFPO-7139-V4358-1,06 Jan 2026,PO for RT29 Radio,YSAIR HONGKONG HOLDINGS LIMITED,MACRO,PO for RT29 Radio,Various,Various,995.7,USD,2026,1,7139,RFPO-7139-V4358,Base PO
RFPO-1005-V7264-1,06 Jan 2026,PO for PVC Pipes & Fittings,HOLBROOK PIPE SUPPLY INC.,MICRON,PO for PVC Pipes & Fittings,Various,Various,11906.665,USD,2026,1,1005,RFPO-1005-V7264,Base PO
RFPO-7139-E6822-1,05 Jan 2026,PO for PVC coated conduits,Benfield Electric International Ltd.,MACRO,PO for PVC coated conduits,Electrical,Electrical,54944.13,USD,2026,1,7139,RFPO-7139-E6822,Base PO
RFPO-5829-V40038-1,02 Jan 2026,"PO for Air Pavement - Epoxy-Coated Dowel Bars (410mm x 25mm)  and Welded Wire Mesh (150x150x07x07mm, 2.4m x 4.8m sheets)",Unitech Di Pipes & Fittings Mfg. LLC,MVL USA JV LLC,"PO for Air Pavement - Epoxy-Coated Dowel Bars (410mm x 25mm)  and Welded Wire Mesh (150x150x07x07mm, 2.4m x 4.8m sheets)",Various,Various,57755.5,USD,2026,1,5829,RFPO-5829-V40038,Base PO
RFPO-6705-V4362-2,24 Dec 2025,PO for Confined Space Kit,Industrial Safety Products,MACRO,PO for Confined Space Kit,Various,Various,1756.9,USD,2025,12,6705,RFPO-6705-V4362,Change Order
RFPO-8206-O1-1,24 Dec 2025,PO for Lenovo Business Laptop,Kyoto Technologies,MACRO,PO for Lenovo Business Laptop,Office Assets,Office Assets,12906.74,USD,2025,12,8206,RFPO-8206-O1,Base PO
RFPO-7073-V40013-1,19 Dec 2025,PO for Gaskets,"Smith International Gulf Services, LLC",MACRO,PO for Gaskets,Various,Various,5052.01,USD,2025,12,7073,RFPO-7073-V40013,Base PO
RFPO-5532-V4378-1,19 Dec 2025,PO for Plan Swift 11 Measurements & QTY Takeoff Software -  Perpetual License - Marte Alzate,Green Figure Technique,FIRESTOP,PO for Plan Swift 11 Measurements & QTY Takeoff Software -  Perpetual License - Marte Alzate,Various,Various,2009.53,USD,2025,12,5532,RFPO-5532-V4378,Base PO
RFPO-6852-V40037-1,19 Dec 2025,PO for Fuel System Repair Materials,Jet Fuel Specialists LLC,MVL USA JV LLC,PO for Fuel System Repair Materials,Various,Various,23112.64,USD,2025,12,6852,RFPO-6852-V40037,Base PO
RFPO-6705-V40163-1,18 Dec 2025,"PO for STAINLESS STEEL SS316, ASTM A312, SCH40 WELDED PIPES",PENN STAINLESS PRODUCTS,MACRO,"PO for STAINLESS STEEL SS316, ASTM A312, SCH40 WELDED PIPES",Various,Various,2830.61,USD,2025,12,6705,RFPO-6705-V40163,Base PO
RFPO-7139-V40063-1,18 Dec 2025,PO for JFVD78922 - Preshipment Inspection - Coaster 19 seats bus MD6601 and Two years wearing spare parts list,V-Trust Inspection Service Co. Ltd.,MVL USA JV LLC,PO for JFVD78922 - Preshipment Inspection - Coaster 19 seats bus MD6601 and Two years wearing spare parts list,Various,Various,268.0,USD,2025,12,7139,RFPO-7139-V40063,Base PO
RFPO-5532-V4377-1,17 Dec 2025,PO for Magnet Sticker Panels - 210 × 120 cm - Estimate 3302,Alelham Consultancy LLC,FIRESTOP,PO for Magnet Sticker Panels - 210 × 120 cm - Estimate 3302,Various,Various,996.6,USD,2025,12,5532,RFPO-5532-V4377,Base PO
RFPO-7139-V40059-1,17 Dec 2025,PO for INV-JFVD72671 - Preshipment Inspection - DONGFENG 190HP Truck Mounted XCMG 6.3Ton Crane and Spare Parts,V-Trust Inspection Service Co. Ltd.,MVL USA JV LLC,PO for INV-JFVD72671 - Preshipment Inspection - DONGFENG 190HP Truck Mounted XCMG 6.3Ton Crane and Spare Parts,Various,Various,268.0,USD,2025,12,7139,RFPO-7139-V40059,Base PO
RFPO-7212-V40017-1,17 Dec 2025,PO for Gas Detector system & Controls,BMS Btech Switchgear,MVL USA JV LLC,PO for Gas Detector system & Controls,Various,Various,8059.9,USD,2025,12,7212,RFPO-7212-V40017,Base PO
RFPO-7139-V40036-2,17 Dec 2025,PO for Mechanic Shop Tools,Dateline Exports Inc.,MVL USA JV LLC,PO for Mechanic Shop Tools,Various,Various,32410.31,USD,2025,12,7139,RFPO-7139-V40036,Change Order
RFPO-7139-V40062-1,17 Dec 2025,PO for Ductile Iron Pipe and Fittings,Cimmaron International Corporation,MVL USA JV LLC,PO for Ductile Iron Pipe and Fittings,Various,Various,23402.52,USD,2025,12,7139,RFPO-7139-V40062,Base PO
RFPO-6705-V40162-1,17 Dec 2025,PO for Ductile Iron Pipe and Fittings,Cimmaron International Corporation,MACRO,PO for Ductile Iron Pipe and Fittings,Various,Various,7472.62,USD,2025,12,6705,RFPO-6705-V40162,Base PO
RFPO-7864-V40004-1,17 Dec 2025,PO for Adhesive for Carpets,Right Choice Equipment Trading (LLC),MACRO,PO for Adhesive for Carpets,Various,Various,119.81,USD,2025,12,7864,RFPO-7864-V40004,Base PO
RFPO-7139-M4020-1,16 Dec 2025,PO for XH202310251-1 - Gulf Carts - GM-6D+2 and GM-4D with cargo,"Henan XunHu Equipment Co., Ltd",MVL USA JV LLC,PO for XH202310251-1 - Gulf Carts - GM-6D+2 and GM-4D with cargo,Mechanical,Mechanical,29778.0,USD,2025,12,7139,RFPO-7139-M4020,Base PO
RFPO-7139-S9144-1,16 Dec 2025,PO for Filters- Maintenance parts for 37.5KVA GENERATOR SET,MORRICO EQUIPMENT LLC,"MVL USA, INC",PO for Filters- Maintenance parts for 37.5KVA GENERATOR SET,Services,Services,502.47,USD,2025,12,7139,RFPO-7139-S9144,Base PO
RFPO-5829-V40037-1,16 Dec 2025,PO for Oasis Metal Quotation OMM/24‑3693 -  (Triton Project Facility B – Trench Gratings) - COP7,Oasis Metal Manufacturing LLC,MVL USA JV LLC,PO for Oasis Metal Quotation OMM/24‑3693 -  (Triton Project Facility B – Trench Gratings) - COP7,Various,Various,7678.69,USD,2025,12,5829,RFPO-5829-V40037,Base PO
RFPO-5532-M4052-1,16 Dec 2025,PO for MVL-DG Equipment -VibratoryCompactors- -X025 - John,Evangel International Machinery Ltd.,MVL USA JV LLC,PO for MVL-DG Equipment -VibratoryCompactors- -X025 - John,Mechanical,Mechanical,25000.0,USD,2025,12,5532,RFPO-5532-M4052,Base PO
RFPO-7139-V40060-1,16 Dec 2025,PO for PVC C-900 Pipe and Fittings for Fire Water,American International Supply Inc.,MVL USA JV LLC,PO for PVC C-900 Pipe and Fittings for Fire Water,Various,Various,15822.14,USD,2025,12,7139,RFPO-7139-V40060,Base PO
RFPO-7139-V40061-1,16 Dec 2025,PO for SPONGE RUBBER EXPANSION JOINT FILLER WR MEADOWS,Dateline Exports Inc.,MVL USA JV LLC,PO for SPONGE RUBBER EXPANSION JOINT FILLER WR MEADOWS,Various,Various,20217.63,USD,2025,12,7139,RFPO-7139-V40061,Base PO
RFPO-5532-V4376-1,15 Dec 2025,PO for - Magnet Sticker - Specs: - Digital printed outdoor vinyl - UV lamination (glossy or matte) - Mounted on magnet sheet - Thickness: 0.8 mm - Size: 45 × 20 cm,Alelham Consultancy LLC,FIRESTOP,PO for - Magnet Sticker - Specs: - Digital printed outdoor vinyl - UV lamination (glossy or matte) - Mounted on magnet sheet - Thickness: 0.8 mm - Size: 45 × 20 cm,Various,Various,673.93,USD,2025,12,5532,RFPO-5532-V4376,Base PO
RFPO-1569-O112-1,15 Dec 2025,PO for Bluebeam Core – Annual Subscription – Renewal (Sub End: 1st Jan 2026) - Quotation Ref: SA729,AllCAD Solutions LLC,MACRO,PO for Bluebeam Core – Annual Subscription – Renewal (Sub End: 1st Jan 2026) - Quotation Ref: SA729,Office Assets,Office Assets,503.74,USD,2025,12,1569,RFPO-1569-O112,Base PO
RFPO-7864-A5201-1,15 Dec 2025,PO for Aluminium Windows,Lakshmi Metal Tech LLC,MACRO,PO for Aluminium Windows,Architectural,Architectural,70000.56,USD,2025,12,7864,RFPO-7864-A5201,Base PO
RFPO-1569-O113-1,15 Dec 2025,PO for Bluebeam Core License - Mansoor.Junbesh@mvl-group.com,AllCAD Solutions LLC,MACRO,PO for Bluebeam Core License - Mansoor.Junbesh@mvl-group.com,Office Assets,Office Assets,251.87,USD,2025,12,1569,RFPO-1569-O113,Base PO
RFPO-6705-V40161-1,15 Dec 2025,PO for #67 Rock(Coarse Aggregate),SMITHBRIDGE GUAM,MACRO,PO for #67 Rock(Coarse Aggregate),Various,Various,92054.4,USD,2025,12,6705,RFPO-6705-V40161,Base PO
RFPO-7212-V40016-1,15 Dec 2025,PO for 16mm Thread rods,Fastener Point LLC,MACRO,PO for 16mm Thread rods,Various,Various,321.81,USD,2025,12,7212,RFPO-7212-V40016,Base PO
RFPO-5532-M4057-1,11 Dec 2025,PO for Official Quotation-7 Machines Spare Parts,Evangel International Machinery Ltd.,MVL USA JV LLC,PO for Official Quotation-7 Machines Spare Parts,Mechanical,Mechanical,12800.0,USD,2025,12,5532,RFPO-5532-M4057,Base PO
RFPO-1569-O111-1,11 Dec 2025,PO for Microsoft 365 G5 GCC – Annual Subscription Licenses (Pro-Rated) - Inv - 115999,Managed Solution LLC,MACRO,PO for Microsoft 365 G5 GCC – Annual Subscription Licenses (Pro-Rated) - Inv - 115999,Office Assets,Office Assets,667.9,USD,2025,12,1569,RFPO-1569-O111,Base PO
RFPO-6705-V4362-1,11 Dec 2025,PO for Confined Space Kit,Industrial Safety Products,MACRO,PO for Confined Space Kit,Various,Various,1589.0,USD,2025,12,6705,RFPO-6705-V4362,Base PO
RFPO-7139-V4357-1,11 Dec 2025,PO for Lubricants,Van De Pol Enterprises Inc,MACRO,PO for Lubricants,Various,Various,18167.57,USD,2025,12,7139,RFPO-7139-V4357,Base PO
RFPO-6705-V40159-2,11 Dec 2025,PO for PVC Cement for COSA- Plumbing,"JW Supply House, Inc",MACRO,PO for PVC Cement for COSA- Plumbing,Various,Various,749.96,USD,2025,12,6705,RFPO-6705-V40159,Change Order
RFPO-5532-M4056-1,10 Dec 2025,PO for AG25AQ426D - VIN: CLW5070QL - Isuzu Van,"FASTWIN GROUP CO.,LIMITED",MVL USA JV LLC,PO for AG25AQ426D - VIN: CLW5070QL - Isuzu Van,Mechanical,Mechanical,1595.54,USD,2025,12,5532,RFPO-5532-M4056,Base PO
RFPO-6705-V40160-1,10 Dec 2025,PO for OCAL-PVC Coated Coupler,Kelly & Hayes Electrical Industrial & Plumbing Supplies,MACRO,PO for OCAL-PVC Coated Coupler,Various,Various,3854.01,USD,2025,12,6705,RFPO-6705-V40160,Base PO
RFPO-6705-E6843-1,10 Dec 2025,PO for Cantex- Male Terminal Adapters,TIC LIGHT ELECTRICAL CORP,MACRO,PO for Cantex- Male Terminal Adapters,Electrical,Electrical,380.47,USD,2025,12,6705,RFPO-6705-E6843,Base PO
RFPO-7139-V40058-1,10 Dec 2025,PO for APOC #30 Roofing Felt,Dateline Exports Inc.,MVL USA JV LLC,PO for APOC #30 Roofing Felt,Various,Various,467.0,USD,2025,12,7139,RFPO-7139-V40058,Base PO
RFPO-1569-O110-1,09 Dec 2025,PO for Gateway Ubiquiti EFG - Harware - Quote Ref: KT/1125/210,Kyoto Technologies,MACRO,PO for Gateway Ubiquiti EFG - Harware - Quote Ref: KT/1125/210,Office Assets,Office Assets,4002.72,USD,2025,12,1569,RFPO-1569-O110,Base PO
RFPO-5532-M4055-1,09 Dec 2025,PO for AG25AQ426C- MAXUS VAN SPARE PARTS,"FASTWIN GROUP CO.,LIMITED",MVL USA JV LLC,PO for AG25AQ426C- MAXUS VAN SPARE PARTS,Mechanical,Mechanical,1735.96,USD,2025,12,5532,RFPO-5532-M4055,Base PO
RFPO-6705-E6842-1,09 Dec 2025,PO for Cadweld exothermic molds and accessories,Benfield Electric International Ltd.,MACRO,PO for Cadweld exothermic molds and accessories,Electrical,Electrical,2605.39,USD,2025,12,6705,RFPO-6705-E6842,Base PO
RFPO-7208-V40027-1,09 Dec 2025,PO for Door Awning & accessories,Dateline Exports Inc.,MVL USA JV LLC,PO for Door Awning & accessories,Various,Various,13126.16,USD,2025,12,7208,RFPO-7208-V40027,Base PO
RFPO-7139-V40055-1,08 Dec 2025,PO for Additional  SDR35 Fittings,HOLBROOK PIPE SUPPLY INC.,MVL USA JV LLC,PO for Additional  SDR35 Fittings,Various,Various,641.44,USD,2025,12,7139,RFPO-7139-V40055,Base PO
RFPO-7616-V40000-2,08 Dec 2025,PO for Scaffolding,"Rapid Scaffolding (Engineering) Co., Ltd",MACRO,PO for Scaffolding,Various,Various,60810.24,USD,2025,12,7616,RFPO-7616-V40000,Change Order
RFPO-5532-M4050-1,08 Dec 2025,PO for Material Request MR-108 MR - Vehicle -Great Wall Pick-up - AG25AQ426A,"FASTWIN GROUP CO.,LIMITED",MVL USA JV LLC,PO for Material Request MR-108 MR - Vehicle -Great Wall Pick-up - AG25AQ426A,Mechanical,Mechanical,1371.88,USD,2025,12,5532,RFPO-5532-M4050,Base PO
RFPO-6705-V40159-1,08 Dec 2025,PO for PVC Cement for COSA- Plumbing,"JW Supply House, Inc",MACRO,PO for PVC Cement for COSA- Plumbing,Various,Various,664.66,USD,2025,12,6705,RFPO-6705-V40159,Base PO
RFPO-7139-V40056-1,08 Dec 2025,"PO for EPOXY COATED REBAR ASTM A615/A615M, GRADE60, COATED TO  ASTM  A775",Nucor Rebar Fabrication,MVL USA JV LLC,"PO for EPOXY COATED REBAR ASTM A615/A615M, GRADE60, COATED TO  ASTM  A775",Various,Various,348872.4,USD,2025,12,7139,RFPO-7139-V40056,Base PO
RFPO-5532-M4053-1,08 Dec 2025,PO for Isuzu Mini Van - AG25AQ426F - Mini Ambulance Parts (VIN: LGDCH91DXSA000743),"FASTWIN GROUP CO.,LIMITED",MVL USA JV LLC,PO for Isuzu Mini Van - AG25AQ426F - Mini Ambulance Parts (VIN: LGDCH91DXSA000743),Mechanical,Mechanical,927.54,USD,2025,12,5532,RFPO-5532-M4053,Base PO
RFPO-7139-V40057-1,08 Dec 2025,"PO for Cover and Frame, Cleanout - Sewer Manhole",EJ USA Inc.,MACRO,"PO for Cover and Frame, Cleanout - Sewer Manhole",Various,Various,7364.09,USD,2025,12,7139,RFPO-7139-V40057,Base PO
RFPO-5532-M4054-1,08 Dec 2025,PO for AG25AQ426E - Laydown 1 Mechanic Work Shop – JMC Pick Up (VIN: JX1033TSEA),"FASTWIN GROUP CO.,LIMITED",MVL USA JV LLC,PO for AG25AQ426E - Laydown 1 Mechanic Work Shop – JMC Pick Up (VIN: JX1033TSEA),Mechanical,Mechanical,4020.43,USD,2025,12,5532,RFPO-5532-M4054,Base PO
RFPO-6705-V4361-1,04 Dec 2025,PO for Battery for Grout Pump,Triple J Ebeye Wholesale,MACRO,PO for Battery for Grout Pump,Various,Various,353.69,USD,2025,12,6705,RFPO-6705-V4361,Base PO
RFPO-7139-S9102-1,04 Dec 2025,PO for Pre-Shipment Inspection Scope for Steel Bar Bending & Cutting Machines,TUV SUD MIDDLE EAST LLC,MICRON,PO for Pre-Shipment Inspection Scope for Steel Bar Bending & Cutting Machines,Services,Services,326.75,USD,2025,12,7139,RFPO-7139-S9102,Base PO
RFPO-5532-M4051-1,04 Dec 2025,PO for  Material Request #MR-108 MR - Vehicle - -Nissan Pick-up - Vin:LJNTGUCYXNN264266,"FASTWIN GROUP CO.,LIMITED",MVL USA JV LLC,PO for  Material Request #MR-108 MR - Vehicle - -Nissan Pick-up - Vin:LJNTGUCYXNN264266,Mechanical,Mechanical,1953.44,USD,2025,12,5532,RFPO-5532-M4051,Base PO
RFPO-7139-V40054-1,04 Dec 2025,PO for PVC C-900 Pipe and Fittings -Purple,American International Supply Inc.,MVL USA JV LLC,PO for PVC C-900 Pipe and Fittings -Purple,Various,Various,9819.85,USD,2025,12,7139,RFPO-7139-V40054,Base PO
RFPO-7139-V40053-1,03 Dec 2025,PO for Pre-Shipment Inspection - INV-JFVN91473 - 9m3 Dust Suppression Truck (Ref: AM25E09170056602),V-Trust Inspection Service Co. Ltd.,MVL USA JV LLC,PO for Pre-Shipment Inspection - INV-JFVN91473 - 9m3 Dust Suppression Truck (Ref: AM25E09170056602),Various,Various,268.0,USD,2025,12,7139,RFPO-7139-V40053,Base PO
RFPO-7616-M4001-2,03 Dec 2025,PO for MR-60 for Vehicle and Equipment Maintenance – Mechanic Workshop - Official Quotation for MVL Bromgrove JV LLC (Project X058)-2025.11.6,Evangel International Machinery Ltd.,MACRO,PO for MR-60 for Vehicle and Equipment Maintenance – Mechanic Workshop - Official Quotation for MVL Bromgrove JV LLC (Project X058)-2025.11.6,Mechanical,Mechanical,122648.0,USD,2025,12,7616,RFPO-7616-M4001,Change Order
RFPO-6705-V40157-1,03 Dec 2025,PO for LSA & Batch plant -Plumbing items,Tsang Brothers Corporation,MACRO,PO for LSA & Batch plant -Plumbing items,Various,Various,6983.0,USD,2025,12,6705,RFPO-6705-V40157,Base PO
RFPO-6705-V40158-1,03 Dec 2025,PO for Storm Water Grate and Frame,American International Supply Inc.,MACRO,PO for Storm Water Grate and Frame,Various,Various,17210.22,USD,2025,12,6705,RFPO-6705-V40158,Base PO
RFPO-6705-V4360-1,03 Dec 2025,PO for JCB-Spare Parts for JCB backhoe loader,Total Industries,FIRESTOP,PO for JCB-Spare Parts for JCB backhoe loader,Various,Various,3736.6,USD,2025,12,6705,RFPO-6705-V4360,Base PO
RFPO-6705-O3-1,03 Dec 2025,PO for Bluebeam Core Annual Subscription for Andrew.Cabigon@mvl-group.com – Quotation Ref. SA689,AllCAD Solutions LLC,MACRO,PO for Bluebeam Core Annual Subscription for Andrew.Cabigon@mvl-group.com – Quotation Ref. SA689,Office Assets,Office Assets,251.87,USD,2025,12,6705,RFPO-6705-O3,Base PO
RFPO-7139-M4018-1,28 Nov 2025,PO for Steel Bar Bending & Cutting Machines and Spare Parts,Modena Machinery Trading LLC,MVL USA JV LLC,PO for Steel Bar Bending & Cutting Machines and Spare Parts,Mechanical,Mechanical,10156.57,USD,2025,11,7139,RFPO-7139-M4018,Base PO
RFPO-7139-M4019-1,28 Nov 2025,"PO for TTransformer 7 KVA (4 KW), 3 Phase, 60 Hz - CXQ/2025/11/P-3924",Crux Transformers L.L.C,MVL USA JV LLC,"PO for TTransformer 7 KVA (4 KW), 3 Phase, 60 Hz - CXQ/2025/11/P-3924",Mechanical,Mechanical,1089.18,USD,2025,11,7139,RFPO-7139-M4019,Base PO
RFPO-6718-V40039-1,27 Nov 2025,PO for Cable Gland,Kelly & Hayes Electrical Industrial & Plumbing Supplies,MVL USA JV LLC,PO for Cable Gland,Various,Various,2855.0,USD,2025,11,6718,RFPO-6718-V40039,Base PO
RFPO-7212-V40013-2,27 Nov 2025,PO for Supports and Hangers,Technopro Middle East FZCO,MACRO,PO for Supports and Hangers,Various,Various,4277.29,USD,2025,11,7212,RFPO-7212-V40013,Change Order
RFPO-5532-M4049-1,27 Nov 2025,PO for Material Request #MR-105 MR - Parts for Roller for LUTONG LTC301  Compactor - Work Shop Mechanics - Jess CO,Evangel International Machinery Ltd.,MVL USA JV LLC,PO for Material Request #MR-105 MR - Parts for Roller for LUTONG LTC301  Compactor - Work Shop Mechanics - Jess CO,Mechanical,Mechanical,556.0,USD,2025,11,5532,RFPO-5532-M4049,Base PO
RFPO-7212-M4101-1,27 Nov 2025,PO for Grooved Fittings & Valves,Asia Electro Mechanical Company Limited,MACRO,PO for Grooved Fittings & Valves,Mechanical,Mechanical,58699.27,USD,2025,11,7212,RFPO-7212-M4101,Base PO
RFPO-5829-M4002-1,27 Nov 2025,PO for EDU20G – AIR FIELD PAVEMENT - WC/SQ/9922/R/1 - Petrol Vibrator  and Poker Shaft,WECARE MACHINERY TRADING – Sole Proprietorship LLC,MVL Nepal,PO for EDU20G – AIR FIELD PAVEMENT - WC/SQ/9922/R/1 - Petrol Vibrator  and Poker Shaft,Mechanical,Mechanical,1925.12,USD,2025,11,5829,RFPO-5829-M4002,Base PO
RFPO-5829-E6818B-1,27 Nov 2025,PO for LV Cables,Dubai Cable Company (Private) Limited,MACRO,PO for LV Cables,Electrical,Electrical,1088740.3,USD,2025,11,5829,RFPO-5829-E6818B,Base PO
RFPO-7208-E6800-1,26 Nov 2025,"PO for Receptacles, Switches & Breakglass Station",Kelly & Hayes Electrical Industrial & Plumbing Supplies,MACRO,"PO for Receptacles, Switches & Breakglass Station",Electrical,Electrical,12638.94,USD,2025,11,7208,RFPO-7208-E6800,Base PO
RFPO-7139-V40052-1,26 Nov 2025,PO for Cressets Crete-Lease Bio-Tru-Xtra All-Xtra with PR,Cresset Chemical Company,MVL USA JV LLC,PO for Cressets Crete-Lease Bio-Tru-Xtra All-Xtra with PR,Various,Various,3193.65,USD,2025,11,7139,RFPO-7139-V40052,Base PO
RFPO-5829-S9105-2,26 Nov 2025,50T Crane with Badged Operator  - Duration: 27 November 2025 to 26 December 2025,OHIO GENERAL CONTRACTING LLC,MICRON,50T Crane with Badged Operator  - Duration: 27 November 2025 to 26 December 2025,Services,Services,14976.17,USD,2025,11,5829,RFPO-5829-S9105,Change Order
RFPO-5532-M4048-2,25 Nov 2025,PO for MR-103 Spare Parts for Backhoe Loader MVL-OPS 006  CIF Singapore - MVL Bromgrove JV LLC,Evangel International Machinery Ltd.,MVL USA JV LLC,PO for MR-103 Spare Parts for Backhoe Loader MVL-OPS 006  CIF Singapore - MVL Bromgrove JV LLC,Mechanical,Mechanical,939.0,USD,2025,11,5532,RFPO-5532-M4048,Change Order
RFPO-5153-S9111-1,25 Nov 2025,PO for - Prime Contract Number: N62470-21-C-0003 - Project: P-759 Family Housing Villaggio SW & Camp Ederle North,IMPRESA PERCASSI S.P.A.,MVL Italy,PO for - Prime Contract Number: N62470-21-C-0003 - Project: P-759 Family Housing Villaggio SW & Camp Ederle North,Services,Services,0,USD,2025,11,5153,RFPO-5153-S9111,Base PO
RFPO-5532-M4047-1,24 Nov 2025,PO for BATCH 1 Equipment Supply for 2026 DG - Projects,Evangel International Machinery Ltd.,MVL USA JV LLC,PO for BATCH 1 Equipment Supply for 2026 DG - Projects,Mechanical,Mechanical,140800.0,USD,2025,11,5532,RFPO-5532-M4047,Base PO
RFPO-5532-M4106-2,24 Nov 2025,PO for Batch Plant - Saddle Clamp & Connector  ANZ Waters - MV191125,Alwan Zamzam Trading Co. L.L.C,MW-OCS,PO for Batch Plant - Saddle Clamp & Connector  ANZ Waters - MV191125,Mechanical,Mechanical,1288.35,USD,2025,11,5532,RFPO-5532-M4106,Change Order
RFPO-5532-M4048-1,24 Nov 2025,PO for MR-103 Spare Parts for Backhoe Loader MVL-OPS 006  CIF Singapore - MVL Bromgrove JV LLC,Evangel International Machinery Ltd.,MVL USA JV LLC,PO for MR-103 Spare Parts for Backhoe Loader MVL-OPS 006  CIF Singapore - MVL Bromgrove JV LLC,Mechanical,Mechanical,620.0,USD,2025,11,5532,RFPO-5532-M4048,Base PO
RFPO-7212-V40012-1,24 Nov 2025,PO for Floor & Wall Supports,Al Asam Mechanical Services (LLC),MACRO,PO for Floor & Wall Supports,Various,Various,9149.08,USD,2025,11,7212,RFPO-7212-V40012,Base PO
RFPO-7212-V40014-1,24 Nov 2025,PO for Air Release Valve,Cla-Val Europe Sarl,MACRO,PO for Air Release Valve,Various,Various,560.0,USD,2025,11,7212,RFPO-7212-V40014,Base PO
RFPO-7212-V40015-1,24 Nov 2025,PO for Pressure Gauge & Flow Indicator,Al Khoory International Products FZE,MACRO,PO for Pressure Gauge & Flow Indicator,Various,Various,1089.18,USD,2025,11,7212,RFPO-7212-V40015,Base PO
RFPO-5532-V4374-1,21 Nov 2025,PO for DG - MVL Branded Polo Shirts (Black & Grey) with Embroidered Logo,TSI International FZC,FIRESTOP,PO for DG - MVL Branded Polo Shirts (Black & Grey) with Embroidered Logo,Various,Various,871.34,USD,2025,11,5532,RFPO-5532-V4374,Base PO
RFPO-1005-V7262-1,21 Nov 2025,PO for HDPE Pipes & fittings,Cimmaron International Corporation,MICRON,PO for HDPE Pipes & fittings,Various,Various,10922.4,USD,2025,11,1005,RFPO-1005-V7262,Base PO
RFPO-5532-M4106-1,21 Nov 2025,PO for Batch Plant - Saddle Clamp & Connector  ANZ Waters - MV191125,Alwan Zamzam Trading Co. L.L.C,MW-OCS,PO for Batch Plant - Saddle Clamp & Connector  ANZ Waters - MV191125,Mechanical,Mechanical,1900.0,USD,2025,11,5532,RFPO-5532-M4106,Base PO
RFPO-1569-O106-1,20 Nov 2025,PO for Access Control Setup – Office 1806  Ref: KT/1125/210,Kyoto Technologies,MACRO,PO for Access Control Setup – Office 1806  Ref: KT/1125/210,Office Assets,Office Assets,1351.8,USD,2025,11,1569,RFPO-1569-O106,Base PO
RFPO-6705-V40156-1,20 Nov 2025,PO for Mineral Wool (Rockwool Safe n Sound),"Scott & From Co., Inc.",MACRO,PO for Mineral Wool (Rockwool Safe n Sound),Various,Various,1689.999999,USD,2025,11,6705,RFPO-6705-V40156,Base PO
RFPO-7139-V40051-1,20 Nov 2025,PO for Slags for Concrete Mix Design,SMITHBRIDGE GUAM,MVL USA JV LLC,PO for Slags for Concrete Mix Design,Various,Various,10875.71007,USD,2025,11,7139,RFPO-7139-V40051,Base PO
RFPO-7139-E6821-1,19 Nov 2025,PO for Smart Rock 3ER Wireless sensor,Giatec Scientific Inc,MACRO,PO for Smart Rock 3ER Wireless sensor,Electrical,Electrical,5080.0,USD,2025,11,7139,RFPO-7139-E6821,Base PO
RFPO-6646-V40004-1,19 Nov 2025,PO for Warranty,MCELROY METAL,MACRO,PO for Warranty,Various,Various,5000.0,USD,2025,11,6646,RFPO-6646-V40004,Base PO
RFPO-7039-E6802B-2,19 Nov 2025,PO for MV CABLES,Oman Cables Industry (SAOG),MACRO,PO for MV CABLES,Electrical,Electrical,1815495.687,USD,2025,11,7039,RFPO-7039-E6802B,Change Order
RFPO-7039-V40029-1,19 Nov 2025,PO for Concrete Supply and Laboratory Services,BLACK CONSTRUCTION CORPORATION,MVL USA JV LLC,PO for Concrete Supply and Laboratory Services,Various,Various,31888.5,USD,2025,11,7039,RFPO-7039-V40029,Base PO
RFPO-7212-V40010-1,19 Nov 2025,PO for Pressure Gauge,INTEGRATED CONTRACTING SUPPLIERS,MACRO,PO for Pressure Gauge,Various,Various,344.0,USD,2025,11,7212,RFPO-7212-V40010,Base PO
RFPO-7212-V40011-1,19 Nov 2025,PO for Test and Drain Valve,Blue Line Trading Group LLC,MACRO,PO for Test and Drain Valve,Various,Various,3512.65,USD,2025,11,7212,RFPO-7212-V40011,Base PO
RFPO-7212-V40006-1,18 Nov 2025,PO for Flange Clamps,New Horizon Building Materials Trading LLC,MACRO,PO for Flange Clamps,Various,Various,18145.68,USD,2025,11,7212,RFPO-7212-V40006,Base PO
RFPO-7212-V40007-1,18 Nov 2025,PO for Seismic Bracing,NATIONAL FIRE FIGHTING MANUFACTURING FZCO,MVL Greece,PO for Seismic Bracing,Various,Various,9053.0,USD,2025,11,7212,RFPO-7212-V40007,Base PO
RFPO-7212-V40008-1,18 Nov 2025,PO for Thread rod & Couplers,Fastener Point LLC,MACRO,PO for Thread rod & Couplers,Various,Various,2344.59,USD,2025,11,7212,RFPO-7212-V40008,Base PO
RFPO-7212-V40009-1,18 Nov 2025,PO for Sprinklers,Al Khoory International Products FZE,MACRO,PO for Sprinklers,Various,Various,18516.0,USD,2025,11,7212,RFPO-7212-V40009,Base PO
RFPO-6705-E6841-1,17 Nov 2025,PO for LSA-Electrical Items,CPS ELECTRIC,MACRO,PO for LSA-Electrical Items,Electrical,Electrical,6040.3,USD,2025,11,6705,RFPO-6705-E6841,Base PO
RFPO-6705-V40155-1,17 Nov 2025,PO for LSA-Building Materials,Tsang Brothers Corporation,MACRO,PO for LSA-Building Materials,Various,Various,558.0,USD,2025,11,6705,RFPO-6705-V40155,Base PO
RFPO-6705-V40149-2,17 Nov 2025,"PO for 	SOG Rebars, CMU Rebars, Additional Rebars for Fabrication & Foundation Remaining rebars",Nucor Rebar Fabrication,MACRO,"PO for 	SOG Rebars, CMU Rebars, Additional Rebars for Fabrication & Foundation Remaining rebars",Various,Various,234184.0,USD,2025,11,6705,RFPO-6705-V40149,Change Order
RFPO-7212-V40005B-1,17 Nov 2025,PO for Pipes & fittings for Sprinkler System,Technopro Middle East FZCO,MVL USA JV LLC,PO for Pipes & fittings for Sprinkler System,Various,Various,66348.69,USD,2025,11,7212,RFPO-7212-V40005B,Base PO
RFPO-5503-A5205-2,17 Nov 2025,PO for Schüco ADS 80 FR60 fire-resistant fixed window with anodized (CO) finish and Pilkington Pyrostop 60-351 EI60 glazing,PETROUTSOS BROS LTD,MACRO,PO for Schüco ADS 80 FR60 fire-resistant fixed window with anodized (CO) finish and Pilkington Pyrostop 60-351 EI60 glazing,Architectural,Architectural,25608.7,USD,2025,11,5503,RFPO-5503-A5205,Change Order
RFPO-6705-V40154A-1,14 Nov 2025,"PO for STAINLESS STEEL SS316, ASTM A312, SCH40 WELDED PIPES",PENN STAINLESS PRODUCTS,MACRO,"PO for STAINLESS STEEL SS316, ASTM A312, SCH40 WELDED PIPES",Various,Various,14256.3914,USD,2025,11,6705,RFPO-6705-V40154A,Base PO
RFPO-6705-V40154-1,13 Nov 2025,"PO for STAINLESS STEEL SS316, ASTM A312, SCH40 WELDED PIPES",PENN STAINLESS PRODUCTS,MACRO,"PO for STAINLESS STEEL SS316, ASTM A312, SCH40 WELDED PIPES",Various,Various,12256.39,USD,2025,11,6705,RFPO-6705-V40154,Base PO
RFPO-7139-V40049-1,13 Nov 2025,PO for STAINLESS STEEL SS316,PENN STAINLESS PRODUCTS,MVL USA JV LLC,PO for STAINLESS STEEL SS316,Various,Various,18730.35,USD,2025,11,7139,RFPO-7139-V40049,Base PO
RFPO-6705-E6839-1,13 Nov 2025,PO for Cable Tags,WESCO Distribution Inc,MACRO,PO for Cable Tags,Electrical,Electrical,12225.36,USD,2025,11,6705,RFPO-6705-E6839,Base PO
RFPO-6705-E6840-1,13 Nov 2025,PO for LSA-Electrical Items,CPS ELECTRIC,MACRO,PO for LSA-Electrical Items,Electrical,Electrical,11962.65,USD,2025,11,6705,RFPO-6705-E6840,Base PO
RFPO-7039-E6808-1,13 Nov 2025,PO for MV Cable Splice kits & Crimping Tools,Benfield Electric International Ltd.,MACRO,PO for MV Cable Splice kits & Crimping Tools,Electrical,Electrical,97694.97,USD,2025,11,7039,RFPO-7039-E6808,Base PO
RFPO-7139-V4356-1,12 Nov 2025,PO for Ref. Quotation S00645 / Basketball Uniforms,TSI International FZC,MACRO,PO for Ref. Quotation S00645 / Basketball Uniforms,Various,Various,963.72,USD,2025,11,7139,RFPO-7139-V4356,Base PO
RFPO-6705-E6836A-2,12 Nov 2025,PO for EMT Conduits and Accessories,WESCO Distribution Inc,MACRO,PO for EMT Conduits and Accessories,Electrical,Electrical,3626.53,USD,2025,11,6705,RFPO-6705-E6836A,Change Order
RFPO-6705-V40153-1,12 Nov 2025,PO for Medical Laboratory-Additional items,Humboldt Mfg Co,MACRO,PO for Medical Laboratory-Additional items,Various,Various,16494.7,USD,2025,11,6705,RFPO-6705-V40153,Base PO
RFPO-1569-O103-2,12 Nov 2025,PO for MVL Lebanon - IT Accessories - KT/1125/210,Kyoto Technologies,MACRO,PO for MVL Lebanon - IT Accessories - KT/1125/210,Office Assets,Office Assets,3288.93,USD,2025,11,1569,RFPO-1569-O103,Change Order
RFPO-1569-O103-3,12 Nov 2025,PO for MVL Lebanon - IT Accessories - KT/1125/210,Kyoto Technologies,MACRO,PO for MVL Lebanon - IT Accessories - KT/1125/210,Office Assets,Office Assets,3366.64,USD,2025,11,1569,RFPO-1569-O103,Change Order
RFPO-7208-V40026-1,12 Nov 2025,PO for Joint Sealants,Sunshine Supply Co Inc,MVL USA JV LLC,PO for Joint Sealants,Various,Various,2517.15,USD,2025,11,7208,RFPO-7208-V40026,Base PO
RFPO-6705-V40151-1,12 Nov 2025,"PO for Gypsum Board, Lumber & plywood",Tsang Brothers Corporation,MACRO,"PO for Gypsum Board, Lumber & plywood",Various,Various,31561.0,USD,2025,11,6705,RFPO-6705-V40151,Base PO
RFPO-6705-V40152-1,11 Nov 2025,PO for Drain Inlet/Drain Box Rebars & Epoxy Patch Kit,Nucor Rebar Fabrication,MACRO,PO for Drain Inlet/Drain Box Rebars & Epoxy Patch Kit,Various,Various,12092.0,USD,2025,11,6705,RFPO-6705-V40152,Base PO
RFPO-6705-V4359-1,11 Nov 2025,PO for John Deere Tractor loader parts,Warai Equipment Services,MVL Nepal,PO for John Deere Tractor loader parts,Various,Various,4131.0,USD,2025,11,6705,RFPO-6705-V4359,Base PO
RFPO-7139-V40047-1,11 Nov 2025,"PO for JFVN39596  - Pre-Shipment Inspection - SANY STC500C5-8 50-ton Crane - November 14, 2025",V-Trust Inspection Service Co. Ltd.,MVL USA JV LLC,"PO for JFVN39596  - Pre-Shipment Inspection - SANY STC500C5-8 50-ton Crane - November 14, 2025",Various,Various,268.0,USD,2025,11,7139,RFPO-7139-V40047,Base PO
RFPO-7139-V40048-1,11 Nov 2025,PO for JFVN39470- Pre-Shipment Inspection - DONGFENG 375HP 6x4 tractor truck,V-Trust Inspection Service Co. Ltd.,MVL USA JV LLC,PO for JFVN39470- Pre-Shipment Inspection - DONGFENG 375HP 6x4 tractor truck,Various,Various,268.0,USD,2025,11,7139,RFPO-7139-V40048,Base PO
RFPO-6718-V40038-2,11 Nov 2025,PO for Precision Machinist Level,Jet Fuel Specialists LLC,MVL USA JV LLC,PO for Precision Machinist Level,Various,Various,316.22,USD,2025,11,6718,RFPO-6718-V40038,Change Order
RFPO-6705-V40070-2,11 Nov 2025,PO for Quickrete- Cement & Sand,LOWES,MVL USA JV LLC,PO for Quickrete- Cement & Sand,Various,Various,2538.99,USD,2025,11,6705,RFPO-6705-V40070,Change Order
RFPO-7139-E6820-1,10 Nov 2025,PO for MR-120-2025 Sectional Ground Rods and Accessories for ATCT Project (RMI-127) - SQ-SHJ-2025-25211824,Haji Commercial Company LLC,MACRO,PO for MR-120-2025 Sectional Ground Rods and Accessories for ATCT Project (RMI-127) - SQ-SHJ-2025-25211824,Electrical,Electrical,599.59,USD,2025,11,7139,RFPO-7139-E6820,Base PO
RFPO-5657-M4106-1,10 Nov 2025,PO for Float Switch,Zoeller Pump Company,MW-OCS,PO for Float Switch,Mechanical,Mechanical,183.6,USD,2025,11,5657,RFPO-5657-M4106,Base PO
RFPO-5829-V40036-1,10 Nov 2025,PO for Free Issued - IDEAL FLOORING LLC  Ref: IDF-Q-DXB-D023-NOV-2025-Rev 4  Scope: VCT Tiles as per Approved Submittal,IDEAL FLOORING LLC,MVL USA JV LLC,PO for Free Issued - IDEAL FLOORING LLC  Ref: IDF-Q-DXB-D023-NOV-2025-Rev 4  Scope: VCT Tiles as per Approved Submittal,Various,Various,25621.89,USD,2025,11,5829,RFPO-5829-V40036,Base PO
RFPO-7616-S9100-1,10 Nov 2025,"PO for TPI Visit at JAFZA, Dubai against PO Ref. RFPO-7616-M4000-1",TUV SUD MIDDLE EAST LLC,MACRO,"PO for TPI Visit at JAFZA, Dubai against PO Ref. RFPO-7616-M4000-1",Services,Services,326.75,USD,2025,11,7616,RFPO-7616-S9100,Base PO
RFPO-7864-V40003-1,10 Nov 2025,PO for Carpet,Welspun Global Brands Limited,MACRO,PO for Carpet,Various,Various,1160.952,USD,2025,11,7864,RFPO-7864-V40003,Base PO
RFPO-1569-O103-1,07 Nov 2025,PO for MVL Lebanon - IT Accessories - KT/1125/210,Kyoto Technologies,MACRO,PO for MVL Lebanon - IT Accessories - KT/1125/210,Office Assets,Office Assets,3120.65,USD,2025,11,1569,RFPO-1569-O103,Base PO
RFPO-7139-M4016-1,06 Nov 2025,PO for Air Cooled Screw Chiller (AM-330DR1V) - AS PER ATTACHED SPECIFICATIONS - 3P-208V-60Hz - INVOICE NO.:AM25E11040056603,"AIMIX GROUP CO., LTD",MVL USA JV LLC,PO for Air Cooled Screw Chiller (AM-330DR1V) - AS PER ATTACHED SPECIFICATIONS - 3P-208V-60Hz - INVOICE NO.:AM25E11040056603,Mechanical,Mechanical,52220.0,USD,2025,11,7139,RFPO-7139-M4016,Base PO
RFPO-7616-M4001-1,06 Nov 2025,PO for MR-60 for Vehicle and Equipment Maintenance – Mechanic Workshop - Official Quotation for MVL Bromgrove JV LLC (Project X058)-2025.11.6,Evangel International Machinery Ltd.,MACRO,PO for MR-60 for Vehicle and Equipment Maintenance – Mechanic Workshop - Official Quotation for MVL Bromgrove JV LLC (Project X058)-2025.11.6,Mechanical,Mechanical,122000.0,USD,2025,11,7616,RFPO-7616-M4001,Base PO
RFPO-7139-M4017-1,06 Nov 2025,PO for Genie Boom Lift,Lamphere Construction Ltd dba Heavy Equipment Hunters,MVL USA JV LLC,PO for Genie Boom Lift,Mechanical,Mechanical,88028.37,USD,2025,11,7139,RFPO-7139-M4017,Base PO
RFPO-7073-M4101-1,06 Nov 2025,PO for PVC pipes and fittings,Harrington Industrial Plastics LLC,MACRO,PO for PVC pipes and fittings,Mechanical,Mechanical,2273.48,USD,2025,11,7073,RFPO-7073-M4101,Base PO
RFPO-7208-V40025-1,05 Nov 2025,PO for Sika primer & remover,Petrocoat Construction Chemicals Trading LLC,MVL USA JV LLC,PO for Sika primer & remover,Various,Various,1051.06,USD,2025,11,7208,RFPO-7208-V40025,Base PO
RFPO-6705-E6838-1,05 Nov 2025,PO for Bare Copper Grounding Conductor Wire and Ground Clamp,EMSI Inc.,MACRO,PO for Bare Copper Grounding Conductor Wire and Ground Clamp,Electrical,Electrical,2943.7,USD,2025,11,6705,RFPO-6705-E6838,Base PO
RFPO-7878-V40002-1,05 Nov 2025,PO for Duct Insulation,KEPCO Building Materials Trading LLC,MACRO,PO for Duct Insulation,Various,Various,491.31,USD,2025,11,7878,RFPO-7878-V40002,Base PO
RFPO-7139-V40046-1,05 Nov 2025,PO for JFVN39463 - Pre-Shipment Inspection - 3 axles 40Ton 40ft container flatbed semi-trailer,V-Trust Inspection Service Co. Ltd.,MVL USA JV LLC,PO for JFVN39463 - Pre-Shipment Inspection - 3 axles 40Ton 40ft container flatbed semi-trailer,Various,Various,268.0,USD,2025,11,7139,RFPO-7139-V40046,Base PO
RFPO-7039-V40028-2,04 Nov 2025,PO for Additional Wires & Tape,Kelly & Hayes Electrical Industrial & Plumbing Supplies,MVL USA JV LLC,PO for Additional Wires & Tape,Various,Various,3932.98,USD,2025,11,7039,RFPO-7039-V40028,Change Order
RFPO-6705-V40149-1,04 Nov 2025,"PO for 	SOG Rebars, CMU Rebars, Additional Rebars for Fabrication & Foundation Remaining rebars",Nucor Rebar Fabrication,MACRO,"PO for 	SOG Rebars, CMU Rebars, Additional Rebars for Fabrication & Foundation Remaining rebars",Various,Various,232234.0,USD,2025,11,6705,RFPO-6705-V40149,Base PO
RFPO-6705-V40150-1,04 Nov 2025,PO for Rubber Wall Base,Dateline Exports Inc.,MACRO,PO for Rubber Wall Base,Various,Various,589.97,USD,2025,11,6705,RFPO-6705-V40150,Base PO
RFPO-6705-E6837-1,04 Nov 2025,PO for Cable Marker,ARABIAN FALCON ELECTRICAL EQUIPMENT LLC,MACRO,PO for Cable Marker,Electrical,Electrical,40.84,USD,2025,11,6705,RFPO-6705-E6837,Base PO
RFPO-7039-S9102-1,04 Nov 2025,PO for Third Party Inspection of MV cables -2nd batch,TUV SUD MIDDLE EAST LLC,MICRON,PO for Third Party Inspection of MV cables -2nd batch,Services,Services,1131.0,USD,2025,11,7039,RFPO-7039-S9102,Base PO
RFPO-7878-V40001-1,04 Nov 2025,PO for Duct Insulation accessories,"Scott & From Co., Inc.",MACRO,PO for Duct Insulation accessories,Various,Various,2351.818,USD,2025,11,7878,RFPO-7878-V40001,Base PO
RFPO-6705-E6836A-1,03 Nov 2025,PO for EMT Conduits and Accessories,WESCO Distribution Inc,MACRO,PO for EMT Conduits and Accessories,Electrical,Electrical,2519.88,USD,2025,11,6705,RFPO-6705-E6836A,Base PO
RFPO-6718-V40037-1,31 Oct 2025,PO for Hardware,Fastener Point LLC,MVL USA JV LLC,PO for Hardware,Various,Various,233.82,USD,2025,10,6718,RFPO-6718-V40037,Base PO
RFPO-1569-14853-1,30 Oct 2025,PO for MVL Internal PO Reimbursement - 1801 - 1807 Fees vs Concordia Invoices vs Payment Receipts,Keen Eye Technical Services LLC,MACRO,PO for MVL Internal PO Reimbursement - 1801 - 1807 Fees vs Concordia Invoices vs Payment Receipts,Various,Various,6983.35,USD,2025,10,1569,RFPO-1569-14853,Base PO
RFPO-6718-V40036-1,30 Oct 2025,PO for Gaskets,"Smith International Gulf Services, LLC",MVL USA JV LLC,PO for Gaskets,Various,Various,1229.73,USD,2025,10,6718,RFPO-6718-V40036,Base PO
RFPO-6542-V40044-1,29 Oct 2025,PO for Explosion-proof Switch.,Larson Electronics LLC,MVL USA JV LLC,PO for Explosion-proof Switch.,Various,Various,4290.68,USD,2025,10,6542,RFPO-6542-V40044,Base PO
RFPO-6705-V40147-1,29 Oct 2025,PO for wire connectors and cable ties,Kelly & Hayes Electrical Industrial & Plumbing Supplies,MACRO,PO for wire connectors and cable ties,Various,Various,3239.06,USD,2025,10,6705,RFPO-6705-V40147,Base PO
RFPO-6705-M4109-1,29 Oct 2025,PO for LSA-plumbing items,"FERGUSON ENTERPRISES, LLC",MVL Nepal,PO for LSA-plumbing items,Mechanical,Mechanical,3027.504,USD,2025,10,6705,RFPO-6705-M4109,Base PO
RFPO-6705-V40148-1,29 Oct 2025,PO for Hilti Items,TOOLS PLUS,MACRO,PO for Hilti Items,Various,Various,1296.5,USD,2025,10,6705,RFPO-6705-V40148,Base PO
RFPO-7139-S9138-1,28 Oct 2025,PO for 37.5KVA GENERATOR SET,MORRICO EQUIPMENT LLC,"MVL USA, INC",PO for 37.5KVA GENERATOR SET,Services,Services,25179.0,USD,2025,10,7139,RFPO-7139-S9138,Base PO
RFPO-7616-M4000-1,28 Oct 2025,PO for Welding Generator and  Plasma Cutter Quotation Ref: AHG_ITW_1_738_271025R01,Abdullah Hashim Industrial Gases & Equipment Co. Ltd.,FIRESTOP,PO for Welding Generator and  Plasma Cutter Quotation Ref: AHG_ITW_1_738_271025R01,Mechanical,Mechanical,26412.53,USD,2025,10,7616,RFPO-7616-M4000,Base PO
RFPO-6705-E6804-2,27 Oct 2025,PO for Dry Type transformer,EMSI Inc.,MACRO,PO for Dry Type transformer,Electrical,Electrical,122856.16,USD,2025,10,6705,RFPO-6705-E6804,Change Order
RFPO-6705-M4108-1,27 Oct 2025,PO for LSA-plumbing items,"FERGUSON ENTERPRISES, LLC",MVL Nepal,PO for LSA-plumbing items,Mechanical,Mechanical,11452.12,USD,2025,10,6705,RFPO-6705-M4108,Base PO
RFPO-6705-M4107-1,27 Oct 2025,PO for Plumbing-Cut & cap,"FERGUSON ENTERPRISES, LLC",MW-OCS,PO for Plumbing-Cut & cap,Mechanical,Mechanical,105.142,USD,2025,10,6705,RFPO-6705-M4107,Base PO
RFPO-7878-V40000-1,24 Oct 2025,PO for Outdoor Condenser Unit,Trane Technologies,MACRO,PO for Outdoor Condenser Unit,Various,Various,135030.0,USD,2025,10,7878,RFPO-7878-V40000,Base PO
RFPO-5532-M4046-1,23 Oct 2025,PO for UTV LH800U-A and LH1100U-2D Spare Parts - MR-79 / AMR380 and MR-95 / AMR400,Evangel International Machinery Ltd.,MVL USA JV LLC,PO for UTV LH800U-A and LH1100U-2D Spare Parts - MR-79 / AMR380 and MR-95 / AMR400,Mechanical,Mechanical,2830.0,USD,2025,10,5532,RFPO-5532-M4046,Base PO
RFPO-7208-V40022A-1,23 Oct 2025,"PO for Metal Wall, Roof Panel, Insulation",Dateline Exports Inc.,MVL USA JV LLC,"PO for Metal Wall, Roof Panel, Insulation",Various,Various,322338.71,USD,2025,10,7208,RFPO-7208-V40022A,Base PO
RFPO-6705-V40145-1,22 Oct 2025,PO for 343 JUMBO LOUVERED WEEP VENT,"White Cap Supply Holdings, LLC",MACRO,PO for 343 JUMBO LOUVERED WEEP VENT,Various,Various,2377.0,USD,2025,10,6705,RFPO-6705-V40145,Base PO
RFPO-6705-V40146-1,22 Oct 2025,PO for EZ weld Enviro 205 solvent cement,Tsang Brothers Corporation,MACRO,PO for EZ weld Enviro 205 solvent cement,Various,Various,16.0,USD,2025,10,6705,RFPO-6705-V40146,Base PO
RFPO-6705-V40136-2,22 Oct 2025,PO for 12000 BTU Mini Split AC Unit,LOWES,MACRO,PO for 12000 BTU Mini Split AC Unit,Various,Various,2581.19,USD,2025,10,6705,RFPO-6705-V40136,Change Order
RFPO-5829-S9105-1,22 Oct 2025,PO for (CANDOR)  - 50T Crane with Badged Operator,OHIO GENERAL CONTRACTING LLC,MICRON,PO for (CANDOR)  - 50T Crane with Badged Operator,Services,Services,14976.17,USD,2025,10,5829,RFPO-5829-S9105,Base PO
RFPO-7139-M4015-1,21 Oct 2025,PO for Solid tires 10-16.5 RG400 NHS with rim,Evangel International Machinery Ltd.,MVL USA JV LLC,PO for Solid tires 10-16.5 RG400 NHS with rim,Mechanical,Mechanical,1632.0,USD,2025,10,7139,RFPO-7139-M4015,Base PO
RFPO-5532-V40089-1,21 Oct 2025,PO for Pre-Shipment Inspection of the DONGFENG 190HP truck mounted XCMG 6.3Ton Crane (PO# RFPO-5532-M4037-1 / EV2025G0012A).,V-Trust Inspection Service Co. Ltd.,MACRO,PO for Pre-Shipment Inspection of the DONGFENG 190HP truck mounted XCMG 6.3Ton Crane (PO# RFPO-5532-M4037-1 / EV2025G0012A).,Various,Various,268.0,USD,2025,10,5532,RFPO-5532-V40089,Base PO
RFPO-7139-V40045-1,21 Oct 2025,PO for Pre-shipment inspection of the CPCD50 unit (PO# RFPO-7139-M4010-1) - INV-JFV056830,V-Trust Inspection Service Co. Ltd.,MVL USA JV LLC,PO for Pre-shipment inspection of the CPCD50 unit (PO# RFPO-7139-M4010-1) - INV-JFV056830,Various,Various,268.0,USD,2025,10,7139,RFPO-7139-V40045,Base PO
RFPO-1569-O102-1,20 Oct 2025,PO for PDF-XChange PRO 5 User Pack (3-year license),RivYv Technologies,MACRO,PO for PDF-XChange PRO 5 User Pack (3-year license),Office Assets,Office Assets,740.0,USD,2025,10,1569,RFPO-1569-O102,Base PO
RFPO-6718-V40034-1,20 Oct 2025,PO for Additional Pipe fittings,CRA Trading LLC,MVL USA JV LLC,PO for Additional Pipe fittings,Various,Various,1170.0,USD,2025,10,6718,RFPO-6718-V40034,Base PO
RFPO-6718-V40035-1,20 Oct 2025,PO for Internal coating for Additional Pipe fittings,Hilong Petroleum Pipe Co. LLC,MACRO,PO for Internal coating for Additional Pipe fittings,Various,Various,9136.0,USD,2025,10,6718,RFPO-6718-V40035,Base PO
RFPO-7864-V40002-1,20 Oct 2025,PO for Resilient Flooring / VCT,ODORES METAL LLC,MACRO,PO for Resilient Flooring / VCT,Various,Various,2001.43,USD,2025,10,7864,RFPO-7864-V40002,Base PO
RFPO-7139-V40043-1,20 Oct 2025,PO for Custom Tools,Uline,MVL USA JV LLC,PO for Custom Tools,Various,Various,1693.72,USD,2025,10,7139,RFPO-7139-V40043,Base PO
RFPO-7139-V40044-1,20 Oct 2025,PO for Lumber & osb board,LOWES,MVL USA JV LLC,PO for Lumber & osb board,Various,Various,9437.25,USD,2025,10,7139,RFPO-7139-V40044,Base PO
RFPO-6705-V40144-1,20 Oct 2025,PO for LSA-Architectural Items,Tsang Brothers Corporation,MACRO,PO for LSA-Architectural Items,Various,Various,1860.0,USD,2025,10,6705,RFPO-6705-V40144,Base PO
RFPO-7039-S9101-1,20 Oct 2025,PO for Third Party Inspection of MV cables,TUV SUD MIDDLE EAST LLC,MACRO,PO for Third Party Inspection of MV cables,Services,Services,1131.0,USD,2025,10,7039,RFPO-7039-S9101,Base PO
RFPO-7208-V40024-1,16 Oct 2025,PO for Misc Metal Fabrication,"Scott & From Co., Inc.",MVL USA JV LLC,PO for Misc Metal Fabrication,Various,Various,31106.564,USD,2025,10,7208,RFPO-7208-V40024,Base PO
RFPO-6841-M4105-1,16 Oct 2025,PO for Controllers & Auto Restart,S.K.M. Air Conditioning L.L.C.,MACRO,PO for Controllers & Auto Restart,Mechanical,Mechanical,3980.0,USD,2025,10,6841,RFPO-6841-M4105,Base PO
RFPO-5532-M4045-1,15 Oct 2025,PO for Extension - MEKA’s Installation Service for Concrete Batching Plant and Crushing and Screening Systems,MEKA,MVL USA JV LLC,PO for Extension - MEKA’s Installation Service for Concrete Batching Plant and Crushing and Screening Systems,Mechanical,Mechanical,6847.83,USD,2025,10,5532,RFPO-5532-M4045,Base PO
RFPO-6705-M4026-2,15 Oct 2025,"PO for ChemGrout CG555/030/DHES/HP Trailer Mounted, Diesel/Hydraulic powered, High Pressure Grout Pump with Accessories and Spares",ACE CENTRO ENTERPRISES,MVL USA JV LLC,"PO for ChemGrout CG555/030/DHES/HP Trailer Mounted, Diesel/Hydraulic powered, High Pressure Grout Pump with Accessories and Spares",Mechanical,Mechanical,52645.34,USD,2025,10,6705,RFPO-6705-M4026,Change Order
RFPO-6705-V40143-1,15 Oct 2025,PO for LSA-Architectural Items,HOME DEPOT USA,MACRO,PO for LSA-Architectural Items,Various,Various,1446.28,USD,2025,10,6705,RFPO-6705-V40143,Base PO
RFPO-6705-E6835-1,15 Oct 2025,PO for Electrical Items,TIC LIGHT ELECTRICAL CORP,MACRO,PO for Electrical Items,Electrical,Electrical,10174.3,USD,2025,10,6705,RFPO-6705-E6835,Base PO
RFPO-5829-R1511-1,15 Oct 2025,"PO for (CANDOR)  - Mitsubishi Rosa Bus – 26-seater, Diesel",MENA ENGINEERING AND TECHNICAL CO. L.L.C,FIRESTOP,"PO for (CANDOR)  - Mitsubishi Rosa Bus – 26-seater, Diesel",Rental,Rental,14132.06,USD,2025,10,5829,RFPO-5829-R1511,Base PO
RFPO-6705-M4106-1,15 Oct 2025,PO for Grade Hardware Items,TURTLE,MW-OCS,PO for Grade Hardware Items,Mechanical,Mechanical,230.0,USD,2025,10,6705,RFPO-6705-M4106,Base PO
RFPO-1569-O101-1,14 Oct 2025,PO for Internal PO - Microsoft 365 G5 GCC – Annual Subscription Licenses (Pro-Rated) - Inv - 114614,Managed Solution LLC,MACRO,PO for Internal PO - Microsoft 365 G5 GCC – Annual Subscription Licenses (Pro-Rated) - Inv - 114614,Office Assets,Office Assets,1187.35,USD,2025,10,1569,RFPO-1569-O101,Base PO
RFPO-6705-V40140-1,14 Oct 2025,PO for LSA-plumbing piping items,"FERGUSON ENTERPRISES, LLC",MACRO,PO for LSA-plumbing piping items,Various,Various,2897.5,USD,2025,10,6705,RFPO-6705-V40140,Base PO
RFPO-5532-M4044-1,14 Oct 2025,Procore MR-60 - MVL - XCMG WZ30-25 Spare Parts,Evangel International Machinery Ltd.,MVL USA JV LLC,Procore MR-60 - MVL - XCMG WZ30-25 Spare Parts,Mechanical,Mechanical,140.0,USD,2025,10,5532,RFPO-5532-M4044,Base PO
RFPO-7139-V40040-2,14 Oct 2025,PO for Tarps &  Nylon rope,LOWES,MVL USA JV LLC,PO for Tarps &  Nylon rope,Various,Various,5164.88,USD,2025,10,7139,RFPO-7139-V40040,Change Order
RFPO-6705-V40142-1,14 Oct 2025,PO for CMU Wall Accessories,"White Cap Supply Holdings, LLC",MACRO,PO for CMU Wall Accessories,Various,Various,60295.30319,USD,2025,10,6705,RFPO-6705-V40142,Base PO
RFPO-7039-V40027-1,14 Oct 2025,PO for SikaTop 107,Petrocoat Construction Chemicals Trading LLC,MVL USA JV LLC,PO for SikaTop 107,Various,Various,2814.43,USD,2025,10,7039,RFPO-7039-V40027,Base PO
RFPO-7208-V40023-1,14 Oct 2025,PO for SPECPOXY MORTAR,Dateline Exports Inc.,MVL USA JV LLC,PO for SPECPOXY MORTAR,Various,Various,12692.39,USD,2025,10,7208,RFPO-7208-V40023,Base PO
RFPO-7212-V40004-2,13 Oct 2025,PO for Floor Drain,Cimmaron International Corporation,MACRO,PO for Floor Drain,Various,Various,538.93,USD,2025,10,7212,RFPO-7212-V40004,Change Order
RFPO-7208-A5201-1,13 Oct 2025,PO for Steel doors & hardware,Lakshmi Metal Tech LLC,MACRO,PO for Steel doors & hardware,Architectural,Architectural,16557.36,USD,2025,10,7208,RFPO-7208-A5201,Base PO
RFPO-7208-V40022-1,10 Oct 2025,PO for Metal Wall & Roof Panel,Dateline Exports Inc.,MVL USA JV LLC,PO for Metal Wall & Roof Panel,Various,Various,344970.0,USD,2025,10,7208,RFPO-7208-V40022,Base PO
RFPO-5532-V40088-1,10 Oct 2025,PO for Aviation Lights,MEKA İTHALAT İHRACAT PAZARLAMA VE TİC. A.Ş,MACRO,PO for Aviation Lights,Various,Various,3281.62,USD,2025,10,5532,RFPO-5532-V40088,Base PO
RFPO-6852-V40035-1,10 Oct 2025,PO for Ball Valves (for Fuel Piping),Jet Fuel Specialists LLC,MACRO,PO for Ball Valves (for Fuel Piping),Various,Various,7763.45,USD,2025,10,6852,RFPO-6852-V40035,Base PO
RFPO-6705-M4026-1,09 Oct 2025,"PO for ChemGrout CG555/030/DHES/HP Trailer Mounted, Diesel/Hydraulic powered, High Pressure Grout Pump with Accessories and Spares",ACE CENTRO ENTERPRISES,MVL USA JV LLC,"PO for ChemGrout CG555/030/DHES/HP Trailer Mounted, Diesel/Hydraulic powered, High Pressure Grout Pump with Accessories and Spares",Mechanical,Mechanical,49522.12,USD,2025,10,6705,RFPO-6705-M4026,Base PO
RFPO-1569-V4427-1,08 Oct 2025,Plan Swift 11 Measurements & QTY Takeoff Software -  Perpetual License - Mardhini Siddaiah,Green Figure Technique,FIRESTOP,Plan Swift 11 Measurements & QTY Takeoff Software -  Perpetual License - Mardhini Siddaiah,Various,Various,2232.81,USD,2025,10,1569,RFPO-1569-V4427,Base PO
RFPO-7208-V40021-1,08 Oct 2025,PO for Panel Boards,Kelly & Hayes Electrical Industrial & Plumbing Supplies,MVL USA JV LLC,PO for Panel Boards,Various,Various,2060.12,USD,2025,10,7208,RFPO-7208-V40021,Base PO
RFPO-6705-V40141-1,08 Oct 2025,PO for Carrier DX Split AC Package,Dateline Exports Inc.,MACRO,PO for Carrier DX Split AC Package,Various,Various,12463.17,USD,2025,10,6705,RFPO-6705-V40141,Base PO
RFPO-7139-S9130-2,08 Oct 2025,PO for Canopy Storage Shelter,BIG TOP SHELTERS,"MVL USA, INC",PO for Canopy Storage Shelter,Services,Services,111700.0,USD,2025,10,7139,RFPO-7139-S9130,Change Order
RFPO-6705-V40061-2,07 Oct 2025,PO for Block Saw & Saw Blade,MONJE,MVL USA JV LLC,PO for Block Saw & Saw Blade,Various,Various,8048.24,USD,2025,10,6705,RFPO-6705-V40061,Change Order
RFPO-7039-V40026-1,07 Oct 2025,PO for Admixtures,SODAMCO EMIRATES FACTORY FOR BUILDING MATERIALS LLC,MVL USA JV LLC,PO for Admixtures,Various,Various,4629.0,USD,2025,10,7039,RFPO-7039-V40026,Base PO
RFPO-7039-E6807-1,07 Oct 2025,PO for Conduit Plugs,EMSI Inc.,MACRO,PO for Conduit Plugs,Electrical,Electrical,4808.806,USD,2025,10,7039,RFPO-7039-E6807,Base PO
RFPO-7208-V40020-1,07 Oct 2025,PO for Duct Connector,Delta Duct Airconditioning LLC,MVL USA JV LLC,PO for Duct Connector,Various,Various,102.11,USD,2025,10,7208,RFPO-7208-V40020,Base PO
RFPO-1005-V7256-1,03 Oct 2025,PO for Sheet Piles,ArcelorMittal DSTC FZE,MICRON,PO for Sheet Piles,Various,Various,31797.14,USD,2025,10,1005,RFPO-1005-V7256,Base PO
RFPO-7139-V4355-1,03 Oct 2025,PO for Crane Lifting Gear-Accessories,Jack Rubin & Sons Inc,MVL Nepal,PO for Crane Lifting Gear-Accessories,Various,Various,3185.3,USD,2025,10,7139,RFPO-7139-V4355,Base PO
RFPO-7208-V40019-1,02 Oct 2025,PO for Gypsum Board & Supports,Gypsemna Co.LLC,MVL USA JV LLC,PO for Gypsum Board & Supports,Various,Various,45575.88,USD,2025,10,7208,RFPO-7208-V40019,Base PO
RFPO-6705-V40139-1,02 Oct 2025,PO for MVL stickers & Magnet Signs,Sign King Inc,MACRO,PO for MVL stickers & Magnet Signs,Various,Various,2100.0,USD,2025,10,6705,RFPO-6705-V40139,Base PO
RFPO-6705-E6834-1,02 Oct 2025,PO for Batch Plant Temporary Generator-Electrical Items,TIC LIGHT ELECTRICAL CORP,MACRO,PO for Batch Plant Temporary Generator-Electrical Items,Electrical,Electrical,14665.21,USD,2025,10,6705,RFPO-6705-E6834,Base PO
RFPO-6705-V40138-1,01 Oct 2025,PO for Reinforcing Bar Supports,Dateline Exports Inc.,MACRO,PO for Reinforcing Bar Supports,Various,Various,7977.1,USD,2025,10,6705,RFPO-6705-V40138,Base PO
RFPO-5829-R1510-1,30 Sep 2025,PO for 70 ton - 70 ton - Rough Terrain Hydraulic Cranes 3 Months Rental - Ref No.: 2EQ2501416-R01,JOHNSON ARABIA LLC,FIRESTOP,PO for 70 ton - 70 ton - Rough Terrain Hydraulic Cranes 3 Months Rental - Ref No.: 2EQ2501416-R01,Rental,Rental,43567.05,USD,2025,9,5829,RFPO-5829-R1510,Base PO
RFPO-7208-V40018-1,30 Sep 2025,PO for Duct supports and Hangers,Isam Kabbani Trading LLC,MVL USA JV LLC,PO for Duct supports and Hangers,Various,Various,19079.79,USD,2025,9,7208,RFPO-7208-V40018,Base PO
RFPO-7208-A5302-1,30 Sep 2025,PO for Paints & Coatings,BM Middle East FZC,MACRO,PO for Paints & Coatings,Architectural,Architectural,51177.28,USD,2025,9,7208,RFPO-7208-A5302,Base PO
RFPO-6705-V40137-1,30 Sep 2025,PO for Detection Tracer Wire,American International Supply Inc.,MACRO,PO for Detection Tracer Wire,Various,Various,770.0,USD,2025,9,6705,RFPO-6705-V40137,Base PO
RFPO-6705-V40086-2,30 Sep 2025,PO for RSC Conduits and Fittings,Kelly & Hayes Electrical Industrial & Plumbing Supplies,MACRO,PO for RSC Conduits and Fittings,Various,Various,18910.46,USD,2025,9,6705,RFPO-6705-V40086,Change Order
RFPO-7139-V4354-1,29 Sep 2025,PO for Emergency Rescue Kit,Rock-N-Rescue,MACRO,PO for Emergency Rescue Kit,Various,Various,2771.98,USD,2025,9,7139,RFPO-7139-V4354,Base PO
RFPO-6746-V40027-1,29 Sep 2025,PO for Testing Support for Chlorinator System,WMS Aquatics,MVL USA JV LLC,PO for Testing Support for Chlorinator System,Various,Various,135.0,USD,2025,9,6746,RFPO-6746-V40027,Base PO
RFPO-7039-V40025-1,29 Sep 2025,PO for Fabric innerducts,"Guangzhou Pareto Technology Co.,LTD",MVL USA JV LLC,PO for Fabric innerducts,Various,Various,66812.7,USD,2025,9,7039,RFPO-7039-V40025,Base PO
RFPO-7039-V40024A-1,29 Sep 2025,PO for Splicing Iron and Marmac,"White Cap Supply Holdings, LLC",MVL USA JV LLC,PO for Splicing Iron and Marmac,Various,Various,5005.7245,USD,2025,9,7039,RFPO-7039-V40024A,Base PO
RFPO-7139-V40042-1,26 Sep 2025,PO for Pre-Shipment Inspection - JFV981267- SYM5300THBFS 430C-10B Concrete Pump Truck-8,V-Trust Inspection Service Co. Ltd.,MVL USA JV LLC,PO for Pre-Shipment Inspection - JFV981267- SYM5300THBFS 430C-10B Concrete Pump Truck-8,Various,Various,268.0,USD,2025,9,7139,RFPO-7139-V40042,Base PO
RFPO-6705-V40136-1,25 Sep 2025,PO for 12000 BTU Mini Split AC Unit,LOWES,MACRO,PO for 12000 BTU Mini Split AC Unit,Various,Various,2315.92,USD,2025,9,6705,RFPO-6705-V40136,Base PO
RFPO-7139-T1002-1,25 Sep 2025,PO for Spares for Data logger- Custom Tools,Global Sensors LLC,MACRO,PO for Spares for Data logger- Custom Tools,Tools,Tools,873.75,USD,2025,9,7139,RFPO-7139-T1002,Base PO
RFPO-6718-V40029-2,25 Sep 2025,PO for GFME Items - Equipment,Jet Fuel Specialists LLC,MVL USA JV LLC,PO for GFME Items - Equipment,Various,Various,71847.0,USD,2025,9,6718,RFPO-6718-V40029,Change Order
RFPO-6718-V40030-2,25 Sep 2025,PO for GFME Items - Filter Materials,Jet Fuel Specialists LLC,MVL USA JV LLC,PO for GFME Items - Filter Materials,Various,Various,14960.36,USD,2025,9,6718,RFPO-6718-V40030,Change Order
RFPO-6718-V40019-2,25 Sep 2025,PO for Spare Parts for Pump Startup & Alignment,Jet Fuel Specialists LLC,MVL USA JV LLC,PO for Spare Parts for Pump Startup & Alignment,Various,Various,5105.1,USD,2025,9,6718,RFPO-6718-V40019,Change Order
RFPO-1569-O100-1,24 Sep 2025,PO for INTERNAL PO - Microsoft 365 G5 GCC – Annual Subscription Licenses (Pro-Rated) - Inv - 113948,Managed Solution LLC,MACRO,PO for INTERNAL PO - Microsoft 365 G5 GCC – Annual Subscription Licenses (Pro-Rated) - Inv - 113948,Office Assets,Office Assets,583.78,USD,2025,9,1569,RFPO-1569-O100,Base PO
RFPO-6705-S9104-1,24 Sep 2025,PO for Calibration-Batching Plant and Few Lab Items,Cal-Cert Company,"MVL USA, INC",PO for Calibration-Batching Plant and Few Lab Items,Services,Services,6361.0,USD,2025,9,6705,RFPO-6705-S9104,Base PO
RFPO-5532-M4042-1,24 Sep 2025,PO forInner Tubes for Telehandler Tire - MR - Inner Tube for Telehandler - MW- Jess Co,Evangel International Machinery Ltd.,MVL USA JV LLC,PO forInner Tubes for Telehandler Tire - MR - Inner Tube for Telehandler - MW- Jess Co,Mechanical,Mechanical,250.0,USD,2025,9,5532,RFPO-5532-M4042,Base PO
RFPO-6705-V40126-1,23 Sep 2025,PO for C900 & Sch80 Pipes and Fittings,American International Supply Inc.,MACRO,PO for C900 & Sch80 Pipes and Fittings,Various,Various,18014.62,USD,2025,9,6705,RFPO-6705-V40126,Base PO
RFPO-6718-V40033-2,22 Sep 2025,PO for Pump Control station,Jet Fuel Specialists LLC,MVL USA JV LLC,PO for Pump Control station,Various,Various,38940.34,USD,2025,9,6718,RFPO-6718-V40033,Change Order
RFPO-7139-M4014-1,22 Sep 2025,PO for 3RD BATCH - SANY STC500C5-8 50-ton truck crane WITH 2 YEAR SPARE PARTS,Evangel International Machinery Ltd.,MVL USA JV LLC,PO for 3RD BATCH - SANY STC500C5-8 50-ton truck crane WITH 2 YEAR SPARE PARTS,Mechanical,Mechanical,124000.0,USD,2025,9,7139,RFPO-7139-M4014,Base PO
RFPO-1569-O99-1,22 Sep 2025,PO for Freshservice Licenses & Implementation (- Freshservice + Freddy AI Quotation - S00091),RivYv Technologies,MACRO,PO for Freshservice Licenses & Implementation (- Freshservice + Freddy AI Quotation - S00091),Office Assets,Office Assets,12848.0,USD,2025,9,1569,RFPO-1569-O99,Base PO
RFPO-6705-V40132-1,22 Sep 2025,"PO for Hinge, Lumber,Plywood",Tsang Brothers Corporation,MACRO,"PO for Hinge, Lumber,Plywood",Various,Various,19809.0,USD,2025,9,6705,RFPO-6705-V40132,Base PO
RFPO-6705-V40133-1,22 Sep 2025,PO for Disinfection materials,Dateline Exports Inc.,MACRO,PO for Disinfection materials,Various,Various,198.51,USD,2025,9,6705,RFPO-6705-V40133,Base PO
RFPO-7208-V40017-1,22 Sep 2025,PO for Misc.Metal Fabrication,Isam Kabbani Trading LLC,MVL USA JV LLC,PO for Misc.Metal Fabrication,Various,Various,16762.48,USD,2025,9,7208,RFPO-7208-V40017,Base PO
RFPO-6705-V40131-1,20 Sep 2025,PO for Pre-Shipment Inspection - JFV948479 - SAC200C8-8,V-Trust Inspection Service Co. Ltd.,MACRO,PO for Pre-Shipment Inspection - JFV948479 - SAC200C8-8,Various,Various,268.0,USD,2025,9,6705,RFPO-6705-V40131,Base PO
RFPO-5829-M4001-1,18 Sep 2025,PO for AIR FIELD PAVEMENT - ZPL-300Y Truss Screed (6.5m type)  AS PER APPROVED QUOTATION -   HK2025091603-UAE,"Tengzhou Hiking Machinery Technology Co., Ltd.",MACRO,PO for AIR FIELD PAVEMENT - ZPL-300Y Truss Screed (6.5m type)  AS PER APPROVED QUOTATION -   HK2025091603-UAE,Mechanical,Mechanical,7800.0,USD,2025,9,5829,RFPO-5829-M4001,Base PO
RFPO-1569-V4269-2,18 Sep 2025,PO for SUPPLY AND INSTALLATION 1806 LOUNGE AREA,BLUE CROWN FURNITURE (LLC),MACRO,PO for SUPPLY AND INSTALLATION 1806 LOUNGE AREA,Various,Various,7422.33,USD,2025,9,1569,RFPO-1569-V4269,Change Order
RFPO-1569-V4269-3,18 Sep 2025,PO for SUPPLY AND INSTALLATION 1806 LOUNGE AREA,BLUE CROWN FURNITURE (LLC),MACRO,PO for SUPPLY AND INSTALLATION 1806 LOUNGE AREA,Various,Various,6736.54,USD,2025,9,1569,RFPO-1569-V4269,Change Order
RFPO-5829-E6822-1,18 Sep 2025,PO for Type - Procurement Support - Supply of Dimmer Controller -  Ref.L_5717/25_DM_R3,GEMS SYSTEMS L.L.C.,MACRO,PO for Type - Procurement Support - Supply of Dimmer Controller -  Ref.L_5717/25_DM_R3,Electrical,Electrical,52644.19,USD,2025,9,5829,RFPO-5829-E6822,Base PO
RFPO-5503-A5206-1,18 Sep 2025,PO for Supervision Services – Mr. Andre Ebert (Primary) / Mr. Sehrt (Backup),SALZER GmbH,MACRO,PO for Supervision Services – Mr. Andre Ebert (Primary) / Mr. Sehrt (Backup),Architectural,Architectural,21576.09,USD,2025,9,5503,RFPO-5503-A5206,Base PO
RFPO-6705-V40130-1,18 Sep 2025,PO for Gypsum Drywall and Supports for Building 729,BMET Building Materials Trading LLC,MACRO,PO for Gypsum Drywall and Supports for Building 729,Various,Various,3485.49,USD,2025,9,6705,RFPO-6705-V40130,Base PO
RFPO-5532-V40083-1,18 Sep 2025,PO for JFV957761 - Pre-Shipment Inspection Supplier: Evangel International Machinery Ltd.PO# RFPO-5532-M4038-1 - Item# CPCD50,V-Trust Inspection Service Co. Ltd.,MACRO,PO for JFV957761 - Pre-Shipment Inspection Supplier: Evangel International Machinery Ltd.PO# RFPO-5532-M4038-1 - Item# CPCD50,Various,Various,268.0,USD,2025,9,5532,RFPO-5532-V40083,Base PO
RFPO-5532-V40084-1,18 Sep 2025,PO for Aggregates - Additional Qty,Leeds Services Co. Pte Ltd.,MACRO,PO for Aggregates - Additional Qty,Various,Various,266620.0,USD,2025,9,5532,RFPO-5532-V40084,Base PO
RFPO-7139-M4012-1,17 Sep 2025,PO for ATCT - 9m3 Dust Suppression Truck - Ref - AM25E09170056602,"AIMIX GROUP CO., LTD",MVL USA JV LLC,PO for ATCT - 9m3 Dust Suppression Truck - Ref - AM25E09170056602,Mechanical,Mechanical,24600.0,USD,2025,9,7139,RFPO-7139-M4012,Base PO
RFPO-1569-14069-3,17 Sep 2025,PO for 3rd Amendment - FITOUT -  MVL OFFICE 1806 and 1807,Keen Eye Technical Services LLC,MACRO,PO for 3rd Amendment - FITOUT -  MVL OFFICE 1806 and 1807,Various,Various,29330.16,USD,2025,9,1569,RFPO-1569-14069,Change Order
RFPO-5683-A5205-1,17 Sep 2025,PO for Fusible links,TECHTRADE SAL(OFFSHORE),MACRO,PO for Fusible links,Architectural,Architectural,241.64,USD,2025,9,5683,RFPO-5683-A5205,Base PO
RFPO-7139-M4013-1,17 Sep 2025,PO for 3rd  Bartch - DONGFENG 375HP 6x4 tractor truck and 3 axles 40Ton 40ft container flatbed semi-trailer with 2 years Spare Parts,Evangel International Machinery Ltd.,MVL USA JV LLC,PO for 3rd  Bartch - DONGFENG 375HP 6x4 tractor truck and 3 axles 40Ton 40ft container flatbed semi-trailer with 2 years Spare Parts,Mechanical,Mechanical,66300.0,USD,2025,9,7139,RFPO-7139-M4013,Base PO
RFPO-7039-V40024-1,16 Sep 2025,PO for Splicing iron and butyl sealant,"White Cap Supply Holdings, LLC",MVL USA JV LLC,PO for Splicing iron and butyl sealant,Various,Various,6448.615,USD,2025,9,7039,RFPO-7039-V40024,Base PO
RFPO-7139-M4010-1,16 Sep 2025,PO for 3RD BATCH OF HEAVY EQUIPMENTS FOR KWAJALEIN,Evangel International Machinery Ltd.,MVL USA JV LLC,PO for 3RD BATCH OF HEAVY EQUIPMENTS FOR KWAJALEIN,Mechanical,Mechanical,92200.0,USD,2025,9,7139,RFPO-7139-M4010,Base PO
RFPO-6705-V40128-1,16 Sep 2025,PO for Lighting Fixtures and Toggle Switch,Kelly & Hayes Electrical Industrial & Plumbing Supplies,MACRO,PO for Lighting Fixtures and Toggle Switch,Various,Various,294.6,USD,2025,9,6705,RFPO-6705-V40128,Base PO
RFPO-6852-V40034-1,12 Sep 2025,PO for Film for Liner,Arabian Environmental Construction Company (AEC),MVL USA JV LLC,PO for Film for Liner,Various,Various,6156.0,USD,2025,9,6852,RFPO-6852-V40034,Base PO
RFPO-6705-E6833-1,12 Sep 2025,"PO for Heat Shrink Termination with Terminal Lugs , Nuts, Bolts, Washer",TIC LIGHT ELECTRICAL CORP,MACRO,"PO for Heat Shrink Termination with Terminal Lugs , Nuts, Bolts, Washer",Electrical,Electrical,1613.42,USD,2025,9,6705,RFPO-6705-E6833,Base PO
RFPO-6705-V40127-1,12 Sep 2025,PO for Mandrel & Plugs,Kelly & Hayes Electrical Industrial & Plumbing Supplies,MACRO,PO for Mandrel & Plugs,Various,Various,2548.76,USD,2025,9,6705,RFPO-6705-V40127,Base PO
RFPO-7139-M4011-1,11 Sep 2025,"PO for 9M3 Concrete Mixer Truck - 6x4 HOWO chassis (371HP), 9M3 drum, revolution counter, 1 spare tyre, optional parts - as per approved Quotation M25E09110056601","AIMIX GROUP CO., LTD",MVL USA JV LLC,"PO for 9M3 Concrete Mixer Truck - 6x4 HOWO chassis (371HP), 9M3 drum, revolution counter, 1 spare tyre, optional parts - as per approved Quotation M25E09110056601",Mechanical,Mechanical,101736.0,USD,2025,9,7139,RFPO-7139-M4011,Base PO
RFPO-5532-M4041-1,11 Sep 2025,PO for 9M3 Concrete Mixer Truck - as per approved Quotation AM25E09100056602,"AIMIX GROUP CO., LTD",MVL USA JV LLC,PO for 9M3 Concrete Mixer Truck - as per approved Quotation AM25E09100056602,Mechanical,Mechanical,101736.0,USD,2025,9,5532,RFPO-5532-M4041,Base PO
RFPO-7864-V40001-1,11 Sep 2025,PO for Wall Base & Adhesive,"MANNINGTON MILLS, INC.",MACRO,PO for Wall Base & Adhesive,Various,Various,820.0,USD,2025,9,7864,RFPO-7864-V40001,Base PO
RFPO-6705-E6832-1,10 Sep 2025,PO for Batch Plant -Electrical Items,TIC LIGHT ELECTRICAL CORP,MACRO,PO for Batch Plant -Electrical Items,Electrical,Electrical,117777.85,USD,2025,9,6705,RFPO-6705-E6832,Base PO
RFPO-6705-V40125-1,10 Sep 2025,PO for Frame & cover for Cleanout (Storm & Sewer),EJ USA Inc.,MACRO,PO for Frame & cover for Cleanout (Storm & Sewer),Various,Various,4393.0,USD,2025,9,6705,RFPO-6705-V40125,Base PO
RFPO-6705-M4105-1,10 Sep 2025,PO for 315 KVA Genset - JP300 Silent Type,Jubaili Bros,MACRO,PO for 315 KVA Genset - JP300 Silent Type,Mechanical,Mechanical,51736.1,USD,2025,9,6705,RFPO-6705-M4105,Base PO
RFPO-7139-E6819-1,09 Sep 2025,PO for ATCT-Electrical Items for Site Temporary Power,TIC LIGHT ELECTRICAL CORP,MACRO,PO for ATCT-Electrical Items for Site Temporary Power,Electrical,Electrical,20605.02,USD,2025,9,7139,RFPO-7139-E6819,Base PO
RFPO-7139-V40010A-2,09 Sep 2025,PO for TRIPOD AND ACCESSORIES,MONJE,MACRO,PO for TRIPOD AND ACCESSORIES,Various,Various,11065.37,USD,2025,9,7139,RFPO-7139-V40010A,Change Order
RFPO-7027-M4102A-1,09 Sep 2025,PO for Spares for PACU Testing,S.K.M. Air Conditioning L.L.C.,MVL USA JV LLC,PO for Spares for PACU Testing,Mechanical,Mechanical,340.37,USD,2025,9,7027,RFPO-7027-M4102A,Base PO
RFPO-6852-V40033-1,08 Sep 2025,"PO for Bolts, Nuts and Washers",Fastener Point LLC,MVL USA JV LLC,"PO for Bolts, Nuts and Washers",Various,Various,2637.99,USD,2025,9,6852,RFPO-6852-V40033,Base PO
RFPO-7039-V40023-1,08 Sep 2025,PO for Sika Waterbar,Petrocoat Construction Chemicals Trading LLC,MVL USA JV LLC,PO for Sika Waterbar,Various,Various,17838.8,USD,2025,9,7039,RFPO-7039-V40023,Base PO
RFPO-6542-V40043-1,08 Sep 2025,PO for Breakers,Kelly & Hayes Electrical Industrial & Plumbing Supplies,MVL USA JV LLC,PO for Breakers,Various,Various,58.08,USD,2025,9,6542,RFPO-6542-V40043,Base PO
RFPO-5829-V40034-1,04 Sep 2025,PO for Procurement Support Al Fikree - Penstocks for Triton Operational Facility,DUTCO TENNANT LLC,MVL USA JV LLC,PO for Procurement Support Al Fikree - Penstocks for Triton Operational Facility,Various,Various,23892.17,USD,2025,9,5829,RFPO-5829-V40034,Base PO
RFPO-7073-V40011-1,04 Sep 2025,PO for Vibration Hose,Puget Sound Pipe & Supply,MACRO,PO for Vibration Hose,Various,Various,59120.34,USD,2025,9,7073,RFPO-7073-V40011,Base PO
RFPO-6705-S9103-1,04 Sep 2025,PO for Proficiency Sample Program (PSP) for Kwaj-lab,AASHTO re:source,MACRO,PO for Proficiency Sample Program (PSP) for Kwaj-lab,Services,Services,665.0,USD,2025,9,6705,RFPO-6705-S9103,Base PO
RFPO-7139-M4008-1,04 Sep 2025,PO forModel: F-150 Crew Cab Pickup – Short Bed Year: 2020 - Condition: Used VIN - 1FTEW1EB7LKE67798,Guam Autospot,MVL USA JV LLC,PO forModel: F-150 Crew Cab Pickup – Short Bed Year: 2020 - Condition: Used VIN - 1FTEW1EB7LKE67798,Mechanical,Mechanical,34995.0,USD,2025,9,7139,RFPO-7139-M4008,Base PO
RFPO-5532-V40081-1,04 Sep 2025,PO for Vinyl Tiles,ODORES METAL LLC,MACRO,PO for Vinyl Tiles,Various,Various,1504.7,USD,2025,9,5532,RFPO-5532-V40081,Base PO
RFPO-5829-A5303-1,04 Sep 2025,PO for URGENT REQUEST FOR INTERNAL PAINT B M ULTRA SPEC 500 LATEX PRIMER GL,SAS express BUILDING MATERIALS TRADING LLC,MACRO,PO for URGENT REQUEST FOR INTERNAL PAINT B M ULTRA SPEC 500 LATEX PRIMER GL,Architectural,Architectural,544.59,USD,2025,9,5829,RFPO-5829-A5303,Base PO
RFPO-6746-V40026-1,04 Sep 2025,PO for Paints and coatings,The Sherwin-Williams Company,MVL USA JV LLC,PO for Paints and coatings,Various,Various,7273.8,USD,2025,9,6746,RFPO-6746-V40026,Base PO
RFPO-6705-V40124-1,04 Sep 2025,PO for Metal studs and plastic items for the temporary protection,Tsang Brothers Corporation,MACRO,PO for Metal studs and plastic items for the temporary protection,Various,Various,764.0,USD,2025,9,6705,RFPO-6705-V40124,Base PO
RFPO-5695-V40020-1,04 Sep 2025,PO for Threaded Rod for Pull Test,Fastener Point LLC,MVL USA JV LLC,PO for Threaded Rod for Pull Test,Various,Various,3852.96,USD,2025,9,5695,RFPO-5695-V40020,Base PO
RFPO-5683-A5204-1,04 Sep 2025,PO for Door Glazing,QMI Building Metal Products Manufacturing LLC,MICRON,PO for Door Glazing,Architectural,Architectural,577.26,USD,2025,9,5683,RFPO-5683-A5204,Base PO
RFPO-7139-V40040-1,03 Sep 2025,PO for Tarps &  Nylon rope,LOWES,MVL USA JV LLC,PO for Tarps &  Nylon rope,Various,Various,4655.1,USD,2025,9,7139,RFPO-7139-V40040,Base PO
RFPO-6705-V40123-1,03 Sep 2025,PO for OCAL PVC Coated Metal Conduits and Fittings,Kelly & Hayes Electrical Industrial & Plumbing Supplies,MACRO,PO for OCAL PVC Coated Metal Conduits and Fittings,Various,Various,27207.16,USD,2025,9,6705,RFPO-6705-V40123,Base PO
RFPO-6705-V40122-1,03 Sep 2025,PO for Bitumastic Paint & SIKADUR 32,Dateline Exports Inc.,MACRO,PO for Bitumastic Paint & SIKADUR 32,Various,Various,654.5,USD,2025,9,6705,RFPO-6705-V40122,Base PO
RFPO-5829-V40035-1,03 Sep 2025,PO for Air Field Pavement - RMB Concrete Mix - as per approved  Provided Flexural Strength  - 4.5MPa@90D (OPC)-0.33W/Cto 0.37W/C,RMB Global Ready Mix Concrete Industries L.L.C S.P.C,MACRO,PO for Air Field Pavement - RMB Concrete Mix - as per approved  Provided Flexural Strength  - 4.5MPa@90D (OPC)-0.33W/Cto 0.37W/C,Various,Various,329061.95,USD,2025,9,5829,RFPO-5829-V40035,Base PO
RFPO-7073-V40012-1,02 Sep 2025,PO for DI Pipes & fittings,Unitech Di Pipes & Fittings Mfg. LLC,MACRO,PO for DI Pipes & fittings,Various,Various,7050.57,USD,2025,9,7073,RFPO-7073-V40012,Base PO
RFPO-6705-M4101-4,02 Sep 2025,PO for Unit Substation - 186inch  W X 92inch H X60inch D,TURTLE,MACRO,PO for Unit Substation - 186inch  W X 92inch H X60inch D,Mechanical,Mechanical,296301.0,USD,2025,9,6705,RFPO-6705-M4101,Change Order
RFPO-6705-E6831-1,02 Sep 2025,PO for Outlet Boxes and Cover,GRAYBAR ELECTRIC COMPANY INC,MACRO,PO for Outlet Boxes and Cover,Electrical,Electrical,113.8258,USD,2025,9,6705,RFPO-6705-E6831,Base PO
RFPO-7208-V40015-2,02 Sep 2025,PO for Emergency Eyewash & Shower,Dateline Exports Inc.,MACRO,PO for Emergency Eyewash & Shower,Various,Various,33839.75,USD,2025,9,7208,RFPO-7208-V40015,Change Order
RFPO-7139-S9127-2,01 Sep 2025,PO for FORMWORK AND SCAFFOLDING SYSTEMS,Ozler Formwork and Scaffolding Systems (OZLER KALIP VE ISKELE SISTEMLERI A.S),"MVL USA, INC",PO for FORMWORK AND SCAFFOLDING SYSTEMS,Services,Services,202856.77,USD,2025,9,7139,RFPO-7139-S9127,Change Order
RFPO-7139-S9131-2,01 Sep 2025,PO for FORMWORK AND SCAFFOLDING SYSTEMS,Ozler Formwork and Scaffolding Systems (OZLER KALIP VE ISKELE SISTEMLERI A.S),"MVL USA, INC",PO for FORMWORK AND SCAFFOLDING SYSTEMS,Services,Services,120213.98,USD,2025,9,7139,RFPO-7139-S9131,Change Order
RFPO-7208-V40016-1,29 Aug 2025,PO for Metal Wall Louvers,INTEGRATED CONTRACTING SUPPLIERS,MACRO,PO for Metal Wall Louvers,Various,Various,74306.29,USD,2025,8,7208,RFPO-7208-V40016,Base PO
RFPO-6705-E6830-1,28 Aug 2025,PO for Cable Lugs,TIC LIGHT ELECTRICAL CORP,MACRO,PO for Cable Lugs,Electrical,Electrical,2797.24,USD,2025,8,6705,RFPO-6705-E6830,Base PO
RFPO-6705-M4025-1,27 Aug 2025,PO for SANY 43m Concrete Pump Truck - Model: SYM5300THBFS 430C-10B,Evangel International Machinery Ltd.,MACRO,PO for SANY 43m Concrete Pump Truck - Model: SYM5300THBFS 430C-10B,Mechanical,Mechanical,160300.0,USD,2025,8,6705,RFPO-6705-M4025,Base PO
RFPO-6705-E6829-1,27 Aug 2025,PO for Batch Plant Temporary Generator-Electrical Items,TIC LIGHT ELECTRICAL CORP,MACRO,PO for Batch Plant Temporary Generator-Electrical Items,Electrical,Electrical,16014.17,USD,2025,8,6705,RFPO-6705-E6829,Base PO
RFPO-6705-V40121-1,27 Aug 2025,PO for Medical Laboratory-Additional items,Humboldt Mfg Co,MACRO,PO for Medical Laboratory-Additional items,Various,Various,7239.25,USD,2025,8,6705,RFPO-6705-V40121,Base PO
RFPO-7139-S9131-1,26 Aug 2025,PO for FORMWORK AND SCAFFOLDING SYSTEMS,Ozler Formwork and Scaffolding Systems (OZLER KALIP VE ISKELE SISTEMLERI A.S),"MVL USA, INC",PO for FORMWORK AND SCAFFOLDING SYSTEMS,Services,Services,105413.98,USD,2025,8,7139,RFPO-7139-S9131,Base PO
RFPO-7139-E6818-1,25 Aug 2025,"PO for Main Distribution Board ,Panel Boards-ATCT Electrical for Temporary Power",AL GHANDI SWITCHGEARS INDUSTRY,MACRO,"PO for Main Distribution Board ,Panel Boards-ATCT Electrical for Temporary Power",Electrical,Electrical,4519.1,USD,2025,8,7139,RFPO-7139-E6818,Base PO
RFPO-6542-V40042-1,25 Aug 2025,PO for Kitchen Sink and Fitting.,INTEGRATED CONTRACTING SUPPLIERS,MVL USA JV LLC,PO for Kitchen Sink and Fitting.,Various,Various,1132.0,USD,2025,8,6542,RFPO-6542-V40042,Base PO
RFPO-6705-E6828-1,25 Aug 2025,PO for MV and LC Terminal Lugs,TIC LIGHT ELECTRICAL CORP,MACRO,PO for MV and LC Terminal Lugs,Electrical,Electrical,2192.91,USD,2025,8,6705,RFPO-6705-E6828,Base PO
RFPO-1569-V4426-1,21 Aug 2025,PO for Plan Swift 11 Measurements & QTY Takeoff Software -  Perpetual License - Raunaque Afroz,Green Figure Technique,FIRESTOP,PO for Plan Swift 11 Measurements & QTY Takeoff Software -  Perpetual License - Raunaque Afroz,Various,Various,2232.81,USD,2025,8,1569,RFPO-1569-V4426,Base PO
RFPO-6852-V40030-2,21 Aug 2025,"PO for Fuel Transfer Pump, Valves and Tank level & Pump Controls (with no deviations from original offer)",Jet Fuel Specialists LLC,MVL USA JV LLC,"PO for Fuel Transfer Pump, Valves and Tank level & Pump Controls (with no deviations from original offer)",Various,Various,226085.75,USD,2025,8,6852,RFPO-6852-V40030,Change Order
RFPO-6852-V40031-2,21 Aug 2025,"PO for Fuel Transfer Pump, Valves and Controls (with deviations from original offer)",Jet Fuel Specialists LLC,MVL USA JV LLC,"PO for Fuel Transfer Pump, Valves and Controls (with deviations from original offer)",Various,Various,85248.41,USD,2025,8,6852,RFPO-6852-V40031,Change Order
RFPO-7139-M4102-1,21 Aug 2025,PO for Load Break Switch for 750KVA XFMR,"Jiangsu Ryan Electric Co.,Ltd",MACRO,PO for Load Break Switch for 750KVA XFMR,Mechanical,Mechanical,14000.0,USD,2025,8,7139,RFPO-7139-M4102,Base PO
RFPO-7120-V40004-1,21 Aug 2025,PO for Disconnect Switches,Kelly & Hayes Electrical Industrial & Plumbing Supplies,MACRO,PO for Disconnect Switches,Various,Various,6195.19,USD,2025,8,7120,RFPO-7120-V40004,Base PO
RFPO-7039-V40021-1,20 Aug 2025,PO for Pulling Iron for Telecom Handhole,Crossweld Metal Trading Co.LLC,MVL USA JV LLC,PO for Pulling Iron for Telecom Handhole,Various,Various,8184.0,USD,2025,8,7039,RFPO-7039-V40021,Base PO
RFPO-7864-V40000-1,20 Aug 2025,PO for Rubber Base,Adelta Corporation,MACRO,PO for Rubber Base,Various,Various,2737.99,USD,2025,8,7864,RFPO-7864-V40000,Base PO
RFPO-6705-V40120-1,20 Aug 2025,PO for 1' Rigid Metal Conduits and Fittings,Kelly & Hayes Electrical Industrial & Plumbing Supplies,MACRO,PO for 1' Rigid Metal Conduits and Fittings,Various,Various,208.29,USD,2025,8,6705,RFPO-6705-V40120,Base PO
RFPO-7139-S9130-1,19 Aug 2025,PO for Canopy Storage Shelter,BIG TOP SHELTERS,"MVL USA, INC",PO for Canopy Storage Shelter,Services,Services,101700.0,USD,2025,8,7139,RFPO-7139-S9130,Base PO
RFPO-1569-14592-1,19 Aug 2025,"PO for Supply & Installation - Fire Protection System for Unit 1807, One Lake Plaza, JLT,",EUROFIRE FIRE & SAFETY L.L.C,MACRO,"PO for Supply & Installation - Fire Protection System for Unit 1807, One Lake Plaza, JLT,",Various,Various,11980.94,USD,2025,8,1569,RFPO-1569-14592,Base PO
RFPO-6705-S9102-1,19 Aug 2025,PO for Services rendered by ACI Certified Lab Tech for MTC Lab Accreditation,Rodelio Morales,MICRON,PO for Services rendered by ACI Certified Lab Tech for MTC Lab Accreditation,Services,Services,8000.0,USD,2025,8,6705,RFPO-6705-S9102,Base PO
RFPO-5532-E6805-1,19 Aug 2025,PO for Additional Electrical Materials - Batchplant,Benfield Electric International Ltd.,MACRO,PO for Additional Electrical Materials - Batchplant,Electrical,Electrical,9754.1,USD,2025,8,5532,RFPO-5532-E6805,Base PO
RFPO-6718-E6807-1,19 Aug 2025,PO for Glands,WESCO Distribution Inc,MACRO,PO for Glands,Electrical,Electrical,7704.0,USD,2025,8,6718,RFPO-6718-E6807,Base PO
RFPO-7073-V40010-1,19 Aug 2025,PO for Epoxy Adhesive,Dateline Exports Inc.,MACRO,PO for Epoxy Adhesive,Various,Various,2035.46,USD,2025,8,7073,RFPO-7073-V40010,Base PO
RFPO-5532-V40080-1,18 Aug 2025,PO for Material Request #MR-25 - MR - WireSaw Machine Parts and Consumables - Aldrin,"Zhengzhou Yugong Construction Machinery Co., Ltd.",MACRO,PO for Material Request #MR-25 - MR - WireSaw Machine Parts and Consumables - Aldrin,Various,Various,860.0,USD,2025,8,5532,RFPO-5532-V40080,Base PO
RFPO-5503-S9101-1,18 Aug 2025,PO for Pre-Shipment Inspection Aluminum windows and curtain walls,TUV SUD MIDDLE EAST LLC,MACRO,PO for Pre-Shipment Inspection Aluminum windows and curtain walls,Services,Services,710.0,USD,2025,8,5503,RFPO-5503-S9101,Base PO
RFPO-7039-M4101-2,18 Aug 2025,PO for CONCRETE MIXER - PME-CM400 AND POWER WASHER - 3WZ-3600JN,"Wuxi Pinnacle Mechanical Equipment Co., Ltd.",MACRO,PO for CONCRETE MIXER - PME-CM400 AND POWER WASHER - 3WZ-3600JN,Mechanical,Mechanical,3867.0,USD,2025,8,7039,RFPO-7039-M4101,Change Order
RFPO-6705-V40028-2,18 Aug 2025,PO for Tools and Acessories,MONJE,MVL USA JV LLC,PO for Tools and Acessories,Various,Various,36151.89,USD,2025,8,6705,RFPO-6705-V40028,Change Order
RFPO-7139-V4353-1,18 Aug 2025,PO for PORTABLE TOILET,FOSHAN SOEASY MODULAR HOUSING CO LTD,MACRO,PO for PORTABLE TOILET,Various,Various,5850.0,USD,2025,8,7139,RFPO-7139-V4353,Base PO
RFPO-7139-T1000-1,18 Aug 2025,PO for Custom Tools,AMERICANA SUPPLIERS,MVL TRADING,PO for Custom Tools,Tools,Tools,5176.0,USD,2025,8,7139,RFPO-7139-T1000,Base PO
RFPO-5532-T1003-2,16 Aug 2025,PO for MR-49 - MR - Electrical Tools (FLUKE) for QC Department - Mark,Ali Asger & Brothers LLC,MVL USA JV LLC,PO for MR-49 - MR - Electrical Tools (FLUKE) for QC Department - Mark,Tools,Tools,9650.1,USD,2025,8,5532,RFPO-5532-T1003,Change Order
RFPO-6705-V40118-1,12 Aug 2025,PO for Receptacles and Devise Plates,Kelly & Hayes Electrical Industrial & Plumbing Supplies,MACRO,PO for Receptacles and Devise Plates,Various,Various,18.77,USD,2025,8,6705,RFPO-6705-V40118,Base PO
RFPO-6705-V40119-1,12 Aug 2025,PO for SS316 Door and Frame,France Metal,MACRO,PO for SS316 Door and Frame,Various,Various,2722.0,USD,2025,8,6705,RFPO-6705-V40119,Base PO
RFPO-5695-V40018-1,12 Aug 2025,PO for Welding Rods,POWERFIT INDUSTRIAL PTE LTD,MVL USA JV LLC,PO for Welding Rods,Various,Various,2285.07,USD,2025,8,5695,RFPO-5695-V40018,Base PO
RFPO-6852-E6801-2,12 Aug 2025,PO for Connectors and Pull box,WESCO Distribution Inc,MACRO,PO for Connectors and Pull box,Electrical,Electrical,15873.3,USD,2025,8,6852,RFPO-6852-E6801,Change Order
RFPO-5503-A5205-1,11 Aug 2025,PO for Schüco ADS 80 FR60 fire-resistant fixed window with anodized (CO) finish and Pilkington Pyrostop 60-351 EI60 glazing,PETROUTSOS BROS LTD,MACRO,PO for Schüco ADS 80 FR60 fire-resistant fixed window with anodized (CO) finish and Pilkington Pyrostop 60-351 EI60 glazing,Architectural,Architectural,20652.17,USD,2025,8,5503,RFPO-5503-A5205,Base PO
RFPO-5532-V4373-1,11 Aug 2025,PO for Material Request #MR-62 - MR- Additional Bed Bunk and Mattress - MCamp 2 - Rona,"Onmuse ( Suzhou ) Office Furniture Co.,Ltd",FIRESTOP,PO for Material Request #MR-62 - MR- Additional Bed Bunk and Mattress - MCamp 2 - Rona,Various,Various,12780.0,USD,2025,8,5532,RFPO-5532-V4373,Base PO
RFPO-7139-E6817-1,11 Aug 2025,Cable Rack and Rack arms,WESCO Distribution Inc,MACRO,Cable Rack and Rack arms,Electrical,Electrical,8219.64,USD,2025,8,7139,RFPO-7139-E6817,Base PO
RFPO-6952-V40021-2,11 Aug 2025,PO for Joint Sealant,Dateline Exports Inc.,MVL USA JV LLC,PO for Joint Sealant,Various,Various,4374.68,USD,2025,8,6952,RFPO-6952-V40021,Change Order
RFPO-7139-V40038-1,08 Aug 2025,PO for Slags for Concrete Mix Design,SMITHBRIDGE GUAM,MVL USA JV LLC,PO for Slags for Concrete Mix Design,Various,Various,88358.05,USD,2025,8,7139,RFPO-7139-V40038,Base PO
RFPO-5503-A5204-1,07 Aug 2025,"PO for •	Service: Provision of 3 skilled workers for detailed frame measurements •	Hourly Rate: €98.50/hour (net) •	Daily Estimate: o	3 workers × 8 hours/day × €98.50/hour = €2,364.00/da",SALZER GmbH,MICRON,"PO for •	Service: Provision of 3 skilled workers for detailed frame measurements •	Hourly Rate: €98.50/hour (net) •	Daily Estimate: o	3 workers × 8 hours/day × €98.50/hour = €2,364.00/da",Architectural,Architectural,2569.57,USD,2025,8,5503,RFPO-5503-A5204,Base PO
RFPO-7098-E6802-2,07 Aug 2025,PO for Taxiway Lighting & Grommets,"Cooper Crouse-Hinds, LLC",MACRO,PO for Taxiway Lighting & Grommets,Electrical,Electrical,141729.57,USD,2025,8,7098,RFPO-7098-E6802,Change Order
RFPO-7139-S9101-1,07 Aug 2025,"PO for Quantity verification inspection for accommodation units, WC-shower containers, and laundry containers.",Modulus Metal San ve Tic Ltd Sti,MACRO,"PO for Quantity verification inspection for accommodation units, WC-shower containers, and laundry containers.",Services,Services,700.0,USD,2025,8,7139,RFPO-7139-S9101,Base PO
RFPO-7139-S9127-1,06 Aug 2025,PO for FORMWORK AND SCAFFOLDING SYSTEMS,Ozler Formwork and Scaffolding Systems (OZLER KALIP VE ISKELE SISTEMLERI A.S),"MVL USA, INC",PO for FORMWORK AND SCAFFOLDING SYSTEMS,Services,Services,179056.77,USD,2025,8,7139,RFPO-7139-S9127,Base PO
RFPO-7039-V40019B-1,06 Aug 2025,PO for Cable Racks (Electrical and Telecom),"Underground Devices, Inc.",Yamauchi Gumi,PO for Cable Racks (Electrical and Telecom),Various,Various,304337.8,USD,2025,8,7039,RFPO-7039-V40019B,Base PO
RFPO-6705-E6827-1,06 Aug 2025,PO for Additional PVC Conduits and Fittings for Building 729,WESCO Distribution Inc,MACRO,PO for Additional PVC Conduits and Fittings for Building 729,Electrical,Electrical,2054.87,USD,2025,8,6705,RFPO-6705-E6827,Base PO
RFPO-6705-V40117-1,06 Aug 2025,PO for Dayton Snap Ties and Wedges,Dateline Exports Inc.,MACRO,PO for Dayton Snap Ties and Wedges,Various,Various,637.23,USD,2025,8,6705,RFPO-6705-V40117,Base PO
RFPO-6705-E6826-1,05 Aug 2025,"PO for Main DB,Panel Boards-Batch Plant",AL GHANDI SWITCHGEARS INDUSTRY,MACRO,"PO for Main DB,Panel Boards-Batch Plant",Electrical,Electrical,27640.25,USD,2025,8,6705,RFPO-6705-E6826,Base PO
RFPO-6705-M4024-1,05 Aug 2025,PO for Crusher and Screener + Screens,Komplet America,MVL USA JV LLC,PO for Crusher and Screener + Screens,Mechanical,Mechanical,341376.2,USD,2025,8,6705,RFPO-6705-M4024,Base PO
RFPO-6542-V40041-1,05 Aug 2025,Timer Switch and HOA Controller,INTEGRATED CONTRACTING SUPPLIERS,MVL USA JV LLC,Timer Switch and HOA Controller,Various,Various,1657.99,USD,2025,8,6542,RFPO-6542-V40041,Base PO
RFPO-6705-O2-1,05 Aug 2025,PO for Bluebeam Core Annual Subscription -  John Paul Ottarson,AllCAD Solutions LLC,MACRO,PO for Bluebeam Core Annual Subscription -  John Paul Ottarson,Office Assets,Office Assets,251.87,USD,2025,8,6705,RFPO-6705-O2,Base PO
RFPO-5532-M4038-1,04 Aug 2025,PO for HELI 5ton dieselforklift CPCD50 - As per approved specification,Evangel International Machinery Ltd.,MVL USA JV LLC,PO for HELI 5ton dieselforklift CPCD50 - As per approved specification,Mechanical,Mechanical,19974.0,USD,2025,8,5532,RFPO-5532-M4038,Base PO
RFPO-5532-M4040-1,04 Aug 2025,PO for MEKA’s Installation Service for Concrete Batching Plants,MEKA,MVL USA JV LLC,PO for MEKA’s Installation Service for Concrete Batching Plants,Mechanical,Mechanical,10054.35,USD,2025,8,5532,RFPO-5532-M4040,Base PO
RFPO-7139-V40036-1,04 Aug 2025,PO for Mechanic Shop Tools,Dateline Exports Inc.,MVL USA JV LLC,PO for Mechanic Shop Tools,Various,Various,34935.9,USD,2025,8,7139,RFPO-7139-V40036,Base PO
RFPO-7139-V40031-3,04 Aug 2025,PO for GPU25a Sheet Pile  & GPC 14 Corner pcs,"NANJING GRAND STEEL PILING CO.,LTD.",MVL USA JV LLC,PO for GPU25a Sheet Pile  & GPC 14 Corner pcs,Various,Various,67454.4,USD,2025,8,7139,RFPO-7139-V40031,Change Order
RFPO-5532-V40079-1,04 Aug 2025,PO for Concrete & Equipment Rental,BLACK CONSTRUCTION CORPORATION,MACRO,PO for Concrete & Equipment Rental,Various,Various,109811.58,USD,2025,8,5532,RFPO-5532-V40079,Base PO
RFPO-7139-V40035-1,04 Aug 2025,PO for BULK BAGS SKID LOT,Uline,MACRO,PO for BULK BAGS SKID LOT,Various,Various,2116.22,USD,2025,8,7139,RFPO-7139-V40035,Base PO
RFPO-7139-V40037-1,04 Aug 2025,PO for HYDROTITE WATERSTOP,"SQUIRES LUMBER COMPANY, INC.",MVL USA JV LLC,PO for HYDROTITE WATERSTOP,Various,Various,11335.69,USD,2025,8,7139,RFPO-7139-V40037,Base PO
RFPO-7505-V40001-2,04 Aug 2025,PO for Rubber Base & Adhesive,Adelta Corporation,MACRO,PO for Rubber Base & Adhesive,Various,Various,10168.2,USD,2025,8,7505,RFPO-7505-V40001,Change Order
RFPO-6705-M4023-1,31 Jul 2025,PO for SANY 200ton all terrain crane SAC2000C8-8 - as per attached Documents,Evangel International Machinery Ltd.,MVL USA JV LLC,PO for SANY 200ton all terrain crane SAC2000C8-8 - as per attached Documents,Mechanical,Mechanical,396500.0,USD,2025,7,6705,RFPO-6705-M4023,Base PO
RFPO-6705-M4104-2,31 Jul 2025,PO for 350 Kva Oil type Transformer for Batch Plant,"Jiangsu Ryan Electric Co.,Ltd",MACRO,PO for 350 Kva Oil type Transformer for Batch Plant,Mechanical,Mechanical,31200.0,USD,2025,7,6705,RFPO-6705-M4104,Change Order
RFPO-6718-E6806-1,31 Jul 2025,PO for Additional Electrical Items,WESCO Distribution Inc,MACRO,PO for Additional Electrical Items,Electrical,Electrical,3897.67,USD,2025,7,6718,RFPO-6718-E6806,Base PO
RFPO-5532-O2-1,31 Jul 2025,"PO for 2 units Lenovo E16 – (English Keyboard) Intel Core Ultra 7 255H, 32GB DDR5, 1TB SSD M.2, Integrated Graphics, 16.0 inch WUXGA",Midway Computer Trading L.L.C,MACRO,"PO for 2 units Lenovo E16 – (English Keyboard) Intel Core Ultra 7 255H, 32GB DDR5, 1TB SSD M.2, Integrated Graphics, 16.0 inch WUXGA",Office Assets,Office Assets,1688.22,USD,2025,7,5532,RFPO-5532-O2,Base PO
RFPO-5532-V40078-2,31 Jul 2025,PO for Label Engraver,Leeds Services Co. Pte Ltd.,MACRO,PO for Label Engraver,Various,Various,6470.0,USD,2025,7,5532,RFPO-5532-V40078,Change Order
RFPO-6705-S9032-1,31 Jul 2025,PO for Electronic Marker Ball,ACP INTERNATIONAL,MVL SOLUTIONS,PO for Electronic Marker Ball,Services,Services,3522.32,USD,2025,7,6705,RFPO-6705-S9032,Base PO
RFPO-6705-V40112-1,31 Jul 2025,PO for Diamond steel plates,Tsang Brothers Corporation,MACRO,PO for Diamond steel plates,Various,Various,440.0,USD,2025,7,6705,RFPO-6705-V40112,Base PO
RFPO-6705-E6825-1,31 Jul 2025,PO for (COSA & LSA)-Terminal lugs,TIC LIGHT ELECTRICAL CORP,MACRO,PO for (COSA & LSA)-Terminal lugs,Electrical,Electrical,10645.32,USD,2025,7,6705,RFPO-6705-E6825,Base PO
RFPO-7139-E6816-1,31 Jul 2025,PO for (COSA & LSA)-Terminal lugs,TIC LIGHT ELECTRICAL CORP,MACRO,PO for (COSA & LSA)-Terminal lugs,Electrical,Electrical,8162.0,USD,2025,7,7139,RFPO-7139-E6816,Base PO
RFPO-7120-V40002-1,31 Jul 2025,PO for CHD-KD3400,Kelly & Hayes Electrical Industrial & Plumbing Supplies,MACRO,PO for CHD-KD3400,Various,Various,16616.26,USD,2025,7,7120,RFPO-7120-V40002,Base PO
RFPO-6705-E6824-1,30 Jul 2025,PO for HUBBELL POLYMER HANDHOLE,WESCO Distribution Inc,MACRO,PO for HUBBELL POLYMER HANDHOLE,Electrical,Electrical,8856.48,USD,2025,7,6705,RFPO-6705-E6824,Base PO
RFPO-7212-V40003-1,30 Jul 2025,PO for Unit Heater,INTEGRATED CONTRACTING SUPPLIERS,MACRO,PO for Unit Heater,Various,Various,994.0,USD,2025,7,7212,RFPO-7212-V40003,Base PO
RFPO-6705-V40114-1,30 Jul 2025,PO for SIKA 483GS782 WATERSTOP AND STEEL STAKES,Dateline Exports Inc.,MACRO,PO for SIKA 483GS782 WATERSTOP AND STEEL STAKES,Various,Various,1092.07,USD,2025,7,6705,RFPO-6705-V40114,Base PO
RFPO-6705-V40115-1,30 Jul 2025,PO for PVC Sch40 & Sch80 Fittings for LSA,American International Supply Inc.,MACRO,PO for PVC Sch40 & Sch80 Fittings for LSA,Various,Various,25586.17,USD,2025,7,6705,RFPO-6705-V40115,Base PO
RFPO-6705-V40116-1,30 Jul 2025,PO for SS316L Pulling Iron & Omega Channel for EMH,Crossweld Metal Trading Co.LLC,MACRO,PO for SS316L Pulling Iron & Omega Channel for EMH,Various,Various,2199.0,USD,2025,7,6705,RFPO-6705-V40116,Base PO
RFPO-6705-V40113-1,29 Jul 2025,PO for Mechanic Shop Tools List,Dateline Exports Inc.,MACRO,PO for Mechanic Shop Tools List,Various,Various,23808.23,USD,2025,7,6705,RFPO-6705-V40113,Base PO
RFPO-5532-M4039-1,29 Jul 2025,PO for Nissan Navara (8 Units Each) Accessories and  Maxus V80 Spare Parts,"FASTWIN GROUP CO.,LIMITED",MVL USA JV LLC,PO for Nissan Navara (8 Units Each) Accessories and  Maxus V80 Spare Parts,Mechanical,Mechanical,3622.12,USD,2025,7,5532,RFPO-5532-M4039,Base PO
RFPO-1569-O97-1,29 Jul 2025,PO for (3) RiB Candy iTWO Annual Subscriptions - MVL Dubai Office Proposal Team,RivYv Technologies,MACRO,PO for (3) RiB Candy iTWO Annual Subscriptions - MVL Dubai Office Proposal Team,Office Assets,Office Assets,6810.0,USD,2025,7,1569,RFPO-1569-O97,Base PO
RFPO-6705-V4358-1,28 Jul 2025,PO for PVC Sheet & PVC Banner as per attached Designs,"HD Signs & Graphics, LLC",MACRO,PO for PVC Sheet & PVC Banner as per attached Designs,Various,Various,900.0,USD,2025,7,6705,RFPO-6705-V4358,Base PO
RFPO-5828-O2-1,28 Jul 2025,PO for 2 UNITS Bluebeam Core Annual Subscription - Jonathan Clapper and Eric Van Gieson - Quotation Ref.SA393,AllCAD Solutions LLC,MACRO,PO for 2 UNITS Bluebeam Core Annual Subscription - Jonathan Clapper and Eric Van Gieson - Quotation Ref.SA393,Office Assets,Office Assets,503.74,USD,2025,7,5828,RFPO-5828-O2,Base PO
RFPO-7139-E6815-1,28 Jul 2025,"PO for LSA-Electrical PVC Coated Conduits & Fittings, Power & Lighting Devices",TIC LIGHT ELECTRICAL CORP,MACRO,"PO for LSA-Electrical PVC Coated Conduits & Fittings, Power & Lighting Devices",Electrical,Electrical,201791.22,USD,2025,7,7139,RFPO-7139-E6815,Base PO
RFPO-6705-M4022-1,28 Jul 2025,PO for Duct Sealant,Kelly & Hayes Electrical Industrial & Plumbing Supplies,MACRO,PO for Duct Sealant,Mechanical,Mechanical,2976.0,USD,2025,7,6705,RFPO-6705-M4022,Base PO
RFPO-6705-V40110-1,28 Jul 2025,PO for LSA-FRP board and accessories,LOWES,MACRO,PO for LSA-FRP board and accessories,Various,Various,12329.31,USD,2025,7,6705,RFPO-6705-V40110,Base PO
RFPO-6705-V40105-1,28 Jul 2025,PO for B729 substation room- Electrical items,Dateline Exports Inc.,MACRO,PO for B729 substation room- Electrical items,Various,Various,8278.99,USD,2025,7,6705,RFPO-6705-V40105,Base PO
RFPO-7139-V40034-1,28 Jul 2025,PO for Laboratory Signage,Sign King Inc,MVL USA JV LLC,PO for Laboratory Signage,Various,Various,220.0,USD,2025,7,7139,RFPO-7139-V40034,Base PO
RFPO-5532-M4105-1,24 Jul 2025,PO for MR-26 MR  Batch Plant Waterline water connection Relon (Quotation No: 25072301),WATERcare PRODUCTS PTE. LTD.,MACRO,PO for MR-26 MR  Batch Plant Waterline water connection Relon (Quotation No: 25072301),Mechanical,Mechanical,2472.05,USD,2025,7,5532,RFPO-5532-M4105,Base PO
RFPO-6705-O1-1,24 Jul 2025,PO for Bluebeam Core Annual Subscription - Dindo Ninal (Mechanical QC),AllCAD Solutions LLC,MACRO,PO for Bluebeam Core Annual Subscription - Dindo Ninal (Mechanical QC),Office Assets,Office Assets,251.87,USD,2025,7,6705,RFPO-6705-O1,Base PO
RFPO-6705-E6823-1,24 Jul 2025,"PO for LSA -bolt ,nuts washer for terminal lugs",TIC LIGHT ELECTRICAL CORP,MACRO,"PO for LSA -bolt ,nuts washer for terminal lugs",Electrical,Electrical,349.0,USD,2025,7,6705,RFPO-6705-E6823,Base PO
RFPO-7139-E6814-1,24 Jul 2025,PO for ATCT LSA-Electrical Cables,TIC LIGHT ELECTRICAL CORP,MACRO,PO for ATCT LSA-Electrical Cables,Electrical,Electrical,66130.89,USD,2025,7,7139,RFPO-7139-E6814,Base PO
RFPO-6705-V40111-1,24 Jul 2025,PO for DU-16-6- Non-Potable water warning Tape,Kelly & Hayes Electrical Industrial & Plumbing Supplies,MACRO,PO for DU-16-6- Non-Potable water warning Tape,Various,Various,76.84,USD,2025,7,6705,RFPO-6705-V40111,Base PO
RFPO-7139-V40033-1,24 Jul 2025,"PO for Warning Tapes for HV, Electric & Fiber Optic,",Kelly & Hayes Electrical Industrial & Plumbing Supplies,MVL USA JV LLC,"PO for Warning Tapes for HV, Electric & Fiber Optic,",Various,Various,230.52,USD,2025,7,7139,RFPO-7139-V40033,Base PO
RFPO-6168-A5206-1,23 Jul 2025,PO for Master Key System,Lakshmi Metal Tech LLC,MACRO,PO for Master Key System,Architectural,Architectural,3017.02,USD,2025,7,6168,RFPO-6168-A5206,Base PO
RFPO-7139-V40032-1,21 Jul 2025,PO for PLASTIC DRUM & BULK BAGS SKID LOT,Uline,MVL USA JV LLC,PO for PLASTIC DRUM & BULK BAGS SKID LOT,Various,Various,2038.87,USD,2025,7,7139,RFPO-7139-V40032,Base PO
RFPO-7139-E6813-1,21 Jul 2025,PO for Eaton-Dead break Elbow Connectors,"Shanghai Yonghui Electric Technology Co.,Ltd",MACRO,PO for Eaton-Dead break Elbow Connectors,Electrical,Electrical,1110.0,USD,2025,7,7139,RFPO-7139-E6813,Base PO
RFPO-6705-V40108-1,21 Jul 2025,PO for LAB TESTING TOOLS AND EQUIPMENTS,Humboldt Mfg Co,MACRO,PO for LAB TESTING TOOLS AND EQUIPMENTS,Various,Various,11560.0,USD,2025,7,6705,RFPO-6705-V40108,Base PO
RFPO-7120-S9102-1,21 Jul 2025,PO for TPI for CRAC Unit,TUV SUD MIDDLE EAST LLC,MICRON,PO for TPI for CRAC Unit,Services,Services,744.57,USD,2025,7,7120,RFPO-7120-S9102,Base PO
RFPO-6705-V40107-1,17 Jul 2025,SIMPSON STRONG BOLT AND SIKATOP SEAL,Dateline Exports Inc.,MACRO,SIMPSON STRONG BOLT AND SIKATOP SEAL,Various,Various,2389.61,USD,2025,7,6705,RFPO-6705-V40107,Base PO
RFPO-6852-V40032-1,16 Jul 2025,PO for Concrete / Equipment Supply And Testing (for June),BLACK CONSTRUCTION CORPORATION,MVL USA JV LLC,PO for Concrete / Equipment Supply And Testing (for June),Various,Various,82799.5,USD,2025,7,6852,RFPO-6852-V40032,Base PO
RFPO-6952-V40014A-1,16 Jul 2025,PO for Metal Wall Louvers,INTEGRATED CONTRACTING SUPPLIERS,MVL USA JV LLC,PO for Metal Wall Louvers,Various,Various,15881.7,USD,2025,7,6952,RFPO-6952-V40014A,Base PO
RFPO-5829-E6821-1,16 Jul 2025,PO for Al Fikree Procurement Support - Wires LSF and Heat Resistnat cables - MSC REF: MSD2500135,AL MOUSA CABLES CO. L.L.C,MACRO,PO for Al Fikree Procurement Support - Wires LSF and Heat Resistnat cables - MSC REF: MSD2500135,Electrical,Electrical,50853.64,USD,2025,7,5829,RFPO-5829-E6821,Base PO
RFPO-6705-M4021-1,16 Jul 2025,PO for Spare Parts – FOTON 4x2 2-Ton Cargo Truck,Evangel International Machinery Ltd.,MVL USA JV LLC,PO for Spare Parts – FOTON 4x2 2-Ton Cargo Truck,Mechanical,Mechanical,515.0,USD,2025,7,6705,RFPO-6705-M4021,Base PO
RFPO-7073-V40008-1,16 Jul 2025,PO for Paints and Coatings F308,The Sherwin-Williams Company,MACRO,PO for Paints and Coatings F308,Various,Various,3996.79,USD,2025,7,7073,RFPO-7073-V40008,Base PO
RFPO-7139-V40031-1,16 Jul 2025,PO for GPU25a Sheet Pile  & GPC 14 Corner pcs,"NANJING GRAND STEEL PILING CO.,LTD.",MVL USA JV LLC,PO for GPU25a Sheet Pile  & GPC 14 Corner pcs,Various,Various,65984.0,USD,2025,7,7139,RFPO-7139-V40031,Base PO
RFPO-6841-M4104-1,16 Jul 2025,PO for Technician for Startup & Commissioning of PACU Units,S.K.M. Air Conditioning L.L.C.,MACRO,PO for Technician for Startup & Commissioning of PACU Units,Mechanical,Mechanical,33600.0,USD,2025,7,6841,RFPO-6841-M4104,Base PO
RFPO-7208-M4103-1,15 Jul 2025,PO for Exhaust Fans,JGB International General Trading LLC,MACRO,PO for Exhaust Fans,Mechanical,Mechanical,41847.24,USD,2025,7,7208,RFPO-7208-M4103,Base PO
RFPO-6705-V40106-1,15 Jul 2025,"Liquid Tight Conduits and Fittings, Warning Tapes & GROUND ROD CLAMP, PVC COATED BEND",Kelly & Hayes Electrical Industrial & Plumbing Supplies,MACRO,"Liquid Tight Conduits and Fittings, Warning Tapes & GROUND ROD CLAMP, PVC COATED BEND",Various,Various,1129.36,USD,2025,7,6705,RFPO-6705-V40106,Base PO
RFPO-7073-V40009-1,15 Jul 2025,PO for Level Transducer,Keller America Inc.,MACRO,PO for Level Transducer,Various,Various,1755.45,USD,2025,7,7073,RFPO-7073-V40009,Base PO
RFPO-7139-V40030-1,15 Jul 2025,GEOMEMBRANE LINER & WEED CONTROL FABRIC,Dateline Exports Inc.,MVL USA JV LLC,GEOMEMBRANE LINER & WEED CONTROL FABRIC,Various,Various,7065.73,USD,2025,7,7139,RFPO-7139-V40030,Base PO
RFPO-6852-V40029-1,15 Jul 2025,PO for Hex Nuts & PTFE Washers,APP Manufacturing,MVL USA JV LLC,PO for Hex Nuts & PTFE Washers,Various,Various,881.52,USD,2025,7,6852,RFPO-6852-V40029,Base PO
RFPO-6852-V40028-1,15 Jul 2025,PO for Epoxy Adhesive,Leeds Services Co. Pte Ltd.,MVL USA JV LLC,PO for Epoxy Adhesive,Various,Various,4040.0,USD,2025,7,6852,RFPO-6852-V40028,Base PO
RFPO-5532-V4372-1,14 Jul 2025,PO for Danace Aquino  - Plan Swift 11 Measurements & QTY Takeoff Software Perpetual Software License Ref. GFT/25-915,Green Figure Technique,FIRESTOP,PO for Danace Aquino  - Plan Swift 11 Measurements & QTY Takeoff Software Perpetual Software License Ref. GFT/25-915,Various,Various,2232.81,USD,2025,7,5532,RFPO-5532-V4372,Base PO
RFPO-7139-E6812-1,14 Jul 2025,PO for Underground PVC Conduits Pipes and Fittings,TIC LIGHT ELECTRICAL CORP,MACRO,PO for Underground PVC Conduits Pipes and Fittings,Electrical,Electrical,15458.73,USD,2025,7,7139,RFPO-7139-E6812,Base PO
RFPO-7414-V4351-1,14 Jul 2025,PO for Logo Printing – Silver Vinyl Heat Transfer on back of safety vest,The Uniform World Tailoring and Textiles LLC,MACRO,PO for Logo Printing – Silver Vinyl Heat Transfer on back of safety vest,Various,Various,122.53,USD,2025,7,7414,RFPO-7414-V4351,Base PO
RFPO-5193-V40016-1,14 Jul 2025,PO for LEAK TEST ONLY FOR PASC 55 - E 1774/0005 PASC 55,PETRA Air Conditioning Contracting Co,MACRO,PO for LEAK TEST ONLY FOR PASC 55 - E 1774/0005 PASC 55,Various,Various,544.59,USD,2025,7,5193,RFPO-5193-V40016,Base PO
RFPO-7139-E6811-2,14 Jul 2025,PO for TE HVES-1521D(live end seal),Benfield Electric International Ltd.,MVL Nepal,PO for TE HVES-1521D(live end seal),Electrical,Electrical,6300.0,USD,2025,7,7139,RFPO-7139-E6811,Change Order
RFPO-7139-E6811-1,11 Jul 2025,PO for TE HVES-1521D(live end seal),Benfield Electric International Ltd.,MVL Nepal,PO for TE HVES-1521D(live end seal),Electrical,Electrical,4900.0,USD,2025,7,7139,RFPO-7139-E6811,Base PO
RFPO-1569-O95-1,10 Jul 2025,PO for INTTERNAL PO - Microsoft 365 GCC G5 - Annual Subscription Licenses (P1YA) - Pro-Rated(6/30/25-1/29/26) - 112147,Managed Solution LLC,MACRO,PO for INTTERNAL PO - Microsoft 365 GCC G5 - Annual Subscription Licenses (P1YA) - Pro-Rated(6/30/25-1/29/26) - 112147,Office Assets,Office Assets,1764.55,USD,2025,7,1569,RFPO-1569-O95,Base PO
RFPO-6705-V40102-1,10 Jul 2025,PO for LSA additional Electrical items,TIC LIGHT ELECTRICAL CORP,MACRO,PO for LSA additional Electrical items,Various,Various,10088.73,USD,2025,7,6705,RFPO-6705-V40102,Base PO
RFPO-6718-V40031-1,10 Jul 2025,PO for Primer (Part B),The Sherwin-Williams Company,MVL USA JV LLC,PO for Primer (Part B),Various,Various,4100.18,USD,2025,7,6718,RFPO-6718-V40031,Base PO
RFPO-7139-E6810-1,10 Jul 2025,PO for Pull Line and  Fire Electric Tape,TIC LIGHT ELECTRICAL CORP,MACRO,PO for Pull Line and  Fire Electric Tape,Electrical,Electrical,2637.58,USD,2025,7,7139,RFPO-7139-E6810,Base PO
RFPO-6705-E6822-1,10 Jul 2025,PO for Termination Kits and Fire Tape,TIC LIGHT ELECTRICAL CORP,MACRO,PO for Termination Kits and Fire Tape,Electrical,Electrical,2621.97,USD,2025,7,6705,RFPO-6705-E6822,Base PO
RFPO-7073-S9073-1,10 Jul 2025,PO for FRP Ladders,Stoncor Middle East LLC,FIRESTOP,PO for FRP Ladders,Services,Services,18531.79,USD,2025,7,7073,RFPO-7073-S9073,Base PO
RFPO-1569-O96-1,10 Jul 2025,PO for Ubiquiti UniFi Access G3 Starter Kit Pro,Kyoto Technologies,MACRO,PO for Ubiquiti UniFi Access G3 Starter Kit Pro,Office Assets,Office Assets,3172.23,USD,2025,7,1569,RFPO-1569-O96,Base PO
RFPO-7505-V40000-1,09 Jul 2025,PO for Door Threshold,ARB ALUMINIUM & GLASS LLC,MACRO,PO for Door Threshold,Various,Various,1143.64,USD,2025,7,7505,RFPO-7505-V40000,Base PO
RFPO-5828-O1-1,09 Jul 2025,PO for Bluebeam Core Commercial Single User Annual Subscription New license,AllCAD Solutions LLC,MACRO,PO for Bluebeam Core Commercial Single User Annual Subscription New license,Office Assets,Office Assets,251.87,USD,2025,7,5828,RFPO-5828-O1,Base PO
RFPO-1569-V4425-1,09 Jul 2025,PO for Nayana Ragesh  - Plan Swift 11 Measurements & QTY Takeoff Software Perpetual Software License,Green Figure Technique,FIRESTOP,PO for Nayana Ragesh  - Plan Swift 11 Measurements & QTY Takeoff Software Perpetual Software License,Various,Various,2232.81,USD,2025,7,1569,RFPO-1569-V4425,Base PO
RFPO-5503-A5203-1,09 Jul 2025,"PO for FREE ISSUED - W2 Aluminum Window W1-F, W2-F",SALZER GmbH,MACRO,"PO for FREE ISSUED - W2 Aluminum Window W1-F, W2-F",Architectural,Architectural,15117.39,USD,2025,7,5503,RFPO-5503-A5203,Base PO
RFPO-6705-E6821-1,09 Jul 2025,PO for Greenlee crimping dies -Medical Clinic for shutdown use,TIC LIGHT ELECTRICAL CORP,MACRO,PO for Greenlee crimping dies -Medical Clinic for shutdown use,Electrical,Electrical,1767.67,USD,2025,7,6705,RFPO-6705-E6821,Base PO
RFPO-7139-E6809-1,09 Jul 2025,PO for Milwaukee crimping dies -ATCT for shutdown use,TIC LIGHT ELECTRICAL CORP,MACRO,PO for Milwaukee crimping dies -ATCT for shutdown use,Electrical,Electrical,2784.34,USD,2025,7,7139,RFPO-7139-E6809,Base PO
RFPO-5193-V40015-1,08 Jul 2025,"PO for VISIT FOR INSPECTION FIVE PASC UNIT & THREE PPH UNIT, FOUR SPLIT UNIT AND PETRA 20 4 UNITS ONLY",PETRA Air Conditioning Contracting Co,MACRO,"PO for VISIT FOR INSPECTION FIVE PASC UNIT & THREE PPH UNIT, FOUR SPLIT UNIT AND PETRA 20 4 UNITS ONLY",Various,Various,1466.67,USD,2025,7,5193,RFPO-5193-V40015,Base PO
RFPO-7139-V40029-1,07 Jul 2025,PO for TRAFFIC SIGNAGES,Dateline Exports Inc.,MVL USA JV LLC,PO for TRAFFIC SIGNAGES,Various,Various,7618.37,USD,2025,7,7139,RFPO-7139-V40029,Base PO
RFPO-7120-S9101-1,07 Jul 2025,PO for TPI for CRAC Unit,TUV SUD MIDDLE EAST LLC,MACRO,PO for TPI for CRAC Unit,Services,Services,744.57,USD,2025,7,7120,RFPO-7120-S9101,Base PO
RFPO-6705-E6820-1,04 Jul 2025,PO for VLF-30CM Hipot Tester,"High Voltage, Inc.",MACRO,PO for VLF-30CM Hipot Tester,Electrical,Electrical,11615.0,USD,2025,7,6705,RFPO-6705-E6820,Base PO
RFPO-5532-T1003-1,04 Jul 2025,PO for MR-49 - MR - Electrical Tools (FLUKE) for QC Department - Mark,Ali Asger & Brothers LLC,MVL USA JV LLC,PO for MR-49 - MR - Electrical Tools (FLUKE) for QC Department - Mark,Tools,Tools,32540.0,USD,2025,7,5532,RFPO-5532-T1003,Base PO
RFPO-6542-V40039-1,03 Jul 2025,PO for SS Sheet,"H&M Metal Crafters, LLC",MVL USA JV LLC,PO for SS Sheet,Various,Various,1668.0,USD,2025,7,6542,RFPO-6542-V40039,Base PO
RFPO-6705-V40104-1,03 Jul 2025,PO for PVC Sch40 Fittings for LSA,American International Supply Inc.,MACRO,PO for PVC Sch40 Fittings for LSA,Various,Various,33064.51,USD,2025,7,6705,RFPO-6705-V40104,Base PO
RFPO-6852-V40027-2,03 Jul 2025,PO for SS Pipe,Isam Kabbani Trading LLC,MVL USA JV LLC,PO for SS Pipe,Various,Various,1380.53,USD,2025,7,6852,RFPO-6852-V40027,Change Order
RFPO-6718-V40027-2,03 Jul 2025,PO for Hangers & Supports (for Electrical),Isam Kabbani Trading LLC,MVL USA JV LLC,PO for Hangers & Supports (for Electrical),Various,Various,2157.54,USD,2025,7,6718,RFPO-6718-V40027,Change Order
RFPO-1005-V7232-1,03 Jul 2025,PO for Solar Panel,ASTRONERGY NEW ENERGY TECHNOLOGY(SINGAPORE)PTE.LTD.,MICRON,PO for Solar Panel,Various,Various,70848.0,USD,2025,7,1005,RFPO-1005-V7232,Base PO
RFPO-7139-E6807-1,02 Jul 2025,PO for ATCT shutdown - balance materials,WESCO Distribution Inc,MACRO,PO for ATCT shutdown - balance materials,Electrical,Electrical,2804.0,USD,2025,7,7139,RFPO-7139-E6807,Base PO
RFPO-6705-E6819-1,02 Jul 2025,PO for LSA Electrical- MV CABLES,WESCO Distribution Inc,MACRO,PO for LSA Electrical- MV CABLES,Electrical,Electrical,8087.269982,USD,2025,7,6705,RFPO-6705-E6819,Base PO
RFPO-6705-V40079-2,02 Jul 2025,Core fill Grout,The Quikrete Companies,MACRO,Core fill Grout,Various,Various,78045.42,USD,2025,7,6705,RFPO-6705-V40079,Change Order
RFPO-6718-V40029-1,02 Jul 2025,PO for GFME Items - Equipment,Jet Fuel Specialists LLC,MVL USA JV LLC,PO for GFME Items - Equipment,Various,Various,65019.91,USD,2025,7,6718,RFPO-6718-V40029,Base PO
RFPO-6718-V40030-1,02 Jul 2025,PO for GFME Items - Filter Materials,Jet Fuel Specialists LLC,MVL USA JV LLC,PO for GFME Items - Filter Materials,Various,Various,13538.79,USD,2025,7,6718,RFPO-6718-V40030,Base PO
RFPO-7212-V40002-1,02 Jul 2025,PO for Gotcha Rescue kit,T S S TRADING L.L.C,MACRO,PO for Gotcha Rescue kit,Various,Various,1497.62,USD,2025,7,7212,RFPO-7212-V40002,Base PO
RFPO-7139-V40027-1,02 Jul 2025,PO for COSA-Lug Terminal,Kelly & Hayes Electrical Industrial & Plumbing Supplies,MVL USA JV LLC,PO for COSA-Lug Terminal,Various,Various,875.9,USD,2025,7,7139,RFPO-7139-V40027,Base PO
RFPO-6705-V40103-1,02 Jul 2025,PO for WIRE TIES,Dateline Exports Inc.,MACRO,PO for WIRE TIES,Various,Various,2495.13,USD,2025,7,6705,RFPO-6705-V40103,Base PO
RFPO-7139-V40028-1,02 Jul 2025,PO for WIRE TIES,Dateline Exports Inc.,MVL USA JV LLC,PO for WIRE TIES,Various,Various,4133.48,USD,2025,7,7139,RFPO-7139-V40028,Base PO
RFPO-7139-V40026-1,01 Jul 2025,PO for ATCT-Tools,HOME DEPOT USA,MVL USA JV LLC,PO for ATCT-Tools,Various,Various,5015.3,USD,2025,7,7139,RFPO-7139-V40026,Base PO
RFPO-5829-V40033-1,01 Jul 2025,PO for 150x150x600mm Mild Steel Beam Mould - as per approved material and dimension,AKSHTECH TRADING W.L.L,MVL USA JV LLC,PO for 150x150x600mm Mild Steel Beam Mould - as per approved material and dimension,Various,Various,10372.34,USD,2025,7,5829,RFPO-5829-V40033,Base PO
RFPO-7208-V40014-1,01 Jul 2025,PO for Ductwork and Accessories,Leminar Air Conditioning Industries L.L.C,MACRO,PO for Ductwork and Accessories,Various,Various,64412.4568,USD,2025,7,7208,RFPO-7208-V40014,Base PO
RFPO-6705-E6818-1,01 Jul 2025,PO for COPPER WIRE,TIC LIGHT ELECTRICAL CORP,MACRO,PO for COPPER WIRE,Electrical,Electrical,1582.0,USD,2025,7,6705,RFPO-6705-E6818,Base PO
RFPO-6718-V40028-1,01 Jul 2025,PO for HSS for Electrical Supports,Hidayath Heavy Industry LLC,MVL USA JV LLC,PO for HSS for Electrical Supports,Various,Various,3497.0,USD,2025,7,6718,RFPO-6718-V40028,Base PO
RFPO-5532-S9084-1,01 Jul 2025,PO for Smoke Detector and Base,SUMMIT FIRE CONSULTING (SFC),MVL USA JV LLC,PO for Smoke Detector and Base,Services,Services,10650.0,USD,2025,7,5532,RFPO-5532-S9084,Base PO
RFPO-6705-V40101-1,30 Jun 2025,PO for SS304 welded wire mesh,Tsang Brothers Corporation,MACRO,PO for SS304 welded wire mesh,Various,Various,490.0,USD,2025,6,6705,RFPO-6705-V40101,Base PO
RFPO-7027-V40009-1,30 Jun 2025,PO for Acoustic Ceiling Tiles,ODORES METAL LLC,MACRO,PO for Acoustic Ceiling Tiles,Various,Various,3991.14,USD,2025,6,7027,RFPO-7027-V40009,Base PO
RFPO-5532-M4037-1,30 Jun 2025,PO for Dongfeng 190HP Truck Mounted with XCMG 6.3 Ton Crane - DG and Spare Parts with Tires,Evangel International Machinery Ltd.,MVL USA JV LLC,PO for Dongfeng 190HP Truck Mounted with XCMG 6.3 Ton Crane - DG and Spare Parts with Tires,Mechanical,Mechanical,46852.0,USD,2025,6,5532,RFPO-5532-M4037,Base PO
RFPO-7208-V40013-1,30 Jun 2025,PO for PVC Coated rigid metallic pipes & fittings,AL BAHRI AND AL MAZROEY TRADING COMPANY - L.L.C,MACRO,PO for PVC Coated rigid metallic pipes & fittings,Various,Various,56581.3,USD,2025,6,7208,RFPO-7208-V40013,Base PO
RFPO-5683-O1-1,26 Jun 2025,PO for Sensing Edge for Overhead Coiling Doors,TECHTRADE MIDDLE EAST,MACRO,PO for Sensing Edge for Overhead Coiling Doors,Office Assets,Office Assets,2150.0,USD,2025,6,5683,RFPO-5683-O1,Base PO
RFPO-7208-V40012-1,26 Jun 2025,PO for Skylights,"Solatube International, Inc.",MACRO,PO for Skylights,Various,Various,39631.78,USD,2025,6,7208,RFPO-7208-V40012,Base PO
RFPO-6705-V40100-1,26 Jun 2025,PO for IPEX Ring Tite Pipe and GPK Fittings,HOLBROOK PIPE SUPPLY INC.,MACRO,PO for IPEX Ring Tite Pipe and GPK Fittings,Various,Various,4457.58,USD,2025,6,6705,RFPO-6705-V40100,Base PO
RFPO-6680-A5201-1,25 Jun 2025,PO for Lightweight Steel Door,Lakshmi Metal Tech LLC,MACRO,PO for Lightweight Steel Door,Architectural,Architectural,776.04,USD,2025,6,6680,RFPO-6680-A5201,Base PO
RFPO-6705-M4020-1,25 Jun 2025,"PO for One spare set (8 tires) for the 15-ton wheel excavator, model JH9150, tire model 9.00-20",Evangel International Machinery Ltd.,MVL USA JV LLC,"PO for One spare set (8 tires) for the 15-ton wheel excavator, model JH9150, tire model 9.00-20",Mechanical,Mechanical,3320.0,USD,2025,6,6705,RFPO-6705-M4020,Base PO
RFPO-6705-E6817-1,25 Jun 2025,PO for LSA-Terminal lugs for  HV Switch for Transformer,TIC LIGHT ELECTRICAL CORP,MACRO,PO for LSA-Terminal lugs for  HV Switch for Transformer,Electrical,Electrical,1272.0,USD,2025,6,6705,RFPO-6705-E6817,Base PO
RFPO-6746-M4107-1,25 Jun 2025,PO for Additional PVC fittings,Harrington Industrial Plastics LLC,MW-OCS,PO for Additional PVC fittings,Mechanical,Mechanical,338.18,USD,2025,6,6746,RFPO-6746-M4107,Base PO
RFPO-7120-S9100-1,25 Jun 2025,PO for TPI for CRAC Unit,TUV SUD MIDDLE EAST LLC,MACRO,PO for TPI for CRAC Unit,Services,Services,744.57,USD,2025,6,7120,RFPO-7120-S9100,Base PO
RFPO-1569-14361-1,24 Jun 2025,"PO for 1806 Option 2: Submit a separate application for Unit #1806, focusing solely on drawing preparation and necessary approvals",Keen Eye Technical Services LLC,MACRO,"PO for 1806 Option 2: Submit a separate application for Unit #1806, focusing solely on drawing preparation and necessary approvals",Various,Various,4084.41,USD,2025,6,1569,RFPO-1569-14361,Base PO
RFPO-6705-E6816-1,24 Jun 2025,PO for LSA and COSA -Electrical Additional Items,TIC LIGHT ELECTRICAL CORP,MACRO,PO for LSA and COSA -Electrical Additional Items,Electrical,Electrical,8610.0,USD,2025,6,6705,RFPO-6705-E6816,Base PO
RFPO-7039-V40020-1,24 Jun 2025,PO for NEW UN APPROVED - 1000 L INTERMEDIATE BULK CONTAINER (IBC),Leeds Services Co. Pte Ltd.,MVL USA JV LLC,PO for NEW UN APPROVED - 1000 L INTERMEDIATE BULK CONTAINER (IBC),Various,Various,1400.0,USD,2025,6,7039,RFPO-7039-V40020,Base PO
RFPO-7139-E6806-1,24 Jun 2025,PO for Smart Rock 3ER Wireless sensor,Giatec Scientific Inc,MACRO,PO for Smart Rock 3ER Wireless sensor,Electrical,Electrical,3430.0,USD,2025,6,7139,RFPO-7139-E6806,Base PO
RFPO-7039-V40020-2,24 Jun 2025,PO for NEW UN APPROVED - 1000 L INTERMEDIATE BULK CONTAINER (IBC),Leeds Services Co. Pte Ltd.,MVL USA JV LLC,PO for NEW UN APPROVED - 1000 L INTERMEDIATE BULK CONTAINER (IBC),Various,Various,1580.0,USD,2025,6,7039,RFPO-7039-V40020,Change Order
RFPO-7208-V40011-1,24 Jun 2025,PO for Access Doors,"Acudor Products, Inc.",MACRO,PO for Access Doors,Various,Various,6684.0,USD,2025,6,7208,RFPO-7208-V40011,Base PO
RFPO-7139-M4007-1,24 Jun 2025,PO for HULL 500 Series 500-Gallon Fuel Trailer AS PER ATTACHED QUOTATION,Hull Welding,MVL USA JV LLC,PO for HULL 500 Series 500-Gallon Fuel Trailer AS PER ATTACHED QUOTATION,Mechanical,Mechanical,17710.0,USD,2025,6,7139,RFPO-7139-M4007,Base PO
RFPO-6705-E6815-1,23 Jun 2025,PO for Panelboard for LAB,AL GHANDI SWITCHGEARS INDUSTRY,MACRO,PO for Panelboard for LAB,Electrical,Electrical,2996.74,USD,2025,6,6705,RFPO-6705-E6815,Base PO
RFPO-6705-V40097-1,23 Jun 2025,PO for COSA materials,HOME DEPOT USA,MACRO,PO for COSA materials,Various,Various,2601.8,USD,2025,6,6705,RFPO-6705-V40097,Base PO
RFPO-6705-M4019-1,23 Jun 2025,PO for Rain cover Oxford cloth + transparent pvc,"Henan XunHu Equipment Co., Ltd",MVL USA JV LLC,PO for Rain cover Oxford cloth + transparent pvc,Mechanical,Mechanical,800.0,USD,2025,6,6705,RFPO-6705-M4019,Base PO
RFPO-6705-V40098-1,23 Jun 2025,PO for HYDROTITE WATERSTOP WITH ADHESIVE,Dateline Exports Inc.,MACRO,PO for HYDROTITE WATERSTOP WITH ADHESIVE,Various,Various,10783.04,USD,2025,6,6705,RFPO-6705-V40098,Base PO
RFPO-6705-V40099-1,23 Jun 2025,5GAL WB CURE AND SEAL + SURFACE GRIP & SPECHARD INTRASEAL,"White Cap Supply Holdings, LLC",MACRO,5GAL WB CURE AND SEAL + SURFACE GRIP & SPECHARD INTRASEAL,Various,Various,843.287,USD,2025,6,6705,RFPO-6705-V40099,Base PO
RFPO-5532-M4036-1,20 Jun 2025,PO for MR-48 - Mettler Toledo Mild steel Floor Scale PFA220-EE3000 with IND231 Ref - 00005671 SI/OEM,SCALES GLOBAL TRADING LLC,MVL USA JV LLC,PO for MR-48 - Mettler Toledo Mild steel Floor Scale PFA220-EE3000 with IND231 Ref - 00005671 SI/OEM,Mechanical,Mechanical,1769.91,USD,2025,6,5532,RFPO-5532-M4036,Base PO
RFPO-6705-E6814-2,20 Jun 2025,PO for Live End Cap - TE HVES-1521D,WESCO Distribution Inc,MACRO,PO for Live End Cap - TE HVES-1521D,Electrical,Electrical,1394.22,USD,2025,6,6705,RFPO-6705-E6814,Change Order
RFPO-5532-V40077-1,19 Jun 2025,PO for Cement and Aggregates for Concrete Design Mix  - REF - QU-0653,Leeds Services Co. Pte Ltd.,MVL USA JV LLC,PO for Cement and Aggregates for Concrete Design Mix  - REF - QU-0653,Various,Various,333.14,USD,2025,6,5532,RFPO-5532-V40077,Base PO
RFPO-7039-M4101-1,18 Jun 2025,PO for CONCRETE MIXER - PME-CM400 AND POWER WASHER - 3WZ-3600JN,"Wuxi Pinnacle Mechanical Equipment Co., Ltd.",MACRO,PO for CONCRETE MIXER - PME-CM400 AND POWER WASHER - 3WZ-3600JN,Mechanical,Mechanical,3682.0,USD,2025,6,7039,RFPO-7039-M4101,Base PO
RFPO-5532-M4034-1,18 Jun 2025,PO for  Hypertherm Equipment and  Accessories - X-035 - X-048 and X-025 - AA - Jeff Lumapag,Spectrum Welding Mat. Tr. LLC,MVL USA JV LLC,PO for  Hypertherm Equipment and  Accessories - X-035 - X-048 and X-025 - AA - Jeff Lumapag,Mechanical,Mechanical,6938.05,USD,2025,6,5532,RFPO-5532-M4034,Base PO
RFPO-7139-V40025-1,18 Jun 2025,PO for SDR35 Pipes and Fittings for Sanitary Sewer,HOLBROOK PIPE SUPPLY INC.,MVL USA JV LLC,PO for SDR35 Pipes and Fittings for Sanitary Sewer,Various,Various,3286.138,USD,2025,6,7139,RFPO-7139-V40025,Base PO
RFPO-6705-E6814-1,18 Jun 2025,PO for Live End Cap - TE HVES-1521D,WESCO Distribution Inc,MACRO,PO for Live End Cap - TE HVES-1521D,Electrical,Electrical,1045.665,USD,2025,6,6705,RFPO-6705-E6814,Base PO
RFPO-6705-M4104-1,18 Jun 2025,PO for 350 Kva Dry type Transformer for Batch Plant,"Jiangsu Ryan Electric Co.,Ltd",MACRO,PO for 350 Kva Dry type Transformer for Batch Plant,Mechanical,Mechanical,15650.0,USD,2025,6,6705,RFPO-6705-M4104,Base PO
RFPO-7139-V40023-1,18 Jun 2025,PO for LSA -Water & Sewer Items,Tsang Brothers Corporation,MVL USA JV LLC,PO for LSA -Water & Sewer Items,Various,Various,33450.85,USD,2025,6,7139,RFPO-7139-V40023,Base PO
RFPO-7039-M4000-1,18 Jun 2025,PO for Miller BIG BLUE 450 DUO CST with Trailer & Accessories,Abdullah Hashim Industrial Gases & Equipment Co. Ltd.,FIRESTOP,PO for Miller BIG BLUE 450 DUO CST with Trailer & Accessories,Mechanical,Mechanical,39432.54,USD,2025,6,7039,RFPO-7039-M4000,Base PO
RFPO-6705-M4018-2,17 Jun 2025,PO For Henan Xun HU Gulf carts - Spare Parts,"Henan XunHu Equipment Co., Ltd",MVL USA JV LLC,PO For Henan Xun HU Gulf carts - Spare Parts,Mechanical,Mechanical,1498.5,USD,2025,6,6705,RFPO-6705-M4018,Change Order
RFPO-5829-A5302-1,17 Jun 2025,"PO for Free Issued - Interior Paints  - Pump House and Facility D – 1,087 sqm",SAS express BUILDING MATERIALS TRADING LLC,MACRO,"PO for Free Issued - Interior Paints  - Pump House and Facility D – 1,087 sqm",Architectural,Architectural,14654.87,USD,2025,6,5829,RFPO-5829-A5302,Base PO
RFPO-6705-E6813-1,17 Jun 2025,PO for LSA-Electrical Additional Items,TIC LIGHT ELECTRICAL CORP,MACRO,PO for LSA-Electrical Additional Items,Electrical,Electrical,10303.76,USD,2025,6,6705,RFPO-6705-E6813,Base PO
RFPO-5532-M4035-1,17 Jun 2025,PO for Elcometer Machine and Accessories,Elcometer L.L.C.,MVL USA JV LLC,PO for Elcometer Machine and Accessories,Mechanical,Mechanical,7266.98,USD,2025,6,5532,RFPO-5532-M4035,Base PO
RFPO-7139-V40024-1,17 Jun 2025,WARNING TAPE,Kelly & Hayes Electrical Industrial & Plumbing Supplies,MVL USA JV LLC,WARNING TAPE,Various,Various,753.86,USD,2025,6,7139,RFPO-7139-V40024,Base PO
RFPO-6705-V40096A-1,17 Jun 2025,PO for Circuit Breaker and Warning Tape,Kelly & Hayes Electrical Industrial & Plumbing Supplies,MACRO,PO for Circuit Breaker and Warning Tape,Various,Various,377.36,USD,2025,6,6705,RFPO-6705-V40096A,Base PO
RFPO-6705-V40094-1,16 Jun 2025,PO for Fire Extinguisher,"White Cap Supply Holdings, LLC",MACRO,PO for Fire Extinguisher,Various,Various,9610.6,USD,2025,6,6705,RFPO-6705-V40094,Base PO
RFPO-6705-M4018-1,16 Jun 2025,PO For Henan Xun HU Gulf carts - Spare Parts,"Henan XunHu Equipment Co., Ltd",MVL USA JV LLC,PO For Henan Xun HU Gulf carts - Spare Parts,Mechanical,Mechanical,2148.5,USD,2025,6,6705,RFPO-6705-M4018,Base PO
RFPO-6705-V40071-2,16 Jun 2025,PO for Scaffolding Accessories,"Rapid Scaffolding (Engineering) Co., Ltd",MVL USA JV LLC,PO for Scaffolding Accessories,Various,Various,22637.69,USD,2025,6,6705,RFPO-6705-V40071,Change Order
RFPO-6705-V40095-1,16 Jun 2025,PO for LSA-Interlocking Vinyl Tiles with Transition Strips,Carpet Masters & The Shutter Factory,MACRO,PO for LSA-Interlocking Vinyl Tiles with Transition Strips,Various,Various,56212.28,USD,2025,6,6705,RFPO-6705-V40095,Base PO
RFPO-1569-14326-1,16 Jun 2025,PO for Dubai Civil Defence (DCD) submission drawing preparation and approval service charge.,Keen Eye Technical Services LLC,MACRO,PO for Dubai Civil Defence (DCD) submission drawing preparation and approval service charge.,Various,Various,953.03,USD,2025,6,1569,RFPO-1569-14326,Base PO
RFPO-5193-V40014-1,13 Jun 2025,PO for DOOR HARDWARE SET   AL KHARJ - REF - NAFF/EXP/ADD/151020,NATIONAL FIRE FIGHTING MANUFACTURING FZCO,MACRO,PO for DOOR HARDWARE SET   AL KHARJ - REF - NAFF/EXP/ADD/151020,Various,Various,898.0,USD,2025,6,5193,RFPO-5193-V40014,Base PO
RFPO-7139-E6805-2,12 Jun 2025,"PO for Panel Boards, Distribution Boards and Main DB-LSA Facility",AL GHANDI SWITCHGEARS INDUSTRY,MACRO,"PO for Panel Boards, Distribution Boards and Main DB-LSA Facility",Electrical,Electrical,67950.01,USD,2025,6,7139,RFPO-7139-E6805,Change Order
RFPO-5532-V40073-1,12 Jun 2025,"PO for IT Materials (DIEGO GARCIA PROJECT, TASK NO.-Mancamp) - Q-X3550-R1",Extol International FZC,MACRO,"PO for IT Materials (DIEGO GARCIA PROJECT, TASK NO.-Mancamp) - Q-X3550-R1",Various,Various,23782.89,USD,2025,6,5532,RFPO-5532-V40073,Base PO
RFPO-7039-V40019A-1,12 Jun 2025,PO for Cable Rack,"Underground Devices, Inc.",MVL USA JV LLC,PO for Cable Rack,Various,Various,386978.0,USD,2025,6,7039,RFPO-7039-V40019A,Base PO
RFPO-5532-V40075-1,12 Jun 2025,PO for Used 40-Foot SOC Containers HC,Leeds Services Co. Pte Ltd.,MVL USA JV LLC,PO for Used 40-Foot SOC Containers HC,Various,Various,49950.0,USD,2025,6,5532,RFPO-5532-V40075,Base PO
RFPO-6646-S9100A-1,12 Jun 2025,PO for Electrical works,"Carswell Brothers Services, INC.","MVL USA, INC",PO for Electrical works,Services,Services,18532.0,USD,2025,6,6646,RFPO-6646-S9100A,Base PO
RFPO-6705-E6812-1,12 Jun 2025,PO for LSA-Hilti Additional Items,TIC LIGHT ELECTRICAL CORP,MACRO,PO for LSA-Hilti Additional Items,Electrical,Electrical,6069.8,USD,2025,6,6705,RFPO-6705-E6812,Base PO
RFPO-5829-E6819-1,12 Jun 2025,PO for AL FIKREE - PROCUREMENT SUPPORT -  Explosion Proof Wiring Accessories,Excel Electricity Transmission Apparatus Installation LLC,MACRO,PO for AL FIKREE - PROCUREMENT SUPPORT -  Explosion Proof Wiring Accessories,Electrical,Electrical,82488.77,USD,2025,6,5829,RFPO-5829-E6819,Base PO
RFPO-5829-E6820-1,12 Jun 2025,PO for AL FIKREE PROCUREMENT SUPPORT - Conduit Sealing Fittings and Sealing Compounds - Ref.:E2025000425,Excel Electricity Transmission Apparatus Installation LLC,MACRO,PO for AL FIKREE PROCUREMENT SUPPORT - Conduit Sealing Fittings and Sealing Compounds - Ref.:E2025000425,Electrical,Electrical,2640.1,USD,2025,6,5829,RFPO-5829-E6820,Base PO
RFPO-6705-V40092-1,11 Jun 2025,PO for WASH SAND WITH SLING BAG,"Pacific International, Inc",MACRO,PO for WASH SAND WITH SLING BAG,Various,Various,5316.0,USD,2025,6,6705,RFPO-6705-V40092,Base PO
RFPO-7414-P4800-2,11 Jun 2025,PO for Personal Protective Equipment (PPE) for projects in Lebanon,FARNAS GENERAL TRADING LLC,MACRO,PO for Personal Protective Equipment (PPE) for projects in Lebanon,Protection,Protection,755.07,USD,2025,6,7414,RFPO-7414-P4800,Change Order
RFPO-6705-V40093-1,11 Jun 2025,PO for ASTM testing for CMU masonry blocks & soil testing for Batch Plant,"Geo-Engineering & Testing, Inc",MACRO,PO for ASTM testing for CMU masonry blocks & soil testing for Batch Plant,Various,Various,2890.16,USD,2025,6,6705,RFPO-6705-V40093,Base PO
RFPO-7139-V4352-1,11 Jun 2025,PO for Appliances for Living Units,"Onmuse ( Suzhou ) Office Furniture Co.,Ltd",MACRO,PO for Appliances for Living Units,Various,Various,42500.0,USD,2025,6,7139,RFPO-7139-V4352,Base PO
RFPO-5532-V40074-1,11 Jun 2025,"PO for Drain Pipes (DIEGO GARCIA PROJECT, TASK NO.-Mancamp) - QT-4020326 REV-02",CRESCO MIDDLE EAST TRADING L.L.C,MVL USA JV LLC,"PO for Drain Pipes (DIEGO GARCIA PROJECT, TASK NO.-Mancamp) - QT-4020326 REV-02",Various,Various,3572.09,USD,2025,6,5532,RFPO-5532-V40074,Base PO
RFPO-6705-V40091-1,10 Jun 2025,"PO for PRESHIPMENT INSPECTION AS PER LIST PROVIDED - MARSHALL ISLANDS HEAVY MACHINES AND EQUIPMENTS WITH SPARE PARTS - -JFV640506, JFV640534, JFV640583, JFV569388, JFV640583",V-Trust Inspection Service Co. Ltd.,MACRO,"PO for PRESHIPMENT INSPECTION AS PER LIST PROVIDED - MARSHALL ISLANDS HEAVY MACHINES AND EQUIPMENTS WITH SPARE PARTS - -JFV640506, JFV640534, JFV640583, JFV569388, JFV640583",Various,Various,1608.0,USD,2025,6,6705,RFPO-6705-V40091,Base PO
RFPO-7139-M4005-2,10 Jun 2025,PO for TRAILER GVWR 12000 - FAW-6K-20D -,"Kaufman Trailers, LLC",MVL USA JV LLC,PO for TRAILER GVWR 12000 - FAW-6K-20D -,Mechanical,Mechanical,6720.0,USD,2025,6,7139,RFPO-7139-M4005,Change Order
RFPO-7139-E6801A-1,10 Jun 2025,PO for ATCT COSA Electrical,TIC LIGHT ELECTRICAL CORP,MVL Nepal,PO for ATCT COSA Electrical,Electrical,Electrical,69268.44,USD,2025,6,7139,RFPO-7139-E6801A,Base PO
RFPO-1569-O94-1,10 Jun 2025,"PO for Microsoft 365 GCC G5 (Governmental Community Cloud Pricing) (Invoices 111336, 110731, and 109824)",Managed Solution LLC,MACRO,"PO for Microsoft 365 GCC G5 (Governmental Community Cloud Pricing) (Invoices 111336, 110731, and 109824)",Office Assets,Office Assets,12505.07,USD,2025,6,1569,RFPO-1569-O94,Base PO
RFPO-6705-V40076-2,10 Jun 2025,PO for HDPE Corrugated Pipe and Fittings,HOLBROOK PIPE SUPPLY INC.,MVL USA JV LLC,PO for HDPE Corrugated Pipe and Fittings,Various,Various,20888.98,USD,2025,6,6705,RFPO-6705-V40076,Change Order
RFPO-7139-V40022-1,10 Jun 2025,PO for EPS39 GEOFOAM,Dateline Exports Inc.,MVL USA JV LLC,PO for EPS39 GEOFOAM,Various,Various,3603.6,USD,2025,6,7139,RFPO-7139-V40022,Base PO
RFPO-7139-V40022-2,10 Jun 2025,PO for EPS39 GEOFOAM,Dateline Exports Inc.,MVL USA JV LLC,PO for EPS39 GEOFOAM,Various,Various,3694.51,USD,2025,6,7139,RFPO-7139-V40022,Change Order
RFPO-1005-M7109-1,09 Jun 2025,PO for CLIN 0001 - FCX Solid State Frequency Converter.,OILTRAK SERVICES LLC,MICRON,PO for CLIN 0001 - FCX Solid State Frequency Converter.,Mechanical,Mechanical,1445527.94,USD,2025,6,1005,RFPO-1005-M7109,Base PO
RFPO-6542-V40036-2,04 Jun 2025,PO for Roofing Materials (Non Hazardous Items),HEELY-BROWN COMPANY,MVL USA JV LLC,PO for Roofing Materials (Non Hazardous Items),Various,Various,17360.66,USD,2025,6,6542,RFPO-6542-V40036,Change Order
RFPO-7039-V40017-1,04 Jun 2025,PO for Anchor bolts and Plumbing support,Isam Kabbani Trading LLC,MVL USA JV LLC,PO for Anchor bolts and Plumbing support,Various,Various,2347.88,USD,2025,6,7039,RFPO-7039-V40017,Base PO
RFPO-5532-V40072-1,04 Jun 2025,PO for EXHAUST FAN  HS CODE:  8414609090,"ShanDong JinDun Energy Conservation&Environmental Protection Equipment Co., Ltd.",MVL USA JV LLC,PO for EXHAUST FAN  HS CODE:  8414609090,Various,Various,2838.0,USD,2025,6,5532,RFPO-5532-V40072,Base PO
RFPO-7039-V40018-1,04 Jun 2025,PO for PULLING IRON,Crossweld Metal Trading Co.LLC,MVL USA JV LLC,PO for PULLING IRON,Various,Various,13710.08,USD,2025,6,7039,RFPO-7039-V40018,Base PO
RFPO-6705-V40090-1,04 Jun 2025,PO for COMMON NAIL,Tsang Brothers Corporation,MACRO,PO for COMMON NAIL,Various,Various,360.0,USD,2025,6,6705,RFPO-6705-V40090,Base PO
RFPO-6705-V40089-1,04 Jun 2025,PO for Spray Paint,HOME DEPOT USA,MACRO,PO for Spray Paint,Various,Various,399.9,USD,2025,6,6705,RFPO-6705-V40089,Base PO
RFPO-7139-E6805-1,04 Jun 2025,"PO for Panel Boards, Distribution Boards and Main DB-LSA Facility",AL GHANDI SWITCHGEARS INDUSTRY,MACRO,"PO for Panel Boards, Distribution Boards and Main DB-LSA Facility",Electrical,Electrical,66792.77,USD,2025,6,7139,RFPO-7139-E6805,Base PO
RFPO-7139-E6804-1,04 Jun 2025,PO for Panel Distribution Board -COSA Facility,AL GHANDI SWITCHGEARS INDUSTRY,MACRO,PO for Panel Distribution Board -COSA Facility,Electrical,Electrical,4226.11,USD,2025,6,7139,RFPO-7139-E6804,Base PO
RFPO-7139-M4006-1,04 Jun 2025,PO for AIR COMPRESSOR,"HANGZHOU CAIFULL PRECISION MACHINERY CO., LTD",MVL USA JV LLC,PO for AIR COMPRESSOR,Mechanical,Mechanical,15714.0,USD,2025,6,7139,RFPO-7139-M4006,Base PO
RFPO-7139-S9031-1,04 Jun 2025,PO for Heavy Duty Canopy with heavy-duty rope and U bolt,"Foshan LiTong FanPeng Co., LTD",MVL SOLUTIONS,PO for Heavy Duty Canopy with heavy-duty rope and U bolt,Services,Services,2522.14,USD,2025,6,7139,RFPO-7139-S9031,Base PO
RFPO-7414-P4800-1,04 Jun 2025,PO for Personal Protective Equipment (PPE) for projects in Lebanon,FARNAS GENERAL TRADING LLC,MACRO,PO for Personal Protective Equipment (PPE) for projects in Lebanon,Protection,Protection,850.37,USD,2025,6,7414,RFPO-7414-P4800,Base PO
RFPO-5829-V40031-1,04 Jun 2025,PO for Candor Procurement Support - SUPPLY OF DOWEL BARS,Unitech Di Pipes & Fittings Mfg. LLC,MVL USA JV LLC,PO for Candor Procurement Support - SUPPLY OF DOWEL BARS,Various,Various,10043.87,USD,2025,6,5829,RFPO-5829-V40031,Base PO
RFPO-7039-V40019-1,04 Jun 2025,PO for Cable Rack,"Underground Devices, Inc.",MVL USA JV LLC,PO for Cable Rack,Various,Various,305360.0,USD,2025,6,7039,RFPO-7039-V40019,Base PO
RFPO-5829-R1509-1,04 Jun 2025,PO for Nissan Sunny 1.5L SV SY2 2023 ExFleet - 3 months rental,Diamondlease LLC,FIRESTOP,PO for Nissan Sunny 1.5L SV SY2 2023 ExFleet - 3 months rental,Rental,Rental,1351.94,USD,2025,6,5829,RFPO-5829-R1509,Base PO
RFPO-5829-E6818A-1,03 Jun 2025,PO for LV Cables,Dubai Cable Company (Private) Limited,MACRO,PO for LV Cables,Electrical,Electrical,1081037.0,USD,2025,6,5829,RFPO-5829-E6818A,Base PO
RFPO-7139-M4005-1,03 Jun 2025,PO for TRAILER GVWR 12000 - FAW-6K-20D -,"Kaufman Trailers, LLC",MVL USA JV LLC,PO for TRAILER GVWR 12000 - FAW-6K-20D -,Mechanical,Mechanical,5720.0,USD,2025,6,7139,RFPO-7139-M4005,Base PO
RFPO-6746-M4106-1,03 Jun 2025,PO for Additional PVC Fittings,Harrington Industrial Plastics LLC,MW-OCS,PO for Additional PVC Fittings,Mechanical,Mechanical,3147.84,USD,2025,6,6746,RFPO-6746-M4106,Base PO
RFPO-7139-E6801-1,03 Jun 2025,PO for ATCT COSA Electrical,TIC LIGHT ELECTRICAL CORP,MACRO,PO for ATCT COSA Electrical,Electrical,Electrical,66586.69,USD,2025,6,7139,RFPO-7139-E6801,Base PO
RFPO-7139-E6803-1,03 Jun 2025,PO for Live End Seal - TE HVES-1521D,WESCO Distribution Inc,MACRO,PO for Live End Seal - TE HVES-1521D,Electrical,Electrical,3136.995,USD,2025,6,7139,RFPO-7139-E6803,Base PO
RFPO-7039-V40011-2,02 Jun 2025,PO for Fire Extinguishers,Leeds Services Co. Pte Ltd.,MACRO,PO for Fire Extinguishers,Various,Various,2560.0,USD,2025,6,7039,RFPO-7039-V40011,Change Order
RFPO-6852-V40025-1,02 Jun 2025,PO for Fuel Impermeable Liner,Arabian Environmental Construction Company (AEC),MVL USA JV LLC,PO for Fuel Impermeable Liner,Various,Various,28857.0,USD,2025,6,6852,RFPO-6852-V40025,Base PO
RFPO-6852-V40026-1,02 Jun 2025,PO for Tech Rep & Site Supervisor for installation support,Arabian Environmental Construction Company (AEC),MVL USA JV LLC,PO for Tech Rep & Site Supervisor for installation support,Various,Various,53000.0,USD,2025,6,6852,RFPO-6852-V40026,Base PO
RFPO-5532-V40066-1,29 May 2025,PO for Aggregates and Cement - June Vessel,Leeds Services Co. Pte Ltd.,MACRO,PO for Aggregates and Cement - June Vessel,Various,Various,154050.0,USD,2025,5,5532,RFPO-5532-V40066,Base PO
RFPO-5532-V40071-1,29 May 2025,PO for Additional laboratory tools (for Concrete Laboratory),Humboldt Mfg Co,MVL USA JV LLC,PO for Additional laboratory tools (for Concrete Laboratory),Various,Various,60581.75,USD,2025,5,5532,RFPO-5532-V40071,Base PO
RFPO-5695-V40017-1,29 May 2025,PO for Hardware,POWERFIT INDUSTRIAL PTE LTD,MVL USA JV LLC,PO for Hardware,Various,Various,15579.15,USD,2025,5,5695,RFPO-5695-V40017,Base PO
RFPO-7039-E6806-1,29 May 2025,PO for Grounding and Pullrope,WESCO Distribution Inc,MACRO,PO for Grounding and Pullrope,Electrical,Electrical,98527.97,USD,2025,5,7039,RFPO-7039-E6806,Base PO
RFPO-6705-V40087-1,29 May 2025,PO for  COSA roofing materials,HOME DEPOT USA,MACRO,PO for  COSA roofing materials,Various,Various,1378.1,USD,2025,5,6705,RFPO-6705-V40087,Base PO
RFPO-6705-V40086-1,29 May 2025,PO for RSC Conduits and Fittings,Kelly & Hayes Electrical Industrial & Plumbing Supplies,MACRO,PO for RSC Conduits and Fittings,Various,Various,18825.96,USD,2025,5,6705,RFPO-6705-V40086,Base PO
RFPO-6705-V40088-1,29 May 2025,PO for PVC DWV pipe and Fittings for Sanitary & Storm Water under SOG,American International Supply Inc.,MACRO,PO for PVC DWV pipe and Fittings for Sanitary & Storm Water under SOG,Various,Various,22460.08,USD,2025,5,6705,RFPO-6705-V40088,Base PO
RFPO-7208-M4102-1,29 May 2025,PO for Ball Valve,Morex Inc.,MACRO,PO for Ball Valve,Mechanical,Mechanical,1012.36,USD,2025,5,7208,RFPO-7208-M4102,Base PO
RFPO-7039-V40016-1,28 May 2025,PO for Anchor bolts,Fastener Point LLC,MACRO,PO for Anchor bolts,Various,Various,1482.97,USD,2025,5,7039,RFPO-7039-V40016,Base PO
RFPO-7039-E6805-1,27 May 2025,PO for Spacers(Telecom),Bahra Advanced Cable Manufacture Co. Ltd.,MACRO,PO for Spacers(Telecom),Electrical,Electrical,37286.67,USD,2025,5,7039,RFPO-7039-E6805,Base PO
RFPO-5532-V40067A-1,26 May 2025,PO for Electrical Materials,Kelly & Hayes Electrical Industrial & Plumbing Supplies,MVL USA JV LLC,PO for Electrical Materials,Various,Various,6776.7955,USD,2025,5,5532,RFPO-5532-V40067A,Base PO
RFPO-5581-A5202-1,26 May 2025,PO for Non tempered Glass,Lakshmi Metal Tech LLC,MACRO,PO for Non tempered Glass,Architectural,Architectural,626.28,USD,2025,5,5581,RFPO-5581-A5202,Base PO
RFPO-7044-E6800-1,26 May 2025,PO for Panel Board,Benfield Electric International Ltd.,MACRO,PO for Panel Board,Electrical,Electrical,10468.0,USD,2025,5,7044,RFPO-7044-E6800,Base PO
RFPO-7208-V40009-1,26 May 2025,PO for Ground  Items,Extol International FZC,MACRO,PO for Ground  Items,Various,Various,284.28,USD,2025,5,7208,RFPO-7208-V40009,Base PO
RFPO-7208-V40010-1,26 May 2025,PO for Electrical Materials,Kelly & Hayes Electrical Industrial & Plumbing Supplies,MACRO,PO for Electrical Materials,Various,Various,46743.76,USD,2025,5,7208,RFPO-7208-V40010,Base PO
RFPO-1569-14069-2,24 May 2025,"PO for FITOUT -  MVL OFFICE 1804, 1805, 1806 and 1807",Keen Eye Technical Services LLC,MACRO,"PO for FITOUT -  MVL OFFICE 1804, 1805, 1806 and 1807",Various,Various,30841.39,USD,2025,5,1569,RFPO-1569-14069,Change Order
RFPO-7039-V40013-2,22 May 2025,PO for Pad Mounted Transformer,Larson Electronics LLC,MACRO,PO for Pad Mounted Transformer,Various,Various,96651.74,USD,2025,5,7039,RFPO-7039-V40013,Change Order
RFPO-6705-V40084-1,22 May 2025,Harger Ground Rod and Accessories,Kelly & Hayes Electrical Industrial & Plumbing Supplies,MACRO,Harger Ground Rod and Accessories,Various,Various,2236.48,USD,2025,5,6705,RFPO-6705-V40084,Base PO
RFPO-7139-V40020-1,22 May 2025,PO for Office Furniture - ATCT LSA,Al Seham Furniture LLC,MVL USA JV LLC,PO for Office Furniture - ATCT LSA,Various,Various,19793.6,USD,2025,5,7139,RFPO-7139-V40020,Base PO
RFPO-7073-V40007-1,22 May 2025,PO for Bolts and Nuts,Fastener Point LLC,MVL Greece,PO for Bolts and Nuts,Various,Various,2518.57,USD,2025,5,7073,RFPO-7073-V40007,Base PO
RFPO-7139-V40021-1,22 May 2025,3.5GAL TRI-POXY COATED STEEL CONCRETE SPRAYER,"White Cap Supply Holdings, LLC",MVL USA JV LLC,3.5GAL TRI-POXY COATED STEEL CONCRETE SPRAYER,Various,Various,414.24,USD,2025,5,7139,RFPO-7139-V40021,Base PO
RFPO-7039-V40015-1,22 May 2025,PO for Concrete Mix - Design & Testing,Element Construction Testing (S) Pte. Ltd.,MACRO,PO for Concrete Mix - Design & Testing,Various,Various,57332.09,USD,2025,5,7039,RFPO-7039-V40015,Base PO
RFPO-5695-V40016-1,22 May 2025,PO for Pulley for Wiresaw Machine,"Zhengzhou Yugong Construction Machinery Co., Ltd.",MACRO,PO for Pulley for Wiresaw Machine,Various,Various,973.0,USD,2025,5,5695,RFPO-5695-V40016,Base PO
RFPO-6705-V40085-1,22 May 2025,PO for Gray Iron Cover and Frame,INDIGO PIPING SYSTEMS,MACRO,PO for Gray Iron Cover and Frame,Various,Various,1218.44,USD,2025,5,6705,RFPO-6705-V40085,Base PO
RFPO-7208-M4101-1,21 May 2025,PO for PVC pipes and fittings,Harrington Industrial Plastics LLC,MACRO,PO for PVC pipes and fittings,Mechanical,Mechanical,787.2,USD,2025,5,7208,RFPO-7208-M4101,Base PO
RFPO-7039-E6802B-1,21 May 2025,PO for MV CABLES,Oman Cables Industry (SAOG),MACRO,PO for MV CABLES,Electrical,Electrical,1781949.568,USD,2025,5,7039,RFPO-7039-E6802B,Base PO
RFPO-7039-V40014-1,21 May 2025,PO for PVC Pipes & Fittings - for Telecom,National Plastic & Building Material Industries LLC,MACRO,PO for PVC Pipes & Fittings - for Telecom,Various,Various,146259.77,USD,2025,5,7039,RFPO-7039-V40014,Base PO
RFPO-7039-E6804-1,21 May 2025,PO for Conduit Sealant and Tool,WESCO Distribution Inc,MACRO,PO for Conduit Sealant and Tool,Electrical,Electrical,23794.81,USD,2025,5,7039,RFPO-7039-E6804,Base PO
RFPO-6718-V40026-1,21 May 2025,PO for Primer for external use on CS pipes,The Sherwin-Williams Company,MVL USA JV LLC,PO for Primer for external use on CS pipes,Various,Various,1009.52,USD,2025,5,6718,RFPO-6718-V40026,Base PO
RFPO-6705-V40083-1,20 May 2025,PO for Vinyl Tile for Medical Clinic Concrete Laboratory,Builders Choice,MACRO,PO for Vinyl Tile for Medical Clinic Concrete Laboratory,Various,Various,5613.0,USD,2025,5,6705,RFPO-6705-V40083,Base PO
RFPO-6718-S9104-1,20 May 2025,PO for Concrete Supply & Material Testing,BLACK CONSTRUCTION CORPORATION,"MVL USA, INC",PO for Concrete Supply & Material Testing,Services,Services,126766.3,USD,2025,5,6718,RFPO-6718-S9104,Base PO
RFPO-7073-V40006-1,19 May 2025,PO for Exterior Metal Ladders,SkyHigh Ladders & Guardrails Inc.,MACRO,PO for Exterior Metal Ladders,Various,Various,22061.0,USD,2025,5,7073,RFPO-7073-V40006,Base PO
RFPO-7208-V40008-1,19 May 2025,PO for Sika Anchor fix 3001,Leeds Services Co. Pte Ltd.,MACRO,PO for Sika Anchor fix 3001,Various,Various,4175.0,USD,2025,5,7208,RFPO-7208-V40008,Base PO
RFPO-7098-E6802-1,19 May 2025,PO for Taxiway Lighting,"Cooper Crouse-Hinds, LLC",MACRO,PO for Taxiway Lighting,Electrical,Electrical,141409.57,USD,2025,5,7098,RFPO-7098-E6802,Base PO
RFPO-6705-E6806-2,15 May 2025,PO for LSA-Electrical Items,WESCO Distribution Inc,MACRO,PO for LSA-Electrical Items,Electrical,Electrical,194759.24,USD,2025,5,6705,RFPO-6705-E6806,Change Order
RFPO-7039-V40010-1,15 May 2025,PO for Manhole Frames and Covers,Unitech Di Pipes & Fittings Mfg. LLC,MACRO,PO for Manhole Frames and Covers,Various,Various,65800.32,USD,2025,5,7039,RFPO-7039-V40010,Base PO
RFPO-7139-V40019-1,14 May 2025,PO for Epoxy Coated Rebar,Nucor Rebar Fabrication,MVL USA JV LLC,PO for Epoxy Coated Rebar,Various,Various,143074.0,USD,2025,5,7139,RFPO-7139-V40019,Base PO
RFPO-6705-V40082-1,14 May 2025,MarMac Butyl Sealant,Dateline Exports Inc.,MACRO,MarMac Butyl Sealant,Various,Various,703.12,USD,2025,5,6705,RFPO-6705-V40082,Base PO
RFPO-7139-V40018-1,14 May 2025,PO for Stego Wrap,"STEGO INDUSTRIES, LLC",MVL USA JV LLC,PO for Stego Wrap,Various,Various,8640.0,USD,2025,5,7139,RFPO-7139-V40018,Base PO
RFPO-6705-V40080-1,14 May 2025,PO for W R MEADOWS EXPANSION JOINT,Dateline Exports Inc.,MACRO,PO for W R MEADOWS EXPANSION JOINT,Various,Various,11924.25,USD,2025,5,6705,RFPO-6705-V40080,Base PO
RFPO-6542-V40038-1,14 May 2025,PO for Roofing Materials (Hazardous),HEELY-BROWN COMPANY,MVL USA JV LLC,PO for Roofing Materials (Hazardous),Various,Various,13660.62,USD,2025,5,6542,RFPO-6542-V40038,Base PO
RFPO-6705-V40081-1,14 May 2025,PO for 1585-01 Non-Shrink Grout,The Quikrete Companies,MACRO,PO for 1585-01 Non-Shrink Grout,Various,Various,787.88,USD,2025,5,6705,RFPO-6705-V40081,Base PO
RFPO-5532-V40065-1,14 May 2025,PO for SS Drains,Leeds Services Co. Pte Ltd.,MVL USA JV LLC,PO for SS Drains,Various,Various,485.0,USD,2025,5,5532,RFPO-5532-V40065,Base PO
RFPO-6705-E6811-1,13 May 2025,PO for LSA-Electrical Additional Items,TIC LIGHT ELECTRICAL CORP,MVL Nepal,PO for LSA-Electrical Additional Items,Electrical,Electrical,50693.25,USD,2025,5,6705,RFPO-6705-E6811,Base PO
RFPO-6705-V40079-1,13 May 2025,Core fill Grout,The Quikrete Companies,MACRO,Core fill Grout,Various,Various,71765.9,USD,2025,5,6705,RFPO-6705-V40079,Base PO
RFPO-6841-V40017-1,12 May 2025,PO for Conduit & coupler,AL BAHRI AND AL MAZROEY TRADING COMPANY - L.L.C,MVL USA JV LLC,PO for Conduit & coupler,Various,Various,6493.15,USD,2025,5,6841,RFPO-6841-V40017,Base PO
RFPO-6705-E6808B-1,12 May 2025,"PO for EMT Conduits & Fittings, Wires, tools etc. - COSA",TIC LIGHT ELECTRICAL CORP,MACRO,"PO for EMT Conduits & Fittings, Wires, tools etc. - COSA",Electrical,Electrical,63913.311,USD,2025,5,6705,RFPO-6705-E6808B,Base PO
RFPO-6705-V40076-1,12 May 2025,PO for HDPE Corrugated Pipe and Fittings,HOLBROOK PIPE SUPPLY INC.,MVL USA JV LLC,PO for HDPE Corrugated Pipe and Fittings,Various,Various,20770.5396,USD,2025,5,6705,RFPO-6705-V40076,Base PO
RFPO-7073-V40005-1,12 May 2025,PO for Guardrail System,SkyHigh Ladders & Guardrails Inc.,MVL Greece,PO for Guardrail System,Various,Various,21065.0,USD,2025,5,7073,RFPO-7073-V40005,Base PO
RFPO-7208-V40007-1,12 May 2025,PO for Conduit Supports (fort Electrical),Matco Industries LLC,MVL Greece,PO for Conduit Supports (fort Electrical),Various,Various,17593.46,USD,2025,5,7208,RFPO-7208-V40007,Base PO
RFPO-6705-V40078-1,12 May 2025,NEMA-4X Junction Box and Warning Tape,Kelly & Hayes Electrical Industrial & Plumbing Supplies,MACRO,NEMA-4X Junction Box and Warning Tape,Various,Various,2146.25,USD,2025,5,6705,RFPO-6705-V40078,Base PO
RFPO-6746-V40024-2,09 May 2025,PO for Backer Rods,Leeds Services Co. Pte Ltd.,MVL USA JV LLC,PO for Backer Rods,Various,Various,655.0,USD,2025,5,6746,RFPO-6746-V40024,Change Order
RFPO-6542-V40035-1,09 May 2025,PO for Greenheck Digital wall timer switch.,INTEGRATED CONTRACTING SUPPLIERS,MACRO,PO for Greenheck Digital wall timer switch.,Various,Various,345.0,USD,2025,5,6542,RFPO-6542-V40035,Base PO
RFPO-7044-V40001-1,09 May 2025,PO for Electrical Materials,Kelly & Hayes Electrical Industrial & Plumbing Supplies,MACRO,PO for Electrical Materials,Various,Various,1226.82,USD,2025,5,7044,RFPO-7044-V40001,Base PO
RFPO-7139-M4004-1,08 May 2025,PO for ATCT -Concrete Buckets for Crane,Bigfoot Crane Company USA Inc,MVL USA JV LLC,PO for ATCT -Concrete Buckets for Crane,Mechanical,Mechanical,15820.02,USD,2025,5,7139,RFPO-7139-M4004,Base PO
RFPO-6705-V40075-1,08 May 2025,"PO for Admixtures, Aggregates & Cements",SMITHBRIDGE GUAM,MVL USA JV LLC,"PO for Admixtures, Aggregates & Cements",Various,Various,375468.128,USD,2025,5,6705,RFPO-6705-V40075,Base PO
RFPO-6705-E6806-1,08 May 2025,PO for LSA-Electrical Items,WESCO Distribution Inc,MACRO,PO for LSA-Electrical Items,Electrical,Electrical,194756.58,USD,2025,5,6705,RFPO-6705-E6806,Base PO
RFPO-7139-V40017-1,08 May 2025,PO for Traffic Sign Boards,Dateline Exports Inc.,MVL USA JV LLC,PO for Traffic Sign Boards,Various,Various,5987.65,USD,2025,5,7139,RFPO-7139-V40017,Base PO
RFPO-7039-V40008-1,08 May 2025,PO for PVC Pipes & Fittings (2nd Lot),National Plastic & Building Material Industries LLC,MACRO,PO for PVC Pipes & Fittings (2nd Lot),Various,Various,255779.52,USD,2025,5,7039,RFPO-7039-V40008,Base PO
RFPO-6746-V40025-1,08 May 2025,PO for Plumbing Fittings,Puget Sound Pipe & Supply,MVL USA JV LLC,PO for Plumbing Fittings,Various,Various,576.99,USD,2025,5,6746,RFPO-6746-V40025,Base PO
RFPO-6705-V40073-1,07 May 2025,PO for COSA Electrical PVC mouldings,HOME DEPOT USA,MACRO,PO for COSA Electrical PVC mouldings,Various,Various,2344.44,USD,2025,5,6705,RFPO-6705-V40073,Base PO
RFPO-6705-V40074A-1,07 May 2025,PO for COSA-Concrete Lab materials,HOME DEPOT USA,MACRO,PO for COSA-Concrete Lab materials,Various,Various,25042.76,USD,2025,5,6705,RFPO-6705-V40074A,Base PO
RFPO-6705-V40066A-1,07 May 2025,"PO for CMU Blocks, Mortar & Admixture for Mortar","Angelus Block CO.,INC.",MACRO,"PO for CMU Blocks, Mortar & Admixture for Mortar",Various,Various,130616.997,USD,2025,5,6705,RFPO-6705-V40066A,Base PO
RFPO-6746-V40023-1,07 May 2025,PO for Joint Sealants and Primer,"White Cap Supply Holdings, LLC",MVL USA JV LLC,PO for Joint Sealants and Primer,Various,Various,3479.49,USD,2025,5,6746,RFPO-6746-V40023,Base PO
RFPO-6705-E6808A-1,06 May 2025,"PO for EMT Conduits & Fittings, Wires, tools etc. - COSA",TIC LIGHT ELECTRICAL CORP,MACRO,"PO for EMT Conduits & Fittings, Wires, tools etc. - COSA",Electrical,Electrical,70464.411,USD,2025,5,6705,RFPO-6705-E6808A,Base PO
RFPO-6705-E6810-1,06 May 2025,"PO for COSA-PVC Schd. 80 , Fittings, Consumables & Tools",TIC LIGHT ELECTRICAL CORP,MACRO,"PO for COSA-PVC Schd. 80 , Fittings, Consumables & Tools",Electrical,Electrical,15187.46,USD,2025,5,6705,RFPO-6705-E6810,Base PO
RFPO-7139-V40016-1,06 May 2025,Preparation of Detailed shop drawing along with BBS,Nucor Rebar Fabrication,MACRO,Preparation of Detailed shop drawing along with BBS,Various,Various,30935.0,USD,2025,5,7139,RFPO-7139-V40016,Base PO
RFPO-6705-V40072-1,05 May 2025,PO for ELEC PULLING TOOLS,MONJE,MVL USA JV LLC,PO for ELEC PULLING TOOLS,Various,Various,8457.38,USD,2025,5,6705,RFPO-6705-V40072,Base PO
RFPO-7139-V40015-1,05 May 2025,PO for ATCT-Steel Plates,Tsang Brothers Corporation,MACRO,PO for ATCT-Steel Plates,Various,Various,5290.0,USD,2025,5,7139,RFPO-7139-V40015,Base PO
RFPO-7212-V40001-1,05 May 2025,PO for Exhaust Fans,INTEGRATED CONTRACTING SUPPLIERS,MACRO,PO for Exhaust Fans,Various,Various,20761.48,USD,2025,5,7212,RFPO-7212-V40001,Base PO
RFPO-6705-E6809-1,05 May 2025,PO for Fireproof Tape and Pull Line,TIC LIGHT ELECTRICAL CORP,MACRO,PO for Fireproof Tape and Pull Line,Electrical,Electrical,8893.7,USD,2025,5,6705,RFPO-6705-E6809,Base PO
RFPO-7039-E6802A-1,05 May 2025,PO for MV CABLES,Oman Cables Industry (SAOG),MACRO,PO for MV CABLES,Electrical,Electrical,1963585.76,USD,2025,5,7039,RFPO-7039-E6802A,Base PO
RFPO-7027-V40008-1,05 May 2025,PO for Hangers & Supports (for Electrical),Isam Kabbani Trading LLC,MACRO,PO for Hangers & Supports (for Electrical),Various,Various,13279.97,USD,2025,5,7027,RFPO-7027-V40008,Base PO
RFPO-7098-E6801-1,02 May 2025,PO for Conduits and Grounding,WESCO Distribution Inc,MACRO,PO for Conduits and Grounding,Electrical,Electrical,12291.36,USD,2025,5,7098,RFPO-7098-E6801,Base PO
RFPO-7098-E6800-1,01 May 2025,PO for Cables,Oman Cables Industry (SAOG),MACRO,PO for Cables,Electrical,Electrical,6120.72,USD,2025,5,7098,RFPO-7098-E6800,Base PO
RFPO-5532-V40064-1,01 May 2025,PO for BUSHING ITCC RB1075,Extol International FZC,MVL USA JV LLC,PO for BUSHING ITCC RB1075,Various,Various,60.45,USD,2025,5,5532,RFPO-5532-V40064,Base PO
RFPO-6746-E6801-1,01 May 2025,PO for LB fitting,Benfield Electric International Ltd.,MACRO,PO for LB fitting,Electrical,Electrical,507.8,USD,2025,5,6746,RFPO-6746-E6801,Base PO
RFPO-7039-S9100-1,01 May 2025,PO for Third Party Inspection of Galvanized rebar,TUV SUD MIDDLE EAST LLC,MACRO,PO for Third Party Inspection of Galvanized rebar,Services,Services,140.0,USD,2025,5,7039,RFPO-7039-S9100,Base PO
RFPO-1005-S9107-1,01 May 2025,PO for Third Party Inspection of Epoxy rebar,TUV SUD MIDDLE EAST LLC,MICRON,PO for Third Party Inspection of Epoxy rebar,Services,Services,140.0,USD,2025,5,1005,RFPO-1005-S9107,Base PO
RFPO-1569-O93-1,01 May 2025,PO for Office 1803 (operational):Electrical and Data points: 12 Removing current all electrical data points Re-termination of power points and data points Fixing electrical & data points under thetabl,Kyoto Technologies,MACRO,PO for Office 1803 (operational):Electrical and Data points: 12 Removing current all electrical data points Re-termination of power points and data points Fixing electrical & data points under thetabl,Office Assets,Office Assets,16337.64,USD,2025,5,1569,RFPO-1569-O93,Base PO
RFPO-7073-V40004-1,01 May 2025,PO for Level Sight Indicator,FILPRO SENSORS PVT.LTD,MACRO,PO for Level Sight Indicator,Various,Various,3159.0,USD,2025,5,7073,RFPO-7073-V40004,Base PO
RFPO-7039-E6803-1,01 May 2025,PO for Pad Mounted Switchgear,Eaton FZE,MACRO,PO for Pad Mounted Switchgear,Electrical,Electrical,815661.81,USD,2025,5,7039,RFPO-7039-E6803,Base PO
RFPO-5829-E6818-1,30 Apr 2025,PO for LV Cables,Dubai Cable Company (Private) Limited,MACRO,PO for LV Cables,Electrical,Electrical,1046880.7,USD,2025,4,5829,RFPO-5829-E6818,Base PO
RFPO-7139-V40014-1,29 Apr 2025,PO for Hilti Tools & Accessories,TOOLS PLUS,MACRO,PO for Hilti Tools & Accessories,Various,Various,12264.88,USD,2025,4,7139,RFPO-7139-V40014,Base PO
RFPO-5532-M4032-1,29 Apr 2025,PO for Leg Cylinder Seal. PART # 860568548 for XCMG Truck Mounted Crane.,Evangel International Machinery Ltd.,MVL USA JV LLC,PO for Leg Cylinder Seal. PART # 860568548 for XCMG Truck Mounted Crane.,Mechanical,Mechanical,325.0,USD,2025,4,5532,RFPO-5532-M4032,Base PO
RFPO-6705-V40071-1,29 Apr 2025,PO for Scaffolding Accessories,"Rapid Scaffolding (Engineering) Co., Ltd",MVL USA JV LLC,PO for Scaffolding Accessories,Various,Various,22637.69,USD,2025,4,6705,RFPO-6705-V40071,Base PO
RFPO-1569-V4268-1,28 Apr 2025,PO for SUPPLY AND INSTALLATION OF OFFICE FURNITURES 1804 1805 and 1807,BLUE CROWN FURNITURE (LLC),MVL VENTURES,PO for SUPPLY AND INSTALLATION OF OFFICE FURNITURES 1804 1805 and 1807,Various,Various,34853.64,USD,2025,4,1569,RFPO-1569-V4268,Base PO
RFPO-1569-V4269-1,28 Apr 2025,PO for SUPPLY AND INSTALLATION 1804-1805 LOUNGE AREA,BLUE CROWN FURNITURE (LLC),MACRO,PO for SUPPLY AND INSTALLATION 1804-1805 LOUNGE AREA,Various,Various,7219.88,USD,2025,4,1569,RFPO-1569-V4269,Base PO
RFPO-7073-V40003-1,28 Apr 2025,PO for Screen Mesh,"Scott & From Co., Inc.",MACRO,PO for Screen Mesh,Various,Various,266.0,USD,2025,4,7073,RFPO-7073-V40003,Base PO
RFPO-7208-V40005-1,28 Apr 2025,PO for GI WELDED MESH,Crossweld Metal Trading Co.LLC,MVL Greece,PO for GI WELDED MESH,Various,Various,495.03,USD,2025,4,7208,RFPO-7208-V40005,Base PO
RFPO-6705-M4017-1,28 Apr 2025,PO for Concrete-Grout pump with Accessories,"Zhengzhou Hengyou Machinery Manufacturing Co.,Ltd",MVL USA JV LLC,PO for Concrete-Grout pump with Accessories,Mechanical,Mechanical,13238.0,USD,2025,4,6705,RFPO-6705-M4017,Base PO
RFPO-1005-V4490-2,28 Apr 2025,PO for Containers,FOSHAN SOEASY MODULAR HOUSING CO LTD,MICRON,PO for Containers,Various,Various,67450.0,USD,2025,4,1005,RFPO-1005-V4490,Change Order
RFPO-6952-V40020-1,28 Apr 2025,PO for Hangers and Supports,Extol International FZC,MVL USA JV LLC,PO for Hangers and Supports,Various,Various,3995.1,USD,2025,4,6952,RFPO-6952-V40020,Base PO
RFPO-7044-V40000-1,28 Apr 2025,PO for Hangers and Support,Kelly & Hayes Electrical Industrial & Plumbing Supplies,MACRO,PO for Hangers and Support,Various,Various,1668.68,USD,2025,4,7044,RFPO-7044-V40000,Base PO
RFPO-7208-V40006-1,28 Apr 2025,PO for WIRE MESH,Dateline Exports Inc.,MACRO,PO for WIRE MESH,Various,Various,565.1,USD,2025,4,7208,RFPO-7208-V40006,Base PO
RFPO-6841-V40016-1,25 Apr 2025,PO for Conduit Supports (for Electrical),Matco Industries LLC,MACRO,PO for Conduit Supports (for Electrical),Various,Various,5794.42,USD,2025,4,6841,RFPO-6841-V40016,Base PO
RFPO-1569-O91-1,25 Apr 2025,PO for ZIA Transformation Edition SKU - ZIATFORMEDITION,Raqmiyat L.L.C.,MACRO,PO for ZIA Transformation Edition SKU - ZIATFORMEDITION,Office Assets,Office Assets,30339.73,USD,2025,4,1569,RFPO-1569-O91,Base PO
RFPO-6705-V40066-1,24 Apr 2025,"PO for CMU Blocks, Mortar & Admixture for Mortar","Angelus Block CO.,INC.",MACRO,"PO for CMU Blocks, Mortar & Admixture for Mortar",Various,Various,120136.227,USD,2025,4,6705,RFPO-6705-V40066,Base PO
RFPO-6705-V40069-1,24 Apr 2025,PO for Chain Link Fence,Ultimate Fence Industries,MVL USA JV LLC,PO for Chain Link Fence,Various,Various,12743.64,USD,2025,4,6705,RFPO-6705-V40069,Base PO
RFPO-6705-V40070-1,24 Apr 2025,PO for Quickrete- Cement & Sand,LOWES,MVL USA JV LLC,PO for Quickrete- Cement & Sand,Various,Various,3318.25,USD,2025,4,6705,RFPO-6705-V40070,Base PO
RFPO-5503-A5202-1,24 Apr 2025,PO for FREE ISSUED -  ALUMINIUM WINDOWS W2 - AS PER APPROVED DOCUMENTS,SALZER GmbH,MACRO,PO for FREE ISSUED -  ALUMINIUM WINDOWS W2 - AS PER APPROVED DOCUMENTS,Architectural,Architectural,22713.04,USD,2025,4,5503,RFPO-5503-A5202,Base PO
RFPO-5532-V40063-1,23 Apr 2025,PO for Plug for Bushing ITCC RBI075 and Plug for Exhaust Fan  3-Pin 15A 125V Plug,Extol International FZC,MVL USA JV LLC,PO for Plug for Bushing ITCC RBI075 and Plug for Exhaust Fan  3-Pin 15A 125V Plug,Various,Various,720.76,USD,2025,4,5532,RFPO-5532-V40063,Base PO
RFPO-6705-V40063-3,23 Apr 2025,PO for Misc Items for LSA Medical,HOME DEPOT USA,MVL USA JV LLC,PO for Misc Items for LSA Medical,Various,Various,8389.12,USD,2025,4,6705,RFPO-6705-V40063,Change Order
RFPO-7208-V40004-1,23 Apr 2025,PO for Caulking Gun for 600ml Cartridge of Sika Anchor fix 3001,Leeds Services Co. Pte Ltd.,MACRO,PO for Caulking Gun for 600ml Cartridge of Sika Anchor fix 3001,Various,Various,1911.0,USD,2025,4,7208,RFPO-7208-V40004,Base PO
RFPO-6705-V40057A-2,22 Apr 2025,PO for SIMPSON HANGERS,Dateline Exports Inc.,MACRO,PO for SIMPSON HANGERS,Various,Various,278.07,USD,2025,4,6705,RFPO-6705-V40057A,Change Order
RFPO-1569-14069-1,22 Apr 2025,"PO for Drawing Preparation, Preliminary & Approval",Keen Eye Technical Services LLC,MACRO,"PO for Drawing Preparation, Preliminary & Approval",Various,Various,28863.17,USD,2025,4,1569,RFPO-1569-14069,Base PO
RFPO-6705-V40068-1,22 Apr 2025,PO for LSA-Misc Pipe Utilities,Tsang Brothers Corporation,MVL USA JV LLC,PO for LSA-Misc Pipe Utilities,Various,Various,19578.78,USD,2025,4,6705,RFPO-6705-V40068,Base PO
RFPO-5829-V40030-1,21 Apr 2025,PO for PRECAST MANHOLE AS PER APPROVED QUOTATION CM/Q/021/0425/bp,Baniyas Concrete Products L.L.C.,MVL USA JV LLC,PO for PRECAST MANHOLE AS PER APPROVED QUOTATION CM/Q/021/0425/bp,Various,Various,32375.77,USD,2025,4,5829,RFPO-5829-V40030,Base PO
RFPO-6705-V40065-1,21 Apr 2025,PO for COSA And LSA Flooring Package,Dateline Exports Inc.,MVL USA JV LLC,PO for COSA And LSA Flooring Package,Various,Various,52203.46,USD,2025,4,6705,RFPO-6705-V40065,Base PO
RFPO-1569-O88-1,21 Apr 2025,PO for250 units Adv Backup Microsoft 365 Backup - 2025,RivYv Technologies,MACRO,PO for250 units Adv Backup Microsoft 365 Backup - 2025,Office Assets,Office Assets,8800.0,USD,2025,4,1569,RFPO-1569-O88,Base PO
RFPO-1569-O89-1,21 Apr 2025,PO for 250 units of Acronis Cyber Protect Cloud - 2025,RivYv Technologies,MACRO,PO for 250 units of Acronis Cyber Protect Cloud - 2025,Office Assets,Office Assets,6462.5,USD,2025,4,1569,RFPO-1569-O89,Base PO
RFPO-1569-O90-1,21 Apr 2025,PO for RiB Candy iTWO Annual Subscription - Lebanon Office,RivYv Technologies,MACRO,PO for RiB Candy iTWO Annual Subscription - Lebanon Office,Office Assets,Office Assets,2270.0,USD,2025,4,1569,RFPO-1569-O90,Base PO
RFPO-6705-E6807-1,21 Apr 2025,PO for Panel Boards-COSA Facility,AL GHANDI SWITCHGEARS INDUSTRY,MACRO,PO for Panel Boards-COSA Facility,Electrical,Electrical,11786.51,USD,2025,4,6705,RFPO-6705-E6807,Base PO
RFPO-6718-V40021-1,21 Apr 2025,"PO for SS Nut, Washer & Sheet",Fastener Point LLC,MVL USA JV LLC,"PO for SS Nut, Washer & Sheet",Various,Various,3175.49,USD,2025,4,6718,RFPO-6718-V40021,Base PO
RFPO-6841-E6802-1,21 Apr 2025,PO for Connector,WESCO Distribution Inc,MACRO,PO for Connector,Electrical,Electrical,906.75,USD,2025,4,6841,RFPO-6841-E6802,Base PO
RFPO-6718-V40022-1,21 Apr 2025,PO for Spectacle Blinds,APP Manufacturing,MVL USA JV LLC,PO for Spectacle Blinds,Various,Various,4044.03,USD,2025,4,6718,RFPO-6718-V40022,Base PO
RFPO-6718-V40023-1,21 Apr 2025,PO for Gaskets,"Smith International Gulf Services, LLC",MVL USA JV LLC,PO for Gaskets,Various,Various,1592.92,USD,2025,4,6718,RFPO-6718-V40023,Base PO
RFPO-6718-V40024-1,21 Apr 2025,PO for CS Pipes & Fittings,Technopro Middle East FZCO,MVL USA JV LLC,PO for CS Pipes & Fittings,Various,Various,1313.4,USD,2025,4,6718,RFPO-6718-V40024,Base PO
RFPO-6718-V40025-1,21 Apr 2025,PO for Internal Coating of CS Pipes & fittings,Hilong Petroleum Pipe Co. LLC,MVL USA JV LLC,PO for Internal Coating of CS Pipes & fittings,Various,Various,1802.0,USD,2025,4,6718,RFPO-6718-V40025,Base PO
RFPO-5695-E6802-1,18 Apr 2025,PO for Rebar Couplers (Additional Qty),MAX TECHNICAL ELECTRICAL TRADING LLC,MACRO,PO for Rebar Couplers (Additional Qty),Electrical,Electrical,42396.19,USD,2025,4,5695,RFPO-5695-E6802,Base PO
RFPO-7208-V40003-1,17 Apr 2025,PO for Civil Items,"White Cap Supply Holdings, LLC",MACRO,PO for Civil Items,Various,Various,13309.4498,USD,2025,4,7208,RFPO-7208-V40003,Base PO
Fresh PO-363,17 Apr 2025,"OFFICE FIT OUT - 1804, 1805, AND 1807",Keen Eye Technical Services LLC,Unknown,"OFFICE FIT OUT - 1804, 1805, AND 1807",Various,Various,29239.21,USD,2025,4,363,Fresh PO-363,Base PO
RFPO-7139-V4202-1,16 Apr 2025,"PO for ATCT - ACCOMODATION UNITS, WC-SHOWER CONTAINER, AND LAUNDRY CONTAINER",Treysan Prefabricated Steel Construction Industry & Trade Corp.,"MVL USA, INC","PO for ATCT - ACCOMODATION UNITS, WC-SHOWER CONTAINER, AND LAUNDRY CONTAINER",Various,Various,672285.0,USD,2025,4,7139,RFPO-7139-V4202,Base PO
RFPO-6841-V40012-2,16 Apr 2025,PO for Duct Access Doors,"DUCTMATE INDUSTRIES, INC",MACRO,PO for Duct Access Doors,Various,Various,868.71,USD,2025,4,6841,RFPO-6841-V40012,Change Order
RFPO-7139-O1-1,16 Apr 2025,PO for Bluebeam Core Commercial Single User Annual Subscription New license,VISUAL PRO SOLUTIONS LLC,MACRO,PO for Bluebeam Core Commercial Single User Annual Subscription New license,Office Assets,Office Assets,265.49,USD,2025,4,7139,RFPO-7139-O1,Base PO
RFPO-6705-V40063-1,16 Apr 2025,PO for Misc Items for LSA Medical,HOME DEPOT USA,MVL USA JV LLC,PO for Misc Items for LSA Medical,Various,Various,9617.6,USD,2025,4,6705,RFPO-6705-V40063,Base PO
RFPO-6705-V40064-1,16 Apr 2025,PO for A615 Grade 60 Purple Epoxy - Foundation/Manhole,Nucor Rebar Fabrication,MVL USA JV LLC,PO for A615 Grade 60 Purple Epoxy - Foundation/Manhole,Various,Various,34864.33,USD,2025,4,6705,RFPO-6705-V40064,Base PO
RFPO-7039-E6802-1,16 Apr 2025,PO for MV Cables,Oman Cables Industry (SAOG),MACRO,PO for MV Cables,Electrical,Electrical,2061332.766,USD,2025,4,7039,RFPO-7039-E6802,Base PO
RFPO-6705-V40057A-1,16 Apr 2025,PO for GA1 2-3/4IN GUSSET ANGLE,Dateline Exports Inc.,MACRO,PO for GA1 2-3/4IN GUSSET ANGLE,Various,Various,164.43,USD,2025,4,6705,RFPO-6705-V40057A,Base PO
RFPO-5829-V40026-1,14 Apr 2025,"PO for CHW PIPES, FITTINGS, INSULATION, CONTROL VALVES, NUTS, BOLTS, GASKETS - AL FIKREE PROCUREMENT SUPPORT",GMARK MIDDLE EAST FZC,MVL USA JV LLC,"PO for CHW PIPES, FITTINGS, INSULATION, CONTROL VALVES, NUTS, BOLTS, GASKETS - AL FIKREE PROCUREMENT SUPPORT",Various,Various,120748.36,USD,2025,4,5829,RFPO-5829-V40026,Base PO
RFPO-6705-V40061-1,14 Apr 2025,PO for Block Saw & Saw Blade,MONJE,MVL USA JV LLC,PO for Block Saw & Saw Blade,Various,Various,7641.6,USD,2025,4,6705,RFPO-6705-V40061,Base PO
RFPO-5829-V40027-1,14 Apr 2025,PO for ADDITIONAL FIXTURE F2 LIGHTING (APRON LIGHTING) Model: 93926741,Extol International Trading LLC,MVL USA JV LLC,PO for ADDITIONAL FIXTURE F2 LIGHTING (APRON LIGHTING) Model: 93926741,Various,Various,2771.95,USD,2025,4,5829,RFPO-5829-V40027,Base PO
RFPO-6705-V40062-1,14 Apr 2025,PO for Metal Roofing & Accessories,Tsang Brothers Corporation,MVL USA JV LLC,PO for Metal Roofing & Accessories,Various,Various,29953.5,USD,2025,4,6705,RFPO-6705-V40062,Base PO
RFPO-5581-V40013-1,10 Apr 2025,PO for Paints - for repainting of pipes,The Sherwin-Williams Company,MACRO,PO for Paints - for repainting of pipes,Various,Various,1460.4,USD,2025,4,5581,RFPO-5581-V40013,Base PO
RFPO-6705-V40060-1,10 Apr 2025,PO for Roofing Panel and accessories,Tsang Brothers Corporation,MVL USA JV LLC,PO for Roofing Panel and accessories,Various,Various,36140.0,USD,2025,4,6705,RFPO-6705-V40060,Base PO
RFPO-1569-R1507-1,10 Apr 2025,PO for BlacK Toner - Yield 40000,NEW SMART OFFICE AUTOMATION LLC,FIRESTOP,PO for BlacK Toner - Yield 40000,Rental,Rental,313.14,USD,2025,4,1569,RFPO-1569-R1507,Base PO
RFPO-7027-V40007-1,10 Apr 2025,PO for Insulated Flexible Duct,Delta Duct Airconditioning LLC,MVL Greece,PO for Insulated Flexible Duct,Various,Various,1117.49,USD,2025,4,7027,RFPO-7027-V40007,Base PO
RFPO-7139-M4002-1,09 Apr 2025,PO for Customised Trash Compactor Station,"Shandong RNKJ Environmental Technology Co., Ltd",MVL Nepal,PO for Customised Trash Compactor Station,Mechanical,Mechanical,19995.0,USD,2025,4,7139,RFPO-7139-M4002,Base PO
RFPO-6705-V40059-1,09 Apr 2025,PO for Vinyl and Aluminum Sign Labels,Sign King Inc,MVL USA JV LLC,PO for Vinyl and Aluminum Sign Labels,Various,Various,1280.0,USD,2025,4,6705,RFPO-6705-V40059,Base PO
RFPO-6705-V40058-1,09 Apr 2025,PO for  WATER BASE FORM RELEASE SPECCHEM,"White Cap Supply Holdings, LLC",MVL USA JV LLC,PO for  WATER BASE FORM RELEASE SPECCHEM,Various,Various,584.98,USD,2025,4,6705,RFPO-6705-V40058,Base PO
RFPO-6705-V40054-1,09 Apr 2025,PO for WB CURE AND SEAL SPECCHEM(CONCRETE CURING MATERIAL),"White Cap Supply Holdings, LLC",MVL USA JV LLC,PO for WB CURE AND SEAL SPECCHEM(CONCRETE CURING MATERIAL),Various,Various,3699.96,USD,2025,4,6705,RFPO-6705-V40054,Base PO
RFPO-7139-V40012-1,09 Apr 2025,PO for WB CURE AND SEAL SPECCHEM(CONCRETE CURING MATERIAL),"White Cap Supply Holdings, LLC",MACRO,PO for WB CURE AND SEAL SPECCHEM(CONCRETE CURING MATERIAL),Various,Various,1399.98,USD,2025,4,7139,RFPO-7139-V40012,Base PO
RFPO-6542-V40033-1,09 Apr 2025,PO for Fire Extinguisher,NATIONAL FIRE FIGHTING MANUFACTURING FZCO,MVL USA JV LLC,PO for Fire Extinguisher,Various,Various,539.14,USD,2025,4,6542,RFPO-6542-V40033,Base PO
RFPO-6542-V40034A-1,09 Apr 2025,PO for Suspensions for Acoustic Ceiling Tiles,BMET Building Materials Trading LLC,Yamauchi Gumi,PO for Suspensions for Acoustic Ceiling Tiles,Various,Various,955.35,USD,2025,4,6542,RFPO-6542-V40034A,Base PO
RFPO-6952-V40018-1,09 Apr 2025,PO for Consumables,AL SUNAINA TRADING L.L.C,MVL USA JV LLC,PO for Consumables,Various,Various,2131.9,USD,2025,4,6952,RFPO-6952-V40018,Base PO
RFPO-7139-V40013-1,09 Apr 2025,PO for FORMWORK MATERIAL B-MATTE,Dateline Exports Inc.,MACRO,PO for FORMWORK MATERIAL B-MATTE,Various,Various,12809.48,USD,2025,4,7139,RFPO-7139-V40013,Base PO
RFPO-6952-V40019-1,08 Apr 2025,PO for Techrep for Installation,Big Top Manufacturing LLC,MVL USA JV LLC,PO for Techrep for Installation,Various,Various,30600.0,USD,2025,4,6952,RFPO-6952-V40019,Base PO
RFPO-6705-V40057-1,08 Apr 2025,PO for CS20 20GA 250FT COILED STRAP,Daltile Corporation,MACRO,PO for CS20 20GA 250FT COILED STRAP,Various,Various,4026.67,USD,2025,4,6705,RFPO-6705-V40057,Base PO
RFPO-7139-M4003-1,08 Apr 2025,PO for New Electric Club Car Transporter 4 Passenger Cart as per Approved Quotation,Electric Car SALES AND SERVICE INC.,MVL Nepal,PO for New Electric Club Car Transporter 4 Passenger Cart as per Approved Quotation,Mechanical,Mechanical,41567.65,USD,2025,4,7139,RFPO-7139-M4003,Base PO
RFPO-7073-V40002-1,07 Apr 2025,PO for Threaded rods,Rawlplug Middle East FZE,MACRO,PO for Threaded rods,Various,Various,1086.45,USD,2025,4,7073,RFPO-7073-V40002,Base PO
RFPO-6705-V40056B-1,07 Apr 2025,PO for Construction Items,Tsang Brothers Corporation,MACRO,PO for Construction Items,Various,Various,1460.0,USD,2025,4,6705,RFPO-6705-V40056B,Base PO
RFPO-5532-V40062-1,04 Apr 2025,PO for ELECTRICAL MATERIALS - B - MANCAMP 2,Extol International FZC,MVL USA JV LLC,PO for ELECTRICAL MATERIALS - B - MANCAMP 2,Various,Various,13791.14,USD,2025,4,5532,RFPO-5532-V40062,Base PO
-360,04 Apr 2025,----,Oman Cables Industry (SAOG),Unknown,----,Various,Various,0,USD,2025,4,360,-360,Base PO
RFPO-7139-V40010A-1,04 Apr 2025,PO for TRIPOD AND ACCESSORIES,MONJE,MACRO,PO for TRIPOD AND ACCESSORIES,Various,Various,11023.22,USD,2025,4,7139,RFPO-7139-V40010A,Base PO
RFPO-7139-V4200-1,04 Apr 2025,PO for SUPPLY OF ACCOMODATION UNIT FOR LSA ATCT - AS PER APPROVED DOCUMENTS,Treysan Prefabricated Steel Construction Industry & Trade Corp.,MACRO,PO for SUPPLY OF ACCOMODATION UNIT FOR LSA ATCT - AS PER APPROVED DOCUMENTS,Various,Various,690000.0,USD,2025,4,7139,RFPO-7139-V4200,Base PO
RFPO-7139-V4201-1,04 Apr 2025,PO for SUPPLY OF OFFICE BUILDING CONTAINER AND STORAGE CONTAINER,Treysan Prefabricated Steel Construction Industry & Trade Corp.,"MVL USA, INC",PO for SUPPLY OF OFFICE BUILDING CONTAINER AND STORAGE CONTAINER,Various,Various,154367.0,USD,2025,4,7139,RFPO-7139-V4201,Base PO
RFPO-5532-V4371-1,03 Apr 2025,PO for MVL-BROMGROVE JV LLC TEAM DRIFIT POLO SHIRTS 422025,The Uniform World Tailoring and Textiles LLC,FIRESTOP,PO for MVL-BROMGROVE JV LLC TEAM DRIFIT POLO SHIRTS 422025,Various,Various,337.64,USD,2025,4,5532,RFPO-5532-V4371,Base PO
RFPO-1569-O87-1,03 Apr 2025,PO for Bluebeam Core - Annual Subscription - Ramjo Ballonado,VISUAL PRO SOLUTIONS LLC,MACRO,PO for Bluebeam Core - Annual Subscription - Ramjo Ballonado,Office Assets,Office Assets,265.49,USD,2025,4,1569,RFPO-1569-O87,Base PO
RFPO-7039-F7000-1,03 Apr 2025,PO for Plywood / Shim supports,MVL Firestop Bldg. Matl Trdg. LLC,MVL USA JV LLC,PO for Plywood / Shim supports,Fire,Fire,5723.9,USD,2025,4,7039,RFPO-7039-F7000,Base PO
RFPO-7139-V40011-1,03 Apr 2025,PO for Concrete tools and Equipments,Dateline Exports Inc.,MACRO,PO for Concrete tools and Equipments,Various,Various,44732.15,USD,2025,4,7139,RFPO-7139-V40011,Base PO
RFPO-6705-V40055-1,03 Apr 2025,PO for Concrete Saw and Accessories,Dateline Exports Inc.,MVL USA JV LLC,PO for Concrete Saw and Accessories,Various,Various,5119.25,USD,2025,4,6705,RFPO-6705-V40055,Base PO
RFPO-5532-E6804-1,02 Apr 2025,PO for PANELBOARDS FOR MAN CAMP 2 AS PER APPROVED GA DRAWING,AL GHANDI SWITCHGEARS INDUSTRY,MACRO,PO for PANELBOARDS FOR MAN CAMP 2 AS PER APPROVED GA DRAWING,Electrical,Electrical,16855.71,USD,2025,4,5532,RFPO-5532-E6804,Base PO
RFPO-5532-V40061-1,31 Mar 2025,PO for Pre-Shipment Inspection - JFV382520 and JFV382611  Including Spare Parts as Per Attched List,V-Trust Inspection Service Co. Ltd.,MVL USA JV LLC,PO for Pre-Shipment Inspection - JFV382520 and JFV382611  Including Spare Parts as Per Attched List,Various,Various,670.0,USD,2025,3,5532,RFPO-5532-V40061,Base PO
RFPO-1005-V7227-1,28 Mar 2025,PO for Epoxy Coated Rebars.,Hariom Ingots & Power Pvt. Ltd,MICRON,PO for Epoxy Coated Rebars.,Various,Various,23420.0,USD,2025,3,1005,RFPO-1005-V7227,Base PO
RFPO-6705-E6805-1,28 Mar 2025,"PO for Panel Boards, Distribution Boards and Main DB",AL GHANDI SWITCHGEARS INDUSTRY,MACRO,"PO for Panel Boards, Distribution Boards and Main DB",Electrical,Electrical,56429.37,USD,2025,3,6705,RFPO-6705-E6805,Base PO
RFPO-7139-M4101-1,28 Mar 2025,PO for SCB-750kVA Dry Transformer,"Jiangsu Ryan Electric Co.,Ltd",MACRO,PO for SCB-750kVA Dry Transformer,Mechanical,Mechanical,24140.0,USD,2025,3,7139,RFPO-7139-M4101,Base PO
RFPO-6705-M4103-1,28 Mar 2025,PO for SG-150kVA Dry type Isolation Transformer,"Jiangsu Ryan Electric Co.,Ltd",MACRO,PO for SG-150kVA Dry type Isolation Transformer,Mechanical,Mechanical,9600.0,USD,2025,3,6705,RFPO-6705-M4103,Base PO
RFPO-1569-O86-1,28 Mar 2025,PO for Bluebeam Core - Annual Subscription (Elizarde Serrano),AllCAD Solutions LLC,MACRO,PO for Bluebeam Core - Annual Subscription (Elizarde Serrano),Office Assets,Office Assets,280.46,USD,2025,3,1569,RFPO-1569-O86,Base PO
RFPO-5829-R1508-1,28 Mar 2025,"PO for Shuttle Bus with driver Brand New, Period of performance 1 year 5 days a week and 12 Hours duty/day",MENA ENGINEERING AND TECHNICAL CO. L.L.C,FIRESTOP,"PO for Shuttle Bus with driver Brand New, Period of performance 1 year 5 days a week and 12 Hours duty/day",Rental,Rental,42477.88,USD,2025,3,5829,RFPO-5829-R1508,Base PO
RFPO-5532-S9102-1,27 Mar 2025,PO for ACI Concrete Field-Testing Technician Training and Certification,ADVANCED CONSTRUCTION TECHNOLOGY SERVICES,MICRON,PO for ACI Concrete Field-Testing Technician Training and Certification,Services,Services,9000.0,USD,2025,3,5532,RFPO-5532-S9102,Base PO
RFPO-6705-M4016-1,27 Mar 2025,"PO for HCA 400 BBL Mobile Auxiliary Cement / Fly Ash Storage Silo: 1600 cu. ft., 78-ton max/ 50 ton-min. Includes 8 FEET wide truss frame module.",Vince Hagan Company,MVL USA JV LLC,"PO for HCA 400 BBL Mobile Auxiliary Cement / Fly Ash Storage Silo: 1600 cu. ft., 78-ton max/ 50 ton-min. Includes 8 FEET wide truss frame module.",Mechanical,Mechanical,200539.0,USD,2025,3,6705,RFPO-6705-M4016,Base PO
RFPO-5657-V40017-1,27 Mar 2025,PO for Grout & Mortar,"White Cap Supply Holdings, LLC",MVL USA JV LLC,PO for Grout & Mortar,Various,Various,724.79,USD,2025,3,5657,RFPO-5657-V40017,Base PO
RFPO-6852-V40024-1,27 Mar 2025,PO for Fabrication materials for Level Switch Chamber,CRA Trading LLC,MVL USA JV LLC,PO for Fabrication materials for Level Switch Chamber,Various,Various,2387.06,USD,2025,3,6852,RFPO-6852-V40024,Base PO
RFPO-6705-V40053-1,27 Mar 2025,PO for 67Rock(Coarse Aggregate),SMITHBRIDGE GUAM,MVL USA JV LLC,PO for 67Rock(Coarse Aggregate),Various,Various,16490.88,USD,2025,3,6705,RFPO-6705-V40053,Base PO
RFPO-6705-M4015-1,26 Mar 2025,PO for HCA 400 WITH 10 INCH X 33 FEET SCREW FEEDER AUXILIARY SILO FEEDER  SACK CEMENT FEEDER WITH SUPER SACK HOPPER SERVICE ASSIST IN KWAJALEIN ATOLL FOR HCA INSTALLATION (7) SEVEN DAYS - Quote number,Vince Hagan Company,MVL USA JV LLC,PO for HCA 400 WITH 10 INCH X 33 FEET SCREW FEEDER AUXILIARY SILO FEEDER  SACK CEMENT FEEDER WITH SUPER SACK HOPPER SERVICE ASSIST IN KWAJALEIN ATOLL FOR HCA INSTALLATION (7) SEVEN DAYS - Quote number,Mechanical,Mechanical,200539.0,USD,2025,3,6705,RFPO-6705-M4015,Base PO
RFPO-6952-V40016-1,26 Mar 2025,PO for Aluminium Doors for TFS,ARB ALUMINIUM & GLASS LLC,MACRO,PO for Aluminium Doors for TFS,Various,Various,3703.2,USD,2025,3,6952,RFPO-6952-V40016,Base PO
RFPO-6718-E6805-1,26 Mar 2025,PO for Glands,WESCO Distribution Inc,MACRO,PO for Glands,Electrical,Electrical,7514.16,USD,2025,3,6718,RFPO-6718-E6805,Base PO
RFPO-3734-E6803-1,25 Mar 2025,PO for MAINTENANCE FREE BATTERY N100 (100AH),JUBAILI BROS  WLL,MACRO,PO for MAINTENANCE FREE BATTERY N100 (100AH),Electrical,Electrical,318.68,USD,2025,3,3734,RFPO-3734-E6803,Base PO
RFPO-6705-V40052-1,25 Mar 2025,PO for FROMWORK MATERIALS,Dateline Exports Inc.,MVL USA JV LLC,PO for FROMWORK MATERIALS,Various,Various,7328.8,USD,2025,3,6705,RFPO-6705-V40052,Base PO
RFPO-6705-M4014-1,24 Mar 2025,"PO for DS2000-4, 4 Wheel Radar Utility Detector, and Accessories",Leica Geosystems Inc.,MVL USA JV LLC,"PO for DS2000-4, 4 Wheel Radar Utility Detector, and Accessories",Mechanical,Mechanical,20820.71,USD,2025,3,6705,RFPO-6705-M4014,Base PO
RFPO-1569-V4423-1,24 Mar 2025,PO for GREETLY Digital Reception App 2YEARS,GREETLY,FIRESTOP,PO for GREETLY Digital Reception App 2YEARS,Various,Various,1700.0,USD,2025,3,1569,RFPO-1569-V4423,Base PO
RFPO-6705-V40051-1,21 Mar 2025,PO for Stego Wrap,"STEGO INDUSTRIES, LLC",MVL USA JV LLC,PO for Stego Wrap,Various,Various,6695.0,USD,2025,3,6705,RFPO-6705-V40051,Base PO
RFPO-6705-S9101-1,20 Mar 2025,PO for LABORATORY EQUIPMENTS CALIBRATION,Cal-Cert Company,MACRO,PO for LABORATORY EQUIPMENTS CALIBRATION,Services,Services,10950.0,USD,2025,3,6705,RFPO-6705-S9101,Base PO
RFPO-6542-V40027B-1,20 Mar 2025,PO for Seismic Bracing Kit,ACREFINE ENGINEERING SERVICES LTD.,Yamauchi Gumi,PO for Seismic Bracing Kit,Various,Various,240.0,USD,2025,3,6542,RFPO-6542-V40027B,Base PO
RFPO-7212-V40000-1,19 Mar 2025,PO for 3/4 Watts Reduced Pressure Zone Assembly,Blue Line Trading Group LLC,MACRO,PO for 3/4 Watts Reduced Pressure Zone Assembly,Various,Various,500.0,USD,2025,3,7212,RFPO-7212-V40000,Base PO
RFPO-6705-V40048-1,19 Mar 2025,PO for VARIOUS BUILDING MATERIIALS AND EQUIPMENT - QUOTE - H1710-822355 -,HOME DEPOT USA,MVL USA JV LLC,PO for VARIOUS BUILDING MATERIIALS AND EQUIPMENT - QUOTE - H1710-822355 -,Various,Various,54.2,USD,2025,3,6705,RFPO-6705-V40048,Base PO
RFPO-6705-V40048-2,19 Mar 2025,PO for VARIOUS BUILDING MATERIIALS AND EQUIPMENT - QUOTE - H1710-822355 -,HOME DEPOT USA,MVL USA JV LLC,PO for VARIOUS BUILDING MATERIIALS AND EQUIPMENT - QUOTE - H1710-822355 -,Various,Various,36673.7,USD,2025,3,6705,RFPO-6705-V40048,Change Order
RFPO-6705-V40049-1,19 Mar 2025,PO for Interior Electrical Materials for LSA,HOME DEPOT USA,MVL USA JV LLC,PO for Interior Electrical Materials for LSA,Various,Various,70892.91,USD,2025,3,6705,RFPO-6705-V40049,Base PO
RFPO-6705-V40050-1,19 Mar 2025,"PO for Silt Fence, Geotextile, GI Flat Tubes",Tsang Brothers Corporation,MVL USA JV LLC,"PO for Silt Fence, Geotextile, GI Flat Tubes",Various,Various,6830.0,USD,2025,3,6705,RFPO-6705-V40050,Base PO
RFPO-5532-M4104-1,18 Mar 2025,PO for 750 Kva 3 PHASE PAD MOUNTED TRANSFORMER AS PER APPROVED ATTACHED DOCUMENTS,"Jiangsu Ryan Electric Co.,Ltd",MACRO,PO for 750 Kva 3 PHASE PAD MOUNTED TRANSFORMER AS PER APPROVED ATTACHED DOCUMENTS,Mechanical,Mechanical,41440.0,USD,2025,3,5532,RFPO-5532-M4104,Base PO
RFPO-7139-V40009-1,18 Mar 2025,"PO FOR SCAFFOLD, TOOLS AND ACCESSORIES",HOME DEPOT USA,MACRO,"PO FOR SCAFFOLD, TOOLS AND ACCESSORIES",Various,Various,14496.07,USD,2025,3,7139,RFPO-7139-V40009,Base PO
RFPO-6705-V40045A-1,18 Mar 2025,PO for PVC Sch40 Pipes and Fittings for LSA Utilit,Tsang Brothers Corporation,MACRO,PO for PVC Sch40 Pipes and Fittings for LSA Utilit,Various,Various,43875.5,USD,2025,3,6705,RFPO-6705-V40045A,Base PO
RFPO-6705-V40047-1,17 Mar 2025,PO for VARIOUS BUILDING MATERIIALS AND EQUIPMENT - QUOTE -  H1710-821497,HOME DEPOT USA,MVL USA JV LLC,PO for VARIOUS BUILDING MATERIIALS AND EQUIPMENT - QUOTE -  H1710-821497,Various,Various,9503.7,USD,2025,3,6705,RFPO-6705-V40047,Base PO
RFPO-5695-S9091-1,17 Mar 2025,PO for Paints for Bollards,Stoncor Middle East LLC,MVL SOLUTIONS,PO for Paints for Bollards,Services,Services,3368.01,USD,2025,3,5695,RFPO-5695-S9091,Base PO
RFPO-7139-V4351-2,14 Mar 2025,"PO for MFC L8900 CDW Color Laser ALL IN ONE Printer, GMP-GHQ320 P3 Pouch Laminator and Engineering Accessories",COPY EXPRESS,MACRO,"PO for MFC L8900 CDW Color Laser ALL IN ONE Printer, GMP-GHQ320 P3 Pouch Laminator and Engineering Accessories",Various,Various,15584.0,USD,2025,3,7139,RFPO-7139-V4351,Change Order
RFPO-6746-V40022-1,14 Mar 2025,PO for Misc. Items for Al Windows,Dateline Exports Inc.,MVL USA JV LLC,PO for Misc. Items for Al Windows,Various,Various,544.64,USD,2025,3,6746,RFPO-6746-V40022,Base PO
RFPO-6705-V40046-1,14 Mar 2025,PO for VARIOUS BUILDING MATERIALS AND PORTABLE WELDING MACHINE,Tsang Brothers Corporation,MVL USA JV LLC,PO for VARIOUS BUILDING MATERIALS AND PORTABLE WELDING MACHINE,Various,Various,13185.0,USD,2025,3,6705,RFPO-6705-V40046,Base PO
RFPO-7139-V4351-1,13 Mar 2025,"PO for MFC L8900 CDW Color Laser ALL IN ONE Printer, GMP-GHQ320 P3 Pouch Laminator and Engineering Accessories",COPY EXPRESS,MACRO,"PO for MFC L8900 CDW Color Laser ALL IN ONE Printer, GMP-GHQ320 P3 Pouch Laminator and Engineering Accessories",Various,Various,15434.0,USD,2025,3,7139,RFPO-7139-V4351,Base PO
RFPO-5193-E6806A-1,13 Mar 2025,"PO for Supply and Installation of type three-phase autotransformer with capacity 50KvA, compatible with the projects required specifications",DELTA BUILT CONSTRUCTION COMPANY,MACRO,"PO for Supply and Installation of type three-phase autotransformer with capacity 50KvA, compatible with the projects required specifications",Electrical,Electrical,9333.33,USD,2025,3,5193,RFPO-5193-E6806A,Base PO
RFPO-7139-V40007-1,12 Mar 2025,"PO for Welding machine and Accessories, Lumber & Marine Ply",Tsang Brothers Corporation,MVL Greece,"PO for Welding machine and Accessories, Lumber & Marine Ply",Various,Various,24144.1,USD,2025,3,7139,RFPO-7139-V40007,Base PO
RFPO-6680-V40002-1,12 Mar 2025,PO for Belt Drive Centrifugal Inline Fan,INTEGRATED CONTRACTING SUPPLIERS,MACRO,PO for Belt Drive Centrifugal Inline Fan,Various,Various,2541.16,USD,2025,3,6680,RFPO-6680-V40002,Base PO
RFPO-6705-V40044-1,12 Mar 2025,PO for GI Flat Tube and Flat Sheet,Tsang Brothers Corporation,MVL USA JV LLC,PO for GI Flat Tube and Flat Sheet,Various,Various,24450.0,USD,2025,3,6705,RFPO-6705-V40044,Base PO
RFPO-6542-V40028-1,12 Mar 2025,PO for Aluminum Store Front Window.,ARB ALUMINIUM & GLASS LLC,MVL USA JV LLC,PO for Aluminum Store Front Window.,Various,Various,3362.83,USD,2025,3,6542,RFPO-6542-V40028,Base PO
RFPO-6705-V40043-1,12 Mar 2025,PO for PVC Pipes and fittings for Water Utility,Tsang Brothers Corporation,MVL USA JV LLC,PO for PVC Pipes and fittings for Water Utility,Various,Various,37755.98,USD,2025,3,6705,RFPO-6705-V40043,Base PO
RFPO-7139-V40008-1,12 Mar 2025,PO for Layout Office Furniture - ATCT  COSA.,Al Seham Furniture LLC,MACRO,PO for Layout Office Furniture - ATCT  COSA.,Various,Various,9321.17,USD,2025,3,7139,RFPO-7139-V40008,Base PO
RFPO-5532-S9101-1,11 Mar 2025,PO for PRE-SHIPMENT INSPECTION AGAINST BATCHING PLANT SPARE PARTS,TUV SUD MIDDLE EAST LLC,MACRO,PO for PRE-SHIPMENT INSPECTION AGAINST BATCHING PLANT SPARE PARTS,Services,Services,449.62,USD,2025,3,5532,RFPO-5532-S9101,Base PO
RFPO-6718-V40019-1,11 Mar 2025,PO for Spare Parts for Pump Startup & Alignment,Jet Fuel Specialists LLC,MVL USA JV LLC,PO for Spare Parts for Pump Startup & Alignment,Various,Various,4620.0,USD,2025,3,6718,RFPO-6718-V40019,Base PO
RFPO-7139-V40006-1,11 Mar 2025,PO for Temporary Chain Link Fence,Tsang Brothers Corporation,MACRO,PO for Temporary Chain Link Fence,Various,Various,46174.96,USD,2025,3,7139,RFPO-7139-V40006,Base PO
RFPO-6841-S9100-1,10 Mar 2025,PO for Third Party Inspection & Witnessing the Performance Test of PACKAGE AC Unit (1 unit),TUV SUD MIDDLE EAST LLC,MACRO,PO for Third Party Inspection & Witnessing the Performance Test of PACKAGE AC Unit (1 unit),Services,Services,326.75,USD,2025,3,6841,RFPO-6841-S9100,Base PO
RFPO-5532-V40060-1,10 Mar 2025,PO for Pre-Shipment Inspection - FOTON 4x2 2ton cargo truck,V-Trust Inspection Service Co. Ltd.,MVL USA JV LLC,PO for Pre-Shipment Inspection - FOTON 4x2 2ton cargo truck,Various,Various,268.0,USD,2025,3,5532,RFPO-5532-V40060,Base PO
RFPO-6705-V40042-1,10 Mar 2025,PO for Pre-Shipment Inspection - FOTON 4x2 2ton cargo truck,V-Trust Inspection Service Co. Ltd.,MVL USA JV LLC,PO for Pre-Shipment Inspection - FOTON 4x2 2ton cargo truck,Various,Various,268.0,USD,2025,3,6705,RFPO-6705-V40042,Base PO
RFPO-7139-M4001-1,10 Mar 2025,PO for SOKKIA SURVEYING EQUIPMENTS - ATCT,Three Colors Safety Equipment Tr LLC,MACRO,PO for SOKKIA SURVEYING EQUIPMENTS - ATCT,Mechanical,Mechanical,31109.6,USD,2025,3,7139,RFPO-7139-M4001,Base PO
RFPO-6718-E6803A-1,10 Mar 2025,PO for Cable,WESCO Distribution Inc,MVL USA JV LLC,PO for Cable,Electrical,Electrical,19096.8,USD,2025,3,6718,RFPO-6718-E6803A,Base PO
RFPO-7039-E6801-1,10 Mar 2025,"PO for Grounding & bonding, Pullrope",WESCO Distribution Inc,MACRO,"PO for Grounding & bonding, Pullrope",Electrical,Electrical,118228.36,USD,2025,3,7039,RFPO-7039-E6801,Base PO
RFPO-6952-V40012A-1,07 Mar 2025,PO for Tensile Fabric Structure.,Big Top Manufacturing LLC,MVL USA JV LLC,PO for Tensile Fabric Structure.,Various,Various,128500.0,USD,2025,3,6952,RFPO-6952-V40012A,Base PO
RFPO-6705-M4012-1,06 Mar 2025,PO for 2ND REQUIREMENT OF HEAVY EQUIPMENTS (MEDICAL AND ATCT),Evangel International Machinery Ltd.,MVL USA JV LLC,PO for 2ND REQUIREMENT OF HEAVY EQUIPMENTS (MEDICAL AND ATCT),Mechanical,Mechanical,277191.0,USD,2025,3,6705,RFPO-6705-M4012,Base PO
RFPO-6705-M4013-1,05 Mar 2025,"PO for Used 2017 GMC 4WD SLE QUICKSILVER METALLIC 51,864  MILES",Guam Autospot,MVL USA JV LLC,"PO for Used 2017 GMC 4WD SLE QUICKSILVER METALLIC 51,864  MILES",Mechanical,Mechanical,31490.0,USD,2025,3,6705,RFPO-6705-M4013,Base PO
RFPO-5193-E6805-1,05 Mar 2025,PO for UPS MODIFICATION,International Business Resources Co.,MACRO,PO for UPS MODIFICATION,Electrical,Electrical,1866.67,USD,2025,3,5193,RFPO-5193-E6805,Base PO
RFPO-6705-V40041-1,04 Mar 2025,PO for LSA Office Furniture,Al Seham Furniture LLC,MVL USA JV LLC,PO for LSA Office Furniture,Various,Various,42823.69,USD,2025,3,6705,RFPO-6705-V40041,Base PO
RFPO-6705-E6804-1,04 Mar 2025,PO for Dry Type transformer,EMSI Inc.,MACRO,PO for Dry Type transformer,Electrical,Electrical,122856.16,USD,2025,3,6705,RFPO-6705-E6804,Base PO
RFPO-7139-V40002-2,03 Mar 2025,Signages,Sign King Inc,MACRO,Signages,Various,Various,1560.0,USD,2025,3,7139,RFPO-7139-V40002,Change Order
RFPO-6705-V40040-1,03 Mar 2025,PO for Aluminum Sign,Sign King Inc,MVL USA JV LLC,PO for Aluminum Sign,Various,Various,2476.0,USD,2025,3,6705,RFPO-6705-V40040,Base PO
RFPO-5829-E6817-1,03 Mar 2025,"PO for 10 kVA UPS and 15 kVA UPS - Supply, Start Up, Testing and Commisioning",ANDREA TECHNICAL SERVICE L.L.C,MACRO,"PO for 10 kVA UPS and 15 kVA UPS - Supply, Start Up, Testing and Commisioning",Electrical,Electrical,36024.51,USD,2025,3,5829,RFPO-5829-E6817,Base PO
RFPO-6705-V40039-1,03 Mar 2025,PO for Fire Extinguishers- HAZMAT,"White Cap Supply Holdings, LLC",MVL USA JV LLC,PO for Fire Extinguishers- HAZMAT,Various,Various,3605.6,USD,2025,3,6705,RFPO-6705-V40039,Base PO
RFPO-5695-V40015-1,03 Mar 2025,PO for Consumables for Painting Works,MISAR TRADING CO. ( L L C),MACRO,PO for Consumables for Painting Works,Various,Various,258.68,USD,2025,3,5695,RFPO-5695-V40015,Base PO
RFPO-7139-V40005-1,28 Feb 2025,PO for Lumber,LOWES,MVL Greece,PO for Lumber,Various,Various,7940.13,USD,2025,2,7139,RFPO-7139-V40005,Base PO
RFPO-1005-V4485-1,27 Feb 2025,PO for PVC Plastic Sticker - 8.8 * 6.4 cm with Matt Lamination,SMILE COLOR,MICRON,PO for PVC Plastic Sticker - 8.8 * 6.4 cm with Matt Lamination,Various,Various,183.8,USD,2025,2,1005,RFPO-1005-V4485,Base PO
RFPO-1005-V7223-1,27 Feb 2025,Epoxy Coated Rebars.,Hariom Ingots & Power Pvt. Ltd,MICRON,Epoxy Coated Rebars.,Various,Various,20357.0,USD,2025,2,1005,RFPO-1005-V7223,Base PO
RFPO-6705-V4357-1,26 Feb 2025,PO for COSA - APPLIANCES,"Onmuse ( Suzhou ) Office Furniture Co.,Ltd",MACRO,PO for COSA - APPLIANCES,Various,Various,46350.0,USD,2025,2,6705,RFPO-6705-V4357,Base PO
RFPO-5829-S9103-2,26 Feb 2025,PO for Third party inspection for Pad Mounted Transformers.,TUV SUD MIDDLE EAST LLC,MACRO,PO for Third party inspection for Pad Mounted Transformers.,Services,Services,962.5,USD,2025,2,5829,RFPO-5829-S9103,Change Order
RFPO-7139-V40003-1,26 Feb 2025,Generator and Tools,HOME DEPOT USA,MACRO,Generator and Tools,Various,Various,2905.86,USD,2025,2,7139,RFPO-7139-V40003,Base PO
RFPO-6705-V40038-1,26 Feb 2025,Lawn Care Items,HOME DEPOT USA,MVL USA JV LLC,Lawn Care Items,Various,Various,8201.7,USD,2025,2,6705,RFPO-6705-V40038,Base PO
RFPO-7139-V40004-1,26 Feb 2025,PO for 8884017622,Tsang Brothers Corporation,MACRO,PO for 8884017622,Various,Various,774.56,USD,2025,2,7139,RFPO-7139-V40004,Base PO
RFPO-6718-E6802-2,26 Feb 2025,PO for Electrical Materials,WESCO Distribution Inc,MACRO,PO for Electrical Materials,Electrical,Electrical,47601.65,USD,2025,2,6718,RFPO-6718-E6802,Change Order
RFPO-5532-V40059-1,26 Feb 2025,PO for Admixtures,SODAMCO EMIRATES FACTORY FOR BUILDING MATERIALS LLC,MVL USA JV LLC,PO for Admixtures,Various,Various,19244.38,USD,2025,2,5532,RFPO-5532-V40059,Base PO
RFPO-6952-V40013-1,26 Feb 2025,PO for Pine Lumber and Marine Plywood,Leeds Services Co. Pte Ltd.,MACRO,PO for Pine Lumber and Marine Plywood,Various,Various,20950.0,USD,2025,2,6952,RFPO-6952-V40013,Base PO
RFPO-5532-V40058-1,25 Feb 2025,PO for ELECTRICAL MATERIALS NEEDED FOR INSTALLATION OF BATCHING PLANT,Extol International FZC,MVL USA JV LLC,PO for ELECTRICAL MATERIALS NEEDED FOR INSTALLATION OF BATCHING PLANT,Various,Various,53134.1,USD,2025,2,5532,RFPO-5532-V40058,Base PO
RFPO-7073-V40001A-1,24 Feb 2025,PO for Electrical Items,Kelly & Hayes Electrical Industrial & Plumbing Supplies,MVL USA JV LLC,PO for Electrical Items,Various,Various,13184.492,USD,2025,2,7073,RFPO-7073-V40001A,Base PO
RFPO-5193-A5207-1,21 Feb 2025,PO for REPLACEMENT HANDLE FOR WINDOWS - AL KHARJ PROJECT,Lakshmi Metal Tech LLC,MACRO,PO for REPLACEMENT HANDLE FOR WINDOWS - AL KHARJ PROJECT,Architectural,Architectural,579.99,USD,2025,2,5193,RFPO-5193-A5207,Base PO
RFPO-6542-A5203-1,21 Feb 2025,"PO for Typhoon Rated Door, Frames & Hardwares for Building # 111",K.Walters Global Inc. (Japan),MACRO,"PO for Typhoon Rated Door, Frames & Hardwares for Building # 111",Architectural,Architectural,53854.2,USD,2025,2,6542,RFPO-6542-A5203,Base PO
RFPO-6168-V40070-1,21 Feb 2025,PO for Pipe for Hand rail of Stairs,AL OMRANIYA TRADING CO. (L.L.C.),MVL USA JV LLC,PO for Pipe for Hand rail of Stairs,Various,Various,171.55,USD,2025,2,6168,RFPO-6168-V40070,Base PO
RFPO-1569-O84-1,20 Feb 2025,PO for Bluebeam Core - Annual Subscription,AllCAD Solutions LLC,MACRO,PO for Bluebeam Core - Annual Subscription,Office Assets,Office Assets,280.46,USD,2025,2,1569,RFPO-1569-O84,Base PO
RFPO-6705-V40037-1,20 Feb 2025,"PO for PRE- SHIPMENT INSPECTION OF TELEHANDLER, WHEEL EXCAVATOR, DUMP TRUCK, AND SKID LOADER AS PER ATTACHED LIST",V-Trust Inspection Service Co. Ltd.,MVL USA JV LLC,"PO for PRE- SHIPMENT INSPECTION OF TELEHANDLER, WHEEL EXCAVATOR, DUMP TRUCK, AND SKID LOADER AS PER ATTACHED LIST",Various,Various,1072.0,USD,2025,2,6705,RFPO-6705-V40037,Base PO
RFPO-6705-M4011-1,19 Feb 2025,PO for Golf Carts for Kwajalein (Medical and ATCT),"Henan XunHu Equipment Co., Ltd",MVL USA JV LLC,PO for Golf Carts for Kwajalein (Medical and ATCT),Mechanical,Mechanical,33360.0,USD,2025,2,6705,RFPO-6705-M4011,Base PO
RFPO-6705-V40035-1,19 Feb 2025,Simpson Strong Ties & Hilti Mortar,Dateline Exports Inc.,MACRO,Simpson Strong Ties & Hilti Mortar,Various,Various,52366.07,USD,2025,2,6705,RFPO-6705-V40035,Base PO
RFPO-7208-V4352-1,19 Feb 2025,PO for Scaffolding,Sher Ahmed Scaffolding Tr LLC,MACRO,PO for Scaffolding,Various,Various,34749.91,USD,2025,2,7208,RFPO-7208-V4352,Base PO
RFPO-6705-V40036-1,19 Feb 2025,PO for MILWAUKEE 3697-22,Dateline Exports Inc.,MVL USA JV LLC,PO for MILWAUKEE 3697-22,Various,Various,5398.85,USD,2025,2,6705,RFPO-6705-V40036,Base PO
RFPO-7139-V40001A-1,18 Feb 2025,PO for 8886260991,Tsang Brothers Corporation,MVL USA JV LLC,PO for 8886260991,Various,Various,21874.0,USD,2025,2,7139,RFPO-7139-V40001A,Base PO
RFPO-1569-O83-1,18 Feb 2025,PO for Aronis Advance Management Includes RDP,RivYv Technologies,MACRO,PO for Aronis Advance Management Includes RDP,Office Assets,Office Assets,587.5,USD,2025,2,1569,RFPO-1569-O83,Base PO
RFPO-7027-S9100-1,18 Feb 2025,PO for Third Party Inspection & Witnessing the Performance Test of PACKAGE AC Unit (2 units),TUV SUD MIDDLE EAST LLC,MACRO,PO for Third Party Inspection & Witnessing the Performance Test of PACKAGE AC Unit (2 units),Services,Services,326.75,USD,2025,2,7027,RFPO-7027-S9100,Base PO
RFPO-7073-V40000-1,18 Feb 2025,PO for Pressure Washer,"White Cap Supply Holdings, LLC",MACRO,PO for Pressure Washer,Various,Various,4954.94,USD,2025,2,7073,RFPO-7073-V40000,Base PO
RFPO-7139-V40002-1,18 Feb 2025,Signages,Sign King Inc,MACRO,Signages,Various,Various,1280.0,USD,2025,2,7139,RFPO-7139-V40002,Base PO
RFPO-5532-M4031-1,17 Feb 2025,PO for 2ND REQUIREMENT AGAINST MAXUS V80 SPARE PARTS,"FASTWIN GROUP CO.,LIMITED",MVL USA JV LLC,PO for 2ND REQUIREMENT AGAINST MAXUS V80 SPARE PARTS,Mechanical,Mechanical,5218.26,USD,2025,2,5532,RFPO-5532-M4031,Base PO
RFPO-5829-S9103-1,17 Feb 2025,PO for Third party inspection for Pad Mounted Transformers.,TUV SUD MIDDLE EAST LLC,MACRO,PO for Third party inspection for Pad Mounted Transformers.,Services,Services,770.0,USD,2025,2,5829,RFPO-5829-S9103,Base PO
RFPO-7205-M4101-1,17 Feb 2025,PO for Supply of Units 3 Nos-Carrier R410a- 50UA135  (Gross Cooling Cap 125.5  KW),AL KAZEMI AIR CONDITIONING WLL,MACRO,PO for Supply of Units 3 Nos-Carrier R410a- 50UA135  (Gross Cooling Cap 125.5  KW),Mechanical,Mechanical,180045.5,USD,2025,2,7205,RFPO-7205-M4101,Base PO
RFPO-6705-V40033-1,17 Feb 2025,PO for CONDUIT BENDER,Dateline Exports Inc.,MVL USA JV LLC,PO for CONDUIT BENDER,Various,Various,6941.18,USD,2025,2,6705,RFPO-6705-V40033,Base PO
RFPO-7139-V40000-1,17 Feb 2025,PO for 330205456(HAZMAT),"White Cap Supply Holdings, LLC",MACRO,PO for 330205456(HAZMAT),Various,Various,9516.49,USD,2025,2,7139,RFPO-7139-V40000,Base PO
RFPO-6705-V40034-1,17 Feb 2025,PO for 131369722(HAZMAT),"White Cap Supply Holdings, LLC",MVL USA JV LLC,PO for 131369722(HAZMAT),Various,Various,8507.33,USD,2025,2,6705,RFPO-6705-V40034,Base PO
RFPO-6705-V40005-2,14 Feb 2025,NEW UNIT SUBSTATION & PRIMARY SELECTIVE SWITCHES,Kelly & Hayes Electrical Industrial & Plumbing Supplies,MVL Greece,NEW UNIT SUBSTATION & PRIMARY SELECTIVE SWITCHES,Various,Various,344210.0,USD,2025,2,6705,RFPO-6705-V40005,Change Order
RFPO-6542-A5202-1,13 Feb 2025,"PO for Typhoon Rated Door, Frames & Hardware for Building 101 & 103B",K.Walters Global Inc. (Japan),MACRO,"PO for Typhoon Rated Door, Frames & Hardware for Building 101 & 103B",Architectural,Architectural,46777.2,USD,2025,2,6542,RFPO-6542-A5202,Base PO
RFPO-6705-E6803-1,11 Feb 2025,MV Cable Y Spices and  Connector,TIC LIGHT ELECTRICAL CORP,MACRO,MV Cable Y Spices and  Connector,Electrical,Electrical,27697.8,USD,2025,2,6705,RFPO-6705-E6803,Base PO
RFPO-6705-V40031-1,11 Feb 2025,Paslode Nailer and Nails,LOWES,MVL USA JV LLC,Paslode Nailer and Nails,Various,Various,1933.63,USD,2025,2,6705,RFPO-6705-V40031,Base PO
RFPO-6705-V40032-1,11 Feb 2025,MFX Gridlock (E) Bicycles,MUDDY FOX LLC.,MVL USA JV LLC,MFX Gridlock (E) Bicycles,Various,Various,11750.0,USD,2025,2,6705,RFPO-6705-V40032,Base PO
RFPO-5532-V40056-1,11 Feb 2025,PO for Aggregates and Cement - February Vessel,Leeds Services Co. Pte Ltd.,MVL USA JV LLC,PO for Aggregates and Cement - February Vessel,Various,Various,7257.0,USD,2025,2,5532,RFPO-5532-V40056,Base PO
RFPO-5532-M4030-1,10 Feb 2025,PO for Maxus Passenger Van - Cabin Air Filter,"FASTWIN GROUP CO.,LIMITED",MVL USA JV LLC,PO for Maxus Passenger Van - Cabin Air Filter,Mechanical,Mechanical,478.45,USD,2025,2,5532,RFPO-5532-M4030,Base PO
RFPO-7039-V40006C-1,10 Feb 2025,PO for PVC Pipes & Fittings,National Plastic & Building Material Industries LLC,MACRO,PO for PVC Pipes & Fittings,Various,Various,249220.49,USD,2025,2,7039,RFPO-7039-V40006C,Base PO
RFPO-7039-E6800-1,10 Feb 2025,PO for Spacers,Bahra Advanced Cable Manufacture Co. Ltd.,MACRO,PO for Spacers,Electrical,Electrical,106293.6,USD,2025,2,7039,RFPO-7039-E6800,Base PO
RFPO-6168-V40077-2,10 Feb 2025,PO for Adhesives for VCT,ODORES METAL LLC,MVL USA JV LLC,PO for Adhesives for VCT,Various,Various,739.61,USD,2025,2,6168,RFPO-6168-V40077,Change Order
RFPO-7120-V40000-1,07 Feb 2025,PO for Computer Room Air Conditioning (CRAC) units - Temporary,Vertiv Corporation,MACRO,PO for Computer Room Air Conditioning (CRAC) units - Temporary,Various,Various,74727.15,USD,2025,2,7120,RFPO-7120-V40000,Base PO
RFPO-7120-V40001-1,07 Feb 2025,PO for Computer Room Air Conditioning (CRAC) units - Permanent,Vertiv Corporation,MACRO,PO for Computer Room Air Conditioning (CRAC) units - Permanent,Various,Various,197127.58,USD,2025,2,7120,RFPO-7120-V40001,Base PO
RFPO-6645-V40004-1,07 Feb 2025,PO for Building Materials,HEELY-BROWN COMPANY,MACRO,PO for Building Materials,Various,Various,225179.77,USD,2025,2,6645,RFPO-6645-V40004,Base PO
RFPO-5532-S9100-1,07 Feb 2025,"PO for PRE-SHIPMENT INSPECTION OF Man Camp Orders  5532-V40041-2, 5532-V40040-2 (ROOFING MATERIALS",TUV SUD MIDDLE EAST LLC,MACRO,"PO for PRE-SHIPMENT INSPECTION OF Man Camp Orders  5532-V40041-2, 5532-V40040-2 (ROOFING MATERIALS",Services,Services,343.09,USD,2025,2,5532,RFPO-5532-S9100,Base PO
RFPO-7027-S9073-1,06 Feb 2025,PO for Duct Smoke Detector,SUMMIT FIRE CONSULTING (SFC),FIRESTOP,PO for Duct Smoke Detector,Services,Services,1350.0,USD,2025,2,7027,RFPO-7027-S9073,Base PO
RFPO-7208-V40001-1,06 Feb 2025,PO for CMU BLOCKS,"Angelus Block CO.,INC.",MACRO,PO for CMU BLOCKS,Various,Various,1755.21,USD,2025,2,7208,RFPO-7208-V40001,Base PO
RFPO-6680-V40001-1,06 Feb 2025,PO for Belt Drive Centrifugal Inline Fan,"RNK  International, Inc.",MACRO,PO for Belt Drive Centrifugal Inline Fan,Various,Various,2970.0,USD,2025,2,6680,RFPO-6680-V40001,Base PO
RFPO-1569-O81-1,05 Feb 2025,PO for Oracle EPPM 6 Training Online Mrs. Hayat and Mr. Ismail),RivYv Technologies,MACRO,PO for Oracle EPPM 6 Training Online Mrs. Hayat and Mr. Ismail),Office Assets,Office Assets,400.0,USD,2025,2,1569,RFPO-1569-O81,Base PO
RFPO-1569-O82-1,04 Feb 2025,"PO for RiB Candy (C201 – Online Training) – Estimating and Valuations. 16 hrs Online, 6 Persons, 1 Week",RivYv Technologies,MACRO,"PO for RiB Candy (C201 – Online Training) – Estimating and Valuations. 16 hrs Online, 6 Persons, 1 Week",Office Assets,Office Assets,1225.32,USD,2025,2,1569,RFPO-1569-O82,Base PO
RFPO-7039-V40007-1,03 Feb 2025,PO for Galvanized Rebars.,Hariom Ingots & Power Pvt. Ltd,MVL Greece,PO for Galvanized Rebars.,Various,Various,113386.51,USD,2025,2,7039,RFPO-7039-V40007,Base PO
RFPO-1569-V4421-2,03 Feb 2025,"PO for 3D RESIN REPLICA CUT OUT STUCK ON DOUBLE BLACK RESIN BASE W/PRINTING, SIZE - 22CM T.H",CRYSTAL ARC FACTORY LLC,FIRESTOP,"PO for 3D RESIN REPLICA CUT OUT STUCK ON DOUBLE BLACK RESIN BASE W/PRINTING, SIZE - 22CM T.H",Various,Various,1225.32,USD,2025,2,1569,RFPO-1569-V4421,Change Order
RFPO-7208-V40000-1,03 Feb 2025,PO for Mortar and Grout,Dateline Exports Inc.,MACRO,PO for Mortar and Grout,Various,Various,2954.94,USD,2025,2,7208,RFPO-7208-V40000,Base PO
RFPO-5503-S9089-1,30 Jan 2025,PO for RSS-2000 Finger Wedge Barrier -  RSS-2000 4 Post,"RSSI Barriers, LLC",MVL SOLUTIONS,PO for RSS-2000 Finger Wedge Barrier -  RSS-2000 4 Post,Services,Services,158817.15,USD,2025,1,5503,RFPO-5503-S9089,Base PO
RFPO-6852-V40022-1,30 Jan 2025,PO for Hardware for Civil works fabrications (Balance),Isam Kabbani Trading LLC,MVL USA JV LLC,PO for Hardware for Civil works fabrications (Balance),Various,Various,1090.81,USD,2025,1,6852,RFPO-6852-V40022,Base PO
RFPO-6544-E6802-1,30 Jan 2025,PO for Additonal Materials,WESCO Distribution Inc,MACRO,PO for Additonal Materials,Electrical,Electrical,2343.9,USD,2025,1,6544,RFPO-6544-E6802,Base PO
RFPO-6542-E6812-1,29 Jan 2025,PO for Telecommunications Grounding Busbar,EMSI Inc.,MACRO,PO for Telecommunications Grounding Busbar,Electrical,Electrical,802.72,USD,2025,1,6542,RFPO-6542-E6812,Base PO
RFPO-6705-V40028-1,29 Jan 2025,PO for OX-P011210,MONJE,MVL USA JV LLC,PO for OX-P011210,Various,Various,35275.26,USD,2025,1,6705,RFPO-6705-V40028,Base PO
RFPO-6705-V40029-1,29 Jan 2025,PO for Rebar Shop Drawing,Nucor Rebar Fabrication,MVL USA JV LLC,PO for Rebar Shop Drawing,Various,Various,13000.0,USD,2025,1,6705,RFPO-6705-V40029,Base PO
RFPO-6705-V40030-1,29 Jan 2025,PO for Epoxy Coated Rebar GR60,Nucor Rebar Fabrication,MVL USA JV LLC,PO for Epoxy Coated Rebar GR60,Various,Various,28549.922,USD,2025,1,6705,RFPO-6705-V40030,Base PO
RFPO-1569-V4421-1,29 Jan 2025,"PO for 3D RESIN REPLICA CUT OUT STUCK ON DOUBLE BLACK RESIN BASE W/PRINTING, SIZE - 22CM T.H",CRYSTAL ARC FACTORY LLC,FIRESTOP,"PO for 3D RESIN REPLICA CUT OUT STUCK ON DOUBLE BLACK RESIN BASE W/PRINTING, SIZE - 22CM T.H",Various,Various,272.29,USD,2025,1,1569,RFPO-1569-V4421,Base PO
RFPO-6544-E6800-1,28 Jan 2025,PO for Electrical Materials,TIC LIGHT ELECTRICAL CORP,MACRO,PO for Electrical Materials,Electrical,Electrical,27355.99,USD,2025,1,6544,RFPO-6544-E6800,Base PO
RFPO-6544-E6801-1,28 Jan 2025,PO for Electrical Items,Benfield Electric International Ltd.,MACRO,PO for Electrical Items,Electrical,Electrical,1681.67,USD,2025,1,6544,RFPO-6544-E6801,Base PO
RFPO-6542-V40019A-2,28 Jan 2025,PO for Floor Sinks,Blue Line Trading Group LLC,MVL USA JV LLC,PO for Floor Sinks,Various,Various,346.45,USD,2025,1,6542,RFPO-6542-V40019A,Change Order
RFPO-6841-V40008-1,28 Jan 2025,PO for Duct Hardware,MISAR TRADING CO. ( L L C),MACRO,PO for Duct Hardware,Various,Various,630.09,USD,2025,1,6841,RFPO-6841-V40008,Base PO
RFPO-6841-V40010-1,28 Jan 2025,PO for Vacuum cleaner and Hose,FINE TOOLS TRADING LLC,MACRO,PO for Vacuum cleaner and Hose,Various,Various,828.86,USD,2025,1,6841,RFPO-6841-V40010,Base PO
RFPO-1569-O80-1,27 Jan 2025,PO for Microsoft 365 GCC G5 (Governmental Community Cloud Pricing) - Renewal,Managed Solution LLC,MACRO,PO for Microsoft 365 GCC G5 (Governmental Community Cloud Pricing) - Renewal,Office Assets,Office Assets,150480.0,USD,2025,1,1569,RFPO-1569-O80,Base PO
RFPO-6705-V40021-2,27 Jan 2025,Doug Fir Lumber and Common Nails,Dateline Exports Inc.,MVL USA JV LLC,Doug Fir Lumber and Common Nails,Various,Various,9715.86,USD,2025,1,6705,RFPO-6705-V40021,Change Order
RFPO-5532-V40055-1,27 Jan 2025,PO for Vertical WATER TANK 1500 US GALLON Polyethylene 3 Layer,Stars Poly Storage Tanks Factory (L.L.C.),MVL USA JV LLC,PO for Vertical WATER TANK 1500 US GALLON Polyethylene 3 Layer,Various,Various,980.26,USD,2025,1,5532,RFPO-5532-V40055,Base PO
RFPO-3734-S9100-1,24 Jan 2025,PO for 1 day Service charges for pumps functional check and technical report against TRLC Chilled water Pumps,GOLF INTERNATIONAL CO HYDROTURF WLL,MACRO,PO for 1 day Service charges for pumps functional check and technical report against TRLC Chilled water Pumps,Services,Services,961.54,USD,2025,1,3734,RFPO-3734-S9100,Base PO
RFPO-5695-S9102-1,24 Jan 2025,PO for Welding Tests of Plate and Rebar,MIRAI CALIBRATION LABORATORY PTE LTD,MICRON,PO for Welding Tests of Plate and Rebar,Services,Services,1450.0,USD,2025,1,5695,RFPO-5695-S9102,Base PO
RFPO-1569-O79-1,24 Jan 2025,PO for Grandstream IP Phone GXP1782,AL KOFA COMPUTER TRADING LLC,MACRO,PO for Grandstream IP Phone GXP1782,Office Assets,Office Assets,251.87,USD,2025,1,1569,RFPO-1569-O79,Base PO
RFPO-5829-R1507-1,23 Jan 2025,PO for Nissan Sunny 1.5L SV SY2 2023 ExFleet - 2 months rental,Diamondlease LLC,FIRESTOP,PO for Nissan Sunny 1.5L SV SY2 2023 ExFleet - 2 months rental,Rental,Rental,955.75,USD,2025,1,5829,RFPO-5829-R1507,Base PO
RFPO-6705-V40027-1,23 Jan 2025,PO for Plumbing Tools,MONJE,MVL USA JV LLC,PO for Plumbing Tools,Various,Various,6875.88,USD,2025,1,6705,RFPO-6705-V40027,Base PO
RFPO-6852-V40021-1,23 Jan 2025,PO for Fabricated Civil Supports,Isam Kabbani Trading LLC,MVL USA JV LLC,PO for Fabricated Civil Supports,Various,Various,26230.09,USD,2025,1,6852,RFPO-6852-V40021,Base PO
RFPO-6705-E6802-1,23 Jan 2025,PO for  Southwire LV Cable THHN/THWN/TW/XHHW,EMSI Inc.,MACRO,PO for  Southwire LV Cable THHN/THWN/TW/XHHW,Electrical,Electrical,13317.4,USD,2025,1,6705,RFPO-6705-E6802,Base PO
RFPO-5532-V40054-1,22 Jan 2025,PO for Best Weld 717-21 PVC Heavy Duty Clear Cement 473ml,Leeds Services Co. Pte Ltd.,MVL USA JV LLC,PO for Best Weld 717-21 PVC Heavy Duty Clear Cement 473ml,Various,Various,1800.0,USD,2025,1,5532,RFPO-5532-V40054,Base PO
RFPO-6542-V40019B-1,22 Jan 2025,PO for Floor Drain & Cleanouts,Blue Line Trading Group LLC,Yamauchi Gumi,PO for Floor Drain & Cleanouts,Various,Various,946.0,USD,2025,1,6542,RFPO-6542-V40019B,Base PO
RFPO-7139-E6800-1,21 Jan 2025,PO for MV Cables,EMSI Inc.,MACRO,PO for MV Cables,Electrical,Electrical,5976.0,USD,2025,1,7139,RFPO-7139-E6800,Base PO
RFPO-5532-M4029-1,21 Jan 2025,"PO for SPARE PARTS - Backhoe XCMG 1.0m3 4WD backhoe loader WZ30- 25 ENGINE NO.: BY7G1P00044 CHASSIS NO.: XUG0WZ30JPCA00804 PIN: XUG0WZ30JPCA00804, HELI FORKLIFT and Dong Feng Truck Crane",Evangel International Machinery Ltd.,MACRO,"PO for SPARE PARTS - Backhoe XCMG 1.0m3 4WD backhoe loader WZ30- 25 ENGINE NO.: BY7G1P00044 CHASSIS NO.: XUG0WZ30JPCA00804 PIN: XUG0WZ30JPCA00804, HELI FORKLIFT and Dong Feng Truck Crane",Mechanical,Mechanical,7329.3,USD,2025,1,5532,RFPO-5532-M4029,Base PO
RFPO-6841-V40009-1,21 Jan 2025,PO for Vibration Isolators & Pads,Kinetics Middle East LLC,MACRO,PO for Vibration Isolators & Pads,Various,Various,1250.7,USD,2025,1,6841,RFPO-6841-V40009,Base PO
RFPO-6544-V40013-1,17 Jan 2025,PO for Fabricated Stainless Steel Material,"H&M Metal Crafters, LLC",MACRO,PO for Fabricated Stainless Steel Material,Various,Various,2446.0,USD,2025,1,6544,RFPO-6544-V40013,Base PO
RFPO-1569-V4420-1,16 Jan 2025,PO for SHARP MX3051 - 1 SET OF TONERS,Printek  SUPPLIES L.L.C,FIRESTOP,PO for SHARP MX3051 - 1 SET OF TONERS,Various,Various,517.36,USD,2025,1,1569,RFPO-1569-V4420,Base PO
RFPO-6544-V40012-1,16 Jan 2025,PO for Roofing Materials,HEELY-BROWN COMPANY,MACRO,PO for Roofing Materials,Various,Various,9249.276,USD,2025,1,6544,RFPO-6544-V40012,Base PO
RFPO-6705-E6801-1,16 Jan 2025,PO for A52EA12,EMSI Inc.,MACRO,PO for A52EA12,Electrical,Electrical,7904.15,USD,2025,1,6705,RFPO-6705-E6801,Base PO
RFPO-6542-A5201A-1,15 Jan 2025,PO for Non-fire rated steel door,Vulcan Industries LLC,MACRO,PO for Non-fire rated steel door,Architectural,Architectural,5950.95,USD,2025,1,6542,RFPO-6542-A5201A,Base PO
RFPO-6705-V40026-1,15 Jan 2025,PO for R-38 Knauf Ceiling Insulation,Dateline Exports Inc.,MVL USA JV LLC,PO for R-38 Knauf Ceiling Insulation,Various,Various,32974.865,USD,2025,1,6705,RFPO-6705-V40026,Base PO
RFPO-5695-V40014-1,14 Jan 2025,PO for DIAMOND WIRE SAW - AS PER ATTACHED QUOTATION,"Zhengzhou Yugong Construction Machinery Co., Ltd.",MACRO,PO for DIAMOND WIRE SAW - AS PER ATTACHED QUOTATION,Various,Various,4722.0,USD,2025,1,5695,RFPO-5695-V40014,Base PO
RFPO-7205-E6801-1,14 Jan 2025,"PO for Weather Shelter 3, 4 and 5 - LIGHTING FIXTURES - INTERNAL AND EXTERNAL - AS PER ATTACHED APPROVED SUBMITTALS",BAIT AL-ASEEL FOR GENERAL TRADING AND CONTRACTING,MACRO,"PO for Weather Shelter 3, 4 and 5 - LIGHTING FIXTURES - INTERNAL AND EXTERNAL - AS PER ATTACHED APPROVED SUBMITTALS",Electrical,Electrical,75352.62,USD,2025,1,7205,RFPO-7205-E6801,Base PO
RFPO-7010-V40005-1,14 Jan 2025,PO for Ladder Consumables - Angles & Strip,Isam Kabbani Trading LLC,MVL Greece,PO for Ladder Consumables - Angles & Strip,Various,Various,1177.67,USD,2025,1,7010,RFPO-7010-V40005,Base PO
RFPO-7010-V40003-2,14 Jan 2025,PO for Steel Platform Decking,Oasis Metal Manufacturing LLC,MACRO,PO for Steel Platform Decking,Various,Various,3647.94,USD,2025,1,7010,RFPO-7010-V40003,Change Order
RFPO-6542-V40009A-1,14 Jan 2025,PO for Receptacles (WP & non-WP) with Cover,WESTEX GROUP INC,MVL USA JV LLC,PO for Receptacles (WP & non-WP) with Cover,Various,Various,1865.0,USD,2025,1,6542,RFPO-6542-V40009A,Base PO
RFPO-6542-E6810-1,14 Jan 2025,"PO for Switches, Dimmers, Occupancy Sensors, Power banks incld. Plates [FOR BLDG B111,B116]",Benfield Electric International Ltd.,MACRO,"PO for Switches, Dimmers, Occupancy Sensors, Power banks incld. Plates [FOR BLDG B111,B116]",Electrical,Electrical,2134.48,USD,2025,1,6542,RFPO-6542-E6810,Base PO
RFPO-6542-E6811-1,14 Jan 2025,"PO for Switches, Dimmers, Occupancy Sensors, Power banks incld. Plates [FOR BLDG B119]",Benfield Electric International Ltd.,MVL Nepal,"PO for Switches, Dimmers, Occupancy Sensors, Power banks incld. Plates [FOR BLDG B119]",Electrical,Electrical,977.22,USD,2025,1,6542,RFPO-6542-E6811,Base PO
RFPO-5532-V40052-1,13 Jan 2025,PO for Aggregates and Cement - January Vessel,Leeds Services Co. Pte Ltd.,MVL USA JV LLC,PO for Aggregates and Cement - January Vessel,Various,Various,18974.0,USD,2025,1,5532,RFPO-5532-V40052,Base PO
RFPO-6852-V40020-1,13 Jan 2025,PO for Camlock with Dust Cap (2inch & 3inch),Jet Fuel Specialists LLC,MVL USA JV LLC,PO for Camlock with Dust Cap (2inch & 3inch),Various,Various,2787.07,USD,2025,1,6852,RFPO-6852-V40020,Base PO
RFPO-6841-V40007-1,13 Jan 2025,PO for Duct Paints,The Sherwin-Williams Company,MVL Greece,PO for Duct Paints,Various,Various,1029.24,USD,2025,1,6841,RFPO-6841-V40007,Base PO
RFPO-5532-V40053-1,13 Jan 2025,PO for JFV140401 - Pre-Shipment Inspection Supplier: Evangel International Machinery Ltd. Ref# Item No : 3 - SINOTRUK HOWO 400HP 6X4 dump truckItem# SINOTRUK HOWO 400HP 6X4 dump truck,V-Trust Inspection Service Co. Ltd.,MVL USA JV LLC,PO for JFV140401 - Pre-Shipment Inspection Supplier: Evangel International Machinery Ltd. Ref# Item No : 3 - SINOTRUK HOWO 400HP 6X4 dump truckItem# SINOTRUK HOWO 400HP 6X4 dump truck,Various,Various,1072.0,USD,2025,1,5532,RFPO-5532-V40053,Base PO
RFPO-6746-V40021-1,13 Jan 2025,PO for Non slip aggregate,The Sherwin-Williams Company,MVL USA JV LLC,PO for Non slip aggregate,Various,Various,1070.9,USD,2025,1,6746,RFPO-6746-V40021,Base PO
RFPO-7098-V40000-1,10 Jan 2025,"PO for BACKER ROD, SPEC POXY SAMPLES",Dateline Exports Inc.,MACRO,"PO for BACKER ROD, SPEC POXY SAMPLES",Various,Various,838.31,USD,2025,1,7098,RFPO-7098-V40000,Base PO
RFPO-6852-V40019A-1,08 Jan 2025,PO for U-Bolt & Friction Pads,APP Manufacturing,MVL USA JV LLC,PO for U-Bolt & Friction Pads,Various,Various,16696.33,USD,2025,1,6852,RFPO-6852-V40019A,Base PO
RFPO-7027-V40005B-1,08 Jan 2025,PO for Duct and accessories,FIRMAC INDUSTRIES L.L.C,MVL USA JV LLC,PO for Duct and accessories,Various,Various,2819.95,USD,2025,1,7027,RFPO-7027-V40005B,Base PO
RFPO-7039-V40004-1,08 Jan 2025,"PO for Civil Items X025, X027, X055","White Cap Supply Holdings, LLC",MACRO,"PO for Civil Items X025, X027, X055",Various,Various,11459.4668,USD,2025,1,7039,RFPO-7039-V40004,Base PO
RFPO-7010-V40004A-1,08 Jan 2025,PO for Ladder - consumables (Nut/bolt/washer),Isam Kabbani Trading LLC,MACRO,PO for Ladder - consumables (Nut/bolt/washer),Various,Various,67.23,USD,2025,1,7010,RFPO-7010-V40004A,Base PO
RFPO-6542-V40025-1,08 Jan 2025,PO for Wall and Kitchen Cabinet,Shark Cabinet INC,MVL USA JV LLC,PO for Wall and Kitchen Cabinet,Various,Various,7076.0,USD,2025,1,6542,RFPO-6542-V40025,Base PO
RFPO-6705-V40024-1,08 Jan 2025,PO for PORTABLE GENERATOR,MONJE,MVL USA JV LLC,PO for PORTABLE GENERATOR,Various,Various,4073.3,USD,2025,1,6705,RFPO-6705-V40024,Base PO
RFPO-6841-T1000-1,08 Jan 2025,PO for Duct Accessories,ANBI GENERAL TRADING LLC,MVL TRADING,PO for Duct Accessories,Tools,Tools,411.16,USD,2025,1,6841,RFPO-6841-T1000,Base PO
RFPO-6705-V40025-1,08 Jan 2025,PO for Fiberglass Ladder,Dateline Exports Inc.,MVL USA JV LLC,PO for Fiberglass Ladder,Various,Various,1254.57,USD,2025,1,6705,RFPO-6705-V40025,Base PO
RFPO-6841-V40006-1,08 Jan 2025,PO for PVC Engraved Labels. 150 (L)x100(W) mm. 65mm height for letters. White Letters and Black background.,Grace Labels LLC,MACRO,PO for PVC Engraved Labels. 150 (L)x100(W) mm. 65mm height for letters. White Letters and Black background.,Various,Various,122.53,USD,2025,1,6841,RFPO-6841-V40006,Base PO
RFPO-7039-V40003-1,07 Jan 2025,"PO for Warning Tape, Sealant",Kelly & Hayes Electrical Industrial & Plumbing Supplies,MACRO,"PO for Warning Tape, Sealant",Various,Various,3235.0,USD,2025,1,7039,RFPO-7039-V40003,Base PO
RFPO-5657-M4105-1,07 Jan 2025,PO for Replacement of Submersible Pump,Zoeller Pump Company,MACRO,PO for Replacement of Submersible Pump,Mechanical,Mechanical,5721.56,USD,2025,1,5657,RFPO-5657-M4105,Base PO
RFPO-7010-V40002-1,06 Jan 2025,"PO for Fixed Ladder , Guard Rail & Ladder Safety device",SkyHigh Ladders & Guardrails Inc.,MACRO,"PO for Fixed Ladder , Guard Rail & Ladder Safety device",Various,Various,35600.0,USD,2025,1,7010,RFPO-7010-V40002,Base PO
RFPO-1569-O78-1,06 Jan 2025,PO for NISTCMMC Project implementation,RivYv Technologies,MACRO,PO for NISTCMMC Project implementation,Office Assets,Office Assets,800.0,USD,2025,1,1569,RFPO-1569-O78,Base PO
RFPO-6852-V40018A-1,06 Jan 2025,PO for Hardware for Civil works fabrications (Balance),Isam Kabbani Trading LLC,Yamauchi Gumi,PO for Hardware for Civil works fabrications (Balance),Various,Various,761.53,USD,2025,1,6852,RFPO-6852-V40018A,Base PO
RFPO-5657-V40016-2,06 Jan 2025,"PO for Start-Up, Testing, and Commissioning of Sewage Pumping Systems (SIX LIFT STATIONS)",FLUIDS SOLUTIONS,MACRO,"PO for Start-Up, Testing, and Commissioning of Sewage Pumping Systems (SIX LIFT STATIONS)",Various,Various,27360.0,USD,2025,1,5657,RFPO-5657-V40016,Change Order
RFPO-6705-M4008A-2,24 Dec 2024,PO for KWAJALEIN HEAVY MACHINERIES PRIORITY 1,Evangel International Machinery Ltd.,MACRO,PO for KWAJALEIN HEAVY MACHINERIES PRIORITY 1,Mechanical,Mechanical,200857.6,USD,2024,12,6705,RFPO-6705-M4008A,Change Order
RFPO-6542-A5201-1,24 Dec 2024,PO for Non-fire rated steel door,Vulcan Industries LLC,MACRO,PO for Non-fire rated steel door,Architectural,Architectural,5946.9,USD,2024,12,6542,RFPO-6542-A5201,Base PO
RFPO-6705-M4102-1,24 Dec 2024,PO for 750KVA Oil Type Transformer,"Jiangsu Ryan Electric Co.,Ltd",MACRO,PO for 750KVA Oil Type Transformer,Mechanical,Mechanical,41440.0,USD,2024,12,6705,RFPO-6705-M4102,Base PO
RFPO-7039-V40002-1,23 Dec 2024,"PO for Curing Materials, Non shrink grout",Al Majara Polychem Industries LLC,MACRO,"PO for Curing Materials, Non shrink grout",Various,Various,1887.41,USD,2024,12,7039,RFPO-7039-V40002,Base PO
RFPO-7139-M4000-1,23 Dec 2024,PO for J9159 ROCK HYDRAULIC BREAKER and  Single Arm Digger for XC740K,Evangel International Machinery Ltd.,FIRESTOP,PO for J9159 ROCK HYDRAULIC BREAKER and  Single Arm Digger for XC740K,Mechanical,Mechanical,3400.0,USD,2024,12,7139,RFPO-7139-M4000,Base PO
RFPO-6705-M4101-1,20 Dec 2024,PO for Unit Substation - 186inch  W X 92inch H X60inch D,TURTLE,MACRO,PO for Unit Substation - 186inch  W X 92inch H X60inch D,Mechanical,Mechanical,276922.0,USD,2024,12,6705,RFPO-6705-M4101,Base PO
RFPO-6705-M4101-2,20 Dec 2024,PO for Unit Substation - 186inch  W X 92inch H X60inch D,TURTLE,MACRO,PO for Unit Substation - 186inch  W X 92inch H X60inch D,Mechanical,Mechanical,276922.0,USD,2024,12,6705,RFPO-6705-M4101,Change Order
RFPO-6705-M4101-3,20 Dec 2024,PO for Unit Substation - 186inch  W X 92inch H X60inch D,TURTLE,MACRO,PO for Unit Substation - 186inch  W X 92inch H X60inch D,Mechanical,Mechanical,288622.0,USD,2024,12,6705,RFPO-6705-M4101,Change Order
RFPO-6705-E6800-2,19 Dec 2024,Supply of Medium Voltage Cables,EMSI Inc.,MACRO,Supply of Medium Voltage Cables,Electrical,Electrical,29920.0,USD,2024,12,6705,RFPO-6705-E6800,Change Order
RFPO-5829-A5301-1,19 Dec 2024,PO for FREE ISUUED - EXTERIOR PAINTS - TRITON AS PER APPROVED SUBMITTALS,SAS express BUILDING MATERIALS TRADING LLC,MACRO,PO for FREE ISUUED - EXTERIOR PAINTS - TRITON AS PER APPROVED SUBMITTALS,Architectural,Architectural,4978.9,USD,2024,12,5829,RFPO-5829-A5301,Base PO
RFPO-5829-V40020-1,19 Dec 2024,PO for FREE ISUUED - INTERIOR PAINTS - TRITON AS PER APPROVED SUBMITTALS,SAS express BUILDING MATERIALS TRADING LLC,MVL USA JV LLC,PO for FREE ISUUED - INTERIOR PAINTS - TRITON AS PER APPROVED SUBMITTALS,Various,Various,53091.9,USD,2024,12,5829,RFPO-5829-V40020,Base PO
RFPO-6841-V40005A-1,19 Dec 2024,PO for Duct and accessories,FIRMAC INDUSTRIES L.L.C,MVL USA JV LLC,PO for Duct and accessories,Various,Various,794.16,USD,2024,12,6841,RFPO-6841-V40005A,Base PO
RFPO-6746-V40012-1,18 Dec 2024,PO for Water Meter,TIC LIGHT ELECTRICAL CORP,MACRO,PO for Water Meter,Various,Various,3124.95,USD,2024,12,6746,RFPO-6746-V40012,Base PO
RFPO-5532-V40051-1,18 Dec 2024,PO for Pre-Shipment Inspection,V-Trust Inspection Service Co. Ltd.,MVL USA JV LLC,PO for Pre-Shipment Inspection,Various,Various,268.0,USD,2024,12,5532,RFPO-5532-V40051,Base PO
RFPO-1005-S9105-1,16 Dec 2024,PO for Pre-shipment Inspection Charges,TUV SUD MIDDLE EAST LLC,MICRON,PO for Pre-shipment Inspection Charges,Services,Services,140.0,USD,2024,12,1005,RFPO-1005-S9105,Base PO
RFPO-1569-O76-1,16 Dec 2024,PO for SERVER UPGRADE EQUIPMENTS,AL KOFA COMPUTER TRADING LLC,MACRO,PO for SERVER UPGRADE EQUIPMENTS,Office Assets,Office Assets,514.64,USD,2024,12,1569,RFPO-1569-O76,Base PO
RFPO-7204-V40001-1,16 Dec 2024,PO for Supply of Roof and Wall Panel Weather Shelter 3- as per Approved Submittal,Emirates Industrial Panel,MACRO,PO for Supply of Roof and Wall Panel Weather Shelter 3- as per Approved Submittal,Various,Various,99063.9464,USD,2024,12,7204,RFPO-7204-V40001,Base PO
RFPO-7205-V40001-1,16 Dec 2024,PO for Supply of Roof and Wall Panel Weather Shelter 4- as per Approved Submittal,Emirates Industrial Panel,MACRO,PO for Supply of Roof and Wall Panel Weather Shelter 4- as per Approved Submittal,Various,Various,99063.9464,USD,2024,12,7205,RFPO-7205-V40001,Base PO
RFPO-7198-V40001-1,16 Dec 2024,PO for Supply of Roof and Wall Panel Weather Shelter 5- as per Approved Submittal,Emirates Industrial Panel,MACRO,PO for Supply of Roof and Wall Panel Weather Shelter 5- as per Approved Submittal,Various,Various,99063.9464,USD,2024,12,7198,RFPO-7198-V40001,Base PO
RFPO-1569-O77-1,16 Dec 2024,PO for Bluebeam Core - Annual Subscription,AllCAD Solutions LLC,MACRO,PO for Bluebeam Core - Annual Subscription,Office Assets,Office Assets,560.93,USD,2024,12,1569,RFPO-1569-O77,Base PO
RFPO-5532-M4028-1,16 Dec 2024,PO for XCMG 50 TON TRUCK CRANE MDOEL QY50KD - with Two years wearing spare parts,Evangel International Machinery Ltd.,MACRO,PO for XCMG 50 TON TRUCK CRANE MDOEL QY50KD - with Two years wearing spare parts,Mechanical,Mechanical,141735.0,USD,2024,12,5532,RFPO-5532-M4028,Base PO
RFPO-5829-V40023-1,11 Dec 2024,PO for PROCUREMENT SUPPORT - TRITON - VALVES - AS PER APPROVED SUBMITTAL,AL FUAD TRADING ESTABLISHMENT,MVL USA JV LLC,PO for PROCUREMENT SUPPORT - TRITON - VALVES - AS PER APPROVED SUBMITTAL,Various,Various,41087.0,USD,2024,12,5829,RFPO-5829-V40023,Base PO
RFPO-5829-V40024-1,11 Dec 2024,PO for Supply of Fixed Bollards as per Approved Submittal,Lomeq Technical Services Co. L.L.C,MVL USA JV LLC,PO for Supply of Fixed Bollards as per Approved Submittal,Various,Various,11449.97,USD,2024,12,5829,RFPO-5829-V40024,Base PO
RFPO-5503-V40013-1,11 Dec 2024,PO for MVL QUALTIY CONTROL RAPIDROP PIV GATE VALVES - AS PER APPROVED QUOTATION,FORMULA TECHNIKI S.A.,MACRO,PO for MVL QUALTIY CONTROL RAPIDROP PIV GATE VALVES - AS PER APPROVED QUOTATION,Various,Various,3105.98,USD,2024,12,5503,RFPO-5503-V40013,Base PO
RFPO-6542-V40024-1,11 Dec 2024,PO for Toilet Compartments,SMART CHOICE DECOR. LLC,MVL USA JV LLC,PO for Toilet Compartments,Various,Various,2334.03,USD,2024,12,6542,RFPO-6542-V40024,Base PO
RFPO-6746-V40020-1,11 Dec 2024,PO for Gala Valves,SALEH ZAID ALQURAISHI & PARTNERS TRAD.CO.LTD.,MVL USA JV LLC,PO for Gala Valves,Various,Various,9597.33,USD,2024,12,6746,RFPO-6746-V40020,Base PO
RFPO-7204-E6800-1,10 Dec 2024,PO for Low Velocity Fan Weather Shelter 3 - as per attached approved submittal,Gulf Facilities Trading & Contracting Co.,MACRO,PO for Low Velocity Fan Weather Shelter 3 - as per attached approved submittal,Electrical,Electrical,22465.95,USD,2024,12,7204,RFPO-7204-E6800,Base PO
RFPO-7205-E6800-1,10 Dec 2024,PO for Low Velocity Fan Weather Shelter 4 as per Approved Submittal,Gulf Facilities Trading & Contracting Co.,MACRO,PO for Low Velocity Fan Weather Shelter 4 as per Approved Submittal,Electrical,Electrical,22465.95,USD,2024,12,7205,RFPO-7205-E6800,Base PO
RFPO-7198-E6800-1,10 Dec 2024,PO for Low Velocity Fan Weather Shelter 5 as per Approved Submittal,Gulf Facilities Trading & Contracting Co.,MACRO,PO for Low Velocity Fan Weather Shelter 5 as per Approved Submittal,Electrical,Electrical,22465.95,USD,2024,12,7198,RFPO-7198-E6800,Base PO
RFPO-7204-E6800-2,10 Dec 2024,PO for SAMPLE,(ATC) Asr Taqa Contracting,MACRO,PO for SAMPLE,Electrical,Electrical,0,USD,2024,12,7204,RFPO-7204-E6800,Change Order
RFPO-6705-M4009-1,06 Dec 2024,PO for Golf Cart 8-seater Model - GM-6D+2,"Henan XunHu Equipment Co., Ltd",MVL USA JV LLC,PO for Golf Cart 8-seater Model - GM-6D+2,Mechanical,Mechanical,16060.0,USD,2024,12,6705,RFPO-6705-M4009,Base PO
RFPO-6705-V40022-1,06 Dec 2024,PO for Outdoor Carport Tent,LOWES,MVL USA JV LLC,PO for Outdoor Carport Tent,Various,Various,2210.0,USD,2024,12,6705,RFPO-6705-V40022,Base PO
RFPO-5657-V40016-1,05 Dec 2024,"PO for Start-Up, Testing, and Commissioning of Sewage Pumping Systems (SIX LIFT STATIONS)",FLUIDS SOLUTIONS,MACRO,"PO for Start-Up, Testing, and Commissioning of Sewage Pumping Systems (SIX LIFT STATIONS)",Various,Various,20052.0,USD,2024,12,5657,RFPO-5657-V40016,Base PO
RFPO-6705-M4008A-1,05 Dec 2024,PO for KWAJALEIN HEAVY MACHINERIES PRIORITY 1,Evangel International Machinery Ltd.,MACRO,PO for KWAJALEIN HEAVY MACHINERIES PRIORITY 1,Mechanical,Mechanical,201087.6,USD,2024,12,6705,RFPO-6705-M4008A,Base PO
RFPO-6746-A5301-1,05 Dec 2024,PO for High Performance Coating,BM Middle East FZC,MACRO,PO for High Performance Coating,Architectural,Architectural,29020.0,USD,2024,12,6746,RFPO-6746-A5301,Base PO
RFPO-6408-V40023-1,05 Dec 2024,PO for Retouch Paints,The Sherwin-Williams Company,MVL USA JV LLC,PO for Retouch Paints,Various,Various,2976.78,USD,2024,12,6408,RFPO-6408-V40023,Base PO
RFPO-6718-S9103-1,05 Dec 2024,PO for X048 - Third Party inspection,TUV SUD MIDDLE EAST LLC,MACRO,PO for X048 - Third Party inspection,Services,Services,272.29,USD,2024,12,6718,RFPO-6718-S9103,Base PO
RFPO-7039-V40001-1,04 Dec 2024,PO for Quicseal 713,Leeds Services Co. Pte Ltd.,MACRO,PO for Quicseal 713,Various,Various,15660.0,USD,2024,12,7039,RFPO-7039-V40001,Base PO
RFPO-6746-V40019-1,28 Nov 2024,PO for Pressure Gauge,Winters Instruments,MVL USA JV LLC,PO for Pressure Gauge,Various,Various,695.71,USD,2024,11,6746,RFPO-6746-V40019,Base PO
RFPO-5829-S9102-1,28 Nov 2024,PO for Sewage Tanker Services - Collection and removal of Sewage Tanker waste,OHIO GENERAL CONTRACTING LLC,MICRON,PO for Sewage Tanker Services - Collection and removal of Sewage Tanker waste,Services,Services,953.03,USD,2024,11,5829,RFPO-5829-S9102,Base PO
RFPO-5503-A5201-1,27 Nov 2024,"PO for ALUMINIUM DOORS AND ALUMINIUM WINDOWS (W1, W3, W4, W5)",SALZER GmbH,MACRO,"PO for ALUMINIUM DOORS AND ALUMINIUM WINDOWS (W1, W3, W4, W5)",Architectural,Architectural,325573.91,USD,2024,11,5503,RFPO-5503-A5201,Base PO
RFPO-5532-V40050-1,27 Nov 2024,PO for SUPPLY AND DELIVERY OF MEDICINES AND ACCESSORIES - DIEGO GARCIA,Leeds Services Co. Pte Ltd.,MVL USA JV LLC,PO for SUPPLY AND DELIVERY OF MEDICINES AND ACCESSORIES - DIEGO GARCIA,Various,Various,2415.0,USD,2024,11,5532,RFPO-5532-V40050,Base PO
RFPO-3734-M4106-1,26 Nov 2024,PO for INSPECTION - 30XB CHILLER # 1 & 3,Carrier Solutions Contracting and Trading and Services W.L.L.,MW-OCS,PO for INSPECTION - 30XB CHILLER # 1 & 3,Mechanical,Mechanical,1373.63,USD,2024,11,3734,RFPO-3734-M4106,Base PO
RFPO-6705-V40021-1,26 Nov 2024,Doug Fir Lumber and Common Nails,Dateline Exports Inc.,MVL USA JV LLC,Doug Fir Lumber and Common Nails,Various,Various,8553.14,USD,2024,11,6705,RFPO-6705-V40021,Base PO
RFPO-5532-V40048-1,26 Nov 2024,PO forADDITIONAL MATERIALS FOR SEWER AND WATERLINES - F - PVC TEE COMBINATION,CRESCO MIDDLE EAST TRADING L.L.C,MVL USA JV LLC,PO forADDITIONAL MATERIALS FOR SEWER AND WATERLINES - F - PVC TEE COMBINATION,Various,Various,1309.19,USD,2024,11,5532,RFPO-5532-V40048,Base PO
RFPO-5532-V40040-3,26 Nov 2024,PO for Man Camp #02 Construction - Trusses and Roofing Materials A,Matco Industries LLC,MVL USA JV LLC,PO for Man Camp #02 Construction - Trusses and Roofing Materials A,Various,Various,54650.24,USD,2024,11,5532,RFPO-5532-V40040,Change Order
RFPO-5532-V40041-3,26 Nov 2024,PO for Man Camp #01 Construction - Trusses and Roofing Materials A,Matco Industries LLC,MVL USA JV LLC,PO for Man Camp #01 Construction - Trusses and Roofing Materials A,Various,Various,18194.55,USD,2024,11,5532,RFPO-5532-V40041,Change Order
RFPO-5829-V40021-1,25 Nov 2024,PO for External Lighting Fixtures as per attached Submittal,Extol International Trading LLC,MVL USA JV LLC,PO for External Lighting Fixtures as per attached Submittal,Various,Various,64853.34,USD,2024,11,5829,RFPO-5829-V40021,Base PO
RFPO-5829-A5203-1,25 Nov 2024,PO for FREE ISSUED - TRITON Hollow Metal Steel Doors and Blast Doors - AS PER APPROVED SUBMITTAL,Lakshmi Metal Tech LLC,MACRO,PO for FREE ISSUED - TRITON Hollow Metal Steel Doors and Blast Doors - AS PER APPROVED SUBMITTAL,Architectural,Architectural,319107.25,USD,2024,11,5829,RFPO-5829-A5203,Base PO
RFPO-6705-V40020-1,25 Nov 2024,MFX Gridlock (E) Bicycles,MUDDY FOX LLC.,MVL USA JV LLC,MFX Gridlock (E) Bicycles,Various,Various,11750.0,USD,2024,11,6705,RFPO-6705-V40020,Base PO
RFPO-1005-S9104-1,25 Nov 2024,PO for Third Party Inspection Services,BUREAU VERITAS DUBAI,"MVL USA, INC",PO for Third Party Inspection Services,Services,Services,264.8,USD,2024,11,1005,RFPO-1005-S9104,Base PO
RFPO-6746-V40018-1,25 Nov 2024,PO for Paints and Coatings,The Sherwin-Williams Company,MVL USA JV LLC,PO for Paints and Coatings,Various,Various,19822.675,USD,2024,11,6746,RFPO-6746-V40018,Base PO
RFPO-5532-M4027-1,23 Nov 2024,PO for CONCRETE BATCHING PLANT RECOMMENDED SPARE LIST 100D DRY PLANT,MEKA,MVL USA JV LLC,PO for CONCRETE BATCHING PLANT RECOMMENDED SPARE LIST 100D DRY PLANT,Mechanical,Mechanical,24456.52,USD,2024,11,5532,RFPO-5532-M4027,Base PO
RFPO-1569-O75-1,23 Nov 2024,PO for ZIA/ ZPA Implementation - NIST / CMMC Implementation,RivYv Technologies,MACRO,PO for ZIA/ ZPA Implementation - NIST / CMMC Implementation,Office Assets,Office Assets,10000.0,USD,2024,11,1569,RFPO-1569-O75,Base PO
RFPO-5532-M4024-2,22 Nov 2024,PO for 1ST PRIORITY DG HEAVY EQUIPMENTS,Evangel International Machinery Ltd.,MVL USA JV LLC,PO for 1ST PRIORITY DG HEAVY EQUIPMENTS,Mechanical,Mechanical,284598.0,USD,2024,11,5532,RFPO-5532-M4024,Change Order
RFPO-5829-V40022-1,22 Nov 2024,PO for Pump Room Drain Trench Grating - as per Approved Submittal,DUCAST FACTORY - SOLE PROPRIETORSHIP L.L.C. - ABU DHABI BRANCH 1,MVL USA JV LLC,PO for Pump Room Drain Trench Grating - as per Approved Submittal,Various,Various,3115.04,USD,2024,11,5829,RFPO-5829-V40022,Base PO
RFPO-6542-V40023-1,21 Nov 2024,"PO for Round Motorized Volume Damper (RMVD), 100mm",KBE Gulf (LLC),MVL USA JV LLC,"PO for Round Motorized Volume Damper (RMVD), 100mm",Various,Various,426.89,USD,2024,11,6542,RFPO-6542-V40023,Base PO
RFPO-6705-V40019-1,20 Nov 2024,PO for HA-4330V,Humboldt Mfg Co,MVL USA JV LLC,PO for HA-4330V,Various,Various,88974.55,USD,2024,11,6705,RFPO-6705-V40019,Base PO
RFPO-6481-M4001-1,20 Nov 2024,"PO for Fod Boss Sweeper Assembly Including - Gloves, Operator Manual, FB2400-120 Groundforce Tow Hitch and FB2400-41 Carry Strap",GENEREX AVIO offshore,MACRO,"PO for Fod Boss Sweeper Assembly Including - Gloves, Operator Manual, FB2400-120 Groundforce Tow Hitch and FB2400-41 Carry Strap",Mechanical,Mechanical,8750.0,USD,2024,11,6481,RFPO-6481-M4001,Base PO
RFPO-6168-V40075-1,19 Nov 2024,PO for Toilet Compartments,Sustainable Supply LLC,MVL USA JV LLC,PO for Toilet Compartments,Various,Various,6267.71,USD,2024,11,6168,RFPO-6168-V40075,Base PO
RFPO-6746-V40016-1,19 Nov 2024,PO for Flexible Connector,Al Munasib Building Materials Trading LLC,MACRO,PO for Flexible Connector,Various,Various,483.59,USD,2024,11,6746,RFPO-6746-V40016,Base PO
RFPO-6852-E6800-1,19 Nov 2024,PO for Explosion Proof Flexible Coupling,Benfield Electric International Ltd.,MACRO,PO for Explosion Proof Flexible Coupling,Electrical,Electrical,14885.1,USD,2024,11,6852,RFPO-6852-E6800,Base PO
RFPO-6718-V40018-1,19 Nov 2024,PO for External Paints for CS pipes,The Sherwin-Williams Company,MVL USA JV LLC,PO for External Paints for CS pipes,Various,Various,9630.22,USD,2024,11,6718,RFPO-6718-V40018,Base PO
RFPO-6746-M4101-2,19 Nov 2024,PO for Water Pump,M.A.H.Y. KHOORY & CO. LLC,MACRO,PO for Water Pump,Mechanical,Mechanical,16300.61,USD,2024,11,6746,RFPO-6746-M4101,Change Order
RFPO-5581-M4001-1,19 Nov 2024,PO for Benzene Direct Reading Meter - As per attached approved Quotation,JJS Technical Services,MACRO,PO for Benzene Direct Reading Meter - As per attached approved Quotation,Mechanical,Mechanical,7373.0,USD,2024,11,5581,RFPO-5581-M4001,Base PO
RFPO-6746-V40017-1,19 Nov 2024,PO for Plumbing Supports and Hangers,Isam Kabbani Trading LLC,MVL USA JV LLC,PO for Plumbing Supports and Hangers,Various,Various,1495.47,USD,2024,11,6746,RFPO-6746-V40017,Base PO
RFPO-6168-V40076-1,19 Nov 2024,PO for HDG Channel,"Scott & From Co., Inc.",MVL USA JV LLC,PO for HDG Channel,Various,Various,7488.0,USD,2024,11,6168,RFPO-6168-V40076,Base PO
RFPO-6746-V40014-1,18 Nov 2024,PO for Hardware,Fastener Point LLC,MACRO,PO for Hardware,Various,Various,1993.43,USD,2024,11,6746,RFPO-6746-V40014,Base PO
RFPO-6746-V40015-1,18 Nov 2024,PO for Gaskets,"Smith International Gulf Services, LLC",MACRO,PO for Gaskets,Various,Various,5036.35,USD,2024,11,6746,RFPO-6746-V40015,Base PO
RFPO-6852-V40018-1,18 Nov 2024,PO for Hardware for Civil works fabrications,Isam Kabbani Trading LLC,MVL USA JV LLC,PO for Hardware for Civil works fabrications,Various,Various,4988.48,USD,2024,11,6852,RFPO-6852-V40018,Base PO
RFPO-6705-M4007-1,15 Nov 2024,PO for Kit - 4590 EGauge 12/2 w/Acc NO. 4590-1202,Troxler Electronic Laboratories,MVL USA JV LLC,PO for Kit - 4590 EGauge 12/2 w/Acc NO. 4590-1202,Mechanical,Mechanical,22200.0,USD,2024,11,6705,RFPO-6705-M4007,Base PO
RFPO-5683-V40019-1,15 Nov 2024,PO for Roofing Sheets (for F938),"Scott & From Co., Inc.",MVL USA JV LLC,PO for Roofing Sheets (for F938),Various,Various,25301.95,USD,2024,11,5683,RFPO-5683-V40019,Base PO
RFPO-6705-V40016-1,14 Nov 2024,PO for OSB Board 3/8inch,Dateline Exports Inc.,MACRO,PO for OSB Board 3/8inch,Various,Various,29972.1,USD,2024,11,6705,RFPO-6705-V40016,Base PO
RFPO-7027-V40004-1,14 Nov 2024,PO for Pre-Shipment Inspection,V-Trust Inspection Service Co. Ltd.,MACRO,PO for Pre-Shipment Inspection,Various,Various,268.0,USD,2024,11,7027,RFPO-7027-V40004,Base PO
RFPO-6746-V40013-1,14 Nov 2024,PO for SIGHT GLASS,Gulf Oil & Gas International FZE,MACRO,PO for SIGHT GLASS,Various,Various,1225.32,USD,2024,11,6746,RFPO-6746-V40013,Base PO
RFPO-6718-M4001-1,14 Nov 2024,PO for MILLER WELDING MACHINE AND GENERATOR AS PER ATATCHED APPROVED DATA SHEETS,Abdullah Hashim Industrial Gases & Equipment Co. Ltd.,MACRO,PO for MILLER WELDING MACHINE AND GENERATOR AS PER ATATCHED APPROVED DATA SHEETS,Mechanical,Mechanical,54066.71,USD,2024,11,6718,RFPO-6718-M4001,Base PO
RFPO-6542-V40022-1,14 Nov 2024,PO for Metal Locker,SALSBURY INDUSTRIES,MVL USA JV LLC,PO for Metal Locker,Various,Various,2090.0,USD,2024,11,6542,RFPO-6542-V40022,Base PO
RFPO-6542-E6808-1,13 Nov 2024,PO for Disconnect Switch for Garbage Disposal,Benfield Electric International Ltd.,MACRO,PO for Disconnect Switch for Garbage Disposal,Electrical,Electrical,284.9,USD,2024,11,6542,RFPO-6542-E6808,Base PO
RFPO-6542-E6809-1,13 Nov 2024,"PO for Interior Light Fittings (Type -A1,A1E,SE,X3,X4)",TIC LIGHT ELECTRICAL CORP,MACRO,"PO for Interior Light Fittings (Type -A1,A1E,SE,X3,X4)",Electrical,Electrical,22455.0,USD,2024,11,6542,RFPO-6542-E6809,Base PO
RFPO-6705-V40017-2,13 Nov 2024,PO for No. 4 Epoxy Coated Rebar 20ft,SAYGAN GLOBAL STEEL LTD,MVL USA JV LLC,PO for No. 4 Epoxy Coated Rebar 20ft,Various,Various,25195.58,USD,2024,11,6705,RFPO-6705-V40017,Change Order
RFPO-6705-V40017-1,12 Nov 2024,PO for No. 4 Epoxy Coated Rebar 20ft,SAYGAN GLOBAL STEEL LTD,MVL USA JV LLC,PO for No. 4 Epoxy Coated Rebar 20ft,Various,Various,23437.75,USD,2024,11,6705,RFPO-6705-V40017,Base PO
RFPO-6705-V40018-1,12 Nov 2024,PO for 234135,LOWES,MVL USA JV LLC,PO for 234135,Various,Various,6912.24,USD,2024,11,6705,RFPO-6705-V40018,Base PO
RFPO-6168-V40074-1,12 Nov 2024,PO for Access Door,"Acudor Products, Inc.",MVL USA JV LLC,PO for Access Door,Various,Various,2041.0,USD,2024,11,6168,RFPO-6168-V40074,Base PO
RFPO-6718-M4000-1,11 Nov 2024,PO for MILLER WELDING MACHINE AND GENERATOR AS PER ATATCHED APPROVED DATA SHEETS,Abdullah Hashim Industrial Gases & Equipment Co. Ltd.,FIRESTOP,PO for MILLER WELDING MACHINE AND GENERATOR AS PER ATATCHED APPROVED DATA SHEETS,Mechanical,Mechanical,54066.71,USD,2024,11,6718,RFPO-6718-M4000,Base PO
RFPO-6746-V40002-2,11 Nov 2024,"PO for BAHRA CABLES - American Standard, THHN Wire, 6 AWG, 600V, Black",Extol International FZC,MACRO,"PO for BAHRA CABLES - American Standard, THHN Wire, 6 AWG, 600V, Black",Various,Various,3408.36,USD,2024,11,6746,RFPO-6746-V40002,Change Order
RFPO-5829-E6815-1,11 Nov 2024,PO for PROCUREMENT SUPPORT - LV CABLES - AS PER ATTACHED SUBMITTAL,Al Zubair General Trading LLC,MACRO,PO for PROCUREMENT SUPPORT - LV CABLES - AS PER ATTACHED SUBMITTAL,Electrical,Electrical,1178684.51,USD,2024,11,5829,RFPO-5829-E6815,Base PO
RFPO-6705-V40015-1,11 Nov 2024,PO for 1804824,"White Cap Supply Holdings, LLC",MACRO,PO for 1804824,Various,Various,6684.8,USD,2024,11,6705,RFPO-6705-V40015,Base PO
RFPO-6542-V40018A-1,11 Nov 2024,PO for Exterior Light Fittings & Hazardous Photocell,Extol International FZC,Yamauchi Gumi,PO for Exterior Light Fittings & Hazardous Photocell,Various,Various,20557.0,USD,2024,11,6542,RFPO-6542-V40018A,Base PO
RFPO-6542-V40021-1,11 Nov 2024,PO for Explosion Proof Photocell,Larson Electronics LLC,MVL USA JV LLC,PO for Explosion Proof Photocell,Various,Various,1098.94,USD,2024,11,6542,RFPO-6542-V40021,Base PO
RFPO-6746-V40011-1,08 Nov 2024,PO for MAPEI Materials,Mapei Corporation,MACRO,PO for MAPEI Materials,Various,Various,16131.91,USD,2024,11,6746,RFPO-6746-V40011,Base PO
RFPO-6718-S9102-1,08 Nov 2024,PO for TPI - CS Pipes & Fittings (small sized) & SS Fittings,TUV SUD MIDDLE EAST LLC,MICRON,PO for TPI - CS Pipes & Fittings (small sized) & SS Fittings,Services,Services,272.29,USD,2024,11,6718,RFPO-6718-S9102,Base PO
RFPO-6841-M4103-1,07 Nov 2024,PO for Packaged Air Conditioning Unit (PACU),S.K.M. Air Conditioning L.L.C.,MACRO,PO for Packaged Air Conditioning Unit (PACU),Mechanical,Mechanical,38121.17,USD,2024,11,6841,RFPO-6841-M4103,Base PO
RFPO-6718-V40017-1,07 Nov 2024,PO for U-Bolt set with Friction pads,APP Manufacturing,MVL USA JV LLC,PO for U-Bolt set with Friction pads,Various,Various,5578.04,USD,2024,11,6718,RFPO-6718-V40017,Base PO
RFPO-6705-V40014-1,07 Nov 2024,PO for SUPPLY AND DELIVERY OF 90 CU YARDS IF BATCHED CONCRETE TO KWAJALEIN MVL SITE,Parsons,MACRO,PO for SUPPLY AND DELIVERY OF 90 CU YARDS IF BATCHED CONCRETE TO KWAJALEIN MVL SITE,Various,Various,21610.0,USD,2024,11,6705,RFPO-6705-V40014,Base PO
RFPO-6952-E6800-1,07 Nov 2024,PO for Panel Board,Benfield Electric International Ltd.,MACRO,PO for Panel Board,Electrical,Electrical,2857.14,USD,2024,11,6952,RFPO-6952-E6800,Base PO
RFPO-6852-V40017-1,07 Nov 2024,PO for SS Hardware for Square section,Fastener Point LLC,MVL USA JV LLC,PO for SS Hardware for Square section,Various,Various,214.35,USD,2024,11,6852,RFPO-6852-V40017,Base PO
RFPO-6718-V40015B-1,06 Nov 2024,PO for Square Hollow Sections (SHS),Hidayath Heavy Industry LLC,MACRO,PO for Square Hollow Sections (SHS),Various,Various,33628.32,USD,2024,11,6718,RFPO-6718-V40015B,Base PO
RFPO-6852-V40012A-1,05 Nov 2024,PO for Electrical Materials,Benfield Electric International Ltd.,MVL USA JV LLC,PO for Electrical Materials,Various,Various,150000.0,USD,2024,11,6852,RFPO-6852-V40012A,Base PO
RFPO-5532-M4026-1,05 Nov 2024,PO for MEKA 100 DRY CONCRETE BATCHING PLANT- 400V - 3 PHASE - 50 HZ WITH FREQUENCY INVERTER 60 HZ TO 50 HZ,MEKA,MVL USA JV LLC,PO for MEKA 100 DRY CONCRETE BATCHING PLANT- 400V - 3 PHASE - 50 HZ WITH FREQUENCY INVERTER 60 HZ TO 50 HZ,Mechanical,Mechanical,234239.13,USD,2024,11,5532,RFPO-5532-M4026,Base PO
RFPO-6718-V40016-1,05 Nov 2024,"PO for AAV, PRV & Cam lock",Jet Fuel Specialists LLC,MACRO,"PO for AAV, PRV & Cam lock",Various,Various,5850.34,USD,2024,11,6718,RFPO-6718-V40016,Base PO
RFPO-5829-E6810-1,04 Nov 2024,"PO for Supply of llkV RMU, TRM (2F+1T) VRN2a with 200/100/1A CT and including motor actuators on Ring Switches as per TAQA/ADDC specification requirements . Make: Lucy Switchgear",Abdulla Al Madani Trading Company WLL,MACRO,"PO for Supply of llkV RMU, TRM (2F+1T) VRN2a with 200/100/1A CT and including motor actuators on Ring Switches as per TAQA/ADDC specification requirements . Make: Lucy Switchgear",Electrical,Electrical,16609.94,USD,2024,11,5829,RFPO-5829-E6810,Base PO
RFPO-5532-V40047-1,04 Nov 2024,PO for ADDITIONAL MATERIALS FOR SEWER AND WATERLINES - E,CRESCO MIDDLE EAST TRADING L.L.C,MVL USA JV LLC,PO for ADDITIONAL MATERIALS FOR SEWER AND WATERLINES - E,Various,Various,804.63,USD,2024,11,5532,RFPO-5532-V40047,Base PO
RFPO-6746-V40010A-1,04 Nov 2024,PO for Hangers and Supports,Extol International FZC,MACRO,PO for Hangers and Supports,Various,Various,3351.94,USD,2024,11,6746,RFPO-6746-V40010A,Base PO
RFPO-1005-V7204-1,01 Nov 2024,PO for Blue Air Filter,Fantastic Electronics - F.Z.C,MICRON,PO for Blue Air Filter,Various,Various,8105.51,USD,2024,11,1005,RFPO-1005-V7204,Base PO
RFPO-7027-E6800-1,01 Nov 2024,PO for PVC Coated Pipes & fittings,Benfield Electric International Ltd.,MACRO,PO for PVC Coated Pipes & fittings,Electrical,Electrical,17000.0,USD,2024,11,7027,RFPO-7027-E6800,Base PO
RFPO-7027-E6801-1,01 Nov 2024,PO for Electrical Materials,TIC LIGHT ELECTRICAL CORP,MACRO,PO for Electrical Materials,Electrical,Electrical,31200.0,USD,2024,11,7027,RFPO-7027-E6801,Base PO
RFPO-5683-V40020-1,31 Oct 2024,PO for Roofing Sheets (for F937),"Scott & From Co., Inc.",MVL USA JV LLC,PO for Roofing Sheets (for F937),Various,Various,5918.15,USD,2024,10,5683,RFPO-5683-V40020,Base PO
RFPO-6718-V40014-1,31 Oct 2024,PO for Pipe Supports,Isam Kabbani Trading LLC,MACRO,PO for Pipe Supports,Various,Various,12635.53,USD,2024,10,6718,RFPO-6718-V40014,Base PO
RFPO-5532-F7002-1,30 Oct 2024,"PO for SUPPLY OF PRIMERS, TOPCOAT AND THINNERS",MVL Firestop Bldg. Matl Trdg. LLC,MVL USA JV LLC,"PO for SUPPLY OF PRIMERS, TOPCOAT AND THINNERS",Fire,Fire,1373.05,USD,2024,10,5532,RFPO-5532-F7002,Base PO
RFPO-6542-E6807-1,30 Oct 2024,PO for Thermostatic Mixing Valve,TIC LIGHT ELECTRICAL CORP,MACRO,PO for Thermostatic Mixing Valve,Electrical,Electrical,5039.06,USD,2024,10,6542,RFPO-6542-E6807,Base PO
RFPO-6705-V40012-1,30 Oct 2024,PO for Lumber Douglas fir Treated,Dateline Exports Inc.,MACRO,PO for Lumber Douglas fir Treated,Various,Various,25605.76,USD,2024,10,6705,RFPO-6705-V40012,Base PO
RFPO-5695-M4103-1,29 Oct 2024,PO for Electric Core Driling Machine - Model: YG-400G 110V 60 Hz with Accessories,"Zhengzhou Yugong Construction Machinery Co., Ltd.",MACRO,PO for Electric Core Driling Machine - Model: YG-400G 110V 60 Hz with Accessories,Mechanical,Mechanical,5632.0,USD,2024,10,5695,RFPO-5695-M4103,Base PO
RFPO-5695-M4103-2,29 Oct 2024,PO for Electric Core Driling Machine - Model: YG-400G 110V 60 Hz with Accessories,"Zhengzhou Yugong Construction Machinery Co., Ltd.",MACRO,PO for Electric Core Driling Machine - Model: YG-400G 110V 60 Hz with Accessories,Mechanical,Mechanical,5631.0,USD,2024,10,5695,RFPO-5695-M4103,Change Order
RFPO-5532-V40040-2,28 Oct 2024,PO for Man Camp #02 Construction - Trusses and Roofing Materials A,Matco Industries LLC,MVL USA JV LLC,PO for Man Camp #02 Construction - Trusses and Roofing Materials A,Various,Various,54650.24,USD,2024,10,5532,RFPO-5532-V40040,Change Order
RFPO-5532-V40041-2,28 Oct 2024,PO for Man Camp #01 Construction - Trusses and Roofing Materials A,Matco Industries LLC,MVL USA JV LLC,PO for Man Camp #01 Construction - Trusses and Roofing Materials A,Various,Various,18194.55,USD,2024,10,5532,RFPO-5532-V40041,Change Order
RFPO-5695-V40013A-1,28 Oct 2024,PO for Silica Fume,SODAMCO S A L (DUBAI BRANCH),MVL USA JV LLC,PO for Silica Fume,Various,Various,72992.51,USD,2024,10,5695,RFPO-5695-V40013A,Base PO
RFPO-6705-V40013-1,28 Oct 2024,PO for 137SSP,"White Cap Supply Holdings, LLC",MACRO,PO for 137SSP,Various,Various,763.12,USD,2024,10,6705,RFPO-6705-V40013,Base PO
RFPO-6718-M4101-1,28 Oct 2024,PO for Ball & Check Valves,Morex Inc.,MACRO,PO for Ball & Check Valves,Mechanical,Mechanical,29556.6,USD,2024,10,6718,RFPO-6718-M4101,Base PO
RFPO-6705-V4356-1,28 Oct 2024,PO for Supply of Lumber - Kwajalein Consumables,"Foshan Inverse Thinking Import and Export Co., Limited",MACRO,PO for Supply of Lumber - Kwajalein Consumables,Various,Various,5785.0,USD,2024,10,6705,RFPO-6705-V4356,Base PO
RFPO-6852-A5301-1,28 Oct 2024,PO for Paints & Coatings,The Sherwin-Williams Company,MACRO,PO for Paints & Coatings,Architectural,Architectural,6610.51,USD,2024,10,6852,RFPO-6852-A5301,Base PO
RFPO-6542-E6806-1,25 Oct 2024,PO for Special (Dryer) Receptacle,TIC LIGHT ELECTRICAL CORP,MACRO,PO for Special (Dryer) Receptacle,Electrical,Electrical,146.72,USD,2024,10,6542,RFPO-6542-E6806,Base PO
RFPO-6841-E6800-1,25 Oct 2024,PO for Electrical Materials,Benfield Electric International Ltd.,MACRO,PO for Electrical Materials,Electrical,Electrical,26500.0,USD,2024,10,6841,RFPO-6841-E6800,Base PO
RFPO-6841-E6801-1,25 Oct 2024,PO for Conduit & Fittings,TIC LIGHT ELECTRICAL CORP,MACRO,PO for Conduit & Fittings,Electrical,Electrical,7786.32,USD,2024,10,6841,RFPO-6841-E6801,Base PO
RFPO-6718-V40013-1,24 Oct 2024,PO for CS Pipes and fittings (small sized),CRA Trading LLC,MACRO,PO for CS Pipes and fittings (small sized),Various,Various,6689.5,USD,2024,10,6718,RFPO-6718-V40013,Base PO
RFPO-1005-V7203-1,23 Oct 2024,PO for Epoxy Coated Rebars.,Hariom Ingots & Power Pvt. Ltd,MICRON,PO for Epoxy Coated Rebars.,Various,Various,23027.2,USD,2024,10,1005,RFPO-1005-V7203,Base PO
RFPO-6168-S9101-1,23 Oct 2024,PO for TPI for Steel Door & frames,TUV SUD MIDDLE EAST LLC,MACRO,PO for TPI for Steel Door & frames,Services,Services,435.0,USD,2024,10,6168,RFPO-6168-S9101,Base PO
RFPO-5532-V40046-1,22 Oct 2024,"PO for PACKING, CONTAINER LOADING AND LASHING FOR ORDERS 5532-V40040 AND 5532-V40041",Metal and Machine FZE,MVL USA JV LLC,"PO for PACKING, CONTAINER LOADING AND LASHING FOR ORDERS 5532-V40040 AND 5532-V40041",Various,Various,8005.45,USD,2024,10,5532,RFPO-5532-V40046,Base PO
RFPO-6852-V40014-1,22 Oct 2024,PO for Hardware,Fastener Point LLC,MACRO,PO for Hardware,Various,Various,5541.37,USD,2024,10,6852,RFPO-6852-V40014,Base PO
RFPO-6852-V40015-1,22 Oct 2024,PO for Supports for Electrical items,Isam Kabbani Trading LLC,MACRO,PO for Supports for Electrical items,Various,Various,8923.29,USD,2024,10,6852,RFPO-6852-V40015,Base PO
RFPO-6746-V40010-1,22 Oct 2024,PO for Hangers and Supports,Extol International FZC,MACRO,PO for Hangers and Supports,Various,Various,2732.47,USD,2024,10,6746,RFPO-6746-V40010,Base PO
RFPO-1569-O74-1,21 Oct 2024,PO for MVL Group Office Related POs,BLACK BOX TECHNOLOGIES L.L.C,MACRO,PO for MVL Group Office Related POs,Office Assets,Office Assets,12438.39,USD,2024,10,1569,RFPO-1569-O74,Base PO
RFPO-6952-V40010-1,21 Oct 2024,PO for Epoxy Coated Rebars & Dowels.,Hariom Ingots & Power Pvt. Ltd,MACRO,PO for Epoxy Coated Rebars & Dowels.,Various,Various,22962.18,USD,2024,10,6952,RFPO-6952-V40010,Base PO
RFPO-6952-V40011-1,18 Oct 2024,PO for CTD-R250,AL BAHRI AND AL MAZROEY TRADING COMPANY - L.L.C,MACRO,PO for CTD-R250,Various,Various,1897.66,USD,2024,10,6952,RFPO-6952-V40011,Base PO
RFPO-5829-E6814-1,17 Oct 2024,PO for Supply of Low Voltage Motor Control Center - FB-MCC-201,Arabian Gulf Switchgear L.L.C.,MACRO,PO for Supply of Low Voltage Motor Control Center - FB-MCC-201,Electrical,Electrical,24389.38,USD,2024,10,5829,RFPO-5829-E6814,Base PO
RFPO-6852-V40011-1,17 Oct 2024,PO for Rigid & Flexible Conduits & Fittings,AL BAHRI AND AL MAZROEY TRADING COMPANY - L.L.C,MACRO,PO for Rigid & Flexible Conduits & Fittings,Various,Various,41309.31,USD,2024,10,6852,RFPO-6852-V40011,Base PO
RFPO-6852-V40013-1,17 Oct 2024,PO for Gaskets,"Smith International Gulf Services, LLC",MACRO,PO for Gaskets,Various,Various,6376.96,USD,2024,10,6852,RFPO-6852-V40013,Base PO
RFPO-6952-A5301-1,17 Oct 2024,PO for Paints and Coatings,BM Middle East FZC,MACRO,PO for Paints and Coatings,Architectural,Architectural,6141.0,USD,2024,10,6952,RFPO-6952-A5301,Base PO
RFPO-6718-V40007A-1,16 Oct 2024,PO for Flange Protectors & Flange Isolation Kits,"Advance Products & Systems, LLC",MVL USA JV LLC,PO for Flange Protectors & Flange Isolation Kits,Various,Various,20246.55,USD,2024,10,6718,RFPO-6718-V40007A,Base PO
RFPO-6705-V4355-1,16 Oct 2024,PO for Magnet Sticker,SMILE COLOR,MVL Nepal,PO for Magnet Sticker,Various,Various,253.23,USD,2024,10,6705,RFPO-6705-V4355,Base PO
RFPO-5532-V40042-1,16 Oct 2024,PO for Man Camp #01 Construction - Electrical Materials for units& Common,Extol International FZC,MVL USA JV LLC,PO for Man Camp #01 Construction - Electrical Materials for units& Common,Various,Various,6827.09,USD,2024,10,5532,RFPO-5532-V40042,Base PO
RFPO-5532-V40039-3,16 Oct 2024,PO for Man Camp #02 Construction - Electrical Materials for units& Common,Extol International FZC,MVL USA JV LLC,PO for Man Camp #02 Construction - Electrical Materials for units& Common,Various,Various,88485.36,USD,2024,10,5532,RFPO-5532-V40039,Change Order
RFPO-5532-V40045-1,16 Oct 2024,PO for Man Camp #01 Construction - Electrical Materials for units& Common,Extol International FZC,MVL USA JV LLC,PO for Man Camp #01 Construction - Electrical Materials for units& Common,Various,Various,6827.09,USD,2024,10,5532,RFPO-5532-V40045,Base PO
RFPO-6841-M4102-1,16 Oct 2024,PO for VAV Terminal Units,Ruskin (Thailand) Co. Ltd.,MACRO,PO for VAV Terminal Units,Mechanical,Mechanical,68636.0,USD,2024,10,6841,RFPO-6841-M4102,Base PO
RFPO-6718-V40010A-1,16 Oct 2024,PO for Gaskets,"Smith International Gulf Services, LLC",MACRO,PO for Gaskets,Various,Various,8760.35,USD,2024,10,6718,RFPO-6718-V40010A,Base PO
RFPO-7205-S9073-1,15 Oct 2024,"PO for KUW-129.71 Weather Sheter #4 Project 1 Supply, Design, and Fabrication of Metal Building System ( Weather Shelter)",DALAL STEEL INDUSTRIES,FIRESTOP,"PO for KUW-129.71 Weather Sheter #4 Project 1 Supply, Design, and Fabrication of Metal Building System ( Weather Shelter)",Services,Services,110000.0,USD,2024,10,7205,RFPO-7205-S9073,Base PO
RFPO-7198-S9072-1,15 Oct 2024,"PO for KUW-129.70 Weather Sheter #5 Project 2 Supply, Design, and Fabrication of Metal Building System (Weather Shelter)",DALAL STEEL INDUSTRIES,FIRESTOP,"PO for KUW-129.70 Weather Sheter #5 Project 2 Supply, Design, and Fabrication of Metal Building System (Weather Shelter)",Services,Services,110000.0,USD,2024,10,7198,RFPO-7198-S9072,Base PO
RFPO-6168-S9100-1,15 Oct 2024,PO for TPI for Blast Rated Aluminum Windows,TUV SUD MIDDLE EAST LLC,MACRO,PO for TPI for Blast Rated Aluminum Windows,Services,Services,272.29,USD,2024,10,6168,RFPO-6168-S9100,Base PO
RFPO-6718-V40012-1,15 Oct 2024,PO for Hardware,Fastener Point LLC,MACRO,PO for Hardware,Various,Various,4814.27,USD,2024,10,6718,RFPO-6718-V40012,Base PO
RFPO-7204-S9073-1,15 Oct 2024,"PO for KUW-129.73 Weather Sheter #3 Project 3 Supply, Design, and Fabrication of Metal Building System (Weather Shelter)",DALAL STEEL INDUSTRIES,FIRESTOP,"PO for KUW-129.73 Weather Sheter #3 Project 3 Supply, Design, and Fabrication of Metal Building System (Weather Shelter)",Services,Services,110000.0,USD,2024,10,7204,RFPO-7204-S9073,Base PO
RFPO-5532-V40040-1,14 Oct 2024,PO for Man Camp #02 Construction - Trusses and Roofing Materials A,Matco Industries LLC,MVL USA JV LLC,PO for Man Camp #02 Construction - Trusses and Roofing Materials A,Various,Various,55271.07,USD,2024,10,5532,RFPO-5532-V40040,Base PO
RFPO-6952-V40009-1,14 Oct 2024,PO for Wires and Cables,Extol International FZC,MACRO,PO for Wires and Cables,Various,Various,2501.57,USD,2024,10,6952,RFPO-6952-V40009,Base PO
RFPO-5532-V40041-1,14 Oct 2024,PO for Man Camp #01 Construction - Trusses and Roofing Materials A,Matco Industries LLC,MVL USA JV LLC,PO for Man Camp #01 Construction - Trusses and Roofing Materials A,Various,Various,18461.4,USD,2024,10,5532,RFPO-5532-V40041,Base PO
RFPO-5532-M4024-1,14 Oct 2024,PO for 1ST PRIORITY DG HEAVY EQUIPMENTS,Evangel International Machinery Ltd.,MVL USA JV LLC,PO for 1ST PRIORITY DG HEAVY EQUIPMENTS,Mechanical,Mechanical,273800.0,USD,2024,10,5532,RFPO-5532-M4024,Base PO
RFPO-6542-V40015-1,14 Oct 2024,PO for Crack repairing Epoxy Grout,Mapei Corporation,MACRO,PO for Crack repairing Epoxy Grout,Various,Various,4060.97,USD,2024,10,6542,RFPO-6542-V40015,Base PO
RFPO-6841-V40004-1,14 Oct 2024,PO for Duct Access Doors.,"DUCTMATE INDUSTRIES, INC",MACRO,PO for Duct Access Doors.,Various,Various,87.32,USD,2024,10,6841,RFPO-6841-V40004,Base PO
RFPO-5532-F7001-1,14 Oct 2024,PO for Man Camp #01 Construction - Trusses and Roofing Materials B,MVL Firestop Bldg. Matl Trdg. LLC,MVL USA JV LLC,PO for Man Camp #01 Construction - Trusses and Roofing Materials B,Fire,Fire,5251.38,USD,2024,10,5532,RFPO-5532-F7001,Base PO
RFPO-6542-V40016-1,14 Oct 2024,PO for Egg Crate Grille,Ruskin Titus Gulf Manufacturing LLC,MACRO,PO for Egg Crate Grille,Various,Various,394.6,USD,2024,10,6542,RFPO-6542-V40016,Base PO
RFPO-5532-F7000-1,14 Oct 2024,PO for Man Camp #02 Construction - Trusses and Roofing Materials B,MVL Firestop Bldg. Matl Trdg. LLC,MVL USA JV LLC,PO for Man Camp #02 Construction - Trusses and Roofing Materials B,Fire,Fire,15905.1,USD,2024,10,5532,RFPO-5532-F7000,Base PO
RFPO-6718-V40011-1,14 Oct 2024,PO for SS Fittings,CRA Trading LLC,MACRO,PO for SS Fittings,Various,Various,798.0,USD,2024,10,6718,RFPO-6718-V40011,Base PO
RFPO-6852-V40010-1,14 Oct 2024,PO for Mechanical Modular Seal,"Scott & From Co., Inc.",MACRO,PO for Mechanical Modular Seal,Various,Various,1072.0,USD,2024,10,6852,RFPO-6852-V40010,Base PO
RFPO-6952-V40008-1,11 Oct 2024,PO for Electrical Items,Kelly & Hayes Electrical Industrial & Plumbing Supplies,MACRO,PO for Electrical Items,Various,Various,16974.72,USD,2024,10,6952,RFPO-6952-V40008,Base PO
RFPO-5532-V40044-1,10 Oct 2024,"PO for [8INS40] PVC PIPE 8 INCH ANSI/ASTM D 1785 SCH-40 x 6 Mtrs, S/S",Power Plastic Factory LLC,MVL USA JV LLC,"PO for [8INS40] PVC PIPE 8 INCH ANSI/ASTM D 1785 SCH-40 x 6 Mtrs, S/S",Various,Various,21705.15,USD,2024,10,5532,RFPO-5532-V40044,Base PO
RFPO-7027-M4001-1,10 Oct 2024,PO for Customized Flexible Duct,ZERO TECHNOLOGIES HOLDINGS LIMITED,MACRO,PO for Customized Flexible Duct,Mechanical,Mechanical,840.0,USD,2024,10,7027,RFPO-7027-M4001,Base PO
RFPO-7027-M4101-1,10 Oct 2024,PO for Packaged Air Conditioning Unit (PACU),S.K.M. Air Conditioning L.L.C.,MACRO,PO for Packaged Air Conditioning Unit (PACU),Mechanical,Mechanical,56637.17,USD,2024,10,7027,RFPO-7027-M4101,Base PO
RFPO-6746-V40009-1,09 Oct 2024,PO for Pipes and Fittings,Puget Sound Pipe & Supply,MACRO,PO for Pipes and Fittings,Various,Various,17777.25,USD,2024,10,6746,RFPO-6746-V40009,Base PO
RFPO-7027-V40001-1,09 Oct 2024,PO for Duct Cladding & Accessories,"Scott & From Co., Inc.",MACRO,PO for Duct Cladding & Accessories,Various,Various,17601.0,USD,2024,10,7027,RFPO-7027-V40001,Base PO
RFPO-6852-V40009-1,09 Oct 2024,PO for Escutcheon Plate,Isam Kabbani Trading LLC,MACRO,PO for Escutcheon Plate,Various,Various,435.67,USD,2024,10,6852,RFPO-6852-V40009,Base PO
RFPO-7027-V40003-1,09 Oct 2024,PO for Adhesives for Duct Insulation,"Scott & From Co., Inc.",MACRO,PO for Adhesives for Duct Insulation,Various,Various,596.0,USD,2024,10,7027,RFPO-7027-V40003,Base PO
RFPO-6718-V40008-1,09 Oct 2024,PO for Sample Connection,Saeed Salem Khalfan SSK Enterprises LLC,MACRO,PO for Sample Connection,Various,Various,449.29,USD,2024,10,6718,RFPO-6718-V40008,Base PO
RFPO-6646-V40003-1,08 Oct 2024,"PO for PVC Materials (Building 2784,2747)",HEELY-BROWN COMPANY,MACRO,"PO for PVC Materials (Building 2784,2747)",Various,Various,52897.51,USD,2024,10,6646,RFPO-6646-V40003,Base PO
RFPO-6705-V40009-1,08 Oct 2024,PO for Epoxy Coated Steel Rebar,Dateline Exports Inc.,MACRO,PO for Epoxy Coated Steel Rebar,Various,Various,14026.41,USD,2024,10,6705,RFPO-6705-V40009,Base PO
RFPO-6542-M4101-1,08 Oct 2024,PO for Factory Assembled and Tested Sanitary Sewer Lift Station,Excel Fluid Group LLC,MACRO,PO for Factory Assembled and Tested Sanitary Sewer Lift Station,Mechanical,Mechanical,74304.0,USD,2024,10,6542,RFPO-6542-M4101,Base PO
RFPO-6746-V40008-1,07 Oct 2024,PO for Backflow Preventer,Blue Line Trading Group LLC,MACRO,PO for Backflow Preventer,Various,Various,1179.5,USD,2024,10,6746,RFPO-6746-V40008,Base PO
RFPO-6746-M4103-1,07 Oct 2024,PO for Plumbing Valves,Morex Inc.,MACRO,PO for Plumbing Valves,Mechanical,Mechanical,12555.03,USD,2024,10,6746,RFPO-6746-M4103,Base PO
RFPO-6952-V40007-1,07 Oct 2024,PO for Wires and Cables Bahra,Extol International FZC,MVL Greece,PO for Wires and Cables Bahra,Various,Various,2501.57,USD,2024,10,6952,RFPO-6952-V40007,Base PO
RFPO-6542-V40014-1,07 Oct 2024,PO for Enclosed Circuit Breaker (Bldg-B119),Kelly & Hayes Electrical Industrial & Plumbing Supplies,MACRO,PO for Enclosed Circuit Breaker (Bldg-B119),Various,Various,585.0,USD,2024,10,6542,RFPO-6542-V40014,Base PO
RFPO-6645-V40003-1,07 Oct 2024,PO for PVC Materials Bldg 2408,HEELY-BROWN COMPANY,MACRO,PO for PVC Materials Bldg 2408,Various,Various,425028.38,USD,2024,10,6645,RFPO-6645-V40003,Base PO
RFPO-6746-V40007-1,04 Oct 2024,PO for Porcelain Tiles,ODORES METAL LLC,MVL Greece,PO for Porcelain Tiles,Various,Various,45324.344,USD,2024,10,6746,RFPO-6746-V40007,Base PO
RFPO-6705-V40008-1,03 Oct 2024,PO for 24164,LOWES,MACRO,PO for 24164,Various,Various,50581.9,USD,2024,10,6705,RFPO-6705-V40008,Base PO
RFPO-5532-V40043-1,03 Oct 2024,PO for Man Camp #02 Construction - Sewer and Waterline - D,Power Plastic Factory LLC,MVL USA JV LLC,PO for Man Camp #02 Construction - Sewer and Waterline - D,Various,Various,21705.15,USD,2024,10,5532,RFPO-5532-V40043,Base PO
RFPO-5532-V40039-2,03 Oct 2024,PO for Man Camp #02 Construction - Electrical Materials for units& Common,Extol International FZC,MVL USA JV LLC,PO for Man Camp #02 Construction - Electrical Materials for units& Common,Various,Various,88665.08,USD,2024,10,5532,RFPO-5532-V40039,Change Order
RFPO-6841-M4101A-1,03 Oct 2024,PO for Condensate Drain pipes & fittings,"FERGUSON ENTERPRISES, LLC",MVL USA JV LLC,PO for Condensate Drain pipes & fittings,Mechanical,Mechanical,410.356,USD,2024,10,6841,RFPO-6841-M4101A,Base PO
RFPO-6746-M4105-1,02 Oct 2024,PO for Control Panels for Plumbing Circulating Pumps,M.A.H.Y. KHOORY & CO. LLC,MACRO,PO for Control Panels for Plumbing Circulating Pumps,Mechanical,Mechanical,5445.88,USD,2024,10,6746,RFPO-6746-M4105,Base PO
RFPO-6841-V40001-1,02 Oct 2024,PO for Duct Insulation - Board & Flexible type,KEPCO Building Materials Trading LLC,MACRO,PO for Duct Insulation - Board & Flexible type,Various,Various,2042.24,USD,2024,10,6841,RFPO-6841-V40001,Base PO
RFPO-6746-V40006-1,02 Oct 2024,PO for Mosaic Tiles,Daltile Corporation,MACRO,PO for Mosaic Tiles,Various,Various,13117.58,USD,2024,10,6746,RFPO-6746-V40006,Base PO
RFPO-6852-V40007-1,01 Oct 2024,"PO for Fuel Transfer Pump, Valves and Tank level Controls",Jet Fuel Specialists LLC,MVL Greece,"PO for Fuel Transfer Pump, Valves and Tank level Controls",Various,Various,252104.08,USD,2024,10,6852,RFPO-6852-V40007,Base PO
RFPO-6705-V40007-2,01 Oct 2024,PO for Fence Slats,"Builders Fence Company, Inc.",MVL Greece,PO for Fence Slats,Various,Various,12915.79,USD,2024,10,6705,RFPO-6705-V40007,Change Order
RFPO-6852-V40008-1,01 Oct 2024,PO for Pump Control System,Jet Fuel Specialists LLC,MACRO,PO for Pump Control System,Various,Various,7192.5,USD,2024,10,6852,RFPO-6852-V40008,Base PO
RFPO-6542-V40013-1,30 Sep 2024,Crack repairing Epoxy Grout,Mapei Corporation,MACRO,Crack repairing Epoxy Grout,Various,Various,4060.97,USD,2024,9,6542,RFPO-6542-V40013,Base PO
RFPO-1569-O73-1,30 Sep 2024,PO for NISTCMMC Project implementation - 2024 -ZIA Transformation Edition SKU - ZIATFORMEDITION AND ZPA Essentials Edition SKU - ZPA-ESS EDITION,Raqmiyat L.L.C.,MACRO,PO for NISTCMMC Project implementation - 2024 -ZIA Transformation Edition SKU - ZIATFORMEDITION AND ZPA Essentials Edition SKU - ZPA-ESS EDITION,Office Assets,Office Assets,185396.52,USD,2024,9,1569,RFPO-1569-O73,Base PO
RFPO-6841-V40003A-1,30 Sep 2024,PO for Duct Cladding materials & Accessories,"Scott & From Co., Inc.",MVL USA JV LLC,PO for Duct Cladding materials & Accessories,Various,Various,5072.4,USD,2024,9,6841,RFPO-6841-V40003A,Base PO
RFPO-6542-V40012-1,30 Sep 2024,PO for Panelboard L (for Bldg-B119),Kelly & Hayes Electrical Industrial & Plumbing Supplies,MACRO,PO for Panelboard L (for Bldg-B119),Various,Various,2150.0,USD,2024,9,6542,RFPO-6542-V40012,Base PO
RFPO-5829-E6813-1,27 Sep 2024,PO for Supply and Delivery of LV PANELBOARDS - AS PER APPROVED SUBMITTAL,Arabian Gulf Switchgear L.L.C.,MACRO,PO for Supply and Delivery of LV PANELBOARDS - AS PER APPROVED SUBMITTAL,Electrical,Electrical,218943.5,USD,2024,9,5829,RFPO-5829-E6813,Base PO
RFPO-6852-V40005B-1,27 Sep 2024,PO for Earthing & Grounding Materials,Kelly & Hayes Electrical Industrial & Plumbing Supplies,MVL USA JV LLC,PO for Earthing & Grounding Materials,Various,Various,11857.55,USD,2024,9,6852,RFPO-6852-V40005B,Base PO
RFPO-4814-A5212-1,26 Sep 2024,PO for Supply and Delivery of ASSA Abloy Operator – Entrance Aluminum Windows,Lakshmi Metal Tech LLC,MACRO,PO for Supply and Delivery of ASSA Abloy Operator – Entrance Aluminum Windows,Architectural,Architectural,4765.15,USD,2024,9,4814,RFPO-4814-A5212,Base PO
RFPO-6645-V40002-1,26 Sep 2024,PO for Steel Decking- Building 2408,O’Donnell Metal Deck LLC,MACRO,PO for Steel Decking- Building 2408,Various,Various,21740.4,USD,2024,9,6645,RFPO-6645-V40002,Base PO
RFPO-7103-V40004-2,26 Sep 2024,PO for Acoustic Tiles,BMET Building Materials Trading LLC,MACRO,PO for Acoustic Tiles,Various,Various,925.14,USD,2024,9,7103,RFPO-7103-V40004,Change Order
RFPO-5532-V40039-1,26 Sep 2024,PO for Man Camp #02 Construction - Electrical Materials for units& Common,Extol International FZC,MVL USA JV LLC,PO for Man Camp #02 Construction - Electrical Materials for units& Common,Various,Various,88665.08,USD,2024,9,5532,RFPO-5532-V40039,Base PO
RFPO-4814-A5212-2,26 Sep 2024,PO for Supply and Delivery of ASSA Abloy Operator – Entrance Aluminum Windows,Lakshmi Metal Tech LLC,MACRO,PO for Supply and Delivery of ASSA Abloy Operator – Entrance Aluminum Windows,Architectural,Architectural,9530.29,USD,2024,9,4814,RFPO-4814-A5212,Change Order
RFPO-7027-V40002-1,26 Sep 2024,PO for Insulated Flexible Duct and Duct Connector,Delta Duct Airconditioning LLC,MACRO,PO for Insulated Flexible Duct and Duct Connector,Various,Various,624.91,USD,2024,9,7027,RFPO-7027-V40002,Base PO
RFPO-6852-V40006-1,26 Sep 2024,PO for Welding Electrodes,Enventrol,MACRO,PO for Welding Electrodes,Various,Various,2313.4,USD,2024,9,6852,RFPO-6852-V40006,Base PO
RFPO-5532-M4023-1,26 Sep 2024,PO for Kit - 4590 EGauge 12/2 w/Acc NO. 4590-1202,Troxler Electronic Laboratories,MVL USA JV LLC,PO for Kit - 4590 EGauge 12/2 w/Acc NO. 4590-1202,Mechanical,Mechanical,22513.8,USD,2024,9,5532,RFPO-5532-M4023,Base PO
RFPO-5829-V40019-1,25 Sep 2024,PO for Procurement Support - GI Rectangular Duct with Insulation as per Approved Submittal,Leminar Air Conditioning Industries L.L.C,MVL USA JV LLC,PO for Procurement Support - GI Rectangular Duct with Insulation as per Approved Submittal,Various,Various,119230.43,USD,2024,9,5829,RFPO-5829-V40019,Base PO
RFPO-6705-V4354-1,25 Sep 2024,PO for Kwajalein COSA Office Furniture,"Foshan Inverse Thinking Import and Export Co., Limited",MACRO,PO for Kwajalein COSA Office Furniture,Various,Various,7874.29,USD,2024,9,6705,RFPO-6705-V4354,Base PO
RFPO-6542-E6803-1,25 Sep 2024,PO for Wall Switch for Exhaust Fan,Benfield Electric International Ltd.,MACRO,PO for Wall Switch for Exhaust Fan,Electrical,Electrical,262.6,USD,2024,9,6542,RFPO-6542-E6803,Base PO
RFPO-6746-A5201-1,25 Sep 2024,PO for Aluminium Windows,Dateline Exports Inc.,MACRO,PO for Aluminium Windows,Architectural,Architectural,4760.71,USD,2024,9,6746,RFPO-6746-A5201,Base PO
RFPO-6544-V40011-1,25 Sep 2024,PO for Blast Windows,Lakshmi Metal Tech LLC,MACRO,PO for Blast Windows,Various,Various,19264.81,USD,2024,9,6544,RFPO-6544-V40011,Base PO
RFPO-6718-S9101-1,24 Sep 2024,PO for TPI for CS Pipes & Fittings,TUV SUD MIDDLE EAST LLC,MACRO,PO for TPI for CS Pipes & Fittings,Services,Services,272.29,USD,2024,9,6718,RFPO-6718-S9101,Base PO
RFPO-7103-M4101-1,24 Sep 2024,PO for Condensate Pipes and Fittings,Harrington Industrial Plastics LLC,MACRO,PO for Condensate Pipes and Fittings,Mechanical,Mechanical,356.92,USD,2024,9,7103,RFPO-7103-M4101,Base PO
RFPO-6542-V40011-1,24 Sep 2024,PO for Wall base & Adhesive,"MANNINGTON MILLS, INC.",MACRO,PO for Wall base & Adhesive,Various,Various,1065.002,USD,2024,9,6542,RFPO-6542-V40011,Base PO
RFPO-6542-A5301-1,24 Sep 2024,PO for Floor Coating Paints,Sherwin Williams Paints Company,MACRO,PO for Floor Coating Paints,Architectural,Architectural,689.72,USD,2024,9,6542,RFPO-6542-A5301,Base PO
RFPO-1005-M4075-1,24 Sep 2024,PO for Daikin Split Air Conditioner,CONTEC IMPEX PRIVATE LIMITED,MICRON,PO for Daikin Split Air Conditioner,Mechanical,Mechanical,55060.24,USD,2024,9,1005,RFPO-1005-M4075,Base PO
RFPO-1005-V7198-1,24 Sep 2024,PO for Tate Raised Access Flooring Panel,Gulf Computer Support Systems L.L.C,MICRON,PO for Tate Raised Access Flooring Panel,Various,Various,5087.54,USD,2024,9,1005,RFPO-1005-V7198,Base PO
RFPO-6705-V40007-1,23 Sep 2024,PO for Fence Slats,"Builders Fence Company, Inc.",MVL Greece,PO for Fence Slats,Various,Various,11715.0,USD,2024,9,6705,RFPO-6705-V40007,Base PO
RFPO-7103-V40003-1,20 Sep 2024,PO for Circuit Breaker,Kelly & Hayes Electrical Industrial & Plumbing Supplies,MACRO,PO for Circuit Breaker,Various,Various,870.0,USD,2024,9,7103,RFPO-7103-V40003,Base PO
RFPO-6542-E6802-1,19 Sep 2024,PO for Potable Water Expansion Tank,TIC LIGHT ELECTRICAL CORP,MACRO,PO for Potable Water Expansion Tank,Electrical,Electrical,323.74,USD,2024,9,6542,RFPO-6542-E6802,Base PO
RFPO-6646-V40002-1,18 Sep 2024,PO for Metal Framing Materials- Building 2749,MCELROY METAL,MACRO,PO for Metal Framing Materials- Building 2749,Various,Various,13491.26,USD,2024,9,6646,RFPO-6646-V40002,Base PO
RFPO-6746-V40005-1,18 Sep 2024,PO for 12-30225i,WMS Aquatics,MVL Greece,PO for 12-30225i,Various,Various,9339.55,USD,2024,9,6746,RFPO-6746-V40005,Base PO
RFPO-7103-V40002-1,17 Sep 2024,PO for B42W00150-20,The Sherwin-Williams Company,MACRO,PO for B42W00150-20,Various,Various,1896.51,USD,2024,9,7103,RFPO-7103-V40002,Base PO
RFPO-6705-V40006-1,16 Sep 2024,PO for Hem Fir Lumber,HOME DEPOT USA,MACRO,PO for Hem Fir Lumber,Various,Various,74955.93,USD,2024,9,6705,RFPO-6705-V40006,Base PO
RFPO-5532-V4370-1,16 Sep 2024,PO for Man Camp #02 - Diego Garcia - CONEX FURNITURE AND APPLIANCES,"Onmuse ( Suzhou ) Office Furniture Co.,Ltd",FIRESTOP,PO for Man Camp #02 - Diego Garcia - CONEX FURNITURE AND APPLIANCES,Various,Various,100793.22,USD,2024,9,5532,RFPO-5532-V4370,Base PO
RFPO-5532-V40038-1,16 Sep 2024,PO for Man Camp #02 Construction - Sewer and Waterline - C,Power Plastic Factory LLC,MVL USA JV LLC,PO for Man Camp #02 Construction - Sewer and Waterline - C,Various,Various,2536.69,USD,2024,9,5532,RFPO-5532-V40038,Base PO
RFPO-7103-V40001-1,16 Sep 2024,PO for 479FD150R20,"White Cap Supply Holdings, LLC",MACRO,PO for 479FD150R20,Various,Various,1698.36,USD,2024,9,7103,RFPO-7103-V40001,Base PO
RFPO-7103-V40000-1,12 Sep 2024,PO for HDG Slotted Channel 41x41x2.5X3000MM,Isam Kabbani Trading LLC,MACRO,PO for HDG Slotted Channel 41x41x2.5X3000MM,Various,Various,92.58,USD,2024,9,7103,RFPO-7103-V40000,Base PO
RFPO-6746-V40004-1,12 Sep 2024,"PO for FRP DOOR, FRAME AND HARDWARE","Guam GMI, INC",MACRO,"PO for FRP DOOR, FRAME AND HARDWARE",Various,Various,39957.46,USD,2024,9,6746,RFPO-6746-V40004,Base PO
RFPO-6168-V40073A-1,12 Sep 2024,PO for Duct Cladding materials,"Scott & From Co., Inc.",MVL USA JV LLC,PO for Duct Cladding materials,Various,Various,2753.27,USD,2024,9,6168,RFPO-6168-V40073A,Base PO
RFPO-6168-V40072-1,12 Sep 2024,PO for Duct Insulation & accessories,ASTIC GEN. TRADING LLC,MVL USA JV LLC,PO for Duct Insulation & accessories,Various,Various,1838.97,USD,2024,9,6168,RFPO-6168-V40072,Base PO
RFPO-6841-V40000-1,11 Sep 2024,PO for Manual Volume Control Dampers,PRIME A/C INDUSTRIES (L.L.C),MACRO,PO for Manual Volume Control Dampers,Various,Various,752.08,USD,2024,9,6841,RFPO-6841-V40000,Base PO
RFPO-7039-V40000-1,11 Sep 2024,PO for Tie Wires,YKM INTERNATIONAL (LLC),MACRO,PO for Tie Wires,Various,Various,5108.24,USD,2024,9,7039,RFPO-7039-V40000,Base PO
RFPO-5532-V40033-1,10 Sep 2024,PO for Man Camp #02 Construction - Sewer and Waterline - A,CRESCO MIDDLE EAST TRADING L.L.C,MVL USA JV LLC,PO for Man Camp #02 Construction - Sewer and Waterline - A,Various,Various,4089.94,USD,2024,9,5532,RFPO-5532-V40033,Base PO
RFPO-5532-A5351-1,10 Sep 2024,PO for Man Camp #02 - Diego Garcia - Sewer and Waterline - Fixture,Publika Building & Construction Materials Trading L.L.C,MACRO,PO for Man Camp #02 - Diego Garcia - Sewer and Waterline - Fixture,Architectural,Architectural,2428.86,USD,2024,9,5532,RFPO-5532-A5351,Base PO
RFPO-5532-V40034-1,10 Sep 2024,PO for Man Camp #02 Construction - Sewer and Waterline - B,Power Plastic Factory LLC,MVL USA JV LLC,PO for Man Camp #02 Construction - Sewer and Waterline - B,Various,Various,5477.01,USD,2024,9,5532,RFPO-5532-V40034,Base PO
RFPO-6542-V40010-1,10 Sep 2024,PO for Panelboards,Kelly & Hayes Electrical Industrial & Plumbing Supplies,MACRO,PO for Panelboards,Various,Various,17460.0,USD,2024,9,6542,RFPO-6542-V40010,Base PO
RFPO-7027-V40000A-1,10 Sep 2024,PO for HVAC PACU Base Stand and Duct Supports,Isam Kabbani Trading LLC,MACRO,PO for HVAC PACU Base Stand and Duct Supports,Various,Various,3904.33,USD,2024,9,7027,RFPO-7027-V40000A,Base PO
RFPO-5829-M4103A-2,09 Sep 2024,PO for Proposal for 10 kVA UPS - Amended,LEMINAR AIR CONDITIONING CO. LLC,MACRO,PO for Proposal for 10 kVA UPS - Amended,Mechanical,Mechanical,36024.51,USD,2024,9,5829,RFPO-5829-M4103A,Change Order
RFPO-5532-V4369-1,09 Sep 2024,PO for Folding Container House - as per Approved Drawing and Quotation,FOSHAN SOEASY MODULAR HOUSING CO LTD,FIRESTOP,PO for Folding Container House - as per Approved Drawing and Quotation,Various,Various,51200.0,USD,2024,9,5532,RFPO-5532-V4369,Base PO
RFPO-5829-S9101-1,09 Sep 2024,"PO for TPI visit at Piller Germany, Abgunst 24, 37520 Osterode , Germany  - Witnessing the FAT test of One unit & General inspection of all the units(total 4 nos -  inspector shall verify & sign the F",TUV SUD MIDDLE EAST LLC,MACRO,"PO for TPI visit at Piller Germany, Abgunst 24, 37520 Osterode , Germany  - Witnessing the FAT test of One unit & General inspection of all the units(total 4 nos -  inspector shall verify & sign the F",Services,Services,684.78,USD,2024,9,5829,RFPO-5829-S9101,Base PO
RFPO-6952-V40005-1,09 Sep 2024,PO for Civil Materials,"White Cap Supply Holdings, LLC",MVL Greece,PO for Civil Materials,Various,Various,24790.62,USD,2024,9,6952,RFPO-6952-V40005,Base PO
RFPO-6841-M4101-1,09 Sep 2024,PO for Condensate Drain pipes & fittings,"FERGUSON ENTERPRISES, LLC",MACRO,PO for Condensate Drain pipes & fittings,Mechanical,Mechanical,452.416,USD,2024,9,6841,RFPO-6841-M4101,Base PO
RFPO-6718-S9100-1,06 Sep 2024,PO for TPI for SS Pipes & Fittings,TUV SUD MIDDLE EAST LLC,MACRO,PO for TPI for SS Pipes & Fittings,Services,Services,299.52,USD,2024,9,6718,RFPO-6718-S9100,Base PO
RFPO-7103-E6800-1,05 Sep 2024,PO for 3-IN-EMT-COND,TIC LIGHT ELECTRICAL CORP,MACRO,PO for 3-IN-EMT-COND,Electrical,Electrical,23320.21,USD,2024,9,7103,RFPO-7103-E6800,Base PO
RFPO-6746-E6800-2,05 Sep 2024,PO for SQUARED FA36100,City Electric Supply,MACRO,PO for SQUARED FA36100,Electrical,Electrical,16848.8404,USD,2024,9,6746,RFPO-6746-E6800,Change Order
RFPO-6952-V40003-1,05 Sep 2024,PO for Civil Materials,Leeds Services Co. Pte Ltd.,MACRO,PO for Civil Materials,Various,Various,16864.0,USD,2024,9,6952,RFPO-6952-V40003,Base PO
RFPO-6542-V40008A-1,05 Sep 2024,PO for Explosion Proof Receptacles,Larson Electronics LLC,MVL USA JV LLC,PO for Explosion Proof Receptacles,Various,Various,3657.05,USD,2024,9,6542,RFPO-6542-V40008A,Base PO
RFPO-5829-E6812-1,04 Sep 2024,"PO fSupply and Delivery of Cable Trays with accessories and Cable Ladders with accessories, Round Radial  with Accessories",Excel Electricity Transmission Apparatus Installation LLC,MACRO,"PO fSupply and Delivery of Cable Trays with accessories and Cable Ladders with accessories, Round Radial  with Accessories",Electrical,Electrical,58562.01,USD,2024,9,5829,RFPO-5829-E6812,Base PO
RFPO-6718-V40005-1,03 Sep 2024,PO for Curing Compounds,Al Majara Polychem Industries LLC,MVL Greece,PO for Curing Compounds,Various,Various,271.2,USD,2024,9,6718,RFPO-6718-V40005,Base PO
RFPO-5532-V40032-1,02 Sep 2024,PO for PRE-SHIPMENT INSPECTION OF Dongfeng Captain 125 HP 4*2 5 Ton Dump Truck and 1 year Spare PArts,V-Trust Inspection Service Co. Ltd.,MVL USA JV LLC,PO for PRE-SHIPMENT INSPECTION OF Dongfeng Captain 125 HP 4*2 5 Ton Dump Truck and 1 year Spare PArts,Various,Various,268.0,USD,2024,9,5532,RFPO-5532-V40032,Base PO
RFPO-6952-V40004-1,02 Sep 2024,"PO for 100 Diameter GI Pipe Schedule 40, 3000mm",Isam Kabbani Trading LLC,MACRO,"PO for 100 Diameter GI Pipe Schedule 40, 3000mm",Various,Various,846.37,USD,2024,9,6952,RFPO-6952-V40004,Base PO
RFPO-6481-S9100-1,29 Aug 2024,PO for INSPECTION OF RUNWAY LIGHTS - QAT-203.23 - AS PER ATTACHED INSPECTION SCOPE,TUV SUD MIDDLE EAST LLC,MACRO,PO for INSPECTION OF RUNWAY LIGHTS - QAT-203.23 - AS PER ATTACHED INSPECTION SCOPE,Services,Services,706.52,USD,2024,8,6481,RFPO-6481-S9100,Base PO
RFPO-7010-V40000-2,29 Aug 2024,"PO for Cable Tray, Eye Wash Support & SS Plates",Isam Kabbani Trading LLC,MACRO,"PO for Cable Tray, Eye Wash Support & SS Plates",Various,Various,1159.92,USD,2024,8,7010,RFPO-7010-V40000,Change Order
RFPO-5829-E6811-1,29 Aug 2024,PO for Supply and Delivery of MDB & EMDB,Arabian Gulf Switchgear L.L.C.,MVL Nepal,PO for Supply and Delivery of MDB & EMDB,Electrical,Electrical,147880.19,USD,2024,8,5829,RFPO-5829-E6811,Base PO
RFPO-1005-O6-1,29 Aug 2024,PO for Pre-Printed cards,AL TARMEZ DIGIT SYSTEM TECHNOLOGY LLC,FIRESTOP,PO for Pre-Printed cards,Office Assets,Office Assets,2995.23,USD,2024,8,1005,RFPO-1005-O6,Base PO
RFPO-6746-E6800-1,28 Aug 2024,PO for SQUARED FA36100,City Electric Supply,MACRO,PO for SQUARED FA36100,Electrical,Electrical,16495.1808,USD,2024,8,6746,RFPO-6746-E6800,Base PO
RFPO-6718-V40004A-1,28 Aug 2024,PO for Internal Coating of CS Pipes & Fittings,Hilong Petroleum Pipe Co. LLC,MACRO,PO for Internal Coating of CS Pipes & Fittings,Various,Various,56542.0,USD,2024,8,6718,RFPO-6718-V40004A,Base PO
RFPO-6746-V40003-1,28 Aug 2024,PO for Sealing Materials for Joints in Rigid Pavement,"White Cap Supply Holdings, LLC",MACRO,PO for Sealing Materials for Joints in Rigid Pavement,Various,Various,3045.96,USD,2024,8,6746,RFPO-6746-V40003,Base PO
RFPO-5829-E6809-1,27 Aug 2024,"PO forIMC, EMT & RMC Conduits and Accessories - As per Approved Submittals",Excel Electricity Transmission Apparatus Installation LLC,MACRO,"PO forIMC, EMT & RMC Conduits and Accessories - As per Approved Submittals",Electrical,Electrical,73190.68,USD,2024,8,5829,RFPO-5829-E6809,Base PO
RFPO-6746-V40002-1,26 Aug 2024,"PO for BAHRA CABLES - American Standard, THHN Wire, 6 AWG, 600V, Black",Extol International FZC,MACRO,"PO for BAHRA CABLES - American Standard, THHN Wire, 6 AWG, 600V, Black",Various,Various,3408.36,USD,2024,8,6746,RFPO-6746-V40002,Base PO
RFPO-5581-M4000-1,26 Aug 2024,PO for Benzene Direct Reading Meter - as per attached quotation,"REPSS, Inc.",FIRESTOP,PO for Benzene Direct Reading Meter - as per attached quotation,Mechanical,Mechanical,7811.28,USD,2024,8,5581,RFPO-5581-M4000,Base PO
RFPO-7027-M4000-1,26 Aug 2024,PO for 30Ton PACU Units,"ZERO TECHNOLOGIES CO., LTD",FIRESTOP,PO for 30Ton PACU Units,Mechanical,Mechanical,29611.0,USD,2024,8,7027,RFPO-7027-M4000,Base PO
RFPO-1569-O72-1,26 Aug 2024,"PO for ThinkPad E16	E16, i5-1335U,16 GB Base DDR4, 1TB WUXGA AG 300nits,FHD RGB Cam,1 Year Carry-in	Dos	1 Year Carry In",ARAB LINK GENERAL TRADING LLC,MACRO,"PO for ThinkPad E16	E16, i5-1335U,16 GB Base DDR4, 1TB WUXGA AG 300nits,FHD RGB Cam,1 Year Carry-in	Dos	1 Year Carry In",Office Assets,Office Assets,702.79,USD,2024,8,1569,RFPO-1569-O72,Base PO
RFPO-6542-E6801A-1,23 Aug 2024,PO for Disconnect Switches & Interior Light Fittings,TIC LIGHT ELECTRICAL CORP,MVL Nepal,PO for Disconnect Switches & Interior Light Fittings,Electrical,Electrical,17423.89,USD,2024,8,6542,RFPO-6542-E6801A,Base PO
RFPO-6542-V40007A-1,23 Aug 2024,PO for Explosion Proof Disconnect Switch (Bldg111-8nos),Cortem GULF FZCO,MVL USA JV LLC,PO for Explosion Proof Disconnect Switch (Bldg111-8nos),Various,Various,2173.91,USD,2024,8,6542,RFPO-6542-V40007A,Base PO
RFPO-6718-V40003-1,23 Aug 2024,PO for Welding Rods,FINE TOOLS TRADING LLC,MACRO,PO for Welding Rods,Various,Various,5089.18,USD,2024,8,6718,RFPO-6718-V40003,Base PO
RFPO-6952-V40001-1,22 Aug 2024,PO for 3/4 Rigid Steel Conduit,Extol International Trading LLC,MACRO,PO for 3/4 Rigid Steel Conduit,Various,Various,8541.95,USD,2024,8,6952,RFPO-6952-V40001,Base PO
RFPO-5193-A5206-2,21 Aug 2024,PO for ALUMINIUM SERIES FIXED WINDOW - INTERIOR - W (MM) 1108 H (MM) 1108,Al Kuhaimi Metal Industries Ltd.,MACRO,PO for ALUMINIUM SERIES FIXED WINDOW - INTERIOR - W (MM) 1108 H (MM) 1108,Architectural,Architectural,2724.0,USD,2024,8,5193,RFPO-5193-A5206,Change Order
RFPO-5829-V40018-1,21 Aug 2024,PO for Steel Grating and Frame - As per Approved Submittal and Subject to Approved Drawing,Oasis Metal Manufacturing LLC,MVL USA JV LLC,PO for Steel Grating and Frame - As per Approved Submittal and Subject to Approved Drawing,Various,Various,380773.32,USD,2024,8,5829,RFPO-5829-V40018,Base PO
RFPO-5532-V40031-1,21 Aug 2024,"PO for Pre-Shipment Inspection - Telehandler, Accessories, and  Telehandler Spare Parts",V-Trust Inspection Service Co. Ltd.,MVL USA JV LLC,"PO for Pre-Shipment Inspection - Telehandler, Accessories, and  Telehandler Spare Parts",Various,Various,268.0,USD,2024,8,5532,RFPO-5532-V40031,Base PO
RFPO-6746-V40001-1,21 Aug 2024,PO for DS21604,Kelly & Hayes Electrical Industrial & Plumbing Supplies,MACRO,PO for DS21604,Various,Various,290.0,USD,2024,8,6746,RFPO-6746-V40001,Base PO
RFPO-6952-V40000-1,21 Aug 2024,PO for E-FLEX-22101,Kelly & Hayes Electrical Industrial & Plumbing Supplies,MACRO,PO for E-FLEX-22101,Various,Various,388.0,USD,2024,8,6952,RFPO-6952-V40000,Base PO
RFPO-5695-E6801A-1,20 Aug 2024,PO for Rebar Coating,TIC LIGHT ELECTRICAL CORP,MVL Nepal,PO for Rebar Coating,Electrical,Electrical,1290.0,USD,2024,8,5695,RFPO-5695-E6801A,Base PO
RFPO-6852-V40004-1,20 Aug 2024,PO for Portable Eye Wash Station,Bio-Safety Supplies Pte Ltd.,MACRO,PO for Portable Eye Wash Station,Various,Various,317.16,USD,2024,8,6852,RFPO-6852-V40004,Base PO
RFPO-6542-V40001-2,19 Aug 2024,PO for Exhaust Fans,"RNK  International, Inc.",MACRO,PO for Exhaust Fans,Various,Various,43668.0,USD,2024,8,6542,RFPO-6542-V40001,Change Order
RFPO-5829-V40017-1,16 Aug 2024,PO for Interior Lighting Fixture - As per Attached Approved Submittal,Extol International Trading LLC,MVL USA JV LLC,PO for Interior Lighting Fixture - As per Attached Approved Submittal,Various,Various,136562.83,USD,2024,8,5829,RFPO-5829-V40017,Base PO
RFPO-6646-S9075-1,15 Aug 2024,PO for Building 2747 - Includes materials and fabrication for Gutters/downspouts/straps/brackets/accessories Coping/cleats/gravel stop/rake edge/drip edge/counter flashing.Sealant/wood nailers/fastene,Ortiz Construction Group LLC,FIRESTOP,PO for Building 2747 - Includes materials and fabrication for Gutters/downspouts/straps/brackets/accessories Coping/cleats/gravel stop/rake edge/drip edge/counter flashing.Sealant/wood nailers/fastene,Services,Services,26112.0,USD,2024,8,6646,RFPO-6646-S9075,Base PO
RFPO-6645-S9077-1,15 Aug 2024,PO for Building 2873 - Includes materials and fabrication for Gutters/downspouts/straps/brackets/accessories Coping/cleats/gravel stop/rake edge/drip edge/counter flashing. Sealant/wood nailers/fasten,Ortiz Construction Group LLC,FIRESTOP,PO for Building 2873 - Includes materials and fabrication for Gutters/downspouts/straps/brackets/accessories Coping/cleats/gravel stop/rake edge/drip edge/counter flashing. Sealant/wood nailers/fasten,Services,Services,15660.0,USD,2024,8,6645,RFPO-6645-S9077,Base PO
RFPO-5532-V4368-2,15 Aug 2024,"PO for Folding Container house 2.5MX5.8MX2.6H (With Bathroom Design) - 14.5 Area (m2/set) - Total Area 377 (m2) - include truck fee to Guangzhou port, document fee, China side customs fee",FOSHAN SOEASY MODULAR HOUSING CO LTD,FIRESTOP,"PO for Folding Container house 2.5MX5.8MX2.6H (With Bathroom Design) - 14.5 Area (m2/set) - Total Area 377 (m2) - include truck fee to Guangzhou port, document fee, China side customs fee",Various,Various,0,USD,2024,8,5532,RFPO-5532-V4368,Change Order
RFPO-5532-V4368-3,15 Aug 2024,"PO for Folding Container house 2.5MX5.8MX2.6H (With Bathroom Design) - 14.5 Area (m2/set) - Total Area 377 (m2) - include truck fee to Guangzhou port, document fee, China side customs fee",FOSHAN SOEASY MODULAR HOUSING CO LTD,FIRESTOP,"PO for Folding Container house 2.5MX5.8MX2.6H (With Bathroom Design) - 14.5 Area (m2/set) - Total Area 377 (m2) - include truck fee to Guangzhou port, document fee, China side customs fee",Various,Various,88100.0,USD,2024,8,5532,RFPO-5532-V4368,Change Order
RFPO-5829-E6808-1,13 Aug 2024,"PO for Supply of U S/S 2000kVA,11kV /415V, 3Ph, 50Hz - as per approved submittal attached",United Transformers Electric Company,MACRO,"PO for Supply of U S/S 2000kVA,11kV /415V, 3Ph, 50Hz - as per approved submittal attached",Electrical,Electrical,101700.0,USD,2024,8,5829,RFPO-5829-E6808,Base PO
RFPO-6852-V40001-1,09 Aug 2024,PO for Tie Wires,YKM INTERNATIONAL (LLC),MACRO,PO for Tie Wires,Various,Various,1347.86,USD,2024,8,6852,RFPO-6852-V40001,Base PO
RFPO-6168-V40056-2,09 Aug 2024,PO for Floor Carpets.,Welspun Global Brands Limited,MVL USA JV LLC,PO for Floor Carpets.,Various,Various,5582.08,USD,2024,8,6168,RFPO-6168-V40056,Change Order
RFPO-5829-S9100-2,08 Aug 2024,"PO for ELIT SRL, Piacenza, ITALY - Frequency Converter - 5829-E6800-1",TUV SUD MIDDLE EAST LLC,MACRO,"PO for ELIT SRL, Piacenza, ITALY - Frequency Converter - 5829-E6800-1",Services,Services,559.24,USD,2024,8,5829,RFPO-5829-S9100,Change Order
RFPO-5429-V40000-1,08 Aug 2024,PO for Item - GENERAL REQUIREMENTS FOR SUPPLY AND INSTALLATION AS PER BOQ,ACEC s.a.r.l,MACRO,PO for Item - GENERAL REQUIREMENTS FOR SUPPLY AND INSTALLATION AS PER BOQ,Various,Various,313669.69,USD,2024,8,5429,RFPO-5429-V40000,Base PO
RFPO-5532-M4021-1,08 Aug 2024,PO for MEKA 100 DRY CONCRETE BATCHING PLANT - 460 V 3-phase 60hz,MEKA,MVL USA JV LLC,PO for MEKA 100 DRY CONCRETE BATCHING PLANT - 460 V 3-phase 60hz,Mechanical,Mechanical,234239.13,USD,2024,8,5532,RFPO-5532-M4021,Base PO
RFPO-5532-M4021-2,08 Aug 2024,PO for MEKA 100 DRY CONCRETE BATCHING PLANT - 460 V 3-phase 60hz,MEKA,MVL USA JV LLC,PO for MEKA 100 DRY CONCRETE BATCHING PLANT - 460 V 3-phase 60hz,Mechanical,Mechanical,234239.13,USD,2024,8,5532,RFPO-5532-M4021,Change Order
RFPO-5532-M4021-3,08 Aug 2024,PO for MEKA 100 DRY CONCRETE BATCHING PLANT - 460 V 3-phase 60hz,MEKA,MVL USA JV LLC,PO for MEKA 100 DRY CONCRETE BATCHING PLANT - 460 V 3-phase 60hz,Mechanical,Mechanical,234239.13,USD,2024,8,5532,RFPO-5532-M4021,Change Order
RFPO-6424-E6800-6,08 Aug 2024,PO for TAXIWAY EDGE LIGHTS,"Cooper Crouse-Hinds, LLC",MACRO,PO for TAXIWAY EDGE LIGHTS,Electrical,Electrical,610361.65,USD,2024,8,6424,RFPO-6424-E6800,Change Order
RFPO-6852-V40000-2,07 Aug 2024,PO for SS Pipes & Fittings,CRA Trading LLC,MACRO,PO for SS Pipes & Fittings,Various,Various,139360.12,USD,2024,8,6852,RFPO-6852-V40000,Change Order
RFPO-6718-V40002A-1,07 Aug 2024,PO for CS Pipes & Fittings,Technopro Middle East FZCO,MVL USA JV LLC,PO for CS Pipes & Fittings,Various,Various,10188.57,USD,2024,8,6718,RFPO-6718-V40002A,Base PO
RFPO-6718-V40001B-1,07 Aug 2024,PO for SS Pipes & Fittings,CRA Trading LLC,MACRO,PO for SS Pipes & Fittings,Various,Various,40915.8,USD,2024,8,6718,RFPO-6718-V40001B,Base PO
RFPO-5829-S9100-1,07 Aug 2024,"PO for ELIT SRL, Piacenza, ITALY - Frequency Converter - 5829-E6800-1",TUV SUD MIDDLE EAST LLC,MACRO,"PO for ELIT SRL, Piacenza, ITALY - Frequency Converter - 5829-E6800-1",Services,Services,532.61,USD,2024,8,5829,RFPO-5829-S9100,Base PO
RFPO-6705-M4006-1,07 Aug 2024,PO for HS4-12400C MOBILE BATCH PLANT,Vince Hagan Company,MVL USA JV LLC,PO for HS4-12400C MOBILE BATCH PLANT,Mechanical,Mechanical,511208.0,USD,2024,8,6705,RFPO-6705-M4006,Base PO
RFPO-6542-V40006-1,07 Aug 2024,PO for Acoustic Tiles,ODORES METAL LLC,MACRO,PO for Acoustic Tiles,Various,Various,5320.51,USD,2024,8,6542,RFPO-6542-V40006,Base PO
RFPO-6544-A5202-1,07 Aug 2024,PO for Steel Door & Hardware,Lakshmi Metal Tech LLC,MACRO,PO for Steel Door & Hardware,Architectural,Architectural,8032.68,USD,2024,8,6544,RFPO-6544-A5202,Base PO
RFPO-6168-V40071-1,07 Aug 2024,PO for Electrical Materials,Kelly & Hayes Electrical Industrial & Plumbing Supplies,MVL USA JV LLC,PO for Electrical Materials,Various,Various,16385.64,USD,2024,8,6168,RFPO-6168-V40071,Base PO
RFPO-5829-V40016-1,06 Aug 2024,PO for FIXTURE F1 LOCATION EXTERNAL AREA HANGAR PERIMETER Model: 96635900 AREA FLOOD PRO 2 AFP2 S 24L50-740 A4 CL1 GY,Extol International Trading LLC,MACRO,PO for FIXTURE F1 LOCATION EXTERNAL AREA HANGAR PERIMETER Model: 96635900 AREA FLOOD PRO 2 AFP2 S 24L50-740 A4 CL1 GY,Various,Various,5824.43,USD,2024,8,5829,RFPO-5829-V40016,Base PO
RFPO-1569-V4267-1,01 Aug 2024,PO for Mini PC - R9-6900h with 32GB and 1TB,"HK PREFERREDCO.,LIMITED",MACRO,PO for Mini PC - R9-6900h with 32GB and 1TB,Various,Various,429.6,USD,2024,8,1569,RFPO-1569-V4267,Base PO
RFPO-1569-O71-1,31 Jul 2024,PO for DELL OPTIPLEX 7010 I5 13TH GEN 16 GB RAM 1 TB SSD 4GB VGA GT730 - Mr. Bala Desktop Replacement,Midway Computer Trading L.L.C,MACRO,PO for DELL OPTIPLEX 7010 I5 13TH GEN 16 GB RAM 1 TB SSD 4GB VGA GT730 - Mr. Bala Desktop Replacement,Office Assets,Office Assets,571.82,USD,2024,7,1569,RFPO-1569-O71,Base PO
RFPO-5695-S9101-1,30 Jul 2024,PO for Testing Services for Metal plate,MIRAI CALIBRATION LABORATORY PTE LTD,MACRO,PO for Testing Services for Metal plate,Services,Services,1100.0,USD,2024,7,5695,RFPO-5695-S9101,Base PO
RFPO-6168-V40064-1,25 Jul 2024,PO for Materials for Stairs & Mezzanine,Isam Kabbani Trading LLC,MVL USA JV LLC,PO for Materials for Stairs & Mezzanine,Various,Various,8877.74,USD,2024,7,6168,RFPO-6168-V40064,Base PO
RFPO-6168-V40065-1,25 Jul 2024,PO for Steps (for Stairs),Technofab Steel Fabrication & Welding LLC,MVL USA JV LLC,PO for Steps (for Stairs),Various,Various,2134.79,USD,2024,7,6168,RFPO-6168-V40065,Base PO
RFPO-5581-V40012A-1,25 Jul 2024,PO for Adhesive for Wear Pad for Metallic Pipes,Leeds Services Co. Pte Ltd.,MVL USA JV LLC,PO for Adhesive for Wear Pad for Metallic Pipes,Various,Various,3660.0,USD,2024,7,5581,RFPO-5581-V40012A,Base PO
RFPO-6168-M4103-1,25 Jul 2024,PO for PACU Spares,S.K.M. Air Conditioning L.L.C.,MACRO,PO for PACU Spares,Mechanical,Mechanical,191.97,USD,2024,7,6168,RFPO-6168-M4103,Base PO
RFPO-6168-V40067-1,25 Jul 2024,PO for Expansion Anchor (for Stairs),"Scott & From Co., Inc.",MVL USA JV LLC,PO for Expansion Anchor (for Stairs),Various,Various,638.0,USD,2024,7,6168,RFPO-6168-V40067,Base PO
RFPO-6168-V40068-1,25 Jul 2024,"PO for Additional VCT and Adhesives (X010, X049, X037)",ODORES METAL LLC,MVL USA JV LLC,"PO for Additional VCT and Adhesives (X010, X049, X037)",Various,Various,2290.68,USD,2024,7,6168,RFPO-6168-V40068,Base PO
RFPO-6168-V40069-1,25 Jul 2024,PO for Bollards / Pipe Guards,Rukin Al Basmah Metalic Cont. Ind. LLC,MVL USA JV LLC,PO for Bollards / Pipe Guards,Various,Various,152.48,USD,2024,7,6168,RFPO-6168-V40069,Base PO
RFPO-6542-V40005-1,24 Jul 2024,"PO for Water Closets, Urinals, Lavatories",Blue Line Trading Group LLC,MVL Greece,"PO for Water Closets, Urinals, Lavatories",Various,Various,2125.55,USD,2024,7,6542,RFPO-6542-V40005,Base PO
RFPO-6542-V40002-2,23 Jul 2024,PO for Interior Light Fitting (D3 Type - 90CRI - for Bldg B119),Kelly & Hayes Electrical Industrial & Plumbing Supplies,MACRO,PO for Interior Light Fitting (D3 Type - 90CRI - for Bldg B119),Various,Various,125.0,USD,2024,7,6542,RFPO-6542-V40002,Change Order
RFPO-6680-V40000-1,23 Jul 2024,"PO for Duct Access Door, D66ULBI","DUCTMATE INDUSTRIES, INC",MACRO,"PO for Duct Access Door, D66ULBI",Various,Various,34506.0,USD,2024,7,6680,RFPO-6680-V40000,Base PO
RFPO-1005-V7189-1,23 Jul 2024,PO for Supply and Delivery of the Air Filter,Fantastic Electronics FZC,MICRON,PO for Supply and Delivery of the Air Filter,Various,Various,4618.11,USD,2024,7,1005,RFPO-1005-V7189,Base PO
RFPO-6168-E6806-1,19 Jul 2024,"PO for Electrical Materials (Pipes, fittings, sw/sockets and hardware)",TIC LIGHT ELECTRICAL CORP,MACRO,"PO for Electrical Materials (Pipes, fittings, sw/sockets and hardware)",Electrical,Electrical,65000.0,USD,2024,7,6168,RFPO-6168-E6806,Base PO
RFPO-5193-A5206-1,18 Jul 2024,PO for ALUMINIUM SERIES FIXED WINDOW - INTERIOR - W (MM) 1108 H (MM) 1108,Al Kuhaimi Metal Industries Ltd.,MACRO,PO for ALUMINIUM SERIES FIXED WINDOW - INTERIOR - W (MM) 1108 H (MM) 1108,Architectural,Architectural,2724.0,USD,2024,7,5193,RFPO-5193-A5206,Base PO
RFPO-5532-P4800-1,17 Jul 2024,PO for MVL Bromgrove Dri-Fit Polo Shirts,Orient Uniforms (FZE),MACRO,PO for MVL Bromgrove Dri-Fit Polo Shirts,Protection,Protection,762.42,USD,2024,7,5532,RFPO-5532-P4800,Base PO
RFPO-1005-V7143-3,16 Jul 2024,PO for TYPE WB1 BRAND VIDMAR COO USA WARRANTY 12,United Solution FZE,MICRON,PO for TYPE WB1 BRAND VIDMAR COO USA WARRANTY 12,Various,Various,78500.0,USD,2024,7,1005,RFPO-1005-V7143,Change Order
RFPO-6542-V40002-1,16 Jul 2024,PO for Interior Light Fitting (D3 Type - 90CRI - for Bldg B111),Kelly & Hayes Electrical Industrial & Plumbing Supplies,MACRO,PO for Interior Light Fitting (D3 Type - 90CRI - for Bldg B111),Various,Various,187.5,USD,2024,7,6542,RFPO-6542-V40002,Base PO
RFPO-1005-V7188-1,15 Jul 2024,PO for Air Purifier and Humidifier,SHARP MIDDLE EAST FZE,MICRON,PO for Air Purifier and Humidifier,Various,Various,53286.0,USD,2024,7,1005,RFPO-1005-V7188,Base PO
RFPO-6542-V40004-1,15 Jul 2024,PO for Transformers,Kelly & Hayes Electrical Industrial & Plumbing Supplies,MACRO,PO for Transformers,Various,Various,3800.0,USD,2024,7,6542,RFPO-6542-V40004,Base PO
RFPO-6646-V40001-1,11 Jul 2024,PO for Building 2747  VRS325765,HEELY-BROWN COMPANY,MACRO,PO for Building 2747  VRS325765,Various,Various,34848.94,USD,2024,7,6646,RFPO-6646-V40001,Base PO
RFPO-6168-V40063-1,11 Jul 2024,PO for Door Locks,LOCKMASTERS INCORPORATED,MVL USA JV LLC,PO for Door Locks,Various,Various,2150.2,USD,2024,7,6168,RFPO-6168-V40063,Base PO
RFPO-6168-V40023A-1,11 Jul 2024,PO for Hardware items for Steel Doors & Frames,FRANCE METAL GULF,MVL USA JV LLC,PO for Hardware items for Steel Doors & Frames,Various,Various,16338.6,USD,2024,7,6168,RFPO-6168-V40023A,Base PO
RFPO-1569-O70-1,10 Jul 2024,PO for RiB Candy iTwo Subscription Fee for 6 months/ haly year billing,RivYv Technologies,MACRO,PO for RiB Candy iTwo Subscription Fee for 6 months/ haly year billing,Office Assets,Office Assets,3406.4,USD,2024,7,1569,RFPO-1569-O70,Base PO
RFPO-6705-V40005-1,10 Jul 2024,NEW UNIT SUBSTATION & PRIMARY SELECTIVE SWITCHES,Kelly & Hayes Electrical Industrial & Plumbing Supplies,MVL Greece,NEW UNIT SUBSTATION & PRIMARY SELECTIVE SWITCHES,Various,Various,296960.0,USD,2024,7,6705,RFPO-6705-V40005,Base PO
RFPO-6544-V40009-1,10 Jul 2024,PO for Adhesive for Window Sill,Leeds Services Co. Pte Ltd.,MACRO,PO for Adhesive for Window Sill,Various,Various,1800.0,USD,2024,7,6544,RFPO-6544-V40009,Base PO
RFPO-6424-V40001-1,10 Jul 2024,PO for Joint sealant,"White Cap Supply Holdings, LLC",MACRO,PO for Joint sealant,Various,Various,627.75,USD,2024,7,6424,RFPO-6424-V40001,Base PO
RFPO-6544-V40010-1,10 Jul 2024,PO for Consumables for Window Sill,TITANIUM BUILDING AND CONSTRUCTION MATERIALS TRAADING,MACRO,PO for Consumables for Window Sill,Various,Various,274.61,USD,2024,7,6544,RFPO-6544-V40010,Base PO
RFPO-5532-M4020-1,09 Jul 2024,PO for Drum handler SDLC1 for HELI forklift CPCD85,Evangel International Machinery Ltd.,MVL USA JV LLC,PO for Drum handler SDLC1 for HELI forklift CPCD85,Mechanical,Mechanical,350.0,USD,2024,7,5532,RFPO-5532-M4020,Base PO
RFPO-6705-P4800-1,09 Jul 2024,PO forMVL - KWAJALEIN Black & White Dri-Fit Polo,Orient Uniforms (FZE),MACRO,PO forMVL - KWAJALEIN Black & White Dri-Fit Polo,Protection,Protection,228.73,USD,2024,7,6705,RFPO-6705-P4800,Base PO
RFPO-1569-V4419-1,08 Jul 2024,PO for SHARP MX61FT CYAN TONER CART,Printek  SUPPLIES L.L.C,FIRESTOP,PO for SHARP MX61FT CYAN TONER CART,Various,Various,285.91,USD,2024,7,1569,RFPO-1569-V4419,Base PO
RFPO-5695-V40011-1,08 Jul 2024,PO for Tie Rod Accessories,Technofab Steel Fabrication & Welding LLC,MACRO,PO for Tie Rod Accessories,Various,Various,4484.68,USD,2024,7,5695,RFPO-5695-V40011,Base PO
RFPO-6069-V40002B-1,08 Jul 2024,PO for Acoustical Ceilings,BMET Building Materials Trading LLC,MVL USA JV LLC,PO for Acoustical Ceilings,Various,Various,876.5,USD,2024,7,6069,RFPO-6069-V40002B,Base PO
RFPO-6168-V40017B-1,08 Jul 2024,PO for Steel Doors & Frames,France Metal,MVL USA JV LLC,PO for Steel Doors & Frames,Various,Various,28168.61,USD,2024,7,6168,RFPO-6168-V40017B,Base PO
RFPO-6168-V40061-1,02 Jul 2024,PO for Light Fittings,Kelly & Hayes Electrical Industrial & Plumbing Supplies,MVL USA JV LLC,PO for Light Fittings,Various,Various,14349.0,USD,2024,7,6168,RFPO-6168-V40061,Base PO
RFPO-5532-M4019-1,26 Jun 2024,PO for EVANGEL 4ton 14m Telescopic Telehandler TH1440,Evangel International Machinery Ltd.,MVL USA JV LLC,PO for EVANGEL 4ton 14m Telescopic Telehandler TH1440,Mechanical,Mechanical,77596.0,USD,2024,6,5532,RFPO-5532-M4019,Base PO
RFPO-5829-V40007A-1,26 Jun 2024,"PO for UPVC PIPE 6 inch NEMA TC-2 EPC-40 x 6 Mts, S/S",Power Plastic Factory LLC,MVL USA JV LLC,"PO for UPVC PIPE 6 inch NEMA TC-2 EPC-40 x 6 Mts, S/S",Various,Various,209412.66,USD,2024,6,5829,RFPO-5829-V40007A,Base PO
RFPO-6168-V40060-1,25 Jun 2024,PO for Plumbing Fixtures,Blue Line Trading Group LLC,MVL USA JV LLC,PO for Plumbing Fixtures,Various,Various,3048.7,USD,2024,6,6168,RFPO-6168-V40060,Base PO
RFPO-6542-V40001-1,25 Jun 2024,PO for Exhaust Fans,"RNK  International, Inc.",MACRO,PO for Exhaust Fans,Various,Various,43206.0,USD,2024,6,6542,RFPO-6542-V40001,Base PO
RFPO-5532-M4018-1,24 Jun 2024,PO for HELI CPCD85 SPARE PARTS,Evangel International Machinery Ltd.,MVL USA JV LLC,PO for HELI CPCD85 SPARE PARTS,Mechanical,Mechanical,3118.6,USD,2024,6,5532,RFPO-5532-M4018,Base PO
RFPO-6542-V40000-1,24 Jun 2024,PO for Toilet Accessories,Blue Line Trading Group LLC,MACRO,PO for Toilet Accessories,Various,Various,3281.14,USD,2024,6,6542,RFPO-6542-V40000,Base PO
RFPO-6542-E6800-1,24 Jun 2024,PO for AO Smith Water Heater.,TIC LIGHT ELECTRICAL CORP,MACRO,PO for AO Smith Water Heater.,Electrical,Electrical,8322.75,USD,2024,6,6542,RFPO-6542-E6800,Base PO
RFPO-6645-V40001A-1,21 Jun 2024,PO for Building 2784 . Versico 1/2  Secure Shield HD 4x8,HEELY-BROWN COMPANY,MVL USA JV LLC,PO for Building 2784 . Versico 1/2  Secure Shield HD 4x8,Various,Various,321383.3646,USD,2024,6,6645,RFPO-6645-V40001A,Base PO
RFPO-6645-V40000A-1,21 Jun 2024,PO for Building 2747. Versico 1/2 inch Secure Shield HD 4x8,HEELY-BROWN COMPANY,MACRO,PO for Building 2747. Versico 1/2 inch Secure Shield HD 4x8,Various,Various,156499.9764,USD,2024,6,6645,RFPO-6645-V40000A,Base PO
RFPO-6646-V40000A-1,21 Jun 2024,PO for Building 2873                                 Versico 1/2 inch Secure Shield HD 4x8,HEELY-BROWN COMPANY,MACRO,PO for Building 2873                                 Versico 1/2 inch Secure Shield HD 4x8,Various,Various,38461.5111,USD,2024,6,6646,RFPO-6646-V40000A,Base PO
RFPO-6168-E6805-1,20 Jun 2024,PO for Additional Wires,TIC LIGHT ELECTRICAL CORP,MACRO,PO for Additional Wires,Electrical,Electrical,14506.5,USD,2024,6,6168,RFPO-6168-E6805,Base PO
RFPO-5532-V40030-1,19 Jun 2024,PO for Testing Equipments,Humboldt Mfg Co,MVL USA JV LLC,PO for Testing Equipments,Various,Various,97313.69,USD,2024,6,5532,RFPO-5532-V40030,Base PO
RFPO-5622-V40003-1,14 Jun 2024,PO for Flexible Loop Sealant,Dateline Exports Inc.,MACRO,PO for Flexible Loop Sealant,Various,Various,7281.83,USD,2024,6,5622,RFPO-5622-V40003,Base PO
RFPO-4814-A5211-1,13 Jun 2024,PO for Replacement for the photo eye sensor – UL325 Photo Eye Sensor,Techtradedoors Trading L.L.C,MACRO,PO for Replacement for the photo eye sensor – UL325 Photo Eye Sensor,Architectural,Architectural,686.81,USD,2024,6,4814,RFPO-4814-A5211,Base PO
RFPO-6705-E6800-1,11 Jun 2024,Supply of Medium Voltage Cables,EMSI Inc.,MACRO,Supply of Medium Voltage Cables,Electrical,Electrical,25400.0,USD,2024,6,6705,RFPO-6705-E6800,Base PO
RFPO-1005-V7183-1,11 Jun 2024,PO for Megaphone,"NINGBO UMA ELECTRONIC TECHNOLOGY CO., LTD",MICRON,PO for Megaphone,Various,Various,14790.0,USD,2024,6,1005,RFPO-1005-V7183,Base PO
RFPO-4814-V40012-1,11 Jun 2024,PO for OEF-P-010V-MV - Highbay Sensor,Supreme Technologies,MACRO,PO for OEF-P-010V-MV - Highbay Sensor,Various,Various,3923.08,USD,2024,6,4814,RFPO-4814-V40012,Base PO
RFPO-4814-V40013-1,11 Jun 2024,PO for Analog HZ-WP01A,"HK PREFERREDCO.,LIMITED",MACRO,PO for Analog HZ-WP01A,Various,Various,310.0,USD,2024,6,4814,RFPO-4814-V40013,Base PO
RFPO-6168-V40059-1,10 Jun 2024,"PO for Witnessing the Performance test , FAT & TPI of the Package AC Unit.",TUV SUD MIDDLE EAST LLC,MVL USA JV LLC,"PO for Witnessing the Performance test , FAT & TPI of the Package AC Unit.",Various,Various,326.75,USD,2024,6,6168,RFPO-6168-V40059,Base PO
RFPO-6168-V40058-1,07 Jun 2024,PO for SS canopy (Ready to Install),Rukin Al Basmah Metalic Cont. Ind. LLC,MVL USA JV LLC,PO for SS canopy (Ready to Install),Various,Various,18243.7,USD,2024,6,6168,RFPO-6168-V40058,Base PO
RFPO-5581-V40011-1,05 Jun 2024,PO for Wear Pads for Metallic Pipes,Precision Metal Industries FZC,MACRO,PO for Wear Pads for Metallic Pipes,Various,Various,18350.31,USD,2024,6,5581,RFPO-5581-V40011,Base PO
RFPO-5829-A5101-1,04 Jun 2024,PO for F 4600 BAC 2,ALMI INTERNATIONAL F.Z.E,MACRO,PO for F 4600 BAC 2,Architectural,Architectural,23797.96,USD,2024,6,5829,RFPO-5829-A5101,Base PO
RFPO-5153-C6055-1,04 Jun 2024,PO for PAB VPL 50RS UV STABLE DRUM,GCP ITALIANA S.P.A.,MICRON,PO for PAB VPL 50RS UV STABLE DRUM,Chemicals,Chemicals,188859.72,USD,2024,6,5153,RFPO-5153-C6055,Base PO
RFPO-6168-E6804A-1,03 Jun 2024,PO for Electrical Wires & Cables,TIC LIGHT ELECTRICAL CORP,MACRO,PO for Electrical Wires & Cables,Electrical,Electrical,13839.8,USD,2024,6,6168,RFPO-6168-E6804A,Base PO
RFPO-6646-S9100-1,30 May 2024,PO for Building 2408,"Carswell Brothers Services, INC.",MACRO,PO for Building 2408,Services,Services,17590.0,USD,2024,5,6646,RFPO-6646-S9100,Base PO
RFPO-5532-M4016-1,29 May 2024,PO for Dongfeng 190 HP truck mounted XCMG 6.3-ton crane - Propeller Shaft Center Bearing (Part No. 2202N74-083-A),Evangel International Machinery Ltd.,MVL USA JV LLC,PO for Dongfeng 190 HP truck mounted XCMG 6.3-ton crane - Propeller Shaft Center Bearing (Part No. 2202N74-083-A),Mechanical,Mechanical,290.0,USD,2024,5,5532,RFPO-5532-M4016,Base PO
RFPO-5829-V40014-1,29 May 2024,PO for ZN415-3NL-6S,MAJID BUKATARA BLDG. MATL TRDG LLC,MACRO,PO for ZN415-3NL-6S,Various,Various,20564.79,USD,2024,5,5829,RFPO-5829-V40014,Base PO
RFPO-5532-M4017-1,29 May 2024,PO for Maxus  V80  Sliding Door and Accessories,"FASTWIN GROUP CO.,LIMITED",MVL USA JV LLC,PO for Maxus  V80  Sliding Door and Accessories,Mechanical,Mechanical,312.96,USD,2024,5,5532,RFPO-5532-M4017,Base PO
RFPO-6645-S9104-1,29 May 2024,PO for Building 2408,"Booth Plumbing Company, Inc.","MVL USA, INC",PO for Building 2408,Services,Services,144185.0,USD,2024,5,6645,RFPO-6645-S9104,Base PO
RFPO-5829-V40015-1,29 May 2024,PO for KARAM PN 652QR RESCUE KIT (AS PER ATTACHED QUOTATION),RIG STORE FOR GENERAL TRADING L.L.C.,MACRO,PO for KARAM PN 652QR RESCUE KIT (AS PER ATTACHED QUOTATION),Various,Various,953.03,USD,2024,5,5829,RFPO-5829-V40015,Base PO
RFPO-1005-E7098-1,29 May 2024,PO for Testing & Commissiong of UPS System,International Business Resources Co.,MICRON,PO for Testing & Commissiong of UPS System,Electrical,Electrical,8533.33,USD,2024,5,1005,RFPO-1005-E7098,Base PO
RFPO-1569-O69-1,28 May 2024,PO for Beyond Trust Implementation and Support,RivYv Technologies,MACRO,PO for Beyond Trust Implementation and Support,Office Assets,Office Assets,953.03,USD,2024,5,1569,RFPO-1569-O69,Base PO
RFPO-6408-E6800-1,28 May 2024,PO for Thermostat Cables,TIC LIGHT ELECTRICAL CORP,MACRO,PO for Thermostat Cables,Electrical,Electrical,1525.21,USD,2024,5,6408,RFPO-6408-E6800,Base PO
RFPO-6069-T1000-1,28 May 2024,PO for Threading Machine & Accessories,Ali Asger & Brothers LLC,MVL TRADING,PO for Threading Machine & Accessories,Tools,Tools,15484.0,USD,2024,5,6069,RFPO-6069-T1000,Base PO
RFPO-1005-E7095-1,27 May 2024,PO for UPS Balance Spares,International Business Resources Co.,MICRON,PO for UPS Balance Spares,Electrical,Electrical,872.67,USD,2024,5,1005,RFPO-1005-E7095,Base PO
RFPO-5657-V40015-1,27 May 2024,PO for Mortar & Grout,"White Cap Supply Holdings, LLC",MACRO,PO for Mortar & Grout,Various,Various,2855.66,USD,2024,5,5657,RFPO-5657-V40015,Base PO
RFPO-4814-A5210-1,23 May 2024,PO for Supply of Blast Proof Glass (Door No 128B),Lakshmi Metal Tech LLC,MACRO,PO for Supply of Blast Proof Glass (Door No 128B),Architectural,Architectural,3771.27,USD,2024,5,4814,RFPO-4814-A5210,Base PO
RFPO-6168-M4000-1,23 May 2024,PO for MODEL : THERMIC 5H with accessories,Cleantech Gulf FZCO,FIRESTOP,PO for MODEL : THERMIC 5H with accessories,Mechanical,Mechanical,3583.39,USD,2024,5,6168,RFPO-6168-M4000,Base PO
RFPO-5532-V4367-1,22 May 2024,PO for HDPE Portable Toilet 1.15mX1.15mX2.3m,FOSHAN SOEASY MODULAR HOUSING CO LTD,FIRESTOP,PO for HDPE Portable Toilet 1.15mX1.15mX2.3m,Various,Various,11888.0,USD,2024,5,5532,RFPO-5532-V4367,Base PO
RFPO-1569-O68-1,22 May 2024,PO for Cabling Work - With Accessories,Kyoto Technologies,MACRO,PO for Cabling Work - With Accessories,Office Assets,Office Assets,407.9,USD,2024,5,1569,RFPO-1569-O68,Base PO
RFPO-5213-A5203-1,22 May 2024,PO for RECTIFICATION/REPAIR OF OVERHEAD COILING DOOR INAL KHARJ-KSA,IDT INTERNATIONAL DOOR TRADING,MACRO,PO for RECTIFICATION/REPAIR OF OVERHEAD COILING DOOR INAL KHARJ-KSA,Architectural,Architectural,400.0,USD,2024,5,5213,RFPO-5213-A5203,Base PO
RFPO-4814-A5209-1,22 May 2024,PO for Fire Rated Wooden Door Order,Vulcan Industries LLC,MACRO,PO for Fire Rated Wooden Door Order,Architectural,Architectural,1538.46,USD,2024,5,4814,RFPO-4814-A5209,Base PO
RFPO-6705-M4005-1,22 May 2024,PO for 50 UNITS OF BUNK BED AS PER APPROVED DRAWING,"Henan XunHu Equipment Co., Ltd",MVL USA JV LLC,PO for 50 UNITS OF BUNK BED AS PER APPROVED DRAWING,Mechanical,Mechanical,4150.0,USD,2024,5,6705,RFPO-6705-M4005,Base PO
RFPO-5829-A5351-1,21 May 2024,PO for B-715E 230V,Publika Building & Construction Materials Trading L.L.C,MACRO,PO for B-715E 230V,Architectural,Architectural,24289.72,USD,2024,5,5829,RFPO-5829-A5351,Base PO
RFPO-5532-V4365-1,20 May 2024,PO for exp16@twothousand.com,"TWOTHOUSAND MACHINERY CO., LTD",FIRESTOP,PO for exp16@twothousand.com,Various,Various,1766.0,USD,2024,5,5532,RFPO-5532-V4365,Base PO
RFPO-6705-V40000B-1,20 May 2024,PO for MVS 5/15 kV Lineups,Benfield Electric International Ltd.,MACRO,PO for MVS 5/15 kV Lineups,Various,Various,227872.95,USD,2024,5,6705,RFPO-6705-V40000B,Base PO
RFPO-5683-V40018-1,17 May 2024,PO for Touch up Paint (for doors & windows),Leeds Services Co. Pte Ltd.,MVL USA JV LLC,PO for Touch up Paint (for doors & windows),Various,Various,424.0,USD,2024,5,5683,RFPO-5683-V40018,Base PO
RFPO-5657-V40013-1,17 May 2024,PO for Conduit Fitting,Benfield Electric International Ltd.,MACRO,PO for Conduit Fitting,Various,Various,3006.0,USD,2024,5,5657,RFPO-5657-V40013,Base PO
RFPO-6705-V40004-1,16 May 2024,PO for Reheat Coil RH1 & RH2,"Scott & From Co., Inc.",MACRO,PO for Reheat Coil RH1 & RH2,Various,Various,2532.0,USD,2024,5,6705,RFPO-6705-V40004,Base PO
Fresh PO-359,15 May 2024,sample,(NAVC) Project,Unknown,sample,Various,Various,0,USD,2024,5,359,Fresh PO-359,Base PO
RFPO-1005-V7143-2,14 May 2024,PO for TYPE WB1 BRAND VIDMAR COO USA WARRANTY 12,United Solution FZE,MICRON,PO for TYPE WB1 BRAND VIDMAR COO USA WARRANTY 12,Various,Various,81500.0,USD,2024,5,1005,RFPO-1005-V7143,Change Order
RFPO-1005-E7091-4,13 May 2024,PO for POWER SUPPLY,International Business Resources Co.,MICRON,PO for POWER SUPPLY,Electrical,Electrical,1784.0,USD,2024,5,1005,RFPO-1005-E7091,Change Order
RFPO-6544-V40008-1,13 May 2024,PO for Mechanical Support Materials for Window AC,"Scott & From Co., Inc.",MACRO,PO for Mechanical Support Materials for Window AC,Various,Various,3953.25,USD,2024,5,6544,RFPO-6544-V40008,Base PO
RFPO-1569-O67-1,13 May 2024,PO for NISTCMMC Project implementation - 2024 - MVL NIST SP 800 171 advisory services,DNV BUSINESS ASSURANCE Group AS Dubai Branch,MACRO,PO for NISTCMMC Project implementation - 2024 - MVL NIST SP 800 171 advisory services,Office Assets,Office Assets,14703.88,USD,2024,5,1569,RFPO-1569-O67,Base PO
RFPO-5532-M4015-2,10 May 2024,PO for DIEGO GARCIA - Great wall Wingle7 (Pick-up) -Parts for Preventive Maintenance,"FASTWIN GROUP CO.,LIMITED",MVL USA JV LLC,PO for DIEGO GARCIA - Great wall Wingle7 (Pick-up) -Parts for Preventive Maintenance,Mechanical,Mechanical,735.48,USD,2024,5,5532,RFPO-5532-M4015,Change Order
RFPO-1005-E7091-3,09 May 2024,PO for POWER SUPPLY,International Business Resources Co.,MICRON,PO for POWER SUPPLY,Electrical,Electrical,2211.2,USD,2024,5,1005,RFPO-1005-E7091,Change Order
RFPO-5695-V40010-1,09 May 2024,PO for Formwork & Temporary Bracing Materials,Technofab Steel Fabrication & Welding LLC,MACRO,PO for Formwork & Temporary Bracing Materials,Various,Various,50374.4,USD,2024,5,5695,RFPO-5695-V40010,Base PO
RFPO-5532-M4015-1,09 May 2024,PO for DIEGO GARCIA - Great wall Wingle7 (Pick-up) -Parts for Preventive Maintenance,"FASTWIN GROUP CO.,LIMITED",MVL USA JV LLC,PO for DIEGO GARCIA - Great wall Wingle7 (Pick-up) -Parts for Preventive Maintenance,Mechanical,Mechanical,555.48,USD,2024,5,5532,RFPO-5532-M4015,Base PO
RFPO-5829-M4107-1,08 May 2024,PO for RSe22i-A10,Al Futtaim Auto Machinery Company LLC,MW-OCS,PO for RSe22i-A10,Mechanical,Mechanical,151940.1,USD,2024,5,5829,RFPO-5829-M4107,Base PO
RFPO-6705-V40003-1,08 May 2024,PO for 6705 - Kwajalein Atoll - Supply of PPE and Safety Equipment,RIG STORE FOR GENERAL TRADING L.L.C.,MACRO,PO for 6705 - Kwajalein Atoll - Supply of PPE and Safety Equipment,Various,Various,1414.57,USD,2024,5,6705,RFPO-6705-V40003,Base PO
RFPO-1569-V4417-1,08 May 2024,PO for Supply and Installation of VEROMATIC SILEO espresso Coffee Machine with Cabinet,Al Shirawi Vending Solutions L.L.C,FIRESTOP,PO for Supply and Installation of VEROMATIC SILEO espresso Coffee Machine with Cabinet,Various,Various,1056.77,USD,2024,5,1569,RFPO-1569-V4417,Base PO
RFPO-6168-V40054-1,07 May 2024,PO for Metal Cabinet,"Scott & From Co., Inc.",MVL USA JV LLC,PO for Metal Cabinet,Various,Various,5784.69,USD,2024,5,6168,RFPO-6168-V40054,Base PO
RFPO-6705-M4004-1,07 May 2024,PO for 6-SEATER GOLF CART - MODEL GM-6D,"Henan XunHu Equipment Co., Ltd",MVL USA JV LLC,PO for 6-SEATER GOLF CART - MODEL GM-6D,Mechanical,Mechanical,4850.0,USD,2024,5,6705,RFPO-6705-M4004,Base PO
RFPO-6168-V40055-1,07 May 2024,PO for Accessories for Metal Cabinet,MISAR TRADING CO. ( L L C),MVL USA JV LLC,PO for Accessories for Metal Cabinet,Various,Various,371.93,USD,2024,5,6168,RFPO-6168-V40055,Base PO
RFPO-6168-M4102-1,07 May 2024,PO for Drain and Condensate pipes & fittings,"FERGUSON ENTERPRISES, LLC",MACRO,PO for Drain and Condensate pipes & fittings,Mechanical,Mechanical,348.18,USD,2024,5,6168,RFPO-6168-M4102,Base PO
RFPO-4814-V40011-1,06 May 2024,"PO for (298 x 598) - 840 Nos - 300*600 Carpenter Dark (6,1.08) cutting only  1. (298 x 598) - 840 Nos",ABC Project W.L.L,MACRO,"PO for (298 x 598) - 840 Nos - 300*600 Carpenter Dark (6,1.08) cutting only  1. (298 x 598) - 840 Nos",Various,Various,9240.04,USD,2024,5,4814,RFPO-4814-V40011,Base PO
RFPO-6645-V40000-1,06 May 2024,PO for Building 2747. Versico 1/2 inch Secure Shield HD 4x8,HEELY-BROWN COMPANY,MACRO,PO for Building 2747. Versico 1/2 inch Secure Shield HD 4x8,Various,Various,141552.98,USD,2024,5,6645,RFPO-6645-V40000,Base PO
RFPO-6646-V40000-1,06 May 2024,PO for Building 2873                                 Versico 1/2 inch Secure Shield HD 4x8,HEELY-BROWN COMPANY,MACRO,PO for Building 2873                                 Versico 1/2 inch Secure Shield HD 4x8,Various,Various,34189.15,USD,2024,5,6646,RFPO-6646-V40000,Base PO
RFPO-5532-M4014-1,06 May 2024,PO for DONGFENG Captain 125HP 4x2 5Ton dump truck:,Evangel International Machinery Ltd.,MVL USA JV LLC,PO for DONGFENG Captain 125HP 4x2 5Ton dump truck:,Mechanical,Mechanical,85550.0,USD,2024,5,5532,RFPO-5532-M4014,Base PO
RFPO-6645-V40001-1,06 May 2024,PO for Building 2784 . Versico 1/2  Secure Shield HD 4x8,HEELY-BROWN COMPANY,MACRO,PO for Building 2784 . Versico 1/2  Secure Shield HD 4x8,Various,Various,228756.92,USD,2024,5,6645,RFPO-6645-V40001,Base PO
RFPO-5829-R1506-1,03 May 2024,PO for SHARP BP-20C20T Printer Repair,NEW SMART OFFICE AUTOMATION LLC,FIRESTOP,PO for SHARP BP-20C20T Printer Repair,Rental,Rental,232.81,USD,2024,5,5829,RFPO-5829-R1506,Base PO
RFPO-1569-O66-1,01 May 2024,PO for HP 290 G9 CORE I7-12700/16GB/1TB SSD/4GB GT730/KEB/MOUSE/Win 11 Pro/1 YR WARRANTY,AL KOFA COMPUTER TRADING LLC,MACRO,PO for HP 290 G9 CORE I7-12700/16GB/1TB SSD/4GB GT730/KEB/MOUSE/Win 11 Pro/1 YR WARRANTY,Office Assets,Office Assets,657.59,USD,2024,5,1569,RFPO-1569-O66,Base PO
RFPO-6408-V40022-1,01 May 2024,PO for Supports for Refrigerant Pipes & Insulation,Isam Kabbani Trading LLC,MVL USA JV LLC,PO for Supports for Refrigerant Pipes & Insulation,Various,Various,4900.2,USD,2024,5,6408,RFPO-6408-V40022,Base PO
RFPO-5622-E6801-1,30 Apr 2024,PO for Secondary Cable for Transformer,"Cooper Crouse-Hinds, LLC",MACRO,PO for Secondary Cable for Transformer,Electrical,Electrical,9640.06,USD,2024,4,5622,RFPO-5622-E6801,Base PO
RFPO-1005-E7091-1,30 Apr 2024,PO for POWER SUPPLY,International Business Resources Co.,MICRON,PO for POWER SUPPLY,Electrical,Electrical,1821.87,USD,2024,4,1005,RFPO-1005-E7091,Base PO
RFPO-1005-E7091-2,30 Apr 2024,PO for POWER SUPPLY,International Business Resources Co.,MICRON,PO for POWER SUPPLY,Electrical,Electrical,1944.53,USD,2024,4,1005,RFPO-1005-E7091,Change Order
RFPO-1569-O65-1,30 Apr 2024,"PO for (NISTCMMC Project Implementation) -INTRANET DEVELOPMENT, TESTING, AND IMPLEMENTATION - FOR ALL MVL EMPLOYEES",RivYv Technologies,MACRO,"PO for (NISTCMMC Project Implementation) -INTRANET DEVELOPMENT, TESTING, AND IMPLEMENTATION - FOR ALL MVL EMPLOYEES",Office Assets,Office Assets,900.0,USD,2024,4,1569,RFPO-1569-O65,Base PO
RFPO-5532-V40029-1,30 Apr 2024,PO for TPI for Generator,TUV SUD MIDDLE EAST LLC,MVL USA JV LLC,PO for TPI for Generator,Various,Various,272.29,USD,2024,4,5532,RFPO-5532-V40029,Base PO
RFPO-6705-M4003-1,29 Apr 2024,"PO for Supply, Delivery and Maintenance of 2 Tractors and Drill Machine",Lamphere Construction Ltd dba Heavy Equipment Hunters,MVL Nepal,"PO for Supply, Delivery and Maintenance of 2 Tractors and Drill Machine",Mechanical,Mechanical,109268.0,USD,2024,4,6705,RFPO-6705-M4003,Base PO
RFPO-5655-V40006-1,29 Apr 2024,PO for Air Filters,"Scott & From Co., Inc.",MACRO,PO for Air Filters,Various,Various,885.6,USD,2024,4,5655,RFPO-5655-V40006,Base PO
RFPO-6408-V40021-1,29 Apr 2024,PO for HVAC Duct Works,FIRMAC INDUSTRIES L.L.C,MVL USA JV LLC,PO for HVAC Duct Works,Various,Various,2351.21,USD,2024,4,6408,RFPO-6408-V40021,Base PO
RFPO-5683-C5203C-1,26 Apr 2024,PO for Keys & Key Cabinet for Doors,Lakshmi Metal Tech LLC,MVL USA JV LLC,PO for Keys & Key Cabinet for Doors,Chemicals,Chemicals,1258.0,USD,2024,4,5683,RFPO-5683-C5203C,Base PO
RFPO-6168-A5203-1,25 Apr 2024,PO for Aluminium Windows,Lakshmi Metal Tech LLC,MACRO,PO for Aluminium Windows,Architectural,Architectural,49012.93,USD,2024,4,6168,RFPO-6168-A5203,Base PO
RFPO-5657-V40012-1,25 Apr 2024,PO for Pipe Fittings,APP Manufacturing,MACRO,PO for Pipe Fittings,Various,Various,5351.5,USD,2024,4,5657,RFPO-5657-V40012,Base PO
RFPO-6168-V40051-1,24 Apr 2024,"PO for Plumbing hose bib, Vacuum breaker and ball valve",DUTCO TENNANT LLC,MVL USA JV LLC,"PO for Plumbing hose bib, Vacuum breaker and ball valve",Various,Various,153.64,USD,2024,4,6168,RFPO-6168-V40051,Base PO
RFPO-6168-V40053-1,24 Apr 2024,PO for Anchor Screw (for Canopy),Foundation Building Materials (FBM),MVL USA JV LLC,PO for Anchor Screw (for Canopy),Various,Various,872.14,USD,2024,4,6168,RFPO-6168-V40053,Base PO
RFPO-6544-V40007-1,24 Apr 2024,PO for VCT & Accessories,"Tri-West, Ltd.",MVL Greece,PO for VCT & Accessories,Various,Various,962.5,USD,2024,4,6544,RFPO-6544-V40007,Base PO
RFPO-1569-O64-1,23 Apr 2024,PO for 2 DESKTOPS AND 4 MONITORS FOR NEW JOINEE (Arun Nair) (Nizamuddin Z),AL KOFA COMPUTER TRADING LLC,MACRO,PO for 2 DESKTOPS AND 4 MONITORS FOR NEW JOINEE (Arun Nair) (Nizamuddin Z),Office Assets,Office Assets,1652.83,USD,2024,4,1569,RFPO-1569-O64,Base PO
RFPO-6168-V40050-1,23 Apr 2024,"PO for Grout, Mortar & Adhesive","White Cap Supply Holdings, LLC",MVL USA JV LLC,"PO for Grout, Mortar & Adhesive",Various,Various,628.32,USD,2024,4,6168,RFPO-6168-V40050,Base PO
RFPO-6168-V40049-1,23 Apr 2024,PO for Tile Adhesive,X-Calibur Emirates LLC,MVL USA JV LLC,PO for Tile Adhesive,Various,Various,181.62,USD,2024,4,6168,RFPO-6168-V40049,Base PO
RFPO-1005-S9078-1,22 Apr 2024,PO for Repeater Panel,Al Shaikh International Limited Company,MICRON,PO for Repeater Panel,Services,Services,3264.0,USD,2024,4,1005,RFPO-1005-S9078,Base PO
RFPO-5657-M4104-1,19 Apr 2024,PO for Temporary Grinder Pump,Zoeller Pump Company,MACRO,PO for Temporary Grinder Pump,Mechanical,Mechanical,0,USD,2024,4,5657,RFPO-5657-M4104,Base PO
RFPO-5829-V40012-1,18 Apr 2024,PO for Hot Dip Galvanized Steel 25m Polygonal High Mast Suitable To Carry 6 Flood Lights With Caged Ladder & Platform Including Base Plate & Anchor bolts.,Galvacoat Industries,MACRO,PO for Hot Dip Galvanized Steel 25m Polygonal High Mast Suitable To Carry 6 Flood Lights With Caged Ladder & Platform Including Base Plate & Anchor bolts.,Various,Various,14295.44,USD,2024,4,5829,RFPO-5829-V40012,Base PO
RFPO-5829-V40013-1,17 Apr 2024,"PO for CENTRAL BATTERY MAIN PANEL COMPLETE W/  CONTROL MODULE, CHARGER, BATTERY SET ETC.",Al Bahri & Al Mazroei Technical System-LLC,MACRO,"PO for CENTRAL BATTERY MAIN PANEL COMPLETE W/  CONTROL MODULE, CHARGER, BATTERY SET ETC.",Various,Various,59223.96,USD,2024,4,5829,RFPO-5829-V40013,Base PO
RFPO-6408-V40017-1,05 Apr 2024,RPR Aluminum Cladding,"Scott & From Co., Inc.",MVL USA JV LLC,RPR Aluminum Cladding,Various,Various,1226.0,USD,2024,4,6408,RFPO-6408-V40017,Base PO
RFPO-1569-V4415-1,05 Apr 2024,PO for SHARP MX61FT YELLOW TONER CART,Printek  SUPPLIES L.L.C,MACRO,PO for SHARP MX61FT YELLOW TONER CART,Various,Various,142.95,USD,2024,4,1569,RFPO-1569-V4415,Base PO
RFPO-6544-V40006A-1,05 Apr 2024,PO for Electrical Materials,Kelly & Hayes Electrical Industrial & Plumbing Supplies,MVL USA JV LLC,PO for Electrical Materials,Various,Various,13853.29,USD,2024,4,6544,RFPO-6544-V40006A,Base PO
RFPO-6408-V40020-1,05 Apr 2024,PO for Additional supports,Isam Kabbani Trading LLC,MVL USA JV LLC,PO for Additional supports,Various,Various,197.66,USD,2024,4,6408,RFPO-6408-V40020,Base PO
RFPO-6069-V40001-1,05 Apr 2024,PO for Paints (for Fire Pro Pipes only),The Sherwin-Williams Company,MACRO,PO for Paints (for Fire Pro Pipes only),Various,Various,4519.66,USD,2024,4,6069,RFPO-6069-V40001,Base PO
RFPO-6168-E6804-1,05 Apr 2024,PO for Electrical Wires & Cables,TIC LIGHT ELECTRICAL CORP,MACRO,PO for Electrical Wires & Cables,Electrical,Electrical,18500.0,USD,2024,4,6168,RFPO-6168-E6804,Base PO
RFPO-5829-E6804-1,04 Apr 2024,PO for HANGER-A01 C4/0-9,Tecon Limited LLC,MACRO,PO for HANGER-A01 C4/0-9,Electrical,Electrical,159291.49,USD,2024,4,5829,RFPO-5829-E6804,Base PO
RFPO-5829-E6805-1,04 Apr 2024,PO for Air Field Lighting as detailed below,GEMS SYSTEMS L.L.C.,MACRO,PO for Air Field Lighting as detailed below,Electrical,Electrical,134785.57,USD,2024,4,5829,RFPO-5829-E6805,Base PO
RFPO-6408-V40016-1,04 Apr 2024,"Supply of Vapor Barrier, Adhesive & Sealant",BIN DASMAL GENERAL TRADING CO LLC,MACRO,"Supply of Vapor Barrier, Adhesive & Sealant",Various,Various,3833.25,USD,2024,4,6408,RFPO-6408-V40016,Base PO
RFPO-1005-V4480-1,03 Apr 2024,PO for A5 STICKERS FOR TRADING ORDER 1005-S9076,SMILE COLOR,MICRON,PO for A5 STICKERS FOR TRADING ORDER 1005-S9076,Various,Various,130.7,USD,2024,4,1005,RFPO-1005-V4480,Base PO
RFPO-5829-E6806-1,03 Apr 2024,PO for Supply of Power Service Point (PSP),AVCOND GENERAL TRADING L.L.C,MACRO,PO for Supply of Power Service Point (PSP),Electrical,Electrical,108892.85,USD,2024,4,5829,RFPO-5829-E6806,Base PO
RFPO-6424-V40000-1,03 Apr 2024,PO for Rebars and Expansion Board,Dateline Exports Inc.,MACRO,PO for Rebars and Expansion Board,Various,Various,3627.24,USD,2024,4,6424,RFPO-6424-V40000,Base PO
RFPO-5503-V40008A-2,02 Apr 2024,PO for H1B5HF000,Zarifopoulos S.A,MVL USA JV LLC,PO for H1B5HF000,Various,Various,77803.48,USD,2024,4,5503,RFPO-5503-V40008A,Change Order
RFPO-5657-E6802-1,02 Apr 2024,PO for Steel Enclosure for pumps,MAX TECHNICAL ELECTRICAL TRADING LLC,MACRO,PO for Steel Enclosure for pumps,Electrical,Electrical,9276.51,USD,2024,4,5657,RFPO-5657-E6802,Base PO
RFPO-1569-V4414-1,01 Apr 2024,PO for Konnect Straight Desk,BAFCO TRADING LLC,MACRO,PO for Konnect Straight Desk,Various,Various,3856.5,USD,2024,4,1569,RFPO-1569-V4414,Base PO
RFPO-6544-V40005-1,01 Apr 2024,PO for Wall Base & Accessories,"MANNINGTON MILLS, INC.",MVL Greece,PO for Wall Base & Accessories,Various,Various,492.0,USD,2024,4,6544,RFPO-6544-V40005,Base PO
PO-415-1584-1,01 Apr 2024,ID CARD PRINTER AND ACCESSORIES,AL TARMEZ DIGIT SYSTEM TECHNOLOGY LLC,Unknown,ID CARD PRINTER AND ACCESSORIES,Various,Various,30374.4,USD,2024,4,415,PO-415-1584,Base PO
RFPO-5655-E6803-1,30 Mar 2024,PO for GE Spectra RMS 600V 250A 3 pole Circuit Breaker and Circuit Breaker Rating Plug Rated for 200A,TIC LIGHT ELECTRICAL CORP,MACRO,PO for GE Spectra RMS 600V 250A 3 pole Circuit Breaker and Circuit Breaker Rating Plug Rated for 200A,Electrical,Electrical,1044.1,USD,2024,3,5655,RFPO-5655-E6803,Base PO
RFPO-5829-V40011-1,30 Mar 2024,PO for SAFETY PPE FOR TRITON 30/3/2024,RIG STORE FOR GENERAL TRADING L.L.C.,MACRO,PO for SAFETY PPE FOR TRITON 30/3/2024,Various,Various,358.07,USD,2024,3,5829,RFPO-5829-V40011,Base PO
RFPO-6645-S9103A-1,28 Mar 2024,PO for Office trailer plumbing,AAA Commercial Builders,"MVL USA, INC",PO for Office trailer plumbing,Services,Services,3292.09,USD,2024,3,6645,RFPO-6645-S9103A,Base PO
RFPO-6408-V40015-1,26 Mar 2024,PO for HVAC Duct Supports,Isam Kabbani Trading LLC,MACRO,PO for HVAC Duct Supports,Various,Various,2150.8,USD,2024,3,6408,RFPO-6408-V40015,Base PO
RFPO-6645-S9103-1,25 Mar 2024,PO for The Plumbing should be 3 inch drain and 1 inch water service 20 feet or less from the outside edge of the trailer,AAA Commercial Builders,MACRO,PO for The Plumbing should be 3 inch drain and 1 inch water service 20 feet or less from the outside edge of the trailer,Services,Services,2500.0,USD,2024,3,6645,RFPO-6645-S9103,Base PO
RFPO-5695-T1000-1,25 Mar 2024,PO for MultiDirectional Scaffold,LAYHER FZE,MVL TRADING,PO for MultiDirectional Scaffold,Tools,Tools,122532.33,USD,2024,3,5695,RFPO-5695-T1000,Base PO
RFPO-5695-T1001-1,25 Mar 2024,PO for Formwork Tools,Hilti Emirates LLC,MACRO,PO for Formwork Tools,Tools,Tools,16119.26,USD,2024,3,5695,RFPO-5695-T1001,Base PO
RFPO-6069-V40000-1,25 Mar 2024,"PO for Paints (for Interior and Exterior CMU, Drywall and Metals)",The Sherwin-Williams Company,MACRO,"PO for Paints (for Interior and Exterior CMU, Drywall and Metals)",Various,Various,2766.09,USD,2024,3,6069,RFPO-6069-V40000,Base PO
RFPO-6544-V40004-1,25 Mar 2024,PO for Mortar Mix (Type N),Dateline Exports Inc.,MACRO,PO for Mortar Mix (Type N),Various,Various,261.55,USD,2024,3,6544,RFPO-6544-V40004,Base PO
RFPO-1005-V4479-1,21 Mar 2024,"PO for Printing:Sticker A5 size Vinyl sticker with matt lamination - 500pcs, Full cutting",SMILE COLOR,MICRON,"PO for Printing:Sticker A5 size Vinyl sticker with matt lamination - 500pcs, Full cutting",Various,Various,217.84,USD,2024,3,1005,RFPO-1005-V4479,Base PO
RFPO-5532-M4013-1,21 Mar 2024,PO for Motor Running Capacitor for the Wasser Tek Threading Machine,Evangel International Machinery Ltd.,MVL USA JV LLC,PO for Motor Running Capacitor for the Wasser Tek Threading Machine,Mechanical,Mechanical,117.5,USD,2024,3,5532,RFPO-5532-M4013,Base PO
RFPO-1005-S9077-1,20 Mar 2024,PO for KSA - 126 - ACCON - SPARES - AISSOL - KHAMIS,Al Shaikh International Limited Company,FIRESTOP,PO for KSA - 126 - ACCON - SPARES - AISSOL - KHAMIS,Services,Services,5134.67,USD,2024,3,1005,RFPO-1005-S9077,Base PO
RFPO-5532-V40028-1,20 Mar 2024,PO for Pre-Shipment Inspection of Mobile Lighting Tower,V-Trust Inspection Service Co. Ltd.,MVL USA JV LLC,PO for Pre-Shipment Inspection of Mobile Lighting Tower,Various,Various,268.0,USD,2024,3,5532,RFPO-5532-V40028,Base PO
RFPO-5683-V40012D-1,18 Mar 2024,PO for Cabinets,Dateline Exports Inc.,MVL USA JV LLC,PO for Cabinets,Various,Various,44902.55,USD,2024,3,5683,RFPO-5683-V40012D,Base PO
RFPO-6544-V40003-1,14 Mar 2024,PO for Paints,The Sherwin-Williams Company,MACRO,PO for Paints,Various,Various,3093.95,USD,2024,3,6544,RFPO-6544-V40003,Base PO
RFPO-6408-V40012-1,13 Mar 2024,PO for Electrical Fitting and Documentation Charges,Extol International Trading LLC,MACRO,PO for Electrical Fitting and Documentation Charges,Various,Various,370.65,USD,2024,3,6408,RFPO-6408-V40012,Base PO
RFPO-5829-E6803-1,13 Mar 2024,"PO for FC-ATS-001, 150A, 400V, 4P (Serial No.: J07ATBC30150J5XM)",Arabian Gulf Switchgear L.L.C.,MACRO,"PO for FC-ATS-001, 150A, 400V, 4P (Serial No.: J07ATBC30150J5XM)",Electrical,Electrical,110068.07,USD,2024,3,5829,RFPO-5829-E6803,Base PO
RFPO-6544-V40002A-1,13 Mar 2024,PO for Electrical Panel Boards,Kelly & Hayes Electrical Industrial & Plumbing Supplies,MVL USA JV LLC,PO for Electrical Panel Boards,Various,Various,6775.0,USD,2024,3,6544,RFPO-6544-V40002A,Base PO
RFPO-5695-V40006A-1,11 Mar 2024,PO for Rebar Couplers,TIC LIGHT ELECTRICAL CORP,MVL USA JV LLC,PO for Rebar Couplers,Various,Various,27500.0,USD,2024,3,5695,RFPO-5695-V40006A,Base PO
RFPO-5410-V40004-1,06 Mar 2024,PO for TRANS- TRANSPORTATION AUSTIN TO KUWAIT AND BACK,"GIBRALTAR PERIMETER SECURITY, LP",MACRO,PO for TRANS- TRANSPORTATION AUSTIN TO KUWAIT AND BACK,Various,Various,24730.0,USD,2024,3,5410,RFPO-5410-V40004,Base PO
RFPO-5532-V40027-1,06 Mar 2024,PO for Pre-Shipment Inspection,V-Trust Inspection Service Co. Ltd.,MVL USA JV LLC,PO for Pre-Shipment Inspection,Various,Various,402.0,USD,2024,3,5532,RFPO-5532-V40027,Base PO
RFPO-6408-V40011-1,06 Mar 2024,PO for Electrical cables and Fittings.,Extol International Trading LLC,MACRO,PO for Electrical cables and Fittings.,Various,Various,17412.16,USD,2024,3,6408,RFPO-6408-V40011,Base PO
RFPO-1569-V4413-1,04 Mar 2024,PO for Trophy - Georgia 2024 MVL Family,CRYSTAL ARC FACTORY LLC,FIRESTOP,PO for Trophy - Georgia 2024 MVL Family,Various,Various,1415.93,USD,2024,3,1569,RFPO-1569-V4413,Base PO
RFPO-5829-V4356-1,04 Mar 2024,PO for BACK UP PRINTER - HP 5225n - 1 Set Of toners.,Printek  SUPPLIES L.L.C,MACRO,PO for BACK UP PRINTER - HP 5225n - 1 Set Of toners.,Various,Various,925.8,USD,2024,3,5829,RFPO-5829-V4356,Base PO
RFPO-6645-S9102-1,04 Mar 2024,PO for Office Trailer Service Pole: Installed 25-foot wooden pole. Installed 200 AMP meter supplied by Flint. Installed 200 AMP single-phase panel with an overhead service on the wooden pole. Installe,"Carswell Brothers Services, INC.",MICRON,PO for Office Trailer Service Pole: Installed 25-foot wooden pole. Installed 200 AMP meter supplied by Flint. Installed 200 AMP single-phase panel with an overhead service on the wooden pole. Installe,Services,Services,7206.0,USD,2024,3,6645,RFPO-6645-S9102,Base PO
RFPO-1569-V4413-2,04 Mar 2024,PO for Trophy - Georgia 2024 MVL Family,CRYSTAL ARC FACTORY LLC,FIRESTOP,PO for Trophy - Georgia 2024 MVL Family,Various,Various,1552.08,USD,2024,3,1569,RFPO-1569-V4413,Change Order
RFPO-5829-V40009-1,29 Feb 2024,"PO for Dia 8 inch PVC pressure pipe, SCH 40 ASTM D 1785, 6 Mtr Long",AL HODA PIPE & TUBE TRADING,MACRO,"PO for Dia 8 inch PVC pressure pipe, SCH 40 ASTM D 1785, 6 Mtr Long",Various,Various,60519.41,USD,2024,2,5829,RFPO-5829-V40009,Base PO
RFPO-6705-V40000-1,29 Feb 2024,PO for MVS 5/15 kV Lineups,Benfield Electric International Ltd.,MACRO,PO for MVS 5/15 kV Lineups,Various,Various,219000.0,USD,2024,2,6705,RFPO-6705-V40000,Base PO
RFPO-5532-M4012-1,29 Feb 2024,PO for Generator (for Laydown Yard),Bahmani General Trading L.L.C.,MVL USA JV LLC,PO for Generator (for Laydown Yard),Mechanical,Mechanical,10973.45,USD,2024,2,5532,RFPO-5532-M4012,Base PO
RFPO-5829-V40007-1,28 Feb 2024,"PO for [6INEPC40] UPVC PIPE 6 inch NEMA TC-2 EPC-40 x 6 Mts, S/S",Power Plastic Factory LLC,MVL Greece,"PO for [6INEPC40] UPVC PIPE 6 inch NEMA TC-2 EPC-40 x 6 Mts, S/S",Various,Various,209412.39,USD,2024,2,5829,RFPO-5829-V40007,Base PO
RFPO-5829-E6802-1,28 Feb 2024,PO for Capacitor Bank 450KVAR - As per Approved Submittal,Arabian Gulf Switchgear L.L.C.,MACRO,PO for Capacitor Bank 450KVAR - As per Approved Submittal,Electrical,Electrical,15784.89,USD,2024,2,5829,RFPO-5829-E6802,Base PO
RFPO-5829-V40008-1,28 Feb 2024,"PO for GRP 600mm 12.0M Length Pipe, SP/SP+1 DBC",ABU DHABI PIPE FACTORY,MACRO,"PO for GRP 600mm 12.0M Length Pipe, SP/SP+1 DBC",Various,Various,35235.94,USD,2024,2,5829,RFPO-5829-V40008,Base PO
RFPO-5153-C6054-3,27 Feb 2024,PO for 2nd order for PAB VPL 50RS UV Stable drum 131307 and Perm-A-Barrier NPS Strips - 6 feet x 109 feet  117966,GCP ITALIANA S.P.A.,MICRON,PO for 2nd order for PAB VPL 50RS UV Stable drum 131307 and Perm-A-Barrier NPS Strips - 6 feet x 109 feet  117966,Chemicals,Chemicals,231267.82,USD,2024,2,5153,RFPO-5153-C6054,Change Order
RFPO-5829-V40010-1,27 Feb 2024,PO for Pre.ins.pipe-CS,Emirates Preinsulated Pipes Industries LLC,MACRO,PO for Pre.ins.pipe-CS,Various,Various,31313.82,USD,2024,2,5829,RFPO-5829-V40010,Base PO
RFPO-1569-V4412-1,26 Feb 2024,PO for SOUVENIR PASSPORT,Promotional L.L.C-FZ,FIRESTOP,PO for SOUVENIR PASSPORT,Various,Various,617.02,USD,2024,2,1569,RFPO-1569-V4412,Base PO
RFPO-5683-V40017A-1,26 Feb 2024,PO for Enclosed Circuit Breaker,City Electric Supply,MVL USA JV LLC,PO for Enclosed Circuit Breaker,Various,Various,4361.38,USD,2024,2,5683,RFPO-5683-V40017A,Base PO
RFPO-5532-M4102-1,22 Feb 2024,PO for YG-5*10 national standard 10 m2 5 cores cable,"Henan Yugong Machinery Co., Ltd.",MACRO,PO for YG-5*10 national standard 10 m2 5 cores cable,Mechanical,Mechanical,640.0,USD,2024,2,5532,RFPO-5532-M4102,Base PO
RFPO-5532-M4011-1,21 Feb 2024,PO for Maxus V80 Blower Resistor,Evangel International Machinery Ltd.,MVL USA JV LLC,PO for Maxus V80 Blower Resistor,Mechanical,Mechanical,35.0,USD,2024,2,5532,RFPO-5532-M4011,Base PO
RFPO-5503-V40012-1,21 Feb 2024,PO for RACK PDU 400V 3PH WYE L-N 11.1KVA 16A PART NUMBER PX3-1648V-V4,OneNet Digital Solutions,MACRO,PO for RACK PDU 400V 3PH WYE L-N 11.1KVA 16A PART NUMBER PX3-1648V-V4,Various,Various,258260.87,USD,2024,2,5503,RFPO-5503-V40012,Base PO
RFPO-5829-R1505-1,20 Feb 2024,PO for Mobile Crane 100 Ton - Monthly Rental,STAR WAY GENERAL TRANSPORT,FIRESTOP,PO for Mobile Crane 100 Ton - Monthly Rental,Rental,Rental,68618.11,USD,2024,2,5829,RFPO-5829-R1505,Base PO
RFPO-5655-E6802-1,20 Feb 2024,PO for Safety Switch.,TIC LIGHT ELECTRICAL CORP,MACRO,PO for Safety Switch.,Electrical,Electrical,3968.42,USD,2024,2,5655,RFPO-5655-E6802,Base PO
RFPO-5193-V40013-1,19 Feb 2024,PO for THIRD PARTY INSPECTION OF STEEL DOORS NAFFCO,TUV SUD MIDDLE EAST LLC,MACRO,PO for THIRD PARTY INSPECTION OF STEEL DOORS NAFFCO,Various,Various,272.29,USD,2024,2,5193,RFPO-5193-V40013,Base PO
RFPO-1005-V7171-1,19 Feb 2024,PO for DI DN 8-inch spigot flange pipe,Unitech Di Pipes & Fittings Mfg. LLC,MICRON,PO for DI DN 8-inch spigot flange pipe,Various,Various,2166.15,USD,2024,2,1005,RFPO-1005-V7171,Base PO
RFPO-5410-V40002-2,16 Feb 2024,PO for Modification P00004 to Contract no. 19GE5021C0001  - Traffic lights LED 24vdc,"GIBRALTAR PERIMETER SECURITY, LP",MACRO,PO for Modification P00004 to Contract no. 19GE5021C0001  - Traffic lights LED 24vdc,Various,Various,5668.57,USD,2024,2,5410,RFPO-5410-V40002,Change Order
RFPO-5695-S9100-1,16 Feb 2024,PO for Testing Services for Welded Rebar,MIRAI CALIBRATION LABORATORY PTE LTD,MACRO,PO for Testing Services for Welded Rebar,Services,Services,900.0,USD,2024,2,5695,RFPO-5695-S9100,Base PO
RFPO-6408-V40009-1,15 Feb 2024,Duct Insulation Material,Leminar Air Conditioning Co LLC,MACRO,Duct Insulation Material,Various,Various,822.33,USD,2024,2,6408,RFPO-6408-V40009,Base PO
RFPO-6505-V40000-1,15 Feb 2024,PO for 25 PERSONS FIRST AID KIT WITH CONTENTS FM031,RIG STORE FOR GENERAL TRADING L.L.C.,MACRO,PO for 25 PERSONS FIRST AID KIT WITH CONTENTS FM031,Various,Various,203.95,USD,2024,2,6505,RFPO-6505-V40000,Base PO
RFPO-6408-V40010-1,15 Feb 2024,PO for Trane Air Handling Units (AHU) and Air Cooled Condensing Units(ACCU),"Scott & From Co., Inc.",MACRO,PO for Trane Air Handling Units (AHU) and Air Cooled Condensing Units(ACCU),Various,Various,88220.0,USD,2024,2,6408,RFPO-6408-V40010,Base PO
RFPO-5153-C6054-2,14 Feb 2024,PO for 2nd order for PAB VPL 50RS UV Stable drum 131307 and Perm-A-Barrier NPS Strips - 6 feet x 109 feet  117966,GCP ITALIANA S.P.A.,MICRON,PO for 2nd order for PAB VPL 50RS UV Stable drum 131307 and Perm-A-Barrier NPS Strips - 6 feet x 109 feet  117966,Chemicals,Chemicals,227492.45,USD,2024,2,5153,RFPO-5153-C6054,Change Order
RFPO-5532-M4010-1,14 Feb 2024,PO for Mobile Lighting Tower,Evangel International Machinery Ltd.,MVL USA JV LLC,PO for Mobile Lighting Tower,Mechanical,Mechanical,8750.0,USD,2024,2,5532,RFPO-5532-M4010,Base PO
RFPO-6705-M4002-1,13 Feb 2024,Packing and Transportation Cost - China to Busan,"Henan XunHu Equipment Co., Ltd",MVL Nepal,Packing and Transportation Cost - China to Busan,Mechanical,Mechanical,1800.0,USD,2024,2,6705,RFPO-6705-M4002,Base PO
RFPO-5532-V40026-1,13 Feb 2024,PO for CPVC Pipes & fittings,CRESCO MIDDLE EAST TRADING L.L.C,MVL USA JV LLC,PO for CPVC Pipes & fittings,Various,Various,1066.24,USD,2024,2,5532,RFPO-5532-V40026,Base PO
RFPO-6168-V40047-1,09 Feb 2024,PO for SST for Duct Penetrations,"Scott & From Co., Inc.",MVL USA JV LLC,PO for SST for Duct Penetrations,Various,Various,2955.31,USD,2024,2,6168,RFPO-6168-V40047,Base PO
RFPO-1005-V7161-1,08 Feb 2024,PO for 11252-712,ODORES METAL LLC,MICRON,PO for 11252-712,Various,Various,17024.608,USD,2024,2,1005,RFPO-1005-V7161,Base PO
RFPO-1005-V7168-1,08 Feb 2024,"PO for 312613-BULK. MXE86383GR10000. STANDARD, 4 IN, 3 CELL TEXTILE INNERDUCT, GREEN 10,000 FT REEL Cut Requirements: 1X2800",ODORES METAL LLC,MICRON,"PO for 312613-BULK. MXE86383GR10000. STANDARD, 4 IN, 3 CELL TEXTILE INNERDUCT, GREEN 10,000 FT REEL Cut Requirements: 1X2800",Various,Various,14240.4,USD,2024,2,1005,RFPO-1005-V7168,Base PO
RFPO-6408-V40007-1,08 Feb 2024,PO for Duro Dyne,"Scott & From Co., Inc.",MVL Greece,PO for Duro Dyne,Various,Various,2383.02216,USD,2024,2,6408,RFPO-6408-V40007,Base PO
RFPO-6645-S9101-1,08 Feb 2024,PO for Overhead Electrical Service and 200A Meter base,Flint Energies,MACRO,PO for Overhead Electrical Service and 200A Meter base,Services,Services,3817.0,USD,2024,2,6645,RFPO-6645-S9101,Base PO
RFPO-1569-O62-1,08 Feb 2024,PO forProfessional Services of BT RS as per approved Proposal - NIST/CMMC Project implementation,BLACK BOX TECHNOLOGIES L.L.C,MACRO,PO forProfessional Services of BT RS as per approved Proposal - NIST/CMMC Project implementation,Office Assets,Office Assets,7655.55,USD,2024,2,1569,RFPO-1569-O62,Base PO
RFPO-6168-V40046-1,08 Feb 2024,PO for Wall & Floor Tiles,Prime Tech Trading Est LLC,MVL USA JV LLC,PO for Wall & Floor Tiles,Various,Various,810.48,USD,2024,2,6168,RFPO-6168-V40046,Base PO
RFPO-1005-V7167-1,08 Feb 2024,PO for Supply and Delivery of Backfill Materials and ABC Materials -7/2/2024,KAD DEVELOPMENT CONSTRUCTION COMPANY,MICRON,PO for Supply and Delivery of Backfill Materials and ABC Materials -7/2/2024,Various,Various,10370.67,USD,2024,2,1005,RFPO-1005-V7167,Base PO
RFPO-6408-V40008-1,08 Feb 2024,PO for Abro USA,AL HODA PIPE & TUBE TRADING,MACRO,PO for Abro USA,Various,Various,106.19,USD,2024,2,6408,RFPO-6408-V40008,Base PO
RFPO-6705-V40001-1,08 Feb 2024,"PO for Automatic Transfer Switch, ZBTS T-Series, ABB",Kelly & Hayes Electrical Industrial & Plumbing Supplies,MACRO,"PO for Automatic Transfer Switch, ZBTS T-Series, ABB",Various,Various,98215.0,USD,2024,2,6705,RFPO-6705-V40001,Base PO
RFPO-6645-S9100-1,07 Feb 2024,PO for Water /Sewer Connection,Columbus Water Works,MACRO,PO for Water /Sewer Connection,Services,Services,2650.0,USD,2024,2,6645,RFPO-6645-S9100,Base PO
RFPO-5657-V40011-1,07 Feb 2024,PO for Expansion Joints,POWERFIT INDUSTRIAL PTE LTD,MACRO,PO for Expansion Joints,Various,Various,1328.36,USD,2024,2,5657,RFPO-5657-V40011,Base PO
RFPO-1005-A5220-1,07 Feb 2024,"PO for Toilet Door - 1005mm x 2205mm (LH) Hardware: Hinges,Lockset,Privacy Function with Turn Knob inside and Lever Handle Outside, Kick Plate, MOP Plate, Concealed OH Stop, Door silencers, SS Screw M",Lakshmi Metal Tech LLC,MICRON,"PO for Toilet Door - 1005mm x 2205mm (LH) Hardware: Hinges,Lockset,Privacy Function with Turn Knob inside and Lever Handle Outside, Kick Plate, MOP Plate, Concealed OH Stop, Door silencers, SS Screw M",Architectural,Architectural,3471.75,USD,2024,2,1005,RFPO-1005-A5220,Base PO
RFPO-1005-V7166-1,07 Feb 2024,PO for Suplly and delivery of Backfill materials,Gulf Inshaa General Contracting Est,MICRON,PO for Suplly and delivery of Backfill materials,Various,Various,4352.0,USD,2024,2,1005,RFPO-1005-V7166,Base PO
RFPO-5213-V40020-1,07 Feb 2024,"PO for Storage : Open shelf cabinet three adjustable shelf caster wheel 75mm dia 2 brake 2 without brake 1.0 mm thick Steel sheet powder paint stove enamel RAL 7032 Pabble grey, size: 91.5 x D 45 X H",Khaldoon Factory For Steel Furniture,MVL USA JV LLC,"PO for Storage : Open shelf cabinet three adjustable shelf caster wheel 75mm dia 2 brake 2 without brake 1.0 mm thick Steel sheet powder paint stove enamel RAL 7032 Pabble grey, size: 91.5 x D 45 X H",Various,Various,11909.33,USD,2024,2,5213,RFPO-5213-V40020,Base PO
RFPO-4814-V40010-1,06 Feb 2024,PO for Kaba Simplex Lock,LOCKMASTERS INCORPORATED,MACRO,PO for Kaba Simplex Lock,Various,Various,1702.56,USD,2024,2,4814,RFPO-4814-V40010,Base PO
RFPO-5683-V40016-1,06 Feb 2024,PO for Additional Electrical Materials,Kelly & Hayes Electrical Industrial & Plumbing Supplies,MACRO,PO for Additional Electrical Materials,Various,Various,13028.03,USD,2024,2,5683,RFPO-5683-V40016,Base PO
RFPO-1005-V7127-2,06 Feb 2024,"PO for 20A Disconnect switch, 220V Non fusible Outdoor type with Grounding and Neutral terminal.",GULF SUPPORT SYSTEM TRADING Co.,MICRON,"PO for 20A Disconnect switch, 220V Non fusible Outdoor type with Grounding and Neutral terminal.",Various,Various,10462.98,USD,2024,2,1005,RFPO-1005-V7127,Change Order
RFPO-1005-V7165-1,05 Feb 2024,PO for DISCONNECT SWITCH 1200A 3 POLE WITH ENCLOSURE CABINET (2000 X 1200 X 600) AND FABRICATED AS PER THE DRAWING APPROVED BY THE CLIENT (FOR BREAKER & CABINET ENCLOSURE) THE BREAKER MADE BY MITSUBIS,GULF SUPPORT SYSTEM TRADING Co.,MICRON,PO for DISCONNECT SWITCH 1200A 3 POLE WITH ENCLOSURE CABINET (2000 X 1200 X 600) AND FABRICATED AS PER THE DRAWING APPROVED BY THE CLIENT (FOR BREAKER & CABINET ENCLOSURE) THE BREAKER MADE BY MITSUBIS,Various,Various,5720.0,USD,2024,2,1005,RFPO-1005-V7165,Base PO
RFPO-5695-E6801-1,05 Feb 2024,PO for Rebar Coating,TIC LIGHT ELECTRICAL CORP,MACRO,PO for Rebar Coating,Electrical,Electrical,1290.0,USD,2024,2,5695,RFPO-5695-E6801,Base PO
RFPO-5193-V40012-1,05 Feb 2024,PO for 1CX7X1W2626 CORMAX IC CORE w/3 KEYS,dormakaba Middle East LLC,MACRO,PO for 1CX7X1W2626 CORMAX IC CORE w/3 KEYS,Various,Various,2107.58,USD,2024,2,5193,RFPO-5193-V40012,Base PO
RFPO-5829-E6801-1,05 Feb 2024,"PO for (Kohler) (SDMO industries) Generating Set 1250 KVA Standby Rated, closed type generator model T1250, with Mitsubishi Engine S12RPTA3 running at 1500 RPM, a Single bearing Kohler Alternator KH04",Site & Power DK FZ LLC - Dubai Branch,MACRO,"PO for (Kohler) (SDMO industries) Generating Set 1250 KVA Standby Rated, closed type generator model T1250, with Mitsubishi Engine S12RPTA3 running at 1500 RPM, a Single bearing Kohler Alternator KH04",Electrical,Electrical,245064.67,USD,2024,2,5829,RFPO-5829-E6801,Base PO
RFPO-1005-V7151-2,01 Feb 2024,PO for BLACK NON- REFLECTIVE CUBICLE TRACK SURFACE MOUNTED FLAT-GRID CEILING WITH ACCESSORIES,Construction Specialties (Gulf) Trading Est.,MICRON,PO for BLACK NON- REFLECTIVE CUBICLE TRACK SURFACE MOUNTED FLAT-GRID CEILING WITH ACCESSORIES,Various,Various,8689.05,USD,2024,2,1005,RFPO-1005-V7151,Change Order
RFPO-5410-V40002-1,01 Feb 2024,PO for Modification P00004 to Contract no. 19GE5021C0001  - Traffic lights LED 24vdc,"GIBRALTAR PERIMETER SECURITY, LP",MACRO,PO for Modification P00004 to Contract no. 19GE5021C0001  - Traffic lights LED 24vdc,Various,Various,5668.57,USD,2024,2,5410,RFPO-5410-V40002,Base PO
RFPO-6646-R1500-1,01 Feb 2024,PO for Jobsite Trailer Model: 60x12 Mobile Office or Similar,Williams Scotsman Inc,FIRESTOP,PO for Jobsite Trailer Model: 60x12 Mobile Office or Similar,Rental,Rental,34547.02,USD,2024,2,6646,RFPO-6646-R1500,Base PO
RFPO-1569-R1506-1,01 Feb 2024,PO for (REPAIR) Supply and installation of Consumables  SHARP MX-3051 machine with SN#  15125288,NEW SMART OFFICE AUTOMATION LLC,FIRESTOP,PO for (REPAIR) Supply and installation of Consumables  SHARP MX-3051 machine with SN#  15125288,Rental,Rental,980.26,USD,2024,2,1569,RFPO-1569-R1506,Base PO
RFPO-6168-V40045-1,30 Jan 2024,PO for HVAC Duct Supports,Isam Kabbani Trading LLC,MVL USA JV LLC,PO for HVAC Duct Supports,Various,Various,3579.97,USD,2024,1,6168,RFPO-6168-V40045,Base PO
RFPO-4814-V40009-1,30 Jan 2024,PO for CABLE RACKS ACCESSORIES,WESTEX GROUP INC,MACRO,PO for CABLE RACKS ACCESSORIES,Various,Various,15122.0,USD,2024,1,4814,RFPO-4814-V40009,Base PO
RFPO-1569-O61-1,29 Jan 2024,PO for LENOVO LAPTOP - for Mr. Richard Gonzales and Mr. Ferdinand Rayke (replacementt),KASPERTECH GENERAL TRADING LLC,MACRO,PO for LENOVO LAPTOP - for Mr. Richard Gonzales and Mr. Ferdinand Rayke (replacementt),Office Assets,Office Assets,1659.69,USD,2024,1,1569,RFPO-1569-O61,Base PO
RFPO-6544-V40001-1,25 Jan 2024,PO for Mortar Mix,"White Cap Supply Holdings, LLC",MACRO,PO for Mortar Mix,Various,Various,524.92,USD,2024,1,6544,RFPO-6544-V40001,Base PO
RFPO-1005-V7162-1,24 Jan 2024,PO for Supply of Manual Roller Blinds - Sunscreen Fabric: Natte 380 002002 and Blackout Fabric: Snow 4898,EURO SYSTEMS LLC,MICRON,PO for Supply of Manual Roller Blinds - Sunscreen Fabric: Natte 380 002002 and Blackout Fabric: Snow 4898,Various,Various,959.56,USD,2024,1,1005,RFPO-1005-V7162,Base PO
RFPO-5532-M4009-1,24 Jan 2024,PO for Backhoe Loader - Consumables - PMS and forklinf Relays,Evangel International Machinery Ltd.,MVL USA JV LLC,PO for Backhoe Loader - Consumables - PMS and forklinf Relays,Mechanical,Mechanical,733.0,USD,2024,1,5532,RFPO-5532-M4009,Base PO
RFPO-1569-O60-1,24 Jan 2024,PO for LENOVO LAPTOP - for Mr. Franklin P. Waje,Kyoto Technologies,MACRO,PO for LENOVO LAPTOP - for Mr. Franklin P. Waje,Office Assets,Office Assets,863.17,USD,2024,1,1569,RFPO-1569-O60,Base PO
RFPO-1569-O56-2,22 Jan 2024,PO for CHANGE ORDER FOR MVL OFFICE NETWORK UPGRADE - NISTCMMC Project implementation,Kyoto Technologies,MACRO,PO for CHANGE ORDER FOR MVL OFFICE NETWORK UPGRADE - NISTCMMC Project implementation,Office Assets,Office Assets,12130.97,USD,2024,1,1569,RFPO-1569-O56,Change Order
RFPO-5153-C6054-1,22 Jan 2024,PO for 2nd order for PAB VPL 50RS UV Stable drum 131307 and Perm-A-Barrier NPS Strips - 6 feet x 109 feet  117966,GCP ITALIANA S.P.A.,MICRON,PO for 2nd order for PAB VPL 50RS UV Stable drum 131307 and Perm-A-Barrier NPS Strips - 6 feet x 109 feet  117966,Chemicals,Chemicals,225280.53,USD,2024,1,5153,RFPO-5153-C6054,Base PO
RFPO-5213-R1501-1,22 Jan 2024,"PO for PUMPSET: 8 inch X 8 inch Diesel Engine High Pressure Pump, ModelHP-200, Pump Capacity- 1050m3/h, max), Pressure Head- 90m (max). Sewage with Solids handling size 50mm. 8 inch x 5 Mtrs. Suction",SKY PUMP Trading EST.,FIRESTOP,"PO for PUMPSET: 8 inch X 8 inch Diesel Engine High Pressure Pump, ModelHP-200, Pump Capacity- 1050m3/h, max), Pressure Head- 90m (max). Sewage with Solids handling size 50mm. 8 inch x 5 Mtrs. Suction",Rental,Rental,10266.67,USD,2024,1,5213,RFPO-5213-R1501,Base PO
RFPO-6705-M4001-1,22 Jan 2024,PO for GM-4 with cargo AS PER APPROVED SUBMITTAL,"Henan XunHu Equipment Co., Ltd",MACRO,PO for GM-4 with cargo AS PER APPROVED SUBMITTAL,Mechanical,Mechanical,9820.0,USD,2024,1,6705,RFPO-6705-M4001,Base PO
RFPO-1569-V4411-1,22 Jan 2024,PO for 1 SET OF TONERS FOR Sharp MX - 3051,Printek  SUPPLIES L.L.C,MACRO,PO for 1 SET OF TONERS FOR Sharp MX - 3051,Various,Various,506.47,USD,2024,1,1569,RFPO-1569-V4411,Base PO
RFPO-5829-T1001-1,22 Jan 2024,PO for ExtechLT300 Light Meter with calibration,Anaum Measuring Equipment LLC,MACRO,PO for ExtechLT300 Light Meter with calibration,Tools,Tools,253.23,USD,2024,1,5829,RFPO-5829-T1001,Base PO
RFPO-1005-V7159-1,22 Jan 2024,PO for 13A DUPLEX RECEPTACLE 220V,GULF SUPPORT SYSTEM TRADING Co.,MICRON,PO for 13A DUPLEX RECEPTACLE 220V,Various,Various,8974.93,USD,2024,1,1005,RFPO-1005-V7159,Base PO
RFPO-5829-R1504-1,22 Jan 2024,PO for SET OF TONERS FOR SHARP BP-20C20T machine with SN#35104871,NEW SMART OFFICE AUTOMATION LLC,FIRESTOP,PO for SET OF TONERS FOR SHARP BP-20C20T machine with SN#35104871,Rental,Rental,450.65,USD,2024,1,5829,RFPO-5829-R1504,Base PO
RFPO-1005-V7160-1,22 Jan 2024,PO for Blue Air Filters,Fantastic Electronics FZC,MICRON,PO for Blue Air Filters,Various,Various,4601.77,USD,2024,1,1005,RFPO-1005-V7160,Base PO
RFPO-5695-V40007A-1,22 Jan 2024,PO for Concrete Curing Compound,"White Cap Supply Holdings, LLC",MVL USA JV LLC,PO for Concrete Curing Compound,Various,Various,319.38,USD,2024,1,5695,RFPO-5695-V40007A,Base PO
RFPO-6408-V40006-1,19 Jan 2024,"PO for Copper Pipe & Fittings, Refrigerant Valves & Accessories","Scott & From Co., Inc.",MACRO,"PO for Copper Pipe & Fittings, Refrigerant Valves & Accessories",Various,Various,10648.96,USD,2024,1,6408,RFPO-6408-V40006,Base PO
RFPO-6168-V40044-1,18 Jan 2024,PO for Toilet Accessories,Blue Line Trading Group LLC,MVL USA JV LLC,PO for Toilet Accessories,Various,Various,3794.99,USD,2024,1,6168,RFPO-6168-V40044,Base PO
RFPO-5532-M4008-1,17 Jan 2024,PO for ISUZU 100P 4X2 98 HP Passenger Van Truck and Trolley,Evangel International Machinery Ltd.,MVL USA JV LLC,PO for ISUZU 100P 4X2 98 HP Passenger Van Truck and Trolley,Mechanical,Mechanical,51825.0,USD,2024,1,5532,RFPO-5532-M4008,Base PO
RFPO-5657-M4103-1,17 Jan 2024,PO for Capacitor for the Pump Motors,Zoeller Pump Company,MACRO,PO for Capacitor for the Pump Motors,Mechanical,Mechanical,302.4,USD,2024,1,5657,RFPO-5657-M4103,Base PO
RFPO-6408-V40002-1,16 Jan 2024,PO for SS  316 Jacketing,"Scott & From Co., Inc.",MACRO,PO for SS  316 Jacketing,Various,Various,1616.0,USD,2024,1,6408,RFPO-6408-V40002,Base PO
RFPO-6408-V40003-1,16 Jan 2024,PO for KFLEX-ST Rubber Insulation for Copper and PVC Pipe,BIN DASMAL GENERAL TRADING CO LLC,MACRO,PO for KFLEX-ST Rubber Insulation for Copper and PVC Pipe,Various,Various,562.6,USD,2024,1,6408,RFPO-6408-V40003,Base PO
RFPO-6408-V40004-1,16 Jan 2024,PO for PVC PIPE & FITTINGS SCH40,AL HODA PIPE & TUBE TRADING,MACRO,PO for PVC PIPE & FITTINGS SCH40,Various,Various,206.67,USD,2024,1,6408,RFPO-6408-V40004,Base PO
RFPO-5683-S9077-1,16 Jan 2024,PO for Fire Protection Materials,SUMMIT FIRE CONSULTING (SFC),FIRESTOP,PO for Fire Protection Materials,Services,Services,5900.0,USD,2024,1,5683,RFPO-5683-S9077,Base PO
RFPO-1005-V7158-1,15 Jan 2024,"PO for Ladder Modiϐication Work (Rework Charges, Fabrication Charges, Material Cost) on Supplied Material (Qty – 2 Pcs)",OMAN GRATING COMPANY,MICRON,"PO for Ladder Modiϐication Work (Rework Charges, Fabrication Charges, Material Cost) on Supplied Material (Qty – 2 Pcs)",Various,Various,2160.0,USD,2024,1,1005,RFPO-1005-V7158,Base PO
RFPO-6168-V40038A-1,15 Jan 2024,PO for Gypsum Ceiling (Wet & dry areas),BMET Building Materials Trading LLC,MVL USA JV LLC,PO for Gypsum Ceiling (Wet & dry areas),Various,Various,2530.92,USD,2024,1,6168,RFPO-6168-V40038A,Base PO
RFPO-6408-M4103-1,15 Jan 2024,Air Diffuser with Damper & Return Air Grille,Century Mechanical Systems,MACRO,Air Diffuser with Damper & Return Air Grille,Mechanical,Mechanical,686.18,USD,2024,1,6408,RFPO-6408-M4103,Base PO
RFPO-6544-V40000-1,15 Jan 2024,PO for Air Conditioning Unit,"Scott & From Co., Inc.",MACRO,PO for Air Conditioning Unit,Various,Various,1579.0,USD,2024,1,6544,RFPO-6544-V40000,Base PO
RFPO-5532-V40025-1,11 Jan 2024,PO for Additional MEP Materials for Man Camp,Kelly & Hayes Electrical Industrial & Plumbing Supplies,MVL USA JV LLC,PO for Additional MEP Materials for Man Camp,Various,Various,3194.5,USD,2024,1,5532,RFPO-5532-V40025,Base PO
RFPO-5683-E6803A-1,10 Jan 2024,PO for Dutch Doors & Frames,TIC LIGHT ELECTRICAL CORP,MVL USA JV LLC,PO for Dutch Doors & Frames,Electrical,Electrical,13182.57,USD,2024,1,5683,RFPO-5683-E6803A,Base PO
RFPO-6408-M4102-1,10 Jan 2024,PO for Fire Dampers and Access Doors,Century Mechanical Systems,MACRO,PO for Fire Dampers and Access Doors,Mechanical,Mechanical,358.67,USD,2024,1,6408,RFPO-6408-M4102,Base PO
RFPO-5829-T1000-1,09 Jan 2024,PO for Peakmeter,Anaum Measuring Equipment LLC,MVL TRADING,PO for Peakmeter,Tools,Tools,49.01,USD,2024,1,5829,RFPO-5829-T1000,Base PO
RFPO-5532-V4364-1,09 Jan 2024,PO for DOUBLE CAB 4X4 PICK UP,Wafrah Automotive FZCO,FIRESTOP,PO for DOUBLE CAB 4X4 PICK UP,Various,Various,34000.0,USD,2024,1,5532,RFPO-5532-V4364,Base PO
RFPO-5657-V40010-1,09 Jan 2024,PO for Enclosures,Benfield Electric International Ltd.,MACRO,PO for Enclosures,Various,Various,1171.8,USD,2024,1,5657,RFPO-5657-V40010,Base PO
RFPO-5532-V40024-1,09 Jan 2024,PO for Additional Boxes & Covers (for Moody Office and Clinic),Extol International Trading LLC,MVL USA JV LLC,PO for Additional Boxes & Covers (for Moody Office and Clinic),Various,Various,430.22,USD,2024,1,5532,RFPO-5532-V40024,Base PO
RFPO-1005-E7067A-1,05 Jan 2024,"PO for 10 KW, 240 Volts in, 120/240 Volts out UL924 Certified, 60 Hz, 1 Phase, Inverter System",ALC ADVANCED LIGHTING COMPANY,MICRON,"PO for 10 KW, 240 Volts in, 120/240 Volts out UL924 Certified, 60 Hz, 1 Phase, Inverter System",Electrical,Electrical,174368.0,USD,2024,1,1005,RFPO-1005-E7067A,Base PO
RFPO-5213-V40019-1,04 Jan 2024,PO for KOPLER K-401-D-6 inch,Precision Solutions Corporation,MVL USA JV LLC,PO for KOPLER K-401-D-6 inch,Various,Various,3055.2,USD,2024,1,5213,RFPO-5213-V40019,Base PO
RFPO-5683-V40015-1,04 Jan 2024,PO for THIRD PARTY INSPECTION of Steel Sliding Windows and Aluminum Flush Doors & Frames,TUV SUD MIDDLE EAST LLC,MACRO,PO for THIRD PARTY INSPECTION of Steel Sliding Windows and Aluminum Flush Doors & Frames,Various,Various,272.29,USD,2024,1,5683,RFPO-5683-V40015,Base PO
RFPO-6168-T1000-1,03 Jan 2024,PO for Stud anchor,Hilti Emirates LLC,MVL TRADING,PO for Stud anchor,Tools,Tools,342.52,USD,2024,1,6168,RFPO-6168-T1000,Base PO
RFPO-6168-V40042-1,03 Jan 2024,PO for Wall Base & Accessories,"MANNINGTON MILLS, INC.",MVL USA JV LLC,PO for Wall Base & Accessories,Various,Various,2840.0,USD,2024,1,6168,RFPO-6168-V40042,Base PO
RFPO-5213-V40018-1,03 Jan 2024,PO for KOPLER K-4908,CONTRACTORS SERVICES CO.,MVL USA JV LLC,PO for KOPLER K-4908,Various,Various,2106.67,USD,2024,1,5213,RFPO-5213-V40018,Base PO
RFPO-5213-V40017-1,02 Jan 2024,PO for Blind Flange,Unitech Di Pipes & Fittings Mfg. LLC,MVL USA JV LLC,PO for Blind Flange,Various,Various,19470.65,USD,2024,1,5213,RFPO-5213-V40017,Base PO
RFPO-6705-V4352-1,02 Jan 2024,PO for Folding Container House.,FOSHAN SOEASY MODULAR HOUSING CO LTD,MACRO,PO for Folding Container House.,Various,Various,224200.0,USD,2024,1,6705,RFPO-6705-V4352,Base PO
RFPO-5193-V40010A-1,02 Jan 2024,PO for Door A003A,NATIONAL FIRE FIGHTING MANUFACTURING FZCO,MACRO,PO for Door A003A,Various,Various,20093.19,USD,2024,1,5193,RFPO-5193-V40010A,Base PO
RFPO-5829-E6800-1,28 Dec 2023,"PO for Supply of 45KVA, 400Hz and 28VDC, 600Amp Static Frequency Converter Unit, Make - PILLER, Germany. Solid State Frequency Converter (Combi Unit) Type APOJET AJS C8v-1-R-45-480/200-6/40-C-A",AVCOND GENERAL TRADING L.L.C,MACRO,"PO for Supply of 45KVA, 400Hz and 28VDC, 600Amp Static Frequency Converter Unit, Make - PILLER, Germany. Solid State Frequency Converter (Combi Unit) Type APOJET AJS C8v-1-R-45-480/200-6/40-C-A",Electrical,Electrical,551175.49,USD,2023,12,5829,RFPO-5829-E6800,Base PO
RFPO-1192-R1511-1,27 Dec 2023,PO for NISSAN SUNNY 1.5L 2024YM - Mr. Girish,CLASS WORLDWIDE CAR RENTAL LLC,FIRESTOP,PO for NISSAN SUNNY 1.5L 2024YM - Mr. Girish,Rental,Rental,762.42,USD,2023,12,1192,RFPO-1192-R1511,Base PO
RFPO-1192-V4341-1,27 Dec 2023,PO for SLAB WITHOUT FACING (SXXX) Density 160KgM3 Thickness 50mm Size1.2 MtrX 0.6 Mtr = Quantity 500 sheets,FUJAIRAH ROCKWOOL FACTORY,MVL Nepal,PO for SLAB WITHOUT FACING (SXXX) Density 160KgM3 Thickness 50mm Size1.2 MtrX 0.6 Mtr = Quantity 500 sheets,Various,Various,3416.2,USD,2023,12,1192,RFPO-1192-V4341,Base PO
RFPO-5655-E6801-1,26 Dec 2023,PO for Wiring Materials,TIC LIGHT ELECTRICAL CORP,MACRO,PO for Wiring Materials,Electrical,Electrical,10080.8,USD,2023,12,5655,RFPO-5655-E6801,Base PO
RFPO-5695-M4102-1,21 Dec 2023,PO for BIOT-121.16 N4008422F4476 QC1018 - HYDRAULIC WIRE SAW AND ELECTRIC CORE DRILL,"Henan Yugong Machinery Co., Ltd.",MACRO,PO for BIOT-121.16 N4008422F4476 QC1018 - HYDRAULIC WIRE SAW AND ELECTRIC CORE DRILL,Mechanical,Mechanical,22113.0,USD,2023,12,5695,RFPO-5695-M4102,Base PO
RFPO-1005-M7088-1,20 Dec 2023,PO for CDP200 Square Ceiling Diffuser with Removable core/Gasket/Opposed Blade Damper - Mill Finish,KBE SAUDI ARABIA L.L.C,MICRON,PO for CDP200 Square Ceiling Diffuser with Removable core/Gasket/Opposed Blade Damper - Mill Finish,Mechanical,Mechanical,824.47,USD,2023,12,1005,RFPO-1005-M7088,Base PO
RFPO-1192-V4340-1,18 Dec 2023,PO for 18mm Commercial Ply Putty Smooth Finish,KRYSTAL CLEAR CONTRACTING LLC,MVL Nepal,PO for 18mm Commercial Ply Putty Smooth Finish,Various,Various,953.03,USD,2023,12,1192,RFPO-1192-V4340,Base PO
RFPO-5193-V40011-1,18 Dec 2023,PO for 45H7D15J630S1 LC MORTISE LOCK,dormakaba Middle East LLC,MACRO,PO for 45H7D15J630S1 LC MORTISE LOCK,Various,Various,12389.5,USD,2023,12,5193,RFPO-5193-V40011,Base PO
RFPO-1005-V7156-1,18 Dec 2023,PO for ADDITIONAL GATE VALVES 6 INCH AND 8 INCH - KHAMIS MUSHAYT,CONTRACTORS SERVICES CO.,MICRON,PO for ADDITIONAL GATE VALVES 6 INCH AND 8 INCH - KHAMIS MUSHAYT,Various,Various,1493.33,USD,2023,12,1005,RFPO-1005-V7156,Base PO
RFPO-5683-S9076-1,18 Dec 2023,PO for Fire Alarm Materials,SUMMIT FIRE CONSULTING (SFC),FIRESTOP,PO for Fire Alarm Materials,Services,Services,3500.0,USD,2023,12,5683,RFPO-5683-S9076,Base PO
RFPO-6705-M4000-1,18 Dec 2023,PO for GM-4 with cargo AS PER APPROVED SUBMITTAL,"Henan XunHu Equipment Co., Ltd",FIRESTOP,PO for GM-4 with cargo AS PER APPROVED SUBMITTAL,Mechanical,Mechanical,10820.0,USD,2023,12,6705,RFPO-6705-M4000,Base PO
RFPO-6168-V40037-1,18 Dec 2023,PO for Gypsum Partition & supports,BMET Building Materials Trading LLC,MVL USA JV LLC,PO for Gypsum Partition & supports,Various,Various,5662.25,USD,2023,12,6168,RFPO-6168-V40037,Base PO
RFPO-1005-E7080A-1,18 Dec 2023,PO for Soval Operating Nut for 802 Series Part # ON-GV-ULFM-A,TIC LIGHT ELECTRICAL CORP,MICRON,PO for Soval Operating Nut for 802 Series Part # ON-GV-ULFM-A,Electrical,Electrical,128.32,USD,2023,12,1005,RFPO-1005-E7080A,Base PO
RFPO-6168-V40036-1,15 Dec 2023,PO for CPVC Pipes & fittings,CRESCO MIDDLE EAST TRADING L.L.C,MVL USA JV LLC,PO for CPVC Pipes & fittings,Various,Various,53.65,USD,2023,12,6168,RFPO-6168-V40036,Base PO
RFPO-6168-V40035A-1,15 Dec 2023,PO for PVC Straight pipes & fittings,AL HODA PIPE & TUBE TRADING,MVL USA JV LLC,PO for PVC Straight pipes & fittings,Various,Various,292.04,USD,2023,12,6168,RFPO-6168-V40035A,Base PO
RFPO-5532-E6803-1,14 Dec 2023,PO for DIEGO GARCIA - CABLES FOR TELEPHONE LINE AND FIBER OPTIC FOR OFFICE INTERNET CONNECTION,Alpha Link Technology LLC,MACRO,PO for DIEGO GARCIA - CABLES FOR TELEPHONE LINE AND FIBER OPTIC FOR OFFICE INTERNET CONNECTION,Electrical,Electrical,12010.88,USD,2023,12,5532,RFPO-5532-E6803,Base PO
RFPO-5410-E6800-1,13 Dec 2023,PO for Siemens - Molded Case Circuit Breaker,TIC LIGHT ELECTRICAL CORP,MACRO,PO for Siemens - Molded Case Circuit Breaker,Electrical,Electrical,947.89,USD,2023,12,5410,RFPO-5410-E6800,Base PO
RFPO-6168-V40033-1,13 Dec 2023,PO for VCT & Adhesive,"Tri-West, Ltd.",MVL USA JV LLC,PO for VCT & Adhesive,Various,Various,6050.0,USD,2023,12,6168,RFPO-6168-V40033,Base PO
RFPO-1569-O59-2,13 Dec 2023,PO for MVL OFFICE NETWORK UPGRADE - NISTCMMC Project implementation - UNIFI 48 PORT SWITCH:USW-PRO-48- POE.,Kyoto Technologies,MACRO,PO for MVL OFFICE NETWORK UPGRADE - NISTCMMC Project implementation - UNIFI 48 PORT SWITCH:USW-PRO-48- POE.,Office Assets,Office Assets,1040.16,USD,2023,12,1569,RFPO-1569-O59,Change Order
RFPO-5532-E6802-1,13 Dec 2023,PO for CABLES FOR TELEPHONE LINE AND FIBER OPTIC  - as per approved brand and part number,Alpha Link Technology LLC,MACRO,PO for CABLES FOR TELEPHONE LINE AND FIBER OPTIC  - as per approved brand and part number,Electrical,Electrical,14643.86,USD,2023,12,5532,RFPO-5532-E6802,Base PO
RFPO-1005-V7155-1,13 Dec 2023,PO for Air Purifier and Humidifier,COSMOS GENERAL TRADING L.L.C,MICRON,PO for Air Purifier and Humidifier,Various,Various,148174.0,USD,2023,12,1005,RFPO-1005-V7155,Base PO
RFPO-5695-V40005-1,12 Dec 2023,PO for 32mm Rebars,Dateline Exports Inc.,MVL Greece,PO for 32mm Rebars,Various,Various,1545.11,USD,2023,12,5695,RFPO-5695-V40005,Base PO
RFPO-5695-V40004-1,12 Dec 2023,PO for Joint Sealant,Dateline Exports Inc.,MACRO,PO for Joint Sealant,Various,Various,1030.38,USD,2023,12,5695,RFPO-5695-V40004,Base PO
RFPO-5532-V40023-1,11 Dec 2023,PO for Pneumatic accessories - Diego Garcia General Use,Technos Multiline LLC,MVL USA JV LLC,PO for Pneumatic accessories - Diego Garcia General Use,Various,Various,227.09,USD,2023,12,5532,RFPO-5532-V40023,Base PO
RFPO-6168-V40032-1,08 Dec 2023,PO for Light Fitting Samples,Kelly & Hayes Electrical Industrial & Plumbing Supplies,MVL USA JV LLC,PO for Light Fitting Samples,Various,Various,1121.5,USD,2023,12,6168,RFPO-6168-V40032,Base PO
RFPO-5683-V40014A-1,08 Dec 2023,PO for Purlins & hardware for Overhead Coiling Door,Metal and Machine FZE,MVL USA JV LLC,PO for Purlins & hardware for Overhead Coiling Door,Various,Various,493.4,USD,2023,12,5683,RFPO-5683-V40014A,Base PO
RFPO-1569-O59-1,08 Dec 2023,PO for MVL OFFICE NETWORK UPGRADE - NISTCMMC Project implementation - UNIFI 48 PORT SWITCH:USW-PRO-48- POE.,Kyoto Technologies,MACRO,PO for MVL OFFICE NETWORK UPGRADE - NISTCMMC Project implementation - UNIFI 48 PORT SWITCH:USW-PRO-48- POE.,Office Assets,Office Assets,1083.73,USD,2023,12,1569,RFPO-1569-O59,Base PO
RFPO-1005-V7153-1,07 Dec 2023,PO for Air Purifier,Fantastic Electronics FZC,MICRON,PO for Air Purifier,Various,Various,10755.62,USD,2023,12,1005,RFPO-1005-V7153,Base PO
RFPO-6168-V40031-1,07 Dec 2023,PO for Electrical Panel Boards,TIC LIGHT ELECTRICAL CORP,MVL USA JV LLC,PO for Electrical Panel Boards,Various,Various,14405.25,USD,2023,12,6168,RFPO-6168-V40031,Base PO
RFPO-5683-E6802-1,07 Dec 2023,PO for Additional Electrical Materials,City Electric Supply,MACRO,PO for Additional Electrical Materials,Electrical,Electrical,10864.1045,USD,2023,12,5683,RFPO-5683-E6802,Base PO
RFPO-5213-R1500-1,07 Dec 2023,"PO for PUMPSET: 8 inch X8 inch Diesel Engine High Pressure Pump, ModelHP-200, Pump Capacity- 1050m3/h, max), Pressure Head- 90m (max). Sewage with Solids handling size 50mm. 8”x5 Mtrs. Suction Hose",SKY PUMP Trading EST.,FIRESTOP,"PO for PUMPSET: 8 inch X8 inch Diesel Engine High Pressure Pump, ModelHP-200, Pump Capacity- 1050m3/h, max), Pressure Head- 90m (max). Sewage with Solids handling size 50mm. 8”x5 Mtrs. Suction Hose",Rental,Rental,10266.67,USD,2023,12,5213,RFPO-5213-R1500,Base PO
RFPO-1569-O58-1,06 Dec 2023,PO for MVL Microsoft 365 Suite Implementation Project - Project Implementation of SOW specified in this document including Cloud migration (280 users) with required migration software licenses and M36,RivYv Technologies,MACRO,PO for MVL Microsoft 365 Suite Implementation Project - Project Implementation of SOW specified in this document including Cloud migration (280 users) with required migration software licenses and M36,Office Assets,Office Assets,10500.0,USD,2023,12,1569,RFPO-1569-O58,Base PO
RFPO-1005-V7150-1,05 Dec 2023,PO for SENTRY NRS GATE VALVE PIV-TYPE DI ANSI-FL 300PSI UL/FM  6 inch #NRSP-6000-FF-6 inch,CONTRACTORS SERVICES CO.,MICRON,PO for SENTRY NRS GATE VALVE PIV-TYPE DI ANSI-FL 300PSI UL/FM  6 inch #NRSP-6000-FF-6 inch,Various,Various,320.0,USD,2023,12,1005,RFPO-1005-V7150,Base PO
RFPO-1005-V7151-1,05 Dec 2023,PO for BLACK NON- REFLECTIVE CUBICLE TRACK SURFACE MOUNTED FLAT-GRID CEILING WITH ACCESSORIES,Construction Specialties (Gulf) Trading Est.,MICRON,PO for BLACK NON- REFLECTIVE CUBICLE TRACK SURFACE MOUNTED FLAT-GRID CEILING WITH ACCESSORIES,Various,Various,8189.05,USD,2023,12,1005,RFPO-1005-V7151,Base PO
RFPO-1569-O57-1,05 Dec 2023,PO for LAPTOP FOR PROGRAM MANAGER - JAMES SHEEHAN,KASPERTECH GENERAL TRADING LLC,MACRO,PO for LAPTOP FOR PROGRAM MANAGER - JAMES SHEEHAN,Office Assets,Office Assets,868.75,USD,2023,12,1569,RFPO-1569-O57,Base PO
RFPO-1005-S9102-1,01 Dec 2023,PO for TPI - CWI INSPECTOR HOUR(S) DATED: 07/13/23 (DH-01)  MILEAGE  - FOR  1005-M7055,"MTB QUALITY CONSULTANTS, INC.",MICRON,PO for TPI - CWI INSPECTOR HOUR(S) DATED: 07/13/23 (DH-01)  MILEAGE  - FOR  1005-M7055,Services,Services,1105.25,USD,2023,12,1005,RFPO-1005-S9102,Base PO
RFPO-5829-R1503-1,01 Dec 2023,PO for BLACK TONER FOR BP-20C20T - 1/12/2023,NEW SMART OFFICE AUTOMATION LLC,FIRESTOP,PO for BLACK TONER FOR BP-20C20T - 1/12/2023,Rental,Rental,68.07,USD,2023,12,5829,RFPO-5829-R1503,Base PO
RFPO-1569-O56-1,01 Dec 2023,PO for MVL OFFICE NETWORK UPGRADE - NISTCMMC Project implementation,Kyoto Technologies,MACRO,PO for MVL OFFICE NETWORK UPGRADE - NISTCMMC Project implementation,Office Assets,Office Assets,11653.91,USD,2023,12,1569,RFPO-1569-O56,Base PO
RFPO-1005-V7147-1,30 Nov 2023,"PO for QT OHA-23-235 Rev02 - VALVE BOX, POST INDICATOR, GATE VALVE, AND ACCESSORIES",CONTRACTORS SERVICES CO.,MICRON,"PO for QT OHA-23-235 Rev02 - VALVE BOX, POST INDICATOR, GATE VALVE, AND ACCESSORIES",Various,Various,4053.33,USD,2023,11,1005,RFPO-1005-V7147,Base PO
RFPO-4814-E6802A-2,30 Nov 2023,PO for Gentex Horn Strobe - As Per Attached Approved Data Sheet,TIC LIGHT ELECTRICAL CORP,MACRO,PO for Gentex Horn Strobe - As Per Attached Approved Data Sheet,Electrical,Electrical,1288.34,USD,2023,11,4814,RFPO-4814-E6802A,Change Order
RFPO-5503-V40011-1,30 Nov 2023,PO for PN : B1104-081347-167239,OneNet Digital Solutions,MACRO,PO for PN : B1104-081347-167239,Various,Various,480863.35,USD,2023,11,5503,RFPO-5503-V40011,Base PO
RFPO-5193-E6803-1,29 Nov 2023,PO for 45H7D15J630AMRHRBS1,TIC LIGHT ELECTRICAL CORP,MACRO,PO for 45H7D15J630AMRHRBS1,Electrical,Electrical,5444.32,USD,2023,11,5193,RFPO-5193-E6803,Base PO
RFPO-5153-C6052-1,28 Nov 2023,PO for PAB VPL 50 RS UV STABLE,GCP ITALIANA S.P.A.,FIRESTOP,PO for PAB VPL 50 RS UV STABLE,Chemicals,Chemicals,88244.57,USD,2023,11,5153,RFPO-5153-C6052,Base PO
RFPO-1192-V4338-1,28 Nov 2023,PO for SLAB WITHOUT FACING (SXXX) Density: 160Kg/M3 Thickness: 50mm Size:1.2 MtrX 0.6 Mtr = Quantity: 500 sheets,FUJAIRAH ROCKWOOL FACTORY,MVL Nepal,PO for SLAB WITHOUT FACING (SXXX) Density: 160Kg/M3 Thickness: 50mm Size:1.2 MtrX 0.6 Mtr = Quantity: 500 sheets,Various,Various,3416.2,USD,2023,11,1192,RFPO-1192-V4338,Base PO
RFPO-1005-V7148-1,28 Nov 2023,"PO for ( QTN Ref. : R23-A135-1) - Fire Hydrant, Dry Barrel, Model: K-401-D, UL/FM, Bury Depth 4 ft,  Flanged, Size 6 INCH, KOPLER - K-401-D-6 INCH",Precision Solutions Corporation,MICRON,"PO for ( QTN Ref. : R23-A135-1) - Fire Hydrant, Dry Barrel, Model: K-401-D, UL/FM, Bury Depth 4 ft,  Flanged, Size 6 INCH, KOPLER - K-401-D-6 INCH",Various,Various,3418.67,USD,2023,11,1005,RFPO-1005-V7148,Base PO
RFPO-1192-V4339-1,28 Nov 2023,"PO for Saudi Rockwool unfaced slab insulation 50mm, 64 kg/m3 1.2X0.6 M",CMS - Group of Companies,MVL Nepal,"PO for Saudi Rockwool unfaced slab insulation 50mm, 64 kg/m3 1.2X0.6 M",Various,Various,677.55,USD,2023,11,1192,RFPO-1192-V4339,Base PO
RFPO-1005-V7145-1,27 Nov 2023,PO for Flange spigot (Std ),Unitech Di Pipes & Fittings Mfg. LLC,MICRON,PO for Flange spigot (Std ),Various,Various,33027.68,USD,2023,11,1005,RFPO-1005-V7145,Base PO
RFPO-1005-V7146-1,27 Nov 2023,PO for GROUNDING KIT,GULF SUPPORT SYSTEM TRADING Co.,MICRON,PO for GROUNDING KIT,Various,Various,764.67,USD,2023,11,1005,RFPO-1005-V7146,Base PO
RFPO-5683-V40013-1,24 Nov 2023,PO for TPI for Overhead Coiling Doors,TUV SUD MIDDLE EAST LLC,MACRO,PO for TPI for Overhead Coiling Doors,Various,Various,762.0,USD,2023,11,5683,RFPO-5683-V40013,Base PO
RFPO-1569-O55-1,24 Nov 2023,PO for License Cost of Microsoft GCC. Quantity: 230 nos,BLACK BOX TECHNOLOGIES L.L.C,MACRO,PO for License Cost of Microsoft GCC. Quantity: 230 nos,Office Assets,Office Assets,138869.98,USD,2023,11,1569,RFPO-1569-O55,Base PO
RFPO-1192-V4337-1,23 Nov 2023,"PO for Saudi Rockwool unfaced slab insulation 50mm, 64 kg/m3 1.2X0.6 M",CMS - Group of Companies,FIRESTOP,"PO for Saudi Rockwool unfaced slab insulation 50mm, 64 kg/m3 1.2X0.6 M",Various,Various,677.55,USD,2023,11,1192,RFPO-1192-V4337,Base PO
RFPO-6168-M4101-1,23 Nov 2023,PO for Packaged Units (PACU),S.K.M. Air Conditioning L.L.C.,MACRO,PO for Packaged Units (PACU),Mechanical,Mechanical,25731.79,USD,2023,11,6168,RFPO-6168-M4101,Base PO
RFPO-1569-O54-1,23 Nov 2023,PO for Crucial P3 4TBM.2 PCIe Gen4 NVME,Kyoto Technologies,MACRO,PO for Crucial P3 4TBM.2 PCIe Gen4 NVME,Office Assets,Office Assets,1082.37,USD,2023,11,1569,RFPO-1569-O54,Base PO
RFPO-6168-V40030-1,23 Nov 2023,PO for Paints,The Sherwin-Williams Company,MVL USA JV LLC,PO for Paints,Various,Various,17895.01,USD,2023,11,6168,RFPO-6168-V40030,Base PO
RFPO-4814-E6802A-1,23 Nov 2023,PO for Gentex Horn Strobe - As Per Attached Approved Data Sheet,TIC LIGHT ELECTRICAL CORP,MACRO,PO for Gentex Horn Strobe - As Per Attached Approved Data Sheet,Electrical,Electrical,1166.56,USD,2023,11,4814,RFPO-4814-E6802A,Base PO
RFPO-5193-V40009-1,23 Nov 2023,PO for Security Asset Manager (SAM) - K1C2836C096G,KEYLESS SMART SAFETY & SECURITY SYSTEMS LLC,MACRO,PO for Security Asset Manager (SAM) - K1C2836C096G,Various,Various,19707.37,USD,2023,11,5193,RFPO-5193-V40009,Base PO
RFPO-6168-V40029-1,22 Nov 2023,"PO for Epoxy coated rebars for Doweled joint, Blank off, Spall, Metal Cabinet",MADAR EMIRATES FOR BUILDING MATERIALS (L.L.C.),MVL USA JV LLC,"PO for Epoxy coated rebars for Doweled joint, Blank off, Spall, Metal Cabinet",Various,Various,469.54,USD,2023,11,6168,RFPO-6168-V40029,Base PO
RFPO-5684-V40003A-1,22 Nov 2023,PO for Additional Electrical Materials,Kelly & Hayes Electrical Industrial & Plumbing Supplies,MVL USA JV LLC,PO for Additional Electrical Materials,Various,Various,3815.65,USD,2023,11,5684,RFPO-5684-V40003A,Base PO
RFPO-5153-C6051-1,20 Nov 2023,PO for WATER PROOFING SYSTEMS GCP_C.RE ARMY FAMILY - CASERMA EDERLE (VI),GCP ITALIANA S.P.A.,FIRESTOP,PO for WATER PROOFING SYSTEMS GCP_C.RE ARMY FAMILY - CASERMA EDERLE (VI),Chemicals,Chemicals,49316.3,USD,2023,11,5153,RFPO-5153-C6051,Base PO
RFPO-6168-V40027-1,20 Nov 2023,PO for Bracing Materials for CMU Wall,"Scott & From Co., Inc.",MVL USA JV LLC,PO for Bracing Materials for CMU Wall,Various,Various,4230.78,USD,2023,11,6168,RFPO-6168-V40027,Base PO
RFPO-5829-M4104A-1,16 Nov 2023,"PO for UAE -123 Triton -FAHU, AHU, FCU -Cool Technologies",COOL TECHNOLOGIES,MACRO,"PO for UAE -123 Triton -FAHU, AHU, FCU -Cool Technologies",Mechanical,Mechanical,149761.76,USD,2023,11,5829,RFPO-5829-M4104A,Base PO
RFPO-1005-F7063-1,16 Nov 2023,PO for Pre-coating & finishing services with putty for plywood `( 2.4 m x 1.2 m ) 25 units of boards.,MVL Firestop Bldg. Matl Trdg. LLC,MICRON,PO for Pre-coating & finishing services with putty for plywood `( 2.4 m x 1.2 m ) 25 units of boards.,Fire,Fire,1089.18,USD,2023,11,1005,RFPO-1005-F7063,Base PO
RFPO-1192-R1510-1,15 Nov 2023,PO for Full-Service Maintenance Agreement # 10109/SAJ/23 M/C Ref: DXB-025393,NEW SMART OFFICE AUTOMATION LLC,FIRESTOP,PO for Full-Service Maintenance Agreement # 10109/SAJ/23 M/C Ref: DXB-025393,Rental,Rental,1347.86,USD,2023,11,1192,RFPO-1192-R1510,Base PO
RFPO-5503-E6801-1,15 Nov 2023,PO for GSBF-18P,TIC LIGHT ELECTRICAL CORP,MACRO,PO for GSBF-18P,Electrical,Electrical,17345.7,USD,2023,11,5503,RFPO-5503-E6801,Base PO
RFPO-6168-V40026-1,15 Nov 2023,PO for Supply of Cladding for pipe work,Adhwa Al Zahra Tech. Cont. LLC,MVL USA JV LLC,PO for Supply of Cladding for pipe work,Various,Various,1633.76,USD,2023,11,6168,RFPO-6168-V40026,Base PO
RFPO-1192-V4459-1,14 Nov 2023,PO for COLOR DIVIDERS WITHOUT NUMBER,GRAND STATIONERY CO LLC,FIRESTOP,PO for COLOR DIVIDERS WITHOUT NUMBER,Various,Various,162.15,USD,2023,11,1192,RFPO-1192-V4459,Base PO
RFPO-5655-M4101-1,14 Nov 2023,PO for COBRA-DIG-SET-VF D-115V,ORIFLOW,MACRO,PO for COBRA-DIG-SET-VF D-115V,Mechanical,Mechanical,6700.0,USD,2023,11,5655,RFPO-5655-M4101,Base PO
RFPO-5622-V40002-1,09 Nov 2023,PO for SS Engraved Labels,Grace Labels LLC,MACRO,PO for SS Engraved Labels,Various,Various,490.13,USD,2023,11,5622,RFPO-5622-V40002,Base PO
RFPO-5829-M4104-1,08 Nov 2023,PO for UNIT REF. FCU-A-01 AIR FLOW (LPS) 119 COOLING COIL CAPACITY TOTAL KW 1.9 COOLING COIL CAPACITY SENSIBLE  KW 1.9 MODEL TFC M-035,COOL TECHNOLOGIES,MACRO,PO for UNIT REF. FCU-A-01 AIR FLOW (LPS) 119 COOLING COIL CAPACITY TOTAL KW 1.9 COOLING COIL CAPACITY SENSIBLE  KW 1.9 MODEL TFC M-035,Mechanical,Mechanical,149761.76,USD,2023,11,5829,RFPO-5829-M4104,Base PO
RFPO-1005-M7084-1,06 Nov 2023,"PO for [SMV] Mini Ball Valve or Gauge cock, Lever Handle Mini , Brass body, SS ball, 400psi max, 1/2 inch NPT F x F connection, SMV504-V",ALI MANEA ALYAMI TRADING EST.,MICRON,"PO for [SMV] Mini Ball Valve or Gauge cock, Lever Handle Mini , Brass body, SS ball, 400psi max, 1/2 inch NPT F x F connection, SMV504-V",Mechanical,Mechanical,29.87,USD,2023,11,1005,RFPO-1005-M7084,Base PO
RFPO-5193-A5205-1,02 Nov 2023,PO for Plastic Caps matching the frame 250 PCS and Manufacturer Labels 42 pcs,ARCHITECTURAL METAL DOORS FZC,MACRO,PO for Plastic Caps matching the frame 250 PCS and Manufacturer Labels 42 pcs,Architectural,Architectural,449.29,USD,2023,11,5193,RFPO-5193-A5205,Base PO
RFPO-5655-T1002-1,02 Nov 2023,PO for RACU X-012 TESTING EQUIPMENT - ANAUM,Anaum Measuring Equipment LLC,MACRO,PO for RACU X-012 TESTING EQUIPMENT - ANAUM,Tools,Tools,960.42,USD,2023,11,5655,RFPO-5655-T1002,Base PO
RFPO-6168-E6801-1,01 Nov 2023,PO for Water Heater,TIC LIGHT ELECTRICAL CORP,MACRO,PO for Water Heater,Electrical,Electrical,750.04,USD,2023,11,6168,RFPO-6168-E6801,Base PO
RFPO-5532-M4007-1,01 Nov 2023,PO for A batch spare part of DONGFENG truck mounted  crane,Evangel International Machinery Ltd.,MVL USA JV LLC,PO for A batch spare part of DONGFENG truck mounted  crane,Mechanical,Mechanical,1639.0,USD,2023,11,5532,RFPO-5532-M4007,Base PO
RFPO-6168-V40025-1,01 Nov 2023,"PO for TPI visit for Steel Doors & Frames at QMI, Dubai",TUV SUD MIDDLE EAST LLC,MVL USA JV LLC,"PO for TPI visit for Steel Doors & Frames at QMI, Dubai",Various,Various,272.29,USD,2023,11,6168,RFPO-6168-V40025,Base PO
RFPO-1005-V7143-1,01 Nov 2023,PO for TYPE WB1 BRAND VIDMAR COO USA WARRANTY 12,United Solution FZE,MICRON,PO for TYPE WB1 BRAND VIDMAR COO USA WARRANTY 12,Various,Various,76500.0,USD,2023,11,1005,RFPO-1005-V7143,Base PO
RFPO-5532-V4363-1,01 Nov 2023,PO for Description Customized Black Short Sleeve Polo Shirt Drifit with 1 position logo embroidery on front left chest (MVL Broomgrove) logo  Material :-Polyester Pique Type Black color (Pk-10)  Size,The Uniform World Tailoring and Textiles LLC,FIRESTOP,PO for Description Customized Black Short Sleeve Polo Shirt Drifit with 1 position logo embroidery on front left chest (MVL Broomgrove) logo  Material :-Polyester Pique Type Black color (Pk-10)  Size,Various,Various,359.43,USD,2023,11,5532,RFPO-5532-V4363,Base PO
RFPO-5655-T1000-1,01 Nov 2023,PO for RACU X-012 TESTIGN EQUIPMENT - AAB TOOLS,Ali Asger & Brothers LLC,MVL TRADING,PO for RACU X-012 TESTIGN EQUIPMENT - AAB TOOLS,Tools,Tools,1277.06,USD,2023,11,5655,RFPO-5655-T1000,Base PO
RFPO-5655-T1001-1,01 Nov 2023,PO for RACU X-012 TESTIGN EQUIPMENT - ANBI,ANBI GENERAL TRADING LLC,MACRO,PO for RACU X-012 TESTIGN EQUIPMENT - ANBI,Tools,Tools,3621.51,USD,2023,11,5655,RFPO-5655-T1001,Base PO
RFPO-6168-V40024A-1,01 Nov 2023,PO for HVAC Exhaust Fans Units,Greenheck Fan Corporation,MVL USA JV LLC,PO for HVAC Exhaust Fans Units,Various,Various,2600.0,USD,2023,11,6168,RFPO-6168-V40024A,Base PO
RFPO-1192-M4103-1,31 Oct 2023,"PO for Saudi Rockwool unfaced slab insulation 50mm, 64 kg/m3 1.2X0.6 M",Century Mechanical Systems,MACRO,"PO for Saudi Rockwool unfaced slab insulation 50mm, 64 kg/m3 1.2X0.6 M",Mechanical,Mechanical,1355.11,USD,2023,10,1192,RFPO-1192-M4103,Base PO
RFPO-5532-V40022-1,31 Oct 2023,PO for Wires,Kelly & Hayes Electrical Industrial & Plumbing Supplies,MVL USA JV LLC,PO for Wires,Various,Various,8601.0,USD,2023,10,5532,RFPO-5532-V40022,Base PO
RFPO-5532-V40019A-1,31 Oct 2023,PO for Electrical Materials for Moody Office and Clinic,Extol International Trading LLC,MVL USA JV LLC,PO for Electrical Materials for Moody Office and Clinic,Various,Various,15282.4,USD,2023,10,5532,RFPO-5532-V40019A,Base PO
RFPO-5684-V40002A-1,31 Oct 2023,PO for 11422EKHSR: Board Layers,BMET Building Materials Trading LLC,MVL USA JV LLC,PO for 11422EKHSR: Board Layers,Various,Various,1823.87,USD,2023,10,5684,RFPO-5684-V40002A,Base PO
RFPO-1005-V7136-2,30 Oct 2023,PO for,Al Shaikh International Limited Company,MICRON,PO for,Various,Various,12033.87,USD,2023,10,1005,RFPO-1005-V7136,Change Order
RFPO-1005-V7142-1,30 Oct 2023,"PO for 2nd TPI visit at Vendor – Petraa, KSA (remote location) - Above rate is inclusive of food, accommodation, and transportation.",TUV SUD MIDDLE EAST LLC,MICRON,"PO for 2nd TPI visit at Vendor – Petraa, KSA (remote location) - Above rate is inclusive of food, accommodation, and transportation.",Various,Various,392.0,USD,2023,10,1005,RFPO-1005-V7142,Base PO
RFPO-5532-M4006-1,30 Oct 2023,"PO for ELCOMETER 270 PINHOLE DETECTOR: 9, 67.5 AND 90V",Elcometer L.L.C.,MVL USA JV LLC,"PO for ELCOMETER 270 PINHOLE DETECTOR: 9, 67.5 AND 90V",Mechanical,Mechanical,2656.23,USD,2023,10,5532,RFPO-5532-M4006,Base PO
RFPO-1005-E7076-1,30 Oct 2023,PO for 1 LF009M2-QT,TIC LIGHT ELECTRICAL CORP,MICRON,PO for 1 LF009M2-QT,Electrical,Electrical,1270.03,USD,2023,10,1005,RFPO-1005-E7076,Base PO
RFPO-5829-V4355-1,30 Oct 2023,PO for ACI Concrete Transportation Construction Inspector   Training & Certification,BUILDACT FZ LLC,MVL Nepal,PO for ACI Concrete Transportation Construction Inspector   Training & Certification,Various,Various,5350.58,USD,2023,10,5829,RFPO-5829-V4355,Base PO
RFPO-1005-M7082-1,27 Oct 2023,PO for Sealtech,ALI MANEA ALYAMI TRADING EST.,MICRON,PO for Sealtech,Mechanical,Mechanical,614.67,USD,2023,10,1005,RFPO-1005-M7082,Base PO
RFPO-1005-V7140-1,27 Oct 2023,PO for GALA BRONZ BALL VLV #150 NPT (1251) 1-1/2 inch MADE IN USA,SALEH ZAID ALQURAISHI & PARTNERS TRAD.CO.LTD.,MICRON,PO for GALA BRONZ BALL VLV #150 NPT (1251) 1-1/2 inch MADE IN USA,Various,Various,57.6,USD,2023,10,1005,RFPO-1005-V7140,Base PO
RFPO-1192-V4335-1,27 Oct 2023,PO for SLAB WITHOUT FACING (SXXX) Density: 160Kg/M3 Thickness: 50mm Size:1.2 MtrX 0.6 Mtr,FUJAIRAH ROCKWOOL FACTORY,MVL Nepal,PO for SLAB WITHOUT FACING (SXXX) Density: 160Kg/M3 Thickness: 50mm Size:1.2 MtrX 0.6 Mtr,Various,Various,3416.2,USD,2023,10,1192,RFPO-1192-V4335,Base PO
RFPO-5829-M4105-1,26 Oct 2023,"PO for SUPPLY, TESTING AND COMMISSIONING OF PRIMARY CHILLED WATER PUMP 22 LPS @ 17 M",Al Tayer Engineering L.L.C.,MACRO,"PO for SUPPLY, TESTING AND COMMISSIONING OF PRIMARY CHILLED WATER PUMP 22 LPS @ 17 M",Mechanical,Mechanical,21238.94,USD,2023,10,5829,RFPO-5829-M4105,Base PO
RFPO-5829-M4000-1,26 Oct 2023,PO for TS07 2,GECO ENGINEERING EQUIPMENTS TRADING L.L.C,FIRESTOP,PO for TS07 2,Mechanical,Mechanical,13813.48,USD,2023,10,5829,RFPO-5829-M4000,Base PO
RFPO-5503-V40010-1,26 Oct 2023,PO for EATON 93PM,OneNet Digital Solutions,MACRO,PO for EATON 93PM,Various,Various,340652.17,USD,2023,10,5503,RFPO-5503-V40010,Base PO
RFPO-6168-V40021-1,26 Oct 2023,PO for Hardware for Acoustic Tiles,MISAR TRADING CO. ( L L C),MVL USA JV LLC,PO for Hardware for Acoustic Tiles,Various,Various,52.11,USD,2023,10,6168,RFPO-6168-V40021,Base PO
RFPO-5193-E6802-1,25 Oct 2023,PO for 19,Aklaniat Technologies LTD,MACRO,PO for 19,Electrical,Electrical,84.0,USD,2023,10,5193,RFPO-5193-E6802,Base PO
RFPO-1569-O53-1,25 Oct 2023,PO for DESK DELL Opti 7000 MT Ci7 12700  32GB 1TBSSD 4GB GRAPHICS DOS 1YR  PRO SUPPORT,Kyoto Technologies,MACRO,PO for DESK DELL Opti 7000 MT Ci7 12700  32GB 1TBSSD 4GB GRAPHICS DOS 1YR  PRO SUPPORT,Office Assets,Office Assets,1018.92,USD,2023,10,1569,RFPO-1569-O53,Base PO
RFPO-6168-V40019-1,25 Oct 2023,"PO for Diffusers, Registers, and Grilles",Faisal Jassim Industries LLC,MVL USA JV LLC,"PO for Diffusers, Registers, and Grilles",Various,Various,900.61,USD,2023,10,6168,RFPO-6168-V40019,Base PO
RFPO-1192-V4458-1,24 Oct 2023,"PO for Delivery note : A4 size (21X29.7cm) 1+3ply (W+Y+P+B) 4 color, numbering 10 books printing",SMILE COLOR,FIRESTOP,"PO for Delivery note : A4 size (21X29.7cm) 1+3ply (W+Y+P+B) 4 color, numbering 10 books printing",Various,Various,156.57,USD,2023,10,1192,RFPO-1192-V4458,Base PO
RFPO-5655-V40005-1,24 Oct 2023,PO for Chiller Base,"Scott & From Co., Inc.",MVL Greece,PO for Chiller Base,Various,Various,11121.0,USD,2023,10,5655,RFPO-5655-V40005,Base PO
RFPO-5193-E6801-5,23 Oct 2023,PO for Hinged Dust Cover UNIV bl,Aklaniat Technologies LTD,MACRO,PO for Hinged Dust Cover UNIV bl,Electrical,Electrical,7632.66,USD,2023,10,5193,RFPO-5193-E6801,Change Order
RFPO-1005-V7137-1,23 Oct 2023,PO for  Workbench with Hardwood Top  - VIDMAR WORKSTATION - AS PER ATTACHED APPROVED QUOTATION AND DRAWING,SWS VidmarLista,MICRON,PO for  Workbench with Hardwood Top  - VIDMAR WORKSTATION - AS PER ATTACHED APPROVED QUOTATION AND DRAWING,Various,Various,42146.94,USD,2023,10,1005,RFPO-1005-V7137,Base PO
RFPO-1005-V7139-1,23 Oct 2023,PO for Supplying materials for the Rip-rap material work according to the required specifications from the crusher to the work site in the project,Gulf Inshaa General Contracting Est,MICRON,PO for Supplying materials for the Rip-rap material work according to the required specifications from the crusher to the work site in the project,Various,Various,1468.8,USD,2023,10,1005,RFPO-1005-V7139,Base PO
RFPO-1005-V7138-1,23 Oct 2023,PO for REPAINTING OF FIRE EXTINGUISHERS CABINET MODEL:NF/800FRC/RA SERIES,NATIONAL FIRE FIGHTING MANUFACTURING FZCO BR (NAFFCO),MICRON,PO for REPAINTING OF FIRE EXTINGUISHERS CABINET MODEL:NF/800FRC/RA SERIES,Various,Various,768.0,USD,2023,10,1005,RFPO-1005-V7138,Base PO
RFPO-5829-R1502-1,22 Oct 2023,PO for BlacK Toner for SHARP BP-20C20T,NEW SMART OFFICE AUTOMATION LLC,FIRESTOP,PO for BlacK Toner for SHARP BP-20C20T,Rental,Rental,382.57,USD,2023,10,5829,RFPO-5829-R1502,Base PO
RFPO-1569-O52-1,22 Oct 2023,"PO for LH55QMCEBGCXUE SAMSUNG UHD4K SOC SIGNAGE, QM55C.- COMMERCIAL TV",Kyoto Technologies,MACRO,"PO for LH55QMCEBGCXUE SAMSUNG UHD4K SOC SIGNAGE, QM55C.- COMMERCIAL TV",Office Assets,Office Assets,566.37,USD,2023,10,1569,RFPO-1569-O52,Base PO
RFPO-6168-V40016-1,20 Oct 2023,PO for Roof Fall Protection Materials.,"Scott & From Co., Inc.",MACRO,PO for Roof Fall Protection Materials.,Various,Various,3984.375,USD,2023,10,6168,RFPO-6168-V40016,Base PO
RFPO-1569-O51-2,19 Oct 2023,"PO for 2 DESKTOP, 4 MONITORS AND COMMERCIAL 55 INCH TV WITH WALL BRACKET",Kyoto Technologies,MACRO,"PO for 2 DESKTOP, 4 MONITORS AND COMMERCIAL 55 INCH TV WITH WALL BRACKET",Office Assets,Office Assets,2037.85,USD,2023,10,1569,RFPO-1569-O51,Change Order
RFPO-5193-E6801-4,19 Oct 2023,PO for Hinged Dust Cover UNIV bl,Aklaniat Technologies LTD,MACRO,PO for Hinged Dust Cover UNIV bl,Electrical,Electrical,7632.66,USD,2023,10,5193,RFPO-5193-E6801,Change Order
RFPO-5193-V40008-1,18 Oct 2023,PO for A003A (As per Approved Submittal),NATIONAL FIRE FIGHTING MANUFACTURING FZCO,MACRO,PO for A003A (As per Approved Submittal),Various,Various,7992.94,USD,2023,10,5193,RFPO-5193-V40008,Base PO
RFPO-6408-M4101-1,18 Oct 2023,"PO for Air Diffuser, Registers & Grilles, Fire Damper",Century Mechanical Systems,MACRO,"PO for Air Diffuser, Registers & Grilles, Fire Damper",Mechanical,Mechanical,880.71,USD,2023,10,6408,RFPO-6408-M4101,Base PO
RFPO-6168-V40015-1,18 Oct 2023,PO for STEEL WIRE ROPE,ROMA ENTERPRISES (L.L.C.),MACRO,PO for STEEL WIRE ROPE,Various,Various,729.07,USD,2023,10,6168,RFPO-6168-V40015,Base PO
RFPO-1569-O51-1,17 Oct 2023,"PO for 2 DESKTOP, 4 MONITORS AND COMMERCIAL 55 INCH TV WITH WALL BRACKET",Kyoto Technologies,MACRO,"PO for 2 DESKTOP, 4 MONITORS AND COMMERCIAL 55 INCH TV WITH WALL BRACKET",Office Assets,Office Assets,2604.22,USD,2023,10,1569,RFPO-1569-O51,Base PO
RFPO-6408-V40000-1,17 Oct 2023,PO for Vibration Rubber Pad,Kinetics Middle East LLC,MACRO,PO for Vibration Rubber Pad,Various,Various,85.77,USD,2023,10,6408,RFPO-6408-V40000,Base PO
RFPO-6408-V40001-1,17 Oct 2023,PO for Volume Dampers,PRIME A/C INDUSTRIES (L.L.C),MACRO,PO for Volume Dampers,Various,Various,65.84,USD,2023,10,6408,RFPO-6408-V40001,Base PO
RFPO-1005-V7126-1,17 Oct 2023,PO for MC215C2 HDCSA0,SAUDICAST- The Industrial Co. for Casting &  Sanitary Fittings,MICRON,PO for MC215C2 HDCSA0,Various,Various,2171.07,USD,2023,10,1005,RFPO-1005-V7126,Base PO
RFPO-5213-S9103-1,16 Oct 2023,PO for Pressure Switch 50 Bar for Motorised Wheel Block System,GANDHI AUTOMATION PVT LTD,MACRO,PO for Pressure Switch 50 Bar for Motorised Wheel Block System,Services,Services,345.0,USD,2023,10,5213,RFPO-5213-S9103,Base PO
RFPO-6168-V40013-1,13 Oct 2023,PO for Acoustic Tiles & Supports,BMET Building Materials Trading LLC,MACRO,PO for Acoustic Tiles & Supports,Various,Various,10510.81,USD,2023,10,6168,RFPO-6168-V40013,Base PO
RFPO-1005-V7134-1,12 Oct 2023,PO for FIRE RETARDANT PLYWOOD 4X8X18MM - PYROGUARD,AL Danube Building Materials Trading Co. LLC.,MICRON,PO for FIRE RETARDANT PLYWOOD 4X8X18MM - PYROGUARD,Various,Various,6273.66,USD,2023,10,1005,RFPO-1005-V7134,Base PO
RFPO-1005-F7062-1,12 Oct 2023,PO for DC333,MVL Firestop Bldg. Matl Trdg. LLC,MICRON,PO for DC333,Fire,Fire,4356.71,USD,2023,10,1005,RFPO-1005-F7062,Base PO
RFPO-1005-V7136-1,12 Oct 2023,PO for,Al Shaikh International Limited Company,MICRON,PO for,Various,Various,6017.87,USD,2023,10,1005,RFPO-1005-V7136,Base PO
RFPO-1005-V7127-1,11 Oct 2023,"PO for 20A Disconnect switch, 220V Non fusible Outdoor type with Grounding and Neutral terminal.",GULF SUPPORT SYSTEM TRADING Co.,MICRON,"PO for 20A Disconnect switch, 220V Non fusible Outdoor type with Grounding and Neutral terminal.",Various,Various,17109.6,USD,2023,10,1005,RFPO-1005-V7127,Base PO
RFPO-1005-A6940-1,10 Oct 2023,Toilet Accessories as per attached Data Sheets,AL GHAMDI COMPANY FOR SANITARY WARES,MICRON,Toilet Accessories as per attached Data Sheets,Architectural,Architectural,4834.4,USD,2023,10,1005,RFPO-1005-A6940,Base PO
RFPO-1005-E7073-2,10 Oct 2023,"PO for [BCC.14511020] CABLE 1X300  CU/XPLE/PVC 1kV, IEC 60502-1",electric house,MICRON,"PO for [BCC.14511020] CABLE 1X300  CU/XPLE/PVC 1kV, IEC 60502-1",Electrical,Electrical,8966.95,USD,2023,10,1005,RFPO-1005-E7073,Change Order
RFPO-5683-A5202-1,10 Oct 2023,PO for Steel Sliding Window,Lakshmi Metal Tech LLC,MACRO,PO for Steel Sliding Window,Architectural,Architectural,16555.48,USD,2023,10,5683,RFPO-5683-A5202,Base PO
RFPO-5657-A5201-1,10 Oct 2023,PO for Aluminum Flush Door,Lakshmi Metal Tech LLC,MACRO,PO for Aluminum Flush Door,Architectural,Architectural,2940.78,USD,2023,10,5657,RFPO-5657-A5201,Base PO
RFPO-1005-V7133-1,10 Oct 2023,PO for Supply and Installation of Furniture at MVL Project Khamis Mushait,JERAISY RIYADH HOUSE,MICRON,PO for Supply and Installation of Furniture at MVL Project Khamis Mushait,Various,Various,59184.8,USD,2023,10,1005,RFPO-1005-V7133,Base PO
RFPO-1005-V7128-1,09 Oct 2023,PO for KIT CLADDING BRIGHT WHITE,Wissam A- Khaleej Products Co,MICRON,PO for KIT CLADDING BRIGHT WHITE,Various,Various,2193.33,USD,2023,10,1005,RFPO-1005-V7128,Base PO
RFPO-1005-E7074-1,09 Oct 2023,"PO for [ITCC.R0075] CONDUIT RIGID STEEL 3/4 inch, 3M/U - UL6",electric house,MICRON,"PO for [ITCC.R0075] CONDUIT RIGID STEEL 3/4 inch, 3M/U - UL6",Electrical,Electrical,4509.5,USD,2023,10,1005,RFPO-1005-E7074,Base PO
RFPO-4814-A5207A-1,09 Oct 2023,PO for Supply and Delivery of Master Key System & Key Cabinet,Vulcan Industries LLC,MACRO,PO for Supply and Delivery of Master Key System & Key Cabinet,Architectural,Architectural,7072.84,USD,2023,10,4814,RFPO-4814-A5207A,Base PO
RFPO-1005-E7073-1,09 Oct 2023,"PO for [BCC.14511020] CABLE 1X300  CU/XPLE/PVC 1kV, IEC 60502-1",electric house,MICRON,"PO for [BCC.14511020] CABLE 1X300  CU/XPLE/PVC 1kV, IEC 60502-1",Electrical,Electrical,8092.28,USD,2023,10,1005,RFPO-1005-E7073,Base PO
RFPO-1005-V7132-1,09 Oct 2023,"PO for (KSA 126) W912ER21C0014 KHAMIS SIMULATOR FACILITY, KSA",GULF SUPPORT SYSTEM TRADING Co.,MICRON,"PO for (KSA 126) W912ER21C0014 KHAMIS SIMULATOR FACILITY, KSA",Various,Various,940.0,USD,2023,10,1005,RFPO-1005-V7132,Base PO
RFPO-5683-V40010-1,06 Oct 2023,PO for Steel Wire Rope,ROMA ENTERPRISES (L.L.C.),MACRO,PO for Steel Wire Rope,Various,Various,370.32,USD,2023,10,5683,RFPO-5683-V40010,Base PO
RFPO-1005-V7129-1,05 Oct 2023,"PO for TPI visit at Vendor – Petraa, KSA (remote location) - Above rate is inclusive of food, accommodation, and transportation.",TUV SUD MIDDLE EAST LLC,MICRON,"PO for TPI visit at Vendor – Petraa, KSA (remote location) - Above rate is inclusive of food, accommodation, and transportation.",Various,Various,392.0,USD,2023,10,1005,RFPO-1005-V7129,Base PO
RFPO-5532-O1-1,05 Oct 2023,PO for LAP LENOVO I7 - Raghu Bandari- Safety Manager,KASPERTECH GENERAL TRADING LLC,MACRO,PO for LAP LENOVO I7 - Raghu Bandari- Safety Manager,Office Assets,Office Assets,829.85,USD,2023,10,5532,RFPO-5532-O1,Base PO
RFPO-5193-A5204-3,05 Oct 2023,PO for Anchor Bolt Cap and Manufacturing Label on Non-fire-rated doors,ARCHITECTURAL METAL DOORS FZC,MICRON,PO for Anchor Bolt Cap and Manufacturing Label on Non-fire-rated doors,Architectural,Architectural,449.29,USD,2023,10,5193,RFPO-5193-A5204,Change Order
RFPO-5532-V40020-1,04 Oct 2023,PO for CPVC Pipes and accessories (Moody Office & Clinic),CRESCO MIDDLE EAST TRADING L.L.C,MVL USA JV LLC,PO for CPVC Pipes and accessories (Moody Office & Clinic),Various,Various,352.21,USD,2023,10,5532,RFPO-5532-V40020,Base PO
RFPO-5532-V40021-1,04 Oct 2023,PO for PE Pipes & fittings (Moody Clinic & Office),Servetech Middle East General Trading,MVL USA JV LLC,PO for PE Pipes & fittings (Moody Clinic & Office),Various,Various,478.13,USD,2023,10,5532,RFPO-5532-V40021,Base PO
RFPO-5532-V4362A-1,04 Oct 2023,PO for Standard Post 3Mtr,Sher Ahmed Scaffolding Tr LLC,MVL Nepal,PO for Standard Post 3Mtr,Various,Various,9661.4,USD,2023,10,5532,RFPO-5532-V4362A,Base PO
RFPO-1005-A5307-1,03 Oct 2023,PO for Jazeera Cool Roof,Jazeera Paints,MACRO,PO for Jazeera Cool Roof,Architectural,Architectural,5628.0,USD,2023,10,1005,RFPO-1005-A5307,Base PO
RFPO-1005-M7081-1,03 Oct 2023,PO for IL400-UL-S316PPMM 2 SEALS at 7 LYNX PER BELT(6.63ODX10.02ID) NOTE - 8 inch MIN SLEEVE LENGTH NEEDED,Diversified Lines For Petroleum Services Co.,MICRON,PO for IL400-UL-S316PPMM 2 SEALS at 7 LYNX PER BELT(6.63ODX10.02ID) NOTE - 8 inch MIN SLEEVE LENGTH NEEDED,Mechanical,Mechanical,8092.8,USD,2023,10,1005,RFPO-1005-M7081,Base PO
RFPO-5829-M4103A-1,03 Oct 2023,PO for Proposal for 10 kVA UPS,LEMINAR AIR CONDITIONING CO. LLC,MACRO,PO for Proposal for 10 kVA UPS,Mechanical,Mechanical,40353.98,USD,2023,10,5829,RFPO-5829-M4103A,Base PO
RFPO-5695-E6800-1,03 Oct 2023,PO for 29mm Rebar,TIC LIGHT ELECTRICAL CORP,MACRO,PO for 29mm Rebar,Electrical,Electrical,19392.75,USD,2023,10,5695,RFPO-5695-E6800,Base PO
RFPO-1005-E7071-1,02 Oct 2023,PO for 1-1/2 LF009M2-QT,TIC LIGHT ELECTRICAL CORP,MICRON,PO for 1-1/2 LF009M2-QT,Electrical,Electrical,2151.69,USD,2023,10,1005,RFPO-1005-E7071,Base PO
RFPO-5193-E6801-3,02 Oct 2023,PO for Hinged Dust Cover UNIV bl,Aklaniat Technologies LTD,MACRO,PO for Hinged Dust Cover UNIV bl,Electrical,Electrical,7632.66,USD,2023,10,5193,RFPO-5193-E6801,Change Order
RFPO-1005-V7125-1,02 Oct 2023,"PO for SPEAKER STROBE, SPSW-CLR-ALERT  / SYSTEM SENSOR",Al Shaikh International Limited Company,MICRON,"PO for SPEAKER STROBE, SPSW-CLR-ALERT  / SYSTEM SENSOR",Various,Various,37484.0,USD,2023,10,1005,RFPO-1005-V7125,Base PO
RFPO-1005-V7123-1,02 Oct 2023,"PO for DUCT DETECTOR KEY SWITCH ,  RTS151",Al Shaikh International Limited Company,MICRON,"PO for DUCT DETECTOR KEY SWITCH ,  RTS151",Various,Various,1866.67,USD,2023,10,1005,RFPO-1005-V7123,Base PO
RFPO-1005-V7124-1,02 Oct 2023,PO for SUPPLY OF FM200 SYSTEM FOR LCT  ROOM AS PER APPROVED  DRAWINGS,Al Shaikh International Limited Company,MICRON,PO for SUPPLY OF FM200 SYSTEM FOR LCT  ROOM AS PER APPROVED  DRAWINGS,Various,Various,79053.33,USD,2023,10,1005,RFPO-1005-V7124,Base PO
RFPO-1192-V4457-1,02 Oct 2023,PO for COLOR DIVIDER WITH n 1-20 1-12 X 20SET,GRAND STATIONERY CO LLC,FIRESTOP,PO for COLOR DIVIDER WITH n 1-20 1-12 X 20SET,Various,Various,79.92,USD,2023,10,1192,RFPO-1192-V4457,Base PO
RFPO-5532-M4005-1,28 Sep 2023,PO for STEEL CYLINDRICAL MOULD 150 X 300MM,FALCON GEOMATICS LLC,MVL USA JV LLC,PO for STEEL CYLINDRICAL MOULD 150 X 300MM,Mechanical,Mechanical,1765.83,USD,2023,9,5532,RFPO-5532-M4005,Base PO
RFPO-1005-V7122-1,27 Sep 2023,PO for BONDING TAPE (TC225),GULF SUPPORT SYSTEM TRADING Co.,MICRON,PO for BONDING TAPE (TC225),Various,Various,2693.3,USD,2023,9,1005,RFPO-1005-V7122,Base PO
RFPO-5503-M4101-2,26 Sep 2023,"PO for Titus Model DESV Direct Digital Single Duct VAV Terminal Unit- 22 Gauge Galvanized Steel Terminal Casing Internally Lined with 1/2 inch Fiberglass insulation, AeroCross Multi-Point Inlet Veloci",S & R Global,MACRO,"PO for Titus Model DESV Direct Digital Single Duct VAV Terminal Unit- 22 Gauge Galvanized Steel Terminal Casing Internally Lined with 1/2 inch Fiberglass insulation, AeroCross Multi-Point Inlet Veloci",Mechanical,Mechanical,62768.52,USD,2023,9,5503,RFPO-5503-M4101,Change Order
RFPO-1428-V4355-2,25 Sep 2023,PO for Spiral Notebook,Krossover Gifts Trading LLC,MVL Nepal,PO for Spiral Notebook,Various,Various,735.19,USD,2023,9,1428,RFPO-1428-V4355,Change Order
Fresh PO-351,25 Sep 2023,"NETCOM DATA CENTER MODERNIZATION FOR BUILDING 3908 JOINT BASE LEWIS - MCCHORD (JBLM), WA","AC POWER Technology, Inc.",Unknown,"NETCOM DATA CENTER MODERNIZATION FOR BUILDING 3908 JOINT BASE LEWIS - MCCHORD (JBLM), WA",Various,Various,1.0,USD,2023,9,351,Fresh PO-351,Base PO
RFPO-1192-V4334-1,21 Sep 2023,"PO for SAUDI ROCKWOOL SLAB INSULATION UNFACED THICKNESS-50MM , DENSITY : 64KG/M3 1.2 X 0.6M",CMS - Group of Companies,MVL Nepal,"PO for SAUDI ROCKWOOL SLAB INSULATION UNFACED THICKNESS-50MM , DENSITY : 64KG/M3 1.2 X 0.6M",Various,Various,677.55,USD,2023,9,1192,RFPO-1192-V4334,Base PO
RFPO-5532-M4101-1,21 Sep 2023,PO for AIR CONDITIONERS,Teko General Trading LLC,MACRO,PO for AIR CONDITIONERS,Mechanical,Mechanical,6261.4,USD,2023,9,5532,RFPO-5532-M4101,Base PO
RFPO-4814-M4105-5,21 Sep 2023,"PO for SUPPLY OF NFPA 22 APPROVED GALVANIZED STEEL BOLTED TANK WITH DWI APPROVED LINER. MAKE: BALMORAL UK. 6.24 MTRS DIA; 8.2 MTRS HEIGHT, 229M3 NET CAPACITY, 2A SEISMI",ALIGN ELECTROMECHANICAL WORK LLC,MACRO,"PO for SUPPLY OF NFPA 22 APPROVED GALVANIZED STEEL BOLTED TANK WITH DWI APPROVED LINER. MAKE: BALMORAL UK. 6.24 MTRS DIA; 8.2 MTRS HEIGHT, 229M3 NET CAPACITY, 2A SEISMI",Mechanical,Mechanical,138067.8,USD,2023,9,4814,RFPO-4814-M4105,Change Order
RFPO-5657-V40009-1,21 Sep 2023,PO for TPI visit for Pumps,TUV SUD MIDDLE EAST LLC,MACRO,PO for TPI visit for Pumps,Various,Various,924.0,USD,2023,9,5657,RFPO-5657-V40009,Base PO
RFPO-5532-V40018-1,21 Sep 2023,PO for CPVC Pipes & fittings,CRESCO MIDDLE EAST TRADING L.L.C,MVL USA JV LLC,PO for CPVC Pipes & fittings,Various,Various,593.64,USD,2023,9,5532,RFPO-5532-V40018,Base PO
RFPO-1005-V7121-1,20 Sep 2023,PO for CABLE ROLLER STAND,GULF SUPPORT SYSTEM TRADING Co.,MICRON,PO for CABLE ROLLER STAND,Various,Various,8857.26,USD,2023,9,1005,RFPO-1005-V7121,Base PO
RFPO-4814-M4105-4,20 Sep 2023,"PO for SUPPLY OF NFPA 22 APPROVED GALVANIZED STEEL BOLTED TANK WITH DWI APPROVED LINER. MAKE: BALMORAL UK. 6.24 MTRS DIA; 8.2 MTRS HEIGHT, 229M3 NET CAPACITY, 2A SEISMI",ALIGN ELECTROMECHANICAL WORK LLC,MACRO,"PO for SUPPLY OF NFPA 22 APPROVED GALVANIZED STEEL BOLTED TANK WITH DWI APPROVED LINER. MAKE: BALMORAL UK. 6.24 MTRS DIA; 8.2 MTRS HEIGHT, 229M3 NET CAPACITY, 2A SEISMI",Mechanical,Mechanical,125296.12,USD,2023,9,4814,RFPO-4814-M4105,Change Order
RFPO-5193-A5204-2,19 Sep 2023,"PO for DOORS & FRAMES, VISION PANEL WITH GLASS, AND DOOR HARDWARES",ARCHITECTURAL METAL DOORS FZC,MICRON,"PO for DOORS & FRAMES, VISION PANEL WITH GLASS, AND DOOR HARDWARES",Architectural,Architectural,47924.44,USD,2023,9,5193,RFPO-5193-A5204,Change Order
RFPO-5829-O3-1,19 Sep 2023,PO for SYS DELL 7000 I7 - DELL OPTIPLEX 7000 i7 16GB RAM  1TB SSD NVME 4GB GRAPHIC DOS,KASPERTECH GENERAL TRADING LLC,MACRO,PO for SYS DELL 7000 I7 - DELL OPTIPLEX 7000 i7 16GB RAM  1TB SSD NVME 4GB GRAPHIC DOS,Office Assets,Office Assets,1007.49,USD,2023,9,5829,RFPO-5829-O3,Base PO
RFPO-5695-V40002-1,19 Sep 2023,PO for Rebar Couplers,"White Cap Supply Holdings, LLC",MACRO,PO for Rebar Couplers,Various,Various,31548.2,USD,2023,9,5695,RFPO-5695-V40002,Base PO
RFPO-5532-M4004-1,18 Sep 2023,PO for Oil filter for 9m  Lighting Vehicle  4TN4000,Evangel International Machinery Ltd.,MVL USA JV LLC,PO for Oil filter for 9m  Lighting Vehicle  4TN4000,Mechanical,Mechanical,93.0,USD,2023,9,5532,RFPO-5532-M4004,Base PO
RFPO-1428-V4355-1,18 Sep 2023,PO for Spiral Notebook,Krossover Gifts Trading LLC,MVL Nepal,PO for Spiral Notebook,Various,Various,571.82,USD,2023,9,1428,RFPO-1428-V4355,Base PO
RFPO-6168-V40012-1,14 Sep 2023,PO for Manual Volume Dampers,PRIME A/C INDUSTRIES (L.L.C),MACRO,PO for Manual Volume Dampers,Various,Various,898.57,USD,2023,9,6168,RFPO-6168-V40012,Base PO
RFPO-5829-M4102-2,14 Sep 2023,PO for AIR COOLED CHILLER Part Number - 30XB0900-MCHE - FRANCE  - AS PER ATTACHED APPROVED SUBMITTAL,UTS CARRIER L.L.C.,MACRO,PO for AIR COOLED CHILLER Part Number - 30XB0900-MCHE - FRANCE  - AS PER ATTACHED APPROVED SUBMITTAL,Mechanical,Mechanical,352620.83,USD,2023,9,5829,RFPO-5829-M4102,Change Order
RFPO-1005-E7067-1,12 Sep 2023,"PO for Supply and Delivery of UL 924 / C-UL UL / C-UL 1778 eLITE Series Model ELE Centralized Emergency Lighting Inverter (5.3 kW to 18 kW) Single Phase (NFPA 101, NFPA 111, NEC, IBC, and local codes)",ALC ADVANCED LIGHTING COMPANY,MICRON,"PO for Supply and Delivery of UL 924 / C-UL UL / C-UL 1778 eLITE Series Model ELE Centralized Emergency Lighting Inverter (5.3 kW to 18 kW) Single Phase (NFPA 101, NFPA 111, NEC, IBC, and local codes)",Electrical,Electrical,207985.19,USD,2023,9,1005,RFPO-1005-E7067,Base PO
RFPO-1005-V7117-1,12 Sep 2023,PO for Bedding Sand Material supply,Gulf Inshaa General Contracting Est,MICRON,PO for Bedding Sand Material supply,Various,Various,3413.33,USD,2023,9,1005,RFPO-1005-V7117,Base PO
RFPO-5503-V40008A-1,12 Sep 2023,PO for H1B5HF000,Zarifopoulos S.A,MVL USA JV LLC,PO for H1B5HF000,Various,Various,77803.48,USD,2023,9,5503,RFPO-5503-V40008A,Base PO
RFPO-1005-V7111A-1,12 Sep 2023,PO for Polyflame 3mm Black,BITUMAT Co. Ltd.,MICRON,PO for Polyflame 3mm Black,Various,Various,10015.47,USD,2023,9,1005,RFPO-1005-V7111A,Base PO
RFPO-1005-M7079-1,11 Sep 2023,PO for ANGLE,Abeer Manawer Al- Shamari Cont. Est.,MICRON,PO for ANGLE,Mechanical,Mechanical,3101.05,USD,2023,9,1005,RFPO-1005-M7079,Base PO
RFPO-1005-V7116-1,11 Sep 2023,PO for HDPE SHEET 12MMX1MTRX2MTR,AL-WASAT AL- BADEEL TRADING CO.,MICRON,PO for HDPE SHEET 12MMX1MTRX2MTR,Various,Various,5020.0,USD,2023,9,1005,RFPO-1005-V7116,Base PO
RFPO-1005-V7107-1,11 Sep 2023,"PO for ALARM CHECK VALVE , CL-150 , DI , 6 inch / RELIABLE",Al Shaikh International Limited Company,MICRON,"PO for ALARM CHECK VALVE , CL-150 , DI , 6 inch / RELIABLE",Various,Various,5484.53,USD,2023,9,1005,RFPO-1005-V7107,Base PO
RFPO-1005-V7107-2,11 Sep 2023,PO for FIRE FIGHTING MATERIALS,Al Shaikh International Limited Company,MICRON,PO for FIRE FIGHTING MATERIALS,Various,Various,8017.87,USD,2023,9,1005,RFPO-1005-V7107,Change Order
RFPO-1005-M7078-1,11 Sep 2023,PO for SMRP 450,Joint Gulf Business Establishment,MICRON,PO for SMRP 450,Mechanical,Mechanical,92.0,USD,2023,9,1005,RFPO-1005-M7078,Base PO
RFPO-1005-V7108-1,11 Sep 2023,PO for BALANCE FIRE ALARM MATERIALS,Al Shaikh International Limited Company,MICRON,PO for BALANCE FIRE ALARM MATERIALS,Various,Various,37420.0,USD,2023,9,1005,RFPO-1005-V7108,Base PO
RFPO-1192-V4333-1,11 Sep 2023,PO for SLAB WITHOUT FACING (SXXX) Density: 160Kg/M3 Thickness: 50mm Size:1.2 MtrX 0.6 Mtr,FUJAIRAH ROCKWOOL FACTORY,MVL Nepal,PO for SLAB WITHOUT FACING (SXXX) Density: 160Kg/M3 Thickness: 50mm Size:1.2 MtrX 0.6 Mtr,Various,Various,3416.2,USD,2023,9,1192,RFPO-1192-V4333,Base PO
RFPO-1005-V7113-1,08 Sep 2023,"PO for Latham Asbraloy Recessed Slip Resistant Safety Tread with Silicon Carbide Mineral Inserts , Recessed Edge Model: 1208S - Colour - Off White. FEATURES - P5 Slip Classification, Super hard wearin",AAMTAC COMPANY LTD,MICRON,"PO for Latham Asbraloy Recessed Slip Resistant Safety Tread with Silicon Carbide Mineral Inserts , Recessed Edge Model: 1208S - Colour - Off White. FEATURES - P5 Slip Classification, Super hard wearin",Various,Various,8354.67,USD,2023,9,1005,RFPO-1005-V7113,Base PO
RFPO-5829-M4102-1,07 Sep 2023,PO for AIR COOLED CHILLER Part Number - 30XB0900-MCHE - FRANCE  - AS PER ATTACHED APPROVED SUBMITTAL,UTS CARRIER L.L.C.,MACRO,PO for AIR COOLED CHILLER Part Number - 30XB0900-MCHE - FRANCE  - AS PER ATTACHED APPROVED SUBMITTAL,Mechanical,Mechanical,347174.95,USD,2023,9,5829,RFPO-5829-M4102,Base PO
RFPO-6168-V40010-1,07 Sep 2023,PO for WATER HAMMER ARRESTOR,DUTCO TENNANT LLC,MACRO,PO for WATER HAMMER ARRESTOR,Various,Various,49.01,USD,2023,9,6168,RFPO-6168-V40010,Base PO
RFPO-6168-V40011-1,07 Sep 2023,PO for Foam Insulation for Plumbing pipes,BIN DASMAL GENERAL TRADING CO LLC,MACRO,PO for Foam Insulation for Plumbing pipes,Various,Various,23.57,USD,2023,9,6168,RFPO-6168-V40011,Base PO
RFPO-1005-V7112-1,06 Sep 2023,"PO for AISI 304 Grade Stainless Steel External Corner Profile, Satin Finish, 1.5mm thickness, L=1.00mt .",AAMTAC COMPANY LTD,MICRON,"PO for AISI 304 Grade Stainless Steel External Corner Profile, Satin Finish, 1.5mm thickness, L=1.00mt .",Various,Various,19842.67,USD,2023,9,1005,RFPO-1005-V7112,Base PO
RFPO-1005-V7114-1,06 Sep 2023,PO for Third Party Inspection  - AMD Wooden Doors – Khamis KSA 126  - Location SAIF Zone (5193-A5204-1),TUV SUD MIDDLE EAST LLC,MICRON,PO for Third Party Inspection  - AMD Wooden Doors – Khamis KSA 126  - Location SAIF Zone (5193-A5204-1),Various,Various,326.75,USD,2023,9,1005,RFPO-1005-V7114,Base PO
RFPO-1005-V7115-1,06 Sep 2023,PO for TThird Party Inspection - Steel Doors & Hardwares – Al Kharj KSA 127 – NAFFCO – (5213-V40016-1 & remaining hardware’s of order no : 5213-V40012-1),TUV SUD MIDDLE EAST LLC,MICRON,PO for TThird Party Inspection - Steel Doors & Hardwares – Al Kharj KSA 127 – NAFFCO – (5213-V40016-1 & remaining hardware’s of order no : 5213-V40012-1),Various,Various,272.29,USD,2023,9,1005,RFPO-1005-V7115,Base PO
RFPO-1192-V4456-1,05 Sep 2023,PO for SELF ADHESIVE LABEL 1X100 PCS,GRAND STATIONERY CO LLC,FIRESTOP,PO for SELF ADHESIVE LABEL 1X100 PCS,Various,Various,510.48,USD,2023,9,1192,RFPO-1192-V4456,Base PO
RFPO-6168-V40008A-1,04 Sep 2023,"PO for Diffusers, Registers, and Grilles",Faisal Jassim Industries LLC,MVL USA JV LLC,"PO for Diffusers, Registers, and Grilles",Various,Various,857.73,USD,2023,9,6168,RFPO-6168-V40008A,Base PO
RFPO-5683-V40009A-1,04 Sep 2023,PO for Drywall Gypsum Partition Materials,BMET Building Materials Trading LLC,MVL USA JV LLC,PO for Drywall Gypsum Partition Materials,Various,Various,38215.87,USD,2023,9,5683,RFPO-5683-V40009A,Base PO
RFPO-5581-V40008-1,04 Sep 2023,PO for GI Pipes.,Arrow Pipes & Fittings FZCO,MACRO,PO for GI Pipes.,Various,Various,33974.13,USD,2023,9,5581,RFPO-5581-V40008,Base PO
RFPO-5581-V40009-1,04 Sep 2023,PO for PVC Coated Tie wires,RAK Middle East Traders LLC,MACRO,PO for PVC Coated Tie wires,Various,Various,1238.94,USD,2023,9,5581,RFPO-5581-V40009,Base PO
RFPO-5503-V40009-1,01 Sep 2023,"PO for CRAHU-01A, CRAHU-01B - ST UPU 30",I.G.KARAKATSANIS & CO P.G.,MACRO,"PO for CRAHU-01A, CRAHU-01B - ST UPU 30",Various,Various,201576.09,USD,2023,9,5503,RFPO-5503-V40009,Base PO
RFPO-5532-V40015-1,01 Sep 2023,PO for Panel Boards (Mancamp),Extol International Trading LLC,MACRO,PO for Panel Boards (Mancamp),Various,Various,18759.7,USD,2023,9,5532,RFPO-5532-V40015,Base PO
RFPO-1005-V7105-1,01 Sep 2023,PO for FD8010/4inchT NBSA1,SAUDICAST- The Industrial Co. for Casting &  Sanitary Fittings,MICRON,PO for FD8010/4inchT NBSA1,Various,Various,8336.8,USD,2023,9,1005,RFPO-1005-V7105,Base PO
RFPO-6168-V40009-1,01 Sep 2023,PO for HVAC Duct Work,FIRMAC INDUSTRIES L.L.C,MACRO,PO for HVAC Duct Work,Various,Various,3772.04,USD,2023,9,6168,RFPO-6168-V40009,Base PO
RFPO-6168-V40005-1,31 Aug 2023,PO for Non-shrink grout,AL GURG FOSROC CO LLC,MVL Greece,PO for Non-shrink grout,Various,Various,171.55,USD,2023,8,6168,RFPO-6168-V40005,Base PO
RFPO-5581-V40006-1,31 Aug 2023,PO for Hardware for FPFS,APP Manufacturing,MACRO,PO for Hardware for FPFS,Various,Various,148025.04,USD,2023,8,5581,RFPO-5581-V40006,Base PO
RFPO-1005-V7110-1,31 Aug 2023,PO for KSA 127 Aluminum windows,TUV SUD MIDDLE EAST LLC,MICRON,PO for KSA 127 Aluminum windows,Various,Various,544.59,USD,2023,8,1005,RFPO-1005-V7110,Base PO
RFPO-5532-V40017-1,31 Aug 2023,PO for Additonal Electrical Materials for Mancamp,Kelly & Hayes Electrical Industrial & Plumbing Supplies,MVL USA JV LLC,PO for Additonal Electrical Materials for Mancamp,Various,Various,17111.0,USD,2023,8,5532,RFPO-5532-V40017,Base PO
RFPO-1569-O50-1,30 Aug 2023,"PO for LAP LENOVO I7 - LenovoThinkpad E15 core i7-1255U, 16GB Ram, 1TB SSD ,15.FHD IPS Iris XE ,Windows 11 pro",KASPERTECH GENERAL TRADING LLC,MACRO,"PO for LAP LENOVO I7 - LenovoThinkpad E15 core i7-1255U, 16GB Ram, 1TB SSD ,15.FHD IPS Iris XE ,Windows 11 pro",Office Assets,Office Assets,803.92,USD,2023,8,1569,RFPO-1569-O50,Base PO
RFPO-5193-E6801-2,29 Aug 2023,PO for Hinged Dust Cover UNIV bl,Aklaniat Technologies LTD,MACRO,PO for Hinged Dust Cover UNIV bl,Electrical,Electrical,7632.66,USD,2023,8,5193,RFPO-5193-E6801,Change Order
RFPO-5626-V40002-1,29 Aug 2023,"PO for Pipes, valves and accessories along with shipping costs (Invoice 21327, Original SJC PO is RWLS-0002738MVL)","Scott & From Co., Inc.",MACRO,"PO for Pipes, valves and accessories along with shipping costs (Invoice 21327, Original SJC PO is RWLS-0002738MVL)",Various,Various,78691.1,USD,2023,8,5626,RFPO-5626-V40002,Base PO
RFPO-5829-S9052-1,29 Aug 2023,PO for Supply of Sweet Water 5000 Gallon tanker,ALWHDA AX TRANSPORT & GENERAL CONTRACTING,MACRO,PO for Supply of Sweet Water 5000 Gallon tanker,Services,Services,1688.22,USD,2023,8,5829,RFPO-5829-S9052,Base PO
RFPO-5503-E6800-1,29 Aug 2023,"PO for C1,C2",GRAVANI LIGHTING,MACRO,"PO for C1,C2",Electrical,Electrical,46750.0,USD,2023,8,5503,RFPO-5503-E6800,Base PO
RFPO-1005-M7075-2,28 Aug 2023,"PO for SIEMENS Bronze 3-Way Valve, External Thread, PN16 Size DN32, Model VXG44.32-16",EMAAR POLE COMPANY,MICRON,"PO for SIEMENS Bronze 3-Way Valve, External Thread, PN16 Size DN32, Model VXG44.32-16",Mechanical,Mechanical,316.11,USD,2023,8,1005,RFPO-1005-M7075,Change Order
RFPO-5193-E6801-1,25 Aug 2023,PO for Hinged Dust Cover UNIV bl,Aklaniat Technologies LTD,MACRO,PO for Hinged Dust Cover UNIV bl,Electrical,Electrical,7632.66,USD,2023,8,5193,RFPO-5193-E6801,Base PO
RFPO-1569-O49-1,25 Aug 2023,PO for Once off licence fee for 1 No. of additional Concurrent Candy Licence @ AED 3255.00 each,Construction Computer Software(Gulf)LLC,MACRO,PO for Once off licence fee for 1 No. of additional Concurrent Candy Licence @ AED 3255.00 each,Office Assets,Office Assets,1477.2,USD,2023,8,1569,RFPO-1569-O49,Base PO
RFPO-1005-V7099-1,25 Aug 2023,"PO for 3/4 inch FLEXIBLE METAL CONDUIT ,IMH (100FT/ROLL) UL LISTED ,USA",GULF SUPPORT SYSTEM TRADING Co.,MICRON,"PO for 3/4 inch FLEXIBLE METAL CONDUIT ,IMH (100FT/ROLL) UL LISTED ,USA",Various,Various,18977.93,USD,2023,8,1005,RFPO-1005-V7099,Base PO
RFPO-1005-V7100-1,25 Aug 2023,PO for Belden FDSD024L9,Extol International Trading LLC,MICRON,PO for Belden FDSD024L9,Various,Various,4560.93,USD,2023,8,1005,RFPO-1005-V7100,Base PO
RFPO-5683-T1001-1,24 Aug 2023,PO for Top & Bottom Anchor,Hilti Emirates LLC,MACRO,PO for Top & Bottom Anchor,Tools,Tools,1739.32,USD,2023,8,5683,RFPO-5683-T1001,Base PO
RFPO-5503-M4101-1,24 Aug 2023,"PO for Titus Model DESV Direct Digital Single Duct VAV Terminal Unit- 22 Gauge Galvanized Steel Terminal Casing Internally Lined with 1/2 inch Fiberglass insulation, AeroCross Multi-Point Inlet Veloci",S & R Global,MACRO,"PO for Titus Model DESV Direct Digital Single Duct VAV Terminal Unit- 22 Gauge Galvanized Steel Terminal Casing Internally Lined with 1/2 inch Fiberglass insulation, AeroCross Multi-Point Inlet Veloci",Mechanical,Mechanical,61535.82,USD,2023,8,5503,RFPO-5503-M4101,Base PO
RFPO-1005-E7068-1,24 Aug 2023,PO for 109221,electric house,MICRON,PO for 109221,Electrical,Electrical,8761.79,USD,2023,8,1005,RFPO-1005-E7068,Base PO
RFPO-1005-V7106-1,24 Aug 2023,"PO for TEFLON MANDREL for 160mm PIPE, CYLINDRICAL TYPE Size: 135mm Dia X 160mm Long with eyes.",ELFIT ARABIA Telecom & Engineering Products Factory,MICRON,"PO for TEFLON MANDREL for 160mm PIPE, CYLINDRICAL TYPE Size: 135mm Dia X 160mm Long with eyes.",Various,Various,478.67,USD,2023,8,1005,RFPO-1005-V7106,Base PO
RFPO-1005-V7103-1,24 Aug 2023,"PO for 6 AWG THHN /THWN 600V/MESC 500 FEET /ROLL (152 MTR/ROLL) RED COLOR ,608 MTR",GULF SUPPORT SYSTEM TRADING Co.,MICRON,"PO for 6 AWG THHN /THWN 600V/MESC 500 FEET /ROLL (152 MTR/ROLL) RED COLOR ,608 MTR",Various,Various,15293.33,USD,2023,8,1005,RFPO-1005-V7103,Base PO
RFPO-1005-M7077-1,23 Aug 2023,"PO for ECS AdvancedIQ Pre-Engineered Nitrogen Generator (international wallmount); 220V/50Hz power supply,. Part no. AG-950E",Engineered Corrosion Solutions,MICRON,"PO for ECS AdvancedIQ Pre-Engineered Nitrogen Generator (international wallmount); 220V/50Hz power supply,. Part no. AG-950E",Mechanical,Mechanical,11631.6,USD,2023,8,1005,RFPO-1005-M7077,Base PO
RFPO-1005-V7104-1,23 Aug 2023,"PO for Single Door Fire Extinguisher Cabinet, Fire Rated - UL Listed, Recessed Mounted, Solid Door, Complete 1.2mm Stainless Steel (304) Brush Finish",NATIONAL FIRE FIGHTING MANUFACTURING FZCO BR (NAFFCO),MICRON,"PO for Single Door Fire Extinguisher Cabinet, Fire Rated - UL Listed, Recessed Mounted, Solid Door, Complete 1.2mm Stainless Steel (304) Brush Finish",Various,Various,13764.8,USD,2023,8,1005,RFPO-1005-V7104,Base PO
RFPO-1192-V4332-1,23 Aug 2023,"PO for Saudi Rockwool Slab Insulation with Unfaced, Thickness: 50 mm, Density:  64 kg/m3 x 1.2 M x 0.6 M .",Century Mechanical Systems,MVL Nepal,"PO for Saudi Rockwool Slab Insulation with Unfaced, Thickness: 50 mm, Density:  64 kg/m3 x 1.2 M x 0.6 M .",Various,Various,677.55,USD,2023,8,1192,RFPO-1192-V4332,Base PO
RFPO-5657-V40007C-1,23 Aug 2023,PO for DI Pipes & Fittings,Unitech Di Pipes & Fittings Mfg. LLC,MVL USA JV LLC,PO for DI Pipes & Fittings,Various,Various,48090.0,USD,2023,8,5657,RFPO-5657-V40007C,Base PO
RFPO-5683-V40008B-1,22 Aug 2023,PO for Acoustic Ceiling Tiles & Supports,BMET Building Materials Trading LLC,MVL USA JV LLC,PO for Acoustic Ceiling Tiles & Supports,Various,Various,4385.02,USD,2023,8,5683,RFPO-5683-V40008B,Base PO
RFPO-5829-O2-1,22 Aug 2023,PO for LENOVO L24E-40/23.8&quot;/VA/4MS/100HZ/250NITS/HDMI+VGA/3YR  Warranty,AL KOFA COMPUTER TRADING LLC,MACRO,PO for LENOVO L24E-40/23.8&quot;/VA/4MS/100HZ/250NITS/HDMI+VGA/3YR  Warranty,Office Assets,Office Assets,234.17,USD,2023,8,5829,RFPO-5829-O2,Base PO
RFPO-1005-V7101-1,21 Aug 2023,PO for Pabco Alu. Jacketing Smooth Finish 0.6 mm X 914 mm,Mariam Trading Company & Partner,MICRON,PO for Pabco Alu. Jacketing Smooth Finish 0.6 mm X 914 mm,Various,Various,1622.67,USD,2023,8,1005,RFPO-1005-V7101,Base PO
RFPO-1005-V7102-1,21 Aug 2023,PO for SAUDI BIANCO POLISHED,Al Takadom Marble and Granite Factory,MICRON,PO for SAUDI BIANCO POLISHED,Various,Various,1156.8,USD,2023,8,1005,RFPO-1005-V7102,Base PO
RFPO-5829-S9051-1,17 Aug 2023,PO for Diesel,Mazout Diesel Fuel Trading,MACRO,PO for Diesel,Services,Services,4240.74,USD,2023,8,5829,RFPO-5829-S9051,Base PO
RFPO-1005-V7085-2,17 Aug 2023,PO for FLEXIVA Flexible Duct and Connector,IŞIL MÜHENDİSLİK MAKİNA VE İNŞAAT SAN. TİC. A.Ş.,MICRON,PO for FLEXIVA Flexible Duct and Connector,Various,Various,-678.95,USD,2023,8,1005,RFPO-1005-V7085,Change Order
RFPO-1005-C6056-1,16 Aug 2023,PO for GROUT #50 [20 KGS],Saudi Vetonit Co. Ltd. (SAVETO),MICRON,PO for GROUT #50 [20 KGS],Chemicals,Chemicals,2156.0,USD,2023,8,1005,RFPO-1005-C6056,Base PO
RFPO-1005-M7076-1,16 Aug 2023,PO for CDP200 Square Ceiling Diffuser With Removable Core / Gasket / Opposed Blade Damper-Mill Finish,KBE SAUDI ARABIA L.L.C,MICRON,PO for CDP200 Square Ceiling Diffuser With Removable Core / Gasket / Opposed Blade Damper-Mill Finish,Mechanical,Mechanical,3033.59,USD,2023,8,1005,RFPO-1005-M7076,Base PO
RFPO-1005-E7065-1,16 Aug 2023,PO for DRC07-ED0,ALC ADVANCED LIGHTING COMPANY,MICRON,PO for DRC07-ED0,Electrical,Electrical,60053.33,USD,2023,8,1005,RFPO-1005-E7065,Base PO
RFPO-6168-V40002-1,16 Aug 2023,PO for KFLEX-2522 - 25MM X 22MM KFLEX RUBBER PIPE,BIN DASMAL GENERAL TRADING CO LLC,MACRO,PO for KFLEX-2522 - 25MM X 22MM KFLEX RUBBER PIPE,Various,Various,24.75,USD,2023,8,6168,RFPO-6168-V40002,Base PO
RFPO-5532-V40014-1,15 Aug 2023,PO for Pre-Shipment Inspection,V-Trust Inspection Service Co. Ltd.,MACRO,PO for Pre-Shipment Inspection,Various,Various,268.0,USD,2023,8,5532,RFPO-5532-V40014,Base PO
RFPO-6168-A5201-1,14 Aug 2023,PO for Steel Doors & Frames,QMI Building Metal Products Manufacturing LLC,MACRO,PO for Steel Doors & Frames,Architectural,Architectural,9127.3,USD,2023,8,6168,RFPO-6168-A5201,Base PO
RFPO-5622-E6800-1,13 Aug 2023,PO for Transformer,"Cooper Crouse-Hinds, LLC",MACRO,PO for Transformer,Electrical,Electrical,31250.0,USD,2023,8,5622,RFPO-5622-E6800,Base PO
RFPO-5829-V40003-1,10 Aug 2023,"PO for 324mm dia. RC Pipe, 3.00m length, Class IV as per ASTM C76-M, integral joint socket/spigot with EPDM Rubber Ring, Unlined and Uncoated",Baniyas Concrete Products L.L.C.,MACRO,"PO for 324mm dia. RC Pipe, 3.00m length, Class IV as per ASTM C76-M, integral joint socket/spigot with EPDM Rubber Ring, Unlined and Uncoated",Various,Various,162804.63,USD,2023,8,5829,RFPO-5829-V40003,Base PO
RFPO-5829-O1-1,10 Aug 2023,PO for PART NO - 960-001057,TECHMIND SOLUTIONS LLC,MACRO,PO for PART NO - 960-001057,Office Assets,Office Assets,1520.76,USD,2023,8,5829,RFPO-5829-O1,Base PO
RFPO-5581-V40005B-1,10 Aug 2023,PO for Epoxy coated Rebars,MADAR EMIRATES FOR BUILDING MATERIALS (L.L.C.),MVL USA JV LLC,PO for Epoxy coated Rebars,Various,Various,26255.06,USD,2023,8,5581,RFPO-5581-V40005B,Base PO
RFPO-1005-V7098-1,10 Aug 2023,PO for FIRE ALARM CABLE UNSHLD. 2C X 16 AWG SOLID RED COLOR 305MTR /ROLL MESC,GULF SUPPORT SYSTEM TRADING Co.,MICRON,PO for FIRE ALARM CABLE UNSHLD. 2C X 16 AWG SOLID RED COLOR 305MTR /ROLL MESC,Various,Various,3980.8,USD,2023,8,1005,RFPO-1005-V7098,Base PO
RFPO-1005-V7097-1,10 Aug 2023,PO for ITEM NUMBER - 97122501300001 Manufacturer : AVK USA,Watecom International Water Network - LLC,MICRON,PO for ITEM NUMBER - 97122501300001 Manufacturer : AVK USA,Various,Various,6011.44,USD,2023,8,1005,RFPO-1005-V7097,Base PO
RFPO-5829-V40005-1,10 Aug 2023,PO for Spill Kit Oil 80 Ltr Brand : DSORB Origin:United Kingdom HS Code: 56031400,Al Dolphin TR L.L.C,MVL Greece,PO for Spill Kit Oil 80 Ltr Brand : DSORB Origin:United Kingdom HS Code: 56031400,Various,Various,59.9,USD,2023,8,5829,RFPO-5829-V40005,Base PO
RFPO-1005-V7096-1,10 Aug 2023,"PO for Single Door Fire Extinguisher Cabinet, Fire Rated - UL Listed, Recessed Mounted, Solid Door, Complete 1.2mm Stainless Steel (304) Brush Finish, Along With DRY POWDER FIRE EXTINGUISHER, PORTABLE",NATIONAL FIRE FIGHTING MANUFACTURING FZCO BR (NAFFCO),MICRON,"PO for Single Door Fire Extinguisher Cabinet, Fire Rated - UL Listed, Recessed Mounted, Solid Door, Complete 1.2mm Stainless Steel (304) Brush Finish, Along With DRY POWDER FIRE EXTINGUISHER, PORTABLE",Various,Various,7419.73,USD,2023,8,1005,RFPO-1005-V7096,Base PO
RFPO-1569-O48-1,09 Aug 2023,"PO for HP 290 G9 Core™ i7-12700 (up to 4.9 GHz with Intel® Turbo Boost  Technology, 25 MB L3 cache, 12 cores, 20 threads) /16GB RDDR4-3200 MHz  RAM (2 x 8 GB)/1TB SSD/KEB/MOUSE/ AFOX GT730 4GB NVID",AL KOFA COMPUTER TRADING LLC,MACRO,"PO for HP 290 G9 Core™ i7-12700 (up to 4.9 GHz with Intel® Turbo Boost  Technology, 25 MB L3 cache, 12 cores, 20 threads) /16GB RDDR4-3200 MHz  RAM (2 x 8 GB)/1TB SSD/KEB/MOUSE/ AFOX GT730 4GB NVID",Office Assets,Office Assets,948.94,USD,2023,8,1569,RFPO-1569-O48,Base PO
RFPO-1005-V7094-1,09 Aug 2023,PO for GALA BRONZ GLOBE #150 NPT(6352) 1-1/4 inch MADE IN USA,SALEH ZAID ALQURAISHI & PARTNERS TRAD.CO.LTD.,MICRON,PO for GALA BRONZ GLOBE #150 NPT(6352) 1-1/4 inch MADE IN USA,Various,Various,63.6,USD,2023,8,1005,RFPO-1005-V7094,Base PO
RFPO-1005-M7075-1,09 Aug 2023,"PO for SIEMENS Bronze 3-Way Valve, External Thread, PN16 Size DN32, Model VXG44.32-16",EMAAR POLE COMPANY,MICRON,"PO for SIEMENS Bronze 3-Way Valve, External Thread, PN16 Size DN32, Model VXG44.32-16",Mechanical,Mechanical,316.11,USD,2023,8,1005,RFPO-1005-M7075,Base PO
RFPO-1005-M7073-1,08 Aug 2023,PO for (JF-500-T-12)Vimco Stainless steel Expansion Joints (BSPT Threaded Connection) 1-1/4 inch,ALI MANEA ALYAMI TRADING EST.,MICRON,PO for (JF-500-T-12)Vimco Stainless steel Expansion Joints (BSPT Threaded Connection) 1-1/4 inch,Mechanical,Mechanical,122.67,USD,2023,8,1005,RFPO-1005-M7073,Base PO
RFPO-1005-M7074-1,08 Aug 2023,"PO for Balancing valve 32mm , bronze body , PTFE , PA Plastic Handwheel , Threaded to BS21 , PN25 , BS7350 , Brand : Watts",Joint Gulf Business Establishment,MICRON,"PO for Balancing valve 32mm , bronze body , PTFE , PA Plastic Handwheel , Threaded to BS21 , PN25 , BS7350 , Brand : Watts",Mechanical,Mechanical,182.13,USD,2023,8,1005,RFPO-1005-M7074,Base PO
RFPO-1005-V7095-1,08 Aug 2023,PO for EPOXY COATED REBAR 12 MM X 12000 MM,AL-FAISAL STEEL PRODUCTS CO.,MICRON,PO for EPOXY COATED REBAR 12 MM X 12000 MM,Various,Various,5486.67,USD,2023,8,1005,RFPO-1005-V7095,Base PO
RFPO-5532-E6800-1,08 Aug 2023,PO for Backflow Meter & Water meter,TIC LIGHT ELECTRICAL CORP,MACRO,PO for Backflow Meter & Water meter,Electrical,Electrical,2022.44,USD,2023,8,5532,RFPO-5532-E6800,Base PO
RFPO-1005-V7091A-1,07 Aug 2023,PO for SUPPLY AND DELIVERY OF RIPRAP MATERIAL,Gulf Inshaa General Contracting Est,MICRON,PO for SUPPLY AND DELIVERY OF RIPRAP MATERIAL,Various,Various,15248.0,USD,2023,8,1005,RFPO-1005-V7091A,Base PO
RFPO-1005-V7093-1,07 Aug 2023,PO for Stainless Steel Ladder (Without Cage) Material: SS 316  Stringer: 60 x 6 mm Thk  Internal Width: 600 mm  Rung Size: 16 mm Dia Rod  Rung Spacing: 280 mm c/c  Brackets: 100 x 50 x 10 mm Thk,OMAN GRATING COMPANY,MICRON,PO for Stainless Steel Ladder (Without Cage) Material: SS 316  Stringer: 60 x 6 mm Thk  Internal Width: 600 mm  Rung Size: 16 mm Dia Rod  Rung Spacing: 280 mm c/c  Brackets: 100 x 50 x 10 mm Thk,Various,Various,5745.33,USD,2023,8,1005,RFPO-1005-V7093,Base PO
RFPO-1005-V7086-1,07 Aug 2023,PO for Expansion joints aluminum cover wall to corner type LGC 250/100,Arab Specialized Company For Industry,MICRON,PO for Expansion joints aluminum cover wall to corner type LGC 250/100,Various,Various,453.33,USD,2023,8,1005,RFPO-1005-V7086,Base PO
RFPO-1005-V7090-1,07 Aug 2023,"PO for CEMTEC SILHARD Hardening, Sealing &amp; Dustproofing Compound PACKING : 20 LITER PAIL , COLOR - CLEAR",Construction Material Chemical Industries,MICRON,"PO for CEMTEC SILHARD Hardening, Sealing &amp; Dustproofing Compound PACKING : 20 LITER PAIL , COLOR - CLEAR",Various,Various,322.67,USD,2023,8,1005,RFPO-1005-V7090,Base PO
RFPO-5683-A5201-1,07 Aug 2023,"PO for Overhead Coiling Doors. 120V/1Phase/60Hz. 90minutes fire rated. Complete with accessories and features complying to attached approved Submittal, Shop drawings, Specifications, wiring connection",TECHTRADE SAL(OFFSHORE),MACRO,"PO for Overhead Coiling Doors. 120V/1Phase/60Hz. 90minutes fire rated. Complete with accessories and features complying to attached approved Submittal, Shop drawings, Specifications, wiring connection",Architectural,Architectural,19741.0,USD,2023,8,5683,RFPO-5683-A5201,Base PO
RFPO-5684-V40001-1,03 Aug 2023,PO for Flush Access Door,"Acudor Products, Inc.",MACRO,PO for Flush Access Door,Various,Various,345.7,USD,2023,8,5684,RFPO-5684-V40001,Base PO
RFPO-1005-V7089-1,03 Aug 2023,PO for 05TC030,KHEREIJI SHOWROOMS COMPANY,MICRON,PO for 05TC030,Various,Various,19591.55,USD,2023,8,1005,RFPO-1005-V7089,Base PO
RFPO-1005-V7088-1,03 Aug 2023,"PO for Make- HOFFMAN Junction Box, Type 4 Hinged Cover 16.00x14.00x6.00 Steel Gray PN: A1614CHNF",GULF SUPPORT SYSTEM TRADING Co.,MICRON,"PO for Make- HOFFMAN Junction Box, Type 4 Hinged Cover 16.00x14.00x6.00 Steel Gray PN: A1614CHNF",Various,Various,12589.31,USD,2023,8,1005,RFPO-1005-V7088,Base PO
RFPO-1005-V7087-1,03 Aug 2023,PO for SC669 - Sonata C+ SQ 600x600x19mm,USG Middle East,MICRON,PO for SC669 - Sonata C+ SQ 600x600x19mm,Various,Various,11807.74,USD,2023,8,1005,RFPO-1005-V7087,Base PO
RFPO-1192-R1509-1,03 Aug 2023,PO for NISSSAN SUNNY 1.5L 2023YM,CLASS WORLDWIDE CAR RENTAL LLC,FIRESTOP,PO for NISSSAN SUNNY 1.5L 2023YM,Rental,Rental,1824.37,USD,2023,8,1192,RFPO-1192-R1509,Base PO
RFPO-5829-R1501-1,02 Aug 2023,PO for Sharp BP-20C20T - A3/A4 Color MFP (20 PPM),NEW SMART OFFICE AUTOMATION LLC,FIRESTOP,PO for Sharp BP-20C20T - A3/A4 Color MFP (20 PPM),Rental,Rental,1880.19,USD,2023,8,5829,RFPO-5829-R1501,Base PO
RFPO-1192-S9101-1,02 Aug 2023,PO for Hikvision 2mp Wdr Dome Full Time Colorvu Bullet cam,NIAZI COMMUNICATION AND TECHNICAL SYSTEMS,MACRO,PO for Hikvision 2mp Wdr Dome Full Time Colorvu Bullet cam,Services,Services,865.9,USD,2023,8,1192,RFPO-1192-S9101,Base PO
RFPO-5213-V40016-1,02 Aug 2023,PO for DOOR NUMBER D100A,NATIONAL FIRE FIGHTING MANUFACTURING FZCO,MACRO,PO for DOOR NUMBER D100A,Various,Various,4725.0,USD,2023,8,5213,RFPO-5213-V40016,Base PO
RFPO-1005-M7072-1,01 Aug 2023,"PO for [PFP514C-SE] [PFP514] Pressure Gauge, 4.5 inch (115 mm) dial, ASME B40.100 compliant, AISI 304 SS case, Dual Scale of psi/kPa, Glycerin filled, 1/4 inch NPT Bottom connection, Brass wetted part",ALI MANEA ALYAMI TRADING EST.,MICRON,"PO for [PFP514C-SE] [PFP514] Pressure Gauge, 4.5 inch (115 mm) dial, ASME B40.100 compliant, AISI 304 SS case, Dual Scale of psi/kPa, Glycerin filled, 1/4 inch NPT Bottom connection, Brass wetted part",Mechanical,Mechanical,515.85,USD,2023,8,1005,RFPO-1005-M7072,Base PO
RFPO-1005-E7063-1,01 Aug 2023,"PO for SUPPLY, DELIVERY, TESTING AND COMMISSIONING OF 40KVA UPS",International Business Resources Co.,MICRON,"PO for SUPPLY, DELIVERY, TESTING AND COMMISSIONING OF 40KVA UPS",Electrical,Electrical,25066.67,USD,2023,8,1005,RFPO-1005-E7063,Base PO
RFPO-1005-V7078-2,31 Jul 2023,PVC AND CONDENSATE PIPES,SAPPCO Dammam Factory,MICRON,PVC AND CONDENSATE PIPES,Various,Various,4911.72,USD,2023,7,1005,RFPO-1005-V7078,Change Order
RFPO-1005-V7082-1,28 Jul 2023,"PO for (2 NOS) CUBICLE TRACK - 6062 Anodized Cubicle Track Surface Mounted Flat-Grid ceiling with accessories, (96 LF) with QS for 118 inch CH as applicable. (6 NOS) CUBICLE CURTAINS - Traditional Cur",Construction Specialties (Gulf) Trading Est.,MICRON,"PO for (2 NOS) CUBICLE TRACK - 6062 Anodized Cubicle Track Surface Mounted Flat-Grid ceiling with accessories, (96 LF) with QS for 118 inch CH as applicable. (6 NOS) CUBICLE CURTAINS - Traditional Cur",Various,Various,7167.24,USD,2023,7,1005,RFPO-1005-V7082,Base PO
RFPO-1005-V7085-1,28 Jul 2023,PO for FLEXIVA Flexible Duct and Connector,IŞIL MÜHENDİSLİK MAKİNA VE İNŞAAT SAN. TİC. A.Ş.,MICRON,PO for FLEXIVA Flexible Duct and Connector,Various,Various,1821.82,USD,2023,7,1005,RFPO-1005-V7085,Base PO
RFPO-1005-V7081-1,27 Jul 2023,PO for Long span Racking System(S4),Arcoma Storage & Handling Solution,MICRON,PO for Long span Racking System(S4),Various,Various,10000.0,USD,2023,7,1005,RFPO-1005-V7081,Base PO
RFPO-1005-V7083-1,27 Jul 2023,"PO for Mada Plus Fire & Moisture Resistant Plasterboard, 12.50mm Thick",Fekratek Al Raedah Co.,MICRON,"PO for Mada Plus Fire & Moisture Resistant Plasterboard, 12.50mm Thick",Various,Various,2462.25,USD,2023,7,1005,RFPO-1005-V7083,Base PO
RFPO-1192-V4455-1,26 Jul 2023,PO for MX61FT BLACK TONER CART,Printek  SUPPLIES L.L.C,FIRESTOP,PO for MX61FT BLACK TONER CART,Various,Various,363.51,USD,2023,7,1192,RFPO-1192-V4455,Base PO
RFPO-5829-V4354-1,26 Jul 2023,PO for A3SIZE PAPER 80 GSM  AA BRAND 80 GSM,GRAND STATIONERY CO LLC,MACRO,PO for A3SIZE PAPER 80 GSM  AA BRAND 80 GSM,Various,Various,368.89,USD,2023,7,5829,RFPO-5829-V4354,Base PO
RFPO-1005-V7084-1,26 Jul 2023,PO for GALA BRONZ GATE NRS #150 NPT(3152) 1-1/4 inch MADE IN USA,SALEH ZAID ALQURAISHI & PARTNERS TRAD.CO.LTD.,MICRON,PO for GALA BRONZ GATE NRS #150 NPT(3152) 1-1/4 inch MADE IN USA,Various,Various,284.11,USD,2023,7,1005,RFPO-1005-V7084,Base PO
RFPO-5213-V40014-1,26 Jul 2023,PO for THIRD PARTY INSPECTION OF (29 NOS) STEEL DOORS,TUV SUD MIDDLE EAST LLC,MACRO,PO for THIRD PARTY INSPECTION OF (29 NOS) STEEL DOORS,Various,Various,272.29,USD,2023,7,5213,RFPO-5213-V40014,Base PO
RFPO-5213-V40015-1,26 Jul 2023,PO for KEY CABINET WITH LOCK CODE,Universal Door Products,MACRO,PO for KEY CABINET WITH LOCK CODE,Various,Various,86.04,USD,2023,7,5213,RFPO-5213-V40015,Base PO
RFPO-1192-V4454-1,25 Jul 2023,PO for A3 SIZE PAPER 80 GSM  AA BRAND 80 GSM,GRAND STATIONERY CO LLC,FIRESTOP,PO for A3 SIZE PAPER 80 GSM  AA BRAND 80 GSM,Various,Various,115.32,USD,2023,7,1192,RFPO-1192-V4454,Base PO
RFPO-1005-E7060A-1,24 Jul 2023,PO for Item - 102113,electric house,MICRON,PO for Item - 102113,Electrical,Electrical,55650.96,USD,2023,7,1005,RFPO-1005-E7060A,Base PO
RFPO-1005-M7071-1,24 Jul 2023,PO for SAPTEX Rigid closed cell Extruded Polystyrene ( Roof Guard) Thermal Insulation Boards with nominally 32-35 kg per m3 density,SAPTEX Insulation Products Factory,MICRON,PO for SAPTEX Rigid closed cell Extruded Polystyrene ( Roof Guard) Thermal Insulation Boards with nominally 32-35 kg per m3 density,Mechanical,Mechanical,28000.0,USD,2023,7,1005,RFPO-1005-M7071,Base PO
RFPO-1005-V7080-1,20 Jul 2023,PO for LVPA1 ELECTRICAL PANEL,Electrical A. Modern Factory Co.,MICRON,PO for LVPA1 ELECTRICAL PANEL,Various,Various,1720.53,USD,2023,7,1005,RFPO-1005-V7080,Base PO
RFPO-5695-V40000-1,19 Jul 2023,PO for Mooring Bollards and Hardware,"MARINE STRUCTURES, LLC",MACRO,PO for Mooring Bollards and Hardware,Various,Various,95960.0,USD,2023,7,5695,RFPO-5695-V40000,Base PO
RFPO-1192-S9077-1,18 Jul 2023,PO for JAC S3 2023 Model,SEL Car Rental LLC,FIRESTOP,PO for JAC S3 2023 Model,Services,Services,544.59,USD,2023,7,1192,RFPO-1192-S9077,Base PO
RFPO-5532-V40013-1,18 Jul 2023,PO for C-G2130-1,DUTEST INDUSTRIAL EST,MACRO,PO for C-G2130-1,Various,Various,324.51,USD,2023,7,5532,RFPO-5532-V40013,Base PO
RFPO-1005-V7079-1,18 Jul 2023,"PO for A25 ALI ANGLE POLISHED 2.715M , A25P-2715",AAMTAC COMPANY LTD,MICRON,"PO for A25 ALI ANGLE POLISHED 2.715M , A25P-2715",Various,Various,1676.27,USD,2023,7,1005,RFPO-1005-V7079,Base PO
RFPO-1005-V7078-1,18 Jul 2023,PO for PVC PIPE 1 INCH. SCH 40,SAPPCO Dammam Factory,MICRON,PO for PVC PIPE 1 INCH. SCH 40,Various,Various,4245.05,USD,2023,7,1005,RFPO-1005-V7078,Base PO
RFPO-5532-V40012-1,14 Jul 2023,"PO for Spill Berm Black 14 Feet x 54 Feet  x 1 Feet  (4.3x16.5x0.3) Mtrs Collapsible WALL,750g PVC L Bracket Type Tarpaulin Colour - Black",Al Dolphin TR L.L.C,MACRO,"PO for Spill Berm Black 14 Feet x 54 Feet  x 1 Feet  (4.3x16.5x0.3) Mtrs Collapsible WALL,750g PVC L Bracket Type Tarpaulin Colour - Black",Various,Various,2844.79,USD,2023,7,5532,RFPO-5532-V40012,Base PO
RFPO-1005-E7061-1,14 Jul 2023,PO for 93-AS 620-3ME,ORYX TECHNOLOGIES,MICRON,PO for 93-AS 620-3ME,Electrical,Electrical,3128.0,USD,2023,7,1005,RFPO-1005-E7061,Base PO
RFPO-1005-S9071-1,13 Jul 2023,PO for (40 SETS) INJECTABLE MORTAR HIT-RE 500 V4/500. (15 PIECES) ANCHOR ROD HAS-U 5.8 M20X240 ZINC PLATED.,K.A. Khonaini & Partner Cont. Co. LTD,MACRO,PO for (40 SETS) INJECTABLE MORTAR HIT-RE 500 V4/500. (15 PIECES) ANCHOR ROD HAS-U 5.8 M20X240 ZINC PLATED.,Services,Services,3149.87,USD,2023,7,1005,RFPO-1005-S9071,Base PO
RFPO-1005-C6055-1,12 Jul 2023,PO for VETOTOUCH MONOCOUCH#[52] (50KG),Saudi Vetonit Co. Ltd. (SAVETO),MICRON,PO for VETOTOUCH MONOCOUCH#[52] (50KG),Chemicals,Chemicals,14302.67,USD,2023,7,1005,RFPO-1005-C6055,Base PO
RFPO-5532-M4003-1,12 Jul 2023,PO for HELI 8.5ton diesel  forklift CPCD85,Evangel International Machinery Ltd.,MVL Nepal,PO for HELI 8.5ton diesel  forklift CPCD85,Mechanical,Mechanical,32100.0,USD,2023,7,5532,RFPO-5532-M4003,Base PO
RFPO-5532-V40011A-1,12 Jul 2023,PO for Additional Plumbing Materials,OBAID MASOOD BUILDING MATERIALS TRADING (L.L.C),MVL USA JV LLC,PO for Additional Plumbing Materials,Various,Various,1495.73,USD,2023,7,5532,RFPO-5532-V40011A,Base PO
RFPO-5532-V4360-1,11 Jul 2023,PO for Customized Black Short Sleeve Polo Shirt Drifit with 1 position logo embroidery on front left chest (MVL Broomgrove) logo,The Uniform World Tailoring and Textiles LLC,FIRESTOP,PO for Customized Black Short Sleeve Polo Shirt Drifit with 1 position logo embroidery on front left chest (MVL Broomgrove) logo,Various,Various,446.02,USD,2023,7,5532,RFPO-5532-V4360,Base PO
RFPO-1192-S9076-1,11 Jul 2023,PO for MVL Firestop Car Rental - Aiswarya Ann Thomas - Nissan Sunny 2018/2019 Model,SEL Car Rental LLC,FIRESTOP,PO for MVL Firestop Car Rental - Aiswarya Ann Thomas - Nissan Sunny 2018/2019 Model,Services,Services,381.21,USD,2023,7,1192,RFPO-1192-S9076,Base PO
RFPO-1192-V4331-1,11 Jul 2023,PO for SLAB WITHOUT FACING (SXXX)-,FUJAIRAH ROCKWOOL FACTORY,FIRESTOP,PO for SLAB WITHOUT FACING (SXXX)-,Various,Various,3416.2,USD,2023,7,1192,RFPO-1192-V4331,Base PO
RFPO-1005-M7069-1,11 Jul 2023,"PO for VIR Brass Drain Valve, With Hose Union, PTFE Seats, PN25 Model 322 Size DN20, Code: F242X0020.2877",EMAAR POLE COMPANY,MICRON,"PO for VIR Brass Drain Valve, With Hose Union, PTFE Seats, PN25 Model 322 Size DN20, Code: F242X0020.2877",Mechanical,Mechanical,36.98,USD,2023,7,1005,RFPO-1005-M7069,Base PO
RFPO-1005-M7070-1,11 Jul 2023,"PO for Size 1 1/4 inch - 32 mm SMC HYDRUS ULTRASONIC WATER METER ,DN DN 32 Q3 10.0 , G3/2B 260mm BODY LENGTH incl ,8 DIGITS LCD DISPLAY ,OMS over Radio 434 Mhz, IP 68 PROTECTION , BATTERY OPERATED FOR",Saudi Meters Company,MICRON,"PO for Size 1 1/4 inch - 32 mm SMC HYDRUS ULTRASONIC WATER METER ,DN DN 32 Q3 10.0 , G3/2B 260mm BODY LENGTH incl ,8 DIGITS LCD DISPLAY ,OMS over Radio 434 Mhz, IP 68 PROTECTION , BATTERY OPERATED FOR",Mechanical,Mechanical,293.33,USD,2023,7,1005,RFPO-1005-M7070,Base PO
RFPO-5213-V40013-1,11 Jul 2023,PO for THIRD PARTY INSPECTION OF COMPACT SUBSTATION,TUV SUD MIDDLE EAST LLC,MACRO,PO for THIRD PARTY INSPECTION OF COMPACT SUBSTATION,Various,Various,371.0,USD,2023,7,5213,RFPO-5213-V40013,Base PO
RFPO-1192-V4330-1,10 Jul 2023,PO for Weatherproof silicone NWS-2000,"SHANDONG FEIDU ADHESIVE TECHNOLOGY SHARES CO.,LTD",MVL Nepal,PO for Weatherproof silicone NWS-2000,Various,Various,6436.8,USD,2023,7,1192,RFPO-1192-V4330,Base PO
RFPO-5829-V4353-1,07 Jul 2023,PO for ACI Concrete Field Testing Technician Grade 1- training & certification,BUILDACT FZ LLC,MACRO,PO for ACI Concrete Field Testing Technician Grade 1- training & certification,Various,Various,6344.45,USD,2023,7,5829,RFPO-5829-V4353,Base PO
RFPO-5532-V40010-1,07 Jul 2023,PO for EMIRATES STEEL REBAR EPOXY COATED 10mm by 6 meters lenght,RAK Middle East Traders LLC,MACRO,PO for EMIRATES STEEL REBAR EPOXY COATED 10mm by 6 meters lenght,Various,Various,1141.32,USD,2023,7,5532,RFPO-5532-V40010,Base PO
RFPO-1005-V7075-1,07 Jul 2023,PO for GALA BRONZ BALL VLV #150 NPT(1251) 1-1/4 inch MADE IN USA,SALEH ZAID ALQURAISHI & PARTNERS TRAD.CO.LTD.,MICRON,PO for GALA BRONZ BALL VLV #150 NPT(1251) 1-1/4 inch MADE IN USA,Various,Various,707.08,USD,2023,7,1005,RFPO-1005-V7075,Base PO
RFPO-5532-V40009A-1,07 Jul 2023,PO for Plumbing Materials for LSA Man Camp,MISAR TRADING CO. ( L L C),MVL USA JV LLC,PO for Plumbing Materials for LSA Man Camp,Various,Various,6612.9,USD,2023,7,5532,RFPO-5532-V40009A,Base PO
RFPO-1005-V7077-1,06 Jul 2023,PO for Armaflex Tube Ins.AC Size: 25mm thk. x 12mmDia 2mtrs./pc,Mariam Trading Company & Partner,MICRON,PO for Armaflex Tube Ins.AC Size: 25mm thk. x 12mmDia 2mtrs./pc,Various,Various,2911.47,USD,2023,7,1005,RFPO-1005-V7077,Base PO
RFPO-5532-V4359-1,05 Jul 2023,PO for Brand SAFETOE Model Best Cat Manufacturer   PPE ONLINE,PPE SAFETY PRODUCTS TRADING LLC,MVL Nepal,PO for Brand SAFETOE Model Best Cat Manufacturer   PPE ONLINE,Various,Various,77.6,USD,2023,7,5532,RFPO-5532-V4359,Base PO
RFPO-1005-V7076-1,05 Jul 2023,"PO for CAT6, 4P, 24AWG, PO/PVC, UNSHIELDED, BLUE COLOR",Extol International Trading LLC,MICRON,"PO for CAT6, 4P, 24AWG, PO/PVC, UNSHIELDED, BLUE COLOR",Various,Various,16010.89,USD,2023,7,1005,RFPO-1005-V7076,Base PO
RFPO-1005-M7067-1,05 Jul 2023,PO for 32mm dia pressure reducing valve,Joint Gulf Business Establishment,MICRON,PO for 32mm dia pressure reducing valve,Mechanical,Mechanical,566.67,USD,2023,7,1005,RFPO-1005-M7067,Base PO
RFPO-1005-M7068-1,05 Jul 2023,PO for Trerice Thermometer,ASEM FOR ELECTRO MECHANICAL SERVICES TRADING COMPANY,MICRON,PO for Trerice Thermometer,Mechanical,Mechanical,118.93,USD,2023,7,1005,RFPO-1005-M7068,Base PO
RFPO-1005-V7074-1,04 Jul 2023,PO for Basket Model BT 150 (300 x 150 ),ISAM KABBANI & PARTNERS FOR BUILDING & CONSTRUCTION MATERIALS,MICRON,PO for Basket Model BT 150 (300 x 150 ),Various,Various,3443.37,USD,2023,7,1005,RFPO-1005-V7074,Base PO
RFPO-4814-V40008-1,04 Jul 2023,PO for THIRD PARTY INSPECTION OF BLAST RATED AND NO BLAST RATED ALUMINUM DOORS,TUV SUD MIDDLE EAST LLC,MACRO,PO for THIRD PARTY INSPECTION OF BLAST RATED AND NO BLAST RATED ALUMINUM DOORS,Various,Various,272.29,USD,2023,7,4814,RFPO-4814-V40008,Base PO
RFPO-5532-V40008-1,03 Jul 2023,PO for 10mm X 6 meter,CICON BUILDING MATERIALS,MACRO,PO for 10mm X 6 meter,Various,Various,1151.25,USD,2023,7,5532,RFPO-5532-V40008,Base PO
RFPO-5532-V40007-1,03 Jul 2023,PO for EF Tapping Tee Saddle 200x63mm,TITANIUM BUILDING AND CONSTRUCTION MATERIALS TRAADING,MVL Greece,PO for EF Tapping Tee Saddle 200x63mm,Various,Various,2947.58,USD,2023,7,5532,RFPO-5532-V40007,Base PO
RFPO-4814-V40007-1,26 Jun 2023,PO for Supply Delivery of Heavy Duty Racking with Wire Mesh Decking,FTC Qatar W.L. L,MVL Greece,PO for Supply Delivery of Heavy Duty Racking with Wire Mesh Decking,Various,Various,45054.95,USD,2023,6,4814,RFPO-4814-V40007,Base PO
RFPO-1005-V7072-2,22 Jun 2023,"PO for Mada Plus Fire Resistant Plasterboard, 16mm Thick",Fekratek Al Raedah Co.,MICRON,"PO for Mada Plus Fire Resistant Plasterboard, 16mm Thick",Various,Various,11705.7,USD,2023,6,1005,RFPO-1005-V7072,Change Order
RFPO-5532-V40006-1,21 Jun 2023,PO for GI UNISTRUT CLAMP 2 INCH,Arabian International Industries LLC,MACRO,PO for GI UNISTRUT CLAMP 2 INCH,Various,Various,412.53,USD,2023,6,5532,RFPO-5532-V40006,Base PO
RFPO-1005-V7072-1,20 Jun 2023,"PO for Mada Plus Fire Resistant Plasterboard, 16mm Thick",Fekratek Al Raedah Co.,MICRON,"PO for Mada Plus Fire Resistant Plasterboard, 16mm Thick",Various,Various,11276.55,USD,2023,6,1005,RFPO-1005-V7072,Base PO
RFPO-5532-V40004-1,19 Jun 2023,PO for EXHAUST FAN,"ShanDong JinDun Energy Conservation&Environmental Protection Equipment Co., Ltd.",MACRO,PO for EXHAUST FAN,Various,Various,2236.0,USD,2023,6,5532,RFPO-5532-V40004,Base PO
RFPO-5532-T1002-1,19 Jun 2023,PO for Additional items for Manual Total Station,GECO ENGINEERING EQUIPMENTS TRADING L.L.C,MACRO,PO for Additional items for Manual Total Station,Tools,Tools,614.7,USD,2023,6,5532,RFPO-5532-T1002,Base PO
RFPO-5684-S9032-1,16 Jun 2023,PO for Acoustical Tiles,Westside Building Material,MVL SOLUTIONS,PO for Acoustical Tiles,Services,Services,2262.534,USD,2023,6,5684,RFPO-5684-S9032,Base PO
RFPO-4814-V40006-1,15 Jun 2023,PO for THIRD PARTY INSPECTION OF BLAST RATED ALMINUM WINDOWS,TUV SUD MIDDLE EAST LLC,MACRO,PO for THIRD PARTY INSPECTION OF BLAST RATED ALMINUM WINDOWS,Various,Various,272.29,USD,2023,6,4814,RFPO-4814-V40006,Base PO
PO-1005-V7058-1,15 Jun 2023,PO for COMPRESSED AIR PIPE FITTINGS,TIC LIGHT ELECTRICAL CORP,MVL VENTURES,PO for COMPRESSED AIR PIPE FITTINGS,Various,Various,2336.91,USD,2023,6,1005,PO-1005-V7058,Base PO
RFPO-5581-V40004B-1,15 Jun 2023,PO for Solmax HDPE Membrane 2.0mm Black Smooth; manufactured in compliance with project specifications and enclosed Technical Data Sheet.,Arabian Environmental Construction Company (AEC),MVL USA JV LLC,PO for Solmax HDPE Membrane 2.0mm Black Smooth; manufactured in compliance with project specifications and enclosed Technical Data Sheet.,Various,Various,89324.0,USD,2023,6,5581,RFPO-5581-V40004B,Base PO
RFPO-1005-M7066-1,15 Jun 2023,PO for AIR COOLED CHILLERS. REF. CH-A-1. MODEL: RWC 55. CAL. CAP (KW): 14.6,Khaled Asaad Jamjoom Contracting Establishment,MICRON,PO for AIR COOLED CHILLERS. REF. CH-A-1. MODEL: RWC 55. CAL. CAP (KW): 14.6,Mechanical,Mechanical,124193.33,USD,2023,6,1005,RFPO-1005-M7066,Base PO
RFPO-1005-E7058-1,14 Jun 2023,PO for CAT 6 Cable,ALC ADVANCED LIGHTING COMPANY,MICRON,PO for CAT 6 Cable,Electrical,Electrical,3632.0,USD,2023,6,1005,RFPO-1005-E7058,Base PO
RFPO-4814-V40004-2,14 Jun 2023,PO for THIRD PARTY INSPECTION OF STEEL DOORS,TUV SUD MIDDLE EAST LLC,MACRO,PO for THIRD PARTY INSPECTION OF STEEL DOORS,Various,Various,571.82,USD,2023,6,4814,RFPO-4814-V40004,Change Order
RFPO-5193-V40004-1,14 Jun 2023,PO for THIRD PARTY INSPECTION OF STEEL WINDOWS,TUV SUD MIDDLE EAST LLC,MACRO,PO for THIRD PARTY INSPECTION OF STEEL WINDOWS,Various,Various,231.45,USD,2023,6,5193,RFPO-5193-V40004,Base PO
RFPO-1569-O47A-1,12 Jun 2023,PO for DNV Techno Commercial Proposal for PO for MVL COMPLIANCE WITH NIST SP 800-171 REQUIREMENTS,DNV BUSINESS ASSURANCE Group AS Dubai Branch,MACRO,PO for DNV Techno Commercial Proposal for PO for MVL COMPLIANCE WITH NIST SP 800-171 REQUIREMENTS,Office Assets,Office Assets,14567.73,USD,2023,6,1569,RFPO-1569-O47A,Base PO
RFPO-1005-M7064-2,12 Jun 2023,"PO for AUTOMATIC SMOKE DAMPERS, BALANCING DAMPERS, DUCT ACCESS DOORS",Joint Gulf Business Establishment,MICRON,"PO for AUTOMATIC SMOKE DAMPERS, BALANCING DAMPERS, DUCT ACCESS DOORS",Mechanical,Mechanical,9236.27,USD,2023,6,1005,RFPO-1005-M7064,Change Order
RFPO-1569-O47-1,09 Jun 2023,PO for DNV Techno Commercial Proposal for SIRI assessment,DNV BUSINESS ASSURANCE Group AS Dubai Branch,MACRO,PO for DNV Techno Commercial Proposal for SIRI assessment,Office Assets,Office Assets,14567.73,USD,2023,6,1569,RFPO-1569-O47,Base PO
RFPO-1192-O7-1,09 Jun 2023,PO for ZOHO Books PREMIUM,Supertron Infotech Trading LLC,MACRO,PO for ZOHO Books PREMIUM,Office Assets,Office Assets,3103.06,USD,2023,6,1192,RFPO-1192-O7,Base PO
RFPO-5193-A5204-1,08 Jun 2023,"PO for DOORS & FRAMES, VISION PANEL WITH GLASS, AND DOOR HARDWARES",ARCHITECTURAL METAL DOORS FZC,MICRON,"PO for DOORS & FRAMES, VISION PANEL WITH GLASS, AND DOOR HARDWARES",Architectural,Architectural,46567.06,USD,2023,6,5193,RFPO-5193-A5204,Base PO
RFPO-5829-V40001-1,08 Jun 2023,PO for SOLAR LAMP CONE BASE ORANGE BIG,BERRY TRADING LLC,MACRO,PO for SOLAR LAMP CONE BASE ORANGE BIG,Various,Various,217.84,USD,2023,6,5829,RFPO-5829-V40001,Base PO
RFPO-5829-V40002-1,08 Jun 2023,PO for USED PLASTIC ROAD BARRIERS SIZE 2 METER,ROCKLAND TRADING COMPANY FZ LLE,MACRO,PO for USED PLASTIC ROAD BARRIERS SIZE 2 METER,Various,Various,2134.79,USD,2023,6,5829,RFPO-5829-V40002,Base PO
RFPO-5683-V40007-1,07 Jun 2023,PO for Paints / Coatings,The Sherwin-Williams Company,MVL Greece,PO for Paints / Coatings,Various,Various,13134.16,USD,2023,6,5683,RFPO-5683-V40007,Base PO
RFPO-5581-V40003-1,07 Jun 2023,PO for Paints / Coatings,The Sherwin-Williams Company,MACRO,PO for Paints / Coatings,Various,Various,8807.45,USD,2023,6,5581,RFPO-5581-V40003,Base PO
RFPO-1005-E7056-1,06 Jun 2023,PO for KSA 126 - Water Service Line Appurtenances - VALVES,TIC LIGHT ELECTRICAL CORP,MICRON,PO for KSA 126 - Water Service Line Appurtenances - VALVES,Electrical,Electrical,1513.35,USD,2023,6,1005,RFPO-1005-E7056,Base PO
RFPO-5657-V40006-1,06 Jun 2023,PO for Pipes & Hardware,APP Manufacturing,MACRO,PO for Pipes & Hardware,Various,Various,47572.21,USD,2023,6,5657,RFPO-5657-V40006,Base PO
RFPO-1005-V7059-1,06 Jun 2023,"PO for Supply & Delivery to site of Kingspan TATE Raised Access Flooring system consisting of TATE Concore IHCSF2500 (Panel Size 60X60CM), factory laminated 2.0mm thick PVC Laminate Complete with Type",Modernity Technology for Information Technology (Est.),MICRON,"PO for Supply & Delivery to site of Kingspan TATE Raised Access Flooring system consisting of TATE Concore IHCSF2500 (Panel Size 60X60CM), factory laminated 2.0mm thick PVC Laminate Complete with Type",Various,Various,70238.67,USD,2023,6,1005,RFPO-1005-V7059,Base PO
RFPO-5532-T1001-1,05 Jun 2023,PO for Manual Total Station,GECO ENGINEERING EQUIPMENTS TRADING L.L.C,MACRO,PO for Manual Total Station,Tools,Tools,10778.76,USD,2023,6,5532,RFPO-5532-T1001,Base PO
RFPO-5829-V40000A-1,02 Jun 2023,PO for Stop + FOD Check Point Signage,Super Sign LLC,MACRO,PO for Stop + FOD Check Point Signage,Various,Various,367.6,USD,2023,6,5829,RFPO-5829-V40000A,Base PO
RFPO-5532-V40003-1,02 Jun 2023,PO for Pre-Shipment Inspection,V-Trust Inspection Service Co. Ltd.,MACRO,PO for Pre-Shipment Inspection,Various,Various,268.0,USD,2023,6,5532,RFPO-5532-V40003,Base PO
RFPO-5683-V40006-1,02 Jun 2023,PO for Range Hoods,"Scott & From Co., Inc.",MACRO,PO for Range Hoods,Various,Various,1406.0,USD,2023,6,5683,RFPO-5683-V40006,Base PO
RFPO-1192-V4453-1,01 Jun 2023,PO for A4 SIZE PAPER 80GSM  AA  BRAND,GRAND STATIONERY CO LLC,FIRESTOP,PO for A4 SIZE PAPER 80GSM  AA  BRAND,Various,Various,122.53,USD,2023,6,1192,RFPO-1192-V4453,Base PO
RFPO-5829-V40000-1,01 Jun 2023,PO for Stop + FOD Check Point Signage,Super Sign LLC,MACRO,PO for Stop + FOD Check Point Signage,Various,Various,340.37,USD,2023,6,5829,RFPO-5829-V40000,Base PO
RFPO-1005-E7055-1,31 May 2023,PO for Plumbing Sanitary Fixtures,TIC LIGHT ELECTRICAL CORP,MICRON,PO for Plumbing Sanitary Fixtures,Electrical,Electrical,4964.22,USD,2023,5,1005,RFPO-1005-E7055,Base PO
RFPO-4814-V40005-1,31 May 2023,PO for THIRD PARTY INSPECTION OF WOOD DOORS,TUV SUD MIDDLE EAST LLC,MVL Greece,PO for THIRD PARTY INSPECTION OF WOOD DOORS,Various,Various,299.52,USD,2023,5,4814,RFPO-4814-V40005,Base PO
Fresh PO-348,31 May 2023,PORCELAIN TILES ACCESSORIES,ARAK INTERNATIONAL TRADING CO. LTD.,Unknown,PORCELAIN TILES ACCESSORIES,Various,Various,2229.07,USD,2023,5,348,Fresh PO-348,Base PO
RFPO-5655-V40004-1,31 May 2023,PO for Mechanical Items,APP Manufacturing,MACRO,PO for Mechanical Items,Various,Various,21669.88,USD,2023,5,5655,RFPO-5655-V40004,Base PO
RFPO-1005-V7068-1,29 May 2023,PO for FX Outdoor Heavy Duty Loose Tube OS2 24 Fibers OSP Corrugated  Steel Tape Armor Sub-Units(12F) Gel Black Jacket .  ( Minimum Order  Qty will be 500 Mtrs),SINMAR COMPANY LIMITED.,MICRON,PO for FX Outdoor Heavy Duty Loose Tube OS2 24 Fibers OSP Corrugated  Steel Tape Armor Sub-Units(12F) Gel Black Jacket .  ( Minimum Order  Qty will be 500 Mtrs),Various,Various,8462.67,USD,2023,5,1005,RFPO-1005-V7068,Base PO
RFPO-5213-V40012-1,26 May 2023,"PO for STEEL DOORS, FRAMES, GLAZING AND DOOR HARDWARE",NATIONAL FIRE FIGHTING MANUFACTURING FZCO,MACRO,"PO for STEEL DOORS, FRAMES, GLAZING AND DOOR HARDWARE",Various,Various,24940.96,USD,2023,5,5213,RFPO-5213-V40012,Base PO
RFPO-1569-O46A-1,24 May 2023,PO for COMPUTER EQUIPMENTS,Hyperactive Technologies LLC,MACRO,PO for COMPUTER EQUIPMENTS,Office Assets,Office Assets,1543.91,USD,2023,5,1569,RFPO-1569-O46A,Base PO
RFPO-1005-V7065-1,24 May 2023,PO for Mueller Brass Copper  Fitting Cxm Adpt  1 3/8in. X1 1/4in. W 01171 US,Fawaz Refrigeration & Air Conditioning Co.,MICRON,PO for Mueller Brass Copper  Fitting Cxm Adpt  1 3/8in. X1 1/4in. W 01171 US,Various,Various,4442.45,USD,2023,5,1005,RFPO-1005-V7065,Base PO
RFPO-5503-V40007-1,24 May 2023,PO for FAKC912-24 F.O,OneNet Digital Solutions,MVL Greece,PO for FAKC912-24 F.O,Various,Various,81912.5,USD,2023,5,5503,RFPO-5503-V40007,Base PO
RFPO-5532-V4358-1,23 May 2023,PO for Customized Black Short Sleeve Polo Shirt Drifit with 1 position logo embroidery on front left chest (MVL Broomgrove) logo,The Uniform World Tailoring and Textiles LLC,MACRO,PO for Customized Black Short Sleeve Polo Shirt Drifit with 1 position logo embroidery on front left chest (MVL Broomgrove) logo,Various,Various,480.33,USD,2023,5,5532,RFPO-5532-V4358,Base PO
RFPO-5193-V40003-1,23 May 2023,ALUMINUM LADDER,OMAN GRATING COMPANY,MACRO,ALUMINUM LADDER,Various,Various,4198.67,USD,2023,5,5193,RFPO-5193-V40003,Base PO
RFPO-5657-V40005-1,23 May 2023,PO for Epoxy Adhesive,PROCUREMENT & GOVERNMENT SALES INC,MVL Greece,PO for Epoxy Adhesive,Various,Various,543.0,USD,2023,5,5657,RFPO-5657-V40005,Base PO
RFPO-5829-V4352-1,23 May 2023,PO for Fellowes Pixel A3 Laminating Machine,Price Master General Trading LLC,MACRO,PO for Fellowes Pixel A3 Laminating Machine,Various,Various,159.61,USD,2023,5,5829,RFPO-5829-V4352,Base PO
RFPO-5581-V40002-1,23 May 2023,PO for Building Materials,APP Manufacturing,MACRO,PO for Building Materials,Various,Various,50717.84,USD,2023,5,5581,RFPO-5581-V40002,Base PO
RFPO-1005-V7063-1,19 May 2023,PO for TARKETT - JOHNSONITE RUBBER TILE. REF 400628121. 24 X 24.,PRIME FLOOR KSA,MICRON,PO for TARKETT - JOHNSONITE RUBBER TILE. REF 400628121. 24 X 24.,Various,Various,16349.4,USD,2023,5,1005,RFPO-1005-V7063,Base PO
Fresh PO-347,19 May 2023,PORCELAIN TILE ACCESSORIES,ARAK INTERNATIONAL TRADING CO. LTD.,Unknown,PORCELAIN TILE ACCESSORIES,Various,Various,1888.67,USD,2023,5,347,Fresh PO-347,Base PO
RFPO-5581-T1000-1,18 May 2023,PO for Tools / Machinery,MISAR TRADING CO. ( L L C),MVL TRADING,PO for Tools / Machinery,Tools,Tools,8482.15,USD,2023,5,5581,RFPO-5581-T1000,Base PO
RFPO-4814-V40004-1,17 May 2023,PO for THIRD PARTY INSPECTION OF STEEL DOORS,TUV SUD MIDDLE EAST LLC,MACRO,PO for THIRD PARTY INSPECTION OF STEEL DOORS,Various,Various,299.52,USD,2023,5,4814,RFPO-4814-V40004,Base PO
RFPO-5581-V40001-1,17 May 2023,PO for Electrical Items,Benfield Electric International Ltd.,MACRO,PO for Electrical Items,Various,Various,23000.0,USD,2023,5,5581,RFPO-5581-V40001,Base PO
RFPO-5657-V40003-1,17 May 2023,PO for Pipe & Fittings/ Valves/ Pipe Supporting Elements,APP Manufacturing,MACRO,PO for Pipe & Fittings/ Valves/ Pipe Supporting Elements,Various,Various,42757.5,USD,2023,5,5657,RFPO-5657-V40003,Base PO
RFPO-5503-V40006-1,16 May 2023,PO for Generator set CATERPILLAR DE1100GC enclosed model with the additional equipment.,Eltrak S.A,MACRO,PO for Generator set CATERPILLAR DE1100GC enclosed model with the additional equipment.,Various,Various,339130.43,USD,2023,5,5503,RFPO-5503-V40006,Base PO
RFPO-1569-V4410-1,16 May 2023,PO for PlanSwift 10.3 Planswift Measurement & Takeoff Software,Green Figure Technique,MACRO,PO for PlanSwift 10.3 Planswift Measurement & Takeoff Software,Various,Various,1887.0,USD,2023,5,1569,RFPO-1569-V4410,Base PO
RFPO-1192-V4452-1,15 May 2023,"PO for Printing:Offset:Receipt Voucher A5 size, 1+3 (W+P+Y+C), 4 color printing, Starting - Total 20book Book number",SMILE COLOR,FIRESTOP,"PO for Printing:Offset:Receipt Voucher A5 size, 1+3 (W+P+Y+C), 4 color printing, Starting - Total 20book Book number",Various,Various,152.48,USD,2023,5,1192,RFPO-1192-V4452,Base PO
RFPO-5657-V40004-1,15 May 2023,PO for Electrical Items,Benfield Electric International Ltd.,MACRO,PO for Electrical Items,Various,Various,39629.0,USD,2023,5,5657,RFPO-5657-V40004,Base PO
RFPO-5683-V40005-1,15 May 2023,PO for GI Pipe,AL OMRANIYA TRADING CO. (L.L.C.),MVL Greece,PO for GI Pipe,Various,Various,1818.38,USD,2023,5,5683,RFPO-5683-V40005,Base PO
RFPO-5655-V40003A-1,15 May 2023,PO for Electrical Items,Benfield Electric International Ltd.,MVL USA JV LLC,PO for Electrical Items,Various,Various,51500.0,USD,2023,5,5655,RFPO-5655-V40003A,Base PO
RFPO-5193-A5301-1,11 May 2023,PO for SherLux Interior Emulsion Primer,FACTORY PREMIER PAINTS COMPANY LIMITED,MACRO,PO for SherLux Interior Emulsion Primer,Architectural,Architectural,4814.67,USD,2023,5,5193,RFPO-5193-A5301,Base PO
RFPO-1005-V7062-1,11 May 2023,PORCELAIN TILESS,ARAK INTERNATIONAL TRADING CO. LTD.,MICRON,PORCELAIN TILESS,Various,Various,8900.31,USD,2023,5,1005,RFPO-1005-V7062,Base PO
RFPO-5532-V40002-1,10 May 2023,PO for Pre-Shipment Inspection,V-Trust Inspection Service Co. Ltd.,MACRO,PO for Pre-Shipment Inspection,Various,Various,804.0,USD,2023,5,5532,RFPO-5532-V40002,Base PO
RFPO-5683-E6801-1,10 May 2023,PO for Electrical Items,City Electric Supply,MACRO,PO for Electrical Items,Electrical,Electrical,45910.7779,USD,2023,5,5683,RFPO-5683-E6801,Base PO
RFPO-5532-V4357-1,10 May 2023,PO for Scaffolding Materials,Sher Ahmed Scaffolding Tr LLC,MACRO,PO for Scaffolding Materials,Various,Various,5391.42,USD,2023,5,5532,RFPO-5532-V4357,Base PO
RFPO-5410-S9100-1,10 May 2023,PO for INSPECTION OF VEHICLE BARRIER AS PER INSPECTION TEST PLAN,"MTB QUALITY CONSULTANTS, INC.",MACRO,PO for INSPECTION OF VEHICLE BARRIER AS PER INSPECTION TEST PLAN,Services,Services,3498.0,USD,2023,5,5410,RFPO-5410-S9100,Base PO
RFPO-1005-M7065-1,08 May 2023,PO for CHEMICAL SHOT FEEDER. A&F. PART NO. BPF-5,ASEM FOR ELECTRO MECHANICAL SERVICES TRADING COMPANY,MICRON,PO for CHEMICAL SHOT FEEDER. A&F. PART NO. BPF-5,Mechanical,Mechanical,3204.0,USD,2023,5,1005,RFPO-1005-M7065,Base PO
RFPO-5655-V40002-1,04 May 2023,PO for Pipes and Fittings - Miscellaneous,APP Manufacturing,MACRO,PO for Pipes and Fittings - Miscellaneous,Various,Various,25187.27,USD,2023,5,5655,RFPO-5655-V40002,Base PO
RFPO-5683-V40004-1,04 May 2023,PO for Electrical Items,Benfield Electric International Ltd.,MACRO,PO for Electrical Items,Various,Various,49000.0,USD,2023,5,5683,RFPO-5683-V40004,Base PO
RFPO-5684-V40000-1,04 May 2023,PO for Electrical Items,Benfield Electric International Ltd.,MACRO,PO for Electrical Items,Various,Various,13500.0,USD,2023,5,5684,RFPO-5684-V40000,Base PO
RFPO-5657-V40002-1,04 May 2023,PO for Electrical Items,Benfield Electric International Ltd.,MACRO,PO for Electrical Items,Various,Various,31500.0,USD,2023,5,5657,RFPO-5657-V40002,Base PO
RFPO-1005-V7064-1,03 May 2023,PO forRefrigerant Pipes and Accessories,Fawaz Refrigeration & Air Conditioning Co.,MICRON,PO forRefrigerant Pipes and Accessories,Various,Various,1486.24,USD,2023,5,1005,RFPO-1005-V7064,Base PO
RFPO-1569-V4409-1,02 May 2023,PO for KONNECT STRAIGHT DESK,BAFCO TRADING LLC,FIRESTOP,PO for KONNECT STRAIGHT DESK,Various,Various,3721.72,USD,2023,5,1569,RFPO-1569-V4409,Base PO
RFPO-5532-V40001-1,02 May 2023,PO for Pre-Shipment Inspection,V-Trust Inspection Service Co. Ltd.,MACRO,PO for Pre-Shipment Inspection,Various,Various,536.0,USD,2023,5,5532,RFPO-5532-V40001,Base PO
RFPO-5657-V40001-1,27 Apr 2023,PO for DI Pipe Accessories,"Scott & From Co., Inc.",MACRO,PO for DI Pipe Accessories,Various,Various,86270.47,USD,2023,4,5657,RFPO-5657-V40001,Base PO
RFPO-5683-V40003-1,27 Apr 2023,PO for Metal Wall Panel & Accessories.,"Greer Roofing Company, Inc.",MACRO,PO for Metal Wall Panel & Accessories.,Various,Various,5400.0,USD,2023,4,5683,RFPO-5683-V40003,Base PO
RFPO-5503-V40003B-1,26 Apr 2023,PO for FACTORY-FABRICATED FUEL STORAGE TANKS & LEAK DETECTION FOR FUELING SYSTEMS,"Core Engineered Solutions, Inc.",MVL Greece,PO for FACTORY-FABRICATED FUEL STORAGE TANKS & LEAK DETECTION FOR FUELING SYSTEMS,Various,Various,153314.72,USD,2023,4,5503,RFPO-5503-V40003B,Base PO
RFPO-5503-V40005-1,26 Apr 2023,PO for 63 01 006,ELEMKO SA,MVL Greece,PO for 63 01 006,Various,Various,138489.76,USD,2023,4,5503,RFPO-5503-V40005,Base PO
RFPO-5503-V40004-1,26 Apr 2023,PO for AMI Meter IO8650,"ANDAL BUILDING TECHNOLOGIES,S.L.",MACRO,PO for AMI Meter IO8650,Various,Various,56521.74,USD,2023,4,5503,RFPO-5503-V40004,Base PO
RFPO-4814-V4361-1,26 Apr 2023,PO for PRE-SHIPMENT INSPECTION OF ALUMINUM WINDOWS,Helmsman Quality & Technology Services,MACRO,PO for PRE-SHIPMENT INSPECTION OF ALUMINUM WINDOWS,Various,Various,1279.78,USD,2023,4,4814,RFPO-4814-V4361,Base PO
PO-1005-V7061-1,25 Apr 2023,PO for CERAMIC TILES,ARAK INTERNATIONAL TRADING CO. LTD.,MVL VENTURES,PO for CERAMIC TILES,Various,Various,11554.49,USD,2023,4,1005,PO-1005-V7061,Base PO
RFPO-5622-V40001-1,19 Apr 2023,PO for Splices & Connectors.,Kelly & Hayes Electrical Industrial & Plumbing Supplies,MACRO,PO for Splices & Connectors.,Various,Various,13843.48,USD,2023,4,5622,RFPO-5622-V40001,Base PO
RFPO-5657-M4102A-1,19 Apr 2023,PO for CC1 - Pump 6123-0283,Zoeller Pump Company,MVL USA JV LLC,PO for CC1 - Pump 6123-0283,Mechanical,Mechanical,200361.08,USD,2023,4,5657,RFPO-5657-M4102A,Base PO
RFPO-5655-E6800A-1,17 Apr 2023,PO for Electrical Items,WESCO INTERNATIONAL,"MVL USA, INC",PO for Electrical Items,Electrical,Electrical,8790.08,USD,2023,4,5655,RFPO-5655-E6800A,Base PO
RFPO-5684-S9031A-1,17 Apr 2023,PO for Acoustical Tiles,Westside Building Material,MVL USA JV LLC,PO for Acoustical Tiles,Services,Services,2639.608,USD,2023,4,5684,RFPO-5684-S9031A,Base PO
RFPO-5657-V4353C-1,17 Apr 2023,PO for Miscellaneous Metal Fabrications (Ladders & Access),"Halliday Products, Inc",MVL USA JV LLC,PO for Miscellaneous Metal Fabrications (Ladders & Access),Various,Various,6365.0,USD,2023,4,5657,RFPO-5657-V4353C,Base PO
RFPO-5503-V40002-1,12 Apr 2023,PO for CARRIER - 30KAVP0500-,I.G.KARAKATSANIS & CO P.G.,MACRO,PO for CARRIER - 30KAVP0500-,Various,Various,445326.09,USD,2023,4,5503,RFPO-5503-V40002,Base PO
RFPO-1569-O45-1,11 Apr 2023,PO for Once off licence fee for 2 No. of Concurrent Candy Licence,Construction Computer Software(Gulf)LLC,MACRO,PO for Once off licence fee for 2 No. of Concurrent Candy Licence,Office Assets,Office Assets,11183.12,USD,2023,4,1569,RFPO-1569-O45,Base PO
RFPO-1192-V4328-1,11 Apr 2023,PO for SGS 6000_BLACK,"SHANDONG FEIDU ADHESIVE TECHNOLOGY SHARES CO.,LTD",MVL Nepal,PO for SGS 6000_BLACK,Various,Various,10051.2,USD,2023,4,1192,RFPO-1192-V4328,Base PO
RFPO-5503-V40001-1,10 Apr 2023,PO for GENIOX 27.13,I.G.KARAKATSANIS & CO P.G.,MACRO,PO for GENIOX 27.13,Various,Various,113831.52,USD,2023,4,5503,RFPO-5503-V40001,Base PO
RFPO-5503-V40000-1,06 Apr 2023,PO for VFW41.125,SMART DEVELOPMENT SYSTEMS GROUP EMPOROTEXNIKI AE,MACRO,PO for VFW41.125,Various,Various,31198.61,USD,2023,4,5503,RFPO-5503-V40000,Base PO
RFPO-1192-M4102-1,06 Apr 2023,"PO for Saudi Rockwool Slab Insulation with Unfaced, Thickness: 50 mm, Density:  64 kg/m3 x 1.2 M x 0.6 M",Century Mechanical Systems,MACRO,"PO for Saudi Rockwool Slab Insulation with Unfaced, Thickness: 50 mm, Density:  64 kg/m3 x 1.2 M x 0.6 M",Mechanical,Mechanical,2383.99,USD,2023,4,1192,RFPO-1192-M4102,Base PO
RFPO-5193-A5203-1,06 Apr 2023,PO for ALUMINUM DOORS. TYPE G2,Lakshmi Metal Tech LLC,MACRO,PO for ALUMINUM DOORS. TYPE G2,Architectural,Architectural,23484.0,USD,2023,4,5193,RFPO-5193-A5203,Base PO
RFPO-1005-V7060-1,04 Apr 2023,RIP-RAP MATERIAL,Gulf Inshaa General Contracting Est,MICRON,RIP-RAP MATERIAL,Various,Various,5760.0,USD,2023,4,1005,RFPO-1005-V7060,Base PO
RFPO-5193-V40001-1,04 Apr 2023,PO for STEEL WINDOWS,NATIONAL FIRE FIGHTING MANUFACTURING FZCO,MACRO,PO for STEEL WINDOWS,Various,Various,16555.0,USD,2023,4,5193,RFPO-5193-V40001,Base PO
RFPO-1005-M7064-1,03 Apr 2023,"PO for AUTOMATIC SMOKE DAMPERS, BALANCING DAMPERS, DUCT ACCESS DOORS",Joint Gulf Business Establishment,MICRON,"PO for AUTOMATIC SMOKE DAMPERS, BALANCING DAMPERS, DUCT ACCESS DOORS",Mechanical,Mechanical,8302.93,USD,2023,4,1005,RFPO-1005-M7064,Base PO
RFPO-5657-V4352B-1,03 Apr 2023,PO for Trusses,"Scott & From Co., Inc.",MVL USA JV LLC,PO for Trusses,Various,Various,28633.0,USD,2023,4,5657,RFPO-5657-V4352B,Base PO
RFPO-5213-S9100-1,30 Mar 2023,PO for THIRD PARTY INSPECTION OF DOCK LEVELLER SYSTEM,INTERTEK INDIA PRIVATE LIMITED,MACRO,PO for THIRD PARTY INSPECTION OF DOCK LEVELLER SYSTEM,Services,Services,354.0,USD,2023,3,5213,RFPO-5213-S9100,Base PO
RFPO-5829-V4351-1,29 Mar 2023,PO for UltraSonic Goggle (PREMIUM PLUS) E114231324,SAMS GENERAL TRADING LLC,MACRO,PO for UltraSonic Goggle (PREMIUM PLUS) E114231324,Various,Various,81.69,USD,2023,3,5829,RFPO-5829-V4351,Base PO
RFPO-1569-V4408-1,28 Mar 2023,PO for Business Cards,SMILE COLOR,FIRESTOP,PO for Business Cards,Various,Various,98.03,USD,2023,3,1569,RFPO-1569-V4408,Base PO
RFPO-1192-F12487-1,27 Mar 2023,PO for Full Specialty Physical Testing  - Joint Movement Capability - ASTM C719 (modified) - Sealants,Wimpey Laboratories (WD) - Dubai,FIRESTOP,PO for Full Specialty Physical Testing  - Joint Movement Capability - ASTM C719 (modified) - Sealants,Fire,Fire,544.59,USD,2023,3,1192,RFPO-1192-F12487,Base PO
RFPO-5532-V4356-1,27 Mar 2023,"PO for BASKETBALL JERSEYS (JERSEY NUMBER 31, 11, 34) SIZE XXL MEN",The Uniform World Tailoring and Textiles LLC,MACRO,"PO for BASKETBALL JERSEYS (JERSEY NUMBER 31, 11, 34) SIZE XXL MEN",Various,Various,816.88,USD,2023,3,5532,RFPO-5532-V4356,Base PO
RFPO-1005-V7054-1,27 Mar 2023,PO for TARKETT - JOHNSONITE RUBBER TILE,PRIME FLOOR KSA,MICRON,PO for TARKETT - JOHNSONITE RUBBER TILE,Various,Various,101930.47,USD,2023,3,1005,RFPO-1005-V7054,Base PO
RFPO-1005-V7056-1,23 Mar 2023,PO for AIR VAPOR BARRIER SYSTEM,SYNERGY BUILDING SYSTEMS LLC,MICRON,PO for AIR VAPOR BARRIER SYSTEM,Various,Various,44274.01,USD,2023,3,1005,RFPO-1005-V7056,Base PO
PO-1005-M7055-1,23 Mar 2023,VEHICLE EXHAUST FAN,JGB International General Trading LLC,MACRO,VEHICLE EXHAUST FAN,Mechanical,Mechanical,40648.06,USD,2023,3,1005,PO-1005-M7055,Base PO
RFPO-1005-M7060-1,22 Mar 2023,"PO for Xylem Bell & Gossett Hot Water Circulator Pump Series: PL, Model: PL-55B",PURE SEASONS,MICRON,"PO for Xylem Bell & Gossett Hot Water Circulator Pump Series: PL, Model: PL-55B",Mechanical,Mechanical,2666.67,USD,2023,3,1005,RFPO-1005-M7060,Base PO
RFPO-1005-M7061-1,22 Mar 2023,PO for BUFFER TANK AND AIR SEPARATOR,ASEM FOR ELECTRO MECHANICAL SERVICES TRADING COMPANY,MICRON,PO for BUFFER TANK AND AIR SEPARATOR,Mechanical,Mechanical,10588.0,USD,2023,3,1005,RFPO-1005-M7061,Base PO
RFPO-5532-M4002-1,22 Mar 2023,PO for Self Propelled Scissor Lift Model: SJYZ0.45-8.,Evangel International Machinery Ltd.,MVL Nepal,PO for Self Propelled Scissor Lift Model: SJYZ0.45-8.,Mechanical,Mechanical,20400.0,USD,2023,3,5532,RFPO-5532-M4002,Base PO
RFPO-1005-V7055-1,20 Mar 2023,PO for HVAC DUCT ACCESSORIES,MASDAR TECHNICAL SUPPLIES LLC,MICRON,PO for HVAC DUCT ACCESSORIES,Various,Various,1445.6,USD,2023,3,1005,RFPO-1005-V7055,Base PO
RFPO-5683-V40001-1,20 Mar 2023,"PO for Fabrication and procurement of HVAC ductwork, piping, accessories and equipment. Ductwork and Accessories","Scott & From Co., Inc.",MACRO,"PO for Fabrication and procurement of HVAC ductwork, piping, accessories and equipment. Ductwork and Accessories",Various,Various,137804.0,USD,2023,3,5683,RFPO-5683-V40001,Base PO
RFPO-5683-V40002-1,20 Mar 2023,"PO for Fabrication and procurement of HVAC ductwork, piping, accessories and equipment. Ductwork and Accessories","Scott & From Co., Inc.",MACRO,"PO for Fabrication and procurement of HVAC ductwork, piping, accessories and equipment. Ductwork and Accessories",Various,Various,116949.0,USD,2023,3,5683,RFPO-5683-V40002,Base PO
RFPO-1569-V4406-1,17 Mar 2023,PO for Printing:Business Card Business card printing - 350gsm with matt lamination,SMILE COLOR,FIRESTOP,PO for Printing:Business Card Business card printing - 350gsm with matt lamination,Various,Various,32.68,USD,2023,3,1569,RFPO-1569-V4406,Base PO
PO-1005-E7050-1,17 Mar 2023,PO for Compact Substation,UNITED TECHNOLOGY OF ELECTRIC SUBSTATION & SWITCHGEARS CO.,MVL ENERGY,PO for Compact Substation,Electrical,Electrical,27733.33,USD,2023,3,1005,PO-1005-E7050,Base PO
RFPO-1569-V4407-1,17 Mar 2023,PO for SHARP MX61FT BLACK TONER CART,Printek  SUPPLIES L.L.C,FIRESTOP,PO for SHARP MX61FT BLACK TONER CART,Various,Various,506.47,USD,2023,3,1569,RFPO-1569-V4407,Base PO
RFPO-1192-V4450-1,16 Mar 2023,PO for Stationery Items,GRAND STATIONERY CO LLC,FIRESTOP,PO for Stationery Items,Various,Various,266.32,USD,2023,3,1192,RFPO-1192-V4450,Base PO
RFPO-1005-V7053-2,16 Mar 2023,PO for VENCO FANS - USA ( GREENHECK ),AL SHADI,MICRON,PO for VENCO FANS - USA ( GREENHECK ),Various,Various,9104.53,USD,2023,3,1005,RFPO-1005-V7053,Change Order
RFPO-5655-V40001A-1,16 Mar 2023,PO for Elastomeric Pipe Covering (1-1/4in IPS),TIC LIGHT ELECTRICAL CORP,MVL USA JV LLC,PO for Elastomeric Pipe Covering (1-1/4in IPS),Various,Various,8727.69,USD,2023,3,5655,RFPO-5655-V40001A,Base PO
RFPO-5532-V4355-1,15 Mar 2023,"PO for Folding Container house 2 floor 2 stairs 15MX5.8MX5.2H. 2.5MX5.8MX2.6H per set, total 12 sets. With bathroom design",FOSHAN SOEASY MODULAR HOUSING CO LTD,MVL Nepal,"PO for Folding Container house 2 floor 2 stairs 15MX5.8MX5.2H. 2.5MX5.8MX2.6H per set, total 12 sets. With bathroom design",Various,Various,170600.0,USD,2023,3,5532,RFPO-5532-V4355,Base PO
RFPO-1005-V7053-1,13 Mar 2023,PO for VENCO FANS - USA ( GREENHECK ),AL SHADI,MICRON,PO for VENCO FANS - USA ( GREENHECK ),Various,Various,4862.48,USD,2023,3,1005,RFPO-1005-V7053,Base PO
RFPO-5657-V40000-1,13 Mar 2023,PO for GRADE 60 DEFORMED EPOXY COATED,Leeds Services Co. Pte Ltd.,MACRO,PO for GRADE 60 DEFORMED EPOXY COATED,Various,Various,4899.0,USD,2023,3,5657,RFPO-5657-V40000,Base PO
RFPO-5532-V40000-1,10 Mar 2023,PO for SIMPLE FACTORY AUDIT,V-Trust Inspection Service Co. Ltd.,MACRO,PO for SIMPLE FACTORY AUDIT,Various,Various,268.0,USD,2023,3,5532,RFPO-5532-V40000,Base PO
RFPO-5193-A5202-1,09 Mar 2023,PO for ALUMINUM WINDOWS. TYPE W1. NFR. W-1400MM H-1200MM,Lakshmi Metal Tech LLC,MACRO,PO for ALUMINUM WINDOWS. TYPE W1. NFR. W-1400MM H-1200MM,Architectural,Architectural,31622.83,USD,2023,3,5193,RFPO-5193-A5202,Base PO
RFPO-1569-O44-1,08 Mar 2023,"PO for HP 290G4 I-7 10TH GEN,10700 8CORE, 16GB RAM, 1TB HDD + 256 GB SSD,  ZOTEC GT710 2GB DDR3 HDMI, VGA, WIN 10 PRO, 1 YR",AL KOFA COMPUTER TRADING LLC,MACRO,"PO for HP 290G4 I-7 10TH GEN,10700 8CORE, 16GB RAM, 1TB HDD + 256 GB SSD,  ZOTEC GT710 2GB DDR3 HDMI, VGA, WIN 10 PRO, 1 YR",Office Assets,Office Assets,1225.32,USD,2023,3,1569,RFPO-1569-O44,Base PO
RFPO-5655-V40000-1,08 Mar 2023,"PO for Fabrication and procurement of HVAC ductwork, piping, accessories and equipment.          Ductwork and Accessories","Scott & From Co., Inc.",MACRO,"PO for Fabrication and procurement of HVAC ductwork, piping, accessories and equipment.          Ductwork and Accessories",Various,Various,531992.0,USD,2023,3,5655,RFPO-5655-V40000,Base PO
RFPO-5532-V4354-1,08 Mar 2023,PO for SAFETY SHOES - SAFETOE Best Cat PPE ONLINE Size: 43 SKU: S502013106,PPE SAFETY PRODUCTS TRADING LLC,MACRO,PO for SAFETY SHOES - SAFETOE Best Cat PPE ONLINE Size: 43 SKU: S502013106,Various,Various,181.08,USD,2023,3,5532,RFPO-5532-V4354,Base PO
RFPO-5213-A5202-1,08 Mar 2023,PO for ALUMINUM WINDOWS. TYPE W1. NFR. W-1000MM H-1200MM,Lakshmi Metal Tech LLC,MACRO,PO for ALUMINUM WINDOWS. TYPE W1. NFR. W-1000MM H-1200MM,Architectural,Architectural,58992.4,USD,2023,3,5213,RFPO-5213-A5202,Base PO
PO-1005-V7049-2,06 Mar 2023,Expansion Tank - HVAC and Expansion Tank for Water Heater Line,FLUIDS SOLUTIONS,MVL VENTURES,Expansion Tank - HVAC and Expansion Tank for Water Heater Line,Various,Various,1564.2,USD,2023,3,1005,PO-1005-V7049,Change Order
RFPO-1569-V4405-1,06 Mar 2023,PO for BUSINESS CARD FOR VP of Projects-Europe - Charles Ernie Hogue,SMILE COLOR,FIRESTOP,PO for BUSINESS CARD FOR VP of Projects-Europe - Charles Ernie Hogue,Various,Various,38.12,USD,2023,3,1569,RFPO-1569-V4405,Base PO
RFPO-5532-M4001-1,06 Mar 2023,PO for HEAVY EQUIPMENTS,Evangel International Machinery Ltd.,MACRO,PO for HEAVY EQUIPMENTS,Mechanical,Mechanical,101700.0,USD,2023,3,5532,RFPO-5532-M4001,Base PO
RFPO-1192-S9075-1,02 Mar 2023,PO for Nissan Suny 1.5lt  2019	Monthly Rental,SEL Car Rental LLC,FIRESTOP,PO for Nissan Suny 1.5lt  2019	Monthly Rental,Services,Services,381.21,USD,2023,3,1192,RFPO-1192-S9075,Base PO
RFPO-5532-V4353-1,02 Mar 2023,PO for Ready-made Polo Shirt Drifit Black color with 1 position logo embroidery on front left chest part.,The Uniform World Tailoring and Textiles LLC,MACRO,PO for Ready-made Polo Shirt Drifit Black color with 1 position logo embroidery on front left chest part.,Various,Various,522.8,USD,2023,3,5532,RFPO-5532-V4353,Base PO
RFPO-5622-V40000-1,02 Mar 2023,PO for APPARENT,Kelly & Hayes Electrical Industrial & Plumbing Supplies,MACRO,PO for APPARENT,Various,Various,339960.0,USD,2023,3,5622,RFPO-5622-V40000,Base PO
RFPO-1569-O42-1,01 Mar 2023,PO for ESET ENDPOINT PROTECTION ADVANCED,Burhani Computers Trading LLC,MACRO,PO for ESET ENDPOINT PROTECTION ADVANCED,Office Assets,Office Assets,3136.83,USD,2023,3,1569,RFPO-1569-O42,Base PO
PO-1005-V7049-1,01 Mar 2023,Expansion Tank - HVAC and Expansion Tank for Water Heater Line,FLUIDS SOLUTIONS,MVL VENTURES,Expansion Tank - HVAC and Expansion Tank for Water Heater Line,Various,Various,1314.2,USD,2023,3,1005,PO-1005-V7049,Base PO
RFPO-1569-O41-1,28 Feb 2023,PO for Microsoft Azure Subscription - (Pay As You Go),Burhani Computers Trading LLC,MACRO,PO for Microsoft Azure Subscription - (Pay As You Go),Office Assets,Office Assets,990.06,USD,2023,2,1569,RFPO-1569-O41,Base PO
RFPO-5626-V40001-1,28 Feb 2023,PO for PHEONOLIC BOARD,Leeds Services Co. Pte Ltd.,MACRO,PO for PHEONOLIC BOARD,Various,Various,8011.0,USD,2023,2,5626,RFPO-5626-V40001,Base PO
RFPO-5626-V40000-1,27 Feb 2023,PO for C900 PVC Pipe 6 inch,Leeds Services Co. Pte Ltd.,MACRO,PO for C900 PVC Pipe 6 inch,Various,Various,68515.0,USD,2023,2,5626,RFPO-5626-V40000,Base PO
RFPO-1005-M7059-1,27 Feb 2023,"PO for ITEM# PRE-A-1, MODEL RED06",PURE SEASONS,MICRON,"PO for ITEM# PRE-A-1, MODEL RED06",Mechanical,Mechanical,5043.33,USD,2023,2,1005,RFPO-1005-M7059,Base PO
RFPO-5683-V40000-1,27 Feb 2023,"PO for 10mm x 6m, offer BS4449 Grade 500B sandblasted epoxy coated",Leeds Services Co. Pte Ltd.,MACRO,"PO for 10mm x 6m, offer BS4449 Grade 500B sandblasted epoxy coated",Various,Various,6467.0,USD,2023,2,5683,RFPO-5683-V40000,Base PO
PO-1005-V7051-1,23 Feb 2023,PO for PVC Spacer,Modern Building Materials Co.,MVL VENTURES,PO for PVC Spacer,Various,Various,476.51,USD,2023,2,1005,PO-1005-V7051,Base PO
PO-1005-M7057-1,23 Feb 2023,PO for 4inch Lint Trap,Atmosphere,MACRO,PO for 4inch Lint Trap,Mechanical,Mechanical,634.5,USD,2023,2,1005,PO-1005-M7057,Base PO
RFPO-4814-A5206-1,21 Feb 2023,PO for STEEL DOORS,Lakshmi Metal Tech LLC,MACRO,PO for STEEL DOORS,Architectural,Architectural,253233.48,USD,2023,2,4814,RFPO-4814-A5206,Base PO
RFPO-5213-V40011-1,20 Feb 2023,FFE,Wefal International Est,MACRO,FFE,Various,Various,70370.67,USD,2023,2,5213,RFPO-5213-V40011,Base PO
RFPO-1005-V7048-2,20 Feb 2023,PO for Ductwork & Accessories- Khamis Simulator Facility,Arabian Thermal Aire Industries Co. Ltd.,MICRON,PO for Ductwork & Accessories- Khamis Simulator Facility,Various,Various,16817.07,USD,2023,2,1005,RFPO-1005-V7048,Change Order
RFPO-1569-V4404-1,16 Feb 2023,PO for PlanSwift 10.3 Planswift Measurement & T akeoff Software,Green Figure Technique,FIRESTOP,PO for PlanSwift 10.3 Planswift Measurement & T akeoff Software,Various,Various,2096.66,USD,2023,2,1569,RFPO-1569-V4404,Base PO
Fresh PO-339,15 Feb 2023,FFE,Wefal International Est,Unknown,FFE,Various,Various,80926.27,USD,2023,2,339,Fresh PO-339,Base PO
RFPO-1005-C6054-1,15 Feb 2023,PO for Elastomeric polyurethane liquid applied waterproofing membrane (AS PER APPROVED SUBMITTAL),Saudi Vetonit Co. Ltd. (SAVETO),MICRON,PO for Elastomeric polyurethane liquid applied waterproofing membrane (AS PER APPROVED SUBMITTAL),Chemicals,Chemicals,6213.87,USD,2023,2,1005,RFPO-1005-C6054,Base PO
RFPO-1569-O39-2,13 Feb 2023,"PO for .HP 290G4 I-7 10th GEN,10700 8CORE, 16GB RAM, 1TB HDD + 256 GB SSD, ZOTEC GT710 2GB DDR3 HDMI, VGA, Win 10 Pro, 1 yr",AL KOFA COMPUTER TRADING LLC,MACRO,"PO for .HP 290G4 I-7 10th GEN,10700 8CORE, 16GB RAM, 1TB HDD + 256 GB SSD, ZOTEC GT710 2GB DDR3 HDMI, VGA, Win 10 Pro, 1 yr",Office Assets,Office Assets,936.69,USD,2023,2,1569,RFPO-1569-O39,Change Order
RFPO-1569-O39-3,13 Feb 2023,"PO for .HP 290G4 I-7 10th GEN,10700 8CORE, 16GB RAM, 1TB HDD + 256 GB SSD, ZOTEC GT710 2GB DDR3 HDMI, VGA, Win 10 Pro, 1 yr",AL KOFA COMPUTER TRADING LLC,MACRO,"PO for .HP 290G4 I-7 10th GEN,10700 8CORE, 16GB RAM, 1TB HDD + 256 GB SSD, ZOTEC GT710 2GB DDR3 HDMI, VGA, Win 10 Pro, 1 yr",Office Assets,Office Assets,910.82,USD,2023,2,1569,RFPO-1569-O39,Change Order
RFPO-1569-O40-1,13 Feb 2023,"PO for HP 290G4 I-7 10th GEN,10700 8CORE, 16GB RAM, 1TB HDD + 256 GB SSD,  ZOTEC GT710 2GB DDR3 HDMI, VGA, Win 10 Pro, 1 yr",AL KOFA COMPUTER TRADING LLC,MACRO,"PO for HP 290G4 I-7 10th GEN,10700 8CORE, 16GB RAM, 1TB HDD + 256 GB SSD,  ZOTEC GT710 2GB DDR3 HDMI, VGA, Win 10 Pro, 1 yr",Office Assets,Office Assets,3056.5,USD,2023,2,1569,RFPO-1569-O40,Base PO
RFPO-1192-F12375-1,13 Feb 2023,PO for VOC Emission - CDPH (INS0285),Wimpey Laboratories (WD) - Dubai,FIRESTOP,PO for VOC Emission - CDPH (INS0285),Fire,Fire,1633.76,USD,2023,2,1192,RFPO-1192-F12375,Base PO
Fresh PO-338,09 Feb 2023,PO for COMPACT SUBSTATION,UNITED TECHNOLOGY OF ELECTRIC SUBSTATION & SWITCHGEARS CO.,Unknown,PO for COMPACT SUBSTATION,Various,Various,27733.33,USD,2023,2,338,Fresh PO-338,Base PO
RFPO-1569-O39-1,09 Feb 2023,"PO for .HP 290G4 I-7 10th GEN,10700 8CORE, 16GB RAM, 1TB HDD + 256 GB SSD, ZOTEC GT710 2GB DDR3 HDMI, VGA, Win 10 Pro, 1 yr",AL KOFA COMPUTER TRADING LLC,MACRO,"PO for .HP 290G4 I-7 10th GEN,10700 8CORE, 16GB RAM, 1TB HDD + 256 GB SSD, ZOTEC GT710 2GB DDR3 HDMI, VGA, Win 10 Pro, 1 yr",Office Assets,Office Assets,1071.48,USD,2023,2,1569,RFPO-1569-O39,Base PO
RFPO-5532-V4351-1,08 Feb 2023,PO for Car Magnet Sheet - Weather Proof,DELUXE PRINTING,MACRO,PO for Car Magnet Sheet - Weather Proof,Various,Various,1198.09,USD,2023,2,5532,RFPO-5532-V4351,Base PO
RFPO-5532-V4352-1,08 Feb 2023,PO for Car Magnet Sheet - Weather Proof,DELUXE PRINTING,MACRO,PO for Car Magnet Sheet - Weather Proof,Various,Various,1198.09,USD,2023,2,5532,RFPO-5532-V4352,Base PO
RFPO-1569-O37-1,08 Feb 2023,"PO for LENOVO THINKPAD E15 GEN4 (21E6008CGR) I-7-1255U-4.7GHz, 8GB, 1TB  SSD,15.6"" FHD IPS, CAMERA, FPR, BT, WIFI, WINDOWS 10 PRO, INTEL IRIS  XE GRAPHICS, BLACK, 1 YEAR WARRANTY",AL KOFA COMPUTER TRADING LLC,MACRO,"PO for LENOVO THINKPAD E15 GEN4 (21E6008CGR) I-7-1255U-4.7GHz, 8GB, 1TB  SSD,15.6"" FHD IPS, CAMERA, FPR, BT, WIFI, WINDOWS 10 PRO, INTEL IRIS  XE GRAPHICS, BLACK, 1 YEAR WARRANTY",Office Assets,Office Assets,1075.56,USD,2023,2,1569,RFPO-1569-O37,Base PO
RFPO-4814-A5204A-1,07 Feb 2023,PO for ALUMINUM DOORS,Lakshmi Metal Tech LLC,MACRO,PO for ALUMINUM DOORS,Architectural,Architectural,104356.75,USD,2023,2,4814,RFPO-4814-A5204A,Base PO
RFPO-5193-A5201-2,03 Feb 2023,"PO for MOTOR, FACE OF WALL, INTERIOR COIL WEATHERED THERMISER, 6F/6M INSULATED SLAT, 6F SLAT 20/24 GAUGE, GALVANIZED STEEL, GRAY/WHITE/TAN OR BROWN GALVANEX PRIMER FINISH, Model ESD20. BOTTOM BAR: (2)",IDT INTERNATIONAL DOOR TRADING,MACRO,"PO for MOTOR, FACE OF WALL, INTERIOR COIL WEATHERED THERMISER, 6F/6M INSULATED SLAT, 6F SLAT 20/24 GAUGE, GALVANIZED STEEL, GRAY/WHITE/TAN OR BROWN GALVANEX PRIMER FINISH, Model ESD20. BOTTOM BAR: (2)",Architectural,Architectural,38666.67,USD,2023,2,5193,RFPO-5193-A5201,Change Order
RFPO-5532-M4000-1,02 Feb 2023,PO for MAXUS V80 16 SEAT MINI BUS,DAKUTA Trading,FIRESTOP,PO for MAXUS V80 16 SEAT MINI BUS,Mechanical,Mechanical,42700.0,USD,2023,2,5532,RFPO-5532-M4000,Base PO
RFPO-1569-V4401-1,02 Feb 2023,PO for GREETLY ESSENTIAL FOR 1 LOCATION SOFTWARE,GREETLY,FIRESTOP,PO for GREETLY ESSENTIAL FOR 1 LOCATION SOFTWARE,Various,Various,1700.0,USD,2023,2,1569,RFPO-1569-V4401,Base PO
RFPO-1569-V4402-1,02 Feb 2023,PO for KONNECT STRAIGHT DESK,BAFCO TRADING LLC,MACRO,PO for KONNECT STRAIGHT DESK,Various,Various,1861.81,USD,2023,2,1569,RFPO-1569-V4402,Base PO
RFPO-1569-V4403-1,02 Feb 2023,PO for Ready-made Flees Hoodies Pullover type with one position Logo embroidery on the front left chest. ( Only MVL Logo ),The Uniform World Tailoring and Textiles LLC,FIRESTOP,PO for Ready-made Flees Hoodies Pullover type with one position Logo embroidery on the front left chest. ( Only MVL Logo ),Various,Various,257.32,USD,2023,2,1569,RFPO-1569-V4403,Base PO
USACE-CETAM-CT-1,02 Feb 2023,LETTER OF INTENT,ARCHITECTURAL METAL DOORS FZC,Unknown,LETTER OF INTENT,Various,Various,53460.41,USD,2023,2,CETAM,USACE-CETAM-CT-1,Base PO
RFPO-4814-M4105-3,01 Feb 2023,"PO for SUPPLY OF NFPA 22 APPROVED GALVANIZED STEEL BOLTED TANK WITH DWI APPROVED LINER. MAKE: BALMORAL UK. 6.24 MTRS DIA; 8.2 MTRS HEIGHT, 229M3 NET CAPACITY, 2A SEISMI",ALIGN ELECTROMECHANICAL WORK LLC,MACRO,"PO for SUPPLY OF NFPA 22 APPROVED GALVANIZED STEEL BOLTED TANK WITH DWI APPROVED LINER. MAKE: BALMORAL UK. 6.24 MTRS DIA; 8.2 MTRS HEIGHT, 229M3 NET CAPACITY, 2A SEISMI",Mechanical,Mechanical,122845.47,USD,2023,2,4814,RFPO-4814-M4105,Change Order
RFPO-1569-O36-1,01 Feb 2023,"PO for HP 290G4 I-7 10th GEN,10700 8CORE, 16GB RAM, 1TB HDD + 256 GB SSD, ZOTEC GT710 2GB DDR3 HDMI, VGA, Win 10 Pro, 1 yr",AL KOFA COMPUTER TRADING LLC,MACRO,"PO for HP 290G4 I-7 10th GEN,10700 8CORE, 16GB RAM, 1TB HDD + 256 GB SSD, ZOTEC GT710 2GB DDR3 HDMI, VGA, Win 10 Pro, 1 yr",Office Assets,Office Assets,758.34,USD,2023,2,1569,RFPO-1569-O36,Base PO
RFPO-1005-E7054-1,31 Jan 2023,PLUMBING VALVES,TIC LIGHT ELECTRICAL CORP,MICRON,PLUMBING VALVES,Electrical,Electrical,3812.07,USD,2023,1,1005,RFPO-1005-E7054,Base PO
RFPO-4814-S9100-1,31 Jan 2023,"PO for COIL SUPPLY FOR METAL RIDGE, GUTTER, DOWNSPOT, GUTTER AND FLASHING.Z27 .8X1219, COLOR D20J001",Staines International Group General Trading and Contracting Co. WLL,MACRO,"PO for COIL SUPPLY FOR METAL RIDGE, GUTTER, DOWNSPOT, GUTTER AND FLASHING.Z27 .8X1219, COLOR D20J001",Services,Services,11566.0,USD,2023,1,4814,RFPO-4814-S9100,Base PO
RFPO-1192-S9074-1,31 Jan 2023,PO for Nissan Suny 1.5lt  2019,SEL Car Rental LLC,MACRO,PO for Nissan Suny 1.5lt  2019,Services,Services,381.21,USD,2023,1,1192,RFPO-1192-S9074,Base PO
PO-1005-M7051-1,30 Jan 2023,Supply and Delivery Roof Top Package Unit(DX) - AL Kharj-KSA,SKM Air-Conditioning Co.,MACRO,Supply and Delivery Roof Top Package Unit(DX) - AL Kharj-KSA,Mechanical,Mechanical,54249.33,USD,2023,1,1005,PO-1005-M7051,Base PO
PO-1005-M7054-1,26 Jan 2023,Full Retention Separators Project: 127 - Al Kharj Warehouse,DYNAMIC TECHNOLOGY SUPPLIES COMPANY LTD,MACRO,Full Retention Separators Project: 127 - Al Kharj Warehouse,Mechanical,Mechanical,23412.63,USD,2023,1,1005,PO-1005-M7054,Base PO
RFPO-5213-V40010-1,24 Jan 2023,DOCK LEVELLER SYSTEM,GANDHI AUTOMATION PVT LTD,MACRO,DOCK LEVELLER SYSTEM,Various,Various,21261.0,USD,2023,1,5213,RFPO-5213-V40010,Base PO
RFPO-1005-V7047-1,23 Jan 2023,PO for PLUMBING VALVES,FLUIDS SOLUTIONS,MICRON,PO for PLUMBING VALVES,Various,Various,3122.3,USD,2023,1,1005,RFPO-1005-V7047,Base PO
RFPO-1569-V4400-1,23 Jan 2023,PO for Ready-made Flees Hoodies Pullover type with one position logo embroidery on the front left chest Individual short name in 2-letter / Above the logo color lines. Material: Poly cotton mix single,The Uniform World Tailoring and Textiles LLC,FIRESTOP,PO for Ready-made Flees Hoodies Pullover type with one position logo embroidery on the front left chest Individual short name in 2-letter / Above the logo color lines. Material: Poly cotton mix single,Various,Various,314.5,USD,2023,1,1569,RFPO-1569-V4400,Base PO
RFPO-5193-A5201-1,20 Jan 2023,"PO for MOTOR, FACE OF WALL, INTERIOR COIL WEATHERED THERMISER, 6F/6M INSULATED SLAT, 6F SLAT 20/24 GAUGE, GALVANIZED STEEL, GRAY/WHITE/TAN OR BROWN GALVANEX PRIMER FINISH, Model ESD20. BOTTOM BAR: (2)",IDT INTERNATIONAL DOOR TRADING,MACRO,"PO for MOTOR, FACE OF WALL, INTERIOR COIL WEATHERED THERMISER, 6F/6M INSULATED SLAT, 6F SLAT 20/24 GAUGE, GALVANIZED STEEL, GRAY/WHITE/TAN OR BROWN GALVANEX PRIMER FINISH, Model ESD20. BOTTOM BAR: (2)",Architectural,Architectural,30945.33,USD,2023,1,5193,RFPO-5193-A5201,Base PO
RFPO-1569-O35-1,18 Jan 2023,"PO for HP 290G4 I5 10400 8GB RAM 1TB HDD + 256 GB SSD, Zotec GT710 2GB DDR3 HDMI, VGA, Win 10 Pro, 1 yr",AL KOFA COMPUTER TRADING LLC,MACRO,"PO for HP 290G4 I5 10400 8GB RAM 1TB HDD + 256 GB SSD, Zotec GT710 2GB DDR3 HDMI, VGA, Win 10 Pro, 1 yr",Office Assets,Office Assets,579.99,USD,2023,1,1569,RFPO-1569-O35,Base PO
RFPO-1192-V4327-1,17 Jan 2023,PO for SLAB WITHOUT FACING (SXXX) Density: 160Kg/M3 Thickness: 50mm Size:1.2 MtrX 0.6 Mtr,FUJAIRAH ROCKWOOL FACTORY,MVL Nepal,PO for SLAB WITHOUT FACING (SXXX) Density: 160Kg/M3 Thickness: 50mm Size:1.2 MtrX 0.6 Mtr,Various,Various,3416.2,USD,2023,1,1192,RFPO-1192-V4327,Base PO
RFPO-5829-R1500-1,16 Jan 2023,PO for MITSUBISHI XPANDER 1.5L H/L 7s,Diamondlease LLC,FIRESTOP,PO for MITSUBISHI XPANDER 1.5L H/L 7s,Rental,Rental,709.33,USD,2023,1,5829,RFPO-5829-R1500,Base PO
RFPO-1005-V7048-1,16 Jan 2023,PO for Ductwork & Accessories- Khamis Simulator Facility,Arabian Thermal Aire Industries Co. Ltd.,MICRON,PO for Ductwork & Accessories- Khamis Simulator Facility,Various,Various,8324.27,USD,2023,1,1005,RFPO-1005-V7048,Base PO
RFPO-1569-V4398-1,13 Jan 2023,PO for PlanSwift 10.3 Planswift Measurement &amp; Takeoff Software,Green Figure Technique,FIRESTOP,PO for PlanSwift 10.3 Planswift Measurement &amp; Takeoff Software,Various,Various,2096.66,USD,2023,1,1569,RFPO-1569-V4398,Base PO
RFPO-1192-V4449-1,12 Jan 2023,PO for Printing:Sticker PVC plastic sticker with lamination - 8.8X6.4cm - 1000pcs,SMILE COLOR,FIRESTOP,PO for Printing:Sticker PVC plastic sticker with lamination - 8.8X6.4cm - 1000pcs,Various,Various,183.8,USD,2023,1,1192,RFPO-1192-V4449,Base PO
Fresh PO-334,11 Jan 2023,OVERHEAD COILING DOOR,IDT INTERNATIONAL DOOR TRADING,Unknown,OVERHEAD COILING DOOR,Various,Various,30945.33,USD,2023,1,334,Fresh PO-334,Base PO
RFPO-1005-V7046-1,10 Jan 2023,PO for Maxcell Fabric Black (As per approved product submittal),ABANA Enterprises Group Co.,MICRON,PO for Maxcell Fabric Black (As per approved product submittal),Various,Various,17593.09,USD,2023,1,1005,RFPO-1005-V7046,Base PO
RFPO-4814-E6800-2,05 Jan 2023,PO for Entek-Turkey SPG2 versio recessed 20W 60x60 recessed Panel light .IP44 3500K CRI80 with 0-10V Dimmable driver,CREO LIGHTING CO.,MACRO,PO for Entek-Turkey SPG2 versio recessed 20W 60x60 recessed Panel light .IP44 3500K CRI80 with 0-10V Dimmable driver,Electrical,Electrical,90130.49,USD,2023,1,4814,RFPO-4814-E6800,Change Order
RFPO-1005-E7053-1,31 Dec 2022,VALVE BOXES (DOMESTIC WATER AND CHILLED WATER),TIC LIGHT ELECTRICAL CORP,MICRON,VALVE BOXES (DOMESTIC WATER AND CHILLED WATER),Electrical,Electrical,32022.83,USD,2022,12,1005,RFPO-1005-E7053,Base PO
RFPO-1192-V4326-1,29 Dec 2022,PO for Slab Without Facing SXXX Density 160kg M3 Thickness 50mm Size 1.2 MtrX.6 Mtr 360 M2,FUJAIRAH ROCKWOOL FACTORY,MVL Nepal,PO for Slab Without Facing SXXX Density 160kg M3 Thickness 50mm Size 1.2 MtrX.6 Mtr 360 M2,Various,Various,3416.2,USD,2022,12,1192,RFPO-1192-V4326,Base PO
RFPO-5213-A5201-1,27 Dec 2022,PO for OVERHEAD INSULATED COILING DOOR,IDT INTERNATIONAL DOOR TRADING,MACRO,PO for OVERHEAD INSULATED COILING DOOR,Architectural,Architectural,56056.8,USD,2022,12,5213,RFPO-5213-A5201,Base PO
RFPO-1192-V4448-1,20 Dec 2022,PO for 2 RING  BINDER 204  1.5  inch ALPHA  1X36 PCS,GRAND STATIONERY CO LLC,FIRESTOP,PO for 2 RING  BINDER 204  1.5  inch ALPHA  1X36 PCS,Various,Various,1184.5,USD,2022,12,1192,RFPO-1192-V4448,Base PO
RFPO-1192-V4448A-1,20 Dec 2022,PO for 2 RING  BINDER 204  1.5  inch ALPHA  1X36 PCS,GRAND STATIONERY CO LLC,FIRESTOP,PO for 2 RING  BINDER 204  1.5  inch ALPHA  1X36 PCS,Various,Various,344.32,USD,2022,12,1192,RFPO-1192-V4448A,Base PO
RFPO-1192-R1508-1,19 Dec 2022,PO for Full Service Maintenance For Firestop Printer MX-3550V,NEW SMART OFFICE AUTOMATION LLC,FIRESTOP,PO for Full Service Maintenance For Firestop Printer MX-3550V,Rental,Rental,1347.86,USD,2022,12,1192,RFPO-1192-R1508,Base PO
RFPO-5193-E6800A-1,19 Dec 2022,LIGHTING FIXTURES,ALC ADVANCED LIGHTING COMPANY,"MVL USA, INC",LIGHTING FIXTURES,Electrical,Electrical,19466.67,USD,2022,12,5193,RFPO-5193-E6800A,Base PO
RFPO-1005-V7045-1,19 Dec 2022,PO for REFRIGERANT PIPING SYSTEM,Fawaz Refrigeration & Air Conditioning Co.,MICRON,PO for REFRIGERANT PIPING SYSTEM,Various,Various,3600.37,USD,2022,12,1005,RFPO-1005-V7045,Base PO
RFPO-1569-O34-1,14 Dec 2022,"PO for Dell Optiplex 7090MT i7 11700 16GB 1TBHDD + 256GB SSD 2GB Zotac GT710 , WIN 10 pro",AL KOFA COMPUTER TRADING LLC,MACRO,"PO for Dell Optiplex 7090MT i7 11700 16GB 1TBHDD + 256GB SSD 2GB Zotac GT710 , WIN 10 pro",Office Assets,Office Assets,1105.51,USD,2022,12,1569,RFPO-1569-O34,Base PO
RFPO-1569-V4397-1,13 Dec 2022,PO for Ready-made Flees Hoodies Pullover type with one position logo embroidery on the front  left chest Individual short name in 2-letter / Above the logo color lines. Material: Poly cotton mix singl,The Uniform World Tailoring and Textiles LLC,FIRESTOP,PO for Ready-made Flees Hoodies Pullover type with one position logo embroidery on the front  left chest Individual short name in 2-letter / Above the logo color lines. Material: Poly cotton mix singl,Various,Various,1229.41,USD,2022,12,1569,RFPO-1569-V4397,Base PO
RFPO-1569-O33-1,12 Dec 2022,PO for Meeting Room Video ConferencingSystems (1808),TECHMIND SOLUTIONS LLC,MACRO,PO for Meeting Room Video ConferencingSystems (1808),Office Assets,Office Assets,10265.49,USD,2022,12,1569,RFPO-1569-O33,Base PO
RFPO-1569-O32-1,06 Dec 2022,PO for Sophos SG 230 Full Guard - 1 Year Subscription,CODEGREEN SYSTEMS,MACRO,PO for Sophos SG 230 Full Guard - 1 Year Subscription,Office Assets,Office Assets,2300.07,USD,2022,12,1569,RFPO-1569-O32,Base PO
RFPO-1192-V4324-1,05 Dec 2022,"PO for SUPPLY, INSTALLATION, TESTING AND COMMISIONING OF FIRE ALARM SYSTEM WITH AMC 1 YEAR",MISSION FIRESAFETY LLC,MVL Nepal,"PO for SUPPLY, INSTALLATION, TESTING AND COMMISIONING OF FIRE ALARM SYSTEM WITH AMC 1 YEAR",Various,Various,353.98,USD,2022,12,1192,RFPO-1192-V4324,Base PO
RFPO-5327-V40000-1,30 Nov 2022,PO for PACKAGED AIR CONDITIONING UNIT (RTU-1),Mohamed Abdulrahman Al-Bahar Electrical & Electronics Appliances,MACRO,PO for PACKAGED AIR CONDITIONING UNIT (RTU-1),Various,Various,95872.6,USD,2022,11,5327,RFPO-5327-V40000,Base PO
RFPO-1569-O31-1,29 Nov 2022,PO for UNIFI 48 PORT SWITCH (USW-48,AL ANEEQ COMPUTER DEVICES TRADING LLC,MACRO,PO for UNIFI 48 PORT SWITCH (USW-48,Office Assets,Office Assets,2236.9,USD,2022,11,1569,RFPO-1569-O31,Base PO
RFPO-4814-A5203-1,25 Nov 2022,PO for Aluminum Windows,Lakshmi Metal Tech LLC,MACRO,PO for Aluminum Windows,Architectural,Architectural,226427.07,USD,2022,11,4814,RFPO-4814-A5203,Base PO
RFPO-5213-V40009-1,14 Nov 2022,SHELVING SYSTEM,Arcoma Storage & Handling Solution,MACRO,SHELVING SYSTEM,Various,Various,146666.67,USD,2022,11,5213,RFPO-5213-V40009,Base PO
RFPO-1192-V4323-1,11 Nov 2022,PO for SLAB WITHOUT FACING (SXXX) Densitiy: 64Kg M3 Thickness: 50mm  Size: 1.2 Mtr by .6 mtr,FUJAIRAH ROCKWOOL FACTORY,MVL Nepal,PO for SLAB WITHOUT FACING (SXXX) Densitiy: 64Kg M3 Thickness: 50mm  Size: 1.2 Mtr by .6 mtr,Various,Various,1347.86,USD,2022,11,1192,RFPO-1192-V4323,Base PO
RFPO-1569-O30-1,09 Nov 2022,"PO for HP 290G4 I5 10400 8GB RAM 1TB HDD + 256 GB SSD, Zotec GT710  2GB DDR3 HDMI, VGA, Win 10 Pro, 1 yr",AL KOFA COMPUTER TRADING LLC,MACRO,"PO for HP 290G4 I5 10400 8GB RAM 1TB HDD + 256 GB SSD, Zotec GT710  2GB DDR3 HDMI, VGA, Win 10 Pro, 1 yr",Office Assets,Office Assets,844.11,USD,2022,11,1569,RFPO-1569-O30,Base PO
RFPO-5213-V40008-1,08 Nov 2022,DOCK LEVELER W/STANDARD BUMPER AND VEHICLE RESTRAINT (RITEHITE),LOC8 EQUIPMENT TRADING LLC,MACRO,DOCK LEVELER W/STANDARD BUMPER AND VEHICLE RESTRAINT (RITEHITE),Various,Various,29766.26,USD,2022,11,5213,RFPO-5213-V40008,Base PO
RFPO-1569-S9074-2,03 Nov 2022,Supply and Installation of Furnitures,The Toolkit Interior Decoration LLC,MACRO,Supply and Installation of Furnitures,Services,Services,8168.82,USD,2022,11,1569,RFPO-1569-S9074,Change Order
RFPO-1569-S9074-3,03 Nov 2022,Supply and Installation of Furnitures,The Toolkit Interior Decoration LLC,MACRO,Supply and Installation of Furnitures,Services,Services,6426.14,USD,2022,11,1569,RFPO-1569-S9074,Change Order
RFPO-1569-S9074-1,02 Nov 2022,PO for Supply and Installation of Furnitures,The Toolkit Interior Decoration LLC,MACRO,PO for Supply and Installation of Furnitures,Services,Services,9312.46,USD,2022,11,1569,RFPO-1569-S9074,Base PO
RFPO-1569-V4396-1,27 Oct 2022,PO for ORYX ROLLER BLINDS - MANUAL  WIDTH  1820 HEIGHT 1500,BAFCO TRADING LLC,FIRESTOP,PO for ORYX ROLLER BLINDS - MANUAL  WIDTH  1820 HEIGHT 1500,Various,Various,632.08,USD,2022,10,1569,RFPO-1569-V4396,Base PO
RFPO-1569-V4395-1,26 Oct 2022,PO for Konnect Straight,BAFCO TRADING LLC,FIRESTOP,PO for Konnect Straight,Various,Various,1114.36,USD,2022,10,1569,RFPO-1569-V4395,Base PO
RFPO-5153-V4351-1,26 Oct 2022,PO for RICOH MPC 3004 Green Line (configuration with 2 drawers + cabinet + nr. 1 WIFI adapter). with 6 months warranty upon delivery and installation.,Gamma S.p.A.,MACRO,PO for RICOH MPC 3004 Green Line (configuration with 2 drawers + cabinet + nr. 1 WIFI adapter). with 6 months warranty upon delivery and installation.,Various,Various,5596.09,USD,2022,10,5153,RFPO-5153-V4351,Base PO
RFPO-1192-V4447-1,26 Oct 2022,PO for SHARP MX61FT BLACK TONER,Printek  SUPPLIES L.L.C,MICRON,PO for SHARP MX61FT BLACK TONER,Various,Various,1012.93,USD,2022,10,1192,RFPO-1192-V4447,Base PO
RFPO-4814-V40002-1,20 Oct 2022,MISSILE IMPACT SKYLIGHT PANELS,MAXIM HURRICANE RESISTANT SKYLIGHTS,MACRO,MISSILE IMPACT SKYLIGHT PANELS,Various,Various,68973.66,USD,2022,10,4814,RFPO-4814-V40002,Base PO
RFPO-5410-V40001-1,19 Oct 2022,VEHICLE BARRIER,"GIBRALTAR PERIMETER SECURITY, LP",MACRO,VEHICLE BARRIER,Various,Various,306785.0,USD,2022,10,5410,RFPO-5410-V40001,Base PO
RFPO-1569-R1503-1,19 Oct 2022,PO for Model – SHARP MX-3051 – 30PPM – High Quality Color,NEW SMART OFFICE AUTOMATION LLC,FIRESTOP,PO for Model – SHARP MX-3051 – 30PPM – High Quality Color,Rental,Rental,4607.22,USD,2022,10,1569,RFPO-1569-R1503,Base PO
RFPO-1569-V4266-1,18 Oct 2022,"PO for HP 290G4 I5 10400 8GB RAM 1TB HDD + 256 GB SSD, VGA ASUS GT730 2GB DDR5 4*HDMI, win 10 pro, 1 yr",AL KOFA COMPUTER TRADING LLC,MACRO,"PO for HP 290G4 I5 10400 8GB RAM 1TB HDD + 256 GB SSD, VGA ASUS GT730 2GB DDR5 4*HDMI, win 10 pro, 1 yr",Various,Various,2807.35,USD,2022,10,1569,RFPO-1569-V4266,Base PO
RFPO-5213-V40006-1,11 Oct 2022,PO for Dayton Superior PC110 OSHA Rebar Caps Fits no 3- no11 Rebar Sizes (100 Pack),GCC Distribution LLC,MACRO,PO for Dayton Superior PC110 OSHA Rebar Caps Fits no 3- no11 Rebar Sizes (100 Pack),Various,Various,1020.0,USD,2022,10,5213,RFPO-5213-V40006,Base PO
RFPO-1192-V4322-1,10 Oct 2022,PO for SLAB WITHOUT FACING SXXX Density 160Kg M3 Thickness 50mm Size1.2 Mtr X .6 Mtr. 360 SQM,FUJAIRAH ROCKWOOL FACTORY,MVL Nepal,PO for SLAB WITHOUT FACING SXXX Density 160Kg M3 Thickness 50mm Size1.2 Mtr X .6 Mtr. 360 SQM,Various,Various,3416.2,USD,2022,10,1192,RFPO-1192-V4322,Base PO
RFPO-5193-E6800-1,10 Oct 2022,"PO for Type Ref No.1 600mm X 600mm TROFFER, MOUNTED IN GRID",ALC ADVANCED LIGHTING COMPANY,MACRO,"PO for Type Ref No.1 600mm X 600mm TROFFER, MOUNTED IN GRID",Electrical,Electrical,32466.67,USD,2022,10,5193,RFPO-5193-E6800,Base PO
RFPO-3742-V4265-1,05 Oct 2022,PO for Cummins Generator Service (3 nos of Generator),"Cummins Arabia, Kuwait",MACRO,PO for Cummins Generator Service (3 nos of Generator),Various,Various,4159.9,USD,2022,10,3742,RFPO-3742-V4265,Base PO
RFPO-5213-V40004-1,29 Sep 2022,PO for Cell vent – 3/8 inch thickness x 5.5 inch Depth x 8 inch  Height Brand Wire-Bond Color Cocoa/ Tan,GCC Distribution LLC,MACRO,PO for Cell vent – 3/8 inch thickness x 5.5 inch Depth x 8 inch  Height Brand Wire-Bond Color Cocoa/ Tan,Various,Various,9495.0,USD,2022,9,5213,RFPO-5213-V40004,Base PO
RFPO-5503-O1-2,29 Sep 2022,PO for Laptop HP 15S-FQ2008NV (Intel Core i7-1165G7/16GB/1TB SSD,Public BUSINESS,MACRO,PO for Laptop HP 15S-FQ2008NV (Intel Core i7-1165G7/16GB/1TB SSD,Office Assets,Office Assets,2232.65,USD,2022,9,5503,RFPO-5503-O1,Change Order
RFPO-1569-O29-1,28 Sep 2022,"PO for CMMC LEVEL 3 SELF ASSESSMENT - SCOPE OF ASSESSMENT MICHIGAN, DUBAI, AND LEBANON",DNV BUSINESS ASSURANCE Group AS Dubai Branch,MACRO,"PO for CMMC LEVEL 3 SELF ASSESSMENT - SCOPE OF ASSESSMENT MICHIGAN, DUBAI, AND LEBANON",Office Assets,Office Assets,17426.82,USD,2022,9,1569,RFPO-1569-O29,Base PO
RFPO-5503-O1-1,28 Sep 2022,PO for Laptop HP 15S-FQ2008NV (Intel Core i7-1165G7/16GB/1TB SSD,Public BUSINESS,MACRO,PO for Laptop HP 15S-FQ2008NV (Intel Core i7-1165G7/16GB/1TB SSD,Office Assets,Office Assets,2768.41,USD,2022,9,5503,RFPO-5503-O1,Base PO
RFPO-5213-V40003-1,22 Sep 2022,PO for Translucent Wall Panels (KALWALL) (NINE OPENINGS 2000MM X 1000MM),M. S. Al Sarraj Est. Trading & Contr,MACRO,PO for Translucent Wall Panels (KALWALL) (NINE OPENINGS 2000MM X 1000MM),Various,Various,36800.0,USD,2022,9,5213,RFPO-5213-V40003,Base PO
Fresh PO-329,22 Sep 2022,Supply of Fire Rated Cabinet,TIC LIGHT ELECTRICAL CORP,Unknown,Supply of Fire Rated Cabinet,Various,Various,2949.94,USD,2022,9,329,Fresh PO-329,Base PO
RFPO-5503-V4351-1,21 Sep 2022,PO for PHOTOCOPY MACHINE KONICA MINOLTA C250 (New) PHOTOCOPY MACHINE 250i,ZACHARAKIS GIANNIS  OFFICE MACHINES,MACRO,PO for PHOTOCOPY MACHINE KONICA MINOLTA C250 (New) PHOTOCOPY MACHINE 250i,Various,Various,4393.91,USD,2022,9,5503,RFPO-5503-V4351,Base PO
RFPO-1192-V4445-1,20 Sep 2022,PO for A4 SIZE PAPER 80 GSM  AA BRAND 80 GSM,GRAND STATIONERY CO LLC,FIRESTOP,PO for A4 SIZE PAPER 80 GSM  AA BRAND 80 GSM,Various,Various,551.26,USD,2022,9,1192,RFPO-1192-V4445,Base PO
RFPO-4814-A5202-1,15 Sep 2022,SUPPLY AND DELIVERY OF WOODEN DOORS HARDWARE,Vulcan Industries LLC,MACRO,SUPPLY AND DELIVERY OF WOODEN DOORS HARDWARE,Architectural,Architectural,122724.3,USD,2022,9,4814,RFPO-4814-A5202,Base PO
RFPO-1569-S9003-1,12 Sep 2022,PO for Removal of existing signboard and deliver it to DIP warehouse location.,ISRA Middle East,MACRO,PO for Removal of existing signboard and deliver it to DIP warehouse location.,Services,Services,435.67,USD,2022,9,1569,RFPO-1569-S9003,Base PO
RFPO-5213-S9089-1,06 Sep 2022,CLADDING MATERIALS,Staines International Group General Trading and Contracting Co. WLL,MVL SOLUTIONS,CLADDING MATERIALS,Services,Services,205276.597,USD,2022,9,5213,RFPO-5213-S9089,Base PO
RFPO-4814-M4105-2,16 Aug 2022,"PO for SUPPLY OF NFPA 22 APPROVED GALVANIZED STEEL BOLTED TANK WITH DWI APPROVED LINER. MAKE: BALMORAL UK. 6.24 MTRS DIA; 8.2 MTRS HEIGHT, 229M3 NET CAPACITY, 2A SEISMI",ALIGN ELECTROMECHANICAL WORK LLC,MACRO,"PO for SUPPLY OF NFPA 22 APPROVED GALVANIZED STEEL BOLTED TANK WITH DWI APPROVED LINER. MAKE: BALMORAL UK. 6.24 MTRS DIA; 8.2 MTRS HEIGHT, 229M3 NET CAPACITY, 2A SEISMI",Mechanical,Mechanical,122260.04,USD,2022,8,4814,RFPO-4814-M4105,Change Order
RFPO-5213-V4352-1,15 Aug 2022,"PO for 36 Unit First Aid Kit With BBP And CPR, Metal Case First Aid Only Sku  5499",REDA Safe,MACRO,"PO for 36 Unit First Aid Kit With BBP And CPR, Metal Case First Aid Only Sku  5499",Various,Various,320.0,USD,2022,8,5213,RFPO-5213-V4352,Base PO
RFPO-5213-V4351-1,15 Aug 2022,PO for EXAMINATION TABLE,White Box,MACRO,PO for EXAMINATION TABLE,Various,Various,725.6,USD,2022,8,5213,RFPO-5213-V4351,Base PO
RFPO-1192-V4444-1,11 Aug 2022,PO for Skimming of Hydraulic pump moto rotor armature commutator segment - 1no Skimming of Hydraulic pump moto rotor armature commutator segment - 1no,BESTWAY HEAVY EQUIPMENT REPAIRING LLC,FIRESTOP,PO for Skimming of Hydraulic pump moto rotor armature commutator segment - 1no Skimming of Hydraulic pump moto rotor armature commutator segment - 1no,Various,Various,178.35,USD,2022,8,1192,RFPO-1192-V4444,Base PO
RFPO-1192-V4320-1,08 Aug 2022,PO for SUPPLY OF MAKING SAMPLE BOARDS 6MM THICK WITH HANDLE - 40 X 60 CM,Al Masood Carpentry Workshop,FIRESTOP,PO for SUPPLY OF MAKING SAMPLE BOARDS 6MM THICK WITH HANDLE - 40 X 60 CM,Various,Various,326.75,USD,2022,8,1192,RFPO-1192-V4320,Base PO
RFPO-1192-V4321-1,08 Aug 2022,PO for FRF Unfaced Slabs(SXXX) with 50mm thickness X 160kg/M3,FUJAIRAH ROCKWOOL FACTORY,MVL Nepal,PO for FRF Unfaced Slabs(SXXX) with 50mm thickness X 160kg/M3,Various,Various,5803.13,USD,2022,8,1192,RFPO-1192-V4321,Base PO
RFPO-5213-V40002-1,03 Aug 2022,PO for Unitech Bituboard- Bitumen Filler Board Size: 12  MM X 1180X2250mm - Made in Poland .,UNITECH (ISAM KABBANI AND PARTNERS),MACRO,PO for Unitech Bituboard- Bitumen Filler Board Size: 12  MM X 1180X2250mm - Made in Poland .,Various,Various,689.0,USD,2022,8,5213,RFPO-5213-V40002,Base PO
RFPO-5327-S9073-1,02 Aug 2022,PO for External Roof and Wall Cladding for Weather Shelter A and B,DALAL STEEL INDUSTRIES,FIRESTOP,PO for External Roof and Wall Cladding for Weather Shelter A and B,Services,Services,295200.0,USD,2022,8,5327,RFPO-5327-S9073,Base PO
RFPO-4814-M4106-1,01 Aug 2022,"PO for Supply, Delivery and Testing & Commissioning of Backup Generator with Integral Fuel Tank",JUBAILI BROS  WLL,MW-OCS,"PO for Supply, Delivery and Testing & Commissioning of Backup Generator with Integral Fuel Tank",Mechanical,Mechanical,56456.04,USD,2022,8,4814,RFPO-4814-M4106,Base PO
RFPO-4814-E6800-1,21 Jul 2022,PO for Entek-Turkey SPG2 versio recessed 20W 60x60 recessed Panel light .IP44 3500K CRI80 with 0-10V Dimmable driver,CREO LIGHTING CO.,MACRO,PO for Entek-Turkey SPG2 versio recessed 20W 60x60 recessed Panel light .IP44 3500K CRI80 with 0-10V Dimmable driver,Electrical,Electrical,81175.82,USD,2022,7,4814,RFPO-4814-E6800,Base PO
PO-1005-M7044-1,28 Jun 2022,Fire Department Connection,TIC LIGHT ELECTRICAL CORP,MACRO,Fire Department Connection,Mechanical,Mechanical,2376.78,USD,2022,6,1005,PO-1005-M7044,Base PO
RFPO-1569-V4265-1,22 Jun 2022,PO for INSECTICIDAL AND RESIDUAL SPRAY/GEL TREATMENT (ONE TIME SERVICE),QUALITY PEST CONTROL LLC,MACRO,PO for INSECTICIDAL AND RESIDUAL SPRAY/GEL TREATMENT (ONE TIME SERVICE),Various,Various,95.3,USD,2022,6,1569,RFPO-1569-V4265,Base PO
RFPO-5213-V40001-1,13 Jun 2022,PO for 6 TOILETS + 6 WASHBASINS  (6M X 3.75M),JABAL CONTRACTING COMPANY,MACRO,PO for 6 TOILETS + 6 WASHBASINS  (6M X 3.75M),Various,Various,12386.67,USD,2022,6,5213,RFPO-5213-V40001,Base PO
RFPO-5213-S9082-2,13 Jun 2022,PO for Steel Skeleton Building [A] Warehouse,Kirby Contracting Company (SPC) L.L.C.,MACRO,PO for Steel Skeleton Building [A] Warehouse,Services,Services,308200.0,USD,2022,6,5213,RFPO-5213-S9082,Change Order
RFPO-4814-A5201-1,06 Jun 2022,PO for VERTICAL LIFT DOOR (THERMOSTOP GLACE-GUARD MODEL MARK III-266. WIDTH 3600MM X HEIGHT 3657MM,Techtradedoors Trading L.L.C,MACRO,PO for VERTICAL LIFT DOOR (THERMOSTOP GLACE-GUARD MODEL MARK III-266. WIDTH 3600MM X HEIGHT 3657MM,Architectural,Architectural,98819.23,USD,2022,6,4814,RFPO-4814-A5201,Base PO
RFPO-1569-O28-1,02 Jun 2022,PO for HIGH PERFORMANCE DESKTOP AS PER SPECIFICATIONS,Anigma Technology,MACRO,PO for HIGH PERFORMANCE DESKTOP AS PER SPECIFICATIONS,Office Assets,Office Assets,953.03,USD,2022,6,1569,RFPO-1569-O28,Base PO
RFPO-4814-V4200-1,02 Jun 2022,PO for FLATBED  TRAILERS WITH DRIVER,QATAR TRADING AND TRANSPORT COMPANY,MACRO,PO for FLATBED  TRAILERS WITH DRIVER,Various,Various,219.78,USD,2022,6,4814,RFPO-4814-V4200,Base PO
RFPO-3742-V4264C-1,31 May 2022,PO for MANLIFT WITH FUEL,British Link Kuwait,"MVL USA, INC",PO for MANLIFT WITH FUEL,Various,Various,1787.46,USD,2022,5,3742,RFPO-3742-V4264C,Base PO
RFPO-1569-V4394-1,25 May 2022,PO for EIFFEL MESH ERGONOMIC CHAIR,SMART SPACE TECHNICAL SERVICE LLC,MACRO,PO for EIFFEL MESH ERGONOMIC CHAIR,Various,Various,334.01,USD,2022,5,1569,RFPO-1569-V4394,Base PO
RFPO-5342-M4101-1,20 May 2022,"PO for SUPPLY OF 4 WAY, 12KV, 25KA/1SEC, 630A RMU, RM6 TYPE WITH OUTDOOR ENCLOSURE WITH 3 NOS 400-300/1A, CLASS X CT, 1 NOS SOLKOR RF WITH TEST TERMINAL BLOCK FOR VCB FEEDER AND OTHER DETAILS AS PER A",INDUSTRIAL ELECTRICAL PROJECTS CO.,MACRO,"PO for SUPPLY OF 4 WAY, 12KV, 25KA/1SEC, 630A RMU, RM6 TYPE WITH OUTDOOR ENCLOSURE WITH 3 NOS 400-300/1A, CLASS X CT, 1 NOS SOLKOR RF WITH TEST TERMINAL BLOCK FOR VCB FEEDER AND OTHER DETAILS AS PER A",Mechanical,Mechanical,65849.85,USD,2022,5,5342,RFPO-5342-M4101,Base PO
RFPO-3742-V4264B-1,11 May 2022,PO for MANLIFT WITH FUEL,British Link Kuwait,"MVL USA, INC",PO for MANLIFT WITH FUEL,Various,Various,2112.45,USD,2022,5,3742,RFPO-3742-V4264B,Base PO
RFPO-4814-M4105-1,09 May 2022,"PO for SUPPLY OF NFPA 22 APPROVED GALVANIZED STEEL BOLTED TANK WITH DWI APPROVED LINER. MAKE: BALMORAL UK. 6.24 MTRS DIA; 8.2 MTRS HEIGHT, 229M3 NET CAPACITY, 2A SEISMI",ALIGN ELECTROMECHANICAL WORK LLC,MACRO,"PO for SUPPLY OF NFPA 22 APPROVED GALVANIZED STEEL BOLTED TANK WITH DWI APPROVED LINER. MAKE: BALMORAL UK. 6.24 MTRS DIA; 8.2 MTRS HEIGHT, 229M3 NET CAPACITY, 2A SEISMI",Mechanical,Mechanical,119809.39,USD,2022,5,4814,RFPO-4814-M4105,Base PO
RFPO-3742-R1501A-1,09 May 2022,PO for RENT OF FORKLIFT,AMJAD GHARNATA GEN. CONT. FOR BLDG. CO.,"MVL USA, INC",PO for RENT OF FORKLIFT,Rental,Rental,6560.77,USD,2022,5,3742,RFPO-3742-R1501A,Base PO
RFPO-1192-V4440-1,28 Apr 2022,PO for SHARP MX61FT BLACK TONER CART,Printek  SUPPLIES L.L.C,FIRESTOP,PO for SHARP MX61FT BLACK TONER CART,Various,Various,503.74,USD,2022,4,1192,RFPO-1192-V4440,Base PO
RFPO-3550-V4383-1,20 Apr 2022,PO for Tencate geogrid 200/50 ( Roll Size 520 sqm x 2 Nos),S.TECH ENGINEERING &amp; CONSTRUCTION CO. (P) LTD.,FIRESTOP,PO for Tencate geogrid 200/50 ( Roll Size 520 sqm x 2 Nos),Various,Various,1057680.0,USD,2022,4,3550,RFPO-3550-V4383,Base PO
RFPO-3550-V4384-1,20 Apr 2022,PO for Tencate geogrid 200/50 ( Roll Size 520 sqm x 2 Nos),S.TECH ENGINEERING &amp; CONSTRUCTION CO. (P) LTD.,FIRESTOP,PO for Tencate geogrid 200/50 ( Roll Size 520 sqm x 2 Nos),Various,Various,1057680.0,USD,2022,4,3550,RFPO-3550-V4384,Base PO
Fresh PO-324,18 Apr 2022,"I5207-1 X A X [4- F CKC, 3 KEYS] 626 Permanent Core","Framaco International, Inc",Unknown,"I5207-1 X A X [4- F CKC, 3 KEYS] 626 Permanent Core",Various,Various,100.0,USD,2022,4,324,Fresh PO-324,Base PO
RFPO-1192-V4319-1,18 Apr 2022,PO for Slab Without Facing SXXX Density 64kg M3 Thickness 50mm Size 1.2 MtrX.6 Mtr 360 m2.,FUJAIRAH ROCKWOOL FACTORY,MVL Nepal,PO for Slab Without Facing SXXX Density 64kg M3 Thickness 50mm Size 1.2 MtrX.6 Mtr 360 m2.,Various,Various,1347.86,USD,2022,4,1192,RFPO-1192-V4319,Base PO
RFPO-3742-V4264A-1,18 Apr 2022,RENTAL OF MANLIFT WITH FUEL,British Link Kuwait,"MVL USA, INC",RENTAL OF MANLIFT WITH FUEL,Various,Various,1462.46,USD,2022,4,3742,RFPO-3742-V4264A,Base PO
RFPO-3734-S9113-1,14 Apr 2022,PO for Electrical Foreman,SBK Oilfield Services,"MVL USA, INC",PO for Electrical Foreman,Services,Services,1153.85,USD,2022,4,3734,RFPO-3734-S9113,Base PO
RFPO-3742-R1501-1,11 Apr 2022,PO for RENT OF FORKLIFT,Amjad Gharnata Gen. Cont. co. for Bldg.,FIRESTOP,PO for RENT OF FORKLIFT,Rental,Rental,4549.89,USD,2022,4,3742,RFPO-3742-R1501,Base PO
RFPO-3742-V4264-1,31 Mar 2022,PO for MANLIFT WITH FUEL,British Link Kuwait,MACRO,PO for MANLIFT WITH FUEL,Various,Various,1462.46,USD,2022,3,3742,RFPO-3742-V4264,Base PO
RFPO-4814-V40001-1,23 Mar 2022,PO for BACK FILL QCS2014 as per Stockpike 06 Engineering Backfill Material Test Reports.,AL Tanawa Trading &amp; Contracting,MACRO,PO for BACK FILL QCS2014 as per Stockpike 06 Engineering Backfill Material Test Reports.,Various,Various,111813.19,USD,2022,3,4814,RFPO-4814-V40001,Base PO
RFPO-5213-V40000-1,21 Mar 2022,PO for FLOW TEST FOR FIRE HYDRANT SYSTEM,NAFFCO KSA,MACRO,PO for FLOW TEST FOR FIRE HYDRANT SYSTEM,Various,Various,3066.67,USD,2022,3,5213,RFPO-5213-V40000,Base PO
RFPO-4814-S9088-1,14 Mar 2022,"PO for Insulated Wall Panel, including fixing accessories: fabricated from two sheets of metal with modified polyisocyanurate or polyurethane foam insulation core foamed-in-place during fabrication wi",Staines International Group General Trading and Contracting Co. WLL,MACRO,"PO for Insulated Wall Panel, including fixing accessories: fabricated from two sheets of metal with modified polyisocyanurate or polyurethane foam insulation core foamed-in-place during fabrication wi",Services,Services,592158.0,USD,2022,3,4814,RFPO-4814-S9088,Base PO
RFPO-3742-V4263-1,14 Mar 2022,PO for MANLIFT WITH FUEL,British Link Kuwait,MACRO,PO for MANLIFT WITH FUEL,Various,Various,1917.45,USD,2022,3,3742,RFPO-3742-V4263,Base PO
RFPO-1192-F11676-1,09 Mar 2022,PO for TESTING OF INSS2460 (USEPA-600/R-93/116 AND  ASTM C518),Wimpey Laboratories (WD) - Dubai,FIRESTOP,PO for TESTING OF INSS2460 (USEPA-600/R-93/116 AND  ASTM C518),Fire,Fire,313.14,USD,2022,3,1192,RFPO-1192-F11676,Base PO
RFPO-4814-V40000-1,03 Mar 2022,PO for 40KVA 3/3 Modular UPS-15 minutes BUT,ENGINEERING SUPPLIES COMPANY (E & I) W.L.L,MACRO,PO for 40KVA 3/3 Modular UPS-15 minutes BUT,Various,Various,17429.95,USD,2022,3,4814,RFPO-4814-V40000,Base PO
RFPO-5270-O1-1,02 Mar 2022,PO for Brother MFC-T4500DW Inkjet MFP A3,Accent Office Supplies Trading Co LLC,MACRO,PO for Brother MFC-T4500DW Inkjet MFP A3,Office Assets,Office Assets,634.17,USD,2022,3,5270,RFPO-5270-O1,Base PO
RFPO-1569-O27-1,23 Feb 2022,PO for ESET Endpoint Protection  Advanced Renewal for a Year,Burhani Computers Trading LLC,MACRO,PO for ESET Endpoint Protection  Advanced Renewal for a Year,Office Assets,Office Assets,988.43,USD,2022,2,1569,RFPO-1569-O27,Base PO
RFPO-3742-V4262-1,23 Feb 2022,"RENTAL OF BOOM TRUCK, MANLIFT AND FORKLIFT",British Link Kuwait,MACRO,"RENTAL OF BOOM TRUCK, MANLIFT AND FORKLIFT",Various,Various,3379.92,USD,2022,2,3742,RFPO-3742-V4262,Base PO
RFPO-1569-O26-1,22 Feb 2022,PO for MICROSOFT AZURE SUBSCRIPTION (PAY AS YOU GO),Burhani Computers Trading LLC,MACRO,PO for MICROSOFT AZURE SUBSCRIPTION (PAY AS YOU GO),Office Assets,Office Assets,990.06,USD,2022,2,1569,RFPO-1569-O26,Base PO
RFPO-1192-F11628-1,21 Feb 2022,PO for  TESTING FOR NWS 2000 & SGS6000,Wimpey Laboratories (WD) - Dubai,FIRESTOP,PO for  TESTING FOR NWS 2000 & SGS6000,Fire,Fire,626.28,USD,2022,2,1192,RFPO-1192-F11628,Base PO
RFPO-1192-V4318-1,16 Feb 2022,PO for Slab Without Facing SXXX Density 64kg M3 Thickness 50mm Size 1.2 MtrX.6 Mtr 360 M2,FUJAIRAH ROCKWOOL FACTORY,MVL Nepal,PO for Slab Without Facing SXXX Density 64kg M3 Thickness 50mm Size 1.2 MtrX.6 Mtr 360 M2,Various,Various,1276.3,USD,2022,2,1192,RFPO-1192-V4318,Base PO
RFPO-4814-E6801-1,07 Feb 2022,PO for Entek-Turkey SPG2 versio recessed 20W 60x60 recessed Panel light .IP44 3500K CRI80 with 0-10V Dimmable driver,CREO LIGHTING CO.,MACRO,PO for Entek-Turkey SPG2 versio recessed 20W 60x60 recessed Panel light .IP44 3500K CRI80 with 0-10V Dimmable driver,Electrical,Electrical,2005.49,USD,2022,2,4814,RFPO-4814-E6801,Base PO
RFPO-1192-F11596-1,03 Feb 2022,PO for VOC - CDPH (INSS1186 and INSS1440),Wimpey Laboratories (WD) - Dubai,FIRESTOP,PO for VOC - CDPH (INSS1186 and INSS1440),Fire,Fire,3267.53,USD,2022,2,1192,RFPO-1192-F11596,Base PO
RFPO-4814-M4104-1,02 Feb 2022,PO for CONTROL PANEL-1 (AS PER APPROVED SUBMITTAL),Carrier Solutions Contracting and Trading and Services W.L.L.,MACRO,PO for CONTROL PANEL-1 (AS PER APPROVED SUBMITTAL),Mechanical,Mechanical,17043.96,USD,2022,2,4814,RFPO-4814-M4104,Base PO
Fresh PO-323,25 Jan 2022,RECTIFICATION WITH REQUIRED FENCE MATERIALS AS PER SITE VISIT,S & B Fencing Fixing LLC,Unknown,RECTIFICATION WITH REQUIRED FENCE MATERIALS AS PER SITE VISIT,Various,Various,544.59,USD,2022,1,323,Fresh PO-323,Base PO
Fresh PO-322,20 Jan 2022,PO for JFS141052 - Full Inspection - Explosion-proof Air Conditioner (Wall mounted),V-Trust Inspection Service Co. Ltd.,Unknown,PO for JFS141052 - Full Inspection - Explosion-proof Air Conditioner (Wall mounted),Various,Various,268.0,USD,2022,1,322,Fresh PO-322,Base PO
RFPO-3742-V4261-4,18 Jan 2022,PO for RENTAL OF Manlift  WITH OPERATOR AND FUEL,British Link Kuwait,MACRO,PO for RENTAL OF Manlift  WITH OPERATOR AND FUEL,Various,Various,584.99,USD,2022,1,3742,RFPO-3742-V4261,Change Order
RFPO-3742-V4261-3,12 Jan 2022,PO for BOOMTRUCK WITH OPERATOR AND FUEL,British Link Kuwait,MACRO,PO for BOOMTRUCK WITH OPERATOR AND FUEL,Various,Various,2437.44,USD,2022,1,3742,RFPO-3742-V4261,Change Order
RFPO-1192-S9073-1,04 Jan 2022,PO for Nissan Kicks ( Mini Suv) 2019 Monthly Rental - Islam,SEL Car Rental LLC,FIRESTOP,PO for Nissan Kicks ( Mini Suv) 2019 Monthly Rental - Islam,Services,Services,599.05,USD,2022,1,1192,RFPO-1192-S9073,Base PO
RFPO-3742-V4261-2,03 Jan 2022,PO for RENTAL OF MANLIFT WITH OPERATOR,British Link Kuwait,MACRO,PO for RENTAL OF MANLIFT WITH OPERATOR,Various,Various,1787.46,USD,2022,1,3742,RFPO-3742-V4261,Change Order
RFPO-1192-V4317-1,26 Dec 2021,PO for SLAB WITHOUT FACING (SXXX) Density: 160Kg/M3 Thickness: 120mm Size:1.2 MtrX .6 Mtr.,FUJAIRAH ROCKWOOL FACTORY,FIRESTOP,PO for SLAB WITHOUT FACING (SXXX) Density: 160Kg/M3 Thickness: 120mm Size:1.2 MtrX .6 Mtr.,Various,Various,1584.78,USD,2021,12,1192,RFPO-1192-V4317,Base PO
RFPO-3742-V4255-3,22 Dec 2021,"DESIGN, SUPPLY, INSTALLATION, COMMISSIONING AND TRAINING OF OPERATORS OF BLAST ROOM, PAINT ROOM & PAINT MIXING ROOM",Prism Tech Engineering LLC,MACRO,"DESIGN, SUPPLY, INSTALLATION, COMMISSIONING AND TRAINING OF OPERATORS OF BLAST ROOM, PAINT ROOM & PAINT MIXING ROOM",Various,Various,509820.56,USD,2021,12,3742,RFPO-3742-V4255,Change Order
RFPO-3742-V4261-1,22 Dec 2021,PO for BOOMTRUCK WITH OPERATOR AND FUEL,British Link Kuwait,MACRO,PO for BOOMTRUCK WITH OPERATOR AND FUEL,Various,Various,3249.92,USD,2021,12,3742,RFPO-3742-V4261,Base PO
RFPO-1569-R1502-1,19 Dec 2021,PO for Model – SHARP MX-3051 – 30PPM – High Quality Color,NEW SMART OFFICE AUTOMATION LLC,FIRESTOP,PO for Model – SHARP MX-3051 – 30PPM – High Quality Color,Rental,Rental,4629.01,USD,2021,12,1569,RFPO-1569-R1502,Base PO
-319,16 Dec 2021,KEYING SYSTEM- CSOF-Submittal R2-Cost add for Keying Changes-Freight,"Framaco International, Inc",Unknown,KEYING SYSTEM- CSOF-Submittal R2-Cost add for Keying Changes-Freight,Various,Various,480.92,USD,2021,12,319,-319,Base PO
Fresh PO-318,16 Dec 2021,KEYING SYSTEM- CSOF-Submittal R2-Cost add for Keying Changes-Freight,"Framaco International, Inc",Unknown,KEYING SYSTEM- CSOF-Submittal R2-Cost add for Keying Changes-Freight,Various,Various,480.92,USD,2021,12,318,Fresh PO-318,Base PO
-314,15 Dec 2021,Explosion-Proof Air Conditioner (Wall Mounted),"Wuxi Kangning Electrical Apparatus for Explosive Atmospheres Co., Ltd",Unknown,Explosion-Proof Air Conditioner (Wall Mounted),Various,Various,5783.0,USD,2021,12,314,-314,Base PO
RFPO-3742-V4260-1,14 Dec 2021,PO for RENTAL OF FORKLIFT  MOBILIZATION  & DEMOBILIZATION  CHARGES COMPLETE WITH BADGE OPERATOR,British Link Kuwait,MVL VENTURES,PO for RENTAL OF FORKLIFT  MOBILIZATION  & DEMOBILIZATION  CHARGES COMPLETE WITH BADGE OPERATOR,Various,Various,4647.38,USD,2021,12,3742,RFPO-3742-V4260,Base PO
RFPO-1192-V4439-1,06 Dec 2021,PO for EOTA TR 024 (INFS0812) AND EOTA TR 024 (INSS1440) TESTING,Materials Testing Institute University of Stuggart,FIRESTOP,PO for EOTA TR 024 (INFS0812) AND EOTA TR 024 (INSS1440) TESTING,Various,Various,5646.52,USD,2021,12,1192,RFPO-1192-V4439,Base PO
RFPO-1569-V4393-1,05 Dec 2021,PO for A4 size Box files,MBA Stationery Trading LLC,FIRESTOP,PO for A4 size Box files,Various,Various,96.26,USD,2021,12,1569,RFPO-1569-V4393,Base PO
RFPO-3734-S9035-1,29 Nov 2021,PO for Rack Side Accessories as per  Vendor Quotation SHNA/QTN/002975,Al Shaghairi Trading &amp; Contracting Co.WLL (Electra),MACRO,PO for Rack Side Accessories as per  Vendor Quotation SHNA/QTN/002975,Services,Services,2406.59,USD,2021,11,3734,RFPO-3734-S9035,Base PO
RFPO-3734-V4356-1,25 Nov 2021,"PO for ROOM ID - NUMBER AND NAME (MULTIPLE LOCATIONS) - Type H Size: 30cm L X 32.25cm H Materials:  Aluminum silver anodized curve shape with black / gray (optional color) plastic caps, with black div",THE MODERN ADVERTISING CENTER,MACRO,"PO for ROOM ID - NUMBER AND NAME (MULTIPLE LOCATIONS) - Type H Size: 30cm L X 32.25cm H Materials:  Aluminum silver anodized curve shape with black / gray (optional color) plastic caps, with black div",Various,Various,1093.41,USD,2021,11,3734,RFPO-3734-V4356,Base PO
RFPO-4814-M4103-1,25 Nov 2021,CHILLED WATER PUMPS,M.A.H.Y. KHOORY & CO. LLC,MACRO,CHILLED WATER PUMPS,Mechanical,Mechanical,36672.04,USD,2021,11,4814,RFPO-4814-M4103,Base PO
RFPO-3734-M4104-1,25 Nov 2021,GI SUPPORTS FOR THE CABINET COUNTERTOPS,Alaina Engineering Services WLL,MACRO,GI SUPPORTS FOR THE CABINET COUNTERTOPS,Mechanical,Mechanical,824.18,USD,2021,11,3734,RFPO-3734-M4104,Base PO
RFPO-3734-V4257A-3,24 Nov 2021,CHANGE ORDER 02: ADDITIONAL COST FOR THE KEYING SYSTEM (34EA NEW CORES),"Framaco International, Inc",MACRO,CHANGE ORDER 02: ADDITIONAL COST FOR THE KEYING SYSTEM (34EA NEW CORES),Various,Various,2212.0,USD,2021,11,3734,RFPO-3734-V4257A,Change Order
RFPO-1569-O25-1,24 Nov 2021,PO for Sophos SG 230 Full Guard - 1 Year Subscription,CODEGREEN SYSTEMS,MACRO,PO for Sophos SG 230 Full Guard - 1 Year Subscription,Office Assets,Office Assets,2137.51,USD,2021,11,1569,RFPO-1569-O25,Base PO
RFPO-3734-V4353-2,22 Nov 2021,PO for INTERIOR SIGNAGE AS PER QUOTATION REF. TMAC/QT-232 REV. 01/2021,THE MODERN ADVERTISING CENTER,MACRO,PO for INTERIOR SIGNAGE AS PER QUOTATION REF. TMAC/QT-232 REV. 01/2021,Various,Various,9640.11,USD,2021,11,3734,RFPO-3734-V4353,Change Order
RFPO-3734-V4257A-2,22 Nov 2021,PO for LEAVES SINGLE. DOOR TYPE A. WIDTH (mm) 900. HEIGHT (mm) 2150. THICKNESS (mm) 45. FIRE RATING NON. ACOUSTIC STC RATING STC 45. DOOR FINISH WHITE MAPLE. HARDWARE SET 14. FRAME TYPE SINGLE MASONRY,"Framaco International, Inc",MACRO,PO for LEAVES SINGLE. DOOR TYPE A. WIDTH (mm) 900. HEIGHT (mm) 2150. THICKNESS (mm) 45. FIRE RATING NON. ACOUSTIC STC RATING STC 45. DOOR FINISH WHITE MAPLE. HARDWARE SET 14. FRAME TYPE SINGLE MASONRY,Various,Various,147525.68,USD,2021,11,3734,RFPO-3734-V4257A,Change Order
RFPO-1192-V4431-2,21 Nov 2021,"PO for Building Materials & Systems Services, Testing and UL-EU Certification of 4 pipe penetration seals for INSS1440 sealant",UL GMBH,FIRESTOP,"PO for Building Materials & Systems Services, Testing and UL-EU Certification of 4 pipe penetration seals for INSS1440 sealant",Various,Various,23760.0,USD,2021,11,1192,RFPO-1192-V4431,Change Order
RFPO-4814-M4102-1,17 Nov 2021,"AIR COMPRESSOR, AIR DRYER AND AIR LINE FILTER",Oriental Trading Co. Ltd.,MACRO,"AIR COMPRESSOR, AIR DRYER AND AIR LINE FILTER",Mechanical,Mechanical,16788.46,USD,2021,11,4814,RFPO-4814-M4102,Base PO
RFPO-5213-S9082-1,09 Nov 2021,PO for Steel Skeleton Building [A] Warehouse,Kirby Contracting Company (SPC) L.L.C.,MACRO,PO for Steel Skeleton Building [A] Warehouse,Services,Services,283973.33,USD,2021,11,5213,RFPO-5213-S9082,Base PO
RFPO-4814-M4101-3,08 Nov 2021,Air Cooled Screw Chillers,Carrier Solutions Contracting and Trading and Services W.L.L.,MACRO,Air Cooled Screw Chillers,Mechanical,Mechanical,320000.0,USD,2021,11,4814,RFPO-4814-M4101,Change Order
RFPO-3734-V4288-1,08 Nov 2021,PO for ACOUSTICAL CEILING,Road Link Trading &amp; Upholstery W.L.L,FIRESTOP,PO for ACOUSTICAL CEILING,Various,Various,9065.93,USD,2021,11,3734,RFPO-3734-V4288,Base PO
PO-1005-V7034-1,07 Nov 2021,Fire Rated Ceiling Hatch,TIC LIGHT ELECTRICAL CORP,MVL VENTURES,Fire Rated Ceiling Hatch,Various,Various,19097.16,USD,2021,11,1005,PO-1005-V7034,Base PO
RFPO-1192-V4438-1,02 Nov 2021,Firestop Promotional Items 2021,Krossover Gifts Trading LLC,FIRESTOP,Firestop Promotional Items 2021,Various,Various,1518.04,USD,2021,11,1192,RFPO-1192-V4438,Base PO
RFPO-3734-E6802-1,01 Nov 2021,PO for ELT Driver - DLCM 46W 650-1100mA -2E-C2-M4D,AL BAYAN FOR ELECTRONICS & LED TECHNOLOGIES,MACRO,PO for ELT Driver - DLCM 46W 650-1100mA -2E-C2-M4D,Electrical,Electrical,673.35,USD,2021,11,3734,RFPO-3734-E6802,Base PO
RFPO-1192-V4437-1,01 Nov 2021,PO for USB,Krossover Gifts Trading LLC,FIRESTOP,PO for USB,Various,Various,1518.04,USD,2021,11,1192,RFPO-1192-V4437,Base PO
RFPO-3734-V4351-3,01 Nov 2021,PO for KITCHEN CABINETS AND DESKS,Hamad Bin Khalid Contracting Company WLL,MACRO,PO for KITCHEN CABINETS AND DESKS,Various,Various,45845.22,USD,2021,11,3734,RFPO-3734-V4351,Change Order
RFPO-3734-M4103-1,28 Oct 2021,PO for Fabrication and Supply of Cage. (As per given drawing),Alaina Engineering Services WLL,MACRO,PO for Fabrication and Supply of Cage. (As per given drawing),Mechanical,Mechanical,10439.56,USD,2021,10,3734,RFPO-3734-M4103,Base PO
PO-1005-S9049-1,28 Oct 2021,BILCO ROOF HATCH,TIC LIGHT ELECTRICAL CORP,MVL SOLUTIONS,BILCO ROOF HATCH,Services,Services,8949.0,USD,2021,10,1005,PO-1005-S9049,Base PO
RFPO-3734-V4355-1,27 Oct 2021,PO for AIR EXPEDITIONARTY WING SIGNAGE,SIGNMAX TRADING WLL,MVL Nepal,PO for AIR EXPEDITIONARTY WING SIGNAGE,Various,Various,1332.42,USD,2021,10,3734,RFPO-3734-V4355,Base PO
RFPO-3734-M4102-1,19 Oct 2021,PO for AI SHEET CUTTING AND BEDING WITH SIZE 2440*370*1 MMT,Alaina Engineering Services WLL,MACRO,PO for AI SHEET CUTTING AND BEDING WITH SIZE 2440*370*1 MMT,Mechanical,Mechanical,870.88,USD,2021,10,3734,RFPO-3734-M4102,Base PO
RFPO-3742-V4252-2,17 Oct 2021,PEB STEEL STRUCTURE,Kirby Building Systems - Kuwait,MACRO,PEB STEEL STRUCTURE,Various,Various,1584000.0,USD,2021,10,3742,RFPO-3742-V4252,Change Order
RFPO-3742-S9099-1,17 Oct 2021,PO for Elevator Tube Runner around the columns,Kirby Building Systems - Kuwait,"MVL USA, INC",PO for Elevator Tube Runner around the columns,Services,Services,16899.58,USD,2021,10,3742,RFPO-3742-S9099,Base PO
RFPO-1428-V4354-1,17 Oct 2021,"PO for PRE-BID ENGINEERING ACTIVITIES FOR H2S STRIPPER PACKAGE, ADNOC",GSD CONSULTANTS FZ LLE,MACRO,"PO for PRE-BID ENGINEERING ACTIVITIES FOR H2S STRIPPER PACKAGE, ADNOC",Various,Various,8137.5,USD,2021,10,1428,RFPO-1428-V4354,Base PO
RFPO-1192-V4436-1,13 Oct 2021,PO for Shirt Dark Blue with Logo as per excel sheet,Designtex Trading LLC,FIRESTOP,PO for Shirt Dark Blue with Logo as per excel sheet,Various,Various,446.56,USD,2021,10,1192,RFPO-1192-V4436,Base PO
RFPO-1192-V4435-1,12 Oct 2021,PO for LONG SLEEVES AND DRY FIT UNIFORMS,Designtex Trading LLC,FIRESTOP,PO for LONG SLEEVES AND DRY FIT UNIFORMS,Various,Various,765.15,USD,2021,10,1192,RFPO-1192-V4435,Base PO
RFPO-3734-S9033-1,06 Oct 2021,PO for ROAD MARKING (LINES),Excavation & Crushing Company,FIRESTOP,PO for ROAD MARKING (LINES),Services,Services,6787.09,USD,2021,10,3734,RFPO-3734-S9033,Base PO
RFPO-3734-S9034-1,03 Oct 2021,"PO for Grader, Roller and Excavator",QPro Trading & Contracting,MACRO,"PO for Grader, Roller and Excavator",Services,Services,14175.82,USD,2021,10,3734,RFPO-3734-S9034,Base PO
RFPO-3734-V4286-1,03 Oct 2021,PO for Supply and Installation of Gypsum  Access panel - Non-Fire Rated,Al Emadi Trading and Contracting Co W.L.L,FIRESTOP,PO for Supply and Installation of Gypsum  Access panel - Non-Fire Rated,Various,Various,1157.97,USD,2021,10,3734,RFPO-3734-V4286,Base PO
RFPO-3734-V4285-1,30 Sep 2021,PO for Supply only of Heavy  duty Wooden Door  Hinges,Al Emadi Trading and Contracting Co W.L.L,FIRESTOP,PO for Supply only of Heavy  duty Wooden Door  Hinges,Various,Various,824.18,USD,2021,9,3734,RFPO-3734-V4285,Base PO
RFPO-1569-O24-1,23 Sep 2021,PO for DEEPCOOL CASE E-SHIELD ATX,Anigma Technology,MACRO,PO for DEEPCOOL CASE E-SHIELD ATX,Office Assets,Office Assets,1023.83,USD,2021,9,1569,RFPO-1569-O24,Base PO
RFPO-3734-V4284-1,16 Sep 2021,PO for Back Fill Materials,Etihad for Crusher & Enterprises & Transportation,FIRESTOP,PO for Back Fill Materials,Various,Various,3461.54,USD,2021,9,3734,RFPO-3734-V4284,Base PO
RFPO-3734-S9032-1,07 Sep 2021,PO for,Al Shaghairi Trading &amp; Contracting Co.WLL (Electra),MVL SOLUTIONS,PO for,Services,Services,3673.41,USD,2021,9,3734,RFPO-3734-S9032,Base PO
RFPO-3734-V4283-1,06 Sep 2021,PO for Supply and installation of Manual Roller Blind – WS2 dual shade (Manual Roller Blind WS1 W 925 X H 1825 ),Euro Systems LLC,FIRESTOP,PO for Supply and installation of Manual Roller Blind – WS2 dual shade (Manual Roller Blind WS1 W 925 X H 1825 ),Various,Various,3866.76,USD,2021,9,3734,RFPO-3734-V4283,Base PO
RFPO-1192-V4316-1,02 Sep 2021,PO for SLAB WITHOUT FACING (SXXX) Density: 160Kg/M3 Thickness: 50mm Size:1.2 MtrX 0.6 Mtr,FUJAIRAH ROCKWOOL FACTORY,MVL Nepal,PO for SLAB WITHOUT FACING (SXXX) Density: 160Kg/M3 Thickness: 50mm Size:1.2 MtrX 0.6 Mtr,Various,Various,3381.89,USD,2021,9,1192,RFPO-1192-V4316,Base PO
RFPO-3734-E6801-1,02 Sep 2021,PO for Daltile Kimona Silk(PTS) Porcelain Tile  24 INCH x 24 INCH Panda Black Color P327 - 15.20  SF/Ctn Origin: U,TIC LIGHT ELECTRICAL CORP,MACRO,PO for Daltile Kimona Silk(PTS) Porcelain Tile  24 INCH x 24 INCH Panda Black Color P327 - 15.20  SF/Ctn Origin: U,Electrical,Electrical,949.434,USD,2021,9,3734,RFPO-3734-E6801,Base PO
RFPO-1192-V4433-1,02 Sep 2021,PO for SHARP MX61NT BLACK TONER CART,Printek  SUPPLIES L.L.C,FIRESTOP,PO for SHARP MX61NT BLACK TONER CART,Various,Various,503.74,USD,2021,9,1192,RFPO-1192-V4433,Base PO
RFPO-1569-V4392-1,01 Sep 2021,PO for WHITE MUG WITH FULL COLOR PRINTING,AST Digital Print Centre,FIRESTOP,PO for WHITE MUG WITH FULL COLOR PRINTING,Various,Various,163.38,USD,2021,9,1569,RFPO-1569-V4392,Base PO
RFPO-3734-V4282-1,29 Aug 2021,PO for Diesel Boom Articulated - 15.0m,Manlift Qatar WLL (Head Office),FIRESTOP,PO for Diesel Boom Articulated - 15.0m,Various,Various,1744.51,USD,2021,8,3734,RFPO-3734-V4282,Base PO
RFPO-3734-V4280-1,26 Aug 2021,PO for ALUMINUM FIXED WINDOW,AL IKHTYAAR GERMAN,FIRESTOP,PO for ALUMINUM FIXED WINDOW,Various,Various,3856.04,USD,2021,8,3734,RFPO-3734-V4280,Base PO
RFPO-3742-V4259-1,26 Aug 2021,PO for Lifting of overhead Crane at Camp Arifjan from ground to  crane beam.,AMJAD GHARNATA GEN. CONT. FOR BLDG. CO.,MACRO,PO for Lifting of overhead Crane at Camp Arifjan from ground to  crane beam.,Various,Various,12349.69,USD,2021,8,3742,RFPO-3742-V4259,Base PO
RFPO-3734-V4279-1,19 Aug 2021,"PO for SUPPLY OF WELDED MESH CAGE PANEL SYSTEM: 2.8M HEIGHT FRAME: 40x40x2MM GI SHS INFILL: 4MM GI WIRE, 50x25MM OPENING WELDED WIRE MESH WITH ALL ACCESSORIES HORIZONTAL BRACING: 40x20x2MM GI RHS POST",Chainlink Industries of Qatar WLL,FIRESTOP,"PO for SUPPLY OF WELDED MESH CAGE PANEL SYSTEM: 2.8M HEIGHT FRAME: 40x40x2MM GI SHS INFILL: 4MM GI WIRE, 50x25MM OPENING WELDED WIRE MESH WITH ALL ACCESSORIES HORIZONTAL BRACING: 40x20x2MM GI RHS POST",Various,Various,2724.73,USD,2021,8,3734,RFPO-3734-V4279,Base PO
RFPO-1192-V4432-1,18 Aug 2021,PO for Standard Catalogues A4 (210x297mm) - 40 Pages  Both sides full color  Full Color All Pages 300gsm Matt (Cover)  170gsm Gloss(Inside)  Perfect(Glue) Binding(Bind) Left Binding(Bind Side)  [Cover,King Printers Co. Ltd. Dubai Branch,FIRESTOP,PO for Standard Catalogues A4 (210x297mm) - 40 Pages  Both sides full color  Full Color All Pages 300gsm Matt (Cover)  170gsm Gloss(Inside)  Perfect(Glue) Binding(Bind) Left Binding(Bind Side)  [Cover,Various,Various,997.96,USD,2021,8,1192,RFPO-1192-V4432,Base PO
RFPO-3734-V4351-2,18 Aug 2021,PO for KITCHEN CABINETS AND DESKS,Hamad Bin Khalid Contracting Company WLL,MACRO,PO for KITCHEN CABINETS AND DESKS,Various,Various,37925.36,USD,2021,8,3734,RFPO-3734-V4351,Change Order
RFPO-1569-V4391-1,18 Aug 2021,"PO for Photo Print Artwork size - 160cmx 95cm 4 COLOR PRINTING , PHOTO PAPER PRINT - 170GSM WITH SPOT UV",SMILE COLOR,MACRO,"PO for Photo Print Artwork size - 160cmx 95cm 4 COLOR PRINTING , PHOTO PAPER PRINT - 170GSM WITH SPOT UV",Various,Various,353.98,USD,2021,8,1569,RFPO-1569-V4391,Base PO
RFPO-3734-V4278-1,18 Aug 2021,PO for Fabrication and Supply of Downspout,Alaina Engineering Services WLL,FIRESTOP,PO for Fabrication and Supply of Downspout,Various,Various,5769.23,USD,2021,8,3734,RFPO-3734-V4278,Base PO
RFPO-1192-V4431-1,15 Aug 2021,"PO for Building Materials & Systems Services, Testing and UL-EU Certification of 4 pipe penetration seals for INSS1440 sealant",UL GMBH,FIRESTOP,"PO for Building Materials & Systems Services, Testing and UL-EU Certification of 4 pipe penetration seals for INSS1440 sealant",Various,Various,22760.0,USD,2021,8,1192,RFPO-1192-V4431,Base PO
RFPO-2797-V4272-1,15 Aug 2021,PO for Insulation Tape,WATERQO (PVT) LTD,MACRO,PO for Insulation Tape,Various,Various,35353.59,USD,2021,8,2797,RFPO-2797-V4272,Base PO
RFPO-3734-V4354-1,10 Aug 2021,PO for MOBILIZATION / DEMOBILIZATION CHARGES,PROSOL PROJECT SOLUTIONS INTERNATIONAL LLC,MACRO,PO for MOBILIZATION / DEMOBILIZATION CHARGES,Various,Various,13269.23,USD,2021,8,3734,RFPO-3734-V4354,Base PO
RFPO-2797-V4359-1,09 Aug 2021,PO for KITCHEN HOOD. MODEL PCHT-9002,HNR COMPANY (PVT.) LTD.,MVL Nepal,PO for KITCHEN HOOD. MODEL PCHT-9002,Various,Various,16470.0,USD,2021,8,2797,RFPO-2797-V4359,Base PO
RFPO-2797-M4103-1,08 Aug 2021,"PO for Fire Sprinkler Up-Right Up-Right Sprinkler, K 5.6, 68 Degree 14 inch NPT, Recessed Type, Quick Response. Finish: Brass / Chrome UL LISTED / FM Approved As Per Submittal",TECHNOFIRE PRIVATE LIMITED,MACRO,"PO for Fire Sprinkler Up-Right Up-Right Sprinkler, K 5.6, 68 Degree 14 inch NPT, Recessed Type, Quick Response. Finish: Brass / Chrome UL LISTED / FM Approved As Per Submittal",Mechanical,Mechanical,76288.0,USD,2021,8,2797,RFPO-2797-M4103,Base PO
RFPO-3550-V4380-1,05 Aug 2021,"PO for Scrub station Floor Mounted (860Lx540Wx870H)mm One user, Sensor",DELUXE SCIENTIFIC SURGICO PVT LTD,FIRESTOP,"PO for Scrub station Floor Mounted (860Lx540Wx870H)mm One user, Sensor",Various,Various,4239.76,USD,2021,8,3550,RFPO-3550-V4380,Base PO
RFPO-3734-V4277-1,04 Aug 2021,PO for RENDERING MATERIALS,QATAR PLASTER FACTORY LLC,MACRO,PO for RENDERING MATERIALS,Various,Various,7184.07,USD,2021,8,3734,RFPO-3734-V4277,Base PO
RFPO-3550-V4381A-1,03 Aug 2021,PO for DEFIBRILLATOR. MODEL BENEHEART D3,GENERAL MEDICAL SUPPLIERS,MVL Nepal,PO for DEFIBRILLATOR. MODEL BENEHEART D3,Various,Various,540000.0,USD,2021,8,3550,RFPO-3550-V4381A,Base PO
RFPO-2797-V4271-1,02 Aug 2021,PO for End Cup 6 inch Aluminum,Shuja Nooran Construction Company,FIRESTOP,PO for End Cup 6 inch Aluminum,Various,Various,10945.977,USD,2021,8,2797,RFPO-2797-V4271,Base PO
RFPO-1192-V4430-1,02 Aug 2021,"PO for Receipt voucher : A5 size, 1+3 (W+P+Y+C), 4 color printing, Starting  S.No. 8251, - Total 30books + Designing",SMILE COLOR,FIRESTOP,"PO for Receipt voucher : A5 size, 1+3 (W+P+Y+C), 4 color printing, Starting  S.No. 8251, - Total 30books + Designing",Various,Various,196.05,USD,2021,8,1192,RFPO-1192-V4430,Base PO
RFPO-2797-A5304-1,27 Jul 2021,PO for Flexible EMT Conduits Size 3/4 INCH,AZIZ ULLAH NASARY WARDAK LTD,MVL Nepal,PO for Flexible EMT Conduits Size 3/4 INCH,Architectural,Architectural,21755.22,USD,2021,7,2797,RFPO-2797-A5304,Base PO
RFPO-3550-V4382-1,27 Jul 2021,PO for Douche Can Set,TRIKUTA INTERNATIONAL,FIRESTOP,PO for Douche Can Set,Various,Various,13859.42,USD,2021,7,3550,RFPO-3550-V4382,Base PO
RFPO-1569-V4390-1,01 Jul 2021,PO for Shifting of Existing Signboard,PROFESSIONAL NEON ADVERTISING,FIRESTOP,PO for Shifting of Existing Signboard,Various,Various,299.52,USD,2021,7,1569,RFPO-1569-V4390,Base PO
RFPO-2797-V4357-1,30 Jun 2021,PO for KRF-lnvertech-26657 (cD)  MAROON  (18  CBFT),R&I ELECTRICAL  APPLIANCES  (PVT.)  LTD.,MACRO,PO for KRF-lnvertech-26657 (cD)  MAROON  (18  CBFT),Various,Various,49431.99984,USD,2021,6,2797,RFPO-2797-V4357,Base PO
RFPO-2797-E6806-1,29 Jun 2021,PO for H32D2M (SAME SUPPLIED BEFORE),KOH BARAKAT LTD,MACRO,PO for H32D2M (SAME SUPPLIED BEFORE),Electrical,Electrical,26846.4,USD,2021,6,2797,RFPO-2797-E6806,Base PO
RFPO-3550-E6815-1,28 Jun 2021,PO for 9U Rack,ALERT TECHNOLOGY PVT LTD,MACRO,PO for 9U Rack,Electrical,Electrical,254255.0,USD,2021,6,3550,RFPO-3550-E6815,Base PO
RFPO-3550-V4381-1,23 Jun 2021,PO for Expansion Joint - Supplying and fixing of wall to wall expansion joint for external part of Aluminium (2mm thick) for joint width 150mm. material 6063-T5 grade alumunium. anodised finish with w,Venus Enterprises & Water Proofing Pvt. Ltd.,FIRESTOP,PO for Expansion Joint - Supplying and fixing of wall to wall expansion joint for external part of Aluminium (2mm thick) for joint width 150mm. material 6063-T5 grade alumunium. anodised finish with w,Various,Various,964653.88,USD,2021,6,3550,RFPO-3550-V4381,Base PO
RFPO-1192-L4002-1,22 Jun 2021,"PO for Tracking Hardware Device (FMM130 – 4G) Installation by our Technicians at the Client’s premise, Software Configurations & Complete Training. (Country of Origin: Europe)",Synosys Technologies LLC,FIRESTOP,"PO for Tracking Hardware Device (FMM130 – 4G) Installation by our Technicians at the Client’s premise, Software Configurations & Complete Training. (Country of Origin: Europe)",Logistics,Logistics,168.14,USD,2021,6,1192,RFPO-1192-L4002,Base PO
RFPO-1192-V4315-1,22 Jun 2021,PO for SLAB WITHOUT FACING (SXXX) DENSITY: 120KG/M3 THICKNESS: 50MM SIZE: 1.2MTR*0.6 MTR 360 SQM,FUJAIRAH ROCKWOOL FACTORY,MVL Nepal,PO for SLAB WITHOUT FACING (SXXX) DENSITY: 120KG/M3 THICKNESS: 50MM SIZE: 1.2MTR*0.6 MTR 360 SQM,Various,Various,2412.94,USD,2021,6,1192,RFPO-1192-V4315,Base PO
RFPO-3742-M4102-1,20 Jun 2021,PO for Safety stud anchor HST3 M20x170  -/30,Hilti Kuwait Gen. Trd. Co.,MACRO,PO for Safety stud anchor HST3 M20x170  -/30,Mechanical,Mechanical,1597.4,USD,2021,6,3742,RFPO-3742-M4102,Base PO
RFPO-3550-M4111-1,17 Jun 2021,PO for CI Manhole Cover,SIMTEX INDUSTRIES PRIVATE LIMITED,MVL Nepal,PO for CI Manhole Cover,Mechanical,Mechanical,3871.63,USD,2021,6,3550,RFPO-3550-M4111,Base PO
RFPO-3550-M4110-1,16 Jun 2021,PO for Medical Equipments,AARATI MEDITECH,MVL Nepal,PO for Medical Equipments,Mechanical,Mechanical,157000.0,USD,2021,6,3550,RFPO-3550-M4110,Base PO
RFPO-1192-V4429-1,16 Jun 2021,PO for Adhesion-in-Peel (after water immersion (price per test),Al Futtaim Element MaterialsTechnology Dubai L.L.C,FIRESTOP,PO for Adhesion-in-Peel (after water immersion (price per test),Various,Various,1769.91,USD,2021,6,1192,RFPO-1192-V4429,Base PO
RFPO-1192-V4429A-1,16 Jun 2021,PO for Adhesion-in-Peel (after water immersion (price per test),Al Futtaim Element MaterialsTechnology Dubai L.L.C,FIRESTOP,PO for Adhesion-in-Peel (after water immersion (price per test),Various,Various,3539.82,USD,2021,6,1192,RFPO-1192-V4429A,Base PO
RFPO-3734-E6800A-1,15 Jun 2021,PO for Daltile Infinite Mirage TM Metal & Stone 1 INCH x  4 INCH Linear Hex Mosaic 12,TIC LIGHT ELECTRICAL CORP,"MVL USA, INC",PO for Daltile Infinite Mirage TM Metal & Stone 1 INCH x  4 INCH Linear Hex Mosaic 12,Electrical,Electrical,5218.85,USD,2021,6,3734,RFPO-3734-E6800A,Base PO
RFPO-3550-M4109-1,07 Jun 2021,PO for Crompton Cvmo2-15c 2hp Vertical Multistage Pump,Industrial Trade World,MVL Nepal,PO for Crompton Cvmo2-15c 2hp Vertical Multistage Pump,Mechanical,Mechanical,3873.23,USD,2021,6,3550,RFPO-3550-M4109,Base PO
RFPO-3550-V4379A-1,06 Jun 2021,PO for Inslim C8905 (S Trap-290) One pcs Commode,BATH N ROOM TRADE CONCERN PVT LTD,MVL Nepal,PO for Inslim C8905 (S Trap-290) One pcs Commode,Various,Various,366793.0,USD,2021,6,3550,RFPO-3550-V4379A,Base PO
RFPO-3550-V4379-1,02 Jun 2021,PO for Examination Table with mattress,ALLIANCE IMPEX,FIRESTOP,PO for Examination Table with mattress,Various,Various,16632.53,USD,2021,6,3550,RFPO-3550-V4379,Base PO
RFPO-3550-E6813A-1,01 Jun 2021,"PO for Earthplus Advanced Earthing Electrode: 3 Meters  Length, 50 mm Dia Pure Copper Pipe,  Completely Filled With Super Conductive  Crystalline Compound, Sealed at Both Ends  Fitted With 40x6x3000 m",Go Solar Energy Solutions Pvt Ltd,MVL Nepal,"PO for Earthplus Advanced Earthing Electrode: 3 Meters  Length, 50 mm Dia Pure Copper Pipe,  Completely Filled With Super Conductive  Crystalline Compound, Sealed at Both Ends  Fitted With 40x6x3000 m",Electrical,Electrical,3930.72,USD,2021,6,3550,RFPO-3550-E6813A,Base PO
RFPO-3550-E6813-1,27 May 2021,"PO for Earthplus Advanced Earthing Electrode: 3 Meters  Length, 50 mm Dia Pure Copper Pipe,  Completely Filled With Super Conductive  Crystalline Compound, Sealed at Both Ends  Fitted With 40x6x3000 m",Go Solar Energy Solutions Pvt Ltd,MACRO,"PO for Earthplus Advanced Earthing Electrode: 3 Meters  Length, 50 mm Dia Pure Copper Pipe,  Completely Filled With Super Conductive  Crystalline Compound, Sealed at Both Ends  Fitted With 40x6x3000 m",Electrical,Electrical,4638.25,USD,2021,5,3550,RFPO-3550-E6813,Base PO
RFPO-3550-E6814-1,27 May 2021,PO for CORAL SURFACE LIGHT (R) 12 W,Venus Construction Solutions,MACRO,PO for CORAL SURFACE LIGHT (R) 12 W,Electrical,Electrical,672.29,USD,2021,5,3550,RFPO-3550-E6814,Base PO
RFPO-3550-V4377-1,27 May 2021,PO for WEIGHING MACHINE PHYSICAL DOUBLE PAN,Venus Construction Solutions,FIRESTOP,PO for WEIGHING MACHINE PHYSICAL DOUBLE PAN,Various,Various,547.59,USD,2021,5,3550,RFPO-3550-V4377,Base PO
RFPO-3550-V4378-1,27 May 2021,PO for Ceramic Tiles,BATH N ROOM TRADE CONCERN PVT LTD,FIRESTOP,PO for Ceramic Tiles,Various,Various,20808.0,USD,2021,5,3550,RFPO-3550-V4378,Base PO
RFPO-3550-M4108-1,24 May 2021,PO for ESE LIGHTNING AIR TERMINAL Supply of Early Streamer Emission (ESE) type Lightning Protection complete with the Lightning Air Terminal – Configured as a Spheroid which is comprised of separate,NCR Enterprises,MVL Nepal,PO for ESE LIGHTNING AIR TERMINAL Supply of Early Streamer Emission (ESE) type Lightning Protection complete with the Lightning Air Terminal – Configured as a Spheroid which is comprised of separate,Mechanical,Mechanical,2371.08,USD,2021,5,3550,RFPO-3550-M4108,Base PO
RFPO-3550-V4376A-1,23 May 2021,PO for CTG/NST/ FETAL MONITOR AS PER APPROVED PRODUCT SUBMITTAL.,NUCLEUS MEDITECH COMPANY,MVL Nepal,PO for CTG/NST/ FETAL MONITOR AS PER APPROVED PRODUCT SUBMITTAL.,Various,Various,1367.47,USD,2021,5,3550,RFPO-3550-V4376A,Base PO
RFPO-3550-C6052-1,20 May 2021,PO for EPITILE GROUT EPOXY  (IVORY COLOUR),Engineer Plus Construction Chemicals,FIRESTOP,PO for EPITILE GROUT EPOXY  (IVORY COLOUR),Chemicals,Chemicals,847274.0,USD,2021,5,3550,RFPO-3550-C6052,Base PO
RFPO-3550-A5304-1,19 May 2021,PO for Tractor Emulsion - 20 Itr,SAMITA ENTERPRISES,MVL Nepal,PO for Tractor Emulsion - 20 Itr,Architectural,Architectural,144300.0,USD,2021,5,3550,RFPO-3550-A5304,Base PO
RFPO-3734-V4353-1,19 May 2021,PO for INTERIOR SIGNAGE AS PER QUOTATION REF. TMAC/QT-232 REV. 01/2021,THE MODERN ADVERTISING CENTER,MACRO,PO for INTERIOR SIGNAGE AS PER QUOTATION REF. TMAC/QT-232 REV. 01/2021,Various,Various,8546.7,USD,2021,5,3734,RFPO-3734-V4353,Base PO
RFPO-3550-M4003-1,18 May 2021,"PO for Blood Storage Cabinets +4 DegreeC temperature, 4 drawers, Capacity - 120 liters, LED Display, Inner SS,  with 7 days circular chart recorder, Blood Bags - 56 / 72 of 450 ml / 350 ml (approx.",REMI ELEKTROTECHNIK LIMITED,MVL Nepal,"PO for Blood Storage Cabinets +4 DegreeC temperature, 4 drawers, Capacity - 120 liters, LED Display, Inner SS,  with 7 days circular chart recorder, Blood Bags - 56 / 72 of 450 ml / 350 ml (approx.",Mechanical,Mechanical,1351.81,USD,2021,5,3550,RFPO-3550-M4003,Base PO
RFPO-3742-V4256A-2,18 May 2021,"PO for Design, Fabrication, Supply and Delivery of Metal Wall and Roof Cladding Works",Staines International Group General Trading and Contracting Co. WLL,"MVL USA, INC","PO for Design, Fabrication, Supply and Delivery of Metal Wall and Roof Cladding Works",Various,Various,659562.805,USD,2021,5,3742,RFPO-3742-V4256A,Change Order
RFPO-3550-M4001-1,17 May 2021,"PO for Stretcher Trolley (2 Section) with Fixed Mattress & Safety Belts (2 pcs) M.S. Frame, M.S. Railing, M.S. Tray, M.S. Cylinder Cage, S.S. I.V. Rod (HSN : 94029090)",UNITED MEDI-EQUIP PRIVATE LIMITED,MACRO,"PO for Stretcher Trolley (2 Section) with Fixed Mattress & Safety Belts (2 pcs) M.S. Frame, M.S. Railing, M.S. Tray, M.S. Cylinder Cage, S.S. I.V. Rod (HSN : 94029090)",Mechanical,Mechanical,1840.66,USD,2021,5,3550,RFPO-3550-M4001,Base PO
RFPO-3550-V4376-1,17 May 2021,PO for Carona Bainco (Grey),BATH N ROOM TRADE CONCERN PVT LTD,FIRESTOP,PO for Carona Bainco (Grey),Various,Various,66225.0,USD,2021,5,3550,RFPO-3550-V4376,Base PO
RFPO-3550-E6811-1,16 May 2021,PO for Cable Tray Base (c chanel) REMARKS:  Same as previous size,ELECTRIC LIGHT SOLUTION PVT. LTD,MVL Nepal,PO for Cable Tray Base (c chanel) REMARKS:  Same as previous size,Electrical,Electrical,88617.36,USD,2021,5,3550,RFPO-3550-E6811,Base PO
RFPO-3550-M4002-1,16 May 2021,PO for FETAL DOPPLE MACHINE EDAN MODEL SD3,SAVITRI LIMITED,MVL Nepal,PO for FETAL DOPPLE MACHINE EDAN MODEL SD3,Mechanical,Mechanical,1500.0,USD,2021,5,3550,RFPO-3550-M4002,Base PO
RFPO-3550-V4373-1,10 May 2021,PO for SURGICAL CAUTERY 400 WATTS MFU MODEL ASI-192,Anand Surgical Industries (india),FIRESTOP,PO for SURGICAL CAUTERY 400 WATTS MFU MODEL ASI-192,Various,Various,1879.52,USD,2021,5,3550,RFPO-3550-V4373,Base PO
RFPO-3550-V4375A-1,10 May 2021,PO for WAITING CHAIR METAL 3 SEATER - SCWM 201,DELUXE SCIENTIFIC SURGICO PVT LTD,MVL Nepal,PO for WAITING CHAIR METAL 3 SEATER - SCWM 201,Various,Various,1590.36,USD,2021,5,3550,RFPO-3550-V4375A,Base PO
RFPO-3734-M4101-1,10 May 2021,PO for HVAC PLATFORMS,Alaina Engineering Services WLL,MACRO,PO for HVAC PLATFORMS,Mechanical,Mechanical,22381.87,USD,2021,5,3734,RFPO-3734-M4101,Base PO
RFPO-3550-V4371A-1,10 May 2021,PO for DUAL POWER SERIES-ELECTRIC CUM  MANUAL SUCTION UNIT,Apothecaries Sundries Manufacturing Co.,MVL Nepal,PO for DUAL POWER SERIES-ELECTRIC CUM  MANUAL SUCTION UNIT,Various,Various,190.36,USD,2021,5,3550,RFPO-3550-V4371A,Base PO
RFPO-3550-V4374A-1,10 May 2021,PO for WHEEL CHAIR,Indian Surgical Company,MVL Nepal,PO for WHEEL CHAIR,Various,Various,1154.22,USD,2021,5,3550,RFPO-3550-V4374A,Base PO
RFPO-3550-V4375-1,09 May 2021,PO for 200mm.width * 50mm.depth*2mm.thickness with covers,Baniya Suppliers Pvt. Ltd.,FIRESTOP,PO for 200mm.width * 50mm.depth*2mm.thickness with covers,Various,Various,2183922.75,USD,2021,5,3550,RFPO-3550-V4375,Base PO
RFPO-3550-V4372-1,09 May 2021,PO for EDAN SDS FETAL DOPPLER MACHINE. AS PER APPROVED PRODUCT SUBMITTAL.,JAYESH VASANT TRADER,FIRESTOP,PO for EDAN SDS FETAL DOPPLER MACHINE. AS PER APPROVED PRODUCT SUBMITTAL.,Various,Various,1759.04,USD,2021,5,3550,RFPO-3550-V4372,Base PO
RFPO-3734-V4276-1,06 May 2021,PO for ALUMINUM FIXED WINDOW,AL IKHTYAAR GERMAN,MACRO,PO for ALUMINUM FIXED WINDOW,Various,Various,38736.26,USD,2021,5,3734,RFPO-3734-V4276,Base PO
RFPO-3550-V4365A-1,06 May 2021,PO for 3mm Spacer (For Wall Tiles),BATH N ROOM TRADE CONCERN PVT LTD,MVL Nepal,PO for 3mm Spacer (For Wall Tiles),Various,Various,6215.0,USD,2021,5,3550,RFPO-3550-V4365A,Base PO
RFPO-3550-V4370-1,05 May 2021,"PO for SUPPLY, DELIVERY AND INSTALLATION OF WATER FILTER SYSTEM 8000 LPH AND 2000 LPH SOFT NEAR LINER",Vision of Kitchen Links PVT LTD,FIRESTOP,"PO for SUPPLY, DELIVERY AND INSTALLATION OF WATER FILTER SYSTEM 8000 LPH AND 2000 LPH SOFT NEAR LINER",Various,Various,3099000.0,USD,2021,5,3550,RFPO-3550-V4370,Base PO
RFPO-1569-O21-1,05 May 2021,PO for QNAP TS-231K 2 BAY NAS,Cloud Line Technology L.L.C,MACRO,PO for QNAP TS-231K 2 BAY NAS,Office Assets,Office Assets,445.75,USD,2021,5,1569,RFPO-1569-O21,Base PO
RFPO-3550-T1000-1,05 May 2021,PO for INFANT RADIANT WARMER  ICORE 10 B+ AS PER APPROVED SUBMITTAL.,Ibis Medical Equipment and Systems Pvt Ltd,MVL TRADING,PO for INFANT RADIANT WARMER  ICORE 10 B+ AS PER APPROVED SUBMITTAL.,Tools,Tools,1270.84,USD,2021,5,3550,RFPO-3550-T1000,Base PO
RFPO-1569-S9002-2,02 May 2021,PO for Al Jadaf Vinyl Sticker (200 cm * 300 cm),ISRA Middle East,MACRO,PO for Al Jadaf Vinyl Sticker (200 cm * 300 cm),Services,Services,108.92,USD,2021,5,1569,RFPO-1569-S9002,Change Order
RFPO-3734-V4275-1,02 May 2021,PO for CORNER GUARD AS PER APPROVED SUBMITTAL.,NEMER METAL INDUSTRIES FACTORY,MVL Nepal,PO for CORNER GUARD AS PER APPROVED SUBMITTAL.,Various,Various,6648.35,USD,2021,5,3734,RFPO-3734-V4275,Base PO
RFPO-3734-V4351-1,02 May 2021,PO for KITCHEN CABINETS AND DESKS,Hamad Bin Khalid Contracting Company WLL,MACRO,PO for KITCHEN CABINETS AND DESKS,Various,Various,31284.78,USD,2021,5,3734,RFPO-3734-V4351,Base PO
PO-1005-E7030-3,02 May 2021,Witnessing the FAT & do the inspection of transformers (Pad mounted & pole mounted ),INTERTEK GLOBAL LIMITED,MVL ENERGY,Witnessing the FAT & do the inspection of transformers (Pad mounted & pole mounted ),Electrical,Electrical,1500.0,USD,2021,5,1005,PO-1005-E7030,Change Order
RFPO-3742-V4255-2,29 Apr 2021,"DESIGN, SUPPLY, INSTALLATION, COMMISSIONING AND TRAINING OF OPERATORS OF BLAST ROOM, PAINT ROOM & PAINT MIXING ROOM",Prism Tech Engineering LLC,MACRO,"DESIGN, SUPPLY, INSTALLATION, COMMISSIONING AND TRAINING OF OPERATORS OF BLAST ROOM, PAINT ROOM & PAINT MIXING ROOM",Various,Various,502341.0,USD,2021,4,3742,RFPO-3742-V4255,Change Order
RFPO-3550-V4373A-1,29 Apr 2021,PO for 2x1 SQPipe(2.5),SANGACHHE TRADE CONCERN,MVL Nepal,PO for 2x1 SQPipe(2.5),Various,Various,756720.95,USD,2021,4,3550,RFPO-3550-V4373A,Base PO
RFPO-2797-A5303-1,28 Apr 2021,"PO for Supply and Apply of Jotun Epoxy  Paints Jotafloor Sealer,Jotafloor  Filler and Jotafgoor Topcoat",AZIZ ULLAH NASARY WARDAK LTD,MACRO,"PO for Supply and Apply of Jotun Epoxy  Paints Jotafloor Sealer,Jotafloor  Filler and Jotafgoor Topcoat",Architectural,Architectural,61153.0,USD,2021,4,2797,RFPO-2797-A5303,Base PO
RFPO-1569-S9002-1,26 Apr 2021,PO for Removal of existing signboard and install to other location with new concrete base,ISRA Middle East,MACRO,PO for Removal of existing signboard and install to other location with new concrete base,Services,Services,667.12,USD,2021,4,1569,RFPO-1569-S9002,Base PO
RFPO-3550-V4369-1,25 Apr 2021,PO for Table T1,GLOBUS ENTERPRISES QATAR,FIRESTOP,PO for Table T1,Various,Various,2000885.0,USD,2021,4,3550,RFPO-3550-V4369,Base PO
RFPO-1569-V4389-1,21 Apr 2021,PO for 700R16 YOKOHAMA JAPAN-21,PRESTO TYRES TRADING LLC-2,FIRESTOP,PO for 700R16 YOKOHAMA JAPAN-21,Various,Various,710.69,USD,2021,4,1569,RFPO-1569-V4389,Base PO
RFPO-3550-V4371-1,21 Apr 2021,PO for EARTHPLUS ADVANCED EARTHING ELECTRODE MODEL SMI 350CC,Venus Construction Solutions,FIRESTOP,PO for EARTHPLUS ADVANCED EARTHING ELECTRODE MODEL SMI 350CC,Various,Various,3196.39,USD,2021,4,3550,RFPO-3550-V4371,Base PO
RFPO-3734-V4274-1,21 Apr 2021,PO for FLEXSEAL PU425,Don Construction Products - Qatar W.L.L,MACRO,PO for FLEXSEAL PU425,Various,Various,6923.08,USD,2021,4,3734,RFPO-3734-V4274,Base PO
RFPO-3550-V4372A-1,21 Apr 2021,PO for EARTHPLUS ADVANCED EARTHING ELECTRODE MODEL SMI 350CC,Venus Construction Solutions,MVL Nepal,PO for EARTHPLUS ADVANCED EARTHING ELECTRODE MODEL SMI 350CC,Various,Various,4481.93,USD,2021,4,3550,RFPO-3550-V4372A,Base PO
RFPO-3550-V4368-1,18 Apr 2021,PO for TABLE T. SIZE: 1200 X 600 X 450,GLOBUS ENTERPRISES,FIRESTOP,PO for TABLE T. SIZE: 1200 X 600 X 450,Various,Various,489400.0,USD,2021,4,3550,RFPO-3550-V4368,Base PO
RFPO-3742-V4258-1,18 Apr 2021,"PO for Bays 1-7, 297.2 sq. meters, EXTECH LIGHTWALL 3100LS Wall System","EXTERIOR TECHNOLOGIES, INC.",MVL VENTURES,"PO for Bays 1-7, 297.2 sq. meters, EXTECH LIGHTWALL 3100LS Wall System",Various,Various,236465.0,USD,2021,4,3742,RFPO-3742-V4258,Base PO
RFPO-3550-V4367-1,15 Apr 2021,PO for SUPPLY OF BED B 2088*1575*325,ABHIYAN HARDWARE CENTRE PVT. LTD.,FIRESTOP,PO for SUPPLY OF BED B 2088*1575*325,Various,Various,323320.0,USD,2021,4,3550,RFPO-3550-V4367,Base PO
RFPO-1192-V4428-1,14 Apr 2021,PO for SHARP MX61NT BLACK TONER CART,Printek  SUPPLIES L.L.C,FIRESTOP,PO for SHARP MX61NT BLACK TONER CART,Various,Various,503.74,USD,2021,4,1192,RFPO-1192-V4428,Base PO
RFPO-3550-E6810-1,13 Apr 2021,PO for SUPPLY OF FEEDER PANEL,Avone System &amp; Controls (NEPAL) Pvt. Ltd.,MACRO,PO for SUPPLY OF FEEDER PANEL,Electrical,Electrical,38000.0,USD,2021,4,3550,RFPO-3550-E6810,Base PO
RFPO-3550-M4107-1,12 Apr 2021,PO for VARIOUS MEDICAL EQUIPMENT,AARATI MEDITECH,MW-OCS,PO for VARIOUS MEDICAL EQUIPMENT,Mechanical,Mechanical,2263000.0,USD,2021,4,3550,RFPO-3550-M4107,Base PO
RFPO-3734-A5202-2,11 Apr 2021,PO for SUPPLY FOR DOOR SETS AS PER APPROVED SUBMITTAL,STEELTECH FOR TRADING AND CONTRACTING,MACRO,PO for SUPPLY FOR DOOR SETS AS PER APPROVED SUBMITTAL,Architectural,Architectural,90812.36,USD,2021,4,3734,RFPO-3734-A5202,Change Order
RFPO-2797-V4270B-1,08 Apr 2021,PO for H32D2M,KOH BARAKAT LTD,MACRO,PO for H32D2M,Various,Various,27376.8,USD,2021,4,2797,RFPO-2797-V4270B,Base PO
RFPO-3550-A5303A-1,07 Apr 2021,PO for EMULSION PAINT ON INTERNAL WALL AND CEILING:,SAMITA ENTERPRISES,MVL Nepal,PO for EMULSION PAINT ON INTERNAL WALL AND CEILING:,Architectural,Architectural,371860.0,USD,2021,4,3550,RFPO-3550-A5303A,Base PO
RFPO-1192-L4001-1,07 Apr 2021,"PO for Tracking Hardware Device (FMM130 – 4G) Installation by our Technicians at the Client’s premise, Software Configurations and Complete Training. (Country of Origin: Europe)",Synosys Technologies LLC,FIRESTOP,"PO for Tracking Hardware Device (FMM130 – 4G) Installation by our Technicians at the Client’s premise, Software Configurations and Complete Training. (Country of Origin: Europe)",Logistics,Logistics,389.38,USD,2021,4,1192,RFPO-1192-L4001,Base PO
RFPO-1192-V4314-1,04 Apr 2021,PO for SLAB WITHOUT FACING (SXXX) DENSITY 64 KG M3 THICKNESS 50 MM SIZE 1.2 MTR * 0.6 MTR QUANTITY: 360 SQM,FUJAIRAH ROCKWOOL FACTORY,MVL Nepal,PO for SLAB WITHOUT FACING (SXXX) DENSITY 64 KG M3 THICKNESS 50 MM SIZE 1.2 MTR * 0.6 MTR QUANTITY: 360 SQM,Various,Various,1276.3,USD,2021,4,1192,RFPO-1192-V4314,Base PO
RFPO-1192-V4313-1,04 Apr 2021,PO for SUPPLY OF MAKING SAMPLE BOARDS 6MM THICK WITH HANDLE - 40 X 60 CM,Al Masood Carpentry Workshop,MVL Nepal,PO for SUPPLY OF MAKING SAMPLE BOARDS 6MM THICK WITH HANDLE - 40 X 60 CM,Various,Various,272.29,USD,2021,4,1192,RFPO-1192-V4313,Base PO
RFPO-3550-M4106-1,01 Apr 2021,PO for VARIOUS MEDICAL EQUIPMENT,AARATI MEDITECH,MW-OCS,PO for VARIOUS MEDICAL EQUIPMENT,Mechanical,Mechanical,1210230.0,USD,2021,4,3550,RFPO-3550-M4106,Base PO
RFPO-3550-M4000-1,01 Apr 2021,PO for VARIOUS MEDICAL EQUIPMENT,RARUS INTERGLOBAL PVT. LTD,FIRESTOP,PO for VARIOUS MEDICAL EQUIPMENT,Mechanical,Mechanical,824900.0,USD,2021,4,3550,RFPO-3550-M4000,Base PO
RFPO-2797-E6805-1,01 Apr 2021,PO for Cable Color Code: BROWN  Phase:  A Cable Size (mm): 1Cx300 Quoted Wire Type and Size: UL854 USE-2 600Kcmil Brown size(mm2): 304,"QINGDAO CABLE. CO., LTD.",MACRO,PO for Cable Color Code: BROWN  Phase:  A Cable Size (mm): 1Cx300 Quoted Wire Type and Size: UL854 USE-2 600Kcmil Brown size(mm2): 304,Electrical,Electrical,35248.8,USD,2021,4,2797,RFPO-2797-E6805,Base PO
RFPO-3734-E6800-1,31 Mar 2021,PO for Daltile Kimona Silk TM (PTS) Porcelain Tile  24 inch x 24 inch Panda Black Color P327 - 15.20  SF/Ctn,TIC LIGHT ELECTRICAL CORP,MACRO,PO for Daltile Kimona Silk TM (PTS) Porcelain Tile  24 inch x 24 inch Panda Black Color P327 - 15.20  SF/Ctn,Electrical,Electrical,16548.3056,USD,2021,3,3734,RFPO-3734-E6800,Base PO
RFPO-3550-A5202-1,31 Mar 2021,PO for Code JP-209 Conjoined 88 Sliding Frame Length 5.8 Kg/m 1.33 Pcs 684,"Tianjin Development Area Jinpeng Plastics Profile Manufacture Co., Ltd",MACRO,PO for Code JP-209 Conjoined 88 Sliding Frame Length 5.8 Kg/m 1.33 Pcs 684,Architectural,Architectural,33539.982,USD,2021,3,3550,RFPO-3550-A5202,Base PO
RFPO-1192-V4312-1,30 Mar 2021,STRUCTURAL AND WEATHERPROOF SEALANT,"SHANDONG FEIDU ADHESIVE TECHNOLOGY SHARES CO.,LTD",MVL Nepal,STRUCTURAL AND WEATHERPROOF SEALANT,Various,Various,37624.0,USD,2021,3,1192,RFPO-1192-V4312,Base PO
RFPO-2797-V4270-1,29 Mar 2021,PO for H32D2M,KOH BARAKAT LTD,MACRO,PO for H32D2M,Various,Various,25510.2,USD,2021,3,2797,RFPO-2797-V4270,Base PO
RFPO-3550-V4366-1,28 Mar 2021,PO for HONGSHI CEMENT OPC,SANGACHHE TRADE CONCERN,FIRESTOP,PO for HONGSHI CEMENT OPC,Various,Various,282198.74,USD,2021,3,3550,RFPO-3550-V4366,Base PO
RFPO-2797-E6804-1,23 Mar 2021,PO for Model: GDZ85-58E,Shanghai Beautiful Cat Environment Science&Technology Co. Ltd.,MACRO,PO for Model: GDZ85-58E,Electrical,Electrical,8230.0,USD,2021,3,2797,RFPO-2797-E6804,Base PO
RFPO-3550-A5302-1,21 Mar 2021,PO for WATER REPELLANT SILICON BASED COATING ON BRICK SURFACE,SAMITA ENTERPRISES,MACRO,PO for WATER REPELLANT SILICON BASED COATING ON BRICK SURFACE,Architectural,Architectural,36500.0,USD,2021,3,3550,RFPO-3550-A5302,Base PO
PO-1005-E7029-3,16 Mar 2021,PHILIPS FLOURESCENT BULB 32 W-_F32T8 /TL 735 ALTO,RAD Freight International,MVL ENERGY,PHILIPS FLOURESCENT BULB 32 W-_F32T8 /TL 735 ALTO,Electrical,Electrical,3300.0,USD,2021,3,1005,PO-1005-E7029,Change Order
RFPO-3550-C6051-1,15 Mar 2021,PO for Supplying Tile Grout (Epoxy base),Engineer Plus Construction Chemicals,FIRESTOP,PO for Supplying Tile Grout (Epoxy base),Chemicals,Chemicals,98818.5,USD,2021,3,3550,RFPO-3550-C6051,Base PO
RFPO-3550-V4365-1,15 Mar 2021,PO for 3mm Spacer (For Wall Tiles),BATH N ROOM TRADE CONCERN PVT LTD,FIRESTOP,PO for 3mm Spacer (For Wall Tiles),Various,Various,6356.25,USD,2021,3,3550,RFPO-3550-V4365,Base PO
RFPO-3734-V4258-2,11 Mar 2021,PO for INTERIOR AND EXTERIOR PLASTERS,Don Construction Products - Qatar W.L.L,MVL VENTURES,PO for INTERIOR AND EXTERIOR PLASTERS,Various,Various,54223.35,USD,2021,3,3734,RFPO-3734-V4258,Change Order
RFPO-3550-V4364-1,10 Mar 2021,PO for Tractor Emulsion,Rastra Bhusan Construction and Suppliers Pvt Ltd,FIRESTOP,PO for Tractor Emulsion,Various,Various,1515946.0,USD,2021,3,3550,RFPO-3550-V4364,Base PO
RFPO-3734-V4257A-1,09 Mar 2021,PO for LEAVES SINGLE. DOOR TYPE A. WIDTH (mm) 900. HEIGHT (mm) 2150. THICKNESS (mm) 45. FIRE RATING NON. ACOUSTIC STC RATING STC 45. DOOR FINISH WHITE MAPLE. HARDWARE SET 14. FRAME TYPE SINGLE MASONRY,"Framaco International, Inc",MACRO,PO for LEAVES SINGLE. DOOR TYPE A. WIDTH (mm) 900. HEIGHT (mm) 2150. THICKNESS (mm) 45. FIRE RATING NON. ACOUSTIC STC RATING STC 45. DOOR FINISH WHITE MAPLE. HARDWARE SET 14. FRAME TYPE SINGLE MASONRY,Various,Various,142363.68,USD,2021,3,3734,RFPO-3734-V4257A,Base PO
RFPO-3550-V4363-1,09 Mar 2021,PO for Cement OPC as per approved submittal.,Rastra Bhusan Construction and Suppliers Pvt Ltd,FIRESTOP,PO for Cement OPC as per approved submittal.,Various,Various,557600.0,USD,2021,3,3550,RFPO-3550-V4363,Base PO
RFPO-3550-V4362A-1,08 Mar 2021,PO for GEOSTONE CREMA (FULL BODY VITRIFIED TILES) 10MM THICKNESS.,BATH N ROOM TRADE CONCERN PVT LTD,MVL Nepal,PO for GEOSTONE CREMA (FULL BODY VITRIFIED TILES) 10MM THICKNESS.,Various,Various,3085507.0,USD,2021,3,3550,RFPO-3550-V4362A,Base PO
RFPO-3734-V4272-1,08 Mar 2021,PO for LIQUID SURFACE HARDENER AND DUST PROOFER FOR CONCRETE SURFACES (SETHARD S),Don Construction Products - Qatar W.L.L,MACRO,PO for LIQUID SURFACE HARDENER AND DUST PROOFER FOR CONCRETE SURFACES (SETHARD S),Various,Various,4120.88,USD,2021,3,3734,RFPO-3734-V4272,Base PO
RFPO-1569-O19-1,08 Mar 2021,PO for Microsoft Azure Subscription -  (Pay As You Go),Burhani Computers Trading LLC,MACRO,PO for Microsoft Azure Subscription -  (Pay As You Go),Office Assets,Office Assets,990.06,USD,2021,3,1569,RFPO-1569-O19,Base PO
RFPO-1569-O20-1,08 Mar 2021,PO for ESET Endpoint Protection Advanced  Renewal for a year,Burhani Computers Trading LLC,MACRO,PO for ESET Endpoint Protection Advanced  Renewal for a year,Office Assets,Office Assets,882.23,USD,2021,3,1569,RFPO-1569-O20,Base PO
RFPO-3734-V4270-1,07 Mar 2021,PO for CONCRETE TILES (600X600X75) GABBRO GRAY: COLOR,Al Sehmiah Cement Products,MACRO,PO for CONCRETE TILES (600X600X75) GABBRO GRAY: COLOR,Various,Various,40384.62,USD,2021,3,3734,RFPO-3734-V4270,Base PO
RFPO-3550-V4361B-1,03 Mar 2021,PO for Coupler (S/F) 160MM,Mangalam Universal P. Ltd,MVL Nepal,PO for Coupler (S/F) 160MM,Various,Various,135147.95,USD,2021,3,3550,RFPO-3550-V4361B,Base PO
RFPO-1569-S9001-1,02 Mar 2021,PO for Supply and installation of printed vinyl sticker. Sticker to be installed on the existing signboard,ISRA Middle East,MACRO,PO for Supply and installation of printed vinyl sticker. Sticker to be installed on the existing signboard,Services,Services,272.29,USD,2021,3,1569,RFPO-1569-S9001,Base PO
RFPO-3550-V4361A-1,02 Mar 2021,PO for Coupler (S/F) 160MM,Mangalam Universal P. Ltd,MVL Nepal,PO for Coupler (S/F) 160MM,Various,Various,133950.9232,USD,2021,3,3550,RFPO-3550-V4361A,Base PO
RFPO-1192-V4427-1,01 Mar 2021,PO for INSPECTION CERTIFICATES FOR 3 NOS OF LIFTING JACKS,DUTEST INDUSTRIAL EST.,FIRESTOP,PO for INSPECTION CERTIFICATES FOR 3 NOS OF LIFTING JACKS,Various,Various,183.8,USD,2021,3,1192,RFPO-1192-V4427,Base PO
RFPO-3734-V4269-1,28 Feb 2021,PO for GENERAL PURPOSE ACRYLIC SEALANT WITH MOULD RESISTANCE,Don Construction Products - Qatar W.L.L,MACRO,PO for GENERAL PURPOSE ACRYLIC SEALANT WITH MOULD RESISTANCE,Various,Various,1483.52,USD,2021,2,3734,RFPO-3734-V4269,Base PO
RFPO-3550-V4357-1,28 Feb 2021,PO for GROUT AND SPACER,BATH N ROOM TRADE CONCERN PVT LTD,MACRO,PO for GROUT AND SPACER,Various,Various,1632.85,USD,2021,2,3550,RFPO-3550-V4357,Base PO
RFPO-3550-V4355B-1,28 Feb 2021,"PO for Supplying and fixing wall to wall expansion joint for external part of Aluminium (2mm thick) for joint width 150mm, material 6063-T5 grade alumunium, anodised finish with water barrier all comp",VENUS CONSTRUCTION & WATER PROOFING PVT. LTD.,MVL Nepal,"PO for Supplying and fixing wall to wall expansion joint for external part of Aluminium (2mm thick) for joint width 150mm, material 6063-T5 grade alumunium, anodised finish with water barrier all comp",Various,Various,420665.1,USD,2021,2,3550,RFPO-3550-V4355B,Base PO
RFPO-3550-V4359A-1,28 Feb 2021,PO for BRICK (SASHI BRICK),SASHI ITTA UDHYOG,MVL Nepal,PO for BRICK (SASHI BRICK),Various,Various,108750.0,USD,2021,2,3550,RFPO-3550-V4359A,Base PO
RFPO-3550-V4360A-1,28 Feb 2021,PO for BRICK BAT (SASHI BRICK),SASHI ITTA UDHYOG,MVL Nepal,PO for BRICK BAT (SASHI BRICK),Various,Various,259940.0,USD,2021,2,3550,RFPO-3550-V4360A,Base PO
RFPO-3550-M4105-1,28 Feb 2021,PO for FRB Vessels Pentair Indian size (24inch x 72inch) and loaded with MN02 + Graded Pebbles filter with -MPVF.,PRASID International Company Pvt. Ltd.,MACRO,PO for FRB Vessels Pentair Indian size (24inch x 72inch) and loaded with MN02 + Graded Pebbles filter with -MPVF.,Mechanical,Mechanical,1048640.0,USD,2021,2,3550,RFPO-3550-M4105,Base PO
RFPO-3550-V4356A-1,25 Feb 2021,PO for Ceramic Wall Tile Somany (12 x 18),Rastra Bhusan Construction and Suppliers Pvt Ltd,MVL Nepal,PO for Ceramic Wall Tile Somany (12 x 18),Various,Various,1188757.74,USD,2021,2,3550,RFPO-3550-V4356A,Base PO
RFPO-3550-V4358A-1,25 Feb 2021,PO for 25*25*3 ANGLE,SANGACHHE TRADE CONCERN,MVL Nepal,PO for 25*25*3 ANGLE,Various,Various,559530.85,USD,2021,2,3550,RFPO-3550-V4358A,Base PO
RFPO-2797-E6803-1,25 Feb 2021,PO for Legrand socket 16A-2p 2 modules with frame and 2 rear doors without back box,GHULLAM ABBAS LASHKARI ELECTRIC SHOP,MACRO,PO for Legrand socket 16A-2p 2 modules with frame and 2 rear doors without back box,Electrical,Electrical,56344.8,USD,2021,2,2797,RFPO-2797-E6803,Base PO
RFPO-3550-V4341A-1,24 Feb 2021,PO for Niagara N Urinal Set,BATH N ROOM TRADE CONCERN PVT LTD,MVL Nepal,PO for Niagara N Urinal Set,Various,Various,375209.6,USD,2021,2,3550,RFPO-3550-V4341A,Base PO
RFPO-2797-E6802-1,24 Feb 2021,"PO for WAC - 601(3 BURNERS, DOUBLE DOOR, GRILLING, FRYER, STEAMING , TOP METAL)",Welcome Industries,MACRO,"PO for WAC - 601(3 BURNERS, DOUBLE DOOR, GRILLING, FRYER, STEAMING , TOP METAL)",Electrical,Electrical,9120.0,USD,2021,2,2797,RFPO-2797-E6802,Base PO
RFPO-3734-V4252A-1,24 Feb 2021,PO for Subgrade Preparation and Asphalt Patch Work,POWERMAN International W.L.L.,MACRO,PO for Subgrade Preparation and Asphalt Patch Work,Various,Various,10989.01,USD,2021,2,3734,RFPO-3734-V4252A,Base PO
RFPO-3734-V4268-1,24 Feb 2021,"PO for ALUMINUM SURFACE, ANODISED, SEISMIC",NEMER METAL INDUSTRIES FACTORY,MVL VENTURES,"PO for ALUMINUM SURFACE, ANODISED, SEISMIC",Various,Various,10989.03,USD,2021,2,3734,RFPO-3734-V4268,Base PO
RFPO-3734-V4267-1,24 Feb 2021,"SUPPLY, DELIVERY AND INSTALLATION OF KINGSPAN TATE ACCESS FLOORS",Gulf Computer Support Systems L.L.C,MACRO,"SUPPLY, DELIVERY AND INSTALLATION OF KINGSPAN TATE ACCESS FLOORS",Various,Various,53274.73,USD,2021,2,3734,RFPO-3734-V4267,Base PO
RFPO-3550-V4353A-1,23 Feb 2021,PO for SUPPLY OF DB-GF1 FOR BLOCK A,Rastra Bhusan Construction and Suppliers Pvt Ltd,MVL Nepal,PO for SUPPLY OF DB-GF1 FOR BLOCK A,Various,Various,1617030.0,USD,2021,2,3550,RFPO-3550-V4353A,Base PO
RFPO-1192-V4310-1,23 Feb 2021,PO for SLAB WITHOUT FACING (SXXX) DENSITY: 160 KG THICKNESS: 50MM SIZE: 1.2 MTR*0.6,FUJAIRAH ROCKWOOL FACTORY,MVL Nepal,PO for SLAB WITHOUT FACING (SXXX) DENSITY: 160 KG THICKNESS: 50MM SIZE: 1.2 MTR*0.6,Various,Various,3191.72,USD,2021,2,1192,RFPO-1192-V4310,Base PO
RFPO-3550-V4355A-1,22 Feb 2021,"PO for Supplying and fixing wall to wall expansion joint for external part of Aluminium (2mm thick) for joint width 150mm, material 6063-T5 grade alumunium, anodised finish with water barrier all comp",VENUS CONSTRUCTION & WATER PROOFING PVT. LTD.,MVL Nepal,"PO for Supplying and fixing wall to wall expansion joint for external part of Aluminium (2mm thick) for joint width 150mm, material 6063-T5 grade alumunium, anodised finish with water barrier all comp",Various,Various,318823.85,USD,2021,2,3550,RFPO-3550-V4355A,Base PO
RFPO-3550-V4352A-1,21 Feb 2021,"PO for Kapilakot/2000 liter stainless steel water tank 304 grade steel with Inlet, outlet, over flow, cleanout hole etc.",Rastra Bhusan Construction and Suppliers Pvt Ltd,MVL Nepal,"PO for Kapilakot/2000 liter stainless steel water tank 304 grade steel with Inlet, outlet, over flow, cleanout hole etc.",Various,Various,1232000.0,USD,2021,2,3550,RFPO-3550-V4352A,Base PO
RFPO-3550-V4351A-1,21 Feb 2021,PO for Kapilakot/ 30 KVA Generator,Rastra Bhusan Construction and Suppliers Pvt Ltd,MVL Nepal,PO for Kapilakot/ 30 KVA Generator,Various,Various,2050000.0,USD,2021,2,3550,RFPO-3550-V4351A,Base PO
RFPO-3550-V4354A-1,21 Feb 2021,PO for 50*50*3mm,SANGACHHE TRADE CONCERN,MVL Nepal,PO for 50*50*3mm,Various,Various,326024.09,USD,2021,2,3550,RFPO-3550-V4354A,Base PO
RFPO-3550-E6809-1,21 Feb 2021,PO for 200 mm. width x 50 mm. depth x 2 mm. thickness with cover,ELECTRIC LIGHT SOLUTION PVT. LTD,MACRO,PO for 200 mm. width x 50 mm. depth x 2 mm. thickness with cover,Electrical,Electrical,459706.6,USD,2021,2,3550,RFPO-3550-E6809,Base PO
RFPO-3550-V4350-1,18 Feb 2021,PO for Power cable Cu Arm (4x10),Rastra Bhusan Construction and Suppliers Pvt Ltd,MVL Nepal,PO for Power cable Cu Arm (4x10),Various,Various,1778659.55,USD,2021,2,3550,RFPO-3550-V4350,Base PO
RFPO-2797-M4102-1,17 Feb 2021,PO for ADDRESSABLE FIRE ALARM SYSTEM,RCL INTERNATIONAL S.A.L. OFFSHORE,MACRO,PO for ADDRESSABLE FIRE ALARM SYSTEM,Mechanical,Mechanical,51847.0,USD,2021,2,2797,RFPO-2797-M4102,Base PO
RFPO-3550-V4343-1,16 Feb 2021,PO for 200 mm.width x 50 mm. depth x 2 mm.thickness with cover,Rastra Bhusan Construction and Suppliers Pvt Ltd,MVL Nepal,PO for 200 mm.width x 50 mm. depth x 2 mm.thickness with cover,Various,Various,900169.3,USD,2021,2,3550,RFPO-3550-V4343,Base PO
RFPO-3550-V4347-1,16 Feb 2021,PO for 30 KVA SERVO VOLTAGE (AVR),Venus Construction Solutions,MVL Nepal,PO for 30 KVA SERVO VOLTAGE (AVR),Various,Various,4698.8,USD,2021,2,3550,RFPO-3550-V4347,Base PO
RFPO-3550-V4348-1,16 Feb 2021,PO for 160 mm HDPE Pipe/ 6kg/p,Rastra Bhusan Construction and Suppliers Pvt Ltd,MVL Nepal,PO for 160 mm HDPE Pipe/ 6kg/p,Various,Various,1108730.0,USD,2021,2,3550,RFPO-3550-V4348,Base PO
RFPO-3550-V4349-1,16 Feb 2021,PO for 50mm MS.sq.pipe 3mm,Rastra Bhusan Construction and Suppliers Pvt Ltd,MVL Nepal,PO for 50mm MS.sq.pipe 3mm,Various,Various,1965340.725,USD,2021,2,3550,RFPO-3550-V4349,Base PO
RFPO-3550-V4345-1,15 Feb 2021,PO for Sliding Glazing [plaln/froasted glass) window with Froasted glass with Fixed ventilation,GORKHA PRECAST AND WINDOR PVT. LTD.,MVL Nepal,PO for Sliding Glazing [plaln/froasted glass) window with Froasted glass with Fixed ventilation,Various,Various,3400962.19,USD,2021,2,3550,RFPO-3550-V4345,Base PO
RFPO-3550-V4344-1,15 Feb 2021,PO for SUPPLYING OF WATER FILTER SYSTEM 8000 LPH AND WATER FILTER SOFTER SYSTEM 2000 LPH,Rastra Bhusan Construction and Suppliers Pvt Ltd,MVL Nepal,PO for SUPPLYING OF WATER FILTER SYSTEM 8000 LPH AND WATER FILTER SOFTER SYSTEM 2000 LPH,Various,Various,3099000.0,USD,2021,2,3550,RFPO-3550-V4344,Base PO
RFPO-3550-V4346-1,15 Feb 2021,PO for 30 KVA SERVO VOLTAGE,Venus Construction Solutions,MVL Nepal,PO for 30 KVA SERVO VOLTAGE,Various,Various,4698.8,USD,2021,2,3550,RFPO-3550-V4346,Base PO
RFPO-3734-V4266-1,15 Feb 2021,"PO for Stainless Steel (Satin Finish) (Welded  Corner), Floor Mounted Overhead Braced  (Series 400), Stainless Steel Wraparound  Gravity Hinge, Stainless Steel Concealed  Slide Latch and Keeper, Stain",HIGHRISE TRADING AND CONTRACTING W.L.L.,MACRO,"PO for Stainless Steel (Satin Finish) (Welded  Corner), Floor Mounted Overhead Braced  (Series 400), Stainless Steel Wraparound  Gravity Hinge, Stainless Steel Concealed  Slide Latch and Keeper, Stain",Various,Various,27960.99,USD,2021,2,3734,RFPO-3734-V4266,Base PO
RFPO-3550-V4342-1,14 Feb 2021,"PO for Gi Chain Link Wire, Heavy Coated 10SWG. Mesh Size B# 2 inch x 2 inch",R.K. STRUCTURE AND ENGINEERING WORKS,MVL Nepal,"PO for Gi Chain Link Wire, Heavy Coated 10SWG. Mesh Size B# 2 inch x 2 inch",Various,Various,116577.9,USD,2021,2,3550,RFPO-3550-V4342,Base PO
RFPO-2797-V4268-1,14 Feb 2021,PO VARIOUS FURNITURE,Unspecified Supplier,MVL VENTURES,PO VARIOUS FURNITURE,Various,Various,138261.0,USD,2021,2,2797,RFPO-2797-V4268,Base PO
RFPO-3734-A5302-1,14 Feb 2021,PO for ACRYLIC EMULSION PRIMER JOTUN 18LTR,LULU PAINTS CENTER,MACRO,PO for ACRYLIC EMULSION PRIMER JOTUN 18LTR,Architectural,Architectural,26342.03,USD,2021,2,3734,RFPO-3734-A5302,Base PO
RFPO-3734-A5202-1,11 Feb 2021,PO for SUPPLY FOR DOOR SETS AS PER APPROVED SUBMITTAL,STEELTECH FOR TRADING AND CONTRACTING,MACRO,PO for SUPPLY FOR DOOR SETS AS PER APPROVED SUBMITTAL,Architectural,Architectural,88321.7,USD,2021,2,3734,RFPO-3734-A5202,Base PO
RFPO-3550-V4340-1,10 Feb 2021,"PO for Supply testing and commisioning of solar pv Modules of capacity 270 Wp RETS Approved with all necessary connection cables and accessories as per specification, drawings and instruction of the C",Rastra Bhusan Construction and Suppliers Pvt Ltd,MVL Nepal,"PO for Supply testing and commisioning of solar pv Modules of capacity 270 Wp RETS Approved with all necessary connection cables and accessories as per specification, drawings and instruction of the C",Various,Various,3420076.5,USD,2021,2,3550,RFPO-3550-V4340,Base PO
RFPO-3550-V4341-1,10 Feb 2021,PO for Ace Orissa Pan,BATH N ROOM TRADE CONCERN PVT LTD,MVL Nepal,PO for Ace Orissa Pan,Various,Various,334371.4,USD,2021,2,3550,RFPO-3550-V4341,Base PO
RFPO-3550-V4339-1,08 Feb 2021,PO for Cable Tray Works (200 mm. width x 50 mm. depth x 2 mm. thickness with cover),ELECTRIC LIGHT SOLUTION PVT. LTD,MVL Nepal,PO for Cable Tray Works (200 mm. width x 50 mm. depth x 2 mm. thickness with cover),Various,Various,297472.5,USD,2021,2,3550,RFPO-3550-V4339,Base PO
Fresh PO-304,07 Feb 2021,LIGHTING FIXTURES,AL BAYAN FOR ELECTRONICS & LED TECHNOLOGIES,Unknown,LIGHTING FIXTURES,Various,Various,69492.24,USD,2021,2,304,Fresh PO-304,Base PO
RFPO-3550-E6808-1,04 Feb 2021,PO for 8 LINE INPUT AND 24 LINE OUTPUT PABX TELEPHONE EXCHANGE SYSTEM. NEC SL2100,ALERT TECHNOLOGY PVT LTD,MACRO,PO for 8 LINE INPUT AND 24 LINE OUTPUT PABX TELEPHONE EXCHANGE SYSTEM. NEC SL2100,Electrical,Electrical,184275.0,USD,2021,2,3550,RFPO-3550-E6808,Base PO
RFPO-3734-A5201-1,04 Feb 2021,PO for Supply and Install the following materials w/ all hardware and fittings:,Techtradedoors Trading L.L.C,MACRO,PO for Supply and Install the following materials w/ all hardware and fittings:,Architectural,Architectural,11385.16,USD,2021,2,3734,RFPO-3734-A5201,Base PO
RFPO-3550-A5301-1,04 Feb 2021,PO for INTERIOR PRIMER ON INTERNAL WALLS (DECO CEMENT PRIMER WATER BASED-DCPM,SAMITA ENTERPRISES,MACRO,PO for INTERIOR PRIMER ON INTERNAL WALLS (DECO CEMENT PRIMER WATER BASED-DCPM,Architectural,Architectural,94050.0,USD,2021,2,3550,RFPO-3550-A5301,Base PO
RFPO-3734-V4264-1,03 Feb 2021,DRY MIX PLASTER,QATAR PLASTER FACTORY LLC,MACRO,DRY MIX PLASTER,Various,Various,15346.15,USD,2021,2,3734,RFPO-3734-V4264,Base PO
RFPO-3550-V4338-1,02 Feb 2021,PO for RHEOTOP SPL,Venus Construction Solutions,MVL Nepal,PO for RHEOTOP SPL,Various,Various,3704.82,USD,2021,2,3550,RFPO-3550-V4338,Base PO
RFPO-3550-V4335-1,02 Feb 2021,PO for WALL PUTTY FOR KAPILAKOT SITE,Rastra Bhusan Construction and Suppliers Pvt Ltd,MVL Nepal,PO for WALL PUTTY FOR KAPILAKOT SITE,Various,Various,608000.0,USD,2021,2,3550,RFPO-3550-V4335,Base PO
RFPO-3550-V4336-1,02 Feb 2021,"PO for Wall Mounted Air Conditioner (1 Ton) Cooling Capacity : 3.6 KW Heating Capacity : 3.7 KW Power Supply: AC le, 22OV-240V /50HZ",Rastra Bhusan Construction and Suppliers Pvt Ltd,MVL Nepal,"PO for Wall Mounted Air Conditioner (1 Ton) Cooling Capacity : 3.6 KW Heating Capacity : 3.7 KW Power Supply: AC le, 22OV-240V /50HZ",Various,Various,1740000.0,USD,2021,2,3550,RFPO-3550-V4336,Base PO
RFPO-1192-V4309-1,01 Feb 2021,PO for SLAB WITHOUT FACING (SXXX),FUJAIRAH ROCKWOOL FACTORY,MVL Nepal,PO for SLAB WITHOUT FACING (SXXX),Various,Various,1276.3,USD,2021,2,1192,RFPO-1192-V4309,Base PO
RFPO-3550-V4334-1,01 Feb 2021,"PO for Supply, delivery of 50 kVA distribution transformer ONAN type, Dynll with complete accessories as per specification and drawing all complete",Rastra Bhusan Construction and Suppliers Pvt Ltd,MVL Nepal,"PO for Supply, delivery of 50 kVA distribution transformer ONAN type, Dynll with complete accessories as per specification and drawing all complete",Various,Various,1000000.0,USD,2021,2,3550,RFPO-3550-V4334,Base PO
RFPO-3734-V4263-1,31 Jan 2021,PO for SUPPLY AND APPLY OF ROOF WATERPROOFING SYSTEM,SALEM BIN HASSAN AL-ANSARI CO.,MACRO,PO for SUPPLY AND APPLY OF ROOF WATERPROOFING SYSTEM,Various,Various,47802.2,USD,2021,1,3734,RFPO-3734-V4263,Base PO
RFPO-3734-V4262-1,31 Jan 2021,PO for CleanlineXL 5 inch x 8 feet Black DuraFlex with  3 Stakes per Piece. SKU: 13353,Permaloc Corporation,MACRO,PO for CleanlineXL 5 inch x 8 feet Black DuraFlex with  3 Stakes per Piece. SKU: 13353,Various,Various,9473.0,USD,2021,1,3734,RFPO-3734-V4262,Base PO
RFPO-3550-V4333-1,31 Jan 2021,PO for CEMENT OPC HONGSHI,Rastra Bhusan Construction and Suppliers Pvt Ltd,MVL Nepal,PO for CEMENT OPC HONGSHI,Various,Various,836400.0,USD,2021,1,3550,RFPO-3550-V4333,Base PO
RFPO-3550-V4332-1,31 Jan 2021,PO for FLOOR EXPANSION JOINT(FGM-75),"SU ZHOU JOINT ENGINEERING MATERIALS CO.,LTD",MVL Nepal,PO for FLOOR EXPANSION JOINT(FGM-75),Various,Various,12615.65,USD,2021,1,3550,RFPO-3550-V4332,Base PO
RFPO-3550-V4330-1,31 Jan 2021,PO for FAIRFACE BRICK ( GORKHA CHINESES BRICKS),Gorkha Eco Red Bricks Pvt. Ltd.,MVL Nepal,PO for FAIRFACE BRICK ( GORKHA CHINESES BRICKS),Various,Various,765000.0,USD,2021,1,3550,RFPO-3550-V4330,Base PO
RFPO-3550-V4329-1,28 Jan 2021,PO for AQUAFIN 2KMLM,BABA MUKTINATH FABRICATORS PVT. LTD.,MVL Nepal,PO for AQUAFIN 2KMLM,Various,Various,508500.0,USD,2021,1,3550,RFPO-3550-V4329,Base PO
RFPO-3550-V4328-1,27 Jan 2021,"PO for 360 lit. capacity consisting of 30 numbers of tube solar heater confirming of ISO 9001- 2000, fixing with electric booster all complete.",HK TRADERS PVT. LTD.,MVL Nepal,"PO for 360 lit. capacity consisting of 30 numbers of tube solar heater confirming of ISO 9001- 2000, fixing with electric booster all complete.",Various,Various,78000.0,USD,2021,1,3550,RFPO-3550-V4328,Base PO
RFPO-3734-V4261-1,27 Jan 2021,PO for TERRAM GC 1E1 - 2X 50 MTR,Tadmur Trading W.L.L.,MACRO,PO for TERRAM GC 1E1 - 2X 50 MTR,Various,Various,14432.69,USD,2021,1,3734,RFPO-3734-V4261,Base PO
PO-1005-M7039-2,26 Jan 2021,APPROVED PTAC,YORK INTERNATIONAL (SA) INC,MACRO,APPROVED PTAC,Mechanical,Mechanical,83021.47,USD,2021,1,1005,PO-1005-M7039,Change Order
RFPO-3550-M4104-1,26 Jan 2021,"PO for Supply  and  installation  of   Air  Conditioning  Units  with necessary  installation  of  copper  pipes,  gas,  drainage pipes including laying, cutting, jointing, making holes on walls s or",C.G. IMPEX PVT. LTD.,MACRO,"PO for Supply  and  installation  of   Air  Conditioning  Units  with necessary  installation  of  copper  pipes,  gas,  drainage pipes including laying, cutting, jointing, making holes on walls s or",Mechanical,Mechanical,598470.6,USD,2021,1,3550,RFPO-3550-M4104,Base PO
RFPO-3550-V4326-1,25 Jan 2021,PO for Cerona Grey-lt (Ceramic) Kassar,BATH N ROOM TRADE CONCERN PVT LTD,MVL Nepal,PO for Cerona Grey-lt (Ceramic) Kassar,Various,Various,323742.0,USD,2021,1,3550,RFPO-3550-V4326,Base PO
RFPO-3550-V4327-1,25 Jan 2021,PO for RAJASTHANI GRANITE CHINA PINK THICKNESS 18 MM,BATH N ROOM TRADE CONCERN PVT LTD,MVL Nepal,PO for RAJASTHANI GRANITE CHINA PINK THICKNESS 18 MM,Various,Various,120876.0,USD,2021,1,3550,RFPO-3550-V4327,Base PO
RFPO-3550-V4325-1,20 Jan 2021,PO for BRICK BAT (SASHI BRICK),SASHI ITTA UDHYOG,MVL Nepal,PO for BRICK BAT (SASHI BRICK),Various,Various,259940.0,USD,2021,1,3550,RFPO-3550-V4325,Base PO
RFPO-3550-V4324-1,20 Jan 2021,PO for Aquafina IC,BABA MUKTINATH FABRICATORS PVT. LTD.,MVL Nepal,PO for Aquafina IC,Various,Various,281935.0,USD,2021,1,3550,RFPO-3550-V4324,Base PO
RFPO-3550-V4323-1,19 Jan 2021,PO for Crompton Ceiling Fan1200 mm 3 blade ceiling fan w/o Regulator,Venus Construction Solutions,MVL Nepal,PO for Crompton Ceiling Fan1200 mm 3 blade ceiling fan w/o Regulator,Various,Various,1072.89,USD,2021,1,3550,RFPO-3550-V4323,Base PO
RFPO-3550-V4322-1,18 Jan 2021,PO for Supply of 2mm thick plain white Putty on internal walls external walls ceiling surfaces false ceilings and cement board partition walls with proper finishing work all complete as per drawing sp,Jaya Om Shrimali Enterprises,MVL Nepal,PO for Supply of 2mm thick plain white Putty on internal walls external walls ceiling surfaces false ceilings and cement board partition walls with proper finishing work all complete as per drawing sp,Various,Various,357607.57,USD,2021,1,3550,RFPO-3550-V4322,Base PO
RFPO-3550-E6807-1,18 Jan 2021,PO for AUTOMATIC SERVO CONTROLLED AC 30KVA SERVO VOLTAGE STABILIZER THREE PHASE,SIMONES NEPAL PVT. LTD.,MACRO,PO for AUTOMATIC SERVO CONTROLLED AC 30KVA SERVO VOLTAGE STABILIZER THREE PHASE,Electrical,Electrical,450870.0,USD,2021,1,3550,RFPO-3550-E6807,Base PO
RFPO-3550-V4321-1,14 Jan 2021,PO for SINGLE TEE WITH DOOR 110MM SOLVENT-FIT,Mangalam Universal P. Ltd,MVL Nepal,PO for SINGLE TEE WITH DOOR 110MM SOLVENT-FIT,Various,Various,49428.41,USD,2021,1,3550,RFPO-3550-V4321,Base PO
RFPO-3550-V4316-1,12 Jan 2021,PO for 2000 LTR SS TANK 304 FOOD GRADE VERTICAL,Panchakanya S S (P) Ltd.,MVL Nepal,PO for 2000 LTR SS TANK 304 FOOD GRADE VERTICAL,Various,Various,167919.47,USD,2021,1,3550,RFPO-3550-V4316,Base PO
RFPO-3550-V4314-1,12 Jan 2021,PO for CORAL SURFACE ( R ) 94054090 12W LED down lighter,Venus Construction Solutions,MVL Nepal,PO for CORAL SURFACE ( R ) 94054090 12W LED down lighter,Various,Various,10246.14,USD,2021,1,3550,RFPO-3550-V4314,Base PO
RFPO-3550-V4305-1,12 Jan 2021,PO for LABORATORY EQUIPMENT,Venus Construction Solutions,FIRESTOP,PO for LABORATORY EQUIPMENT,Various,Various,7481.84,USD,2021,1,3550,RFPO-3550-V4305,Base PO
Fresh PO-302,11 Jan 2021,YORK AIR CONDITIONING UNITS,YORK INTERNATIONAL (SA) INC,Unknown,YORK AIR CONDITIONING UNITS,Various,Various,81010.0,USD,2021,1,302,Fresh PO-302,Base PO
Fresh PO-303,11 Jan 2021,Spares For York Air Conditioning Units,YORK INTERNATIONAL (SA) INC,Unknown,Spares For York Air Conditioning Units,Various,Various,4344.81,USD,2021,1,303,Fresh PO-303,Base PO
RFPO-3550-V4319-1,11 Jan 2021,PO for Multi-strand Wire 1.5 mm2 (Green),PRIME CABLE INDUSTRIES (P.) LTD.,MVL Nepal,PO for Multi-strand Wire 1.5 mm2 (Green),Various,Various,707557.41,USD,2021,1,3550,RFPO-3550-V4319,Base PO
RFPO-3550-V4318-1,11 Jan 2021,PO for Mobilization and  De-Mobilization of Drilling machinesat site,LUCENT DROP NEPAL,MVL Nepal,PO for Mobilization and  De-Mobilization of Drilling machinesat site,Various,Various,904000.0,USD,2021,1,3550,RFPO-3550-V4318,Base PO
RFPO-3550-E6805-1,10 Jan 2021,"PO for Supply of Lightning Air Terminal (Make: LPI, Australia)",B. & B. INC.,MACRO,"PO for Supply of Lightning Air Terminal (Make: LPI, Australia)",Electrical,Electrical,468947.5,USD,2021,1,3550,RFPO-3550-E6805,Base PO
RFPO-3550-E6806-1,10 Jan 2021,PO for 2 Core x 6 Sqmm Copper Unarmoured (PVC),Pioneer Electrocables (P) Ltd,MACRO,PO for 2 Core x 6 Sqmm Copper Unarmoured (PVC),Electrical,Electrical,342463.45,USD,2021,1,3550,RFPO-3550-E6806,Base PO
RFPO-3550-M4103-1,10 Jan 2021,"PO for Supply, installation, testing and commissioning of solar PV modules of capacity 270 Wp RETS approved with all necessary connection cables and accessories as per specification, drawings and inst",Gham Power Nepal Pvt. Ltd.,MACRO,"PO for Supply, installation, testing and commissioning of solar PV modules of capacity 270 Wp RETS approved with all necessary connection cables and accessories as per specification, drawings and inst",Mechanical,Mechanical,1217900.71,USD,2021,1,3550,RFPO-3550-M4103,Base PO
RFPO-3550-M4102-1,10 Jan 2021,PO for Engine (KVA) 30 KVA (III),VISHAL TRADE LINKS,MACRO,PO for Engine (KVA) 30 KVA (III),Mechanical,Mechanical,706250.0,USD,2021,1,3550,RFPO-3550-M4102,Base PO
RFPO-3550-V4315-1,07 Jan 2021,PO for Cement (OPC) - Hongshi Cement,J.M.T. GROUP PVT. LTD.,MVL Nepal,PO for Cement (OPC) - Hongshi Cement,Various,Various,1115194.29,USD,2021,1,3550,RFPO-3550-V4315,Base PO
RFPO-2394-E6806-1,07 Jan 2021,"PO for 50KVA, 20-15 KV / 230V 50 HZ liO, POLE MOUNTED SINGLE PHASE HERMETICALLY SEALED TRANSFORMERS",United Transformers Electric Company,MACRO,"PO for 50KVA, 20-15 KV / 230V 50 HZ liO, POLE MOUNTED SINGLE PHASE HERMETICALLY SEALED TRANSFORMERS",Electrical,Electrical,4800.0,USD,2021,1,2394,RFPO-2394-E6806,Base PO
RFPO-3550-V4309-1,06 Jan 2021,APPROVED SAND AND AGGREGATES,Rastra Bhusan Construction and Suppliers Pvt Ltd,MVL Nepal,APPROVED SAND AND AGGREGATES,Various,Various,5203650.0,USD,2021,1,3550,RFPO-3550-V4309,Base PO
RFPO-3550-V4311-1,06 Jan 2021,PO for Bricks (Brand Gorkha),Rastra Bhusan Construction and Suppliers Pvt Ltd,MVL Nepal,PO for Bricks (Brand Gorkha),Various,Various,4418300.0,USD,2021,1,3550,RFPO-3550-V4311,Base PO
RFPO-3550-V4312-1,06 Jan 2021,PO for Bricks (Brand Pandav RDM),Rastra Bhusan Construction and Suppliers Pvt Ltd,MVL Nepal,PO for Bricks (Brand Pandav RDM),Various,Various,10848000.0,USD,2021,1,3550,RFPO-3550-V4312,Base PO
RFPO-3550-V4310-1,06 Jan 2021,"PO for Vitrified wall/Floor tile with Epoxy grout:-Supplying heavy duty, acid and alkali resistant, low water absorption (average 0.3 percent, maximum 0.6 percent) and antiskid sized vitrified wall ti",Rastra Bhusan Construction and Suppliers Pvt Ltd,MVL Nepal,"PO for Vitrified wall/Floor tile with Epoxy grout:-Supplying heavy duty, acid and alkali resistant, low water absorption (average 0.3 percent, maximum 0.6 percent) and antiskid sized vitrified wall ti",Various,Various,15031875.0,USD,2021,1,3550,RFPO-3550-V4310,Base PO
RFPO-3550-V4313-1,06 Jan 2021,PO for OPC Cement - Brand Hongshi,Rastra Bhusan Construction and Suppliers Pvt Ltd,MVL Nepal,PO for OPC Cement - Brand Hongshi,Various,Various,14532365.0,USD,2021,1,3550,RFPO-3550-V4313,Base PO
RFPO-3734-V4258-1,06 Jan 2021,PO for INTERIOR AND EXTERIOR PLASTERS,Don Construction Products - Qatar W.L.L,MVL VENTURES,PO for INTERIOR AND EXTERIOR PLASTERS,Various,Various,48557.14,USD,2021,1,3734,RFPO-3734-V4258,Base PO
Fresh PO-301,05 Jan 2021,Thermal Insulation Board (Polystyrene),QATAR  INSULATION  FACTORY,Unknown,Thermal Insulation Board (Polystyrene),Various,Various,45494.51,USD,2021,1,301,Fresh PO-301,Base PO
RFPO-3550-V4308-1,04 Jan 2021,"PO for Supply,  11 Meter GI Tubular Pole ( Bottom 134mm dia,3300mm ht,155mm dia 2250mm ht,90mm dia 2250 ht and 76mm dia 1650mm ht with over lapping of 200mm,150mm,100mm respectively)  with all related",Shivam Traders,FIRESTOP,"PO for Supply,  11 Meter GI Tubular Pole ( Bottom 134mm dia,3300mm ht,155mm dia 2250mm ht,90mm dia 2250 ht and 76mm dia 1650mm ht with over lapping of 200mm,150mm,100mm respectively)  with all related",Various,Various,1337920.0,USD,2021,1,3550,RFPO-3550-V4308,Base PO
RFPO-3550-V4307-1,04 Jan 2021,PO for SCHOMBURG Group of Companies :- AQUAFIN®-2K/M,Shivam Traders,FIRESTOP,PO for SCHOMBURG Group of Companies :- AQUAFIN®-2K/M,Various,Various,4670000.0,USD,2021,1,3550,RFPO-3550-V4307,Base PO
RFPO-3550-V4306-1,29 Dec 2020,APPROVED PVC AND CPVC PIPES AND FITTINGS,Mangalam Universal P. Ltd,FIRESTOP,APPROVED PVC AND CPVC PIPES AND FITTINGS,Various,Various,546578.38,USD,2020,12,3550,RFPO-3550-V4306,Base PO
RFPO-3550-V4301-1,27 Dec 2020,"PO for LIGHTING FIXTURE, CEILING FAN AND EXHAUST FAN",Shivam Traders,FIRESTOP,"PO for LIGHTING FIXTURE, CEILING FAN AND EXHAUST FAN",Various,Various,2923875.0,USD,2020,12,3550,RFPO-3550-V4301,Base PO
RFPO-3550-V4303-1,23 Dec 2020,APPROVED SWITCHES AND SOCKETS,Shivam Traders,FIRESTOP,APPROVED SWITCHES AND SOCKETS,Various,Various,1202637.53,USD,2020,12,3550,RFPO-3550-V4303,Base PO
RFPO-3734-V4257-1,23 Dec 2020,PO for WOODEN DOORS,"Framaco International, Inc",MACRO,PO for WOODEN DOORS,Various,Various,104457.07,USD,2020,12,3734,RFPO-3734-V4257,Base PO
PO-1005-E7032-2,22 Dec 2020,SEARCHLIGHTS,DEN HAAN ROTTERDAM,MVL ENERGY,SEARCHLIGHTS,Electrical,Electrical,4815.64,USD,2020,12,1005,PO-1005-E7032,Change Order
RFPO-3550-V4302-1,21 Dec 2020,PO for SANITARY WARES,Shivam Traders,MVL Nepal,PO for SANITARY WARES,Various,Various,3168320.0,USD,2020,12,3550,RFPO-3550-V4302,Base PO
RFPO-3550-E6804-1,20 Dec 2020,PO for 11/.4 KV 3 Phase 50 Hz ON/AN Cooling,TRANSWELD NEPAL PVT. LTD.,MACRO,PO for 11/.4 KV 3 Phase 50 Hz ON/AN Cooling,Electrical,Electrical,340977.5,USD,2020,12,3550,RFPO-3550-E6804,Base PO
PO-1005-E7030-2,20 Dec 2020,APPROVED POLE MOUNTED TRANSFORMER,United Transformers Electric Company,MVL ENERGY,APPROVED POLE MOUNTED TRANSFORMER,Electrical,Electrical,30450.0,USD,2020,12,1005,PO-1005-E7030,Change Order
RFPO-3550-V4297-1,16 Dec 2020,PO for Rebars 8mm  Site DPSS,GODAWARI STEEL PVT. LTD.,FIRESTOP,PO for Rebars 8mm  Site DPSS,Various,Various,7318332.0,USD,2020,12,3550,RFPO-3550-V4297,Base PO
RFPO-1192-V4308-1,15 Dec 2020,PO for VIDEO CABLE POWER CABLE FLEX PIPE TRUNKING ETC,Foldn Slide Technical Services LLC,FIRESTOP,PO for VIDEO CABLE POWER CABLE FLEX PIPE TRUNKING ETC,Various,Various,435.67,USD,2020,12,1192,RFPO-1192-V4308,Base PO
RFPO-3550-V4280-1,15 Dec 2020,Supply and Delivery of uPVC Doors and Windows,Shivam Traders,FIRESTOP,Supply and Delivery of uPVC Doors and Windows,Various,Various,10654785.0,USD,2020,12,3550,RFPO-3550-V4280,Base PO
RFPO-3550-V4298-1,15 Dec 2020,PO for Cement OPC as per approved submittal.,Shivam Traders,MVL Nepal,PO for Cement OPC as per approved submittal.,Various,Various,2122705.0,USD,2020,12,3550,RFPO-3550-V4298,Base PO
RFPO-3550-V4299-1,15 Dec 2020,"PO for Supply and Delivery of Fire Rated Door DRl(DoubIe Panel 1500x2100x46) conforming to BS-476 Part-22/IS:3614 Part II with fire rated clear wired Glass 6 mm thick 200x300,fire rated hinges,",Shivam Traders,FIRESTOP,"PO for Supply and Delivery of Fire Rated Door DRl(DoubIe Panel 1500x2100x46) conforming to BS-476 Part-22/IS:3614 Part II with fire rated clear wired Glass 6 mm thick 200x300,fire rated hinges,",Various,Various,7495000.0,USD,2020,12,3550,RFPO-3550-V4299,Base PO
RFPO-1192-V4307-1,13 Dec 2020,PO for SLAB WITHOUT FACING (SXXX),FUJAIRAH ROCKWOOL FACTORY,FIRESTOP,PO for SLAB WITHOUT FACING (SXXX),Various,Various,3631.79,USD,2020,12,1192,RFPO-1192-V4307,Base PO
RFPO-3734-V4256-1,10 Dec 2020,PO for SUPPLY OF BLOCK AND PLASTER ACCESSORIES,NEMER METAL INDUSTRIES FACTORY,MACRO,PO for SUPPLY OF BLOCK AND PLASTER ACCESSORIES,Various,Various,15708.27,USD,2020,12,3734,RFPO-3734-V4256,Base PO
RFPO-3734-V4254-1,10 Dec 2020,PO for SUSPENDED CEILING WORKS,Al Emadi Trading and Contracting Co W.L.L,MACRO,PO for SUSPENDED CEILING WORKS,Various,Various,84280.49,USD,2020,12,3734,RFPO-3734-V4254,Base PO
RFPO-3550-E6803-1,10 Dec 2020,PO for 12 W LED down lighter surface mounted SMD 6 inch dia with inbuilt LED Driver &amp;amp;amp;amp; lumen output not less than 90 lumen per watt.,HERITAGE NEPAL,MACRO,PO for 12 W LED down lighter surface mounted SMD 6 inch dia with inbuilt LED Driver &amp;amp;amp;amp; lumen output not less than 90 lumen per watt.,Electrical,Electrical,783191.7,USD,2020,12,3550,RFPO-3550-E6803,Base PO
RFPO-3550-E6801A-1,10 Dec 2020,PO for LEGRAND MYRIUS SWITCHES AND BOXES,ELECTRIC LIGHT SOLUTION PVT. LTD,MVL Nepal,PO for LEGRAND MYRIUS SWITCHES AND BOXES,Electrical,Electrical,341996.04,USD,2020,12,3550,RFPO-3550-E6801A,Base PO
RFPO-3550-E6801-1,09 Dec 2020,PO for APPROVED LEGRAND-MYRIUS SWITCHES AND BOXES,ELECTRIC LIGHT SOLUTION PVT. LTD,MACRO,PO for APPROVED LEGRAND-MYRIUS SWITCHES AND BOXES,Electrical,Electrical,285659.3,USD,2020,12,3550,RFPO-3550-E6801,Base PO
RFPO-3550-V4296-1,09 Dec 2020,PO for 160 mm HDPE Pipe,PANCHAKANYA PLASTIC IND. (P) LTD.,FIRESTOP,PO for 160 mm HDPE Pipe,Various,Various,443740.81,USD,2020,12,3550,RFPO-3550-V4296,Base PO
Fresh PO-298,07 Dec 2020,Various Building Materials,KATKUWA SUPPLIERS,Unknown,Various Building Materials,Various,Various,9295362.485,USD,2020,12,298,Fresh PO-298,Base PO
RFPO-3742-V4257-1,06 Dec 2020,PO for Crane Rental - Kuwait,Big Easy Trading Co.,MACRO,PO for Crane Rental - Kuwait,Various,Various,6142.35,USD,2020,12,3742,RFPO-3742-V4257,Base PO
RFPO-1569-O18-1,30 Nov 2020,PO for Sophos SG 230 Full Guard - 1 Year Subscription,CODEGREEN SYSTEMS,MACRO,PO for Sophos SG 230 Full Guard - 1 Year Subscription,Office Assets,Office Assets,2137.51,USD,2020,11,1569,RFPO-1569-O18,Base PO
PO-1005-E7030-1,29 Nov 2020,PO for Pad Mounted Transformer,United Transformers Electric Company,MVL ENERGY,PO for Pad Mounted Transformer,Electrical,Electrical,70500.0,USD,2020,11,1005,PO-1005-E7030,Base PO
PO-1005-E7032-1,25 Nov 2020,LIGHTING FIXTURES - TAT - FPT2 - WITH SPARES,"GUANGDONG YIBAI OPTOTECH CO., LTD.",MVL ENERGY,LIGHTING FIXTURES - TAT - FPT2 - WITH SPARES,Electrical,Electrical,39296.0,USD,2020,11,1005,PO-1005-E7032,Base PO
Fresh PO-294,24 Nov 2020,Street Lighting Fixtures,"GUANGDONG YIBAI OPTOTECH CO., LTD.",Unknown,Street Lighting Fixtures,Various,Various,2988.0,USD,2020,11,294,Fresh PO-294,Base PO
Fresh PO-295,24 Nov 2020,LIGHTING FIXTURES - TAT - FPT2 - 2ND,"GUANGDONG YIBAI OPTOTECH CO., LTD.",Unknown,LIGHTING FIXTURES - TAT - FPT2 - 2ND,Various,Various,0,USD,2020,11,295,Fresh PO-295,Base PO
RFPO-1569-V4264-1,23 Nov 2020,PO for Description BCF 128 Xl 101SW- Metal full height cabinet with swing doors in grey finish.,BLUE CROWN FURNITURE (LLC),MACRO,PO for Description BCF 128 Xl 101SW- Metal full height cabinet with swing doors in grey finish.,Various,Various,367.6,USD,2020,11,1569,RFPO-1569-V4264,Base PO
RFPO-3550-V4294-1,18 Nov 2020,PO for PVC Pipes and Fittings,Mangalam Universal P. Ltd,FIRESTOP,PO for PVC Pipes and Fittings,Various,Various,496031.47,USD,2020,11,3550,RFPO-3550-V4294,Base PO
RFPO-1569-V4263-1,15 Nov 2020,"PO for Racking  bays,  each  4500mm  high  x  1000mm  deep  equipped  with  three pairs of beam levels decking with GI Panels of  unit size 2500mmL x 80mm x 50mm open beam",Adventz Racking & Shelving LLC,MACRO,"PO for Racking  bays,  each  4500mm  high  x  1000mm  deep  equipped  with  three pairs of beam levels decking with GI Panels of  unit size 2500mmL x 80mm x 50mm open beam",Various,Various,1225.32,USD,2020,11,1569,RFPO-1569-V4263,Base PO
RFPO-3734-V4253-1,12 Nov 2020,PO for JOHN DC-20 4x120 1/8 COIL 120 feet RUBBER COVE BASE CHARCOAL,Campbridge Trading and Services,MACRO,PO for JOHN DC-20 4x120 1/8 COIL 120 feet RUBBER COVE BASE CHARCOAL,Various,Various,15892.86,USD,2020,11,3734,RFPO-3734-V4253,Base PO
RFPO-3734-V4255-1,12 Nov 2020,PO for Telecommunication Manhole,GHBS (FZE),MACRO,PO for Telecommunication Manhole,Various,Various,3510.0,USD,2020,11,3734,RFPO-3734-V4255,Base PO
RFPO-3550-V4293-1,09 Nov 2020,PO for Additional Requirement Chemicals for Rectrofitting Work,Venus Enterprises & Water Proofing Pvt. Ltd.,FIRESTOP,PO for Additional Requirement Chemicals for Rectrofitting Work,Various,Various,121701.0,USD,2020,11,3550,RFPO-3550-V4293,Base PO
RFPO-3550-V4292-1,08 Nov 2020,"PO for Re-bar 4.75mm, 8mm, 10mm, 12mm, 16mm, 20mm, 25mm",Shivam Traders,MVL Nepal,"PO for Re-bar 4.75mm, 8mm, 10mm, 12mm, 16mm, 20mm, 25mm",Various,Various,2977550.0,USD,2020,11,3550,RFPO-3550-V4292,Base PO
Fresh PO-292,08 Nov 2020,Cargo Handling Equipments,Massida Solutions PLC,Unknown,Cargo Handling Equipments,Various,Various,76280.0,USD,2020,11,292,Fresh PO-292,Base PO
Fresh PO-293,08 Nov 2020,Scissor Lift Contract,Pride Kandahar Construction and General Supply Company,Unknown,Scissor Lift Contract,Various,Various,15400.0,USD,2020,11,293,Fresh PO-293,Base PO
RFPO-3550-V4288-1,05 Nov 2020,PO for 1.5 sq mm cu. Multistrand Green Colour,Shivam Traders,FIRESTOP,PO for 1.5 sq mm cu. Multistrand Green Colour,Various,Various,1460543.984,USD,2020,11,3550,RFPO-3550-V4288,Base PO
RFPO-3550-V4291-1,05 Nov 2020,PO for SUPPLY AND DELIVERY OF PVC AND CPVC FITTINGS AS PER APPROVED SUBMITTAL,Shivam Traders,FIRESTOP,PO for SUPPLY AND DELIVERY OF PVC AND CPVC FITTINGS AS PER APPROVED SUBMITTAL,Various,Various,1149174.0,USD,2020,11,3550,RFPO-3550-V4291,Base PO
RFPO-3550-V4290-1,04 Nov 2020,PO for GORKHA CHINESE BRICKS,Gorkha Eco Red Bricks Pvt. Ltd.,MVL Nepal,PO for GORKHA CHINESE BRICKS,Various,Various,637500.0,USD,2020,11,3550,RFPO-3550-V4290,Base PO
RFPO-1192-S9072-1,02 Nov 2020,PO for Nissan Sunny 2019,SEL Car Rental LLC,FIRESTOP,PO for Nissan Sunny 2019,Services,Services,299.52,USD,2020,11,1192,RFPO-1192-S9072,Base PO
PO-1005-V7025-1,28 Oct 2020,PO for Extruded Polystyrene Insulation for External Wall,QATAR  INSULATION  FACTORY,MVL VENTURES,PO for Extruded Polystyrene Insulation for External Wall,Various,Various,16483.52,USD,2020,10,1005,PO-1005-V7025,Base PO
RFPO-2394-V4257-1,26 Oct 2020,PO for PTAC FILTERS,"Foshan Sylon Electrical Appliances Co.,Ltd",MACRO,PO for PTAC FILTERS,Various,Various,1077.0,USD,2020,10,2394,RFPO-2394-V4257,Base PO
RFPO-3742-R1500-1,20 Oct 2020,"PO for CRANE RENTAL INCLUDING FUEL, OPERATOR, MOBILIZATION AND DEMOBILIZATION",White Horse Logistics Est.,FIRESTOP,"PO for CRANE RENTAL INCLUDING FUEL, OPERATOR, MOBILIZATION AND DEMOBILIZATION",Rental,Rental,7962.3,USD,2020,10,3742,RFPO-3742-R1500,Base PO
RFPO-3742-V4256A-1,19 Oct 2020,"PO for Design, Fabrication, Supply and Delivery of Metal Wall and Roof Cladding Works",Staines International Group General Trading and Contracting Co. WLL,"MVL USA, INC","PO for Design, Fabrication, Supply and Delivery of Metal Wall and Roof Cladding Works",Various,Various,655600.0,USD,2020,10,3742,RFPO-3742-V4256A,Base PO
RFPO-2394-E6805-1,18 Oct 2020,PO for MECHANICAL & PLUMBING,TIC LIGHT ELECTRICAL CORP,MACRO,PO for MECHANICAL & PLUMBING,Electrical,Electrical,1539.21,USD,2020,10,2394,RFPO-2394-E6805,Base PO
RFPO-2394-E6804-1,18 Oct 2020,"PO for ARCATA LampType:F32T8(2lamps,32W) Parallellampoperation Linevoltage120-277V50/60Hz","GUANGDONG YIBAI OPTOTECH CO., LTD.",MACRO,"PO for ARCATA LampType:F32T8(2lamps,32W) Parallellampoperation Linevoltage120-277V50/60Hz",Electrical,Electrical,2018.0,USD,2020,10,2394,RFPO-2394-E6804,Base PO
RFPO-2797-V4258-1,15 Oct 2020,PO for AIR TERMINAL 20MM,ABDULLAH MOHAMMADI ELECTRIC SHOP,MVL VENTURES,PO for AIR TERMINAL 20MM,Various,Various,23317.61,USD,2020,10,2797,RFPO-2797-V4258,Base PO
RFPO-3742-V4256-1,15 Oct 2020,PO for Supply and Installation of Metal Wall and Roof,Staines International Group General Trading and Contracting Co. WLL,MACRO,PO for Supply and Installation of Metal Wall and Roof,Various,Various,655600.0,USD,2020,10,3742,RFPO-3742-V4256,Base PO
RFPO-3550-V4286-1,14 Oct 2020,PO for Gorkha Chineses Brick,Gorkha Eco Red Bricks Pvt. Ltd.,FIRESTOP,PO for Gorkha Chineses Brick,Various,Various,61996.32,USD,2020,10,3550,RFPO-3550-V4286,Base PO
RFPO-3550-V4282-1,14 Oct 2020,PO for Jagdamba  e  500,Shivam Traders,FIRESTOP,PO for Jagdamba  e  500,Various,Various,414122.4,USD,2020,10,3550,RFPO-3550-V4282,Base PO
RFPO-3550-V4285-1,13 Oct 2020,PO for Rebar,New Balkumari Traders Pvt. Ltd.,FIRESTOP,PO for Rebar,Various,Various,1125480.0,USD,2020,10,3550,RFPO-3550-V4285,Base PO
RFPO-3550-V4284-1,13 Oct 2020,PO for Cement OPC,J.M.T. GROUP PVT. LTD.,FIRESTOP,PO for Cement OPC,Various,Various,2050017.75,USD,2020,10,3550,RFPO-3550-V4284,Base PO
RFPO-3550-V4283-1,11 Oct 2020,PO for Cement (OPC),Shivam Traders,FIRESTOP,PO for Cement (OPC),Various,Various,1682570.0,USD,2020,10,3550,RFPO-3550-V4283,Base PO
RFPO-1569-V4262-1,01 Oct 2020,PO for Pylon To Let Sign Printing and Fixing,Aptec Advertising Products L.L.C.,MACRO,PO for Pylon To Let Sign Printing and Fixing,Various,Various,1166.97,USD,2020,10,1569,RFPO-1569-V4262,Base PO
RFPO-3550-E6800-1,01 Oct 2020,PO for SUPPLY OF ELECTRICAL PANELS,Avone System &amp; Controls (NEPAL) Pvt. Ltd.,MACRO,PO for SUPPLY OF ELECTRICAL PANELS,Electrical,Electrical,683650.0,USD,2020,10,3550,RFPO-3550-E6800,Base PO
RFPO-3550-A5201-1,01 Oct 2020,PO for MODEL: IS STANDARD DOUBLE LEAF FIRE DOORS,PARTH INTERNATIONAL PVT. LTD.,MACRO,PO for MODEL: IS STANDARD DOUBLE LEAF FIRE DOORS,Architectural,Architectural,939627.71,USD,2020,10,3550,RFPO-3550-A5201,Base PO
RFPO-1192-V4306-1,29 Sep 2020,PO for SLAB WITHOUT FACING (SXXX) 50MM 1.2MTRX.6MTR 500 SHEETS OR 360 SQM-FRF-4201921,FUJAIRAH ROCKWOOL FACTORY,FIRESTOP,PO for SLAB WITHOUT FACING (SXXX) 50MM 1.2MTRX.6MTR 500 SHEETS OR 360 SQM-FRF-4201921,Various,Various,1276.3,USD,2020,9,1192,RFPO-1192-V4306,Base PO
RFPO-3550-V4278-1,29 Sep 2020,PO for BEND 45* 160MM SOLVENT-FIT,Mangalam Universal P. Ltd,FIRESTOP,PO for BEND 45* 160MM SOLVENT-FIT,Various,Various,1551426.575,USD,2020,9,3550,RFPO-3550-V4278,Base PO
RFPO-2394-V4256-1,28 Sep 2020,PO for CERAMICS WALL TILE,RAK CERAMICS,MACRO,PO for CERAMICS WALL TILE,Various,Various,763.19,USD,2020,9,2394,RFPO-2394-V4256,Base PO
RFPO-2394-M4103-1,27 Sep 2020,CLAMP FOR SPRINKLER INSTALLATION. FM AND UL APPROVED.,INTERCOOL CENTRAL AIR CONDITIONING LLC,MACRO,CLAMP FOR SPRINKLER INSTALLATION. FM AND UL APPROVED.,Mechanical,Mechanical,541.58,USD,2020,9,2394,RFPO-2394-M4103,Base PO
RFPO-2394-E6803-1,24 Sep 2020,"PO for LED wallpack light 60W, with photosensor UL certificate","GUANGDONG YIBAI OPTOTECH CO., LTD.",MACRO,"PO for LED wallpack light 60W, with photosensor UL certificate",Electrical,Electrical,1258.0,USD,2020,9,2394,RFPO-2394-E6803,Base PO
RFPO-2394-V4255-1,23 Sep 2020,PO for BATHROOM AND KITCHEN FAUCETS,"Shanghai Glory Hardware Co.,Ltd",MACRO,PO for BATHROOM AND KITCHEN FAUCETS,Various,Various,1471.7,USD,2020,9,2394,RFPO-2394-V4255,Base PO
RFPO-2394-E6800-1,23 Sep 2020,"PO for AKCC SPARES (Lamps, Receptacles and GFCI)",HAJI GHANI SONS,MACRO,"PO for AKCC SPARES (Lamps, Receptacles and GFCI)",Electrical,Electrical,3461.0,USD,2020,9,2394,RFPO-2394-E6800,Base PO
RFPO-3550-V4277-1,23 Sep 2020,"PO for A High strength epoxy,resin mortar with excellent abrasion and impact strength of properties.",Venus Enterprises & Water Proofing Pvt. Ltd.,MACRO,"PO for A High strength epoxy,resin mortar with excellent abrasion and impact strength of properties.",Various,Various,125983.7,USD,2020,9,3550,RFPO-3550-V4277,Base PO
RFPO-2394-A5351-1,23 Sep 2020,PO for DUAL CONTROLLED BATH AND  SHOWER MIXER DN15 WITH OUT  SHOWER SET,KLUDI RAK LLC,MACRO,PO for DUAL CONTROLLED BATH AND  SHOWER MIXER DN15 WITH OUT  SHOWER SET,Architectural,Architectural,1142.0,USD,2020,9,2394,RFPO-2394-A5351,Base PO
RFPO-2394-V4254-1,22 Sep 2020,PO for 12 Head Sprinkler Cabinet,RAYAN,MACRO,PO for 12 Head Sprinkler Cabinet,Various,Various,80.0,USD,2020,9,2394,RFPO-2394-V4254,Base PO
RFPO-3550-V4276-1,22 Sep 2020,PO for FIXOCRETE D-300,Nepal Shalimar Impex Pvt Ltd,MACRO,PO for FIXOCRETE D-300,Various,Various,33900.0,USD,2020,9,3550,RFPO-3550-V4276,Base PO
RFPO-3550-V4275-1,21 Sep 2020,PO for CEMSCREED HMF (Micro Concrete),Venus Enterprises & Water Proofing Pvt. Ltd.,MVL Nepal,PO for CEMSCREED HMF (Micro Concrete),Various,Various,958353.0,USD,2020,9,3550,RFPO-3550-V4275,Base PO
RFPO-2394-E6801-1,21 Sep 2020,"PO for VERSALITE IP-65 emergency lighting armature, 2 hours, 2x20w, 160x400x440m, operating voltage220-240 Operating temperature,- 16/+40/ I,IP65/weight 7,45 kg.",ARSEL ELEKTRONİK SİST.SAN TİC LTD ŞTİ,MACRO,"PO for VERSALITE IP-65 emergency lighting armature, 2 hours, 2x20w, 160x400x440m, operating voltage220-240 Operating temperature,- 16/+40/ I,IP65/weight 7,45 kg.",Electrical,Electrical,315.0,USD,2020,9,2394,RFPO-2394-E6801,Base PO
RFPO-2394-V4253-1,21 Sep 2020,PO for Buckeye 10914 ABC 5 lb  Multipurpose Dry Chemical  Hand Held Fire Extinguisher,AL ASAYEL HEALTH & SAFETY FZE,MACRO,PO for Buckeye 10914 ABC 5 lb  Multipurpose Dry Chemical  Hand Held Fire Extinguisher,Various,Various,142.95,USD,2020,9,2394,RFPO-2394-V4253,Base PO
RFPO-2394-A5202-1,17 Sep 2020,PO for GRAVITY DOOR COORDINATOR,Vulcan Industries LLC,MACRO,PO for GRAVITY DOOR COORDINATOR,Architectural,Architectural,183.8,USD,2020,9,2394,RFPO-2394-A5202,Base PO
RFPO-3734-V4252-1,15 Sep 2020,PO for EXTERNAL WORKS,POWERMAN International W.L.L.,MACRO,PO for EXTERNAL WORKS,Various,Various,249299.45,USD,2020,9,3734,RFPO-3734-V4252,Base PO
RFPO-2797-V4257-1,14 Sep 2020,PO for Weld-on 717,Atlas Power PVC Pipe Company,MACRO,PO for Weld-on 717,Various,Various,9281.78,USD,2020,9,2797,RFPO-2797-V4257,Base PO
Fresh PO-290,14 Sep 2020,PLX150 E PANEL HEATER,GLEN DIMPLEX IRELAND,Unknown,PLX150 E PANEL HEATER,Various,Various,83.58,USD,2020,9,290,Fresh PO-290,Base PO
RFPO-3550-V4274-1,13 Sep 2020,PO for Rebar as per approved submittal,KATKUWA SUPPLIERS,MACRO,PO for Rebar as per approved submittal,Various,Various,616471.5,USD,2020,9,3550,RFPO-3550-V4274,Base PO
RFPO-2797-E6801-1,13 Sep 2020,PO for EMT Conduit 1 Inch (PANASONIC) Catalog Item # DWE100Y UL Listed,AZIZ ULLAH NASARY WARDAK LTD,MACRO,PO for EMT Conduit 1 Inch (PANASONIC) Catalog Item # DWE100Y UL Listed,Electrical,Electrical,103756.75,USD,2020,9,2797,RFPO-2797-E6801,Base PO
RFPO-2797-V4256-1,10 Sep 2020,PO for RAK - Asian Water Closet and Western Water Closet,United Ceramics & Building Materials,MACRO,PO for RAK - Asian Water Closet and Western Water Closet,Various,Various,13954.0,USD,2020,9,2797,RFPO-2797-V4256,Base PO
RFPO-1192-S9071-1,09 Sep 2020,PO for Mitsubishi Lancer 1.6 Ltr. Monthly Rental,SEL Car Rental LLC,MACRO,PO for Mitsubishi Lancer 1.6 Ltr. Monthly Rental,Services,Services,299.52,USD,2020,9,1192,RFPO-1192-S9071,Base PO
RFPO-2797-V4255-1,09 Sep 2020,PO for GI IIL Water Pipe 2.5 inch (65mm),Kabul Ariana Constructuion Metiral Store,MACRO,PO for GI IIL Water Pipe 2.5 inch (65mm),Various,Various,25883.3,USD,2020,9,2797,RFPO-2797-V4255,Base PO
RFPO-2394-A5201-1,08 Sep 2020,Door Hardwares (Door Closer and Electromagnetic Door Holder),Vulcan Industries LLC,MACRO,Door Hardwares (Door Closer and Electromagnetic Door Holder),Architectural,Architectural,6698.43,USD,2020,9,2394,RFPO-2394-A5201,Base PO
RFPO-3550-V4270-1,30 Aug 2020,PO for ELECTRICAL CONDUITS (HDPE PIPES),PANCHAKANYA PLASTIC IND. (P) LTD.,MACRO,PO for ELECTRICAL CONDUITS (HDPE PIPES),Various,Various,430563.02,USD,2020,8,3550,RFPO-3550-V4270,Base PO
RFPO-3550-V4269-1,27 Aug 2020,PO for Hongshi OPC Cement,KATKUWA SUPPLIERS,MACRO,PO for Hongshi OPC Cement,Various,Various,851700.0,USD,2020,8,3550,RFPO-3550-V4269,Base PO
RFPO-1569-S9000-1,27 Aug 2020,PO for Fabrication and installation of sign board made of GI pole with 2 mm powder coated plate with printed sticker on top with lamination and fixing with support of concrete blocks and base plate,ISRA Middle East,MACRO,PO for Fabrication and installation of sign board made of GI pole with 2 mm powder coated plate with printed sticker on top with lamination and fixing with support of concrete blocks and base plate,Services,Services,1633.76,USD,2020,8,1569,RFPO-1569-S9000,Base PO
RFPO-2623-E6801-1,27 Aug 2020,PO for LED Emergency light,"GUANGDONG YIBAI OPTOTECH CO., LTD.",MACRO,PO for LED Emergency light,Electrical,Electrical,410.0,USD,2020,8,2623,RFPO-2623-E6801,Base PO
RFPO-2394-V4252-1,26 Aug 2020,PO for Pressure Gauge Standard EN 837-1,AL NOKHATHA TECHNICAL SERVICES LLC,MACRO,PO for Pressure Gauge Standard EN 837-1,Various,Various,1617.43,USD,2020,8,2394,RFPO-2394-V4252,Base PO
RFPO-2394-M4102-1,26 Aug 2020,PO for Pressure Gauge Dial 3 1/2 inch ss body range 0-300 psi/bar 1/4 inch npt brass,HASTE TRADING LLC,MACRO,PO for Pressure Gauge Dial 3 1/2 inch ss body range 0-300 psi/bar 1/4 inch npt brass,Mechanical,Mechanical,1309.73,USD,2020,8,2394,RFPO-2394-M4102,Base PO
RFPO-3550-V4268-1,25 Aug 2020,PO for Rebars,KATKUWA SUPPLIERS,MVL VENTURES,PO for Rebars,Various,Various,1383120.0,USD,2020,8,3550,RFPO-3550-V4268,Base PO
RFPO-3550-V4267-1,24 Aug 2020,PO for Rebars,New Balkumari Traders Pvt. Ltd.,MACRO,PO for Rebars,Various,Various,1363910.0,USD,2020,8,3550,RFPO-3550-V4267,Base PO
PO-1005-E7036-1,24 Aug 2020,Heating Element- Rheem and Step Down Transformer - KNMH,RAFCO Trading Co. W.L.L,MVL ENERGY,Heating Element- Rheem and Step Down Transformer - KNMH,Electrical,Electrical,555.48,USD,2020,8,1005,PO-1005-E7036,Base PO
RFPO-3728-M4102-1,18 Aug 2020,Supply of Cooler Air Conditioning Unit,COOLEX FOR AIR CONDITIONINGS,MACRO,Supply of Cooler Air Conditioning Unit,Mechanical,Mechanical,29120.88,USD,2020,8,3728,RFPO-3728-M4102,Base PO
RFPO-2797-V4254-1,18 Aug 2020,PO for ALUMINUM WINDOWS AND SPARE PARTS,Javed Waziri Aluminum Production Limited,MACRO,PO for ALUMINUM WINDOWS AND SPARE PARTS,Various,Various,43935.0,USD,2020,8,2797,RFPO-2797-V4254,Base PO
RFPO-3550-V4264-1,17 Aug 2020,"PO for CPVC, UPVC Pipes and Fittings, Electrical Conduits",KATKUWA SUPPLIERS,MACRO,"PO for CPVC, UPVC Pipes and Fittings, Electrical Conduits",Various,Various,1504599.556,USD,2020,8,3550,RFPO-3550-V4264,Base PO
RFPO-3550-V4265-1,17 Aug 2020,"PO for CPVC, UPVC Pipes and Fittings, Electrical Conduits",KATKUWA SUPPLIERS,MACRO,"PO for CPVC, UPVC Pipes and Fittings, Electrical Conduits",Various,Various,863923.4831,USD,2020,8,3550,RFPO-3550-V4265,Base PO
RFPO-3550-V4266-1,17 Aug 2020,"PO for CPVC, UPVC Pipes and Fittings, Electrical Conduits",KATKUWA SUPPLIERS,MACRO,"PO for CPVC, UPVC Pipes and Fittings, Electrical Conduits",Various,Various,1408168.85,USD,2020,8,3550,RFPO-3550-V4266,Base PO
RFPO-2797-V4252-1,17 Aug 2020,PO for DB Boxes and Trays,Panel Tech Engineering Co,MACRO,PO for DB Boxes and Trays,Various,Various,35000.0,USD,2020,8,2797,RFPO-2797-V4252,Base PO
RFPO-1192-V4305-1,17 Aug 2020,PO for SLAB WITHOUT FACING (SXXX) DENSITY:64KG/M3 THICKNESS: 50MM SIZE: 1.2 MTR*0.6  QTY: 410.4 SQM,FUJAIRAH ROCKWOOL FACTORY,FIRESTOP,PO for SLAB WITHOUT FACING (SXXX) DENSITY:64KG/M3 THICKNESS: 50MM SIZE: 1.2 MTR*0.6  QTY: 410.4 SQM,Various,Various,1454.98,USD,2020,8,1192,RFPO-1192-V4305,Base PO
RFPO-2797-V4253-1,17 Aug 2020,PO for PANEL BOARD,Panel Tech Engineering Co,MACRO,PO for PANEL BOARD,Various,Various,51900.0,USD,2020,8,2797,RFPO-2797-V4253,Base PO
RFPO-3734-V4251-1,13 Aug 2020,PO for 8 inch Hollow Block (400x200x200)-(OPC)-Limestone Non Fire Rated,Al Sehmiah Cement Products,MVL VENTURES,PO for 8 inch Hollow Block (400x200x200)-(OPC)-Limestone Non Fire Rated,Various,Various,61127.75,USD,2020,8,3734,RFPO-3734-V4251,Base PO
RFPO-3742-V4255-1,13 Aug 2020,"DESIGN, SUPPLY, INSTALLATION, COMMISSIONING AND TRAINING OF OPERATORS OF BLAST ROOM, PAINT ROOM & PAINT MIXING ROOM",Prism Tech Engineering LLC,MACRO,"DESIGN, SUPPLY, INSTALLATION, COMMISSIONING AND TRAINING OF OPERATORS OF BLAST ROOM, PAINT ROOM & PAINT MIXING ROOM",Various,Various,541625.0,USD,2020,8,3742,RFPO-3742-V4255,Base PO
RFPO-3550-V4263-1,12 Aug 2020,PO for Sand,KATKUWA SUPPLIERS,MACRO,PO for Sand,Various,Various,10278480.0,USD,2020,8,3550,RFPO-3550-V4263,Base PO
RFPO-3734-S9031-1,12 Aug 2020,PO for Design Supply and Installation of HDPE Car Parking Shades,Al Shaghairi Trading &amp; Contracting Co.WLL (Electra),MVL SOLUTIONS,PO for Design Supply and Installation of HDPE Car Parking Shades,Services,Services,41181.32,USD,2020,8,3734,RFPO-3734-S9031,Base PO
RFPO-3742-V4254-1,10 Aug 2020,PO for SHOP DRAWINGS FOR RFPO-3742-V4253-1,PANELSAN ROOF & FACADE SYSTEMS,MACRO,PO for SHOP DRAWINGS FOR RFPO-3742-V4253-1,Various,Various,4581.0,USD,2020,8,3742,RFPO-3742-V4254,Base PO
Fresh PO-281,06 Aug 2020,Thermometer (Stanard: ASTME1),HASTE TRADING LLC,Unknown,Thermometer (Stanard: ASTME1),Various,Various,4016.0,USD,2020,8,281,Fresh PO-281,Base PO
RFPO-2797-E6800-1,05 Aug 2020,PO for APPROVED QINGDAO WIRES AND CABLES,"QINGDAO CABLE. CO., LTD.",MACRO,PO for APPROVED QINGDAO WIRES AND CABLES,Electrical,Electrical,129729.7,USD,2020,8,2797,RFPO-2797-E6800,Base PO
RFPO-1192-R1507-1,29 Jul 2020,PO for Mitsubishi  Lancer 1.6 Ltr. Monthly Rental,SEL Car Rental LLC,FIRESTOP,PO for Mitsubishi  Lancer 1.6 Ltr. Monthly Rental,Rental,Rental,1497.62,USD,2020,7,1192,RFPO-1192-R1507,Base PO
RFPO-2797-A5201-1,28 Jul 2020,PO for DOUBLE DOOR FIRE RATED DOOR.,"CHONGQING MEXIN BEST DOORS AND WINDOWS INDUSTRY CO., LTD.",MACRO,PO for DOUBLE DOOR FIRE RATED DOOR.,Architectural,Architectural,208398.0,USD,2020,7,2797,RFPO-2797-A5201,Base PO
PO-1005-E7029-2,28 Jul 2020,Supply & Delivery Of Lighting Fixtures - FPT 2,"GUANGDONG YIBAI OPTOTECH CO., LTD.",MVL ENERGY,Supply & Delivery Of Lighting Fixtures - FPT 2,Electrical,Electrical,31180.0,USD,2020,7,1005,PO-1005-E7029,Change Order
RFPO-3550-V4262-1,28 Jul 2020,PO for Sashi Brick,SASHI ITTA UDHYOG,MACRO,PO for Sashi Brick,Various,Various,2900000.0,USD,2020,7,3550,RFPO-3550-V4262,Base PO
RFPO-3550-V4252B-1,28 Jul 2020,PO for Cement (OPC) Hongshi Cement,J.M.T. GROUP PVT. LTD.,MVL Nepal,PO for Cement (OPC) Hongshi Cement,Various,Various,1020004.9,USD,2020,7,3550,RFPO-3550-V4252B,Base PO
RFPO-2797-A5302-1,26 Jul 2020,PO for Cement Free Fiber Reinforced (Alpha Dry Base Coat),AZIZ ULLAH NASARY WARDAK LTD,MACRO,PO for Cement Free Fiber Reinforced (Alpha Dry Base Coat),Architectural,Architectural,192380.0,USD,2020,7,2797,RFPO-2797-A5302,Base PO
PO-1005-E7029-1,23 Jul 2020,Supply & Delivery Of Lighting Fixtures - FPT 2,"GUANGDONG YIBAI OPTOTECH CO., LTD.",MVL ENERGY,Supply & Delivery Of Lighting Fixtures - FPT 2,Electrical,Electrical,30280.0,USD,2020,7,1005,PO-1005-E7029,Base PO
RFPO-1192-V4304-1,22 Jul 2020,PO for SLAB WITHOUT FACING (SXXX),FUJAIRAH ROCKWOOL FACTORY,FIRESTOP,PO for SLAB WITHOUT FACING (SXXX),Various,Various,1924.61,USD,2020,7,1192,RFPO-1192-V4304,Base PO
RFPO-2797-A5301-1,22 Jul 2020,PO for HOMEX PLASTIC EMULSION GALLON,Norson Chemical Industries,MACRO,PO for HOMEX PLASTIC EMULSION GALLON,Architectural,Architectural,33214.5,USD,2020,7,2797,RFPO-2797-A5301,Base PO
RFPO-2797-V4251-1,22 Jul 2020,PO for Wall Tiles 20x20 white,United Ceramics & Building Materials,MVL VENTURES,PO for Wall Tiles 20x20 white,Various,Various,40874.4,USD,2020,7,2797,RFPO-2797-V4251,Base PO
RFPO-3550-V4261-1,22 Jul 2020,"PO for Re-bar 4.75mm, 8mm, 10mm, 12mm, 16mm, 20mm, 25mm",KATKUWA SUPPLIERS,MACRO,"PO for Re-bar 4.75mm, 8mm, 10mm, 12mm, 16mm, 20mm, 25mm",Various,Various,12814200.0,USD,2020,7,3550,RFPO-3550-V4261,Base PO
RFPO-3742-V4352-1,19 Jul 2020,PO for MVL Flag,Al Alam Al Muttaidah LLC,MACRO,PO for MVL Flag,Various,Various,122.53,USD,2020,7,3742,RFPO-3742-V4352,Base PO
RFPO-2797-M4101-1,16 Jul 2020,PO for MULTI SPLIT ACs,"EKON HOME ELECTRIC CO.,LTD",MACRO,PO for MULTI SPLIT ACs,Mechanical,Mechanical,90244.92,USD,2020,7,2797,RFPO-2797-M4101,Base PO
RFPO-1192-V4426-1,15 Jul 2020,PO for Delivery note NCR A4 size 1 puls 3 4 color printing,King Printers Co. Ltd. Dubai Branch,FIRESTOP,PO for Delivery note NCR A4 size 1 puls 3 4 color printing,Various,Various,233.39,USD,2020,7,1192,RFPO-1192-V4426,Base PO
PO-1005-V4471-1,15 Jul 2020,PO for Maintenance of SKM 3 Packaged Units,Metron Construction & Trading W.L.L.,MVL VENTURES,PO for Maintenance of SKM 3 Packaged Units,Various,Various,24806.42,USD,2020,7,1005,PO-1005-V4471,Base PO
RFPO-1192-V4425-1,14 Jul 2020,PO for Inspection Label Sticker : 12cmX7cm- 4 color printing,SMILE COLOR,FIRESTOP,PO for Inspection Label Sticker : 12cmX7cm- 4 color printing,Various,Various,388.99,USD,2020,7,1192,RFPO-1192-V4425,Base PO
PO-1005-E7028-1,12 Jul 2020,PO for Electric Water Heater-450L-45Kw,SPEED MIDDLE EAST GENERAL TRADING LLC,MVL ENERGY,PO for Electric Water Heater-450L-45Kw,Electrical,Electrical,20905.0,USD,2020,7,1005,PO-1005-E7028,Base PO
PO-1005-E7026-1,12 Jul 2020,PO for Electric Water Heater with Glass Lined Tank,SPEED MIDDLE EAST GENERAL TRADING LLC,MVL ENERGY,PO for Electric Water Heater with Glass Lined Tank,Electrical,Electrical,20920.0,USD,2020,7,1005,PO-1005-E7026,Base PO
RFPO-1192-V4303-1,09 Jul 2020,PO for SLAB WITHOUT FACING (SXXX),FUJAIRAH ROCKWOOL FACTORY,FIRESTOP,PO for SLAB WITHOUT FACING (SXXX),Various,Various,537.13,USD,2020,7,1192,RFPO-1192-V4303,Base PO
PO-1005-M7035-1,08 Jul 2020,Potter Roemer Valves and Dixon Cap with Chain Rocker Lugs Cast Brass,TIC LIGHT ELECTRICAL CORP,MACRO,Potter Roemer Valves and Dixon Cap with Chain Rocker Lugs Cast Brass,Mechanical,Mechanical,8447.7,USD,2020,7,1005,PO-1005-M7035,Base PO
PO-1005-V7018-3,28 Jun 2020,PO for SPRINKLER FITTINGS,"JINAN MEIDE CASTING CO., LTD.",MVL VENTURES,PO for SPRINKLER FITTINGS,Various,Various,1224.9726,USD,2020,6,1005,PO-1005-V7018,Change Order
PO-1005-E7031-1,23 Jun 2020,SONY 43 in. LED TV UHD 4K Smart KD-43X7000F,SEVEN WONDERS ELECTRONICS TRADING LLC,MVL ENERGY,SONY 43 in. LED TV UHD 4K Smart KD-43X7000F,Electrical,Electrical,31858.41,USD,2020,6,1005,PO-1005-E7031,Base PO
RFPO-1192-V4301-1,22 Jun 2020,PO for SLAB WITHOUT FACING (SXXX) Density 64Kg/M3 Thickness 50mm Size1.2 Mtr X 0.6 Mtr,FUJAIRAH ROCKWOOL FACTORY,FIRESTOP,PO for SLAB WITHOUT FACING (SXXX) Density 64Kg/M3 Thickness 50mm Size1.2 Mtr X 0.6 Mtr,Various,Various,2042.07,USD,2020,6,1192,RFPO-1192-V4301,Base PO
Fresh PO-280,17 Jun 2020,Supply of DI Fittings,Unitech Di Pipes & Fittings Mfg. LLC,Unknown,Supply of DI Fittings,Various,Various,435.18,USD,2020,6,280,Fresh PO-280,Base PO
PO-1005-M7032-1,09 Jun 2020,401-2025208B MECH BRAND DUCTILE IRON GROOVED FITTINGS,"JINAN MEIDE CASTING CO., LTD.",MACRO,401-2025208B MECH BRAND DUCTILE IRON GROOVED FITTINGS,Mechanical,Mechanical,1144.3648,USD,2020,6,1005,PO-1005-M7032,Base PO
PO-1005-V7016-1,08 Jun 2020,101-2025208A MECH BRAND 150LB M.I. PIPE FITTINGS WITH AMERICAN STANDARD,"JINAN MEIDE CASTING CO., LTD.",MVL VENTURES,101-2025208A MECH BRAND 150LB M.I. PIPE FITTINGS WITH AMERICAN STANDARD,Various,Various,804.714,USD,2020,6,1005,PO-1005-V7016,Base PO
Fresh PO-279,08 Jun 2020,Threaded fittings - FPT 1,"JINAN MEIDE CASTING CO., LTD.",Unknown,Threaded fittings - FPT 1,Various,Various,804.714,USD,2020,6,279,Fresh PO-279,Base PO
PO-1005-V7015-1,07 Jun 2020,Moen M-DURA Rough chrome two-handle  service sink faucet,TIC LIGHT ELECTRICAL CORP,MVL VENTURES,Moen M-DURA Rough chrome two-handle  service sink faucet,Various,Various,3535.45,USD,2020,6,1005,PO-1005-V7015,Base PO
RFPO-1192-R1506-1,27 May 2020,PO for Mitsubishi Lancer 1.6L 2017 MDL,Diamondlease LLC,FIRESTOP,PO for Mitsubishi Lancer 1.6L 2017 MDL,Rental,Rental,762.42,USD,2020,5,1192,RFPO-1192-R1506,Base PO
RFPO-1192-V4424-1,17 May 2020,PO for Inspection Label,SMILE COLOR,FIRESTOP,PO for Inspection Label,Various,Various,388.84,USD,2020,5,1192,RFPO-1192-V4424,Base PO
RFPO-1192-V4300-1,04 May 2020,PO for SLAB WITHOUT FACING (SXXX) - Density: 64Kg/M3 Thickness: 50mm Size:1.2 MtrX 0.6 Mtr,FUJAIRAH ROCKWOOL FACTORY,FIRESTOP,PO for SLAB WITHOUT FACING (SXXX) - Density: 64Kg/M3 Thickness: 50mm Size:1.2 MtrX 0.6 Mtr,Various,Various,561.57,USD,2020,5,1192,RFPO-1192-V4300,Base PO
PO-1005-E7025-1,04 May 2020,PO for GFCI-Mounting Frame,International Configurations Inc.,MVL ENERGY,PO for GFCI-Mounting Frame,Electrical,Electrical,8527.8,USD,2020,5,1005,PO-1005-E7025,Base PO
RFPO-1569-V4385-1,25 Apr 2020,PO for gel sanitizer  500ml,WAHAT AL- JAZEERA DRUGSTORE LLC,FIRESTOP,PO for gel sanitizer  500ml,Various,Various,513.55,USD,2020,4,1569,RFPO-1569-V4385,Base PO
RFPO-1192-V4423-1,22 Apr 2020,PO for MVL Warehouse Germ Treatment - Single Application,Boecker,FIRESTOP,PO for MVL Warehouse Germ Treatment - Single Application,Various,Various,353.98,USD,2020,4,1192,RFPO-1192-V4423,Base PO
RFPO-3742-M4101-1,21 Apr 2020,PO for DIESEL AIR COMPRESSOR DACY-17/8,Denair Energy Saving Technology (Shanghai) PLC,MACRO,PO for DIESEL AIR COMPRESSOR DACY-17/8,Mechanical,Mechanical,26600.0,USD,2020,4,3742,RFPO-3742-M4101,Base PO
RFPO-3742-M4000-1,15 Apr 2020,"PO for Design, Manufacturing  & Supply of CRANES",GH Cranes Arabia FZCO,FIRESTOP,"PO for Design, Manufacturing  & Supply of CRANES",Mechanical,Mechanical,501021.1,USD,2020,4,3742,RFPO-3742-M4000,Base PO
RFPO-1192-V4299-1,07 Apr 2020,PO for Slab Without Facing SXXX Density 120kg m3 Thickness 50mm Size 1.2 mtrX.6 mtr,FUJAIRAH ROCKWOOL FACTORY,FIRESTOP,PO for Slab Without Facing SXXX Density 120kg m3 Thickness 50mm Size 1.2 mtrX.6 mtr,Various,Various,3763.18,USD,2020,4,1192,RFPO-1192-V4299,Base PO
RFPO-1192-R1505-1,30 Mar 2020,PO for SHARP MX-M3550N A3 COLOR OFFICE MFP,NEW SMART OFFICE AUTOMATION LLC,FIRESTOP,PO for SHARP MX-M3550N A3 COLOR OFFICE MFP,Rental,Rental,5381.62,USD,2020,3,1192,RFPO-1192-R1505,Base PO
RFPO-1192-R1504-1,25 Mar 2020,PO for Mitsubishi Lancer 1.6L 2017 MDL,Diamondlease LLC,FIRESTOP,PO for Mitsubishi Lancer 1.6L 2017 MDL,Rental,Rental,381.21,USD,2020,3,1192,RFPO-1192-R1504,Base PO
PO-1005-V7013-1,18 Mar 2020,PO for Ceramic Soap Dish with Wash Cloth Holder,TIC LIGHT ELECTRICAL CORP,MVL VENTURES,PO for Ceramic Soap Dish with Wash Cloth Holder,Various,Various,2076.31,USD,2020,3,1005,PO-1005-V7013,Base PO
RFPO-1569-V4384-1,16 Mar 2020,PO for DXBF062427,AL ROSTAMANI TRADING COMPANY,FIRESTOP,PO for DXBF062427,Various,Various,2120.08,USD,2020,3,1569,RFPO-1569-V4384,Base PO
RFPO-3728-M4101-1,12 Mar 2020,PO for PNGF-300C2 26 TR COOLEX PACKAGE UNIT R410a (AS PER APPROVED SUBMITTAL),COOLEX FOR AIR CONDITIONINGS,MACRO,PO for PNGF-300C2 26 TR COOLEX PACKAGE UNIT R410a (AS PER APPROVED SUBMITTAL),Mechanical,Mechanical,49983.52,USD,2020,3,3728,RFPO-3728-M4101,Base PO
RFPO-1569-V4383-1,08 Mar 2020,PO for Long Sleeves White Large,Al Diyafa Tailoring Co. LLC,FIRESTOP,PO for Long Sleeves White Large,Various,Various,658.41,USD,2020,3,1569,RFPO-1569-V4383,Base PO
RFPO-3742-V4253-1,05 Mar 2020,"PO for Design, Fabrication, Supply and Delivery of 3R Hidden Screw Roof & Wall Panel",PANELSAN ROOF & FACADE SYSTEMS,MACRO,"PO for Design, Fabrication, Supply and Delivery of 3R Hidden Screw Roof & Wall Panel",Various,Various,299291.199,USD,2020,3,3742,RFPO-3742-V4253,Base PO
PO-1005-V7011-1,02 Mar 2020,"PO for Manifold Riser 6""",TIC LIGHT ELECTRICAL CORP,MVL VENTURES,"PO for Manifold Riser 6""",Various,Various,1752.87,USD,2020,3,1005,PO-1005-V7011,Base PO
RFPO-1569-V4261-1,01 Mar 2020,PO for Metal full height cabinet with metal swing doors in grey finish,BLUE CROWN FURNITURE (LLC),MACRO,PO for Metal full height cabinet with metal swing doors in grey finish,Various,Various,367.6,USD,2020,3,1569,RFPO-1569-V4261,Base PO
Fresh PO-274,27 Feb 2020,Tyco 6 RM-1 COMM GXG RSR MANI,TIC LIGHT ELECTRICAL CORP,Unknown,Tyco 6 RM-1 COMM GXG RSR MANI,Various,Various,1752.87,USD,2020,2,274,Fresh PO-274,Base PO
RFPO-1569-O17-1,25 Feb 2020,PO for ESET Endpoint Protection Advanced  Renewal for a year,Burhani Computers Trading LLC,MACRO,PO for ESET Endpoint Protection Advanced  Renewal for a year,Office Assets,Office Assets,918.99,USD,2020,2,1569,RFPO-1569-O17,Base PO
PO-1005-M7029-1,23 Feb 2020,PO for 6inch Backflow Preventer,OMAR FAROOQ TRADING COMPANY,MACRO,PO for 6inch Backflow Preventer,Mechanical,Mechanical,12583.32,USD,2020,2,1005,PO-1005-M7029,Base PO
RFPO-1192-F10353-1,23 Feb 2020,PO for Perforated Profiles 41X41X1 50G,"TECNICAS EXPANSIVAS, S.L.",FIRESTOP,PO for Perforated Profiles 41X41X1 50G,Fire,Fire,1762.83,USD,2020,2,1192,RFPO-1192-F10353,Base PO
PO-1005-E7022-1,23 Feb 2020,PO for Photo Sensor LED Module,"GUANGDONG YIBAI OPTOTECH CO., LTD.",MVL ENERGY,PO for Photo Sensor LED Module,Electrical,Electrical,389.0,USD,2020,2,1005,PO-1005-E7022,Base PO
RFPO-1569-O16-1,20 Feb 2020,PO for Microsoft Azure Subscription -  Yearly,Burhani Computers Trading LLC,MACRO,PO for Microsoft Azure Subscription -  Yearly,Office Assets,Office Assets,931.25,USD,2020,2,1569,RFPO-1569-O16,Base PO
RFPO-1192-V4297-1,18 Feb 2020,PO for Slab Without Facing (SXXX) Density: 160kg Thickness: 50mm Size 1.2mtr*0.6 400 sheets,FUJAIRAH ROCKWOOL FACTORY,FIRESTOP,PO for Slab Without Facing (SXXX) Density: 160kg Thickness: 50mm Size 1.2mtr*0.6 400 sheets,Various,Various,2553.38,USD,2020,2,1192,RFPO-1192-V4297,Base PO
Fresh PO-270,17 Feb 2020,Hilux 4*4 Monthly Rental,Noor Wahab Construction And Delivery Company,Unknown,Hilux 4*4 Monthly Rental,Various,Various,1600.0,USD,2020,2,270,Fresh PO-270,Base PO
PO-1005-E7019-2,17 Feb 2020,PO for Fire Alarm Cable,TIC LIGHT ELECTRICAL CORP,MVL ENERGY,PO for Fire Alarm Cable,Electrical,Electrical,24152.62,USD,2020,2,1005,PO-1005-E7019,Change Order
RFPO-3550-V4259-1,12 Feb 2020,PO for Rebar,New Balkumari Traders Pvt. Ltd.,MACRO,PO for Rebar,Various,Various,1468152.5,USD,2020,2,3550,RFPO-3550-V4259,Base PO
RFPO-3427-V4253-1,11 Feb 2020,PO for LED EXIT SIGN LIGHT SINGLE SIDE WITH 3 HOURS BATTERY BACK UP WITH LEGEND ENGLISH / ARABIC WORDS WHITE FINISH COLOR 4000K,AL-HADABAH INTERNATIONAL CO. W.L.L.,MACRO,PO for LED EXIT SIGN LIGHT SINGLE SIDE WITH 3 HOURS BATTERY BACK UP WITH LEGEND ENGLISH / ARABIC WORDS WHITE FINISH COLOR 4000K,Various,Various,487.49,USD,2020,2,3427,RFPO-3427-V4253,Base PO
Fresh PO-269,10 Feb 2020,LG Mini Condensate Pump EC400 Little Giant,Pump House Pumps Ltd,Unknown,LG Mini Condensate Pump EC400 Little Giant,Various,Various,4639.8,USD,2020,2,269,Fresh PO-269,Base PO
RFPO-3550-V4252A-1,10 Feb 2020,PO for Cement (OPC) Hongshi Cement,J.M.T. GROUP PVT. LTD.,MACRO,PO for Cement (OPC) Hongshi Cement,Various,Various,1260006.05,USD,2020,2,3550,RFPO-3550-V4252A,Base PO
RFPO-1192-V4421-1,09 Feb 2020,PO for Big Boxes,Chocolala Al Barsha Mall Gate No 1,FIRESTOP,PO for Big Boxes,Various,Various,2453.37,USD,2020,2,1192,RFPO-1192-V4421,Base PO
PO-1005-V7005-1,05 Feb 2020,PO for ASIAN TOILET - ASIAN TOILET 18CM - VITREOUS CHINA CERAMIC SANITARY APPLIANCE - BS 3402,United Ceramics & Building Materials,MVL VENTURES,PO for ASIAN TOILET - ASIAN TOILET 18CM - VITREOUS CHINA CERAMIC SANITARY APPLIANCE - BS 3402,Various,Various,540.0,USD,2020,2,1005,PO-1005-V7005,Base PO
RFPO-1192-V4420-1,04 Feb 2020,PO for Inspection label,SMILE COLOR,FIRESTOP,PO for Inspection label,Various,Various,388.99,USD,2020,2,1192,RFPO-1192-V4420,Base PO
RFPO-3550-V4258-1,03 Feb 2020,PO for VARIOUS MATERIALS,KATKUWA SUPPLIERS,MVL VENTURES,PO for VARIOUS MATERIALS,Various,Various,11106662.9,USD,2020,2,3550,RFPO-3550-V4258,Base PO
RFPO-3742-V4351-1,03 Feb 2020,PO for 65000 km 5K SERVICE TYPE,MASEELAH TRADING CO. S.P.C.,MACRO,PO for 65000 km 5K SERVICE TYPE,Various,Various,3311.67,USD,2020,2,3742,RFPO-3742-V4351,Base PO
Fresh PO-267,02 Feb 2020,12345,KATKUWA SUPPLIERS,Unknown,12345,Various,Various,11113368.29,USD,2020,2,267,Fresh PO-267,Base PO
RFPO-1192-F10276-1,30 Jan 2020,PO for PERFORATED PROFILES,"TECNICAS EXPANSIVAS, S.L.",FIRESTOP,PO for PERFORATED PROFILES,Fire,Fire,1073.19,USD,2020,1,1192,RFPO-1192-F10276,Base PO
RFPO-1192-F10277-1,30 Jan 2020,PO for PERFORATED PROFILES,"TECNICAS EXPANSIVAS, S.L.",FIRESTOP,PO for PERFORATED PROFILES,Fire,Fire,128.78,USD,2020,1,1192,RFPO-1192-F10277,Base PO
PO-1005-E7011-4,28 Jan 2020,PO for A4 Lighting - Guangdong Yibai,"GUANGDONG YIBAI OPTOTECH CO., LTD.",MVL ENERGY,PO for A4 Lighting - Guangdong Yibai,Electrical,Electrical,1475.0,USD,2020,1,1005,PO-1005-E7011,Change Order
PO-1005-E7011-5,28 Jan 2020,PO for ABL-LITHONIA LIGHTING 2ND ORDER,"Acuity Brands Lighting, Inc.",MVL ENERGY,PO for ABL-LITHONIA LIGHTING 2ND ORDER,Electrical,Electrical,1114.8,USD,2020,1,1005,PO-1005-E7011,Change Order
PO-1005-E7017-1,28 Jan 2020,PO for 20KVA UPS SYSTEM,AL MAZROUI ADVANCED TECHNOLOGY CO. LLC,MVL ENERGY,PO for 20KVA UPS SYSTEM,Electrical,Electrical,6764.6,USD,2020,1,1005,PO-1005-E7017,Base PO
PO-1005-E7019-1,23 Jan 2020,PO for Fire Alarm Cable,Syston Cable Technology,MVL ENERGY,PO for Fire Alarm Cable,Electrical,Electrical,21280.21,USD,2020,1,1005,PO-1005-E7019,Base PO
PO-1005-E7005-4,21 Jan 2020,"PO for Inspection to Factory Acceptance Test, Flash Report writing and Manufacturer Report Chopping",GULF ELECTRICAL POWER LABORATORY,MVL ENERGY,"PO for Inspection to Factory Acceptance Test, Flash Report writing and Manufacturer Report Chopping",Electrical,Electrical,4950.0,USD,2020,1,1005,PO-1005-E7005,Change Order
RFPO-3742-V4252-1,21 Jan 2020,PEB STEEL STRUCTURE,Kirby Building Systems - Kuwait,MACRO,PEB STEEL STRUCTURE,Various,Various,1559000.0,USD,2020,1,3742,RFPO-3742-V4252,Base PO
RFPO-1192-V4419-1,16 Jan 2020,PO for Chocolate Boxes Size 30 Cm x23 Cm Black  and Gold Special Paper Open Shape  sample1,RUKIN AL FAN POTTERY,FIRESTOP,PO for Chocolate Boxes Size 30 Cm x23 Cm Black  and Gold Special Paper Open Shape  sample1,Various,Various,1072.84,USD,2020,1,1192,RFPO-1192-V4419,Base PO
PO-1005-E7011-3,13 Jan 2020,PO for VARIOUS LIGHTING FIXTURES - GUANGDONG YIBAI,"GUANGDONG YIBAI OPTOTECH CO., LTD.",MVL ENERGY,PO for VARIOUS LIGHTING FIXTURES - GUANGDONG YIBAI,Electrical,Electrical,13365.0,USD,2020,1,1005,PO-1005-E7011,Change Order
PO-1005-E7011-2,12 Jan 2020,PO for VARIOUS LIGHTING FIXTURES - IKIZLER,IKIZLER AYDINLATMA ARMATURLERI SAN VE. TIC. A.S,MVL ENERGY,PO for VARIOUS LIGHTING FIXTURES - IKIZLER,Electrical,Electrical,3577.54,USD,2020,1,1005,PO-1005-E7011,Change Order
Fresh PO-258,09 Jan 2020,Supply of LG Mini Condensate Pump EC400 Little GIANT,Pump House Pumps Ltd,Unknown,Supply of LG Mini Condensate Pump EC400 Little GIANT,Various,Various,11599.5,USD,2020,1,258,Fresh PO-258,Base PO
PO-1005-M7027-1,09 Jan 2020,Supply of LG Mini Condensate Pump EC400 Little GIANT,Pump House Pumps Ltd,MACRO,Supply of LG Mini Condensate Pump EC400 Little GIANT,Mechanical,Mechanical,11599.5,USD,2020,1,1005,PO-1005-M7027,Base PO
RFPO-1192-V4296-1,08 Jan 2020,PO for SLAB WITHOUT FACING (SXXX),FUJAIRAH ROCKWOOL FACTORY,FIRESTOP,PO for SLAB WITHOUT FACING (SXXX),Various,Various,4286.68,USD,2020,1,1192,RFPO-1192-V4296,Base PO
PO-1005-V7004-2,08 Jan 2020,PO for Bobrick Shower Seat BOB5181,AL SHAYA TRADING CO. LLC,MVL VENTURES,PO for Bobrick Shower Seat BOB5181,Various,Various,1208.99,USD,2020,1,1005,PO-1005-V7004,Change Order
RFPO-3742-V4251-1,08 Jan 2020,PO for PEB STEEL STRUCTURE,MBS-MEMAAR BUILDING SYSTEMS FZC,MVL VENTURES,PO for PEB STEEL STRUCTURE,Various,Various,735000.0,USD,2020,1,3742,RFPO-3742-V4251,Base PO
PO-1005-V7004-1,06 Jan 2020,PO for Various SS Toilet Accessories,AL HASHIMI METAL PRODUCTS MANUFACTURING LLC,MVL VENTURES,PO for Various SS Toilet Accessories,Various,Various,4715.59,USD,2020,1,1005,PO-1005-V7004,Base PO
PO-1005-E7005-3,31 Dec 2019,PO for 1000 KVA Pad Mounted Transformer-3 Phase,United Transformers Electric Company,MVL ENERGY,PO for 1000 KVA Pad Mounted Transformer-3 Phase,Electrical,Electrical,46500.0,USD,2019,12,1005,PO-1005-E7005,Change Order
Fresh PO-255,31 Dec 2019,test,(NAVC) Project,Unknown,test,Various,Various,1.0,USD,2019,12,255,Fresh PO-255,Base PO
RFPO-3550-V4256-1,23 Dec 2019,PO for REBARS and BINDING WIRES,GODAWARI STEEL PVT. LTD.,MACRO,PO for REBARS and BINDING WIRES,Various,Various,4137154.23,USD,2019,12,3550,RFPO-3550-V4256,Base PO
RFPO-3427-E6800-1,23 Dec 2019,Master Distribution Panel Board,INDUSTRIAL ELECTRICAL PROJECTS CO.,MACRO,Master Distribution Panel Board,Electrical,Electrical,1202.47,USD,2019,12,3427,RFPO-3427-E6800,Base PO
RFPO-3550-V4257-1,23 Dec 2019,PO for Admixture Superflow,Additives &amp; Allied Industries,MACRO,PO for Admixture Superflow,Various,Various,85428.0,USD,2019,12,3550,RFPO-3550-V4257,Base PO
PO-1005-E7005-2,23 Dec 2019,PO for 1000 KVA Pad Mounted Transformer-3 Phase,United Transformers Electric Company,MVL ENERGY,PO for 1000 KVA Pad Mounted Transformer-3 Phase,Electrical,Electrical,28500.0,USD,2019,12,1005,PO-1005-E7005,Change Order
RFPO-3427-O1-1,17 Dec 2019,PO for Dell Latitude E5450(used): Rs.43000 with VAT Intel Core i5 5th Gen/ 4GB RAM/ 500GB HDD/ 14&quot; Screen,LOGIX DIGITAL SYSTEMS P. LTD,MACRO,PO for Dell Latitude E5450(used): Rs.43000 with VAT Intel Core i5 5th Gen/ 4GB RAM/ 500GB HDD/ 14&quot; Screen,Office Assets,Office Assets,167490.0,USD,2019,12,3427,RFPO-3427-O1,Base PO
RFPO-2569-V4256-1,15 Dec 2019,PO for 8 meter Double Leaf Swing Gate,CLIC National Industries General Trading & Contracting Co. K.S.C. (Closed),MACRO,PO for 8 meter Double Leaf Swing Gate,Various,Various,2750.0,USD,2019,12,2569,RFPO-2569-V4256,Base PO
RFPO-1569-O14-1,10 Dec 2019,PO for Primavera P6 Professional Project Management (Perpetual  License),4i Apps Solutions FZC,MACRO,PO for Primavera P6 Professional Project Management (Perpetual  License),Office Assets,Office Assets,2307.45,USD,2019,12,1569,RFPO-1569-O14,Base PO
RFPO-1569-O15-1,10 Dec 2019,PO for Sophos SG230 Renewal,CODEGREEN SYSTEMS,MACRO,PO for Sophos SG230 Renewal,Office Assets,Office Assets,2244.38,USD,2019,12,1569,RFPO-1569-O15,Base PO
RFPO-1192-V4295-1,09 Dec 2019,PO for Slab Without Facing SXXX Density 64kg m3 Thickness 50mm Size 1.2 mtrX.6 mtr,FUJAIRAH ROCKWOOL FACTORY,FIRESTOP,PO for Slab Without Facing SXXX Density 64kg m3 Thickness 50mm Size 1.2 mtrX.6 mtr,Various,Various,510.52,USD,2019,12,1192,RFPO-1192-V4295,Base PO
PO-1005-V4470-1,05 Dec 2019,PO for US EMBASSY ANNEX RENOVATION,Metron Construction & Trading W.L.L.,MVL VENTURES,PO for US EMBASSY ANNEX RENOVATION,Various,Various,4960.32,USD,2019,12,1005,PO-1005-V4470,Base PO
RFPO-3550-V4253-1,03 Dec 2019,"PO for supply, delivery and application of Anti-Termite Treatment",Seven Pro Solutions Pvt. Ltd,MACRO,"PO for supply, delivery and application of Anti-Termite Treatment",Various,Various,450582.2712,USD,2019,12,3550,RFPO-3550-V4253,Base PO
RFPO-3550-V4254-1,03 Dec 2019,PO for SASHI BRICKS,SASHI ITTA UDHYOG,MACRO,PO for SASHI BRICKS,Various,Various,950000.0,USD,2019,12,3550,RFPO-3550-V4254,Base PO
RFPO-3550-V4255-1,03 Dec 2019,PO for HONGSHI CEMENT & GODAWARI REBAR,KATKUWA SUPPLIERS,MACRO,PO for HONGSHI CEMENT & GODAWARI REBAR,Various,Various,8185757.76,USD,2019,12,3550,RFPO-3550-V4255,Base PO
RFPO-1192-V4294-1,28 Nov 2019,"PO for 1. Racking  bays,  each  4500mm  high  x  1000mm  deep  equipped  with  three  pairs  of  beam  levels  decking  with  GI  Panels  of  unit  size  2450mmL x 80mm x 50mm open beam. (Loading Capa",Adventz Racking & Shelving LLC,FIRESTOP,"PO for 1. Racking  bays,  each  4500mm  high  x  1000mm  deep  equipped  with  three  pairs  of  beam  levels  decking  with  GI  Panels  of  unit  size  2450mmL x 80mm x 50mm open beam. (Loading Capa",Various,Various,6099.39,USD,2019,11,1192,RFPO-1192-V4294,Base PO
RFPO-1192-S9032-1,24 Nov 2019,PO for Shifting &amp; Installation:,VEXUS INTERIORS LLC,MVL SOLUTIONS,PO for Shifting &amp; Installation:,Services,Services,3485.36,USD,2019,11,1192,RFPO-1192-S9032,Base PO
RFPO-1192-S9033-1,24 Nov 2019,PO for Shifting &amp; Installation:,VEXUS INTERIORS LLC,FIRESTOP,PO for Shifting &amp; Installation:,Services,Services,3485.36,USD,2019,11,1192,RFPO-1192-S9033,Base PO
RFPO-1192-V4293-1,24 Nov 2019,PO for Slab Without Facing (SXXX),FUJAIRAH ROCKWOOL FACTORY,FIRESTOP,PO for Slab Without Facing (SXXX),Various,Various,1021.04,USD,2019,11,1192,RFPO-1192-V4293,Base PO
RFPO-3550-V4252-1,21 Nov 2019,PO for Cement (OPC) Hongshi Cement,J.M.T. GROUP PVT. LTD.,MACRO,PO for Cement (OPC) Hongshi Cement,Various,Various,1260006.05,USD,2019,11,3550,RFPO-3550-V4252,Base PO
RFPO-3550-V4251-1,20 Nov 2019,PO for Supply and Delivery of REBARS,GODAWARI STEEL PVT. LTD.,MVL VENTURES,PO for Supply and Delivery of REBARS,Various,Various,2571959.695,USD,2019,11,3550,RFPO-3550-V4251,Base PO
RFPO-1192-V4418-1,17 Nov 2019,PO for Inspection Labels Stickers,SMILE COLOR,FIRESTOP,PO for Inspection Labels Stickers,Various,Various,122.53,USD,2019,11,1192,RFPO-1192-V4418,Base PO
RFPO-1569-V4381-1,06 Nov 2019,PO for Acrylic panel sign production W254 × H203,"Showa Seisaku CO.,LTD.",FIRESTOP,PO for Acrylic panel sign production W254 × H203,Various,Various,211.35,USD,2019,11,1569,RFPO-1569-V4381,Base PO
RFPO-3550-V4362-1,06 Nov 2019,PO for Supply and Delivery of Mahindra Vehicles,AGNI INCORPORATED PRIVATE LIMITED,MACRO,PO for Supply and Delivery of Mahindra Vehicles,Various,Various,23070.0,USD,2019,11,3550,RFPO-3550-V4362,Base PO
RFPO-1569-O13-1,30 Oct 2019,PO for Desktop HP 290G2 i5 4 gb 1 tb dos,IT Park Computer Trading LLC,MACRO,PO for Desktop HP 290G2 i5 4 gb 1 tb dos,Office Assets,Office Assets,1312.46,USD,2019,10,1569,RFPO-1569-O13,Base PO
RFPO-1192-R1503-1,30 Oct 2019,PO for Monthly Rental of MItsubishi Lancer,Diamondlease LLC,FIRESTOP,PO for Monthly Rental of MItsubishi Lancer,Rental,Rental,762.42,USD,2019,10,1192,RFPO-1192-R1503,Base PO
PO-1005-E7013-1,28 Oct 2019,PO for Light Type-C,"GUANGDONG YIBAI OPTOTECH CO., LTD.",MVL ENERGY,PO for Light Type-C,Electrical,Electrical,5952.0,USD,2019,10,1005,PO-1005-E7013,Base PO
PO-1005-M7025-1,24 Oct 2019,PO for Centrifugal Type Exhaust Fan,INTERCOOL CENTRAL AIR CONDITIONING LLC,MACRO,PO for Centrifugal Type Exhaust Fan,Mechanical,Mechanical,16220.1,USD,2019,10,1005,PO-1005-M7025,Base PO
PO-1005-E7009-1,23 Oct 2019,PO for Electric Water Heater- Heavy Duty,RAFCO TRADING CO.,MVL ENERGY,PO for Electric Water Heater- Heavy Duty,Electrical,Electrical,3948.26,USD,2019,10,1005,PO-1005-E7009,Base PO
RFPO-3550-V4361-1,22 Oct 2019,PO for Pulsar 150 CHASSIS NO: MD2A11CY2KPE30158,EVEREST INSURANCE COMPANY LTD.,MACRO,PO for Pulsar 150 CHASSIS NO: MD2A11CY2KPE30158,Various,Various,21560.28,USD,2019,10,3550,RFPO-3550-V4361,Base PO
RFPO-3550-O8-1,20 Oct 2019,PO for Dell latitude e5450: Rs.41000 with Vat Intel core i5 / 4gb RAM / 500GB HDD/ 14” screen / windows 7 genuine,LOGIX DIGITAL SYSTEMS P. LTD,MACRO,PO for Dell latitude e5450: Rs.41000 with Vat Intel core i5 / 4gb RAM / 500GB HDD/ 14” screen / windows 7 genuine,Office Assets,Office Assets,205000.0,USD,2019,10,3550,RFPO-3550-O8,Base PO
RFPO-3550-V4360-1,15 Oct 2019,PO for Pulsar 150 CC Single Disc Motorbike for MVL Nepal Office,Hansraj Hulaschand and Company Pvt. Ltd,FIRESTOP,PO for Pulsar 150 CC Single Disc Motorbike for MVL Nepal Office,Various,Various,975600.0,USD,2019,10,3550,RFPO-3550-V4360,Base PO
Fresh PO-237,10 Oct 2019,SMOKE DETECTORS AND HEAT DETECTORS GENTEX,Multi Options Trading FZE,Unknown,SMOKE DETECTORS AND HEAT DETECTORS GENTEX,Various,Various,12745.0,USD,2019,10,237,Fresh PO-237,Base PO
PO-2623-E6800-1,10 Oct 2019,PO for SMOKE AND HEAT DETECTOR,Multi Options Trading FZE,MACRO,PO for SMOKE AND HEAT DETECTOR,Electrical,Electrical,3659.63,USD,2019,10,2623,PO-2623-E6800,Base PO
PO-1005-E7005-1,10 Oct 2019,PO for 1000 KVA Pad Mounted Transformer-3 Phase,PAK ELEKTRON LIMITED,MVL ENERGY,PO for 1000 KVA Pad Mounted Transformer-3 Phase,Electrical,Electrical,57540.0,USD,2019,10,1005,PO-1005-E7005,Base PO
PO-1005-S9046-1,10 Oct 2019,PO for THERMOSTATIC MIXING VALVES,DUTCO TENNANT LLC,MVL SOLUTIONS,PO for THERMOSTATIC MIXING VALVES,Services,Services,3149.73,USD,2019,10,1005,PO-1005-S9046,Base PO
RFPO-1005-E7015-1,08 Oct 2019,"PO for Approved Lighting Fixtures (G, G2, B)","ZhongShan Halcon Lighting & Electrical Co., Ltd",MICRON,"PO for Approved Lighting Fixtures (G, G2, B)",Electrical,Electrical,47728.285,USD,2019,10,1005,RFPO-1005-E7015,Base PO
RFPO-1192-V4291-1,08 Oct 2019,PO for SLAB WITHOUT FACING (SXXX),FUJAIRAH ROCKWOOL FACTORY,FIRESTOP,PO for SLAB WITHOUT FACING (SXXX),Various,Various,2808.25,USD,2019,10,1192,RFPO-1192-V4291,Base PO
Group-1,05 Oct 2019,PO for test,Unique Web - S,Unknown,PO for test,Various,Various,100.0,USD,2019,10,1,Group-1,Base PO
RFPO-3550-V4359-1,30 Sep 2019,PO for Wall Mounted Type (Inverter) Capacity: 1.0 Ton Model No: CU-YE12TKY-B,NAVIN Distributors Pvt. Ltd.,MVL Nepal,PO for Wall Mounted Type (Inverter) Capacity: 1.0 Ton Model No: CU-YE12TKY-B,Various,Various,594400.0,USD,2019,9,3550,RFPO-3550-V4359,Base PO
PO-1005-V4469-1,29 Sep 2019,19QA1019P0519: Order Confirmation against Office Renovation of USACE Chief Office at CAS-2142.1,Metron Construction & Trading W.L.L.,MVL VENTURES,19QA1019P0519: Order Confirmation against Office Renovation of USACE Chief Office at CAS-2142.1,Various,Various,769.23,USD,2019,9,1005,PO-1005-V4469,Base PO
RFPO-3550-O7-1,26 Sep 2019,PO for 6U RACK WALL MOUNTABLE,B.R.IMPEX TRADE LINK,MACRO,PO for 6U RACK WALL MOUNTABLE,Office Assets,Office Assets,37800.0,USD,2019,9,3550,RFPO-3550-O7,Base PO
RFPO-3550-V4358-1,17 Sep 2019,PO for Bajaj Pulsar 150 cc 2019,Everest Insurance Company Ltd.,MACRO,PO for Bajaj Pulsar 150 cc 2019,Various,Various,26950.35,USD,2019,9,3550,RFPO-3550-V4358,Base PO
RFPO-1569-V4380-1,16 Sep 2019,PO for Plan Swift 10.2,Green Figure Technique,FIRESTOP,PO for Plan Swift 10.2,Various,Various,1742.68,USD,2019,9,1569,RFPO-1569-V4380,Base PO
RFPO-3550-R1502-1,15 Sep 2019,PO for 1 MONTH RENTAL OF 2 UNITS TOYOTA HILUX WITH AC. MODEL 2009-2010,Sahas International Travel & Tours P. Ltd,FIRESTOP,PO for 1 MONTH RENTAL OF 2 UNITS TOYOTA HILUX WITH AC. MODEL 2009-2010,Rental,Rental,370000.0,USD,2019,9,3550,RFPO-3550-R1502,Base PO
Fresh PO-236,15 Sep 2019,fgddfhfhf,A F Husain L.L.C,Unknown,fgddfhfhf,Various,Various,1.0,USD,2019,9,236,Fresh PO-236,Base PO
PO-1005-E7006-1,10 Sep 2019,PO for VERSALITE IP-65 emergency lighting armature,ARSEL ELEKTRONİK SİST.SAN TİC LTD ŞTİ,MVL ENERGY,PO for VERSALITE IP-65 emergency lighting armature,Electrical,Electrical,798.0,USD,2019,9,1005,PO-1005-E7006,Base PO
PO-1005-V7000-1,09 Sep 2019,THEATER SEATING,"Chongqing JUYI Industry Co., Ltd.",MVL VENTURES,THEATER SEATING,Various,Various,9500.0,USD,2019,9,1005,PO-1005-V7000,Base PO
RFPO-2569-V4255-1,08 Sep 2019,PO for Galvanized and PVC Coated Tension Wire,CLIC National Industries General Trading & Contracting Co. K.S.C. (Closed),MACRO,PO for Galvanized and PVC Coated Tension Wire,Various,Various,438.74,USD,2019,9,2569,RFPO-2569-V4255,Base PO
RFPO-2569-V4252-2,08 Sep 2019,PO for 8 meter double leaf swing gate,CLIC National Industries General Trading & Contracting Co. K.S.C. (Closed),MACRO,PO for 8 meter double leaf swing gate,Various,Various,8250.0,USD,2019,9,2569,RFPO-2569-V4252,Change Order
RFPO-3550-V4356-1,05 Sep 2019,PO for Pulsar 150 CC Single Disc Motorbike for MVL Nepal Office,Hansraj Hulaschand and Company Pvt. Ltd,MACRO,PO for Pulsar 150 CC Single Disc Motorbike for MVL Nepal Office,Various,Various,1219500.0,USD,2019,9,3550,RFPO-3550-V4356,Base PO
PO-1005-V7002-1,04 Sep 2019,"PO for 2"" Back Flow Preventer(50mm)",OMAR FAROOQ TRADING COMPANY,MVL VENTURES,"PO for 2"" Back Flow Preventer(50mm)",Various,Various,33408.6,USD,2019,9,1005,PO-1005-V7002,Base PO
RFPO-3550-O6-1,03 Sep 2019,PO for MI Redmi7A   Moble Handset for CDM Consultant,Bigbyte IT World Pvt. Ltd.,FIRESTOP,PO for MI Redmi7A   Moble Handset for CDM Consultant,Office Assets,Office Assets,71994.0,USD,2019,9,3550,RFPO-3550-O6,Base PO
PO-1005-F7061-1,03 Sep 2019,PO for FIRESTOP BARRIER CAULK 600ML SAUSAGE,MVL Firestop Bldg. Matl Trdg. LLC,MVL FACILITIES,PO for FIRESTOP BARRIER CAULK 600ML SAUSAGE,Fire,Fire,2450.65,USD,2019,9,1005,PO-1005-F7061,Base PO
RFPO-3550-R1501-1,02 Sep 2019,PO for Rental of Double Cabin Scorpio Pick Up Truck for 3 months with driver,Sahas International Travel & Tours P. Ltd,FIRESTOP,PO for Rental of Double Cabin Scorpio Pick Up Truck for 3 months with driver,Rental,Rental,525000.0,USD,2019,9,3550,RFPO-3550-R1501,Base PO
RFPO-3550-V4354-1,02 Sep 2019,PO for For Networking: Pro-Link Cable (Cat-6),B.R.IMPEX TRADE LINK,MACRO,PO for For Networking: Pro-Link Cable (Cat-6),Various,Various,122379.0,USD,2019,9,3550,RFPO-3550-V4354,Base PO
RFPO-3550-O5-1,02 Sep 2019,PO for Supply and Delivery of IT Equipment for CDM Consultant,LOGIX DIGITAL SYSTEMS P. LTD,MACRO,PO for Supply and Delivery of IT Equipment for CDM Consultant,Office Assets,Office Assets,522940.0,USD,2019,9,3550,RFPO-3550-O5,Base PO
RFPO-3550-V4355-1,02 Sep 2019,PO for Canon Digital Camera iXUS 185 with 16GB Memory and Camera Bag,G.A. Builders Private Limited,MVL Nepal,PO for Canon Digital Camera iXUS 185 with 16GB Memory and Camera Bag,Various,Various,76275.0,USD,2019,9,3550,RFPO-3550-V4355,Base PO
RFPO-3550-O3-1,28 Aug 2019,PO for Asustor AS3102T WITH 1 YR WARRANTY,Bigbyte IT World Pvt. Ltd.,MACRO,PO for Asustor AS3102T WITH 1 YR WARRANTY,Office Assets,Office Assets,315100.0,USD,2019,8,3550,RFPO-3550-O3,Base PO
RFPO-3550-V4353-1,28 Aug 2019,PO for Furnitures and Various Materials,G.A. Builders Private Limited,MACRO,PO for Furnitures and Various Materials,Various,Various,2056792.1,USD,2019,8,3550,RFPO-3550-V4353,Base PO
RFPO-3550-M4101-1,28 Aug 2019,PO for Supply Deliver Installation Testing and Commisioning of of 12.5 kva Mahindra Powerol Diesel Generator ( Silent) Model no 2185GM-C2,Power Solution Twenty Four Seven Pvt .Ltd,MACRO,PO for Supply Deliver Installation Testing and Commisioning of of 12.5 kva Mahindra Powerol Diesel Generator ( Silent) Model no 2185GM-C2,Mechanical,Mechanical,555365.48,USD,2019,8,3550,RFPO-3550-M4101,Base PO
RFPO-3550-V4351-1,27 Aug 2019,PO for VARIOUS APPLIANCES,NAVIN Distributors Pvt. Ltd.,MACRO,PO for VARIOUS APPLIANCES,Various,Various,243100.0,USD,2019,8,3550,RFPO-3550-V4351,Base PO
RFPO-3550-O2-1,27 Aug 2019,PO for LAPTOPS COMPUTER AND ACCESSORIES LOGIX,LOGIX DIGITAL SYSTEMS P. LTD,MACRO,PO for LAPTOPS COMPUTER AND ACCESSORIES LOGIX,Office Assets,Office Assets,470440.0,USD,2019,8,3550,RFPO-3550-O2,Base PO
RFPO-3550-V4352-1,27 Aug 2019,PO for SAFETY ITEMS,Nepal Fire and Safety Solutions Pvt. Ltd.,MACRO,PO for SAFETY ITEMS,Various,Various,19379.5,USD,2019,8,3550,RFPO-3550-V4352,Base PO
RFPO-2569-V4254-1,22 Aug 2019,PO for Supply of Galvanised + PVC coated Tie Wire,CLIC National Industries General Trading & Contracting Co. K.S.C. (Closed),MACRO,PO for Supply of Galvanised + PVC coated Tie Wire,Various,Various,2065.32,USD,2019,8,2569,RFPO-2569-V4254,Base PO
RFPO-2394-M4101-1,21 Aug 2019,PO for Multi  Wall split mounted type air conditioner. Model KMWSM-42R410AHODU,"SHENZHEN KANION TECHNOLOGY CO., LIMITED",MACRO,PO for Multi  Wall split mounted type air conditioner. Model KMWSM-42R410AHODU,Mechanical,Mechanical,24948.0,USD,2019,8,2394,RFPO-2394-M4101,Base PO
RFPO-1192-V4417-1,20 Aug 2019,PO for DRI FIT SHIRTS  WITH TWO LOGOS,Al Diyafa Tailoring Co. LLC,FIRESTOP,PO for DRI FIT SHIRTS  WITH TWO LOGOS,Various,Various,679.65,USD,2019,8,1192,RFPO-1192-V4417,Base PO
RFPO-3550-R1500-1,19 Aug 2019,PO for Vehicle Rental Scorpio latest model ( 2018) August 19 to August 21),Sahas International Travel & Tours P. Ltd,FIRESTOP,PO for Vehicle Rental Scorpio latest model ( 2018) August 19 to August 21),Rental,Rental,24600.0,USD,2019,8,3550,RFPO-3550-R1500,Base PO
PO-1005-E7004-1,06 Aug 2019,PO for Street Approved LED Street Lighting Fixtures,"SUZHOU WISTA LIGHTING TECHNOLOGY CO., LTD.",MVL ENERGY,PO for Street Approved LED Street Lighting Fixtures,Electrical,Electrical,4723.0,USD,2019,8,1005,PO-1005-E7004,Base PO
RFPO-3427-V4252-1,01 Aug 2019,PO for Precast Concrete Barriers,Real Estate Construction & Fabrication Co. S.A.K. (Closed),MACRO,PO for Precast Concrete Barriers,Various,Various,75791.36,USD,2019,8,3427,RFPO-3427-V4252,Base PO
PO-1005-A5208-1,31 Jul 2019,PO for Door Replacement,Metron Construction & Trading W.L.L.,MVL ARABIA,PO for Door Replacement,Architectural,Architectural,2335.16,USD,2019,7,1005,PO-1005-A5208,Base PO
RFPO-1192-R1502-1,28 Jul 2019,PO for Monthly Rental Mitsubishi Lancer 1.6 EX HL- Dubai Plate,Diamondlease LLC,FIRESTOP,PO for Monthly Rental Mitsubishi Lancer 1.6 EX HL- Dubai Plate,Rental,Rental,381.21,USD,2019,7,1192,RFPO-1192-R1502,Base PO
RFPO-3427-V4251-1,22 Jul 2019,PO for JERSEY AND TEXAS BARRIER,HIGH SLANT PRECAST FACTORY,MVL VENTURES,PO for JERSEY AND TEXAS BARRIER,Various,Various,39941.5,USD,2019,7,3427,RFPO-3427-V4251,Base PO
PO-1005-V4466-2,18 Jul 2019,"PO for Maintenance of SKM 3 Packaged Units (June 17-Dec 16, 2019",Metron Construction & Trading W.L.L.,MVL VENTURES,"PO for Maintenance of SKM 3 Packaged Units (June 17-Dec 16, 2019",Various,Various,21703.3,USD,2019,7,1005,PO-1005-V4466,Change Order
PO-1005-M4029-1,17 Jul 2019,PO for 4000 KG Kone Transys Elevator,KHAN CONSTRUCTION CO. (KCC),MACRO,PO for 4000 KG Kone Transys Elevator,Mechanical,Mechanical,150880.0,USD,2019,7,1005,PO-1005-M4029,Base PO
RFPO-2797-V4351-1,16 Jul 2019,PO for INFRARED THERMOMETER.,HIGHTECH INSTRUMENTS TRADING CO. W.L.L.,MACRO,PO for INFRARED THERMOMETER.,Various,Various,1121.22,USD,2019,7,2797,RFPO-2797-V4351,Base PO
RFPO-1428-V4353-1,16 Jul 2019,PO for THIRD PARTY INSPECTION,BUREAU VERITAS DUBAI,MACRO,PO for THIRD PARTY INSPECTION,Various,Various,280.0,USD,2019,7,1428,RFPO-1428-V4353,Base PO
PO-1005-E7007-1,14 Jul 2019,PO for Guard Tower Searchlight,DEN HAAN ROTTERDAM,MVL ENERGY,PO for Guard Tower Searchlight,Electrical,Electrical,6295.43,USD,2019,7,1005,PO-1005-E7007,Base PO
RFPO-2569-V4252-1,11 Jul 2019,PO for 8 meter double leaf swing gate,CLIC National Industries General Trading & Contracting Co. K.S.C. (Closed),MACRO,PO for 8 meter double leaf swing gate,Various,Various,2750.0,USD,2019,7,2569,RFPO-2569-V4252,Base PO
RFPO-2394-T1001-1,08 Jul 2019,PO for ALTAIR Multigas Detector. Model 4XR.,GASOS,MACRO,PO for ALTAIR Multigas Detector. Model 4XR.,Tools,Tools,762.42,USD,2019,7,2394,RFPO-2394-T1001,Base PO
RFPO-3473-S9071-1,27 Jun 2019,PO for MHE Service - Semi truck and lowboy trailer with operator (fuel included).,Massida Solutions PLC,MACRO,PO for MHE Service - Semi truck and lowboy trailer with operator (fuel included).,Services,Services,74905.0,USD,2019,6,3473,RFPO-3473-S9071,Base PO
RFPO-1192-V4289-1,27 Jun 2019,PO for ACMI - Full Height Cabinet with Swing Doors in Maple Finish,BLUE CROWN FURNITURE (LLC),FIRESTOP,PO for ACMI - Full Height Cabinet with Swing Doors in Maple Finish,Various,Various,353.98,USD,2019,6,1192,RFPO-1192-V4289,Base PO
PO-1005-M4028-1,24 Jun 2019,PO for Fire Hydrant and Post Indicator Valves,"Shanghai Iron Man Fire Fighting Equipment CO.,Ltd.",MACRO,PO for Fire Hydrant and Post Indicator Valves,Mechanical,Mechanical,10010.0,USD,2019,6,1005,PO-1005-M4028,Base PO
PO-1005-V4466-1,17 Jun 2019,"PO for Maintenance of SKM 3 Packaged Units (June 17-Dec 16, 2019",Metron Construction & Trading W.L.L.,MVL VENTURES,"PO for Maintenance of SKM 3 Packaged Units (June 17-Dec 16, 2019",Various,Various,10851.65,USD,2019,6,1005,PO-1005-V4466,Base PO
RFPO-1192-S9031-1,17 Jun 2019,PO for Pre-Approval and Post-Approval,VEXUS INTERIORS LLC,MVL SOLUTIONS,PO for Pre-Approval and Post-Approval,Services,Services,7842.07,USD,2019,6,1192,RFPO-1192-S9031,Base PO
PO-1428-M4101-2,17 Jun 2019,"PO for Supply of 2 stage Separator Internals - EBS Project, IRAQ MW-OCS Ref: 7794, Rev.1",FINEPAC STRUCTURES PVT. LTD,MACRO,"PO for Supply of 2 stage Separator Internals - EBS Project, IRAQ MW-OCS Ref: 7794, Rev.1",Mechanical,Mechanical,25800.2,USD,2019,6,1428,PO-1428-M4101,Change Order
PO-2394-V4251-1,17 Jun 2019,PO for Supply of PVC Fittings,CHARLOTTE PIPE AND FOUNDRY COMPANY,MVL VENTURES,PO for Supply of PVC Fittings,Various,Various,7977.06995,USD,2019,6,2394,PO-2394-V4251,Base PO
PO-1428-M4102-1,13 Jun 2019,"PO for Supply of 2 Stage Separator Internals - Garraf Project, IRAQ MW-OCS Ref 7795 Rev. 0",FINEPAC STRUCTURES PVT. LTD,MACRO,"PO for Supply of 2 Stage Separator Internals - Garraf Project, IRAQ MW-OCS Ref 7795 Rev. 0",Mechanical,Mechanical,2420.0,USD,2019,6,1428,PO-1428-M4102,Base PO
RFPO-1192-V4413-1,10 Jun 2019,PO for LONG SLEEVES WHITE SMALL,Al Diyafa Tailoring Co. LLC,FIRESTOP,PO for LONG SLEEVES WHITE SMALL,Various,Various,1125.66,USD,2019,6,1192,RFPO-1192-V4413,Base PO
RFPO-1192-V4412-1,09 Jun 2019,PO for DELIVERY NOTES (BOOK NO. 11 DELIVERY NOTE NO.7501) 25 BOOKS A4 (50 pages per book 1+3),King Printers Co. Ltd. Dubai Branch,FIRESTOP,PO for DELIVERY NOTES (BOOK NO. 11 DELIVERY NOTE NO.7501) 25 BOOKS A4 (50 pages per book 1+3),Various,Various,231.45,USD,2019,6,1192,RFPO-1192-V4412,Base PO
RFPO-1192-V4407-1,22 May 2019,PO for Receipt Voucher A5 Size 1+3 copy 50 set in a book 4 color,ALAM ALIBDAA,FIRESTOP,PO for Receipt Voucher A5 Size 1+3 copy 50 set in a book 4 color,Various,Various,163.38,USD,2019,5,1192,RFPO-1192-V4407,Base PO
RFPO-1192-V4408-1,22 May 2019,PO for MVL Firestop New Catalogue (44 pages),King Printers Co. Ltd. Dubai Branch,FIRESTOP,PO for MVL Firestop New Catalogue (44 pages),Various,Various,2217.25,USD,2019,5,1192,RFPO-1192-V4408,Base PO
RFPO-1192-V4409-1,22 May 2019,PO for Receipt Voucher A5 Size 1+3 copy 50 set in a book 4 color,King Printers Co. Ltd. Dubai Branch,FIRESTOP,PO for Receipt Voucher A5 Size 1+3 copy 50 set in a book 4 color,Various,Various,167.46,USD,2019,5,1192,RFPO-1192-V4409,Base PO
PO-1428-M4101-1,21 May 2019,"PO for Supply of 2 stage Separator Internals - EBS Project, IRAQ MW-OCS Ref: 7794, Rev.1",FINEPAC STRUCTURES PVT. LTD,MACRO,"PO for Supply of 2 stage Separator Internals - EBS Project, IRAQ MW-OCS Ref: 7794, Rev.1",Mechanical,Mechanical,23380.0,USD,2019,5,1428,PO-1428-M4101,Base PO
RFPO-1569-V4379-1,21 May 2019,"PO for SERVICE CONTRACT – 2years/ 40,000kms (50,000km to 80,000km) DXB F62428",AL ROSTAMANI TRADING COMPANY,FIRESTOP,"PO for SERVICE CONTRACT – 2years/ 40,000kms (50,000km to 80,000km) DXB F62428",Various,Various,875.43,USD,2019,5,1569,RFPO-1569-V4379,Base PO
RFPO-1192-V4288-1,19 May 2019,PO for BACKER ROD 30MMX100M/ROLL,Al Sughra Building Materials Trading LLC,FIRESTOP,PO for BACKER ROD 30MMX100M/ROLL,Various,Various,980.26,USD,2019,5,1192,RFPO-1192-V4288,Base PO
RFPO-1192-F9599A-1,15 May 2019,PO for SLEEVE ANCHOR ANTISPIN - TAMPERPROOF,"TECNICAS EXPANSIVAS, S.L.",FIRESTOP,PO for SLEEVE ANCHOR ANTISPIN - TAMPERPROOF,Fire,Fire,375.12,USD,2019,5,1192,RFPO-1192-F9599A,Base PO
PO-1005-E7002-1,15 May 2019,PO for A.O. Smith Electrical Water Heate,SHABIR AHMAD LTD,MVL ENERGY,PO for A.O. Smith Electrical Water Heate,Electrical,Electrical,55050.0,USD,2019,5,1005,PO-1005-E7002,Base PO
PO-1005-E7000-1,13 May 2019,"PO for Electric Heater, Wall Hung, Convection Type",GLEN DIMPLEX IRELAND,MVL ENERGY,"PO for Electric Heater, Wall Hung, Convection Type",Electrical,Electrical,1332.0,USD,2019,5,1005,PO-1005-E7000,Base PO
RFPO-1192-F9599-1,13 May 2019,PO for SLEEVE ANCHOR ANTISPIN - TAMPERPROOF,"TECNICAS EXPANSIVAS, S.L.",FIRESTOP,PO for SLEEVE ANCHOR ANTISPIN - TAMPERPROOF,Fire,Fire,375.12,USD,2019,5,1192,RFPO-1192-F9599,Base PO
PO-1005-M7019-1,08 May 2019,PO for Additional Cooling system x 2 office Space,Metron Construction & Trading W.L.L.,MACRO,PO for Additional Cooling system x 2 office Space,Mechanical,Mechanical,3983.52,USD,2019,5,1005,PO-1005-M7019,Base PO
RFPO-1192-F9586-1,07 May 2019,PO for SUPPLY OF VARIOUS ACHOR BOLTS AS PER INVOICE 15.336,"TECNICAS EXPANSIVAS, S.L.",FIRESTOP,PO for SUPPLY OF VARIOUS ACHOR BOLTS AS PER INVOICE 15.336,Fire,Fire,27349.42,USD,2019,5,1192,RFPO-1192-F9586,Base PO
RFPO-1192-V4287-1,30 Apr 2019,PO for ROCKWOOL INSULATION MATERIAL,FUJAIRAH ROCKWOOL FACTORY,FIRESTOP,PO for ROCKWOOL INSULATION MATERIAL,Various,Various,9307.4,USD,2019,4,1192,RFPO-1192-V4287,Base PO
RFPO-1192-V4406-1,29 Apr 2019,PO for SUPPLY INSTALLATION AND CONFIGURATION OF CCTV CAMERAS IN DIP WAREHOUSE,e Mind Technologies LLC,FIRESTOP,PO for SUPPLY INSTALLATION AND CONFIGURATION OF CCTV CAMERAS IN DIP WAREHOUSE,Various,Various,465.62,USD,2019,4,1192,RFPO-1192-V4406,Base PO
RFPO-1569-R1500-1,02 Apr 2019,PO for Konica MInolta Bizhub C452 Monthly Rental,Limpex Trading LLC,FIRESTOP,PO for Konica MInolta Bizhub C452 Monthly Rental,Rental,Rental,265.49,USD,2019,4,1569,RFPO-1569-R1500,Base PO
RFPO-1569-V4378-1,01 Apr 2019,"PO for SERVICE CONTRACT – 2years/ 40,000kms (50,000km to 80,000km) DXBF062427",AL ROSTAMANI TRADING COMPANY,FIRESTOP,"PO for SERVICE CONTRACT – 2years/ 40,000kms (50,000km to 80,000km) DXBF062427",Various,Various,875.43,USD,2019,4,1569,RFPO-1569-V4378,Base PO
RFPO-1192-R1501-1,31 Mar 2019,PO for Montly Rental (6 Units) Mitsubshi Lancer 1.6 EX HL – Dubai Plate,Diamondlease LLC,FIRESTOP,PO for Montly Rental (6 Units) Mitsubshi Lancer 1.6 EX HL – Dubai Plate,Rental,Rental,2287.27,USD,2019,3,1192,RFPO-1192-R1501,Base PO
RFPO-2952-V4251A-1,24 Mar 2019,PO for Leviton High Bay LED Light,FireFlow Technical Services & Trading Co. WLL,MACRO,PO for Leviton High Bay LED Light,Various,Various,198834.0,USD,2019,3,2952,RFPO-2952-V4251A,Base PO
RFPO-1192-R1500-1,20 Mar 2019,PO for Montly Rental Mitsubshi Lancer 1.6 EX HL – Dubai Plate (Arun Stephen),Diamondlease LLC,FIRESTOP,PO for Montly Rental Mitsubshi Lancer 1.6 EX HL – Dubai Plate (Arun Stephen),Rental,Rental,381.21,USD,2019,3,1192,RFPO-1192-R1500,Base PO
RFPO-1569-O12-1,14 Mar 2019,PO for AZURE DATA STORAGE  - EAST US DATA CENTER,Burhani Computers Trading LLC,MACRO,PO for AZURE DATA STORAGE  - EAST US DATA CENTER,Office Assets,Office Assets,976.99,USD,2019,3,1569,RFPO-1569-O12,Base PO
RFPO-1569-V4377-1,13 Mar 2019,PO for SUPPLY OF MVL BROCHURES WITH UV SPOT,King Printers Co. Ltd. Dubai Branch,FIRESTOP,PO for SUPPLY OF MVL BROCHURES WITH UV SPOT,Various,Various,609.42,USD,2019,3,1569,RFPO-1569-V4377,Base PO
RFPO-2951-V4252-1,11 Mar 2019,PO for ANTI BIRD NET. HDPE MATERIAL; MESH SIZE: 15MM X 15MM; 6M*30m*8 ROLLS AND 6M*34M*96ROLLS.,"Kingertai Industrial Co., Limited",MACRO,PO for ANTI BIRD NET. HDPE MATERIAL; MESH SIZE: 15MM X 15MM; 6M*30m*8 ROLLS AND 6M*34M*96ROLLS.,Various,Various,5839.6,USD,2019,3,2951,RFPO-2951-V4252,Base PO
RFPO-1192-F9439-1,06 Mar 2019,PO for FIRE EXTINGUISHER 5KG CO2,Safety Way FIRE & SAFETY EQUIPMENT,FIRESTOP,PO for FIRE EXTINGUISHER 5KG CO2,Fire,Fire,190.61,USD,2019,3,1192,RFPO-1192-F9439,Base PO
RFPO-2555-M4106-1,28 Feb 2019,"PO for Duplex pump set for chilled water circulation  Flow Rate  24 m3/Hr Head Max 22 meter   Model : BP 4 (Horizontal End Suction  pump)  ELECTRICAL DATA: 1.1 KW, 50 hz/ 1 PHASE 1 Protection Degree I",ALPHATECH ENGINEERING SERVICES & TRADING CO.,MW-OCS,"PO for Duplex pump set for chilled water circulation  Flow Rate  24 m3/Hr Head Max 22 meter   Model : BP 4 (Horizontal End Suction  pump)  ELECTRICAL DATA: 1.1 KW, 50 hz/ 1 PHASE 1 Protection Degree I",Mechanical,Mechanical,17032.97,USD,2019,2,2555,RFPO-2555-M4106,Base PO
RFPO-1569-O11-1,28 Feb 2019,PO for Manufacturer: ESET Part No.:  Item Name: ESET Endpoint Protection Advanced Item Description: ESET Endpoint Protection Advanced Renewal for a year,Burhani Computers Trading LLC,MACRO,PO for Manufacturer: ESET Part No.:  Item Name: ESET Endpoint Protection Advanced Item Description: ESET Endpoint Protection Advanced Renewal for a year,Office Assets,Office Assets,900.61,USD,2019,2,1569,RFPO-1569-O11,Base PO
RFPO-1569-V4376-1,19 Feb 2019,PO for Customized Fleece Hoodies Black Color.  (Pullover and Zipped),The Uniform World Tailoring and Textiles LLC,FIRESTOP,PO for Customized Fleece Hoodies Black Color.  (Pullover and Zipped),Various,Various,1112.32,USD,2019,2,1569,RFPO-1569-V4376,Base PO
RFPO-1192-V4405-1,19 Feb 2019,PO for STICKER SIZE A4 (6 PC) WITH CUTTING,ALAM ALIBDAA,FIRESTOP,PO for STICKER SIZE A4 (6 PC) WITH CUTTING,Various,Various,175.6,USD,2019,2,1192,RFPO-1192-V4405,Base PO
RFPO-1192-V4286-1,18 Feb 2019,PO for SLAB WITHOUT FACING (SXXX),FUJAIRAH ROCKWOOL FACTORY,FIRESTOP,PO for SLAB WITHOUT FACING (SXXX),Various,Various,4222.33,USD,2019,2,1192,RFPO-1192-V4286,Base PO
RFPO-1192-V4404-1,30 Jan 2019,PO for Supply of Delivery Note A4 Size 1+3copy 50 set in book CMYK color 10 BOOKS,ALAM ALIBDAA,FIRESTOP,PO for Supply of Delivery Note A4 Size 1+3copy 50 set in book CMYK color 10 BOOKS,Various,Various,245.06,USD,2019,1,1192,RFPO-1192-V4404,Base PO
RFPO-1192-V4285-1,28 Jan 2019,PO for Rockwool Slab Unfaced Thk: 50mm Density: 160kg/m3 Size: 1.2m*.6 mtr 1bag=4 slabs,Thermal INSULATION CONT. L.L.C,FIRESTOP,PO for Rockwool Slab Unfaced Thk: 50mm Density: 160kg/m3 Size: 1.2m*.6 mtr 1bag=4 slabs,Various,Various,1470.39,USD,2019,1,1192,RFPO-1192-V4285,Base PO
RFPO-2953-E6801-1,20 Jan 2019,"PO for LED STREET LIGHT 100W, UL, CE CERTIFIED","SUZHOU WISTA LIGHTING TECHNOLOGY CO., LTD.",MACRO,"PO for LED STREET LIGHT 100W, UL, CE CERTIFIED",Electrical,Electrical,5568.0,USD,2019,1,2953,RFPO-2953-E6801,Base PO
RFPO-2953-E6800-1,07 Jan 2019,"PO for LED STREET LIGHT 100W, UL, CE CERTIFIED","HK YIBAI ELECTRONICS TECHNOLOGY CO., LIMITED",MACRO,"PO for LED STREET LIGHT 100W, UL, CE CERTIFIED",Electrical,Electrical,274.0,USD,2019,1,2953,RFPO-2953-E6800,Base PO
RFPO-1192-V4403-1,03 Jan 2019,PO for POLO T SHIRT DRI FIT WITH TWO LOGO,Al Diyafa Tailoring Co. LLC,FIRESTOP,PO for POLO T SHIRT DRI FIT WITH TWO LOGO,Various,Various,74.88,USD,2019,1,1192,RFPO-1192-V4403,Base PO
RFPO-1592-V4254-1,18 Dec 2018,PO for Push Button Lock Lever With Key Override (Best),Taylor Security & Lock Co. Inc.,MACRO,PO for Push Button Lock Lever With Key Override (Best),Various,Various,3888.0,USD,2018,12,1592,RFPO-1592-V4254,Base PO
RFPO-1192-V4284-1,10 Dec 2018,PO forSLAB WITHOUT FACING (SXXX) Density 120Kg M3 Thickness 50mm Size 1.2 MtrX 0.6 Mtr,FUJAIRAH ROCKWOOL FACTORY,FIRESTOP,PO forSLAB WITHOUT FACING (SXXX) Density 120Kg M3 Thickness 50mm Size 1.2 MtrX 0.6 Mtr,Various,Various,1120.29,USD,2018,12,1192,RFPO-1192-V4284,Base PO
RFPO-2569-V4352-1,09 Dec 2018,PO for 5000 KM ODO,MASEELAH TRADING CO. S.P.C.,MACRO,PO for 5000 KM ODO,Various,Various,914.85,USD,2018,12,2569,RFPO-2569-V4352,Base PO
RFPO-1005-V4465-1,26 Nov 2018,PO for SAMPLE METAL HAT BADGES FOR UN AFRICA,AL ASHRAFI TRADING L.L.C,MICRON,PO for SAMPLE METAL HAT BADGES FOR UN AFRICA,Various,Various,313.14,USD,2018,11,1005,RFPO-1005-V4465,Base PO
RFPO-1192-V4283-1,12 Nov 2018,PO for Scraper 2&quot; China,Rubaiya Zueaid Bldg. Mat. Co. LLC,FIRESTOP,PO for Scraper 2&quot; China,Various,Various,231.59,USD,2018,11,1192,RFPO-1192-V4283,Base PO
RFPO-1581-V4254-1,11 Nov 2018,PO for MANUFACTURING NEW FIRE RATED  PORTACABIN  SIZE 1.5  X 1.5  MTR  WITH TRANSPORTATION,OneZone International Trading & Contracting W.L.L.,MACRO,PO for MANUFACTURING NEW FIRE RATED  PORTACABIN  SIZE 1.5  X 1.5  MTR  WITH TRANSPORTATION,Various,Various,1923.08,USD,2018,11,1581,RFPO-1581-V4254,Base PO
RFPO-1569-O10-1,11 Nov 2018,PO for MVL IT INFRASTRUCTURE UPGRADE,intelligent business technologies,MACRO,PO for MVL IT INFRASTRUCTURE UPGRADE,Office Assets,Office Assets,11082.37,USD,2018,11,1569,RFPO-1569-O10,Base PO
RFPO-2555-M4104-1,08 Nov 2018,PO for CIRCULATING PUMPS CONTROL PANEL (1D+1S),Gazzaoui & Partners - Qatar W.L.L.,MACRO,PO for CIRCULATING PUMPS CONTROL PANEL (1D+1S),Mechanical,Mechanical,6593.41,USD,2018,11,2555,RFPO-2555-M4104,Base PO
RFPO-1192-V4282-1,06 Nov 2018,PO for SLAB WITHOUT FACING (SXXX),FUJAIRAH ROCKWOOL FACTORY,FIRESTOP,PO for SLAB WITHOUT FACING (SXXX),Various,Various,1120.29,USD,2018,11,1192,RFPO-1192-V4282,Base PO
RFPO-2569-V4251-1,06 Nov 2018,PO for Supply & Delivery of Chain Link Fence Material & Gates for Camp Arifjan New Perimeter Security Fence,CLIC National Industries General Trading & Contracting Co. K.S.C. (Closed),MVL VENTURES,PO for Supply & Delivery of Chain Link Fence Material & Gates for Camp Arifjan New Perimeter Security Fence,Various,Various,960000.0,USD,2018,11,2569,RFPO-2569-V4251,Base PO
RFPO-2569-V4351-1,04 Nov 2018,PO for Mitsubishi L200 Model 2018 Stock No: 556,MASEELAH TRADING CO. S.P.C.,MACRO,PO for Mitsubishi L200 Model 2018 Stock No: 556,Various,Various,18537.54,USD,2018,11,2569,RFPO-2569-V4351,Base PO
RFPO-1569-V4374-1,04 Nov 2018,"PO for Polished optic crystal cut out,  &quot;Customized model&quot;, 12mm x  175mm x 200mm, with UV  printing from back of &quot;MVL and  Awardees&#39; logo&quot; texts and  designs (as per client&#3",PRECISE Trading (L.L.C),FIRESTOP,"PO for Polished optic crystal cut out,  &quot;Customized model&quot;, 12mm x  175mm x 200mm, with UV  printing from back of &quot;MVL and  Awardees&#39; logo&quot; texts and  designs (as per client&#3",Various,Various,1896.53,USD,2018,11,1569,RFPO-1569-V4374,Base PO
PO-1005-V6997-1,31 Oct 2018,PO for Repair & Maintenance charges,Cecilia Moises Solangon Logistics Services,MVL VENTURES,PO for Repair & Maintenance charges,Various,Various,600.0,USD,2018,10,1005,PO-1005-V6997,Base PO
PO-1005-V4463-1,31 Oct 2018,PO for Complete Maintenance of Theater Seating System-SGE50016M0296,Cecilia Moises Solangon Logistics Services,MVL VENTURES,PO for Complete Maintenance of Theater Seating System-SGE50016M0296,Various,Various,300.0,USD,2018,10,1005,PO-1005-V4463,Base PO
RFPO-1569-O9-1,30 Oct 2018,PO for USG-PRO-4 UNIFI SECURITY GATEWAY,HIGH SPEED COMPUTER TRADING L.L.C,MACRO,PO for USG-PRO-4 UNIFI SECURITY GATEWAY,Office Assets,Office Assets,292.72,USD,2018,10,1569,RFPO-1569-O9,Base PO
RFPO-2555-V4253-1,14 Oct 2018,PO for PEGLER VALVES,SALCO TRADING & CONTRACTING EST.,MACRO,PO for PEGLER VALVES,Various,Various,4210.77,USD,2018,10,2555,RFPO-2555-V4253,Base PO
RFPO-2555-V4252-1,11 Oct 2018,PO for ROTOMOULD 1000 US GALS VERTICAL TYPE,AL MUFTAH POLYMER W.L.L.,MACRO,PO for ROTOMOULD 1000 US GALS VERTICAL TYPE,Various,Various,2197.8,USD,2018,10,2555,RFPO-2555-V4252,Base PO
RFPO-2890-V4251-1,10 Oct 2018,Supply and Delivery of Precast Alaska Barrier,Union Precast Factory Qatar LLC,MVL VENTURES,Supply and Delivery of Precast Alaska Barrier,Various,Various,320879.12,USD,2018,10,2890,RFPO-2890-V4251,Base PO
PO-1005-V4460-1,09 Oct 2018,PO for Supply and Installation of 40ft Modified Container (Used Shipping Container),OneZone International Trading & Contracting W.L.L.,MVL VENTURES,PO for Supply and Installation of 40ft Modified Container (Used Shipping Container),Various,Various,8530.22,USD,2018,10,1005,PO-1005-V4460,Base PO
RFPO-2555-M4103-1,07 Oct 2018,PO for XYLEM LOWARA END SUCTION PUMP. SAME AS SUPPLIER BEFORE,Gazzaoui & Partners - Qatar W.L.L.,MACRO,PO for XYLEM LOWARA END SUCTION PUMP. SAME AS SUPPLIER BEFORE,Mechanical,Mechanical,9010.99,USD,2018,10,2555,RFPO-2555-M4103,Base PO
RFPO-2569-O2-1,03 Oct 2018,PO for HP ColorLaserJet Professional CP5225nA3/A4 Printer,Aryan InfoTech Computer Equipment Est,MACRO,PO for HP ColorLaserJet Professional CP5225nA3/A4 Printer,Office Assets,Office Assets,1169.97,USD,2018,10,2569,RFPO-2569-O2,Base PO
RFPO-1581-M4107-1,02 Oct 2018,Purchase Order for Variable Frequency Controller,Franklin Fueling Systems GmbH,MW-OCS,Purchase Order for Variable Frequency Controller,Mechanical,Mechanical,4408.4,USD,2018,10,1581,RFPO-1581-M4107,Base PO
RFPO-2569-O1-1,02 Oct 2018,"PO for DellInspiron 15-5570  Laptop Intel Corei7-8550U (1.80 GHz, 8MB Cache) Processor,  8 GB DDR4 RAM ,  1 TBSATA HDD,  AMD Radeon 530 4GBGPU,  15.6Inch FHD Anti-Glare LED-Backlit Display, DOS,",Aryan InfoTech Computer Equipment Est,MACRO,"PO for DellInspiron 15-5570  Laptop Intel Corei7-8550U (1.80 GHz, 8MB Cache) Processor,  8 GB DDR4 RAM ,  1 TBSATA HDD,  AMD Radeon 530 4GBGPU,  15.6Inch FHD Anti-Glare LED-Backlit Display, DOS,",Office Assets,Office Assets,2674.68,USD,2018,10,2569,RFPO-2569-O1,Base PO
RFPO-1569-O8-1,26 Sep 2018,PO for Ubiquiti Networks UVC-G3-DOME 1080p FHD H.264 IP Dome Surveillance With POE,NEPTUNE COMPUTERS,MACRO,PO for Ubiquiti Networks UVC-G3-DOME 1080p FHD H.264 IP Dome Surveillance With POE,Office Assets,Office Assets,217.84,USD,2018,9,1569,RFPO-1569-O8,Base PO
RFPO-1192-V4401-1,23 Sep 2018,PO for Toyota Yaris Sedan,National Rent-- Car (LLC),FIRESTOP,PO for Toyota Yaris Sedan,Various,Various,394.83,USD,2018,9,1192,RFPO-1192-V4401,Base PO
RFPO-1592-S9087-1,19 Sep 2018,PO for 1.	24 hrs. Utility services for 3x 40’ LSA’s Conex’s including,Yashel Yapraq Construction Company,MACRO,PO for 1.	24 hrs. Utility services for 3x 40’ LSA’s Conex’s including,Services,Services,3000.0,USD,2018,9,1592,RFPO-1592-S9087,Base PO
RFPO-1192-V4400-1,18 Sep 2018,PO for Toyota Yaris Sedan,National Rent-- Car (LLC),FIRESTOP,PO for Toyota Yaris Sedan,Various,Various,381.21,USD,2018,9,1192,RFPO-1192-V4400,Base PO
RFPO-2532-E6801-2,16 Sep 2018,PO for AUTOMATIC TRANSFER SWITCH 400A  3PHASE 50HZ 4 POLE ATS 415V,Al Farraj Trading & Manufacturing,MACRO,PO for AUTOMATIC TRANSFER SWITCH 400A  3PHASE 50HZ 4 POLE ATS 415V,Electrical,Electrical,2814.81,USD,2018,9,2532,RFPO-2532-E6801,Change Order
RFPO-982-A5202-1,11 Sep 2018,PO for Master Keys,UNIVERSAL INTERNATIONAL FZCO,MACRO,PO for Master Keys,Architectural,Architectural,2105.73,USD,2018,9,982,RFPO-982-A5202,Base PO
RFPO-982-A5201A-1,11 Sep 2018,PO for STEEL DOORS,Vulcan Industries LLC,MACRO,PO for STEEL DOORS,Architectural,Architectural,47903.34,USD,2018,9,982,RFPO-982-A5201A,Base PO
RFPO-1581-M4106-1,09 Sep 2018,PO for supply of Power Supply Module for EVO TS 5000,DELMA INDUSTRIAL SUPPLY LLC,MW-OCS,PO for supply of Power Supply Module for EVO TS 5000,Mechanical,Mechanical,1301.57,USD,2018,9,1581,RFPO-1581-M4106,Base PO
RFPO-1192-V4399-1,09 Sep 2018,PO for Toyota Yaris Sedan 2017 Monthly Rental,National Rent-- Car (LLC),FIRESTOP,PO for Toyota Yaris Sedan 2017 Monthly Rental,Various,Various,394.83,USD,2018,9,1192,RFPO-1192-V4399,Base PO
RFPO-2532-E6801-1,04 Sep 2018,PO for AUTOMATIC TRANSFER SWITCH 400A  3PHASE 50HZ 4 POLE ATS 415V,Al Farraj Trading & Manufacturing,MACRO,PO for AUTOMATIC TRANSFER SWITCH 400A  3PHASE 50HZ 4 POLE ATS 415V,Electrical,Electrical,2611.54,USD,2018,9,2532,RFPO-2532-E6801,Base PO
RFPO-1192-V4398-1,03 Sep 2018,PO for Supply of Business Card Mr. Karim,ALAM ALIBDAA,FIRESTOP,PO for Supply of Business Card Mr. Karim,Various,Various,54.46,USD,2018,9,1192,RFPO-1192-V4398,Base PO
RFPO-1192-V4397-1,16 Aug 2018,PO for LAPOLLA A ISCCYANATE STICKERS,ALAM ALIBDAA,FIRESTOP,PO for LAPOLLA A ISCCYANATE STICKERS,Various,Various,98.03,USD,2018,8,1192,RFPO-1192-V4397,Base PO
RFPO-1192-V4281-1,16 Aug 2018,PO for Backer Rod 20mm,Al Sughra Building Materials Trading LLC,FIRESTOP,PO for Backer Rod 20mm,Various,Various,408.44,USD,2018,8,1192,RFPO-1192-V4281,Base PO
RFPO-2394-V4351-1,16 Aug 2018,PO for Rental of Explosive Detection Dogs (K9) for the month of September. 2 Nos,Trust Demining Company,MACRO,PO for Rental of Explosive Detection Dogs (K9) for the month of September. 2 Nos,Various,Various,3600.0,USD,2018,8,2394,RFPO-2394-V4351,Base PO
RFPO-1581-M4105-1,15 Aug 2018,PO for Supply of Power Supply Module for EVO console,DELMA INDUSTRIAL SUPPLY LLC,MACRO,PO for Supply of Power Supply Module for EVO console,Mechanical,Mechanical,353.98,USD,2018,8,1581,RFPO-1581-M4105,Base PO
RFPO-1192-V4280-1,14 Aug 2018,PO for BACKER ROD 30MM,Al Sughra Building Materials Trading LLC,FIRESTOP,PO for BACKER ROD 30MM,Various,Various,98.03,USD,2018,8,1192,RFPO-1192-V4280,Base PO
Fresh PO-235,14 Aug 2018,Addressable UL Listed Bosch Fire Alarm System Include PA System.,Barg Engineering Co.,Unknown,Addressable UL Listed Bosch Fire Alarm System Include PA System.,Various,Various,115800.0,USD,2018,8,235,Fresh PO-235,Base PO
RFPO-1192-V4396-1,13 Aug 2018,PO for Plan Swift 10.2 Take Off Software,Green Field Trading,FIRESTOP,PO for Plan Swift 10.2 Take Off Software,Various,Various,1592.92,USD,2018,8,1192,RFPO-1192-V4396,Base PO
PO-1005-S9043-4,12 Aug 2018,PO for Various Materials,Bright Way International W.L.L.,MVL SOLUTIONS,PO for Various Materials,Services,Services,2040.11,USD,2018,8,1005,PO-1005-S9043,Change Order
PO-1005-S9043-3,09 Aug 2018,Concrete Mixer,"WUYI JISHUN TOOLS CO.,LTD",MVL SOLUTIONS,Concrete Mixer,Services,Services,200.0,USD,2018,8,1005,PO-1005-S9043,Change Order
Fresh PO-233,09 Aug 2018,Addressable UL Listed Bosch Fire Alarm System Include PA System.,Barg Engineering Co.,Unknown,Addressable UL Listed Bosch Fire Alarm System Include PA System.,Various,Various,126646.95,USD,2018,8,233,Fresh PO-233,Base PO
PO-1005-S9043-1,08 Aug 2018,PO for MORTAR AND CONCRETE MIX,QATAR PLASTER FACTORY LLC,MVL SOLUTIONS,PO for MORTAR AND CONCRETE MIX,Services,Services,3168.96,USD,2018,8,1005,PO-1005-S9043,Base PO
PO-1005-S9043-2,08 Aug 2018,PO for Hollow Blocks,ALRAYYAN Ready Mix Concrete & Cement Products W.L.L.,MVL SOLUTIONS,PO for Hollow Blocks,Services,Services,3164.84,USD,2018,8,1005,PO-1005-S9043,Change Order
RFPO-1569-O7-1,07 Aug 2018,"PO for HP 280 MT G2  Intel Core i5-6600 3.3 GHz with Intel UHD Graphics 630, 8GB RAM, 1TB 7200 rpm SATA, Slim DVD-Writer, 2GB Graphic Card,HP USB Keyboard & Mouse, Win10Pro, 1 Year Warranty",TECHTRADE MIDDLE EAST,MACRO,"PO for HP 280 MT G2  Intel Core i5-6600 3.3 GHz with Intel UHD Graphics 630, 8GB RAM, 1TB 7200 rpm SATA, Slim DVD-Writer, 2GB Graphic Card,HP USB Keyboard & Mouse, Win10Pro, 1 Year Warranty",Office Assets,Office Assets,1078.28,USD,2018,8,1569,RFPO-1569-O7,Base PO
RFPO-1005-A5204-2,07 Aug 2018,PO for CONTROL KEY,Taylor Security & Lock Co. Inc.,MICRON,PO for CONTROL KEY,Architectural,Architectural,214.0,USD,2018,8,1005,RFPO-1005-A5204,Change Order
RFPO-1192-C6108-1,05 Aug 2018,PO for Elastospray 1611/17,BASF Kanoo Polyurethanes LLC,FIRESTOP,PO for Elastospray 1611/17,Chemicals,Chemicals,50423.42,USD,2018,8,1192,RFPO-1192-C6108,Base PO
RFPO-1192-V4279-1,30 Jul 2018,PO for SLAB WITHOUT FACING (SXXX),FUJAIRAH ROCKWOOL FACTORY,FIRESTOP,PO for SLAB WITHOUT FACING (SXXX),Various,Various,1120.29,USD,2018,7,1192,RFPO-1192-V4279,Base PO
RFPO-1192-O6-1,25 Jul 2018,"PO for HP ProDesk 400 G4 MT Intel Core i7-7700 with Intel HD Graphics 630 (3.6 GHz, 8 MB cache, 4 cores),16GB RAM / 1TB SATA / 9.5mm DVD-Writer / NVIDIA GT730 4GB Graphics Card / HP USB Keyboard and M",TECHTRADE MIDDLE EAST,FIRESTOP,"PO for HP ProDesk 400 G4 MT Intel Core i7-7700 with Intel HD Graphics 630 (3.6 GHz, 8 MB cache, 4 cores),16GB RAM / 1TB SATA / 9.5mm DVD-Writer / NVIDIA GT730 4GB Graphics Card / HP USB Keyboard and M",Office Assets,Office Assets,2063.99,USD,2018,7,1192,RFPO-1192-O6,Base PO
RFPO-1192-O5-1,24 Jul 2018,PO for F1H97A HP DeskJet Ink Advantage 4675 All in One Printer,TECHTRADE MIDDLE EAST,MACRO,PO for F1H97A HP DeskJet Ink Advantage 4675 All in One Printer,Office Assets,Office Assets,1089.18,USD,2018,7,1192,RFPO-1192-O5,Base PO
RFPO-2152-M4103-1,19 Jul 2018,"PO for Supply of MONOSPACE 500 (4 UNITS) MONOSPACE 700 (2 UNITS) KH007, KH008, KH011, KH012, KH017, KH019 for the Kabul National Military Hospital Project (W5J9JE-17-C-0007).",KHAN CONSTRUCTION CO. (KCC),MACRO,"PO for Supply of MONOSPACE 500 (4 UNITS) MONOSPACE 700 (2 UNITS) KH007, KH008, KH011, KH012, KH017, KH019 for the Kabul National Military Hospital Project (W5J9JE-17-C-0007).",Mechanical,Mechanical,232203.24,USD,2018,7,2152,RFPO-2152-M4103,Base PO
RFPO-1192-V4278-1,18 Jul 2018,PO for Gi Pipe Clamp 6 inch,Rubaiya Zueaid Bldg. Mat. Co. LLC,FIRESTOP,PO for Gi Pipe Clamp 6 inch,Various,Various,673.93,USD,2018,7,1192,RFPO-1192-V4278,Base PO
RFPO-1192-V4276-1,15 Jul 2018,PO for Custom Made - 120 x 60cm Rectangular desk with vi 18 aluminium frame legs in laminated finish,BLUE CROWN FURNITURE (LLC),MACRO,PO for Custom Made - 120 x 60cm Rectangular desk with vi 18 aluminium frame legs in laminated finish,Various,Various,2450.65,USD,2018,7,1192,RFPO-1192-V4276,Base PO
PO-1005-A5203-1,10 Jul 2018,PO for Roof Access Panel - 900mm x 900mm,SAWCO CONSTRUCTION LLC,MACRO,PO for Roof Access Panel - 900mm x 900mm,Architectural,Architectural,3800.0,USD,2018,7,1005,PO-1005-A5203,Base PO
RFPO-2152-S9076-1,10 Jul 2018,PO for Supply of 2 nos of elevators (KH005 and KH006) for the Kabul National Military Hospital Project (W5J9JE-17-C-0007).,KHAN CONSTRUCTION CO. (KCC),FIRESTOP,PO for Supply of 2 nos of elevators (KH005 and KH006) for the Kabul National Military Hospital Project (W5J9JE-17-C-0007).,Services,Services,109371.6,USD,2018,7,2152,RFPO-2152-S9076,Base PO
RFPO-2555-M4102-1,08 Jul 2018,PO for Circulation Pump and Expansion Tanks,Gazzaoui & Partners - Qatar W.L.L.,MACRO,PO for Circulation Pump and Expansion Tanks,Mechanical,Mechanical,11758.24,USD,2018,7,2555,RFPO-2555-M4102,Base PO
RFPO-1569-V4373-1,02 Jul 2018,PO for DOOR SIGNAGE 21.5 INCH X 8 INCH X 5 MM THICKNESS,AL-HAFIZ CO.,FIRESTOP,PO for DOOR SIGNAGE 21.5 INCH X 8 INCH X 5 MM THICKNESS,Various,Various,81.25,USD,2018,7,1569,RFPO-1569-V4373,Base PO
RFPO-2555-M4101-1,01 Jul 2018,ACC40R CHILLER,Sahar Technical Co. L.L.C,MACRO,ACC40R CHILLER,Mechanical,Mechanical,158400.0,USD,2018,7,2555,RFPO-2555-M4101,Base PO
RFPO-1192-V4395-1,27 Jun 2018,PO for Mr. Waleed Cards,ALAM ALIBDAA,FIRESTOP,PO for Mr. Waleed Cards,Various,Various,54.46,USD,2018,6,1192,RFPO-1192-V4395,Base PO
RFPO-2394-T1000-2,25 Jun 2018,PO for ALTAIR 4X MULTIGAS DETECTOR O2/CO/H2S/LEL WITH GLOBAL POWER SUPPLY CHARCOAL CASE PART NUMBER 10115521,GASOS,MVL TRADING,PO for ALTAIR 4X MULTIGAS DETECTOR O2/CO/H2S/LEL WITH GLOBAL POWER SUPPLY CHARCOAL CASE PART NUMBER 10115521,Tools,Tools,571.82,USD,2018,6,2394,RFPO-2394-T1000,Change Order
RFPO-2394-T1000-3,25 Jun 2018,PO for ALTAIR 4X MULTIGAS DETECTOR O2/CO/H2S/LEL WITH GLOBAL POWER SUPPLY CHARCOAL CASE PART NUMBER 10115521,GASOS,MVL TRADING,PO for ALTAIR 4X MULTIGAS DETECTOR O2/CO/H2S/LEL WITH GLOBAL POWER SUPPLY CHARCOAL CASE PART NUMBER 10115521,Tools,Tools,571.82,USD,2018,6,2394,RFPO-2394-T1000,Change Order
RFPO-1192-O4-1,21 Jun 2018,PO for LI 4278 Wireless Barcode Scanner (Motorola),LineTech Trading LLC,MACRO,PO for LI 4278 Wireless Barcode Scanner (Motorola),Office Assets,Office Assets,596.32,USD,2018,6,1192,RFPO-1192-O4,Base PO
RFPO-982-A5201-2,21 Jun 2018,PO for Supply of Steel Doors,Vulcan Industries LLC,MACRO,PO for Supply of Steel Doors,Architectural,Architectural,93165.42,USD,2018,6,982,RFPO-982-A5201,Change Order
PO-315-1546-1,21 Jun 2018,PO for Supply of Steel Doors,Vulcan Industries LLC,Unknown,PO for Supply of Steel Doors,Various,Various,46889.04,USD,2018,6,315,PO-315-1546,Base PO
RFPO-1192-V4389-1,20 Jun 2018,FMIS,Financial and Management Information Systems Ltd.,FIRESTOP,FMIS,Various,Various,33163.29,USD,2018,6,1192,RFPO-1192-V4389,Base PO
RFPO-2394-T1000-1,20 Jun 2018,PO for SERVICE AND CALIBRATION  ONLY OF ALTAIR 4X,GASOS,MVL TRADING,PO for SERVICE AND CALIBRATION  ONLY OF ALTAIR 4X,Tools,Tools,129.34,USD,2018,6,2394,RFPO-2394-T1000,Base PO
RFPO-1192-V4393-1,13 Jun 2018,PO for CATALOGS,King Printers Co. Ltd. Dubai Branch,FIRESTOP,PO for CATALOGS,Various,Various,1906.06,USD,2018,6,1192,RFPO-1192-V4393,Base PO
PO-1005-M7009-1,11 Jun 2018,PO for EF-03 & EF-04--Greenheck Exhaust Fans,Khan Brothers,MACRO,PO for EF-03 & EF-04--Greenheck Exhaust Fans,Mechanical,Mechanical,6231.06,USD,2018,6,1005,PO-1005-M7009,Base PO
RFPO-1192-V4392-1,07 Jun 2018,PO for DRIED POLO SHIRTS BLACK SMALL,Al Diyafa Tailoring Co. LLC,FIRESTOP,PO for DRIED POLO SHIRTS BLACK SMALL,Various,Various,1177.94,USD,2018,6,1192,RFPO-1192-V4392,Base PO
PO-1192-F8620-1,07 Jun 2018,Supply of POLYOL (220 KGS) BAYMER SHPU-40FS141-32B,Bayer Pearl LLC,MVL FACILITIES,Supply of POLYOL (220 KGS) BAYMER SHPU-40FS141-32B,Fire,Fire,883.59,USD,2018,6,1192,PO-1192-F8620,Base PO
RFPO-1569-O5-1,05 Jun 2018,PO for Sophos license renewal -SG 230 Fullguard bundle renewal  1Y,NEPTUNE COMPUTERS,MACRO,PO for Sophos license renewal -SG 230 Fullguard bundle renewal  1Y,Office Assets,Office Assets,2137.51,USD,2018,6,1569,RFPO-1569-O5,Base PO
RFPO-1192-V4390-1,05 Jun 2018,PO for NIssan Sunny or Similar Ms. Rain Rental Vehicle 6 Months,National Rent-- Car (LLC),FIRESTOP,PO for NIssan Sunny or Similar Ms. Rain Rental Vehicle 6 Months,Various,Various,381.21,USD,2018,6,1192,RFPO-1192-V4390,Base PO
RFPO-1569-V4372-1,04 Jun 2018,PO for HP TRANSFER KIT CE 979A  (700 MFP 775),Gateway Computers LLC,FIRESTOP,PO for HP TRANSFER KIT CE 979A  (700 MFP 775),Various,Various,528.25,USD,2018,6,1569,RFPO-1569-V4372,Base PO
RFPO-2532-E6800-1,30 May 2018,PO for Automatic Transfer Switch 200A 3 Pole 415V 3 Phase 50Hz,Al Farraj Trading & Manufacturing,MACRO,PO for Automatic Transfer Switch 200A 3 Pole 415V 3 Phase 50Hz,Electrical,Electrical,1706.87,USD,2018,5,2532,RFPO-2532-E6800,Base PO
RFPO-1192-T1000-1,24 May 2018,PO for ITI HAND PALLET TRUCK 2.5 TON (685X1150) WIDE,GOLDEN TOOLS TRADING LLC.,MVL TRADING,PO for ITI HAND PALLET TRUCK 2.5 TON (685X1150) WIDE,Tools,Tools,231.45,USD,2018,5,1192,RFPO-1192-T1000,Base PO
RFPO-1005-A5204-1,24 May 2018,PO for Double Steel VP Door,Vulcan Industries LLC,MICRON,PO for Double Steel VP Door,Architectural,Architectural,129926.39,USD,2018,5,1005,RFPO-1005-A5204,Base PO
RFPO-2152-M4102-1,21 May 2018,PO for Supply of KONE Elevators,KHAN CONSTRUCTION CO. (KCC),MACRO,PO for Supply of KONE Elevators,Mechanical,Mechanical,236345.8,USD,2018,5,2152,RFPO-2152-M4102,Base PO
PO-1005-M7008-1,16 May 2018,PO for Replacement of leaked control valve.,Metron Construction & Trading W.L.L.,MACRO,PO for Replacement of leaked control valve.,Mechanical,Mechanical,494.51,USD,2018,5,1005,PO-1005-M7008,Base PO
RFPO-1593-M4105-1,16 May 2018,"PO for Excealair Aluminum Washable Filter. 9 ply double layer, frame: GI",Aerodyne Cooling Systems W.L.L.,MACRO,"PO for Excealair Aluminum Washable Filter. 9 ply double layer, frame: GI",Mechanical,Mechanical,4322.8,USD,2018,5,1593,RFPO-1593-M4105,Base PO
RFPO-2152-V4353-1,16 May 2018,"PO for Asbestos Gasket Removal Training. Safe System of Work. Airborne Fibre Monitoring Training, Equipment and Analysis",Anthesis Middle East,MACRO,"PO for Asbestos Gasket Removal Training. Safe System of Work. Airborne Fibre Monitoring Training, Equipment and Analysis",Various,Various,2742.76,USD,2018,5,2152,RFPO-2152-V4353,Base PO
RFPO-1592-V4253A-1,14 May 2018,PO for Kaba locks,Taylor Security & Lock Co. Inc.,MACRO,PO for Kaba locks,Various,Various,43407.0,USD,2018,5,1592,RFPO-1592-V4253A,Base PO
RFPO-2532-M4102-1,09 May 2018,PO for Supply of Generator Set (2 Nos),Power Energy Machinery Trd,MACRO,PO for Supply of Generator Set (2 Nos),Mechanical,Mechanical,42307.69,USD,2018,5,2532,RFPO-2532-M4102,Base PO
RFPO-1192-V4274-1,08 May 2018,PO for BACKER ROD 20MM X 200MTR ROLL,Al Sughra Building Materials Trading LLC,MACRO,PO for BACKER ROD 20MM X 200MTR ROLL,Various,Various,408.44,USD,2018,5,1192,RFPO-1192-V4274,Base PO
RFPO-1192-V4388-1,30 Apr 2018,PO for Business Card and Lapolla Label,ALAM ALIBDAA,FIRESTOP,PO for Business Card and Lapolla Label,Various,Various,142.95,USD,2018,4,1192,RFPO-1192-V4388,Base PO
Fresh PO-226,22 Apr 2018,Rental of Nissan Sunny 1.5L (1 no.),AUTORENT CAR RENTAL LLC,Unknown,Rental of Nissan Sunny 1.5L (1 no.),Various,Various,389.38,USD,2018,4,226,Fresh PO-226,Base PO
PO-1005-V6987-1,19 Apr 2018,PO for Rectification and Commissioning of SKM PACU5033Y,Metron Construction & Trading W.L.L.,MVL VENTURES,PO for Rectification and Commissioning of SKM PACU5033Y,Various,Various,11000.0,USD,2018,4,1005,PO-1005-V6987,Base PO
RFPO-1569-V4371-1,16 Apr 2018,PO for MVL COMPANY PROFILE,ALAM ALIBDAA,FIRESTOP,PO for MVL COMPANY PROFILE,Various,Various,435.67,USD,2018,4,1569,RFPO-1569-V4371,Base PO
RFPO-1192-V4273-1,03 Apr 2018,PO for BACKER ROD 30MM*100M ROLL,Al Sughra Building Materials Trading LLC,MACRO,PO for BACKER ROD 30MM*100M ROLL,Various,Various,490.13,USD,2018,4,1192,RFPO-1192-V4273,Base PO
RFPO-982-A5201-1,02 Apr 2018,PO for Supply of Steel Doors,Vulcan Industries LLC,MACRO,PO for Supply of Steel Doors,Architectural,Architectural,46276.38,USD,2018,4,982,RFPO-982-A5201,Base PO
PO-1005-M7007-1,29 Mar 2018,PO for Annual Maintenance Contract,Metron Construction & Trading W.L.L.,MACRO,PO for Annual Maintenance Contract,Mechanical,Mechanical,7692.31,USD,2018,3,1005,PO-1005-M7007,Base PO
RFPO-1569-V4370-1,27 Mar 2018,PO for Mr. Jailani Cards,ALAM ALIBDAA,FIRESTOP,PO for Mr. Jailani Cards,Various,Various,163.38,USD,2018,3,1569,RFPO-1569-V4370,Base PO
RFPO-1192-V4387-1,27 Mar 2018,PO for Mr. Sami Cards,ALAM ALIBDAA,FIRESTOP,PO for Mr. Sami Cards,Various,Various,54.46,USD,2018,3,1192,RFPO-1192-V4387,Base PO
RFPO-1192-V4386-1,22 Mar 2018,PO for 6 Banners on panel 2.40 X 0.97,ALAM ALIBDAA,FIRESTOP,PO for 6 Banners on panel 2.40 X 0.97,Various,Various,373.45,USD,2018,3,1192,RFPO-1192-V4386,Base PO
RFPO-1613-M4105-1,21 Mar 2018,PO for TLI 15-11 T,Comefri Fan Sistemleri San. ve Tic. LTD. STI.,MACRO,PO for TLI 15-11 T,Mechanical,Mechanical,3645.65,USD,2018,3,1613,RFPO-1613-M4105,Base PO
RFPO-1613-M4104-1,20 Mar 2018,"PO for MDS-415-3-70 Herrtronic Steam Generator, 415/3/50 70 lbs./hr. capacity, modulating control",Morex Inc.,MACRO,"PO for MDS-415-3-70 Herrtronic Steam Generator, 415/3/50 70 lbs./hr. capacity, modulating control",Mechanical,Mechanical,25022.0,USD,2018,3,1613,RFPO-1613-M4104,Base PO
RFPO-1192-L4000-1,15 Mar 2018,PO for Advance GPS Vehicle Tracking System,Synosys Technologies LLC,MW-OCS,PO for Advance GPS Vehicle Tracking System,Logistics,Logistics,1208.99,USD,2018,3,1192,RFPO-1192-L4000,Base PO
RFPO-1192-V4385-1,14 Mar 2018,PO for Mugs White Sublimation printing As sample you send Normal Printing,ALAM ALIBDAA,FIRESTOP,PO for Mugs White Sublimation printing As sample you send Normal Printing,Various,Various,596.32,USD,2018,3,1192,RFPO-1192-V4385,Base PO
Fresh PO-225,08 Mar 2018,One Unit of 40 Ft Sea Worthy Container,Transworld Logistics FZE,Unknown,One Unit of 40 Ft Sea Worthy Container,Various,Various,1027.03,USD,2018,3,225,Fresh PO-225,Base PO
RFPO-1613-M4102-1,06 Mar 2018,PO for FAN THLZ355 T FF CODE: 23504FOO,Comefri Fan Sistemleri San. ve Tic. LTD. STI.,MACRO,PO for FAN THLZ355 T FF CODE: 23504FOO,Mechanical,Mechanical,4252.17,USD,2018,3,1613,RFPO-1613-M4102,Base PO
RFPO-1613-M4103-1,06 Mar 2018,"PO for UNIVERSAL INPUT, 2 PROP AND 2 SPDT  OUTPUTS","Kele, Inc",MACRO,"PO for UNIVERSAL INPUT, 2 PROP AND 2 SPDT  OUTPUTS",Mechanical,Mechanical,3788.2,USD,2018,3,1613,RFPO-1613-M4103,Base PO
RFPO-2152-V4351-1,28 Feb 2018,"PO for Asbestos Surveys, Asbestos Sampling, Asbestos Testing and Analysis - Afghanistan",Anthesis Middle East,MACRO,"PO for Asbestos Surveys, Asbestos Sampling, Asbestos Testing and Analysis - Afghanistan",Various,Various,5513.96,USD,2018,2,2152,RFPO-2152-V4351,Base PO
Fresh PO-224,28 Feb 2018,Supply of PTACs,C&M PTY (LTD),Unknown,Supply of PTACs,Various,Various,105204.41,USD,2018,2,224,Fresh PO-224,Base PO
RFPO-1569-O4-1,22 Feb 2018,PO for ESET Advance Endpoint Protection (42 units) one year warranty,NEPTUNE COMPUTERS,MACRO,PO for ESET Advance Endpoint Protection (42 units) one year warranty,Office Assets,Office Assets,1177.94,USD,2018,2,1569,RFPO-1569-O4,Base PO
Fresh PO-223,21 Feb 2018,Supply of PTAC,Chigo Air-Conditioning CC,Unknown,Supply of PTAC,Various,Various,108965.76,USD,2018,2,223,Fresh PO-223,Base PO
RFPO-1192-V4272-1,21 Feb 2018,PO for BACKER ROD 30MM*100M ROLL 60 ROLLS,Al Sughra Building Materials Trading LLC,MACRO,PO for BACKER ROD 30MM*100M ROLL 60 ROLLS,Various,Various,980.26,USD,2018,2,1192,RFPO-1192-V4272,Base PO
PO-1005-E6995-2,18 Feb 2018,PO for G Type Lighting Fixture,Sun Light Electricity Services,MVL ENERGY,PO for G Type Lighting Fixture,Electrical,Electrical,1150.4,USD,2018,2,1005,PO-1005-E6995,Change Order
RFPO-1569-V4256-1,18 Feb 2018,PO for Metal Full Height Cabinet (color: gray) w92xd46xh180 cm 4 shelves,BLUE CROWN FURNITURE (LLC),MACRO,PO for Metal Full Height Cabinet (color: gray) w92xd46xh180 cm 4 shelves,Various,Various,264.13,USD,2018,2,1569,RFPO-1569-V4256,Base PO
RFPO-1569-V4369-1,13 Feb 2018,PO for Mr. Tamraz Business Card,ALAM ALIBDAA,FIRESTOP,PO for Mr. Tamraz Business Card,Various,Various,54.46,USD,2018,2,1569,RFPO-1569-V4369,Base PO
PO-1005-E6991-2,31 Jan 2018,PO for Electric Water Heater-56 Liter 15 gallon – 1.5 KW,RAFCO Trading Co. W.L.L,MVL ENERGY,PO for Electric Water Heater-56 Liter 15 gallon – 1.5 KW,Electrical,Electrical,385.98,USD,2018,1,1005,PO-1005-E6991,Change Order
RFPO-1569-V4368-1,31 Jan 2018,"PO for Security Service for 7 days in Al Jadaf, Dubai",Modest Security Services L.L.C.,FIRESTOP,"PO for Security Service for 7 days in Al Jadaf, Dubai",Various,Various,1440.98,USD,2018,1,1569,RFPO-1569-V4368,Base PO
Fresh PO-219,29 Jan 2018,1005-E6991 Supply of 450 ltr Water Heater,"Guangzhou Hotsong Industry & Trade Co., LTD",Unknown,1005-E6991 Supply of 450 ltr Water Heater,Various,Various,4221.0,USD,2018,1,219,Fresh PO-219,Base PO
PO-1005-E6991-1,29 Jan 2018,1005-E6991 - Supply of 450 ltr Water Heater,"Guangzhou Hotsong Industry & Trade Co., LTD",MVL ENERGY,1005-E6991 - Supply of 450 ltr Water Heater,Electrical,Electrical,4717.0,USD,2018,1,1005,PO-1005-E6991,Base PO
PO-1005-E6995-1,28 Jan 2018,G TYPE LIGHTING FIXTURES,"ZhongShan Halcon Lighting & Electrical Co., Ltd",MVL ENERGY,G TYPE LIGHTING FIXTURES,Electrical,Electrical,32283.7,USD,2018,1,1005,PO-1005-E6995,Base PO
RFPO-1192-V4271-1,23 Jan 2018,PO for BACKER ROD,Al Sughra Building Materials Trading LLC,FIRESTOP,PO for BACKER ROD,Various,Various,490.13,USD,2018,1,1192,RFPO-1192-V4271,Base PO
PO-1094-S9089-4,22 Jan 2018,PO for Commissioning and Testing Of SKM New Unit,Metron International,MVL SOLUTIONS,PO for Commissioning and Testing Of SKM New Unit,Services,Services,824.18,USD,2018,1,1094,PO-1094-S9089,Change Order
RFPO-1192-V4383-1,16 Jan 2018,PO for MVL Firestop Roll Up Banner 2.0x.8m,King Printers Co. Ltd. Dubai Branch,FIRESTOP,PO for MVL Firestop Roll Up Banner 2.0x.8m,Various,Various,81.69,USD,2018,1,1192,RFPO-1192-V4383,Base PO
RFPO-1192-V4384-1,16 Jan 2018,PO for SUPPLY RECEIPT BOOK VOUCHER,ALAM ALIBDAA,FIRESTOP,PO for SUPPLY RECEIPT BOOK VOUCHER,Various,Various,163.38,USD,2018,1,1192,RFPO-1192-V4384,Base PO
RFPO-1569-V4367-1,16 Jan 2018,PO for Macro Vantage Levant DMCC,ALAM ALIBDAA,FIRESTOP,PO for Macro Vantage Levant DMCC,Various,Various,47.65,USD,2018,1,1569,RFPO-1569-V4367,Base PO
RFPO-1192-V4382-1,15 Jan 2018,PO for Stickers - LAPOLLA 2500/3,ALAM ALIBDAA,FIRESTOP,PO for Stickers - LAPOLLA 2500/3,Various,Various,61.27,USD,2018,1,1192,RFPO-1192-V4382,Base PO
RFPO-1192-C6101-1,09 Jan 2018,PO for Supply of Elastospray 1611/16: 80 Sets (80 Drums-MDI 92140 250kg/drum and 80 Drums-Polyol Elastospray 1611-16-220kg/Drum),BASF Kanoo Polyurethanes LLC,FIRESTOP,PO for Supply of Elastospray 1611/16: 80 Sets (80 Drums-MDI 92140 250kg/drum and 80 Drums-Polyol Elastospray 1611-16-220kg/Drum),Chemicals,Chemicals,118251.87,USD,2018,1,1192,RFPO-1192-C6101,Base PO
Fresh PO-215,04 Jan 2018,PO for ssdasdas,A F Husain L.L.C,Unknown,PO for ssdasdas,Various,Various,0,USD,2018,1,215,Fresh PO-215,Base PO
RFPO-1428-L4000-1,03 Jan 2018,"PO for FUEL TANKS DELIVERY FROM NEWBERRY (WEST MEMPHIS, TENNESSEE, USA TO PORT HAMAD, QATAR)",Transworld Logistics FZE,MW-OCS,"PO for FUEL TANKS DELIVERY FROM NEWBERRY (WEST MEMPHIS, TENNESSEE, USA TO PORT HAMAD, QATAR)",Logistics,Logistics,41000.0,USD,2018,1,1428,RFPO-1428-L4000,Base PO
PO-1005-E6996-1,21 Dec 2017,PO for Hisar Kablo Wires and Cables,afi ELEKTROMEKANIK,MVL ENERGY,PO for Hisar Kablo Wires and Cables,Electrical,Electrical,54987.106,USD,2017,12,1005,PO-1005-E6996,Base PO
PO-1005-E6993-1,18 Dec 2017,"PO for Electric Heater, Wall Hung, Convection Type",GLEN DIMPLEX IRELAND,MVL ENERGY,"PO for Electric Heater, Wall Hung, Convection Type",Electrical,Electrical,1498.56,USD,2017,12,1005,PO-1005-E6993,Base PO
RFPO-1192-V4381-1,23 Nov 2017,PO for MVL Firestop Uniforms - Longsleeve and Polo Shirts (Dri-Fit) With Embrodery,ALAM ALIBDAA,FIRESTOP,PO for MVL Firestop Uniforms - Longsleeve and Polo Shirts (Dri-Fit) With Embrodery,Various,Various,435.67,USD,2017,11,1192,RFPO-1192-V4381,Base PO
RFPO-1581-M4103-1,23 Nov 2017,PO for OPW 444 TA OVERFILL ALARM,OPKONS YAPI VE PETROL EKIPMANLARI DIS TIC. LTD. STI.,MACRO,PO for OPW 444 TA OVERFILL ALARM,Mechanical,Mechanical,1970.0,USD,2017,11,1581,RFPO-1581-M4103,Base PO
RFPO-1581-M4101-2,21 Nov 2017,Convert built Fireguard to a Flameshield,"Newberry Tanks & Equipment, LLC",MACRO,Convert built Fireguard to a Flameshield,Mechanical,Mechanical,750.0,USD,2017,11,1581,RFPO-1581-M4101,Change Order
RFPO-1192-V4380-1,20 Nov 2017,PO for Company Catalogue (All product without DC Products) OUTER COVER,ALAM ALIBDAA,FIRESTOP,PO for Company Catalogue (All product without DC Products) OUTER COVER,Various,Various,871.34,USD,2017,11,1192,RFPO-1192-V4380,Base PO
RFPO-1192-V4379-1,19 Nov 2017,PO for MVL Firestop Catalogue,King Printers Co. Ltd. Dubai Branch,FIRESTOP,PO for MVL Firestop Catalogue,Various,Various,1579.31,USD,2017,11,1192,RFPO-1192-V4379,Base PO
RFPO-1581-V4351-1,15 Nov 2017,PO for Inspection of Three (3) Fuel Tanks in West Memphis AR,"BIVAC North America, Inc.(A Bureau Veritas Group)",MACRO,PO for Inspection of Three (3) Fuel Tanks in West Memphis AR,Various,Various,3985.0,USD,2017,11,1581,RFPO-1581-V4351,Base PO
RFPO-1192-V4270-1,15 Nov 2017,PO for ROCKWOOL SLAB UNFACED SIZE : 1.2 x 0.6 m,FUJAIRAH ROCKWOOL FACTORY,MACRO,PO for ROCKWOOL SLAB UNFACED SIZE : 1.2 x 0.6 m,Various,Various,17879.44,USD,2017,11,1192,RFPO-1192-V4270,Base PO
RFPO-1192-V4269-1,14 Nov 2017,PO for FIRESTOP SAMPLE BOARD 40cmx60cmx6mm,AL MUNSHAR AL DHAHABI CARPENTRY AND DEC,MACRO,PO for FIRESTOP SAMPLE BOARD 40cmx60cmx6mm,Various,Various,272.29,USD,2017,11,1192,RFPO-1192-V4269,Base PO
RFPO-1569-V4366-1,13 Nov 2017,PO for Fellowes Powershred H-8Cd Cross-Cut Shredder 9135,Office One LLC,FIRESTOP,PO for Fellowes Powershred H-8Cd Cross-Cut Shredder 9135,Various,Various,131.79,USD,2017,11,1569,RFPO-1569-V4366,Base PO
RFPO-1581-V4253-1,12 Nov 2017,PO for Supply of Fuel Tanks Accessories for CAS 5002 South,Nariman Trading Company LLC,MACRO,PO for Supply of Fuel Tanks Accessories for CAS 5002 South,Various,Various,9118.97,USD,2017,11,1581,RFPO-1581-V4253,Base PO
RFPO-1569-O3-1,05 Nov 2017,PO for 4 TB WD Red category HDD,NEPTUNE COMPUTERS,MACRO,PO for 4 TB WD Red category HDD,Office Assets,Office Assets,326.75,USD,2017,11,1569,RFPO-1569-O3,Base PO
RFPO-1428-V4352-1,02 Nov 2017,PO for - 350 GSM - Matt Lamination  - 2 Side Printing - CMYK Printing,ALAM ALIBDAA,MACRO,PO for - 350 GSM - Matt Lamination  - 2 Side Printing - CMYK Printing,Various,Various,108.92,USD,2017,11,1428,RFPO-1428-V4352,Base PO
RFPO-1569-V4364-1,01 Nov 2017,PO for SIGN BOARD AS PER APPROVED LAYOUT.,SIGN BOARD LLC,FIRESTOP,PO for SIGN BOARD AS PER APPROVED LAYOUT.,Various,Various,40.84,USD,2017,11,1569,RFPO-1569-V4364,Base PO
RFPO-1192-V4268-1,31 Oct 2017,"PO for Rockwool Thickness 50mm density 120kg/m3, size 1.2mtr x 0.6mtr",FUJAIRAH ROCKWOOL FACTORY,MVL VENTURES,"PO for Rockwool Thickness 50mm density 120kg/m3, size 1.2mtr x 0.6mtr",Various,Various,947.94,USD,2017,10,1192,RFPO-1192-V4268,Base PO
RFPO-1192-V4378-1,31 Oct 2017,PO for RENTAL OF NISSAN SUNNY 1.5 L (4 UNITS),AUTORENT CAR RENTAL LLC,FIRESTOP,PO for RENTAL OF NISSAN SUNNY 1.5 L (4 UNITS),Various,Various,1557.52,USD,2017,10,1192,RFPO-1192-V4378,Base PO
PO-1094-S9089-3,23 Oct 2017,PO for Supply of Manpower (Mason and Helper),Expedition Trading & Services Co. W.L.L.,MVL SOLUTIONS,PO for Supply of Manpower (Mason and Helper),Services,Services,109.89,USD,2017,10,1094,PO-1094-S9089,Change Order
RFPO-1192-V4377-1,19 Oct 2017,PO for SUPPLY OF FIRESTOP LONG SLEEVE UNIFORM AS PER ATTACHED DESIGN,ALAM ALIBDAA,FIRESTOP,PO for SUPPLY OF FIRESTOP LONG SLEEVE UNIFORM AS PER ATTACHED DESIGN,Various,Various,147.04,USD,2017,10,1192,RFPO-1192-V4377,Base PO
RFPO-1192-V4376-1,17 Oct 2017,PO for Black Polo T-Shirt,ALAM ALIBDAA,FIRESTOP,PO for Black Polo T-Shirt,Various,Various,190.61,USD,2017,10,1192,RFPO-1192-V4376,Base PO
RFPO-1581-V4252-1,15 Oct 2017,PO for SUPPLY OF READY-MIX CONCRETE 35 N OPC,AL ANDALUS FACTORY FOR CEMENT PRODUCTS,MACRO,PO for SUPPLY OF READY-MIX CONCRETE 35 N OPC,Various,Various,21500.0,USD,2017,10,1581,RFPO-1581-V4252,Base PO
RFPO-982-S9091-2,10 Oct 2017,PO for MFNDU Completion Works for Scaffolding as per Fox Original Subcontract,Expedition Trading & Services Co. W.L.L.,MVL SOLUTIONS,PO for MFNDU Completion Works for Scaffolding as per Fox Original Subcontract,Services,Services,219.78,USD,2017,10,982,RFPO-982-S9091,Change Order
PO-1094-S9091-2,10 Oct 2017,Manpower Supply  for Vinyl Installer and Semi-skilled worker,Expedition Trading & Services Co. W.L.L.,MVL SOLUTIONS,Manpower Supply  for Vinyl Installer and Semi-skilled worker,Services,Services,137.36,USD,2017,10,1094,PO-1094-S9091,Change Order
RFPO-982-S9091-1,04 Oct 2017,labour Cost for Painting & Cleaning Works at CAS Building #216,Metron Construction & Trading W.L.L.,MVL SOLUTIONS,labour Cost for Painting & Cleaning Works at CAS Building #216,Services,Services,670.33,USD,2017,10,982,RFPO-982-S9091,Base PO
PO-1094-S9090-4,04 Oct 2017,PO for labour Cost for Painting & Cleaning Works at CAS Building #216,Metron Construction & Trading W.L.L.,MVL SOLUTIONS,PO for labour Cost for Painting & Cleaning Works at CAS Building #216,Services,Services,670.33,USD,2017,10,1094,PO-1094-S9090,Change Order
RFPO-1569-V4363-1,04 Oct 2017,PO for Supply and Installation of External Signage as per client design,WORK ART,FIRESTOP,PO for Supply and Installation of External Signage as per client design,Various,Various,646.7,USD,2017,10,1569,RFPO-1569-V4363,Base PO
RFPO-1569-V4362-1,01 Oct 2017,PO for Banner on panel 2.40 X 0.97,ALAM ALIBDAA,MACRO,PO for Banner on panel 2.40 X 0.97,Various,Various,294.08,USD,2017,10,1569,RFPO-1569-V4362,Base PO
RFPO-1569-V4360-1,26 Sep 2017,PO for SUPPLY AND FIXING OF SOUND LINER,DREAM COOL AIR CONDITION SYSTEMS LLC,FIRESTOP,PO for SUPPLY AND FIXING OF SOUND LINER,Various,Various,599.05,USD,2017,9,1569,RFPO-1569-V4360,Base PO
RFPO-1569-V4361-1,26 Sep 2017,PO for BUSINESS CARDS,ALAM ALIBDAA,MACRO,PO for BUSINESS CARDS,Various,Various,326.75,USD,2017,9,1569,RFPO-1569-V4361,Base PO
PO-1005-M4021-1,24 Sep 2017,Dolphin Cleaner ProX2 - 500926 - as per attached data sheet,Mak Pools,MVL USA JV LLC,Dolphin Cleaner ProX2 - 500926 - as per attached data sheet,Mechanical,Mechanical,2859.09,USD,2017,9,1005,PO-1005-M4021,Base PO
RFPO-1569-O2-1,13 Sep 2017,PO for SERVICE CONTRACT,NEPTUNE COMPUTERS,MACRO,PO for SERVICE CONTRACT,Office Assets,Office Assets,14377.13,USD,2017,9,1569,RFPO-1569-O2,Base PO
Fresh PO-206,13 Sep 2017,Business Card - Hani (COO),ALAM ALIBDAA,Unknown,Business Card - Hani (COO),Various,Various,54.46,USD,2017,9,206,Fresh PO-206,Base PO
PO-1094-S9089-2,12 Sep 2017,Supply of Package Unit PACL-52420GY-R22,Mannai Trading Co. WLL,MVL SOLUTIONS,Supply of Package Unit PACL-52420GY-R22,Services,Services,68.68,USD,2017,9,1094,PO-1094-S9089,Change Order
RFPO-1192-V4375-1,12 Sep 2017,PO for Delivery Note QTN - Delivery Note A4 Size 1+3copy 50 set in book CMYK color,ALAM ALIBDAA,FIRESTOP,PO for Delivery Note QTN - Delivery Note A4 Size 1+3copy 50 set in book CMYK color,Various,Various,163.38,USD,2017,9,1192,RFPO-1192-V4375,Base PO
PO-1005-M7002-1,07 Sep 2017,PO for LON THERMOSTAT W7763C1024 HONEYWELL,afi ELEKTROMEKANIK,MACRO,PO for LON THERMOSTAT W7763C1024 HONEYWELL,Mechanical,Mechanical,7721.47,USD,2017,9,1005,PO-1005-M7002,Base PO
RFPO-1581-M4102-1,05 Sep 2017,PO for TS-5000 EVO Fuel Management Systems,DELMA INDUSTRIAL SUPPLY LLC,MACRO,PO for TS-5000 EVO Fuel Management Systems,Mechanical,Mechanical,3948.26,USD,2017,9,1581,RFPO-1581-M4102,Base PO
PO-1094-S9091-1,05 Sep 2017,PO for Vinyl Flooring - ALTRO WSMA37102,ALTRO,MVL SOLUTIONS,PO for Vinyl Flooring - ALTRO WSMA37102,Services,Services,4831.23,USD,2017,9,1094,PO-1094-S9091,Base PO
PO-1005-M7001-1,29 Aug 2017,"PO for Brandname or equal to Genie # RL4 ( 18F652 ) - Light Tower w/ Portable Generator Product Description: Item: Light Tower Trailer with Portable Generator, Rated Watts: 6000, Surge Watts: 6000, Vo",Jubaili Bros,MACRO,"PO for Brandname or equal to Genie # RL4 ( 18F652 ) - Light Tower w/ Portable Generator Product Description: Item: Light Tower Trailer with Portable Generator, Rated Watts: 6000, Surge Watts: 6000, Vo",Mechanical,Mechanical,17000.0,USD,2017,8,1005,PO-1005-M7001,Base PO
RFPO-1569-V4358-1,24 Aug 2017,PO for Maintenance and Repairing of AC (1801-1802),DREAM COOL AIR CONDITION SYSTEMS LLC,MACRO,PO for Maintenance and Repairing of AC (1801-1802),Various,Various,1443.16,USD,2017,8,1569,RFPO-1569-V4358,Base PO
PO-1094-S9090-3,21 Aug 2017,PO for Painting of Walls with National Emulsion Paint CONSUMABLES,AL-JAMAL TRADING CO.,MVL SOLUTIONS,PO for Painting of Walls with National Emulsion Paint CONSUMABLES,Services,Services,36.26,USD,2017,8,1094,PO-1094-S9090,Change Order
RFPO-1581-M4101-1,21 Aug 2017,PO for NEWBERRY TANKS,"Newberry Tanks & Equipment, LLC",MACRO,PO for NEWBERRY TANKS,Mechanical,Mechanical,99624.44,USD,2017,8,1581,RFPO-1581-M4101,Base PO
PO-1094-S9090-2,20 Aug 2017,PO for Paints for Walls with National Emulsion Paint,JNP TRADING W.L.L.,MVL SOLUTIONS,PO for Paints for Walls with National Emulsion Paint,Services,Services,780.22,USD,2017,8,1094,PO-1094-S9090,Change Order
PO-1094-S9090-1,17 Aug 2017,Service PO for Supply of Manpower,Expedition Trading & Services Co. W.L.L.,MVL SOLUTIONS,Service PO for Supply of Manpower,Services,Services,153.85,USD,2017,8,1094,PO-1094-S9090,Base PO
Fresh PO-195,17 Aug 2017,Supply of National Paints - Off white 801,JNP TRADING W.L.L.,Unknown,Supply of National Paints - Off white 801,Various,Various,274.73,USD,2017,8,195,Fresh PO-195,Base PO
RFPO-1192-O1-1,03 Aug 2017,"PO for HP 280 G2 MT, Intel Core i5-6500 with Intel HD Graphics 530 (3.2 GHz, 6 MB cache, 4 cores), 4GB DDR4-2133 SDRAM, 1TB 7200RPM SATA, SuperMulti DVD writer, HP USB Keyboard &amp; Mouse, Microsoft",TECHTRADE MIDDLE EAST,MACRO,"PO for HP 280 G2 MT, Intel Core i5-6500 with Intel HD Graphics 530 (3.2 GHz, 6 MB cache, 4 cores), 4GB DDR4-2133 SDRAM, 1TB 7200RPM SATA, SuperMulti DVD writer, HP USB Keyboard &amp; Mouse, Microsoft",Office Assets,Office Assets,1677.33,USD,2017,8,1192,RFPO-1192-O1,Base PO
RFPO-1569-V4357-1,01 Aug 2017,PO for T3 SCREENBOARDS FOR KONNECT  FREE-STANDING,BAFCO TRADING LLC,MACRO,PO for T3 SCREENBOARDS FOR KONNECT  FREE-STANDING,Various,Various,258.68,USD,2017,8,1569,RFPO-1569-V4357,Base PO
RFPO-1192-V4374-1,31 Jul 2017,PO for MVL SIGNBOARD,ALAM ALIBDAA,FIRESTOP,PO for MVL SIGNBOARD,Various,Various,435.67,USD,2017,7,1192,RFPO-1192-V4374,Base PO
RFPO-1569-O1-1,31 Jul 2017,"PO for Firewall - SonicW... Sonicwall Soho - Including site to site VPN License , Dyndns account",NEPTUNE COMPUTERS,MACRO,"PO for Firewall - SonicW... Sonicwall Soho - Including site to site VPN License , Dyndns account",Office Assets,Office Assets,3768.55,USD,2017,7,1569,RFPO-1569-O1,Base PO
PO-1094-S9089-1,30 Jul 2017,PO for Supply of Package Unit PACL-52420GY-R22,Mannai Trading Co. WLL,MVL SOLUTIONS,PO for Supply of Package Unit PACL-52420GY-R22,Services,Services,13500.0,USD,2017,7,1094,PO-1094-S9089,Base PO
RFPO-1192-M4000-1,13 Jul 2017,PO for Backer Rod 30mm x 100 mtrs roll,Al Sughra Building Materials Trading LLC,FIRESTOP,PO for Backer Rod 30mm x 100 mtrs roll,Mechanical,Mechanical,326.75,USD,2017,7,1192,RFPO-1192-M4000,Base PO
RFPO-1192-V4373-1,11 Jul 2017,PO for DRI FIT BLACK POLO SHIRT WITH MVL EMBROIDERY,ALAM ALIBDAA,FIRESTOP,PO for DRI FIT BLACK POLO SHIRT WITH MVL EMBROIDERY,Various,Various,114.36,USD,2017,7,1192,RFPO-1192-V4373,Base PO
RFPO-1192-V4372-1,02 Jul 2017,PO for LAPOLLA 2500/3,ALAM ALIBDAA,FIRESTOP,PO for LAPOLLA 2500/3,Various,Various,367.6,USD,2017,7,1192,RFPO-1192-V4372,Base PO
RFPO-1192-C6052A-1,29 Jun 2017,PO for BAYMER SHPU 40-27A Polyurethane Foam System,Bayer Pearl LLC,FIRESTOP,PO for BAYMER SHPU 40-27A Polyurethane Foam System,Chemicals,Chemicals,39814.02,USD,2017,6,1192,RFPO-1192-C6052A,Base PO
RFPO-1192-C6052-1,29 Jun 2017,PO for BAYMER SHPU 40-27A Polyurethane Foam System,Bayer Pearl LLC,FIRESTOP,PO for BAYMER SHPU 40-27A Polyurethane Foam System,Chemicals,Chemicals,241226.14,USD,2017,6,1192,RFPO-1192-C6052,Base PO
RFPO-1192-C6053-1,28 Jun 2017,PO for ELASTOSPRAY 1611/17,BASF Kanoo Polyurethanes LLC,FIRESTOP,PO for ELASTOSPRAY 1611/17,Chemicals,Chemicals,98776.31,USD,2017,6,1192,RFPO-1192-C6053,Base PO
RFPO-1192-V4371-1,21 Jun 2017,PO for LAPOLLA 2500/3,ALAM ALIBDAA,FIRESTOP,PO for LAPOLLA 2500/3,Various,Various,245.06,USD,2017,6,1192,RFPO-1192-V4371,Base PO
RFPO-1569-V4356-1,18 Jun 2017,PO for Ziad Business Cards,ALAM ALIBDAA,MACRO,PO for Ziad Business Cards,Various,Various,54.46,USD,2017,6,1569,RFPO-1569-V4356,Base PO
RFPO-1192-V4266-1,13 Jun 2017,"PO for Rockwool Thickness 50mm density 120kg/m3, size 1.2mtr x 0.6mtr",FUJAIRAH ROCKWOOL FACTORY,MACRO,"PO for Rockwool Thickness 50mm density 120kg/m3, size 1.2mtr x 0.6mtr",Various,Various,976.67,USD,2017,6,1192,RFPO-1192-V4266,Base PO
RFPO-1192-V4370-1,12 Jun 2017,PO for Lapolla A Isocyanate Stickers,ALAM ALIBDAA,FIRESTOP,PO for Lapolla A Isocyanate Stickers,Various,Various,95.3,USD,2017,6,1192,RFPO-1192-V4370,Base PO
RFPO-1593-M4104-1,08 Jun 2017,PO for HUMIDITY SENSORS,Veris Industries,MACRO,PO for HUMIDITY SENSORS,Mechanical,Mechanical,5808.0,USD,2017,6,1593,RFPO-1593-M4104,Base PO
RFPO-1192-V4369-1,08 Jun 2017,Service PO for Maintenance Work at MVL Warehouse,Art Acrylic Technical Services,FIRESTOP,Service PO for Maintenance Work at MVL Warehouse,Various,Various,272.29,USD,2017,6,1192,RFPO-1192-V4369,Base PO
PO-1192-F7814-1,07 Jun 2017,PO for BULK GUN set,Green Fireproof Technologies,MVL FACILITIES,PO for BULK GUN set,Fire,Fire,230.0,USD,2017,6,1192,PO-1192-F7814,Base PO
RFPO-1581-E6800-1,29 May 2017,PO for JET Diesel Genset Model JP 60P3/65E3 SAC,JUBAILI BROS  WLL,MACRO,PO for JET Diesel Genset Model JP 60P3/65E3 SAC,Electrical,Electrical,9752.75,USD,2017,5,1581,RFPO-1581-E6800,Base PO
RFPO-1581-E6801-1,29 May 2017,PO for JET Diesel Genset Model JP 60P3/65E3 SAC,JUBAILI BROS  WLL,MACRO,PO for JET Diesel Genset Model JP 60P3/65E3 SAC,Electrical,Electrical,9752.75,USD,2017,5,1581,RFPO-1581-E6801,Base PO
PO-1192-F7778-1,07 May 2017,PO for MVL-IL,ALAM ALIBDAA,MVL FACILITIES,PO for MVL-IL,Fire,Fire,353.98,USD,2017,5,1192,PO-1192-F7778,Base PO
RFPO-1569-S9071-1,30 Apr 2017,PO for Supply and Installation of Vinyl Flooring,Floorworld LLC,MACRO,PO for Supply and Installation of Vinyl Flooring,Services,Services,607.85,USD,2017,4,1569,RFPO-1569-S9071,Base PO
RFPO-1094-V4352-1,26 Apr 2017,PO for Plan Swift 10.1 Take Off Software,Green Field Trading,MACRO,PO for Plan Swift 10.1 Take Off Software,Various,Various,1252.55,USD,2017,4,1094,RFPO-1094-V4352,Base PO
RFPO-1774-S9031-1,26 Apr 2017,PO for S&B Barricade HQ 2.2©tm Panels (Supply and Installation),S & B Fencing Fixing LLC,MVL SOLUTIONS,PO for S&B Barricade HQ 2.2©tm Panels (Supply and Installation),Services,Services,1513.96,USD,2017,4,1774,RFPO-1774-S9031,Base PO
RFPO-1192-C6051-1,26 Apr 2017,PO for Elastospray 1612/46 and 1611/17,BASF Kanoo Polyurethanes LLC,FIRESTOP,PO for Elastospray 1612/46 and 1611/17,Chemicals,Chemicals,88304.97,USD,2017,4,1192,RFPO-1192-C6051,Base PO
RFPO-1192-C6047-1,18 Apr 2017,PO for Elastospray 1612/46 and 1611/17,BASF Kanoo Polyurethanes LLC,FIRESTOP,PO for Elastospray 1612/46 and 1611/17,Chemicals,Chemicals,62709.33,USD,2017,4,1192,RFPO-1192-C6047,Base PO
Fresh PO-194,12 Apr 2017,PO for Bituplus EX4180,Henkel Polybit Trading LLC,Unknown,PO for Bituplus EX4180,Various,Various,1293.4,USD,2017,4,194,Fresh PO-194,Base PO
RFPO-1581-V4251-1,02 Apr 2017,"PO for FUELING SYSTEM EQUIPMENTS, PIPING AND FITTINGS AND ACCESSORIES",OPKONS YAPI VE PETROL EKIPMANLARI DIS TIC. LTD. STI.,MVL VENTURES,"PO for FUELING SYSTEM EQUIPMENTS, PIPING AND FITTINGS AND ACCESSORIES",Various,Various,78426.66,USD,2017,4,1581,RFPO-1581-V4251,Base PO
PO-1005-V6971-4,02 Apr 2017,PO for Retractable/Removable Theater Seating System/12 nos of 3 Seat Banks each per unit,CMS LOGISTICS SERVICES,MVL VENTURES,PO for Retractable/Removable Theater Seating System/12 nos of 3 Seat Banks each per unit,Various,Various,3300.0,USD,2017,4,1005,PO-1005-V6971,Change Order
RFPO-1005-V4447-1,19 Mar 2017,"PO for Moving of Personal Effects From Dubai to 28831 Baveno, VB Italy FCL 1*20,24CBM","International Removals Division of Freight Systems Co, Ltd. (L.L.C)",MICRON,"PO for Moving of Personal Effects From Dubai to 28831 Baveno, VB Italy FCL 1*20,24CBM",Various,Various,5008.85,USD,2017,3,1005,RFPO-1005-V4447,Base PO
RFPO-1192-V4368-1,19 Mar 2017,PO for LONG SLEEVE SHIRT + EMBROIDERY,ALAM ALIBDAA,FIRESTOP,PO for LONG SLEEVE SHIRT + EMBROIDERY,Various,Various,441.12,USD,2017,3,1192,RFPO-1192-V4368,Base PO
QATAR-1,08 Mar 2017,PO for SUPPLY AND ERECTION OF PRECAST PERIMETER BARRIERS (ALASKA & JERSEY),Union Precast Factory Qatar LLC,Unknown,PO for SUPPLY AND ERECTION OF PRECAST PERIMETER BARRIERS (ALASKA & JERSEY),Various,Various,817284.48,USD,2017,3,1,QATAR-1,Base PO
RFPO-1593-M4103-1,05 Mar 2017,PO for SNTB CONDENSING UNIT,Leminar Air Conditioning Co. (W.L.L.),MACRO,PO for SNTB CONDENSING UNIT,Mechanical,Mechanical,345000.0,USD,2017,3,1593,RFPO-1593-M4103,Base PO
RFPO-1192-V4265-1,05 Mar 2017,PO for D64T50 - ROCKWOOL 120*60*5CM/SHEET,FUJAIRAH ROCKWOOL FACTORY,MACRO,PO for D64T50 - ROCKWOOL 120*60*5CM/SHEET,Various,Various,8010.28,USD,2017,3,1192,RFPO-1192-V4265,Base PO
PO-1005-C6013-19,14 Feb 2017,PO for APPLICATION OF PU FOAM SPRAY,AL RAFID INSULATION CONTRACTING L.L.C,CENTRICO,PO for APPLICATION OF PU FOAM SPRAY,Chemicals,Chemicals,8157.93,USD,2017,2,1005,PO-1005-C6013-19,Base PO
RFPO-1192-V4367-1,13 Feb 2017,PO for INSS1186 SIZE 17*13 CM (SL) COLORED PRINTING 2 DIFFERENT DATES,ALAM ALIBDAA,FIRESTOP,PO for INSS1186 SIZE 17*13 CM (SL) COLORED PRINTING 2 DIFFERENT DATES,Various,Various,61.27,USD,2017,2,1192,RFPO-1192-V4367,Base PO
PO-1005-C6013-18,12 Feb 2017,3 SETS OF DESMONDUR 44V20L ( FIRE RATED SYSTEM) AND SHPU40FS141/32B (FIRE RATED SYSTEM),Bayer Pearl LLC,CENTRICO,3 SETS OF DESMONDUR 44V20L ( FIRE RATED SYSTEM) AND SHPU40FS141/32B (FIRE RATED SYSTEM),Chemicals,Chemicals,3935.33,USD,2017,2,1005,PO-1005-C6013-18,Base PO
RFPO-1569-V4255-1,07 Feb 2017,"PO for SOPHIA - EXECUTIVE SINGLE SEATER SOFA WITH CHROME LEGS, UPHOLSTERED IN ORANGE PVC",BLUE CROWN FURNITURE (LLC),MACRO,"PO for SOPHIA - EXECUTIVE SINGLE SEATER SOFA WITH CHROME LEGS, UPHOLSTERED IN ORANGE PVC",Various,Various,381.21,USD,2017,2,1569,RFPO-1569-V4255,Base PO
RFPO-1192-C6034-1,07 Feb 2017,PO for Polyurerthane Foam System,BASF Kanoo Polyurethanes LLC,FIRESTOP,PO for Polyurerthane Foam System,Chemicals,Chemicals,31481.55,USD,2017,2,1192,RFPO-1192-C6034,Base PO
RFPO-1569-V4254-1,05 Feb 2017,PO for Rectangular Desk (Conference Table),BLUE CROWN FURNITURE (LLC),MACRO,PO for Rectangular Desk (Conference Table),Various,Various,1633.76,USD,2017,2,1569,RFPO-1569-V4254,Base PO
RFPO-1569-V4253-1,01 Feb 2017,PO for BCF 128 XL 101SW - Metal full height cabinet with swing doors in  grey / beige finish. (with 4 shelves) Size : (W92 x D46 x H180cm),BLUE CROWN FURNITURE (LLC),MACRO,PO for BCF 128 XL 101SW - Metal full height cabinet with swing doors in  grey / beige finish. (with 4 shelves) Size : (W92 x D46 x H180cm),Various,Various,132.06,USD,2017,2,1569,RFPO-1569-V4253,Base PO
RFPO-1569-V4354-1,30 Jan 2017,PO for Mr. Marty Muller Business Card,ALAM ALIBDAA,MACRO,PO for Mr. Marty Muller Business Card,Various,Various,163.38,USD,2017,1,1569,RFPO-1569-V4354,Base PO
RFPO-1593-M4102-1,29 Jan 2017,PO for EST - 1002 6 - 1 : STEAM CYLINDER FOR THREE PHASE MDS/MDD UNITS,Morex Inc.,MACRO,PO for EST - 1002 6 - 1 : STEAM CYLINDER FOR THREE PHASE MDS/MDD UNITS,Mechanical,Mechanical,14369.25,USD,2017,1,1593,RFPO-1593-M4102,Base PO
PO-1005-C6013-17,29 Jan 2017,PO for Baymer SHPU40FS 141/2B,Bayer Pearl LLC,CENTRICO,PO for Baymer SHPU40FS 141/2B,Chemicals,Chemicals,2623.55,USD,2017,1,1005,PO-1005-C6013-17,Base PO
RFPO-1569-V4252-1,26 Jan 2017,"PO for SOPHIA - EXECUTIVE SINGLE SEATER SOFA WITH CHROME LEGS, UPHOLSTERED IN ORANGE PVC",BLUE CROWN FURNITURE (LLC),MACRO,"PO for SOPHIA - EXECUTIVE SINGLE SEATER SOFA WITH CHROME LEGS, UPHOLSTERED IN ORANGE PVC",Various,Various,2039.48,USD,2017,1,1569,RFPO-1569-V4252,Base PO
RFPO-1192-C6033-1,23 Jan 2017,PO for ISOPMDI92140,BASF Kanoo Polyurethanes LLC,FIRESTOP,PO for ISOPMDI92140,Chemicals,Chemicals,7870.39,USD,2017,1,1192,RFPO-1192-C6033,Base PO
RFPO-1192-V4366-1,19 Jan 2017,PO for Flyer 350 GSM Printing 4 color 2 side Matt Lamination 2 Side 48 X16.5 cm,ALAM ALIBDAA,FIRESTOP,PO for Flyer 350 GSM Printing 4 color 2 side Matt Lamination 2 Side 48 X16.5 cm,Various,Various,517.36,USD,2017,1,1192,RFPO-1192-V4366,Base PO
RFPO-1569-V4353-1,19 Jan 2017,"PO for IP PBX System UCM 6208 , 8 FXO Support, 60 Concurrent calls, Call Recording, Voice mail, multiple IVR & Call forwarding",VECTOR Digital Systems LLC,MACRO,"PO for IP PBX System UCM 6208 , 8 FXO Support, 60 Concurrent calls, Call Recording, Voice mail, multiple IVR & Call forwarding",Various,Various,7351.94,USD,2017,1,1569,RFPO-1569-V4353,Base PO
RFPO-1192-V4365-1,05 Jan 2017,PO for LPA Stickers Size 43 X 21 cm Colored printing,ALAM ALIBDAA,FIRESTOP,PO for LPA Stickers Size 43 X 21 cm Colored printing,Various,Various,176.99,USD,2017,1,1192,RFPO-1192-V4365,Base PO
Fresh PO-165,26 Dec 2016,Swing Door Metal 4 Shelves,Office Works Middle East,Unknown,Swing Door Metal 4 Shelves,Various,Various,345.81,USD,2016,12,165,Fresh PO-165,Base PO
Fresh PO-193,26 Dec 2016,Swing Door Metal 4 Shelves,Office Works Middle East,Unknown,Swing Door Metal 4 Shelves,Various,Various,345.81,USD,2016,12,193,Fresh PO-193,Base PO
RFPO-637-V6856-2,22 Dec 2016,NINE MONTHS WARRANTY DEFICIENCIES,HAMIDULLAH,MACRO,NINE MONTHS WARRANTY DEFICIENCIES,Various,Various,1351.8,USD,2016,12,637,RFPO-637-V6856,Change Order
RFPO-1595-V4251-1,22 Dec 2016,PO for 19BLK625IW / 19MM 6X25 WIRE  ROPE IWRC BLK,Dutest Qatar W.L.L.,MVL VENTURES,PO for 19BLK625IW / 19MM 6X25 WIRE  ROPE IWRC BLK,Various,Various,12183.91,USD,2016,12,1595,RFPO-1595-V4251,Base PO
RFPO-1192-C6029-1,22 Dec 2016,PO for Elastospray 1611/17 Polyurethane Foam,BASF Kanoo Polyurethanes LLC,FIRESTOP,PO for Elastospray 1611/17 Polyurethane Foam,Chemicals,Chemicals,36835.94,USD,2016,12,1192,RFPO-1192-C6029,Base PO
RFPO-1192-V4264-1,20 Dec 2016,PO for Rockwool Slab Unfaced (D160T50),FUJAIRAH ROCKWOOL FACTORY,MACRO,PO for Rockwool Slab Unfaced (D160T50),Various,Various,11161.97,USD,2016,12,1192,RFPO-1192-V4264,Base PO
RFPO-637-V6856-1,15 Dec 2016,NINE MONTHS WARRANTY DEFICIENCIES,HAMIDULLAH,MACRO,NINE MONTHS WARRANTY DEFICIENCIES,Various,Various,1234.8,USD,2016,12,637,RFPO-637-V6856,Base PO
RFPO-1608-V4251-1,15 Dec 2016,PO for A7162,Francis Search Light Limited,MVL VENTURES,PO for A7162,Various,Various,11216.46,USD,2016,12,1608,RFPO-1608-V4251,Base PO
PO-1569-V4251-3,14 Dec 2016,PO for Fit Out Work (1803),Enterprise Integrate,MVL VENTURES,PO for Fit Out Work (1803),Various,Various,39754.94,USD,2016,12,1569,PO-1569-V4251,Change Order
PO-1005-C6013-16,14 Dec 2016,3 sets of Desmondur 44v20L 250KG/DRUM and Baymer SHPU-40FS140-27A 220KG/DRUM and 3 sets of Desmondur44V20L 250KG/Drum and Baymer SHPU40FS141/32B,Bayer Pearl LLC,CENTRICO,3 sets of Desmondur 44v20L 250KG/DRUM and Baymer SHPU-40FS140-27A 220KG/DRUM and 3 sets of Desmondur44V20L 250KG/Drum and Baymer SHPU40FS141/32B,Chemicals,Chemicals,6834.04,USD,2016,12,1005,PO-1005-C6013-16,Base PO
RFPO-1569-V4351-1,14 Dec 2016,PO for KONNECT CLUSTER OF 3 WORKSTATIONS EACH DESK 120*60CM,BAFCO TRADING LLC,MACRO,PO for KONNECT CLUSTER OF 3 WORKSTATIONS EACH DESK 120*60CM,Various,Various,11644.66,USD,2016,12,1569,RFPO-1569-V4351,Base PO
PO-1569-V4251-2,14 Dec 2016,PO for Fit Out Work (1803),Enterprise Integrate,MVL VENTURES,PO for Fit Out Work (1803),Various,Various,35670.52,USD,2016,12,1569,PO-1569-V4251,Change Order
PO-1192-F7464-1,08 Dec 2016,PO for ROCKWOOL SLAB UNFACED,FUJEIRA ROCKWOOL FACTORY,MVL FACILITIES,PO for ROCKWOOL SLAB UNFACED,Fire,Fire,4981.28,USD,2016,12,1192,PO-1192-F7464,Base PO
RFPO-982-S9031-1,06 Dec 2016,"PO for Remove existing and replace with new, Digital Board A32 for Diesel Generators No.1 and No.6. Including Additional Card for Gen Set 09",Metron International,MVL SOLUTIONS,"PO for Remove existing and replace with new, Digital Board A32 for Diesel Generators No.1 and No.6. Including Additional Card for Gen Set 09",Services,Services,59000.0,USD,2016,12,982,RFPO-982-S9031,Base PO
RFPO-1192-V4263-1,05 Dec 2016,PO for ROCKWOOL SLAB UNFACED,FUJEIRA ROCKWOOL FACTORY,MACRO,PO for ROCKWOOL SLAB UNFACED,Various,Various,1245.32,USD,2016,12,1192,RFPO-1192-V4263,Base PO
RFPO-1592-T1000-1,30 Nov 2016,PO for SELF CONTAINED BREATHING APPARATUS (SCBA),VOYAGE MARINE,MVL TRADING,PO for SELF CONTAINED BREATHING APPARATUS (SCBA),Tools,Tools,871.34,USD,2016,11,1592,RFPO-1592-T1000,Base PO
RFPO-1592-V4251-1,30 Nov 2016,PO for SAFETY HARD HATS AND SAFETY VEST AS PER ATTACHED SPECIFICATIONS AND STICKERS,CALA LOGISTICS SERVICES,MVL VENTURES,PO for SAFETY HARD HATS AND SAFETY VEST AS PER ATTACHED SPECIFICATIONS AND STICKERS,Various,Various,2876.3,USD,2016,11,1592,RFPO-1592-V4251,Base PO
PO-1005-C6013-14,21 Nov 2016,PO for Baymer SHPU40FS 141/2B AND DESMODUR 44V20L,Bayer Pearl LLC,CENTRICO,PO for Baymer SHPU40FS 141/2B AND DESMODUR 44V20L,Chemicals,Chemicals,3781.76,USD,2016,11,1005,PO-1005-C6013-14,Base PO
PO-1192-F7469-1,17 Nov 2016,PO for INSS1186 Production/Manufacture and Expiry Date Sticker Printing,ALAM ALIBDAA,MVL FACILITIES,PO for INSS1186 Production/Manufacture and Expiry Date Sticker Printing,Fire,Fire,74.88,USD,2016,11,1192,PO-1192-F7469,Base PO
PO-1005-E6981-1,17 Nov 2016,PO for Electric Heater-2KW,GLEN DIMPLEX IRELAND,MVL ENERGY,PO for Electric Heater-2KW,Electrical,Electrical,379.75,USD,2016,11,1005,PO-1005-E6981,Base PO
PO-1005-E6981-2,17 Nov 2016,PO for Panasonic Ceiling Fan - Same as Supplied Before,Al Futtaim Panatech LLC,MVL ENERGY,PO for Panasonic Ceiling Fan - Same as Supplied Before,Electrical,Electrical,247.79,USD,2016,11,1005,PO-1005-E6981,Change Order
PO-1005-V6971-3,10 Nov 2016,PO for Retractable/Removable Theater Seating System/12 nos of 3 Seat Banks each per unit,"Chongqing JUYI Industry Co., Ltd.",MVL VENTURES,PO for Retractable/Removable Theater Seating System/12 nos of 3 Seat Banks each per unit,Various,Various,12760.0,USD,2016,11,1005,PO-1005-V6971,Change Order
PO-1005-V6971-2,03 Nov 2016,PO for Retractable/Removable Theater Seating System/12 nos of 3 Seat Banks each per unit,"Chongqing JUYI Industry Co., Ltd.",MVL VENTURES,PO for Retractable/Removable Theater Seating System/12 nos of 3 Seat Banks each per unit,Various,Various,11960.0,USD,2016,11,1005,PO-1005-V6971,Change Order
PO-1005-C6013-13,31 Oct 2016,PO for APPLICATION OF POLYURETHANE FOAM,AL RAFID INSULATION CONTRACTING L.L.C,CENTRICO,PO for APPLICATION OF POLYURETHANE FOAM,Chemicals,Chemicals,10423.83,USD,2016,10,1005,PO-1005-C6013-13,Base PO
PO-1005-V6971-1,27 Oct 2016,PO for Retractable/Removable Theater Seating System/12 nos of 3 Seat Banks each per unit,"Chongqing JUYI Industry Co., Ltd.",MVL VENTURES,PO for Retractable/Removable Theater Seating System/12 nos of 3 Seat Banks each per unit,Various,Various,13070.0,USD,2016,10,1005,PO-1005-V6971,Base PO
RFPO-1614-V4251-1,09 Oct 2016,DT7M DYNATOWER,DYNA SYSTEMS LIMITED,MVL VENTURES,DT7M DYNATOWER,Various,Various,242020.0,USD,2016,10,1614,RFPO-1614-V4251,Base PO
PO-1005-C6013-12,29 Sep 2016,Baymer SHPU40FS 141/2B AND DESMODUR 44V20L,Bayer Pearl LLC,CENTRICO,Baymer SHPU40FS 141/2B AND DESMODUR 44V20L,Chemicals,Chemicals,13195.92,USD,2016,9,1005,PO-1005-C6013-12,Base PO
PO-1005-C6013-10,28 Sep 2016,PO for APPLICATION OF SPRAY POLYURETHANE FOAM WITH 5 CM THICKNESS FOR KEMPINSKI PALM JUMEIRAH DXB,AL RAFID INSULATION CONTRACTING L.L.C,CENTRICO,PO for APPLICATION OF SPRAY POLYURETHANE FOAM WITH 5 CM THICKNESS FOR KEMPINSKI PALM JUMEIRAH DXB,Chemicals,Chemicals,8168.82,USD,2016,9,1005,PO-1005-C6013-10,Base PO
PO-1005-C6013-11,28 Sep 2016,PO for Polyurethane System/ Insulation Material,BASF Kanoo Polyurethanes LLC,CENTRICO,PO for Polyurethane System/ Insulation Material,Chemicals,Chemicals,1123.21,USD,2016,9,1005,PO-1005-C6013-11,Base PO
PO-1005-M6995-2,28 Sep 2016,PO for ONICON D-100-N2 DISPLAY FOR JCI METASYS D-100-N2 D -100 WITH JOHNSON CONTROLS METASYS N2 INTERFACE,Johnson Controls,MACRO,PO for ONICON D-100-N2 DISPLAY FOR JCI METASYS D-100-N2 D -100 WITH JOHNSON CONTROLS METASYS N2 INTERFACE,Mechanical,Mechanical,5064.67,USD,2016,9,1005,PO-1005-M6995,Change Order
PO-1005-E6980-1,26 Sep 2016,Panasonic Ceiling Fan - Same as Supplied Before,Al Futtaim Panatech LLC,MVL ENERGY,Panasonic Ceiling Fan - Same as Supplied Before,Electrical,Electrical,2123.89,USD,2016,9,1005,PO-1005-E6980,Base PO
PO-1005-M6995-1,25 Sep 2016,PO for ONICON D-100-N2 DISPLAY FOR JCI METASYS D-100-N2 D -100 WITH JOHNSON CONTROLS METASYS N2 INTERFACE,ALMI INTERNATIONAL F.Z.E,MACRO,PO for ONICON D-100-N2 DISPLAY FOR JCI METASYS D-100-N2 D -100 WITH JOHNSON CONTROLS METASYS N2 INTERFACE,Mechanical,Mechanical,11164.06,USD,2016,9,1005,PO-1005-M6995,Base PO
PO-1005-V6973-1,22 Sep 2016,"PO for Cooler Glass Door Merchandiser Refrigerator - Single Swing Door, 24 Cu Ft. Capacity, 4 Shelves, R-134A Refrigerant, Power 220/240V, 50/60Hz, Size 28.5 in length x 32 in. dia x 79.25 in height",MAZAYA AL EMARATE Co. L.L.C,MVL VENTURES,"PO for Cooler Glass Door Merchandiser Refrigerator - Single Swing Door, 24 Cu Ft. Capacity, 4 Shelves, R-134A Refrigerant, Power 220/240V, 50/60Hz, Size 28.5 in length x 32 in. dia x 79.25 in height",Various,Various,27447.24,USD,2016,9,1005,PO-1005-V6973,Base PO
RFPO-982-V4259-1,21 Sep 2016,PO for Videographer / Video Editiing for O and M Training Medium Quality,Mohammadi Store,MACRO,PO for Videographer / Video Editiing for O and M Training Medium Quality,Various,Various,2263.8,USD,2016,9,982,RFPO-982-V4259,Base PO
PO-916-3185-1,08 Sep 2016,PO for Back Rod-30m,ARAB SUPPLIERS,Unknown,PO for Back Rod-30m,Various,Various,74.88,USD,2016,9,916,PO-916-3185,Base PO
RFPO-637-A5310-2,06 Sep 2016,PO for Adjustment of Each Lock / Repairing Revised,AZIZ ULLAH NASARY WARDAK LTD,MACRO,PO for Adjustment of Each Lock / Repairing Revised,Architectural,Architectural,520.0,USD,2016,9,637,RFPO-637-A5310,Change Order
PO-1005-C6013-9,05 Sep 2016,PO for Baymer SHPU40FS 141/2B,Bayer Pearl LLC,CENTRICO,PO for Baymer SHPU40FS 141/2B,Chemicals,Chemicals,7036.08,USD,2016,9,1005,PO-1005-C6013-9,Base PO
PO-1005-C6013-8,01 Sep 2016,PO for APPLICATION OF SPRAY POLYURETHANE FOAM WITH 5 CM THICKNESS FOR KEMPINSKI PALM JUMEIRAH DXB,RGMC Technical Services,CENTRICO,PO for APPLICATION OF SPRAY POLYURETHANE FOAM WITH 5 CM THICKNESS FOR KEMPINSKI PALM JUMEIRAH DXB,Chemicals,Chemicals,5445.88,USD,2016,9,1005,PO-1005-C6013-8,Base PO
PO-1005-C6013-7,29 Aug 2016,PO for Baymer SHPU40FS 141/2B AND DESMODUR 44V20L,Bayer Pearl LLC,CENTRICO,PO for Baymer SHPU40FS 141/2B AND DESMODUR 44V20L,Chemicals,Chemicals,8054.46,USD,2016,8,1005,PO-1005-C6013-7,Base PO
PO-1005-M6994-1,23 Aug 2016,PO for Electric Water Heater; Model No. EGSP20 / 208 Volts AC Only / 19.9 Gallons,RHEEM MANUFACTURING MEA FZE,MACRO,PO for Electric Water Heater; Model No. EGSP20 / 208 Volts AC Only / 19.9 Gallons,Mechanical,Mechanical,9600.0,USD,2016,8,1005,PO-1005-M6994,Base PO
RFPO-637-A5310-1,22 Aug 2016,PO for Adjustment of Each Lock / Repairing,AZIZ ULLAH NASARY WARDAK LTD,MACRO,PO for Adjustment of Each Lock / Repairing,Architectural,Architectural,196.0,USD,2016,8,637,RFPO-637-A5310,Base PO
PO-1005-C6013-6,22 Aug 2016,PO for APPLICATION OF SPRAY POLYURETHANE FOAM WITH 5 CM THICKNESS FOR KEMPINSKI PALM JUMEIRAH DXB,MSK Contracting LLC,CENTRICO,PO for APPLICATION OF SPRAY POLYURETHANE FOAM WITH 5 CM THICKNESS FOR KEMPINSKI PALM JUMEIRAH DXB,Chemicals,Chemicals,8168.82,USD,2016,8,1005,PO-1005-C6013,Change Order
PO-1005-C6013-5,21 Aug 2016,SPRAY POLYURETHANE FOAM APPLICATION,AL RAFID INSULATION CONTRACTING L.L.C,CENTRICO,SPRAY POLYURETHANE FOAM APPLICATION,Chemicals,Chemicals,13509.19,USD,2016,8,1005,PO-1005-C6013,Change Order
PO-1569-V4251-1,17 Aug 2016,PO for Fit Out Work (1803),Enterprise Integrate,MVL VENTURES,PO for Fit Out Work (1803),Various,Various,31313.82,USD,2016,8,1569,PO-1569-V4251,Base PO
RFPO-637-V6855-1,14 Aug 2016,"PO for TOSHIBA COMPRESSOR/ 1,200 BTU. 8.0 COLLING, 9.0 HEATING. COMPATIBLE  WITH MITSUBISHI AC",CALA LOGISTICS SERVICES,MACRO,"PO for TOSHIBA COMPRESSOR/ 1,200 BTU. 8.0 COLLING, 9.0 HEATING. COMPATIBLE  WITH MITSUBISHI AC",Various,Various,195.0,USD,2016,8,637,RFPO-637-V6855,Base PO
PO-1192-F7366-1,10 Aug 2016,PO for PIPE CLIP,SONASA TRADING CO. LLC,MVL FACILITIES,PO for PIPE CLIP,Fire,Fire,65.35,USD,2016,8,1192,PO-1192-F7366,Base PO
PO-1005-E6977-1,08 Aug 2016,PO for Electric Unit Heater - CUH02B31T,GLEN DIMPLEX IRELAND,MVL ENERGY,PO for Electric Unit Heater - CUH02B31T,Electrical,Electrical,1036.5,USD,2016,8,1005,PO-1005-E6977,Base PO
RFPO-566-3043-1,18 Jul 2016,PO for Rectification works for various leakages of 3x AKSA Generator Units (Engines used are Cummins),Balwan Construction and Logistics Co.Ltd,MACRO,PO for Rectification works for various leakages of 3x AKSA Generator Units (Engines used are Cummins),Various,Various,900.0,USD,2016,7,566,RFPO-566-3043,Base PO
RFPO-1192-V4364-1,03 Jul 2016,PO for Stickers Size A4 ( 6 Piece ),ALAM ALIBDAA,FIRESTOP,PO for Stickers Size A4 ( 6 Piece ),Various,Various,122.53,USD,2016,7,1192,RFPO-1192-V4364,Base PO
RFPO-566-V4265-1,28 Jun 2016,PO for ADJUSTMENTS OF SEARCHLIGHT AND INSTALLATION OF BULBS,ABDUL QUDOS,MACRO,PO for ADJUSTMENTS OF SEARCHLIGHT AND INSTALLATION OF BULBS,Various,Various,1125.0,USD,2016,6,566,RFPO-566-V4265,Base PO
RFPO-566-V4264-1,27 Jun 2016,PO for SEARCH LIGHT BULB,Shokrullah Mandozai Co,MACRO,PO for SEARCH LIGHT BULB,Various,Various,980.0,USD,2016,6,566,RFPO-566-V4264,Base PO
PO-1005-E6975-1,22 Jun 2016,PO for Electric Base Board Heater - Dimplex,GLEN DIMPLEX IRELAND,MVL ENERGY,PO for Electric Base Board Heater - Dimplex,Electrical,Electrical,1129.75,USD,2016,6,1005,PO-1005-E6975,Base PO
Fresh PO-162,22 Jun 2016,RFI Only - women s participation facilities for the Afghan National  Army ANA,US Embassy Kabul,Unknown,RFI Only - women s participation facilities for the Afghan National  Army ANA,Various,Various,0,USD,2016,6,162,Fresh PO-162,Base PO
Fresh PO-164,22 Jun 2016,RFI Only - women s participation facilities for the Afghan National  Army ANA,TEKMARK International FZC,Unknown,RFI Only - women s participation facilities for the Afghan National  Army ANA,Various,Various,0,USD,2016,6,164,Fresh PO-164,Base PO
Fresh PO-161,16 Jun 2016,Electric Base Board Heater - Dimplex,GLEN DIMPLEX IRELAND,Unknown,Electric Base Board Heater - Dimplex,Various,Various,949.37,USD,2016,6,161,Fresh PO-161,Base PO
RFPO-1192-V4262-1,13 Jun 2016,PO for ROCKWOOL THICKNESS : 50MM DENSITY,FUJEIRA ROCKWOOL FACTORY,MACRO,PO for ROCKWOOL THICKNESS : 50MM DENSITY,Various,Various,8010.28,USD,2016,6,1192,RFPO-1192-V4262,Base PO
PO-1005-C6013-3,13 Jun 2016,PO for BAYMER AND DESMODUR/2B,Bayer Pearl LLC,CENTRICO,PO for BAYMER AND DESMODUR/2B,Chemicals,Chemicals,48951.67,USD,2016,6,1005,PO-1005-C6013,Change Order
PO-1005-C6013-4,13 Jun 2016,PO for APPLICATION OF PU FOAM,DOVER GULF WATERPROOFING ND INSULATION LLC,CENTRICO,PO for APPLICATION OF PU FOAM,Chemicals,Chemicals,3812.12,USD,2016,6,1005,PO-1005-C6013,Change Order
PO-982-V4257-1,31 May 2016,PO for EXPLOSION PROOF EXHAUST FAN,ENERGY INTERNATIONAL LLC,MACRO,PO for EXPLOSION PROOF EXHAUST FAN,Various,Various,1102.79,USD,2016,5,982,PO-982-V4257,Base PO
PO-1005-E6971-1,29 May 2016,RH-WP-12V Remote Single Head Lamp Weather Proof,"The Exit Light Co., Inc.",MVL ENERGY,RH-WP-12V Remote Single Head Lamp Weather Proof,Electrical,Electrical,1296.0,USD,2016,5,1005,PO-1005-E6971,Base PO
Fresh PO-143,29 May 2016,Workstation chair as approved designs,Seeb Interior Design,Unknown,Workstation chair as approved designs,Various,Various,871.34,USD,2016,5,143,Fresh PO-143,Base PO
RFPO-1192-V4260-1,25 May 2016,PO for VENOTH BUSINESS CARD,CENTURY PRINTING PRESS LLC,MVL VENTURES,PO for VENOTH BUSINESS CARD,Various,Various,204.22,USD,2016,5,1192,RFPO-1192-V4260,Base PO
RFPO-1192-V4363-1,22 May 2016,PO for JMC (ISUZU) 3.5 Ton A/C PICKUP MODEL 2015,BELHASA MOTORS COMPANY.L.L.C.,FIRESTOP,PO for JMC (ISUZU) 3.5 Ton A/C PICKUP MODEL 2015,Various,Various,16073.52,USD,2016,5,1192,RFPO-1192-V4363,Base PO
RFPO-982-V4256-1,22 May 2016,PO for Videographer / Video Editing for O & M Training  medium quality,Mohammadi Store,MACRO,PO for Videographer / Video Editing for O & M Training  medium quality,Various,Various,555.0,USD,2016,5,982,RFPO-982-V4256,Base PO
PO-1192-C6009-1,16 May 2016,PO for BAYMER SHPU-45-15,Bayer Pearl LLC,CENTRICO,PO for BAYMER SHPU-45-15,Chemicals,Chemicals,1527.57,USD,2016,5,1192,PO-1192-C6009,Base PO
PO-1005-C6013-2,15 May 2016,PO for SPRAY POLYURETHANE FOAM APPLICATION,WALTON WATER PROOFING CONTRACTING LLC.,CENTRICO,PO for SPRAY POLYURETHANE FOAM APPLICATION,Chemicals,Chemicals,8168.82,USD,2016,5,1005,PO-1005-C6013,Change Order
PO-1192-F7219-1,12 May 2016,PO for BR-30,ARAB SUPPLIERS,MVL FACILITIES,PO for BR-30,Fire,Fire,585.43,USD,2016,5,1192,PO-1192-F7219,Base PO
Fresh PO-142,10 May 2016,PO for Plan Swift 10.0,Green Field Trading,Unknown,PO for Plan Swift 10.0,Various,Various,1252.55,USD,2016,5,142,Fresh PO-142,Base PO
RFPO-566-V4263-1,08 May 2016,PO for CRANE RENTAL  FOR UNLOADING K2 SPARES TO SITE,AIMAL KHAN,MACRO,PO for CRANE RENTAL  FOR UNLOADING K2 SPARES TO SITE,Various,Various,294.0,USD,2016,5,566,RFPO-566-V4263,Base PO
PO-1192-C6007-1,04 May 2016,PO for  Supply of  Baymer SHPU ? 45 ? 15,Bayer Pearl LLC,CENTRICO,PO for  Supply of  Baymer SHPU ? 45 ? 15,Chemicals,Chemicals,3055.14,USD,2016,5,1192,PO-1192-C6007,Base PO
PO-1005-C6013-1,04 May 2016,"PO for Spray application of Polyurethane foam on Kempinski Palm Jumeirah, Dubai, UAE",AL RAFID INSULATION CONTRACTING L.L.C,CENTRICO,"PO for Spray application of Polyurethane foam on Kempinski Palm Jumeirah, Dubai, UAE",Chemicals,Chemicals,20422.06,USD,2016,5,1005,PO-1005-C6013,Base PO
RFPO-1428-V4254-1,03 May 2016,PO for Posters High Resolution with double face sticker strip  90 W X 220 H meter,Unspecified Supplier,MACRO,PO for Posters High Resolution with double face sticker strip  90 W X 220 H meter,Various,Various,835.94,USD,2016,5,1428,RFPO-1428-V4254,Base PO
RFPO-1192-V4259-1,02 May 2016,PO for COMPANY CATALOGUE WITOUT POCKET (ALL PRODUCTS WITHOUT DC PRODUCTS),Unspecified Supplier,MACRO,PO for COMPANY CATALOGUE WITOUT POCKET (ALL PRODUCTS WITHOUT DC PRODUCTS),Various,Various,1756.3,USD,2016,5,1192,RFPO-1192-V4259,Base PO
RFPO-566-V4262-1,02 May 2016,PO for CRANE FOR lOADING OF CONTAINERS AT MFNDU,CALA LOGISTICS SERVICES,MACRO,PO for CRANE FOR lOADING OF CONTAINERS AT MFNDU,Various,Various,1100.0,USD,2016,5,566,RFPO-566-V4262,Base PO
RFPO-1192-C6051A-2,02 May 2016,PO for FIRESTOP MATERIALS - BAYER PEARL - 2,Bayer Pearl LLC,FIRESTOP,PO for FIRESTOP MATERIALS - BAYER PEARL - 2,Chemicals,Chemicals,10750.17,USD,2016,5,1192,RFPO-1192-C6051A,Change Order
RFPO-781-V4254-1,28 Apr 2016,PO for SATCOM Drop Boxes 10 NOS Holocom Part No. SEC-WM-UDB3-H1,INDUSTRIAL EQUIPMENT CORP.,MACRO,PO for SATCOM Drop Boxes 10 NOS Holocom Part No. SEC-WM-UDB3-H1,Various,Various,1396.0,USD,2016,4,781,RFPO-781-V4254,Base PO
PO-1005-E6969A-1,24 Apr 2016,PO for Electric Unit Heater - CUH02B21T,GLEN DIMPLEX IRELAND,MVL ENERGY,PO for Electric Unit Heater - CUH02B21T,Electrical,Electrical,863.75,USD,2016,4,1005,PO-1005-E6969A,Base PO
RFPO-637-V6854-1,21 Apr 2016,PO for TRANSPORTATION COST - MFNDU TO HAJI GHANI,CALA LOGISTICS SERVICES,MACRO,PO for TRANSPORTATION COST - MFNDU TO HAJI GHANI,Various,Various,509.6,USD,2016,4,637,RFPO-637-V6854,Base PO
RFPO-1192-C6051A-1,20 Apr 2016,PO for FIRESTOP MATERIALS - BAYER PEARL,Bayer Pearl LLC,FIRESTOP,PO for FIRESTOP MATERIALS - BAYER PEARL,Chemicals,Chemicals,77092.99,USD,2016,4,1192,RFPO-1192-C6051A,Base PO
Fresh PO-141,20 Apr 2016,DIAMOND EDGE CABINET IN MADISON MAPLE MFC FINISH BODY AND FRONT,BAFCO TRADING LLC,Unknown,DIAMOND EDGE CABINET IN MADISON MAPLE MFC FINISH BODY AND FRONT,Various,Various,294.08,USD,2016,4,141,Fresh PO-141,Base PO
RFPO-637-V6852-1,10 Apr 2016,PO for ESCO ACELA FUME HOOD EFA-4UDRCW-8,Esco Micro Pte Ltd.,MACRO,PO for ESCO ACELA FUME HOOD EFA-4UDRCW-8,Various,Various,27140.0,USD,2016,4,637,RFPO-637-V6852,Base PO
PO-1192-C6000-4,06 Apr 2016,PO for  Baymer SHPU ? 45 ? 15,Bayer Pearl LLC,CENTRICO,PO for  Baymer SHPU ? 45 ? 15,Chemicals,Chemicals,3055.14,USD,2016,4,1192,PO-1192-C6000,Change Order
RFPO-1428-V4351-1,05 Apr 2016,PO for 1.0 Service Production of short 2 to 2.30 min video,STUDIO 52 COMMUNICATIONS GROUP,MACRO,PO for 1.0 Service Production of short 2 to 2.30 min video,Various,Various,2722.94,USD,2016,4,1428,RFPO-1428-V4351,Base PO
PO-1192-C6004-1,04 Apr 2016,Polyurethane Foam - Elastospray 1611/17,BASF Kanoo Polyurethanes LLC,CENTRICO,Polyurethane Foam - Elastospray 1611/17,Chemicals,Chemicals,13840.03,USD,2016,4,1192,PO-1192-C6004,Base PO
RFPO-1192-V4258-1,31 Mar 2016,PO for Company Catalogue without Pocket TOTAL - 24 A4 FACE,Unspecified Supplier,MVL VENTURES,PO for Company Catalogue without Pocket TOTAL - 24 A4 FACE,Various,Various,1320.63,USD,2016,3,1192,RFPO-1192-V4258,Base PO
PO-1192-C6000-3,29 Mar 2016,PO for Baymer Polyurethane Spray System,Bayer Pearl LLC,CENTRICO,PO for Baymer Polyurethane Spray System,Chemicals,Chemicals,14493.53,USD,2016,3,1192,PO-1192-C6000,Change Order
RFPO-1428-V4252-1,13 Mar 2016,PO for CATALOGUE MW-OCS,Unspecified Supplier,MACRO,PO for CATALOGUE MW-OCS,Various,Various,68.07,USD,2016,3,1428,RFPO-1428-V4252,Base PO
RFPO-1428-V4253-1,13 Mar 2016,PO for CATALOGUE MW-OCS SIZE: A3 2 PAGES PRINTING,Unspecified Supplier,MACRO,PO for CATALOGUE MW-OCS SIZE: A3 2 PAGES PRINTING,Various,Various,680.74,USD,2016,3,1428,RFPO-1428-V4253,Base PO
PO-1005-E6965-2,10 Mar 2016,PO for Supply of CADET Elec. Heaters,CADET,MVL ENERGY,PO for Supply of CADET Elec. Heaters,Electrical,Electrical,2036.28,USD,2016,3,1005,PO-1005-E6965,Change Order
PO-1005-E6966-1,10 Mar 2016,PO for Supply of CADET Elec. Heaters,CADET,MVL ENERGY,PO for Supply of CADET Elec. Heaters,Electrical,Electrical,2036.28,USD,2016,3,1005,PO-1005-E6966,Base PO
RFPO-781-V4253-1,10 Mar 2016,PO for NETWORK RACK CABINET,Al Barsha Vision Electronics,MACRO,PO for NETWORK RACK CABINET,Various,Various,626.28,USD,2016,3,781,RFPO-781-V4253,Base PO
PO-1192-C6000-2,06 Mar 2016,PO for Baymer Polyurethane Spray System,Bayer Pearl LLC,CENTRICO,PO for Baymer Polyurethane Spray System,Chemicals,Chemicals,19324.71,USD,2016,3,1192,PO-1192-C6000,Change Order
PO-1005-E6962-1,06 Mar 2016,PO for Emergency Remote Head Lamp-Weather Proof,"The Exit Light Co., Inc.",MVL ENERGY,PO for Emergency Remote Head Lamp-Weather Proof,Electrical,Electrical,486.0,USD,2016,3,1005,PO-1005-E6962,Base PO
Fresh PO-140,02 Mar 2016,Purchase Order For Elastospray 1611/17,BASF Kanoo Polyurethanes LLC,Unknown,Purchase Order For Elastospray 1611/17,Various,Various,13.07,USD,2016,3,140,Fresh PO-140,Base PO
PO-1192-C6000-1,02 Mar 2016,Purchase Order for Polyurethane Foam - Elastospray 1611/17,BASF Kanoo Polyurethanes LLC,CENTRICO,Purchase Order for Polyurethane Foam - Elastospray 1611/17,Chemicals,Chemicals,23995.92,USD,2016,3,1192,PO-1192-C6000,Base PO
RFPO-1428-V4251-1,02 Mar 2016,PO for GIVEAWAYS - Advertisement Items,Unspecified Supplier,MVL VENTURES,PO for GIVEAWAYS - Advertisement Items,Various,Various,1247.11,USD,2016,3,1428,RFPO-1428-V4251,Base PO
RFPO-637-V6851-1,29 Feb 2016,PO for AC COMPRESSOR AND AC BOARD REAPIRING,SAID TAUFEEQ AND SHAMSUDDIN,MACRO,PO for AC COMPRESSOR AND AC BOARD REAPIRING,Various,Various,410.0,USD,2016,2,637,RFPO-637-V6851,Base PO
RFPO-637-A5309-1,28 Feb 2016,PO for Chemflake Special 16 Liters unit / JOTUN,AZIZ ULLAH NASARY WARDAK LTD,MACRO,PO for Chemflake Special 16 Liters unit / JOTUN,Architectural,Architectural,760.0,USD,2016,2,637,RFPO-637-A5309,Base PO
RFPO-637-V4252A-1,22 Feb 2016,PO for Installation of Door Signages Revised,CALA LOGISTICS SERVICES,MACRO,PO for Installation of Door Signages Revised,Various,Various,2063.88,USD,2016,2,637,RFPO-637-V4252A,Base PO
RFPO-637-V6844A-1,21 Feb 2016,PO for SNIPPER SCREEN / GREEN COLOR - 4 METERS WIDTH/ AS APPROVED SAMPLES IN SITE REVISED,CALA LOGISTICS SERVICES,MACRO,PO for SNIPPER SCREEN / GREEN COLOR - 4 METERS WIDTH/ AS APPROVED SAMPLES IN SITE REVISED,Various,Various,4851.0,USD,2016,2,637,RFPO-637-V6844A,Base PO
RFPO-637-V6850-1,21 Feb 2016,PO for SUPPLY OF HILTI SCREWS FOR DOOR SIGNAGE,CALA LOGISTICS SERVICES,MACRO,PO for SUPPLY OF HILTI SCREWS FOR DOOR SIGNAGE,Various,Various,30.87,USD,2016,2,637,RFPO-637-V6850,Base PO
RFPO-566-V4261-1,21 Feb 2016,PO forSUPPLY OF SPARES  EF-1 AND EF-2 MOTOR  EF-4 AND EF-5 MOTOR FOR STORAGES BUILDING,Unspecified Supplier,MACRO,PO forSUPPLY OF SPARES  EF-1 AND EF-2 MOTOR  EF-4 AND EF-5 MOTOR FOR STORAGES BUILDING,Various,Various,2176.0,USD,2016,2,566,RFPO-566-V4261,Base PO
PO-1005-E6965-1,17 Feb 2016,PO for CADET ELECTRIC HEATING PRODUCTS Q-01183-G1F5,CADET,MVL ENERGY,PO for CADET ELECTRIC HEATING PRODUCTS Q-01183-G1F5,Electrical,Electrical,72394.4,USD,2016,2,1005,PO-1005-E6965,Base PO
RFPO-637-V6849-1,16 Feb 2016,PO for Sniper Screen (same supplied before),CALA LOGISTICS SERVICES,MACRO,PO for Sniper Screen (same supplied before),Various,Various,1323.0,USD,2016,2,637,RFPO-637-V6849,Base PO
RFPO-566-V4259-1,14 Feb 2016,PO for SUPPLY OF SPARE PARTS,Unspecified Supplier,MACRO,PO for SUPPLY OF SPARE PARTS,Various,Various,5742.8,USD,2016,2,566,RFPO-566-V4259,Base PO
RFPO-637-V6847-1,11 Feb 2016,PO for SUPPLY OF MISC - VARIOUS CONSUMABLES,CALA LOGISTICS SERVICES,MACRO,PO for SUPPLY OF MISC - VARIOUS CONSUMABLES,Various,Various,426.79,USD,2016,2,637,RFPO-637-V6847,Base PO
RFPO-637-V6848-1,11 Feb 2016,PO for SUPPY OF C05 - ELECTRICAL MATERIALS,CALA LOGISTICS SERVICES,MACRO,PO for SUPPY OF C05 - ELECTRICAL MATERIALS,Various,Various,1849.26,USD,2016,2,637,RFPO-637-V6848,Base PO
RFPO-637-A5308-1,10 Feb 2016,PO for SUPPLY OF  CHEMFLAKE SPECIAL ? WHITE COLOR,AZIZ ULLAH NASARY WARDAK LTD,MACRO,PO for SUPPLY OF  CHEMFLAKE SPECIAL ? WHITE COLOR,Architectural,Architectural,560.0,USD,2016,2,637,RFPO-637-A5308,Base PO
RFPO-637-V6846-1,09 Feb 2016,PO for MOI NPCC - Videographer - for O & M Training,Mohammadi Store,MACRO,PO for MOI NPCC - Videographer - for O & M Training,Various,Various,450.8,USD,2016,2,637,RFPO-637-V6846,Base PO
RFPO-637-V6845-1,08 Feb 2016,PO for SUPPLY OF MOI NPCC - THICKNESS CUTTING OF RUBBER MAT WITH INSTALLATION,CALA LOGISTICS SERVICES,MACRO,PO for SUPPLY OF MOI NPCC - THICKNESS CUTTING OF RUBBER MAT WITH INSTALLATION,Various,Various,823.2,USD,2016,2,637,RFPO-637-V6845,Base PO
RFPO-637-V6843-1,07 Feb 2016,PO for SUPPLY  OF Concrete Cutting for 18 holes,Subhan Ghasnawi Construction Company,MACRO,PO for SUPPLY  OF Concrete Cutting for 18 holes,Various,Various,758.52,USD,2016,2,637,RFPO-637-V6843,Base PO
RFPO-637-V6844-1,07 Feb 2016,PO for SUPPLY OF SNIPPER SCREEN / GREEN COLOR - 4 METERS WIDTH/ AS APPROVED SAMPLES IN SITE,CALA LOGISTICS SERVICES,MVL VENTURES,PO for SUPPLY OF SNIPPER SCREEN / GREEN COLOR - 4 METERS WIDTH/ AS APPROVED SAMPLES IN SITE,Various,Various,3528.0,USD,2016,2,637,RFPO-637-V6844,Base PO
Fresh PO-139,07 Feb 2016,Supply of CUH Electric Unit Heaters,GLEN DIMPLEX IRELAND,Unknown,Supply of CUH Electric Unit Heaters,Various,Various,40423.33,USD,2016,2,139,Fresh PO-139,Base PO
RFPO-637-S9038A-1,07 Feb 2016,PO for SUPPLY OF CO3 - COLOR CODE PANEL BOARD KEY BOX KEY HOLDER,Unspecified Supplier,MACRO,PO for SUPPLY OF CO3 - COLOR CODE PANEL BOARD KEY BOX KEY HOLDER,Services,Services,2052.572,USD,2016,2,637,RFPO-637-S9038A,Base PO
RFPO-637-E9158-1,04 Feb 2016,PO for SUPPLY OF  CO5 - COPPER CABLE LUGS AND CABLES TUMKA 5*35MM2,HAJI GHANI SONS,MACRO,PO for SUPPLY OF  CO5 - COPPER CABLE LUGS AND CABLES TUMKA 5*35MM2,Electrical,Electrical,2651.7,USD,2016,2,637,RFPO-637-E9158,Base PO
PO-637-V6842-1,01 Feb 2016,PO for SUPPLY OF AUTOMATIC TRAP PRIMER VALVE 695 SERIES,Rubaiya Zueaid Bldg. Mat. Co. LLC,MVL VENTURES,PO for SUPPLY OF AUTOMATIC TRAP PRIMER VALVE 695 SERIES,Various,Various,228.73,USD,2016,2,637,PO-637-V6842,Base PO
RFPO-637-E9157-1,01 Feb 2016,PO for SUPPLY OF TORK PHOTOCELL AS PER APPROVED SAMPLE,HAJI GHANI SONS,MACRO,PO for SUPPLY OF TORK PHOTOCELL AS PER APPROVED SAMPLE,Electrical,Electrical,999.6,USD,2016,2,637,RFPO-637-E9157,Base PO
RFPO-566-V4258-1,01 Feb 2016,PO for SUPPLY OF SPARES - CONTROL FUSE AND BSAY O NET FUSE,Shokrullah Mandozai Co,MVL VENTURES,PO for SUPPLY OF SPARES - CONTROL FUSE AND BSAY O NET FUSE,Various,Various,1073.1,USD,2016,2,566,RFPO-566-V4258,Base PO
RFPO-637-V6841-1,31 Jan 2016,PO for  SUPPLY OF CO3 - PANEL BOARD COLOR CODE,CALA LOGISTICS SERVICES,MACRO,PO for  SUPPLY OF CO3 - PANEL BOARD COLOR CODE,Various,Various,1411.2,USD,2016,1,637,RFPO-637-V6841,Base PO
RFPO-566-E6817-1,31 Jan 2016,PO for  SUPPLY OF K2 FUSE PART NO. 1R0749,Allied Machinery Limited,MACRO,PO for  SUPPLY OF K2 FUSE PART NO. 1R0749,Electrical,Electrical,41.82,USD,2016,1,566,RFPO-566-E6817,Base PO
RFPO-566-V4257-1,28 Jan 2016,PO for SUPPLY OF AHU SPARE PART MAIN SWITCH MAGNET SWITCH TIMER,Unspecified Supplier,MACRO,PO for SUPPLY OF AHU SPARE PART MAIN SWITCH MAGNET SWITCH TIMER,Various,Various,950.6,USD,2016,1,566,RFPO-566-V4257,Base PO
RFPO-566-V4257A-1,28 Jan 2016,PO for SUPPLY OF AHU SPARE PART MAIN SWITCH MAGNET SWITCH TIMER MAIN BOARD AND FILTER,Unspecified Supplier,MACRO,PO for SUPPLY OF AHU SPARE PART MAIN SWITCH MAGNET SWITCH TIMER MAIN BOARD AND FILTER,Various,Various,3018.4,USD,2016,1,566,RFPO-566-V4257A,Base PO
RFPO-637-A5305-2,27 Jan 2016,PO for SUPPLY OF KEY MISSING for 27 CYLINDERS PANIC BAR. (RFPO-637-A5305-1),AZIZ ULLAH NASARY WARDAK LTD,MACRO,PO for SUPPLY OF KEY MISSING for 27 CYLINDERS PANIC BAR. (RFPO-637-A5305-1),Architectural,Architectural,158.76,USD,2016,1,637,RFPO-637-A5305,Change Order
RFPO-982-T1002-1,26 Jan 2016,PO for SUPPLY OF ANEMOSCOPE / AIR FLOW METER UNIT-T UT362,Ali Asger & Brothers LLC,MACRO,PO for SUPPLY OF ANEMOSCOPE / AIR FLOW METER UNIT-T UT362,Tools,Tools,102.11,USD,2016,1,982,RFPO-982-T1002,Base PO
RFPO-637-S9038-1,26 Jan 2016,PO forSUPPLY OF CO3 - COLOR CODE PANEL BOARD KEY BOX KEY HOLDER,Unspecified Supplier,MACRO,PO forSUPPLY OF CO3 - COLOR CODE PANEL BOARD KEY BOX KEY HOLDER,Services,Services,2086.82,USD,2016,1,637,RFPO-637-S9038,Base PO
RFPO-637-S9152-1,24 Jan 2016,PO for ISUPPLY OF CO3 - INSULATED FLEXIBLE CONDUIT GRAY 3/4 AND 1/2,Sazand Group. Co,MACRO,PO for ISUPPLY OF CO3 - INSULATED FLEXIBLE CONDUIT GRAY 3/4 AND 1/2,Services,Services,1390.62,USD,2016,1,637,RFPO-637-S9152,Base PO
RFPO-1192-V4257-1,24 Jan 2016,PO for ROCKWOOL,FUJEIRA ROCKWOOL FACTORY,MACRO,PO for ROCKWOOL,Various,Various,6797.11,USD,2016,1,1192,RFPO-1192-V4257,Base PO
RFPO-637-E9155-1,24 Jan 2016,PO for CO4 - SUPPLY OF VARIOUS ELECTRICAL MATERIALS,Sun Light Electricity Services,MACRO,PO for CO4 - SUPPLY OF VARIOUS ELECTRICAL MATERIALS,Electrical,Electrical,5756.52,USD,2016,1,637,RFPO-637-E9155,Base PO
RFPO-637-E9156-1,24 Jan 2016,PO for CO4 - SUPPLY OF VARIOUS ELECTRICAL MATERIALS,Sunlight Electrical Services,MACRO,PO for CO4 - SUPPLY OF VARIOUS ELECTRICAL MATERIALS,Electrical,Electrical,5751.62,USD,2016,1,637,RFPO-637-E9156,Base PO
RFPO-637-V6840-1,21 Jan 2016,PO forSUPPLY OF CO4 - EMT GLANDS 3-4 AND 1 INCH EMT COUPLING 1 INCH,CALA LOGISTICS SERVICES,MVL VENTURES,PO forSUPPLY OF CO4 - EMT GLANDS 3-4 AND 1 INCH EMT COUPLING 1 INCH,Various,Various,916.3,USD,2016,1,637,RFPO-637-V6840,Base PO
RFPO-566-E6816-1,20 Jan 2016,PO for WATT P&T VALVE AS PER ATTACHED PICTURE,HAJI GHANI SONS,MACRO,PO for WATT P&T VALVE AS PER ATTACHED PICTURE,Electrical,Electrical,1097.6,USD,2016,1,566,RFPO-566-E6816,Base PO
RFPO-637-E6834-1,20 Jan 2016,PO for SUPPLY OF CO3 - INSULATED FLEXIBLE CONDUIT GRAY 3/4 AND 1/2,Sun Light Electricity Services,MACRO,PO for SUPPLY OF CO3 - INSULATED FLEXIBLE CONDUIT GRAY 3/4 AND 1/2,Electrical,Electrical,735.6,USD,2016,1,637,RFPO-637-E6834,Base PO
RFPO-637-V6838-1,20 Jan 2016,PO for Thermostat - Danfoss (KP-61),KARYER A/C REF SPARE PARTS TRADING LLC,MACRO,PO for Thermostat - Danfoss (KP-61),Various,Various,330.84,USD,2016,1,637,RFPO-637-V6838,Base PO
RFPO-637-V6839-1,20 Jan 2016,PO for SUPPLY OF CO3 - DOOR STOPPER - HALF MOON TYPE XA803SC-UNION,CALA LOGISTICS SERVICES,MACRO,PO for SUPPLY OF CO3 - DOOR STOPPER - HALF MOON TYPE XA803SC-UNION,Various,Various,3116.4,USD,2016,1,637,RFPO-637-V6839,Base PO
PO-1005-V6873-2,20 Jan 2016,PO for Electrical Cable,Haji Ghani Sons Past Performance and Panel Board Manufacturing,MVL VENTURES,PO for Electrical Cable,Various,Various,680.12,USD,2016,1,1005,PO-1005-V6873,Change Order
RFPO-637-A5307-1,19 Jan 2016,PO for SUPPLY OF MOI NPCC - Grand Master key,AZIZ ULLAH NASARY WARDAK LTD,MACRO,PO for SUPPLY OF MOI NPCC - Grand Master key,Architectural,Architectural,2543.1,USD,2016,1,637,RFPO-637-A5307,Base PO
RFPO-637-V6831-1,18 Jan 2016,PO for FOX - SQUARE D DISCONNECT SWITHCES 30 AMP FUSIBLE INDOOR  WITH FUSE,Smart Eyes Security Systems Installation Company,MACRO,PO for FOX - SQUARE D DISCONNECT SWITHCES 30 AMP FUSIBLE INDOOR  WITH FUSE,Various,Various,15533.0,USD,2016,1,637,RFPO-637-V6831,Base PO
RFPO-637-V6832-1,18 Jan 2016,PO for 30 Amp Fusible Safety switch with Fuse (Out door),Duran Bros,MACRO,PO for 30 Amp Fusible Safety switch with Fuse (Out door),Various,Various,9751.0,USD,2016,1,637,RFPO-637-V6832,Base PO
RFPO-566-E6813-1,18 Jan 2016,PO for H-Type Lamp 70 Watt Philips,Sunlight Electrical Services,MACRO,PO for H-Type Lamp 70 Watt Philips,Electrical,Electrical,98.6,USD,2016,1,566,RFPO-566-E6813,Base PO
RFPO-637-V6833-1,18 Jan 2016,PO for PO_CO3 - CABLE TRAY,NovinSimia. Co,MVL VENTURES,PO for PO_CO3 - CABLE TRAY,Various,Various,693.84,USD,2016,1,637,RFPO-637-V6833,Base PO
RFPO-637-V6837-1,18 Jan 2016,PO for CO3 - CABLE TRAY,NovinSimia. Co,MACRO,PO for CO3 - CABLE TRAY,Various,Various,722.16,USD,2016,1,637,RFPO-637-V6837,Base PO
RFPO-637-V6828-1,17 Jan 2016,PO for FOX - CO BOQ 3 - ELECTRICAL MATERIALS,CALA LOGISTICS SERVICES,Unknown,PO for FOX - CO BOQ 3 - ELECTRICAL MATERIALS,Various,Various,2473.03,USD,2016,1,637,RFPO-637-V6828,Base PO
RFPO-982-V4352-1,17 Jan 2016,PO for MFNDU - PEGASUS 5 PANEL COLOR RIBBON AND STANDARD CARD 1*100 PACKET,Stationerydubai,MACRO,PO for MFNDU - PEGASUS 5 PANEL COLOR RIBBON AND STANDARD CARD 1*100 PACKET,Various,Various,667.12,USD,2016,1,982,RFPO-982-V4352,Base PO
PO-1005-E6948-2,17 Jan 2016,PO for Ceiling Fans- Panasonic- WITH 1100 MM RODS,Al Futtaim Panatech LLC,MVL ENERGY,PO for Ceiling Fans- Panasonic- WITH 1100 MM RODS,Electrical,Electrical,29673.25,USD,2016,1,1005,PO-1005-E6948,Change Order
RFPO-637-E6830-1,17 Jan 2016,PO for FOX - CO3 - H TYPE BULD 70W AND PELSAN 32 W-T8-3500K,Sunlight Electrical Services,MACRO,PO for FOX - CO3 - H TYPE BULD 70W AND PELSAN 32 W-T8-3500K,Electrical,Electrical,534.7,USD,2016,1,637,RFPO-637-E6830,Base PO
RFPO-637-V6828A-1,17 Jan 2016,PO for FOX - CO BOQ 3 - ELECTRICAL MATERIALS,CALA LOGISTICS SERVICES,MACRO,PO for FOX - CO BOQ 3 - ELECTRICAL MATERIALS,Various,Various,1546.93,USD,2016,1,637,RFPO-637-V6828A,Base PO
RFPO-1192-V4255-1,17 Jan 2016,PO for Office & Pantry for Ware House,Point Art Decor Consulting JLT,MACRO,PO for Office & Pantry for Ware House,Various,Various,5262.08,USD,2016,1,1192,RFPO-1192-V4255,Base PO
RFPO-566-V4255-1,14 Jan 2016,PO for KHAS KUNAR K2 - SPARES - VARIOUS MATERIALS,CALA LOGISTICS SERVICES,MACRO,PO for KHAS KUNAR K2 - SPARES - VARIOUS MATERIALS,Various,Various,1074.374,USD,2016,1,566,RFPO-566-V4255,Base PO
RFPO-637-A5305-1,14 Jan 2016,PO for SUPPLY AND INSTALLATION OF MOI NPCC - FOX -  Master Key for B# (302 to 307 ),AZIZ ULLAH NASARY WARDAK LTD,MACRO,PO for SUPPLY AND INSTALLATION OF MOI NPCC - FOX -  Master Key for B# (302 to 307 ),Architectural,Architectural,3528.0,USD,2016,1,637,RFPO-637-A5305,Base PO
RFPO-566-S9035-1,13 Jan 2016,PO for K2 - SPARES - VARIOUS SUBCON - ACTUATOR MOTOR FOR MOTORIZED DAMPER AND THERMOSTAT,Crown Creative Construction Company,MACRO,PO for K2 - SPARES - VARIOUS SUBCON - ACTUATOR MOTOR FOR MOTORIZED DAMPER AND THERMOSTAT,Services,Services,4745.0,USD,2016,1,566,RFPO-566-S9035,Base PO
RFPO-1192-V4360-1,12 Jan 2016,PO for MUG WHITE WITH RED CIRCLE AND HAND CERAMIC  2 FULL COLOR BANDING ON TWO SIDE WITH CARTON BOX AS SAMPLE,ALAM ALIBDAA,FIRESTOP,PO for MUG WHITE WITH RED CIRCLE AND HAND CERAMIC  2 FULL COLOR BANDING ON TWO SIDE WITH CARTON BOX AS SAMPLE,Various,Various,7115.59,USD,2016,1,1192,RFPO-1192-V4360,Base PO
PO-637-M4103-1,12 Jan 2016,PO for Supply of Flasher and Smoke Detector - Bosch,INDUSTRIAL EQUIPMENT CORP.,MACRO,PO for Supply of Flasher and Smoke Detector - Bosch,Mechanical,Mechanical,5159.75,USD,2016,1,637,PO-637-M4103,Base PO
RFPO-566-E6812-1,11 Jan 2016,PO for SAME DAY OF PAYMENT,Aramish Electric Co ltd,MACRO,PO for SAME DAY OF PAYMENT,Electrical,Electrical,577.22,USD,2016,1,566,RFPO-566-E6812,Base PO
RFPO-637-S9037-1,07 Jan 2016,PO for FOX MOI NPCC - CHANGE ORDER NO. 2 - VARIOUS MATERIALS,Unspecified Supplier,MACRO,PO for FOX MOI NPCC - CHANGE ORDER NO. 2 - VARIOUS MATERIALS,Services,Services,4832.311,USD,2016,1,637,RFPO-637-S9037,Base PO
PO-1005-E6953-1,07 Jan 2016,PO for Electrical BaseBoard Heaters,GLEN DIMPLEX IRELAND,MVL ENERGY,PO for Electrical BaseBoard Heaters,Electrical,Electrical,4605.06,USD,2016,1,1005,PO-1005-E6953,Base PO
Fresh PO-118,06 Jan 2016,Supply of Unit Heaters,Micron Ventures FZE,Unknown,Supply of Unit Heaters,Various,Various,3235.0,USD,2016,1,118,Fresh PO-118,Base PO
RFPO-637-V6827-1,04 Jan 2016,PO for BOBRICK SOAP DISPENSER B - 2111,WELKIN INTERNATIONAL,MACRO,PO for BOBRICK SOAP DISPENSER B - 2111,Various,Various,1680.0,USD,2016,1,637,RFPO-637-V6827,Base PO
RFPO-637-E6819C-1,04 Jan 2016,PO for Weatherproof Residual current Device -(GFCI) w/ metal Box SAME AS PER PICTURE,HAJI GHANI SONS,MACRO,PO for Weatherproof Residual current Device -(GFCI) w/ metal Box SAME AS PER PICTURE,Electrical,Electrical,30667.68,USD,2016,1,637,RFPO-637-E6819C,Base PO
RFPO-637-E6827-1,04 Jan 2016,PO for TL5 35 PHILIPS BULB 35 WATTS CODE NUMBER 5612-284,Sun Light Electricity Services,MACRO,PO for TL5 35 PHILIPS BULB 35 WATTS CODE NUMBER 5612-284,Electrical,Electrical,1078.0,USD,2016,1,637,RFPO-637-E6827,Base PO
PO-1005-M6901-1,04 Jan 2016,PO for Electrical Unit Heaters 2kw - PLX2000 AND 1KW - PLX1000,GLEN DIMPLEX IRELAND,MACRO,PO for Electrical Unit Heaters 2kw - PLX2000 AND 1KW - PLX1000,Mechanical,Mechanical,20405.06,USD,2016,1,1005,PO-1005-M6901,Base PO
RFPO-637-E6828-1,04 Jan 2016,PO for FOX MOI NPCC TL5 35 PHILIPS BULB 35 WATTS 5 feet,Sun Light Electricity Services,MACRO,PO for FOX MOI NPCC TL5 35 PHILIPS BULB 35 WATTS 5 feet,Electrical,Electrical,1078.0,USD,2016,1,637,RFPO-637-E6828,Base PO
RFPO-637-V6826-1,03 Jan 2016,PO for 30 Amp Fusible Safety switch with Fuse (Out door),Duran Bros,MACRO,PO for 30 Amp Fusible Safety switch with Fuse (Out door),Various,Various,24360.0,USD,2016,1,637,RFPO-637-V6826,Base PO
RFPO-637-V6826-2,03 Jan 2016,PO for MOI NPCC FIT OUT SUPPLY OF  30 Amp Fusible Safety switch AND 100 Amp Fusible Safety switch WITH FUSE,Duran Bros,MACRO,PO for MOI NPCC FIT OUT SUPPLY OF  30 Amp Fusible Safety switch AND 100 Amp Fusible Safety switch WITH FUSE,Various,Various,22814.4,USD,2016,1,637,RFPO-637-V6826,Change Order
RFPO-637-E6826-1,31 Dec 2015,PO for AC- Cable 4x4 mm2,HAJI GHANI SONS,MACRO,PO for AC- Cable 4x4 mm2,Electrical,Electrical,2254.0,USD,2015,12,637,RFPO-637-E6826,Base PO
RFPO-637-S9035-1,30 Dec 2015,"PO for Cable Tie, 250mm",Unspecified Supplier,MACRO,"PO for Cable Tie, 250mm",Services,Services,4367.302,USD,2015,12,637,RFPO-637-S9035,Base PO
RFPO-781-V4252-2,29 Dec 2015,"PO for ANSI GRADE 1 LOCKSET, J LEVER ON LN ROSE, CYLINDER BOTH SIDES WITH 2 KEYS EACH, FAIL SECURE 24VDC REX SWITCH SSS",Abdulaziz and Saad Almoajil Co,MACRO,"PO for ANSI GRADE 1 LOCKSET, J LEVER ON LN ROSE, CYLINDER BOTH SIDES WITH 2 KEYS EACH, FAIL SECURE 24VDC REX SWITCH SSS",Various,Various,980.26,USD,2015,12,781,RFPO-781-V4252,Change Order
RFPO-637-E6825-1,29 Dec 2015,PO for FIRE ALARM CABLE ** MM RED ERSE KABLO,HAJI GHANI SONS,MACRO,PO for FIRE ALARM CABLE ** MM RED ERSE KABLO,Electrical,Electrical,7056.0,USD,2015,12,637,RFPO-637-E6825,Base PO
RFPO-637-V6825-1,29 Dec 2015,"PO for GENERAL SAFETY SWITCH 30 AMPS, FUSIBLE, 3 PHASE , INDOOR",CALA LOGISTICS SERVICES,MACRO,"PO for GENERAL SAFETY SWITCH 30 AMPS, FUSIBLE, 3 PHASE , INDOOR",Various,Various,20790.01,USD,2015,12,637,RFPO-637-V6825,Base PO
RFPO-637-V6823-1,28 Dec 2015,PO for 3 EA DOOR SILENCERS L03011,HASHMATKHAN STEEL,MACRO,PO for 3 EA DOOR SILENCERS L03011,Various,Various,1097.6,USD,2015,12,637,RFPO-637-V6823,Base PO
RFPO-637-B5302B-1,28 Dec 2015,PO for OVER HEAD DOOR CLOSER LOW RESISTANCE 88234,AZIZ ULLAH NASARY WARDAK LTD,MACRO,PO for OVER HEAD DOOR CLOSER LOW RESISTANCE 88234,Various,Various,5598.0,USD,2015,12,637,RFPO-637-B5302B,Base PO
RFPO-637-V6824-1,28 Dec 2015,PO for TERMINAL LUG 4MM,CALA LOGISTICS SERVICES,MVL VENTURES,PO for TERMINAL LUG 4MM,Various,Various,176.4,USD,2015,12,637,RFPO-637-V6824,Base PO
RFPO-637-V6822-1,22 Dec 2015,PO for CONNECTOR 3/4 inch,CALA LOGISTICS SERVICES,MACRO,PO for CONNECTOR 3/4 inch,Various,Various,453.054,USD,2015,12,637,RFPO-637-V6822,Base PO
RFPO-637-E6824-1,22 Dec 2015,PO for TL5-35 lamp for B1 fixtures,Sunlight Electrical Services,MACRO,PO for TL5-35 lamp for B1 fixtures,Electrical,Electrical,503.72,USD,2015,12,637,RFPO-637-E6824,Base PO
RFPO-637-S9051-1,21 Dec 2015,PO for Course aggregate 5-10mm,Torrent Logistics and Supply Services,MACRO,PO for Course aggregate 5-10mm,Services,Services,317.52,USD,2015,12,637,RFPO-637-S9051,Base PO
RFPO-637-E6823-1,20 Dec 2015,PO for ELECTRICAL WIRE SOLID 4MM2 BROWN,HAJI GHANI SONS,MACRO,PO for ELECTRICAL WIRE SOLID 4MM2 BROWN,Electrical,Electrical,4902.0,USD,2015,12,637,RFPO-637-E6823,Base PO
RFPO-637-V6821-1,20 Dec 2015,PO for MARBLES 4 CM THICKNESS / 60 CM WIDE,CALA LOGISTICS SERVICES,MACRO,PO for MARBLES 4 CM THICKNESS / 60 CM WIDE,Various,Various,1004.304,USD,2015,12,637,RFPO-637-V6821,Base PO
RFPO-637-E6819B-1,20 Dec 2015,PO for Weatherproof Residual current Device -(GFCI) w/ metal Box SAME AS PER PICTURE,HAJI GHANI SONS,MACRO,PO for Weatherproof Residual current Device -(GFCI) w/ metal Box SAME AS PER PICTURE,Electrical,Electrical,30478.65,USD,2015,12,637,RFPO-637-E6819B,Base PO
RFPO-1005-M6985-1,20 Dec 2015,PO for JZX-15 -50 SEMI ELECTRIC STACKER 1.5 TON CAPACITY 5 M HEIGHT,HEBEI DOUBLE GOATS GRINDING WHEEL MANUFACTUING FZCO,MICRON,PO for JZX-15 -50 SEMI ELECTRIC STACKER 1.5 TON CAPACITY 5 M HEIGHT,Mechanical,Mechanical,4220.56,USD,2015,12,1005,RFPO-1005-M6985,Base PO
RFPO-637-A5302A-1,16 Dec 2015,PO for OVER HEAD DOOR CLOSER LOW RESISTANCE 88234,AZIZ ULLAH NASARY WARDAK LTD,MACRO,PO for OVER HEAD DOOR CLOSER LOW RESISTANCE 88234,Architectural,Architectural,6046.0,USD,2015,12,637,RFPO-637-A5302A,Base PO
RFPO-637-V4277-1,16 Dec 2015,PO for Wiring tag letter ( L ),CALA LOGISTICS SERVICES,MACRO,PO for Wiring tag letter ( L ),Various,Various,552.72,USD,2015,12,637,RFPO-637-V4277,Base PO
RFPO-637-E6821-1,16 Dec 2015,PO for IMC Conduit #3/4 (3 mtr per lenght) Alex Brand,HAJI GHANI SONS,MACRO,PO for IMC Conduit #3/4 (3 mtr per lenght) Alex Brand,Electrical,Electrical,1158.3,USD,2015,12,637,RFPO-637-E6821,Base PO
Fresh PO-1,16 Dec 2015,PO for,HAJI GHANI SONS,Unknown,PO for,Various,Various,1158.3,USD,2015,12,1,Fresh PO-1,Base PO
RFPO-637-E6822-1,16 Dec 2015,PO for IMC Conduit #3/4 (3 mtr per lenght) Alex Brand,HAJI GHANI SONS,MACRO,PO for IMC Conduit #3/4 (3 mtr per lenght) Alex Brand,Electrical,Electrical,1135.134,USD,2015,12,637,RFPO-637-E6822,Base PO
RFPO-637-E6820-1,16 Dec 2015,"PO for Terminal Lugs, 300mm2",CALA LOGISTICS SERVICES,MACRO,"PO for Terminal Lugs, 300mm2",Electrical,Electrical,2631.52,USD,2015,12,637,RFPO-637-E6820,Base PO
PO-1005-E6948-1,16 Dec 2015,PO for Electrical Unit Heater-Exproof Pitsan,PITSAN Makina Sanayii Ve Tic Ltd. STI.,MVL ENERGY,PO for Electrical Unit Heater-Exproof Pitsan,Electrical,Electrical,6400.0,USD,2015,12,1005,PO-1005-E6948,Base PO
PO-1005-V6863-3,16 Dec 2015,PO for Supply Of Electric Cables,HAJI GHANI SONS,MVL VENTURES,PO for Supply Of Electric Cables,Various,Various,2598.96,USD,2015,12,1005,PO-1005-V6863,Change Order
RFPO-637-V4273-1,15 Dec 2015,"PO for FOX MOI NPCC - DOOR HARDWARES - ITEM 1, 3 , 8 AND 10",HASHMATKHAN STEEL,MACRO,"PO for FOX MOI NPCC - DOOR HARDWARES - ITEM 1, 3 , 8 AND 10",Various,Various,2698.92,USD,2015,12,637,RFPO-637-V4273,Base PO
RFPO-637-A5302-1,15 Dec 2015,"PO for FOX MOI NPCC - DOOR HARDWARES - ITEM 2, 4, 5, 6, AND 9",AZIZ ULLAH NASARY WARDAK LTD,MACRO,"PO for FOX MOI NPCC - DOOR HARDWARES - ITEM 2, 4, 5, 6, AND 9",Architectural,Architectural,5578.0,USD,2015,12,637,RFPO-637-A5302,Base PO
RFPO-637-S9034-1,15 Dec 2015,PO for Tile Bound ( for window marble sill ),Unspecified Supplier,MACRO,PO for Tile Bound ( for window marble sill ),Services,Services,1310.015,USD,2015,12,637,RFPO-637-S9034,Base PO
RFPO-637-V4276-1,15 Dec 2015,"PO for WEATHER STRIPPING- 1 inches wide x 5mm thickness *7,5 meters long / roll",CALA LOGISTICS SERVICES,MACRO,"PO for WEATHER STRIPPING- 1 inches wide x 5mm thickness *7,5 meters long / roll",Various,Various,3866.1,USD,2015,12,637,RFPO-637-V4276,Base PO
RFPO-637-V4274-1,14 Dec 2015,PO for MARBLES 4 cm thickness / 60 cm wide,CALA LOGISTICS SERVICES,MACRO,PO for MARBLES 4 cm thickness / 60 cm wide,Various,Various,872.6,USD,2015,12,637,RFPO-637-V4274,Base PO
RFPO-781-V4252-1,14 Dec 2015,"PO for ANSI GRADE 1 LOCKSET, J LEVER ON LN ROSE, CYLINDER BOTH SIDES WITH 2 KEYS EACH, FAIL SECURE 24VDC REX SWITCH SSS",Abdulaziz and Saad Almoajil Co,MACRO,"PO for ANSI GRADE 1 LOCKSET, J LEVER ON LN ROSE, CYLINDER BOTH SIDES WITH 2 KEYS EACH, FAIL SECURE 24VDC REX SWITCH SSS",Various,Various,5884.56,USD,2015,12,781,RFPO-781-V4252,Base PO
RFPO-637-T1001-1,13 Dec 2015,PO for Fluke 62 MAX+,Ali Asger & Brothers LLC,MACRO,PO for Fluke 62 MAX+,Tools,Tools,1245.75,USD,2015,12,637,RFPO-637-T1001,Base PO
RFPO-637-E6819A-1,10 Dec 2015,PO for Weatherproof Residual current Device -(GFCI) w/ metal Box SAME AS PER PICTURE,HAJI GHANI SONS,MACRO,PO for Weatherproof Residual current Device -(GFCI) w/ metal Box SAME AS PER PICTURE,Electrical,Electrical,39773.7,USD,2015,12,637,RFPO-637-E6819A,Base PO
RFPO-637-V4272-1,09 Dec 2015,PO for CIRCUIT BREAKERS 25A 2P RCCB TYPE HYUNDAI - KOREA BRAND,NovinSimia. Co,MACRO,PO for CIRCUIT BREAKERS 25A 2P RCCB TYPE HYUNDAI - KOREA BRAND,Various,Various,2187.36,USD,2015,12,637,RFPO-637-V4272,Base PO
RFPO-637-E6819-1,09 Dec 2015,PO for FOX - COMPLETION BOQ - ELECTRICAL 63 - 103,HAJI GHANI SONS,MACRO,PO for FOX - COMPLETION BOQ - ELECTRICAL 63 - 103,Electrical,Electrical,39177.1,USD,2015,12,637,RFPO-637-E6819,Base PO
RFPO-637-V4270-1,08 Dec 2015,PO for INSTALLATION OF HAND DRYER AND PAPER DISPENSER AND SUPPLY OF VARIOUS MATERIALS,CALA LOGISTICS SERVICES,MACRO,PO for INSTALLATION OF HAND DRYER AND PAPER DISPENSER AND SUPPLY OF VARIOUS MATERIALS,Various,Various,2231.558,USD,2015,12,637,RFPO-637-V4270,Base PO
RFPO-637-E6818-1,08 Dec 2015,"PO for CIRCUIT BREAKER, 1P, C TYPE, 32A, 6KA",GMG DIS TICARET LTD. STI,MACRO,"PO for CIRCUIT BREAKER, 1P, C TYPE, 32A, 6KA",Electrical,Electrical,2863.2,USD,2015,12,637,RFPO-637-E6818,Base PO
PO-1005-A5306-4,08 Dec 2015,VARIOUS JOTUN PAINTS,AYESH Building Materials Trading Co. LLC,MVL ARABIA,VARIOUS JOTUN PAINTS,Architectural,Architectural,11677.33,USD,2015,12,1005,PO-1005-A5306,Change Order
RFPO-637-E6818A-1,08 Dec 2015,"PO for CIRCUIT BREAKER, 1P, C TYPE, 32A, 6KA",GMG DIS TICARET LTD. STI,MACRO,"PO for CIRCUIT BREAKER, 1P, C TYPE, 32A, 6KA",Electrical,Electrical,4118.58,USD,2015,12,637,RFPO-637-E6818A,Base PO
RFPO-637-V4261-2,07 Dec 2015,PO for INSTALLATION OF STAINLESS SINK TO THE MARBLE,CALA LOGISTICS SERVICES,MACRO,PO for INSTALLATION OF STAINLESS SINK TO THE MARBLE,Various,Various,588.0,USD,2015,12,637,RFPO-637-V4261,Change Order
RFPO-637-E6817-1,07 Dec 2015,PO for HAND DRYER AND PAPER DISPENSER  AS PER APPROVED SAMPLE AT SITE,HAJI GHANI SONS,MACRO,PO for HAND DRYER AND PAPER DISPENSER  AS PER APPROVED SAMPLE AT SITE,Electrical,Electrical,1100.0,USD,2015,12,637,RFPO-637-E6817,Base PO
RFPO-637-V4269-1,06 Dec 2015,"PO for FOX BOQ - VARIOUS MATERIALS (ITEM 69,70,88,89)",NovinSimia. Co,MACRO,"PO for FOX BOQ - VARIOUS MATERIALS (ITEM 69,70,88,89)",Various,Various,548.957,USD,2015,12,637,RFPO-637-V4269,Base PO
RFPO-637-V4351-1,05 Dec 2015,"PO for NPCC O AND M MANUALS (CIVIL, MECHANICAL, ELECTRICAL, COMMUNICATION AND PLUMBING)",ELIA TRANSLATION CENTER,MACRO,"PO for NPCC O AND M MANUALS (CIVIL, MECHANICAL, ELECTRICAL, COMMUNICATION AND PLUMBING)",Various,Various,14482.44,USD,2015,12,637,RFPO-637-V4351,Base PO
PO-1005-A5306-1,01 Dec 2015,PO for SIGMA Guardian Primer (White) 15 Ltr,Emirates National Chemical Industries LLC,MVL ARABIA,PO for SIGMA Guardian Primer (White) 15 Ltr,Architectural,Architectural,5968.0,USD,2015,12,1005,PO-1005-A5306,Base PO
PO-1005-A5306-3,01 Dec 2015,PO for  SUPPLY OF ALKYD,Hitech Industries FZE,MVL ARABIA,PO for  SUPPLY OF ALKYD,Architectural,Architectural,7478.4,USD,2015,12,1005,PO-1005-A5306,Change Order
PO-1005-E6929-1,01 Dec 2015,PO for Electric Heater-2KW,GLEN DIMPLEX IRELAND,MVL ENERGY,PO for Electric Heater-2KW,Electrical,Electrical,75443.04,USD,2015,12,1005,PO-1005-E6929,Base PO
RFPO-637-V4268-1,01 Dec 2015,PO for FX 2.3 CONTROLLER,VENCO,MVL VENTURES,PO for FX 2.3 CONTROLLER,Various,Various,319.57,USD,2015,12,637,RFPO-637-V4268,Base PO
PO-1005-A5306-2,30 Nov 2015,SIGMA Decor Paints,Fastco Trading LLC,MVL ARABIA,SIGMA Decor Paints,Architectural,Architectural,14295.44,USD,2015,11,1005,PO-1005-A5306,Change Order
RFPO-637-E6816-1,30 Nov 2015,PO for WASHER,HAJI GHANI SONS,MACRO,PO for WASHER,Electrical,Electrical,235.2,USD,2015,11,637,RFPO-637-E6816,Base PO
RFPO-637-V4267-1,30 Nov 2015,PO for Ref. Piping diameter= 12.70mm x 0.56mm with Heat  Insulator & 6.35mm x46mm with heat insulator,CALA LOGISTICS SERVICES,MACRO,PO for Ref. Piping diameter= 12.70mm x 0.56mm with Heat  Insulator & 6.35mm x46mm with heat insulator,Various,Various,367.5,USD,2015,11,637,RFPO-637-V4267,Base PO
RFPO-637-V4266-1,29 Nov 2015,PO for PHOTO CELL  PART NO. 2002,INDUSTRIAL EQUIPMENT CORP.,MACRO,PO for PHOTO CELL  PART NO. 2002,Various,Various,512.0,USD,2015,11,637,RFPO-637-V4266,Base PO
RFPO-637-V4265-1,29 Nov 2015,PO for FOX - SPARES - CERAMIC TILES 20*20 CM,United Ceramics & Building Materials,MACRO,PO for FOX - SPARES - CERAMIC TILES 20*20 CM,Various,Various,2572.5,USD,2015,11,637,RFPO-637-V4265,Base PO
RFPO-637-E6815-1,29 Nov 2015,PO for COMPLETION AND SPARES - FLUORESCENT BULB AND HIGH PRESSURE SODIUM LAMP,Sun Light Electricity Services,MACRO,PO for COMPLETION AND SPARES - FLUORESCENT BULB AND HIGH PRESSURE SODIUM LAMP,Electrical,Electrical,5404.896,USD,2015,11,637,RFPO-637-E6815,Base PO
RFPO-637-S9032-1,25 Nov 2015,PO for FOX SPARES - PLUMBING ITEM 5-8 AND ITEM 15 AND 16,Unspecified Supplier,MVL SOLUTIONS,PO for FOX SPARES - PLUMBING ITEM 5-8 AND ITEM 15 AND 16,Services,Services,631.72,USD,2015,11,637,RFPO-637-S9032,Base PO
RFPO-637-V4263-1,25 Nov 2015,PO for FOX SPARES - PLUMBING ITEM 1-4 AND 9-14,CALA LOGISTICS SERVICES,MACRO,PO for FOX SPARES - PLUMBING ITEM 1-4 AND 9-14,Various,Various,1098.678,USD,2015,11,637,RFPO-637-V4263,Base PO
RFPO-637-V4264-1,25 Nov 2015,PO for Marine Plywood Water Proof (Paintable),Mohammadi Store,MACRO,PO for Marine Plywood Water Proof (Paintable),Various,Various,364.56,USD,2015,11,637,RFPO-637-V4264,Base PO
RFPO-637-E6813-1,24 Nov 2015,PO for LITHONIA EXIT SIGN SINGLE OR DOUBLE FACE AS PER APPROVED SAMPLE,HAJI GHANI SONS,MACRO,PO for LITHONIA EXIT SIGN SINGLE OR DOUBLE FACE AS PER APPROVED SAMPLE,Electrical,Electrical,10205.0,USD,2015,11,637,RFPO-637-E6813,Base PO
RFPO-637-M4101-1,24 Nov 2015,PO for AIR FILTER AND AC REMOTE CONTROLLER,United Electronics Co. LLC,MACRO,PO for AIR FILTER AND AC REMOTE CONTROLLER,Mechanical,Mechanical,1334.24,USD,2015,11,637,RFPO-637-M4101,Base PO
PO-1005-E6945-1,24 Nov 2015,PO for Ceiling Fan,Al Futtaim Panatech LLC,MVL ENERGY,PO for Ceiling Fan,Electrical,Electrical,2859.09,USD,2015,11,1005,PO-1005-E6945,Base PO
RFPO-637-V4262-1,23 Nov 2015,PO for White cement,Lutfudden,MACRO,PO for White cement,Various,Various,691.88,USD,2015,11,637,RFPO-637-V4262,Base PO
RFPO-637-E6814-1,22 Nov 2015,PO for H1 EXTERIOR LIGHTING FIXTURE  AS PER APPROVED SAMPLE,HAJI GHANI SONS,MACRO,PO for H1 EXTERIOR LIGHTING FIXTURE  AS PER APPROVED SAMPLE,Electrical,Electrical,3087.0,USD,2015,11,637,RFPO-637-E6814,Base PO
RFPO-637-V4261-1,22 Nov 2015,"PO for SUPPLY, DELIVERY AND INSTALLATION OF MARBLE 40MM FOR KITCHEN CABINETS",CALA LOGISTICS SERVICES,MACRO,"PO for SUPPLY, DELIVERY AND INSTALLATION OF MARBLE 40MM FOR KITCHEN CABINETS",Various,Various,5427.436,USD,2015,11,637,RFPO-637-V4261,Base PO
RFPO-637-E6812-1,18 Nov 2015,PO for FIRE ALARM CABLE 1*2*2.5 mm RED ERSE KABLO,HAJI GHANI SONS,MACRO,PO for FIRE ALARM CABLE 1*2*2.5 mm RED ERSE KABLO,Electrical,Electrical,7644.0,USD,2015,11,637,RFPO-637-E6812,Base PO
RFPO-637-V4260-1,17 Nov 2015,PO for Sand,Commerce international Ltd,MVL VENTURES,PO for Sand,Various,Various,2218.192,USD,2015,11,637,RFPO-637-V4260,Base PO
RFPO-566-V4254-1,16 Nov 2015,PO for VKM 100 E,Vents,MACRO,PO for VKM 100 E,Various,Various,2220.2,USD,2015,11,566,RFPO-566-V4254,Base PO
RFPO-566-E6810-1,15 Nov 2015,PO for BULB FOR FRANCIS SEARCH LIGHT,HAJI GHANI SONS,MACRO,PO for BULB FOR FRANCIS SEARCH LIGHT,Electrical,Electrical,44.1,USD,2015,11,566,RFPO-566-E6810,Base PO
RFPO-637-V4258-1,15 Nov 2015,PO for Fire alarm junction boxes 12x12,Unspecified Supplier,MVL VENTURES,PO for Fire alarm junction boxes 12x12,Various,Various,4580.26,USD,2015,11,637,RFPO-637-V4258,Base PO
PO-1005-M6903-1,15 Nov 2015,PO for Electrical wires and Cables,HES HACILAR ELEKTRIK SANAYI VE TICARET A.S.,MACRO,PO for Electrical wires and Cables,Mechanical,Mechanical,49578.85,USD,2015,11,1005,PO-1005-M6903,Base PO
RFPO-637-V4255-1,12 Nov 2015,PO for TERRAZZO TILES,Pamir Artificial Stone Manufacture,MACRO,PO for TERRAZZO TILES,Various,Various,2149.14,USD,2015,11,637,RFPO-637-V4255,Base PO
RFPO-637-V4257-1,12 Nov 2015,PO for AMEREX FIRE EXTINGUISHER W/ STEEL CABINET,CALA LOGISTICS SERVICES,MACRO,PO for AMEREX FIRE EXTINGUISHER W/ STEEL CABINET,Various,Various,2469.6,USD,2015,11,637,RFPO-637-V4257,Base PO
RFPO-637-E6811A-1,12 Nov 2015,PO for SUPPLY OF NYLON CABLE TIE,HAJI GHANI SONS,MACRO,PO for SUPPLY OF NYLON CABLE TIE,Electrical,Electrical,2577.4,USD,2015,11,637,RFPO-637-E6811A,Base PO
RFPO-637-S9110A-1,12 Nov 2015,PO for Horizontal 90 degree 30 cm Aluminum sheet thickness 1 .mm,NovinSimia. Co,MACRO,PO for Horizontal 90 degree 30 cm Aluminum sheet thickness 1 .mm,Services,Services,3515.1,USD,2015,11,637,RFPO-637-S9110A,Base PO
PO-1005-M6877-1,10 Nov 2015,PO for Ceiling Fan,Al Futtaim Panatech LLC,MACRO,PO for Ceiling Fan,Mechanical,Mechanical,45949.63,USD,2015,11,1005,PO-1005-M6877,Base PO
PO-1005-M6902-1,10 Nov 2015,PO for Ceiling Fan,Al Futtaim Panatech LLC,MACRO,PO for Ceiling Fan,Mechanical,Mechanical,9223.96,USD,2015,11,1005,PO-1005-M6902,Base PO
PO-1005-M6907-1,10 Nov 2015,"PO for Fire extinguisher Dry chemical  type,at least 8kg.",Bristol Fire Engineering LLC,MACRO,"PO for Fire extinguisher Dry chemical  type,at least 8kg.",Mechanical,Mechanical,4166.1,USD,2015,11,1005,PO-1005-M6907,Base PO
RFPO-637-S9101-2,09 Nov 2015,PO for DP and Power Pole,NovinSimia. Co,MACRO,PO for DP and Power Pole,Services,Services,71058.3,USD,2015,11,637,RFPO-637-S9101,Change Order
RFPO-637-E6810-1,08 Nov 2015,PO for LIQUID TYPE FLEXIBLE CONDUIT 3/4,HAJI GHANI SONS,MACRO,PO for LIQUID TYPE FLEXIBLE CONDUIT 3/4,Electrical,Electrical,2077.6,USD,2015,11,637,RFPO-637-E6810,Base PO
RFPO-637-E6809-1,05 Nov 2015,PO for Supply of Washer 8 mm and Nut 8 mm 30 kgs each,HAJI GHANI SONS,MACRO,PO for Supply of Washer 8 mm and Nut 8 mm 30 kgs each,Electrical,Electrical,235.2,USD,2015,11,637,RFPO-637-E6809,Base PO
RFPO-637-V4253A-1,05 Nov 2015,"PO for Insulated, Fire Rated, Temper Glasses",CRYSTAL MOQADAS LTD,MACRO,"PO for Insulated, Fire Rated, Temper Glasses",Various,Various,6733.3325,USD,2015,11,637,RFPO-637-V4253A,Base PO
RFPO-982-S9080-1,05 Nov 2015,PO for Dining Facility,World Gate Engineering & Construction,MACRO,PO for Dining Facility,Services,Services,5988.0,USD,2015,11,982,RFPO-982-S9080,Base PO
RFPO-566-E6808A-1,05 Nov 2015,PO for  Supply of 2ND ORDER BORSAN ELECTRICAL CABLES FOR BUILDING 302-307,HAJI GHANI SONS,MACRO,PO for  Supply of 2ND ORDER BORSAN ELECTRICAL CABLES FOR BUILDING 302-307,Electrical,Electrical,64528.639,USD,2015,11,566,RFPO-566-E6808A,Base PO
PO-1005-E6943-1,04 Nov 2015,PO for Electrical Wires,HES HACILAR ELEKTRIK SANAYI VE TICARET A.S.,MVL ENERGY,PO for Electrical Wires,Electrical,Electrical,125594.6,USD,2015,11,1005,PO-1005-E6943,Base PO
RFPO-637-S9031-1,03 Nov 2015,PO for SIKAFLEX POLYURETHANE SEALANT CONSTRUCTION (gray Color),Unspecified Supplier,MVL SOLUTIONS,PO for SIKAFLEX POLYURETHANE SEALANT CONSTRUCTION (gray Color),Services,Services,1058.4,USD,2015,11,637,RFPO-637-S9031,Base PO
RFPO-566-E6809-1,03 Nov 2015,PO for PRESSURE REGULATOR AS PER APPROVED PICTURE,HAJI GHANI SONS,MACRO,PO for PRESSURE REGULATOR AS PER APPROVED PICTURE,Electrical,Electrical,467.5,USD,2015,11,566,RFPO-566-E6809,Base PO
RFPO-637-V4254-1,02 Nov 2015,PO for Wardak Marble for window sill and Door Threshold - 30mm,Pamir Artificial Stone Manufacture,MACRO,PO for Wardak Marble for window sill and Door Threshold - 30mm,Various,Various,3298.44,USD,2015,11,637,RFPO-637-V4254,Base PO
RFPO-566-E6807-1,01 Nov 2015,PO for REELCRAFT HOSE REEL MODEL (159654),HAJI GHANI SONS,MACRO,PO for REELCRAFT HOSE REEL MODEL (159654),Electrical,Electrical,1248.0,USD,2015,11,566,RFPO-566-E6807,Base PO
RFPO-566-E6808-1,01 Nov 2015,PO forSupply Of BORSAN ELECTRICAL CABLES FOR BUILDING 302-307,HAJI GHANI SONS,MACRO,PO forSupply Of BORSAN ELECTRICAL CABLES FOR BUILDING 302-307,Electrical,Electrical,35424.0,USD,2015,11,566,RFPO-566-E6808,Base PO
RFPO-637-E6800-1,29 Oct 2015,PO for Various Electrical Materials And Accessories For building 302 - 307,HAJI GHANI SONS,MACRO,PO for Various Electrical Materials And Accessories For building 302 - 307,Electrical,Electrical,3009.6,USD,2015,10,637,RFPO-637-E6800,Base PO
RFPO-637-V4253-1,28 Oct 2015,"PO for Insulated, Fire Rated, Temper Glasses",CRYSTAL MOQADAS LTD,MACRO,"PO for Insulated, Fire Rated, Temper Glasses",Various,Various,5829.3404,USD,2015,10,637,RFPO-637-V4253,Base PO
Fresh PO-117,28 Oct 2015,SUPPLY OF 566 (MEC) VARIOUS SPARE PARTS,CALA LOGISTICS SERVICES,Unknown,SUPPLY OF 566 (MEC) VARIOUS SPARE PARTS,Various,Various,3169.9,USD,2015,10,117,Fresh PO-117,Base PO
RFPO-566-E6806A-1,28 Oct 2015,"PO for Spares - MODUS P236, HELVAR EL2 Ballast",Aramish Electric Co ltd,MACRO,"PO for Spares - MODUS P236, HELVAR EL2 Ballast",Electrical,Electrical,2566.08,USD,2015,10,566,RFPO-566-E6806A,Base PO
RFPO-566-V4253-1,28 Oct 2015,PO for 566 (MEC) VARIOUS SPARE PARTS,CALA LOGISTICS SERVICES,MACRO,PO for 566 (MEC) VARIOUS SPARE PARTS,Various,Various,2421.024,USD,2015,10,566,RFPO-566-V4253,Base PO
RFPO-1192-V4251-2,27 Oct 2015,SAFETY MATERIALS FOR FIRE STOP PERSONNEL,Midas Safety,MVL VENTURES,SAFETY MATERIALS FOR FIRE STOP PERSONNEL,Various,Various,209.12,USD,2015,10,1192,RFPO-1192-V4251,Change Order
RFPO-566-E6805A-1,26 Oct 2015,PO for EF-01-02 GREENHECK CW-121-K-X,Khan Brothers,MACRO,PO for EF-01-02 GREENHECK CW-121-K-X,Electrical,Electrical,3409.0,USD,2015,10,566,RFPO-566-E6805A,Base PO
RFPO-566-S9033A-1,25 Oct 2015,PO for Aluminum Exhaust Grille with Damper,Crown Creative Construction Company,MACRO,PO for Aluminum Exhaust Grille with Damper,Services,Services,2024.0,USD,2015,10,566,RFPO-566-S9033A,Base PO
RFPO-566-S9034-1,25 Oct 2015,PO for Actuator Motor For Galv. Motorized Damper  135x1500mm,Crown Creative Construction Company,MACRO,PO for Actuator Motor For Galv. Motorized Damper  135x1500mm,Services,Services,4419.28,USD,2015,10,566,RFPO-566-S9034,Base PO
PO-1005-V6863-2,25 Oct 2015,PO for Electrical Copper Wire,HAJI GHANI SONS,MVL VENTURES,PO for Electrical Copper Wire,Various,Various,282.0,USD,2015,10,1005,PO-1005-V6863,Change Order
RFPO-566-E6805-1,25 Oct 2015,PO for EF-01-02 GREENHECK CW-121-K-X,Khan Brothers,MACRO,PO for EF-01-02 GREENHECK CW-121-K-X,Electrical,Electrical,3376.0,USD,2015,10,566,RFPO-566-E6805,Base PO
RFPO-566-V4352-1,22 Oct 2015,PO for Testing and Commissioning (5TH ORDER),Falcon Eyes Logistic and Services,MACRO,PO for Testing and Commissioning (5TH ORDER),Various,Various,3360.0,USD,2015,10,566,RFPO-566-V4352,Base PO
RFPO-566-E6804A-1,22 Oct 2015,PO for Ablution Mixer 1inch,HAJI GHANI SONS,MACRO,PO for Ablution Mixer 1inch,Electrical,Electrical,648.96,USD,2015,10,566,RFPO-566-E6804A,Base PO
RFPO-566-E6803-1,20 Oct 2015,EXP PROOF FAN CBF-300 220 VAC .18 KW,HAJI GHANI SONS,MACRO,EXP PROOF FAN CBF-300 220 VAC .18 KW,Electrical,Electrical,484.0,USD,2015,10,566,RFPO-566-E6803,Base PO
RFPO-566-V4252-1,20 Oct 2015,PO for Hand Over Fuel,Falcon Eyes Logistic and Services,MACRO,PO for Hand Over Fuel,Various,Various,15552.0,USD,2015,10,566,RFPO-566-V4252,Base PO
RFPO-637-V4252-1,19 Oct 2015,PO for Installation of Door Signages (4 Screws),CALA LOGISTICS SERVICES,MACRO,PO for Installation of Door Signages (4 Screws),Various,Various,2318.4,USD,2015,10,637,RFPO-637-V4252,Base PO
RFPO-637-S9101-1,19 Oct 2015,PO for DP and Power Pole,NovinSimia. Co,MACRO,PO for DP and Power Pole,Services,Services,66300.0,USD,2015,10,637,RFPO-637-S9101,Base PO
PO-1005-V6863-1,18 Oct 2015,PO for HES Kablo - Electrical Cables,HES HACILAR ELEKTRIK SANAYI VE TICARET A.S.,MVL VENTURES,PO for HES Kablo - Electrical Cables,Various,Various,265775.76,USD,2015,10,1005,PO-1005-V6863,Base PO
RFPO-566-V4251-1,12 Oct 2015,PO for Supply of Spares - Generator Parts,Unspecified Supplier,MVL VENTURES,PO for Supply of Spares - Generator Parts,Various,Various,2924.8,USD,2015,10,566,RFPO-566-V4251,Base PO
RFPO-566-S9031-1,11 Oct 2015,PO for Motorized damper with Louver and Filter  (300mmHx400mmL) ( SABRO ) and Louver with Filter (200mmHx400mmL) (  SABRO ),Crown Creative Construction Company,MVL SOLUTIONS,PO for Motorized damper with Louver and Filter  (300mmHx400mmL) ( SABRO ) and Louver with Filter (200mmHx400mmL) (  SABRO ),Services,Services,1708.0,USD,2015,10,566,RFPO-566-S9031,Base PO
PO-1005-V6935-1,08 Oct 2015,MR 908 HEXAGONAL STEEL BOLT ZINC PLATING  WITH NUTS AND WASHER FULL THREAD,Al Jazeera Bolts Industries LLC,MVL VENTURES,MR 908 HEXAGONAL STEEL BOLT ZINC PLATING  WITH NUTS AND WASHER FULL THREAD,Various,Various,707.96,USD,2015,10,1005,PO-1005-V6935,Base PO
RFPO-566-E6802-1,08 Oct 2015,PO for Supply Of EXP PROOF FAN CBF-300 220 VAC .18 KW AND IP65 AND CEILING FAN,HAJI GHANI SONS,MACRO,PO for Supply Of EXP PROOF FAN CBF-300 220 VAC .18 KW AND IP65 AND CEILING FAN,Electrical,Electrical,2385.6,USD,2015,10,566,RFPO-566-E6802,Base PO
PO-1005-V6934-1,07 Oct 2015,SUPPLY OF NUTS AND BOLTS SD2 MR 3777,Al Jazeera Bolts Industries LLC,MVL VENTURES,SUPPLY OF NUTS AND BOLTS SD2 MR 3777,Various,Various,237.44,USD,2015,10,1005,PO-1005-V6934,Base PO
PO-1005-V6873-1,06 Oct 2015,PO for HES Kablo - Electrical Cables,HES HACILAR ELEKTRIK SANAYI VE TICARET A.S.,MVL VENTURES,PO for HES Kablo - Electrical Cables,Various,Various,956002.336,USD,2015,10,1005,PO-1005-V6873,Base PO
Fresh PO-112,04 Oct 2015,SUPPLY OF POWER SUPPLY FPP-RNAC-8A-4C,INDUSTRIAL EQUIPMENT CORP.,Unknown,SUPPLY OF POWER SUPPLY FPP-RNAC-8A-4C,Various,Various,520.0,USD,2015,10,112,Fresh PO-112,Base PO
PO-1005-A6937-1,01 Oct 2015,PO for SUPPLY OF WATER METER SISMA BRAND,HAJI GHANI SONS,MVL ARABIA,PO for SUPPLY OF WATER METER SISMA BRAND,Architectural,Architectural,1311.36,USD,2015,10,1005,PO-1005-A6937,Base PO
Fresh PO-111,01 Oct 2015,"SUPPLY OF 56"" 5 speed Made in Malaysia Ceiling fan F56MZ2",Al Futtaim Panatech LLC,Unknown,"SUPPLY OF 56"" 5 speed Made in Malaysia Ceiling fan F56MZ2",Various,Various,47787.61,USD,2015,10,111,Fresh PO-111,Base PO
RFPO-982-V4351-1,28 Sep 2015,PO for Pegasus PCP-Series Card Printer Double Side,Stationerydubai,MACRO,PO for Pegasus PCP-Series Card Printer Double Side,Various,Various,1181.96,USD,2015,9,982,RFPO-982-V4351,Base PO
Fresh PO-109,20 Sep 2015,Supply of Electrical Conductor ACSR,Hascelik Kablo San. Tic. A.&#350;.,Unknown,Supply of Electrical Conductor ACSR,Various,Various,21858.12,USD,2015,9,109,Fresh PO-109,Base PO
RFPO-566-V4351-1,17 Sep 2015,"PO FOR SUPPY OF K2 - O&M MANUALS (CIVIL, MECHANICAL, ELECTRICAL, COMMUNICATION & PLUMBING) TRANSLATION TO DARI AND PASHTO",ELIA TRANSLATION CENTER,MACRO,"PO FOR SUPPY OF K2 - O&M MANUALS (CIVIL, MECHANICAL, ELECTRICAL, COMMUNICATION & PLUMBING) TRANSLATION TO DARI AND PASHTO",Various,Various,28588.8,USD,2015,9,566,RFPO-566-V4351,Base PO
PO-1005-M6967-1,14 Sep 2015,PO for Vaultex 4710 SS - EMERGENCY EYE/FACE WASH,Souvenir Building Materials (L.L.C.),MACRO,PO for Vaultex 4710 SS - EMERGENCY EYE/FACE WASH,Mechanical,Mechanical,1225.32,USD,2015,9,1005,PO-1005-M6967,Base PO
RFPO-982-S9051-1,13 Sep 2015,Supply & install used 110 KVA Generator with one  month warranty,World Gate Engineering & Construction,MACRO,Supply & install used 110 KVA Generator with one  month warranty,Services,Services,11520.0,USD,2015,9,982,RFPO-982-S9051,Base PO
PO-1005-V6932-1,13 Sep 2015,PO for Palintest  Equipment(Pooltest 3),COMPASS,MVL VENTURES,PO for Palintest  Equipment(Pooltest 3),Various,Various,599.05,USD,2015,9,1005,PO-1005-V6932,Base PO
PO-1005-T6935-1,10 Sep 2015,"3540 Bolts, nuts and washers",Al Jazeera Bolts Industries LLC,MVL TRADING,"3540 Bolts, nuts and washers",Tools,Tools,4901.29,USD,2015,9,1005,PO-1005-T6935,Base PO
PO-1005-A6935-1,09 Sep 2015,SISMA WATER METER,HAJI GHANI SONS,MVL ARABIA,SISMA WATER METER,Architectural,Architectural,188.16,USD,2015,9,1005,PO-1005-A6935,Base PO
PO-1005-V4268-1,08 Sep 2015,Raised Floor Materials For Floor Maintenance,Gulf Computer Support Systems L.L.C,MVL VENTURES,Raised Floor Materials For Floor Maintenance,Various,Various,19998.09,USD,2015,9,1005,PO-1005-V4268,Base PO
Fresh PO-100,02 Sep 2015,SISMA Water Meter,HAJI GHANI SONS,Unknown,SISMA Water Meter,Various,Various,2771.0,USD,2015,9,100,Fresh PO-100,Base PO
PO-1005-M6939-1,31 Aug 2015,NON ASBESTOS KLINGERIT GASKET,Industrial Material Supply FZCO,MACRO,NON ASBESTOS KLINGERIT GASKET,Mechanical,Mechanical,3275.19,USD,2015,8,1005,PO-1005-M6939,Base PO
Fresh PO-99,12 Aug 2015,Medical Flooring Vega Plus,Unspecified Supplier,Unknown,Medical Flooring Vega Plus,Various,Various,1538.46,USD,2015,8,99,Fresh PO-99,Base PO
PO-1005-M6925-1,11 Aug 2015,PO for Palintest Pooltest 3,COMPASS,MACRO,PO for Palintest Pooltest 3,Mechanical,Mechanical,571.82,USD,2015,8,1005,PO-1005-M6925,Base PO
PO-1005-A5355-1,10 Aug 2015,PO for Stainless Steel Mirrors,AL HASHIMI METAL PRODUCTS MANUFACTURING LLC,MVL ARABIA,PO for Stainless Steel Mirrors,Architectural,Architectural,191.15,USD,2015,8,1005,PO-1005-A5355,Base PO
PO-1005-M4001-1,09 Aug 2015,"PO for Pump Set For Acids And Base Solutions With Motor B 36/Tur&#351;u m&#601;hlullar&#305;n n&#601;qli ???n nasos d&#601;sti           640 W/0.85 HP, 110-120V / 60 Hz  Capacity: up to 13.5 GPM  up t",SEDANA TRADING,MACRO,"PO for Pump Set For Acids And Base Solutions With Motor B 36/Tur&#351;u m&#601;hlullar&#305;n n&#601;qli ???n nasos d&#601;sti           640 W/0.85 HP, 110-120V / 60 Hz  Capacity: up to 13.5 GPM  up t",Mechanical,Mechanical,639.89,USD,2015,8,1005,PO-1005-M4001,Base PO
PO-1005-V6819-1,09 Aug 2015,SHURTAPE PC590 GRAY DUCTING TAPE - 24MM,Rubaiya Zueaid Bldg. Mat. Co. LLC,MVL VENTURES,SHURTAPE PC590 GRAY DUCTING TAPE - 24MM,Various,Various,816.88,USD,2015,8,1005,PO-1005-V6819,Base PO
PO-1005-M4001-2,09 Aug 2015,PO for Pump Set For Acids And Base Solutions With Motor,LUTZ-JESCO MIDDLE EAST FZE,MACRO,PO for Pump Set For Acids And Base Solutions With Motor,Mechanical,Mechanical,3032.73,USD,2015,8,1005,PO-1005-M4001,Change Order
PO-815-M4101-1,06 Aug 2015,ACROVYN 4000 - Wall Bumper System,INDUSTRIAL EQUIPMENT CORP.,MACRO,ACROVYN 4000 - Wall Bumper System,Mechanical,Mechanical,2434.9,USD,2015,8,815,PO-815-M4101,Base PO
PO-1005-M6910-1,05 Aug 2015,Supply of LG Bolt Complete with Nuts And Spring Washer Various Sizes,Al Jazeera Bolts Industries LLC,MACRO,Supply of LG Bolt Complete with Nuts And Spring Washer Various Sizes,Mechanical,Mechanical,52.61,USD,2015,8,1005,PO-1005-M6910,Base PO
PO-815-M4102-1,03 Aug 2015,PO for HSS-G DIN 338 VARIOUS SIZES - DEWALT,Ali Asger & Brothers LLC,MACRO,PO for HSS-G DIN 338 VARIOUS SIZES - DEWALT,Mechanical,Mechanical,6153.85,USD,2015,8,815,PO-815-M4102,Base PO
PO-1005-V4260-1,29 Jul 2015,SUPPLY OF B METERS WATER METER MODEL TAN-X5-R SIZE 2 1/2 INCH DN65,Memon Abdul Aziz Trading Company L.L.C.,MVL VENTURES,SUPPLY OF B METERS WATER METER MODEL TAN-X5-R SIZE 2 1/2 INCH DN65,Various,Various,2164.74,USD,2015,7,1005,PO-1005-V4260,Base PO
PO-1005-V4258-1,29 Jul 2015,SUPPLY OF ZURN WILKINS 2 ? INCHES BACK FLOW PREVENTER W/ AIR GAP AND CAST IRON WYE TYPE STRAINER ( FLANGED ONLY) MODEL 375 + AG + FS. As per attached data sheet.,INDUSTRIAL EQUIPMENT CORP.,MVL VENTURES,SUPPLY OF ZURN WILKINS 2 ? INCHES BACK FLOW PREVENTER W/ AIR GAP AND CAST IRON WYE TYPE STRAINER ( FLANGED ONLY) MODEL 375 + AG + FS. As per attached data sheet.,Various,Various,11022.0,USD,2015,7,1005,PO-1005-V4258,Base PO
Fresh PO-90,22 Jul 2015,SUPPLY OF INGERSOLL RAND PRESSURE REGULATOR NR-24-8,INDUSTRIAL EQUIPMENT CORP.,Unknown,SUPPLY OF INGERSOLL RAND PRESSURE REGULATOR NR-24-8,Various,Various,34320.0,USD,2015,7,90,Fresh PO-90,Base PO
PO-1005-M4102-2,15 Jul 2015,Supply of Rubber Insulation,CALA LOGISTICS SERVICES,MACRO,Supply of Rubber Insulation,Mechanical,Mechanical,817.32,USD,2015,7,1005,PO-1005-M4102,Change Order
PO-1005-M4102-3,15 Jul 2015,Supply of Copper Tubes (Coil) Muller,ALPHA Global general Trading L.L.C.,MACRO,Supply of Copper Tubes (Coil) Muller,Mechanical,Mechanical,1578.94,USD,2015,7,1005,PO-1005-M4102,Change Order
PO-1005-M4102-1,13 Jul 2015,SUPPLY OF MITSUBISHI A/C UNITS MS-HA18 MS-HA24 MS-HA30,United Electronics Co. LLC,MACRO,SUPPLY OF MITSUBISHI A/C UNITS MS-HA18 MS-HA24 MS-HA30,Mechanical,Mechanical,42641.25,USD,2015,7,1005,PO-1005-M4102,Base PO
PO-1005-V6893-1,13 Jul 2015,PO for DENSO TAPE - 50MM SAME AS SUPPLIED BEFORE,BIN MOOSA & DALY LTD. LLC,MVL VENTURES,PO for DENSO TAPE - 50MM SAME AS SUPPLIED BEFORE,Various,Various,792.38,USD,2015,7,1005,PO-1005-V6893,Base PO
PO-1005-V6844-1,13 Jul 2015,SUPPY OF THERMOPLASTIC HOSE AND FITTINGS,SAIL EMARATE PIPES TRADING LLC,MVL VENTURES,SUPPY OF THERMOPLASTIC HOSE AND FITTINGS,Various,Various,6711.42,USD,2015,7,1005,PO-1005-V6844,Base PO
PO-1005-M6890-1,08 Jul 2015,PO for Supply Of Nautilus Eyewash Station (Model No : NTLS SS 520),CARIBEEAN TRADING CO. LLC,MACRO,PO for Supply Of Nautilus Eyewash Station (Model No : NTLS SS 520),Mechanical,Mechanical,1307.01,USD,2015,7,1005,PO-1005-M6890,Base PO
RFPO-637-T1000-1,08 Jul 2015,PO for ALTAIR 4X MULTIGAS DETECTOR,GASOS,MVL TRADING,PO for ALTAIR 4X MULTIGAS DETECTOR,Tools,Tools,1307.01,USD,2015,7,637,RFPO-637-T1000,Base PO
PO-1005-M6812-1,07 Jul 2015,PO for Balancing Valves for Hot Water,CALA LOGISTICS SERVICES,MACRO,PO for Balancing Valves for Hot Water,Mechanical,Mechanical,1746.0,USD,2015,7,1005,PO-1005-M6812,Base PO
PO-615-V4352-1,01 Jul 2015,PO for Hexogen bot and Nut,Asia Bolts Industries LLC,MACRO,PO for Hexogen bot and Nut,Various,Various,85.64,USD,2015,7,615,PO-615-V4352,Base PO
PO-1005-E6803-1,29 Jun 2015,PO fo r3 AND 4 way Toggle Switches (Hubbell brand),INDUSTRIAL EQUIPMENT CORP.,MACRO,PO fo r3 AND 4 way Toggle Switches (Hubbell brand),Electrical,Electrical,1001.0,USD,2015,6,1005,PO-1005-E6803,Base PO
PO-615-V4253-1,29 Jun 2015,PO for Grills and Dampers - SABRO,SABRO TECHNOLOGIES,MACRO,PO for Grills and Dampers - SABRO,Various,Various,4448.0,USD,2015,6,615,PO-615-V4253,Base PO
PO-1005-E6872-1,29 Jun 2015,PO for Emergency Light- PELSAN PN 5514-103,HAJI GHANI SONS,MVL ENERGY,PO for Emergency Light- PELSAN PN 5514-103,Electrical,Electrical,3600.0,USD,2015,6,1005,PO-1005-E6872,Base PO
PO-1005-V6871-1,29 Jun 2015,PO for 4 Way Toggle Switches (Hubbell Brand),INDUSTRIAL EQUIPMENT CORP.,MVL VENTURES,PO for 4 Way Toggle Switches (Hubbell Brand),Various,Various,398.0,USD,2015,6,1005,PO-1005-V6871,Base PO
PO-1005-V6869-1,28 Jun 2015,"PO for Hex Bolts, Flat and Spring Washers",Asia Bolts Industries LLC,MVL VENTURES,"PO for Hex Bolts, Flat and Spring Washers",Various,Various,633.68,USD,2015,6,1005,PO-1005-V6869,Base PO
Fresh PO-76,23 Jun 2015,"Supply of SS MIRROR 60 x 90CM. SS AISI 304 AS PER ASTM A167, A240/A, A240M, A312",AL HASHIMI METAL PRODUCTS MANUFACTURING LLC,Unknown,"Supply of SS MIRROR 60 x 90CM. SS AISI 304 AS PER ASTM A167, A240/A, A240M, A312",Various,Various,19369.91,USD,2015,6,76,Fresh PO-76,Base PO
PO-1005-M6810-1,22 Jun 2015,PO for Nautilus Eyewash Station NTLS SS 520,CARIBEEAN TRADING CO. LLC,MACRO,PO for Nautilus Eyewash Station NTLS SS 520,Mechanical,Mechanical,15684.14,USD,2015,6,1005,PO-1005-M6810,Base PO
RFPO-781-S9074-1,22 Jun 2015,PO for Technical Manpower Support,Power Controls-GC,MACRO,PO for Technical Manpower Support,Services,Services,10891.76,USD,2015,6,781,RFPO-781-S9074,Base PO
PO-1005-V6840-1,21 Jun 2015,SUPPLY OF Battery Support Box BATB-80 and Battery charger  PSC-122000A,INDUSTRIAL EQUIPMENT CORP.,MVL VENTURES,SUPPLY OF Battery Support Box BATB-80 and Battery charger  PSC-122000A,Various,Various,700.0,USD,2015,6,1005,PO-1005-V6840,Base PO
PO-1005-V6833-1,18 Jun 2015,MR:2870: Supply of Bolts and Nuts,Asia Bolts Industries LLC,MVL VENTURES,MR:2870: Supply of Bolts and Nuts,Various,Various,755.29,USD,2015,6,1005,PO-1005-V6833,Base PO
Fresh PO-73,18 Jun 2015,BOSCH ADDRESSABLE FIRE ALARM SYSTEM,INDUSTRIAL EQUIPMENT CORP.,Unknown,BOSCH ADDRESSABLE FIRE ALARM SYSTEM,Various,Various,19640.0,USD,2015,6,73,Fresh PO-73,Base PO
PO-1005-V6840-2,18 Jun 2015,BOSCH ADDRESSABLE FIRE ALARM SYSTEM,INDUSTRIAL EQUIPMENT CORP.,MVL VENTURES,BOSCH ADDRESSABLE FIRE ALARM SYSTEM,Various,Various,18477.5,USD,2015,6,1005,PO-1005-V6840,Change Order
Fresh PO-70,17 Jun 2015,"Smooth jaw wrench , Catalog N-CORP. Item code : 02114 ? max opening 114 mm",A ONE TOOLS TRADING LLC,Unknown,"Smooth jaw wrench , Catalog N-CORP. Item code : 02114 ? max opening 114 mm",Various,Various,95.3,USD,2015,6,70,Fresh PO-70,Base PO
RFPO-781-V4251-1,15 Jun 2015,PO for FIRST AID KIT METAL MEDIUM AND SAFETY MASK 3M 8210,Midas Safety,MVL VENTURES,PO for FIRST AID KIT METAL MEDIUM AND SAFETY MASK 3M 8210,Various,Various,107.28,USD,2015,6,781,RFPO-781-V4251,Base PO
RFPO-573-E6804-1,15 Jun 2015,PO for Supply Of FUEL LEVEL GAUGE FOR FUEL TANK (AFRISO EUROGAUGE),Jubaili Bros LLC,MACRO,PO for Supply Of FUEL LEVEL GAUGE FOR FUEL TANK (AFRISO EUROGAUGE),Electrical,Electrical,5520.0,USD,2015,6,573,RFPO-573-E6804,Base PO
PO-1005-V6824-1,14 Jun 2015,Fluke 1550C Insulation Tester - WITH CALIBRATION CERTIFICATE,Ali Asger & Brothers LLC,MVL VENTURES,Fluke 1550C Insulation Tester - WITH CALIBRATION CERTIFICATE,Various,Various,2668.48,USD,2015,6,1005,PO-1005-V6824,Base PO
PO-1005-T1005-1,11 Jun 2015,PO for Denso Tape - 50mm,BIN MOOSA & DALY LTD. LLC,MVL TRADING,PO for Denso Tape - 50mm,Tools,Tools,264.13,USD,2015,6,1005,PO-1005-T1005,Base PO
PO-1005-E6801-1,11 Jun 2015,PO for EMERGENCY LIGHTING LUMINARY  HALOGEN LAMP,BE&#350; A ELEKTR&#304;K VE ELEKTRON&#304;K SAN. VE T&#304;C. LTD. &#350;T&#304;,MACRO,PO for EMERGENCY LIGHTING LUMINARY  HALOGEN LAMP,Electrical,Electrical,3575.0,USD,2015,6,1005,PO-1005-E6801,Base PO
RFPO-573-V4252-1,10 Jun 2015,PO for GLASS PANEL (1200MM*800*10MM THICK WITH ALUMINUM FRAME),CALA LOGISTICS SERVICES,MACRO,PO for GLASS PANEL (1200MM*800*10MM THICK WITH ALUMINUM FRAME),Various,Various,534.1,USD,2015,6,573,RFPO-573-V4252,Base PO
PO-615-T1000-1,10 Jun 2015,PO for SUPPLY OF SCHMERSAL (LIMIT SWITCH) Z4VH 335-11Z,Gulf Trade International FZC,MVL TRADING,PO for SUPPLY OF SCHMERSAL (LIMIT SWITCH) Z4VH 335-11Z,Tools,Tools,680.74,USD,2015,6,615,PO-615-T1000,Base PO
RFPO-573-V4254-1,09 Jun 2015,PO for Supply Of HALIDE BULB AS PER ATTACHED,CALA LOGISTICS SERVICES,MACRO,PO for Supply Of HALIDE BULB AS PER ATTACHED,Various,Various,121.52,USD,2015,6,573,RFPO-573-V4254,Base PO
RFPO-982-1746-1,09 Jun 2015,Construction of MFNDU LSA for MVL and Govt,World Gate Engineering & Construction,MACRO,Construction of MFNDU LSA for MVL and Govt,Various,Various,535998.0,USD,2015,6,982,RFPO-982-1746,Base PO
PO-1005-E6802-1,09 Jun 2015,PO for ATS with Extended Panel (GE),BAHRI & MAZROEI TECHNICAL SYSTEMS CO. LLC,MACRO,PO for ATS with Extended Panel (GE),Electrical,Electrical,53197.41,USD,2015,6,1005,PO-1005-E6802,Base PO
PO-1005-T1004-1,08 Jun 2015,"PO for SUPPLY OF FLUKE METER, BOSCH LASER MEASURER",Ali Asger & Brothers LLC,MVL TRADING,"PO for SUPPLY OF FLUKE METER, BOSCH LASER MEASURER",Tools,Tools,1859.77,USD,2015,6,1005,PO-1005-T1004,Base PO
Fresh PO-66,08 Jun 2015,"SPARES AC3N, AC45N AND AC3N DIMPLEX UNIT HEATER 20 NOS",GLEN DIMPLEX IRELAND,Unknown,"SPARES AC3N, AC45N AND AC3N DIMPLEX UNIT HEATER 20 NOS",Various,Various,22029.24,USD,2015,6,66,Fresh PO-66,Base PO
PO-1005-T1004-2,08 Jun 2015,PO for BOSCH TORPEDO 3-POINT ALIGN LASR GPL3T,Parts Mechanica World Wide LLC,MVL TRADING,PO for BOSCH TORPEDO 3-POINT ALIGN LASR GPL3T,Tools,Tools,106.19,USD,2015,6,1005,PO-1005-T1004,Change Order
Fresh PO-64,07 Jun 2015,K2 - Sidewall Direct Drive Exhaust Fan : EF-01-02 3000 MODEL NO. SE1-18-429-J7,Khan Brothers,Unknown,K2 - Sidewall Direct Drive Exhaust Fan : EF-01-02 3000 MODEL NO. SE1-18-429-J7,Various,Various,1660.72,USD,2015,6,64,Fresh PO-64,Base PO
RFPO-781-S9032-1,07 Jun 2015,Missing Materials Requirement,Honeywell International Middle East Ltd,MVL SOLUTIONS,Missing Materials Requirement,Services,Services,102894.49,USD,2015,6,781,RFPO-781-S9032,Base PO
RFPO-573-S9051-1,07 Jun 2015,PO for PETROL FOR FINAL PL ANA FUEL DISPENSER,FEROOZ FUEL STATION,MACRO,PO for PETROL FOR FINAL PL ANA FUEL DISPENSER,Services,Services,2375.0,USD,2015,6,573,RFPO-573-S9051,Base PO
RFPO-573-E6803-1,04 Jun 2015,PO for Supply Of PL 9 : ADDITIONAL ELECTRICAL MATERIALS,HAJI GHANI SONS,MACRO,PO for Supply Of PL 9 : ADDITIONAL ELECTRICAL MATERIALS,Electrical,Electrical,1470.0,USD,2015,6,573,RFPO-573-E6803,Base PO
RFPO-573-V4253-1,04 Jun 2015,PO for DOOR CLOSER: KALE BRAND MODEL NO. KD-002/30-330,AL MALIKA HARDWARE AND TOOLS,MACRO,PO for DOOR CLOSER: KALE BRAND MODEL NO. KD-002/30-330,Various,Various,143.77,USD,2015,6,573,RFPO-573-V4253,Base PO
RFPO-573-A5203-1,04 Jun 2015,PO for DOOR STOPPER,CALA LOGISTICS SERVICES,MACRO,PO for DOOR STOPPER,Architectural,Architectural,225.4,USD,2015,6,573,RFPO-573-A5203,Base PO
RFPO-566-E6801-1,03 Jun 2015,PO for INSPECTION OF POWER TRANSFORMERS IN PAKISTAN,SGS Gulf Limited,MACRO,PO for INSPECTION OF POWER TRANSFORMERS IN PAKISTAN,Electrical,Electrical,700.0,USD,2015,6,566,RFPO-566-E6801,Base PO
RFPO-573-V4352-1,28 May 2015,PO for WARRANTY MANAGEMENT PLAN TRANSLATION TO DARI AND PASHTO,ELIA TRANSLATION CENTER,MACRO,PO for WARRANTY MANAGEMENT PLAN TRANSLATION TO DARI AND PASHTO,Various,Various,686.0,USD,2015,5,573,RFPO-573-V4352,Base PO
RFPO-573-E6801-1,28 May 2015,PO for DLM-ELC-93: INCANDESCENT ONE PIECE WITH APPROVED LENS STABILIZED HIGH IMPACT POLY CARBONATE 70W ( c ),AW Rostamani Lumina,MACRO,PO for DLM-ELC-93: INCANDESCENT ONE PIECE WITH APPROVED LENS STABILIZED HIGH IMPACT POLY CARBONATE 70W ( c ),Electrical,Electrical,671.2,USD,2015,5,573,RFPO-573-E6801,Base PO
RFPO-573-E6802-1,26 May 2015,PO for SPARES-ADDITIONAL IKIZZLER EXIT SIGN,IKIZLER AYDINLATMA ARMATURLERI SAN VE. TIC. A.S,MACRO,PO for SPARES-ADDITIONAL IKIZZLER EXIT SIGN,Electrical,Electrical,431.52,USD,2015,5,573,RFPO-573-E6802,Base PO
PO-1005-M4104-1,26 May 2015,Supply Of Expansion Tank HIDRO TANK,CALA LOGISTICS SERVICES,MACRO,Supply Of Expansion Tank HIDRO TANK,Mechanical,Mechanical,1438.8,USD,2015,5,1005,PO-1005-M4104,Base PO
RFPO-573-V4251-1,25 May 2015,PO for Supply Of ADDITIONAL SPARES PLUMBING,United Ceramics & Building Materials,MVL VENTURES,PO for Supply Of ADDITIONAL SPARES PLUMBING,Various,Various,233.94,USD,2015,5,573,RFPO-573-V4251,Base PO
RFPO-573-A5201-1,25 May 2015,PO for ADDITIONAL SPARES HINGES,Consort Architectural Hardware,MACRO,PO for ADDITIONAL SPARES HINGES,Architectural,Architectural,185.16,USD,2015,5,573,RFPO-573-A5201,Base PO
RFPO-573-M4101-1,25 May 2015,"PO for SPB-2020, F&F Fenner V-belt",Technical Industrial Supply LLC,MACRO,"PO for SPB-2020, F&F Fenner V-belt",Mechanical,Mechanical,231.45,USD,2015,5,573,RFPO-573-M4101,Base PO
PO-1005-P4252-1,24 May 2015,PO for 5000 PAIRS 3M EAR PLUG (3M-1110) (10 BOX X 500PAIRS/BOX),OKI BERING MIDDLE EAST FZE,MVL PROJECTS,PO for 5000 PAIRS 3M EAR PLUG (3M-1110) (10 BOX X 500PAIRS/BOX),Protection,Protection,626.28,USD,2015,5,1005,PO-1005-P4252,Base PO
RFPO-573-S9031-1,21 May 2015,PO for Supply Of WWTP GRADING AND LEGACY BUILDING SITE GRADING,Kamal Baba Construction Company ?KBCC?,MVL SOLUTIONS,PO for Supply Of WWTP GRADING AND LEGACY BUILDING SITE GRADING,Services,Services,6000.0,USD,2015,5,573,RFPO-573-S9031,Base PO
RFPO-982-1590A-1,20 May 2015,ORD-982-1590A-1,TATEKAN Constructions and Services,MACRO,ORD-982-1590A-1,Various,Various,9828756.34,USD,2015,5,982,RFPO-982-1590A,Base PO
RFPO-982-1590A-2,20 May 2015,ORD-982-1590A-1,TATEKAN Constructions and Services,MACRO,ORD-982-1590A-1,Various,Various,9491022.84,USD,2015,5,982,RFPO-982-1590A,Change Order
PO-1005-S9032-1,18 May 2015,PO for Door Closer for Aluminum Door. KALE BRAND MODEL NO. KD-002/30-330,AL MALIKA HARDWARE AND TOOLS,MVL SOLUTIONS,PO for Door Closer for Aluminum Door. KALE BRAND MODEL NO. KD-002/30-330,Services,Services,191.7,USD,2015,5,1005,PO-1005-S9032,Base PO
RFPO-573-E6800-1,18 May 2015,PO for SEARCH LIGHT HANDLE 210 CM WITHOUT INSATALLATION - RFI - 0086,HAJI GHANI SONS,MACRO,PO for SEARCH LIGHT HANDLE 210 CM WITHOUT INSATALLATION - RFI - 0086,Electrical,Electrical,3586.8,USD,2015,5,573,RFPO-573-E6800,Base PO
PO-1005-S9031-1,17 May 2015,EXPANSION TANK - HIDROTANK BRAND,CALA LOGISTICS SERVICES,MVL SOLUTIONS,EXPANSION TANK - HIDROTANK BRAND,Services,Services,2783.2,USD,2015,5,1005,PO-1005-S9031,Base PO
RFPO-497-A5352-1,17 May 2015,PO for Supply Of JOMIX LION SERIES CP SINK MIXER - WALL MOUNTED LONG NECK L 6012 Pl # 8,JUNAID SANITARY ELECT. MAT. TR. LLC,MACRO,PO for Supply Of JOMIX LION SERIES CP SINK MIXER - WALL MOUNTED LONG NECK L 6012 Pl # 8,Architectural,Architectural,522.8,USD,2015,5,497,RFPO-497-A5352,Base PO
RFPO-497-V4252-1,17 May 2015,PO for 2 Loop Analogue Addressable Fire Protection And Alarm Panel - Extended Battery Cabinet,HAVEN FIRE & SAFETY LLC,MACRO,PO for 2 Loop Analogue Addressable Fire Protection And Alarm Panel - Extended Battery Cabinet,Various,Various,5173.59,USD,2015,5,497,RFPO-497-V4252,Base PO
RFPO-497-V4251-1,13 May 2015,PO for VISON GLASS WITH GEORGIAN WIRE 95CM*60CM 6 MM THICK,CALA LOGISTICS SERVICES,MVL VENTURES,PO for VISON GLASS WITH GEORGIAN WIRE 95CM*60CM 6 MM THICK,Various,Various,1029.0,USD,2015,5,497,RFPO-497-V4251,Base PO
RFPO-497-E6800-1,13 May 2015,PO for METAL HALIDE FOR CANOPY LIGHT 170 WATTS,HAJI GHANI SONS,MACRO,PO for METAL HALIDE FOR CANOPY LIGHT 170 WATTS,Electrical,Electrical,80.0,USD,2015,5,497,RFPO-497-E6800,Base PO
PO-1005-V6804-1,13 May 2015,PO for Door Closer for Aluminum Door. KALE BRAND MODEL NO. KD-002/30-330,AL MALIKA HARDWARE AND TOOLS,MVL VENTURES,PO for Door Closer for Aluminum Door. KALE BRAND MODEL NO. KD-002/30-330,Various,Various,718.86,USD,2015,5,1005,PO-1005-V6804,Base PO
RFPO-497-E6801-1,13 May 2015,PO for PL 8 CIRCUIT BREAKER ABB BRAND 225 AMPS AND 100 AMPS,HAJI GHANI SONS,MACRO,PO for PL 8 CIRCUIT BREAKER ABB BRAND 225 AMPS AND 100 AMPS,Electrical,Electrical,289.1,USD,2015,5,497,RFPO-497-E6801,Base PO
RFPO-573-V4351-1,13 May 2015,PO for Supply FUELS FOR DELARAM TURNOVER,Falcon Eyes Logistic and Services,MACRO,PO for Supply FUELS FOR DELARAM TURNOVER,Various,Various,121181.704,USD,2015,5,573,RFPO-573-V4351,Base PO
RFPO-497-1484-2,10 May 2015,PUNCHLIST #3 SUPPLY OF MORTISE LOCK WITH CYLINDER,AL MALIKA HARDWARE AND TOOLS,MACRO,PUNCHLIST #3 SUPPLY OF MORTISE LOCK WITH CYLINDER,Various,Various,1448.6,USD,2015,5,497,RFPO-497-1484,Change Order
RFPO-982-1591A-1,05 May 2015,RFPO-982-1591A-1,Fox Logistics and Construction,MACRO,RFPO-982-1591A-1,Various,Various,7046365.01,USD,2015,5,982,RFPO-982-1591A,Base PO
PO-1005-V4251-1,28 Apr 2015,PO for Eurosafe FFP3 Valved Particulate Respirator,Atlas Safety Products,MVL VENTURES,PO for Eurosafe FFP3 Valved Particulate Respirator,Various,Various,871.34,USD,2015,4,1005,PO-1005-V4251,Base PO
RFPO-497-1633-1,26 Apr 2015,PO for Turkmenistan High Quality Diesel L-62,Falcon Eyes Logistic and Services,MACRO,PO for Turkmenistan High Quality Diesel L-62,Various,Various,28787.31,USD,2015,4,497,RFPO-497-1633,Base PO
RFPO-637-1636-1,26 Apr 2015,PO for Supply Of INTERIOR DOOR SIGNAGES,CALA LOGISTICS SERVICES,MACRO,PO for Supply Of INTERIOR DOOR SIGNAGES,Various,Various,8677.9,USD,2015,4,637,RFPO-637-1636,Base PO
RFPO-566-C5001-1,22 Apr 2015,PO for Supply Of ENDURANCE BIOBARRIER ZERO VOC ? NON TOXIC ANTI MOLD PROTECTION,ENDURANCE BIOBARRIER,Unknown,PO for Supply Of ENDURANCE BIOBARRIER ZERO VOC ? NON TOXIC ANTI MOLD PROTECTION,Chemicals,Chemicals,675.0,USD,2015,4,566,RFPO-566-C5001,Base PO
RFPO-982-1592-1,22 Apr 2015,MFNDU - SUBCONTRACTS - MACEC,MACEC - Maruf Sharif Construction Company,MACRO,MFNDU - SUBCONTRACTS - MACEC,Various,Various,16131608.09,USD,2015,4,982,RFPO-982-1592,Base PO
RFPO-982-1590-1,22 Apr 2015,PO for MFNDU - SUBCONTRACTS - TATEKAN,TATEKAN Construction Company,Unknown,PO for MFNDU - SUBCONTRACTS - TATEKAN,Various,Various,8971028.15,USD,2015,4,982,RFPO-982-1590,Base PO
RFPO-982-1591-1,22 Apr 2015,PO for MFNDU - SUBCONTRACTS - FOX,Fox Logistics and Construction,Unknown,PO for MFNDU - SUBCONTRACTS - FOX,Various,Various,3372659.38,USD,2015,4,982,RFPO-982-1591,Base PO
RFPO-982-1614-1,22 Apr 2015,PO for MFNDU - SUBCONTRACTS - YARASH,YARASH CONSTRUCTION LLC,MACRO,PO for MFNDU - SUBCONTRACTS - YARASH,Various,Various,14868398.9,USD,2015,4,982,RFPO-982-1614,Base PO
SPO-1018-1615-1,21 Apr 2015,"PO for HVAC, Electrical & Plumbing Internal Works",Galaxy Advanced General Cont. Co. L.L.C.,Unknown,"PO for HVAC, Electrical & Plumbing Internal Works",Various,Various,815147.0,USD,2015,4,1018,SPO-1018-1615-1,Base PO
RFPO-982-1597-1,20 Apr 2015,PO for Supply Of PPE SAFETY MATERIALS,CALA LOGISTICS SERVICES,MACRO,PO for Supply Of PPE SAFETY MATERIALS,Various,Various,3727.92,USD,2015,4,982,RFPO-982-1597,Base PO
Fresh PO-58,19 Apr 2015,A3 PRINTER AND BINDER MACHINE,Stationerydubai,Unknown,A3 PRINTER AND BINDER MACHINE,Various,Various,2162.15,USD,2015,4,58,Fresh PO-58,Base PO
RFPO-497-1604-1,16 Apr 2015,PO for Supply Of LOOP CARDS AND MOTHER BOARDS FOR FIRE ALARM SYSTEM,HAVEN FIRE & SAFETY LLC,MACRO,PO for Supply Of LOOP CARDS AND MOTHER BOARDS FOR FIRE ALARM SYSTEM,Various,Various,1021.1,USD,2015,4,497,RFPO-497-1604,Base PO
RFPO-497-1602-1,15 Apr 2015,PO for Supply Of Approved Thermostat - STEGO FZ011.01170.0-00,Al Taqwa Electrical Ware Trading LLC,MACRO,PO for Supply Of Approved Thermostat - STEGO FZ011.01170.0-00,Various,Various,261.4,USD,2015,4,497,RFPO-497-1602,Base PO
RFPO-637-1600-1,14 Apr 2015,PO for Supply Of TEX SCREW WITH EPDM WASHER - SDS ( Self Drilling Screw) 5.5 X 40mm,MEDAL BUILDERS Engineering & Construction Co.,MACRO,PO for Supply Of TEX SCREW WITH EPDM WASHER - SDS ( Self Drilling Screw) 5.5 X 40mm,Various,Various,117.6,USD,2015,4,637,RFPO-637-1600,Base PO
RFPO-497-1585-1,13 Apr 2015,PO for ELECTRICAL PUNCH LIST # 7,HAJI GHANI SONS,MACRO,PO for ELECTRICAL PUNCH LIST # 7,Various,Various,6152.69,USD,2015,4,497,RFPO-497-1585,Base PO
RFPO-497-1587-1,12 Apr 2015,PO for Supply Of ANALOGUE ADDRESSABLE HEAT DETECTOR C/W BASE,HAVEN FIRE & SAFETY LLC,MACRO,PO for Supply Of ANALOGUE ADDRESSABLE HEAT DETECTOR C/W BASE,Various,Various,49.01,USD,2015,4,497,RFPO-497-1587,Base PO
PO-315-1534-2,08 Apr 2015,Purchase Order for FRBH 87,AW Rostamani Lumina,Unknown,Purchase Order for FRBH 87,Various,Various,2246.43,USD,2015,4,315,PO-315-1534,Change Order
PO-315-1534-3,08 Apr 2015,PO FOR BAOLAI PHOTOCELL,HAJI GHANI SONS,Unknown,PO FOR BAOLAI PHOTOCELL,Various,Various,896.7,USD,2015,4,315,PO-315-1534,Change Order
PO-415-1567-1,06 Apr 2015,PO for GRAVITY SHUTTER WITH ALUMINUM INSECT SCREEN,Unspecified Supplier,Unknown,PO for GRAVITY SHUTTER WITH ALUMINUM INSECT SCREEN,Various,Various,403.81,USD,2015,4,415,PO-415-1567,Base PO
Fresh PO-54,06 Apr 2015,Purchase Order for Unit Heaters AC3N & AC45N,GLEN DIMPLEX IRELAND,Unknown,Purchase Order for Unit Heaters AC3N & AC45N,Various,Various,1698.61,USD,2015,4,54,Fresh PO-54,Base PO
RFPO-637-1260-1,02 Apr 2015,PO for SCOPE OF WORK,World Gate Engineering & Construction,MACRO,PO for SCOPE OF WORK,Various,Various,1523532.16,USD,2015,4,637,RFPO-637-1260,Base PO
RFPO-637-1260-2,02 Apr 2015,"Change Order A : Anchor Bolt, Terrazo Tiles & Demolition And Disposal Of Temporary ECP",World Gate Engineering & Construction,MACRO,"Change Order A : Anchor Bolt, Terrazo Tiles & Demolition And Disposal Of Temporary ECP",Various,Various,1664382.16,USD,2015,4,637,RFPO-637-1260,Change Order
RFPO-637-1260-3,02 Apr 2015,Change Order B : ADDITIONS TO SOW - HELIPAD,World Gate Engineering & Construction,MACRO,Change Order B : ADDITIONS TO SOW - HELIPAD,Various,Various,1974480.82,USD,2015,4,637,RFPO-637-1260,Change Order
RFPO-497-1560-1,01 Apr 2015,PO for Supply of EXPLOSION PROOF JUNCTION BOX 3/4 INCH THREAD 4 HOLES AS PER ATTACHED DATA SHEET,HAJI GHANI SONS,MACRO,PO for Supply of EXPLOSION PROOF JUNCTION BOX 3/4 INCH THREAD 4 HOLES AS PER ATTACHED DATA SHEET,Various,Various,1102.5,USD,2015,4,497,RFPO-497-1560,Base PO
RFPO-573-1555-1,31 Mar 2015,PO for Metal Enclosed Switch gear Compound With Fuse,Ulusoy Elektrik &#304;malat Taahhut ve Ticaret A.S.,MACRO,PO for Metal Enclosed Switch gear Compound With Fuse,Various,Various,1993.06,USD,2015,3,573,RFPO-573-1555,Base PO
PO-315-1496-1,30 Mar 2015,PO for GUARD TOWER SEARCHLIGHTS,HAJI GHANI SONS,Unknown,PO for GUARD TOWER SEARCHLIGHTS,Various,Various,21070.0,USD,2015,3,315,PO-315-1496,Base PO
PO-315-1558-1,30 Mar 2015,PO for Explosion Proof Thermostat - 862E,KIA SYSTEMS FZE,Unknown,PO for Explosion Proof Thermostat - 862E,Various,Various,1372.0,USD,2015,3,315,PO-315-1558,Base PO
RFPO-566-1557-1,29 Mar 2015,PO for GUARD TOWER  SEARCHLIGHTST FR300C MODEL A4826 HANDLE 2100MM,HAJI GHANI SONS,MACRO,PO for GUARD TOWER  SEARCHLIGHTST FR300C MODEL A4826 HANDLE 2100MM,Various,Various,29498.0,USD,2015,3,566,RFPO-566-1557,Base PO
Fresh PO-45,29 Mar 2015,Supply of SWITCH GEAR COMPOUND COMPLETE SET,Ulusoy Elektrik &#304;malat Taahhut ve Ticaret A.S.,Unknown,Supply of SWITCH GEAR COMPOUND COMPLETE SET,Various,Various,1993.06,USD,2015,3,45,Fresh PO-45,Base PO
PO-315-1540-1,24 Mar 2015,PO forDETENTION CELL LIGHTING FIXTURE D,TIC LIGHT ELECTRICAL CORP,Unknown,PO forDETENTION CELL LIGHTING FIXTURE D,Various,Various,5097.0,USD,2015,3,315,PO-315-1540,Base PO
RFPO-497-1536-1,24 Mar 2015,PO for Electrical Panel Board 300A (200x100x35 cm),Panel Tech Engineering Co,MACRO,PO for Electrical Panel Board 300A (200x100x35 cm),Various,Various,2940.0,USD,2015,3,497,RFPO-497-1536,Base PO
PO-315-1543-1,24 Mar 2015,PO for  Supply Of Detention Cell Toilet,MEDAL BUILDERS Engineering & Construction Co.,Unknown,PO for  Supply Of Detention Cell Toilet,Various,Various,28322.0,USD,2015,3,315,PO-315-1543,Base PO
RFPO-573-1538-1,23 Mar 2015,PO for Translation of O & M Construction Manuals,ELIA TRANSLATION CENTER,MACRO,PO for Translation of O & M Construction Manuals,Various,Various,11038.72,USD,2015,3,573,RFPO-573-1538,Base PO
SPO-573-1001-1,23 Mar 2015,PO for,Sahari Group of Companies,Unknown,PO for,Various,Various,495096.0,USD,2015,3,573,SPO-573-1001-1,Base PO
SPO-573-1001-2,23 Mar 2015,PO for,Sahari Group of Companies,Unknown,PO for,Various,Various,495096.0,USD,2015,3,573,SPO-573-1001-2,Base PO
PO-315-1534-1,19 Mar 2015,PO for DOOR LIGHTING FIXTURE ?C?,HAJI GHANI SONS,Unknown,PO for DOOR LIGHTING FIXTURE ?C?,Various,Various,899.64,USD,2015,3,315,PO-315-1534,Base PO
RFPO-573-1537-1,19 Mar 2015,PO for Supply Of Whole EPDM Waterproofing System ORGANIX,United Ceramics & Building Materials,MACRO,PO for Supply Of Whole EPDM Waterproofing System ORGANIX,Various,Various,2440.2,USD,2015,3,573,RFPO-573-1537,Base PO
RFPO-497-1529-1,18 Mar 2015,PO for Supply Of PL #6 ADDITIONAL ELECTRICAL MATERIALS,HAJI GHANI SONS,MACRO,PO for Supply Of PL #6 ADDITIONAL ELECTRICAL MATERIALS,Various,Various,2299.57,USD,2015,3,497,RFPO-497-1529,Base PO
RFPO-497-1524-1,17 Mar 2015,PO for Supply of PL #6 DOUBLE ROBE HOOK RAK 21005 KLUDIRAK CALIBER,United Ceramics & Building Materials,MACRO,PO for Supply of PL #6 DOUBLE ROBE HOOK RAK 21005 KLUDIRAK CALIBER,Various,Various,627.2,USD,2015,3,497,RFPO-497-1524,Base PO
RFPO-497-1526-1,17 Mar 2015,Supply Of PL #6 METAL BOX FOR VIKO RECEPTACLE (SAME AS SUPPLIED BEFORE),Panel Tech Engineering Co,MACRO,Supply Of PL #6 METAL BOX FOR VIKO RECEPTACLE (SAME AS SUPPLIED BEFORE),Various,Various,279.3,USD,2015,3,497,RFPO-497-1526,Base PO
PO-814-1078-3,17 Mar 2015,Differing Building Conditions (Column Anchor Bolt & Terrazzo),Unspecified Supplier,Unknown,Differing Building Conditions (Column Anchor Bolt & Terrazzo),Various,Various,0,USD,2015,3,814,PO-814-1078,Change Order
Fresh PO-44,17 Mar 2015,PO FOR CHEMICAL BUILDING EXHAUST FAN AND ELECTRIC UNIT HEATER,SABRO TECHNOLOGIES,Unknown,PO FOR CHEMICAL BUILDING EXHAUST FAN AND ELECTRIC UNIT HEATER,Various,Various,2734.0,USD,2015,3,44,Fresh PO-44,Base PO
SPO-637-1078-4,17 Mar 2015,Differing Building Conditions (Column Anchor Bolt & Terrazzo),World Gate Engineering & Construction,Unknown,Differing Building Conditions (Column Anchor Bolt & Terrazzo),Various,Various,106150.0,USD,2015,3,637,SPO-637-1078-4,Base PO
SPO-637-1078-5,17 Mar 2015,Differing Building Conditions (Column Anchor Bolt & Terrazzo),World Gate Engineering & Construction,Unknown,Differing Building Conditions (Column Anchor Bolt & Terrazzo),Various,Various,108165.0,USD,2015,3,637,SPO-637-1078-5,Base PO
RFPO-573-1522-1,15 Mar 2015,PO FOR Supply Of INCENERATOR OFFLOAD PUMP TRANSFER MATERIALS - SEAMLESS PIPE,Rubaiya Zueaid Building Materials Co. LLC,MACRO,PO FOR Supply Of INCENERATOR OFFLOAD PUMP TRANSFER MATERIALS - SEAMLESS PIPE,Various,Various,4762.42,USD,2015,3,573,RFPO-573-1522,Base PO
Fresh PO-42,15 Mar 2015,PURCHASE ORDER FOR EXHAUST FAN AND ELECTRIC UNIT HEATER,SABRO TECHNOLOGIES,Unknown,PURCHASE ORDER FOR EXHAUST FAN AND ELECTRIC UNIT HEATER,Various,Various,1196.0,USD,2015,3,42,Fresh PO-42,Base PO
PO-315-1518-1,12 Mar 2015,2 INCHES BACK FLOW PREVENTER,INDUSTRIAL EQUIPMENT CORP.,Unknown,2 INCHES BACK FLOW PREVENTER,Various,Various,1190.0,USD,2015,3,315,PO-315-1518,Base PO
PO-315-1518-2,12 Mar 2015,SUPPLY OF FLOOR DRAIN,United Ceramics & Building Materials,Unknown,SUPPLY OF FLOOR DRAIN,Various,Various,205.8,USD,2015,3,315,PO-315-1518,Change Order
Fresh PO-41,12 Mar 2015,SUPPLY OF SAND TRAP LOUVER AND GRILL REGISTER,Century Mechanical Systems,Unknown,SUPPLY OF SAND TRAP LOUVER AND GRILL REGISTER,Various,Various,1788.43,USD,2015,3,41,Fresh PO-41,Base PO
RFPO-497-1517-1,11 Mar 2015,Supply Of ADDITIONAL CONCERTINA WIRE FOR FENCES 2ND ORDER,CALA LOGISTICS SERVICES,MACRO,Supply Of ADDITIONAL CONCERTINA WIRE FOR FENCES 2ND ORDER,Various,Various,599.76,USD,2015,3,497,RFPO-497-1517,Base PO
PO-315-1515-1,10 Mar 2015,ORDER 965 SUPPLY OF THERMOSTAT FZK011,Al Taqwa Electrical Ware Trading LLC,Unknown,ORDER 965 SUPPLY OF THERMOSTAT FZK011,Various,Various,32.68,USD,2015,3,315,PO-315-1515,Base PO
RFPO-497-1513-1,10 Mar 2015,PO for Supply OF UNIT HEATER HEATER GLEN DIMPLEX AC3N,GLEN DIMPLEX IRELAND,MACRO,PO for Supply OF UNIT HEATER HEATER GLEN DIMPLEX AC3N,Various,Various,2260.82,USD,2015,3,497,RFPO-497-1513,Base PO
PO-315-1515-2,10 Mar 2015,PO for APPROVED EYEWASH STATION,Midas Safety,Unknown,PO for APPROVED EYEWASH STATION,Various,Various,503.74,USD,2015,3,315,PO-315-1515,Change Order
PO-315-1510-1,09 Mar 2015,PO for FRP PIPES AND FITTINGS (ORD 963),FUTURE PIPE INDUSTRIES,Unknown,PO for FRP PIPES AND FITTINGS (ORD 963),Various,Various,6947.7,USD,2015,3,315,PO-315-1510,Base PO
PO-315-1510-2,09 Mar 2015,PO for FOAM BLOCK - CENTRALIZER FOR FRP,Prime Seal Insulation and Protective Materials LLC,Unknown,PO for FOAM BLOCK - CENTRALIZER FOR FRP,Various,Various,2761.06,USD,2015,3,315,PO-315-1510,Change Order
PO-315-1509-1,08 Mar 2015,Supply Of ZIP TYPE WRAP AROUND CABLE REPAIR SLEEVE CRSM 107/29-1500,Skylight Electric Ware Trading LLC,Unknown,Supply Of ZIP TYPE WRAP AROUND CABLE REPAIR SLEEVE CRSM 107/29-1500,Various,Various,108.92,USD,2015,3,315,PO-315-1509,Base PO
RFPO-497-1474-1,05 Mar 2015,PO for Supply of  ADDITIONAL MATERIALS FOR FENCE,Nuween Goster construction and Architecture Co.,MACRO,PO for Supply of  ADDITIONAL MATERIALS FOR FENCE,Various,Various,17517.0,USD,2015,3,497,RFPO-497-1474,Base PO
RFPO-573-1505-1,05 Mar 2015,PO for Supply Of SPARES - STEEL DOOR ACCESSORIES,Consort Architectural Hardware,MACRO,PO for Supply Of SPARES - STEEL DOOR ACCESSORIES,Various,Various,163.38,USD,2015,3,573,RFPO-573-1505,Base PO
RFPO-497-1506-1,05 Mar 2015,PO for Supply Of 3000 Watt Dimmer Switches For Fans (SAME AS SUPPLIED BEFORE) PL 4,AL Kissoof General Trading LLC,MACRO,PO for Supply Of 3000 Watt Dimmer Switches For Fans (SAME AS SUPPLIED BEFORE) PL 4,Various,Various,1700.0,USD,2015,3,497,RFPO-497-1506,Base PO
PO-315-1507-1,05 Mar 2015,PO for KMP Panel with Cable Set 6KW,Baymak Mak San ve Tic AS,Unknown,PO for KMP Panel with Cable Set 6KW,Various,Various,86.0,USD,2015,3,315,PO-315-1507,Base PO
RFPO-573-1508-1,05 Mar 2015,PO for FRP PIPES AND FITTINGS,FUTURE PIPE INDUSTRIES,MACRO,PO for FRP PIPES AND FITTINGS,Various,Various,9238.76,USD,2015,3,573,RFPO-573-1508,Base PO
RFPO-497-1494-1,04 Mar 2015,PO for Supply Of CHEMICAL BUILDING AND PL 4 ELECTRICAL MATERIAL [LIGHTING FIXTURE B & B2],PELSAN Elektrik San. ve Dis Tic Ltd. Sti,MACRO,PO for Supply Of CHEMICAL BUILDING AND PL 4 ELECTRICAL MATERIAL [LIGHTING FIXTURE B & B2],Various,Various,2994.7,USD,2015,3,497,RFPO-497-1494,Base PO
RFPO-573-1503-1,04 Mar 2015,PO for Supply Of WOODEN RACK FOR WEAPONS (AS PER APPROVED DRAWING),MEDAL BUILDERS Engineering & Construction Co.,MACRO,PO for Supply Of WOODEN RACK FOR WEAPONS (AS PER APPROVED DRAWING),Various,Various,19551.0,USD,2015,3,573,RFPO-573-1503,Base PO
RFPO-497-1504-1,04 Mar 2015,PO for Supply Of ADDITIONAL CONCERTINA WIRE FOR FENCES,CALA LOGISTICS SERVICES,MACRO,PO for Supply Of ADDITIONAL CONCERTINA WIRE FOR FENCES,Various,Various,370.44,USD,2015,3,497,RFPO-497-1504,Base PO
Fresh PO-32,03 Mar 2015,RFPO-573-1481,Panel Tech Engineering Co,Unknown,RFPO-573-1481,Various,Various,3204.6,USD,2015,3,32,Fresh PO-32,Base PO
RFPO-497-1493-1,03 Mar 2015,"PO for Supply Of 4TH PUNCHLIST - GI PLAIN SHEET, M10 ANCHOR BOLT AND CE170A TONER",CALA LOGISTICS SERVICES,MACRO,"PO for Supply Of 4TH PUNCHLIST - GI PLAIN SHEET, M10 ANCHOR BOLT AND CE170A TONER",Various,Various,1145.13,USD,2015,3,497,RFPO-497-1493,Base PO
RFPO-573-1478-1,02 Mar 2015,PO for Supply Of SPARES - PLUMBING MATERIALS,MILLI FACTORY,MACRO,PO for Supply Of SPARES - PLUMBING MATERIALS,Various,Various,341.65,USD,2015,3,573,RFPO-573-1478,Base PO
RFPO-573-1488-1,02 Mar 2015,PO for Supply Of SPARES PLUMBING GI MI CPVC FITTINGS,Rubaiya Zueaid Building Materials Co. LLC,MACRO,PO for Supply Of SPARES PLUMBING GI MI CPVC FITTINGS,Various,Various,150.85,USD,2015,3,573,RFPO-573-1488,Base PO
RFPO-573-1489-1,02 Mar 2015,PO for Supply Of SPARES - DOOR ACCESSORIES ALUMINUM DOOR AND PVC DOOR,RUYA PVC VE ALUMINYUM DOGRAMA SAN. VE TIC.LTD.&#350;T&#304;,MACRO,PO for Supply Of SPARES - DOOR ACCESSORIES ALUMINUM DOOR AND PVC DOOR,Various,Various,12010.4,USD,2015,3,573,RFPO-573-1489,Base PO
RFPO-497-1482-1,01 Mar 2015,PO for Supply Of Flexible Conduit Connection 3/4 Inch,"Reliable City FZE, General Trading Co.",MACRO,PO for Supply Of Flexible Conduit Connection 3/4 Inch,Various,Various,324.0,USD,2015,3,497,RFPO-497-1482,Base PO
RFPO-573-1483-1,01 Mar 2015,PO for Supply Of SPARES CLEANOUT STRAIGHT - 3 INCHES OATEY 74217,United Ceramics & Building Materials,MACRO,PO for Supply Of SPARES CLEANOUT STRAIGHT - 3 INCHES OATEY 74217,Various,Various,455.7,USD,2015,3,573,RFPO-573-1483,Base PO
RFPO-497-1484-1,01 Mar 2015,PO for Supply Of ADDITIONAL DOOR HARDWARE 3RD PUNCHLIST,RUYA PVC VE ALUMINYUM DOGRAMA SAN. VE TIC.LTD.&#350;T&#304;,MACRO,PO for Supply Of ADDITIONAL DOOR HARDWARE 3RD PUNCHLIST,Various,Various,4197.0,USD,2015,3,497,RFPO-497-1484,Base PO
Fresh PO-29,01 Mar 2015,RFPO-573-1481 IKIZLLER EXIT SIGN,Kamal Baba Construction Company ?KBCC?,Unknown,RFPO-573-1481 IKIZLLER EXIT SIGN,Various,Various,86.3,USD,2015,3,29,Fresh PO-29,Base PO
RFPO-573-1487-1,01 Mar 2015,"PO for Supply Of SPARE - Fire Extinguishers, Dry Chemical Type, 4.5 Kg, Ref FE",Bristol Fire Engineering LLC,MACRO,"PO for Supply Of SPARE - Fire Extinguishers, Dry Chemical Type, 4.5 Kg, Ref FE",Various,Various,509.19,USD,2015,3,573,RFPO-573-1487,Base PO
Fresh PO-30,01 Mar 2015,RFPO-573-1481 MK SWITCH - CHEMICAL BUILDING,SMKA Electric LLC,Unknown,RFPO-573-1481 MK SWITCH - CHEMICAL BUILDING,Various,Various,56.42,USD,2015,3,30,Fresh PO-30,Base PO
Fresh PO-31,01 Mar 2015,Supply of Unit Heater - AC3N,GLEN DIMPLEX IRELAND,Unknown,Supply of Unit Heater - AC3N,Various,Various,74355.95,USD,2015,3,31,Fresh PO-31,Base PO
RFPO-497-1475-1,26 Feb 2015,PO for Supply Of ALUMINUM FILTER 18 SQ.M,ACCURA,MACRO,PO for Supply Of ALUMINUM FILTER 18 SQ.M,Various,Various,1157.25,USD,2015,2,497,RFPO-497-1475,Base PO
Fresh PO-28,26 Feb 2015,Supply of Unit Heater - AC3N,GLEN DIMPLEX IRELAND,Unknown,Supply of Unit Heater - AC3N,Various,Various,89679.3,USD,2015,2,28,Fresh PO-28,Base PO
RFPO-573-1467-1,25 Feb 2015,PO for Supply Of SPARES - IKIZLER EXIT SIGN (SAME AS SUPPLIED BEFORE),IKIZLER AYDINLATMA ARMATURLERI SAN VE. TIC. A.S,MACRO,PO for Supply Of SPARES - IKIZLER EXIT SIGN (SAME AS SUPPLIED BEFORE),Various,Various,2545.98,USD,2015,2,573,RFPO-573-1467,Base PO
RFPO-573-1477-1,25 Feb 2015,PO for Supply Of SPARES - INCANDESCENT ONE PIECE WITH APPROVED LENS STABILIZED HIGH IMPACT POLY CARBONATE (100W),AW Rostamani Lumina,MACRO,PO for Supply Of SPARES - INCANDESCENT ONE PIECE WITH APPROVED LENS STABILIZED HIGH IMPACT POLY CARBONATE (100W),Various,Various,2246.43,USD,2015,2,573,RFPO-573-1477,Base PO
RFPO-497-1469-1,24 Feb 2015,PO for Supply Of LEADED SINGLE WOODEN DOORS,Frank Shields Medical Equipment,MACRO,PO for Supply Of LEADED SINGLE WOODEN DOORS,Various,Various,2913.55,USD,2015,2,497,RFPO-497-1469,Base PO
RFPO-573-1468-1,24 Feb 2015,PO for Supply Of Spares - Plumbing,United Ceramics & Building Materials,MACRO,PO for Supply Of Spares - Plumbing,Various,Various,3080.14,USD,2015,2,573,RFPO-573-1468,Base PO
RFPO-497-1464-1,23 Feb 2015,"PO for Supply Of 100x40mm, PERFORATED CABLE TRAY, PREGALVANIZED",Panel Tech Engineering Co,MACRO,"PO for Supply Of 100x40mm, PERFORATED CABLE TRAY, PREGALVANIZED",Various,Various,3055.64,USD,2015,2,497,RFPO-497-1464,Base PO
RFPO-573-1465-1,23 Feb 2015,PO for Supply Of SPARES - DECO LIGHTING FIXTURE EMERGENCY BATTERY PACK (B) DCX-1236-WH2250 (as Per Approved Data Sheet Of Deco Emergency Light),TIC LIGHT ELECTRICAL CORP,MACRO,PO for Supply Of SPARES - DECO LIGHTING FIXTURE EMERGENCY BATTERY PACK (B) DCX-1236-WH2250 (as Per Approved Data Sheet Of Deco Emergency Light),Various,Various,5882.97,USD,2015,2,573,RFPO-573-1465,Base PO
RFPO-573-1466-1,23 Feb 2015,PO for SUPPLY OF SPARES - THERMOSTAT N/C+N/O FZK011.,WORLD BRIDGE GENERAL TRADING LLC,MACRO,PO for SUPPLY OF SPARES - THERMOSTAT N/C+N/O FZK011.,Various,Various,474.61,USD,2015,2,573,RFPO-573-1466,Base PO
RFPO-497-1455-1,22 Feb 2015,PO for Supply Of Nurses Cabinet 138 (Cabinet With Counter-top Stone),MEDAL BUILDERS Engineering & Construction Co.,MACRO,PO for Supply Of Nurses Cabinet 138 (Cabinet With Counter-top Stone),Various,Various,539.0,USD,2015,2,497,RFPO-497-1455,Base PO
PO-215-1456-1,22 Feb 2015,ADDITIONAL CEILING FAN 5 SPEED PANASONIC MODEL F56MZ2,Al Futtaim Panatech LLC,Unknown,ADDITIONAL CEILING FAN 5 SPEED PANASONIC MODEL F56MZ2,Various,Various,42.75,USD,2015,2,215,PO-215-1456,Base PO
RFPO-497-1457-1,22 Feb 2015,PO for EXCEL CLEAT ANGLE CONNECTOR,Unspecified Supplier,MACRO,PO for EXCEL CLEAT ANGLE CONNECTOR,Various,Various,612.66,USD,2015,2,497,RFPO-497-1457,Base PO
RFPO-573-1458-1,22 Feb 2015,PO for Supply Of SPARES - TWISTED LAMP. TORNADO. PHILIPS BRAND 42W WW E27 220-240V,Gulf Ocean Lights LLC,MACRO,PO for Supply Of SPARES - TWISTED LAMP. TORNADO. PHILIPS BRAND 42W WW E27 220-240V,Various,Various,7425.05,USD,2015,2,573,RFPO-573-1458,Base PO
RFPO-573-1460-1,22 Feb 2015,PO for Supply of  SPARES - WALL MOUNTED SINK MIXER/SHORT NECK,CALA LOGISTICS SERVICES,MACRO,PO for Supply of  SPARES - WALL MOUNTED SINK MIXER/SHORT NECK,Various,Various,1111.32,USD,2015,2,573,RFPO-573-1460,Base PO
RFPO-573-1462-1,22 Feb 2015,PO for Supply Of SPARE - Analogue Addressable Optical Smoke Detector C/w Base CAP320+CAB3000,HAVEN FIRE & SAFETY LLC,MACRO,PO for Supply Of SPARE - Analogue Addressable Optical Smoke Detector C/w Base CAP320+CAB3000,Various,Various,3059.22,USD,2015,2,573,RFPO-573-1462,Base PO
RFPO-573-1463-1,22 Feb 2015,PO for Supply Of SPARE - JOMIX LION SERIES CP SINK MIXER - WALL MOUNTED /LONG NECK L 6012,JUNAID SANITARY ELECT. MAT. TR. LLC,MACRO,PO for Supply Of SPARE - JOMIX LION SERIES CP SINK MIXER - WALL MOUNTED /LONG NECK L 6012,Various,Various,1094.62,USD,2015,2,573,RFPO-573-1463,Base PO
PO-215-1456-2,22 Feb 2015,PO for MK SWITCH,SMKA Electric LLC,Unknown,PO for MK SWITCH,Various,Various,629.36,USD,2015,2,215,PO-215-1456,Change Order
RFPO-497-1451-1,19 Feb 2015,"PO for CEILING FAN, 5 SPEED, PANASONIC",Al Futtaim Panatech LLC,MACRO,"PO for CEILING FAN, 5 SPEED, PANASONIC",Various,Various,1068.75,USD,2015,2,497,RFPO-497-1451,Base PO
RFPO-497-1453-1,19 Feb 2015,PO for 20A INTERMEDIATE SWITCH MODULE,SMKA Electric LLC,MACRO,PO for 20A INTERMEDIATE SWITCH MODULE,Various,Various,1177.73,USD,2015,2,497,RFPO-497-1453,Base PO
RFPO-497-1450-1,18 Feb 2015,PO for DURO DYNE FLEXIBLE CONNECTOR,Unspecified Supplier,MACRO,PO for DURO DYNE FLEXIBLE CONNECTOR,Various,Various,136.15,USD,2015,2,497,RFPO-497-1450,Base PO
RFPO-497-1445-1,17 Feb 2015,PO for KIMMCO INSULATION MATERIALS AND EMT STRAP 3/4 INCHES ALEX BRAND UL LISTED,"Reliable City FZE, General Trading Co.",MACRO,PO for KIMMCO INSULATION MATERIALS AND EMT STRAP 3/4 INCHES ALEX BRAND UL LISTED,Various,Various,2369.1,USD,2015,2,497,RFPO-497-1445,Base PO
RFPO-497-1442-1,16 Feb 2015,"PO for  TAIL PIPE SUPPORT, HVAC FRAME AND ALUMINUM TAPE FOR DUCT INSULATION",KHAN ENGINEERING CO. LTD,MACRO,"PO for  TAIL PIPE SUPPORT, HVAC FRAME AND ALUMINUM TAPE FOR DUCT INSULATION",Various,Various,4450.38,USD,2015,2,497,RFPO-497-1442,Base PO
RFPO-497-1441-1,15 Feb 2015,PO for SPLICE KIT 3C*150MM2 XKPE ARMORED,Skylight Electric Ware Trading LLC,MACRO,PO for SPLICE KIT 3C*150MM2 XKPE ARMORED,Various,Various,138.87,USD,2015,2,497,RFPO-497-1441,Base PO
RFPO-497-1438-1,12 Feb 2015,PO for ADDITIONAL ELECTRICAL PUNCH LIST #3,HAJI GHANI SONS,MACRO,PO for ADDITIONAL ELECTRICAL PUNCH LIST #3,Various,Various,4674.7,USD,2015,2,497,RFPO-497-1438,Base PO
RFPO-497-1436-1,09 Feb 2015,PO for FOAM BLOCK - CENTRALIZER FOR FRP PIPES,Prime Seal Insulation and Protective Materials LLC,MACRO,PO for FOAM BLOCK - CENTRALIZER FOR FRP PIPES,Various,Various,3565.35,USD,2015,2,497,RFPO-497-1436,Base PO
RFPO-497-1431-1,01 Feb 2015,PO for DYS0968960 DYMO Label Manager 420P,NISHAT GENERAL COMPANY LLC,MACRO,PO for DYS0968960 DYMO Label Manager 420P,Various,Various,147.04,USD,2015,2,497,RFPO-497-1431,Base PO
RFPO-573-1430-1,01 Feb 2015,PO for ADDITIONAL ROOFING FOR SMALL ARMS BUILDINGS,Rahim Gardizi Co. LTD,MACRO,PO for ADDITIONAL ROOFING FOR SMALL ARMS BUILDINGS,Various,Various,7413.7,USD,2015,2,573,RFPO-573-1430,Base PO
RFPO-497-1426-1,26 Jan 2015,PO for GALVANIZED BARBED WIRE FOR FENCING,Pride Kandahar Construction and General Supply Company,MACRO,PO for GALVANIZED BARBED WIRE FOR FENCING,Various,Various,1127.0,USD,2015,1,497,RFPO-497-1426,Base PO
RFPO-497-1421-1,25 Jan 2015,PO for DIESEL FUEL FOR TESTING AND COMMISSIONING OF FUEL LINES,Falcon Eyes Logistic and Services,MACRO,PO for DIESEL FUEL FOR TESTING AND COMMISSIONING OF FUEL LINES,Various,Various,31546.2,USD,2015,1,497,RFPO-497-1421,Base PO
RFPO-497-1419-1,25 Jan 2015,PO for DLM-ELC-68-1:MK SWITCH BOX K8901ALM (as Per Received Sample Picture),SMKA Electric LLC,MACRO,PO for DLM-ELC-68-1:MK SWITCH BOX K8901ALM (as Per Received Sample Picture),Various,Various,407.79,USD,2015,1,497,RFPO-497-1419,Base PO
RFPO-573-1418-1,21 Jan 2015,PO for ROOFING REQUIREMENT FOR GUARD TOWERS,Rahim Gardizi Co. LTD,MACRO,PO for ROOFING REQUIREMENT FOR GUARD TOWERS,Various,Various,6692.42,USD,2015,1,573,RFPO-573-1418,Base PO
RFPO-497-1413-1,20 Jan 2015,PO for FROSTED FILM US BRAND,CALA LOGISTICS SERVICES,MACRO,PO for FROSTED FILM US BRAND,Various,Various,744.8,USD,2015,1,497,RFPO-497-1413,Base PO
RFPO-573-1414-1,20 Jan 2015,PO for TexSscrew with EPDM Washer,MEDAL BUILDERS Engineering & Construction Co.,MACRO,PO for TexSscrew with EPDM Washer,Various,Various,80.85,USD,2015,1,573,RFPO-573-1414,Base PO
RFPO-637-1411-1,19 Jan 2015,PO for Vehicle Rentals 5 Months,Global Door Logistics,MACRO,PO for Vehicle Rentals 5 Months,Various,Various,12000.0,USD,2015,1,637,RFPO-637-1411,Base PO
RFPO-497-1409-1,18 Jan 2015,PO for BISON KIT (approx. 4.5 liters),Rubaiya Zueaid Bldg. Mat. Co. LLC,MACRO,PO for BISON KIT (approx. 4.5 liters),Various,Various,577.26,USD,2015,1,497,RFPO-497-1409,Base PO
RFPO-497-1410-1,18 Jan 2015,PO for INSTALLATION TOOLS - PU FLOORING,Gulf Trading,MACRO,PO for INSTALLATION TOOLS - PU FLOORING,Various,Various,2409.26,USD,2015,1,497,RFPO-497-1410,Base PO
RFPO-573-1407-1,14 Jan 2015,PO for  HEAT SHRINK 15 KV MULTICORE 3*150 MM2 ( RAYCHEM BRAND),AL Kissoof General Trading LLC,MACRO,PO for  HEAT SHRINK 15 KV MULTICORE 3*150 MM2 ( RAYCHEM BRAND),Various,Various,740.0,USD,2015,1,573,RFPO-573-1407,Base PO
RFPO-497-1408-1,14 Jan 2015,PO for DLM-ARC-458: LEAD SHEET,Anwar Al Madeenah Building Materials Trading LLC,MACRO,PO for DLM-ARC-458: LEAD SHEET,Various,Various,7937.37,USD,2015,1,497,RFPO-497-1408,Base PO
RFPO-497-1403-1,13 Jan 2015,PO for Expansion Bolt M12 x 150mm,CALA LOGISTICS SERVICES,MACRO,PO for Expansion Bolt M12 x 150mm,Various,Various,352.8,USD,2015,1,497,RFPO-497-1403,Base PO
RFPO-573-1405-1,13 Jan 2015,PO for TEXAS WALLS (2 METER LENGTH *2.24 METER WIDTH),Farid Helmandi Construction Company,MACRO,PO for TEXAS WALLS (2 METER LENGTH *2.24 METER WIDTH),Various,Various,10298.0,USD,2015,1,573,RFPO-573-1405,Base PO
RFPO-497-1406-1,13 Jan 2015,PO for PANEL BOARD - DUPLEX FUEL PUMP CONTROL PANEL,afi ELEKTROMEKANIK,MACRO,PO for PANEL BOARD - DUPLEX FUEL PUMP CONTROL PANEL,Various,Various,7013.91,USD,2015,1,497,RFPO-497-1406,Base PO
RFPO-497-1395-1,11 Jan 2015,PO for HEAT SHRINK (RAYCHEM BRAND) DIMMER SWITCH (SURFACE MOUNTED) AND PVC CONNECTOR,HAJI GHANI SONS,MACRO,PO for HEAT SHRINK (RAYCHEM BRAND) DIMMER SWITCH (SURFACE MOUNTED) AND PVC CONNECTOR,Various,Various,1903.0,USD,2015,1,497,RFPO-497-1395,Base PO
RFPO-781-1401-1,11 Jan 2015,PO for PPE MATERIALS,Rubaiya Zueaid Bldg. Mat. Co. LLC,MACRO,PO for PPE MATERIALS,Various,Various,71.07,USD,2015,1,781,RFPO-781-1401,Base PO
RFPO-497-1391-1,08 Jan 2015,PO for PREMIER DUCT SEALANT 32-17 (24 NOS/BOX),Unspecified Supplier,MACRO,PO for PREMIER DUCT SEALANT 32-17 (24 NOS/BOX),Various,Various,532.33,USD,2015,1,497,RFPO-497-1391,Base PO
RFPO-497-1392-1,08 Jan 2015,PO for  ADDITIONAL POWER TOOLS DELARAM,Pride Kandahar Construction and General Supply Company,MACRO,PO for  ADDITIONAL POWER TOOLS DELARAM,Various,Various,2524.48,USD,2015,1,497,RFPO-497-1392,Base PO
RFPO-497-1389-1,07 Jan 2015,PO for DLM-ARC-14: NATIONAL EPOXY THINNER,NATIONAL PAINTS FACTORIES CO. LTD.,MACRO,PO for DLM-ARC-14: NATIONAL EPOXY THINNER,Various,Various,2603.81,USD,2015,1,497,RFPO-497-1389,Base PO
RFPO-497-1390-1,07 Jan 2015,PO for Wire Nut - 6 Mm. And Aluminum Tape 50 Mm Wide-22.5 M Long,"Reliable City FZE, General Trading Co.",MACRO,PO for Wire Nut - 6 Mm. And Aluminum Tape 50 Mm Wide-22.5 M Long,Various,Various,1744.0,USD,2015,1,497,RFPO-497-1390,Base PO
RFPO-497-1386-1,06 Jan 2015,PO for EMT LB CONNECTORS 3/4 Inches UL LISTED,"Reliable City FZE, General Trading Co.",MACRO,PO for EMT LB CONNECTORS 3/4 Inches UL LISTED,Various,Various,1206.0,USD,2015,1,497,RFPO-497-1386,Base PO
RFPO-497-1388-1,06 Jan 2015,PO for EXPLOSION PROOF HEAVY DUTY THERMOSTAT MERCOID,INDUSTRIAL EQUIPMENT CORP.,MACRO,PO for EXPLOSION PROOF HEAVY DUTY THERMOSTAT MERCOID,Various,Various,2496.0,USD,2015,1,497,RFPO-497-1388,Base PO
RFPO-573-1385-1,06 Jan 2015,PO for Panic Bars for Single & Double Doors,Universal Door Products,MACRO,PO for Panic Bars for Single & Double Doors,Various,Various,1320.63,USD,2015,1,573,RFPO-573-1385,Base PO
RFPO-497-1382-1,05 Jan 2015,PO for DLM-ARC-21-1 : MASTERTILE 30 Cementitious Polymer modified tile adhesive.,United Ceramics & Building Materials,MACRO,PO for DLM-ARC-21-1 : MASTERTILE 30 Cementitious Polymer modified tile adhesive.,Various,Various,980.0,USD,2015,1,497,RFPO-497-1382,Base PO
RFPO-497-1383-1,05 Jan 2015,PO for Mitsubishi Ac Msh-a10,"Reliable City FZE, General Trading Co.",MACRO,PO for Mitsubishi Ac Msh-a10,Various,Various,1278.9,USD,2015,1,497,RFPO-497-1383,Base PO
RFPO-497-1333-1,05 Jan 2015,PO for Additional 26 Pcs AC3N Dimplex Unit Heaters,GLEN DIMPLEX IRELAND,MACRO,PO for Additional 26 Pcs AC3N Dimplex Unit Heaters,Various,Various,2177.09,USD,2015,1,497,RFPO-497-1333,Base PO
RFPO-497-1384-1,05 Jan 2015,PO for NATIONAL PAINTS EPOXY THINNER,SEFATULLAH NASARY WARDAG LTD.,MACRO,PO for NATIONAL PAINTS EPOXY THINNER,Various,Various,3062.5,USD,2015,1,497,RFPO-497-1384,Base PO
RFPO-497-1381-1,04 Jan 2015,PO for VOICE EVACUATION SYSTEM FOR DFAC,HAVEN FIRE & SAFETY LLC,MACRO,PO for VOICE EVACUATION SYSTEM FOR DFAC,Various,Various,10864.53,USD,2015,1,497,RFPO-497-1381,Base PO
RFPO-497-1380-1,04 Jan 2015,PO for BRISTOL FIRE EXTINGUISHERS FOR CLUSTER B AND CLUSTER C,Bristol Fire Engineering LLC,MACRO,PO for BRISTOL FIRE EXTINGUISHERS FOR CLUSTER B AND CLUSTER C,Various,Various,3579.31,USD,2015,1,497,RFPO-497-1380,Base PO
RFPO-497-1378-1,30 Dec 2014,PO MOTORIZED DUMPERS VCD,Unspecified Supplier,MACRO,PO MOTORIZED DUMPERS VCD,Various,Various,4356.71,USD,2014,12,497,RFPO-497-1378,Base PO
RFPO-497-1379-1,30 Dec 2014,PO for ALEX 90 DEG RIGID ELBOW 3/4 Inches WITH COUPLING,HAJI GHANI SONS,MACRO,PO for ALEX 90 DEG RIGID ELBOW 3/4 Inches WITH COUPLING,Various,Various,1357.28,USD,2014,12,497,RFPO-497-1379,Base PO
RFPO-497-1376-1,29 Dec 2014,PO for Lighting Fixture Medical - D,AW Rostamani Lumina,MACRO,PO for Lighting Fixture Medical - D,Various,Various,871.34,USD,2014,12,497,RFPO-497-1376,Base PO
RFPO-497-1377-1,29 Dec 2014,PO for Supply Of EMT CONDUIT CONNECTORS - COMPRESSION TYPE,"Reliable City FZE, General Trading Co.",MACRO,PO for Supply Of EMT CONDUIT CONNECTORS - COMPRESSION TYPE,Various,Various,2935.1,USD,2014,12,497,RFPO-497-1377,Base PO
RFPO-497-1375-1,28 Dec 2014,PO for Stainless Steel Mirror,AL HASHIMI METAL PRODUCTS MANUFACTURING LLC,MACRO,PO for Stainless Steel Mirror,Various,Various,1274.34,USD,2014,12,497,RFPO-497-1375,Base PO
RFPO-158-1374-1,23 Dec 2014,PO for Male and Female connect coupling,Rubaiya Zueaid Bldg. Mat. Co. LLC,MACRO,PO for Male and Female connect coupling,Various,Various,1897.89,USD,2014,12,158,RFPO-158-1374,Base PO
PO-1114-1281-1,23 Dec 2014,PO for 2nd requirement against Fuel Supply System and Refueling Station,OPE ENERJI DIS TIC. LTD. STI,Unknown,PO for 2nd requirement against Fuel Supply System and Refueling Station,Various,Various,57724.8,USD,2014,12,1114,PO-1114-1281,Base PO
RFPO-497-1371-1,22 Dec 2014,PO for LEADED WOODEN DOORS FOR MEDICAL,Frank Shields Medical Equipment,MACRO,PO for LEADED WOODEN DOORS FOR MEDICAL,Various,Various,9353.3,USD,2014,12,497,RFPO-497-1371,Base PO
RFPO-497-1372-1,22 Dec 2014,PO ADDITIONAL ELECTRICAL ITEMS,HAJI GHANI SONS,MACRO,PO ADDITIONAL ELECTRICAL ITEMS,Various,Various,3597.58,USD,2014,12,497,RFPO-497-1372,Base PO
RFPO-497-1366-1,21 Dec 2014,PO ADDITIONAL EMERGENCY BATTERY PACK - DECO LIGHTING,TIC LIGHT ELECTRICAL CORP,MACRO,PO ADDITIONAL EMERGENCY BATTERY PACK - DECO LIGHTING,Various,Various,516.05,USD,2014,12,497,RFPO-497-1366,Base PO
RFPO-573-1367-1,21 Dec 2014,PO for LV MV SPLICE KIT RAYCHEM BRAND,HAJI GHANI SONS,Unknown,PO for LV MV SPLICE KIT RAYCHEM BRAND,Various,Various,1584.66,USD,2014,12,573,RFPO-573-1367,Base PO
RFPO-573-1368-1,21 Dec 2014,PO for LV MV SPLICE KIT RAYCHEM BRAND,HAJI GHANI SONS,MACRO,PO for LV MV SPLICE KIT RAYCHEM BRAND,Various,Various,1721.86,USD,2014,12,573,RFPO-573-1368,Base PO
RFPO-573-1369-1,21 Dec 2014,PO for KEY CABINETS. SRM BRAND,Durob General Trading,MACRO,PO for KEY CABINETS. SRM BRAND,Various,Various,2131.38,USD,2014,12,573,RFPO-573-1369,Base PO
PO-913-513-3,18 Dec 2014,vijay PO,AKMA General Trading LLC,Unknown,vijay PO,Various,Various,0.27,USD,2014,12,913,PO-913-513,Change Order
RFPO-497-1358-1,17 Dec 2014,PO for DIMMER SWITCH FOR FANS 3000WATTS/13AMP,AL Kissoof General Trading LLC,MACRO,PO for DIMMER SWITCH FOR FANS 3000WATTS/13AMP,Various,Various,6038.82,USD,2014,12,497,RFPO-497-1358,Base PO
RFPO-497-1361-1,16 Dec 2014,PO for SILICON SEALANT AND GASKET SEALANT,CALA LOGISTICS SERVICES,MACRO,PO for SILICON SEALANT AND GASKET SEALANT,Various,Various,10682.0,USD,2014,12,497,RFPO-497-1361,Base PO
RFPO-158-1362-1,16 Dec 2014,PO 4.5 KG DRY POWDER FIRE EXTINGUISHER (BRISTOL - UAE) For CLUSTER A,Bristol Fire Engineering LLC,MACRO,PO 4.5 KG DRY POWDER FIRE EXTINGUISHER (BRISTOL - UAE) For CLUSTER A,Various,Various,2321.31,USD,2014,12,158,RFPO-158-1362,Base PO
RFPO-497-1364-1,16 Dec 2014,PO for FRP PIPES AND FITTINGS,FUTURE PIPE INDUSTRIES,MACRO,PO for FRP PIPES AND FITTINGS,Various,Various,21474.8,USD,2014,12,497,RFPO-497-1364,Base PO
RFPO-497-1350-1,15 Dec 2014,PO FOR FIRE RATED COUNTER SHUTTER IMPORTED (AS PER UL STANDARDS) MALAYSIA MADE,TEKMARK International FZC,MACRO,PO FOR FIRE RATED COUNTER SHUTTER IMPORTED (AS PER UL STANDARDS) MALAYSIA MADE,Various,Various,13744.04,USD,2014,12,497,RFPO-497-1350,Base PO
RFPO-497-1356-1,15 Dec 2014,PO for Rigid Insulation Styrofoam And Alpha Dry (Adhesive),AZIZ ULLAH NASARY WARDAK LTD,MACRO,PO for Rigid Insulation Styrofoam And Alpha Dry (Adhesive),Various,Various,28008.4,USD,2014,12,497,RFPO-497-1356,Base PO
RFPO-497-1359-1,15 Dec 2014,PO for CARTRIDGE FOR LABELING MACHINE 12mm,CALA LOGISTICS SERVICES,MACRO,PO for CARTRIDGE FOR LABELING MACHINE 12mm,Various,Various,931.0,USD,2014,12,497,RFPO-497-1359,Base PO
RFPO-497-1360-1,15 Dec 2014,PO D1 Tape 12mmx7mtr Black on White D1 Tape 12mmx7mtr Black on White,NISHAT GENERAL COMPANY LLC,MACRO,PO D1 Tape 12mmx7mtr Black on White D1 Tape 12mmx7mtr Black on White,Various,Various,4936.69,USD,2014,12,497,RFPO-497-1360,Base PO
RFPO-573-1349-1,14 Dec 2014,PO for Supply and Installation of Alaska Wall and Crane Rental,Farid Helmandi Construction Company,MACRO,PO for Supply and Installation of Alaska Wall and Crane Rental,Various,Various,62300.0,USD,2014,12,573,RFPO-573-1349,Base PO
RFPO-497-1354-1,14 Dec 2014,PO for ADDITIONAL POWER TOOLS - MAKITA,HAMD GROUP,MACRO,PO for ADDITIONAL POWER TOOLS - MAKITA,Various,Various,6017.2,USD,2014,12,497,RFPO-497-1354,Base PO
RFPO-497-1355-1,14 Dec 2014,PO ADDITIONAL ELECTRICAL TOOLS,HAJI GHANI SONS,MACRO,PO ADDITIONAL ELECTRICAL TOOLS,Various,Various,4344.34,USD,2014,12,497,RFPO-497-1355,Base PO
SPO-781-1267-1,14 Dec 2014,PO for MVL_HIMEL Al Dhafra Subcontract Agreement,Honeywell International Middle East Ltd,Unknown,PO for MVL_HIMEL Al Dhafra Subcontract Agreement,Various,Various,484683.46,USD,2014,12,781,SPO-781-1267-1,Base PO
RFPO-497-1339-1,11 Dec 2014,"PO ARROW PIPE IMC CONDUIT, 3/4 INCHES",HAJI GHANI SONS,MACRO,"PO ARROW PIPE IMC CONDUIT, 3/4 INCHES",Various,Various,5336.1,USD,2014,12,497,RFPO-497-1339,Base PO
RFPO-497-1342-1,11 Dec 2014,PO for TEFLON TAPE,TOP LEVEL CONSTRUCTION & LOGISTIC COMPANY.,MACRO,PO for TEFLON TAPE,Various,Various,705.6,USD,2014,12,497,RFPO-497-1342,Base PO
RFPO-497-1344-1,11 Dec 2014,PO for paint for the B.1.1 doors same supplied before. RAL 1013,TEKMARK International FZC,MACRO,PO for paint for the B.1.1 doors same supplied before. RAL 1013,Various,Various,315.86,USD,2014,12,497,RFPO-497-1344,Base PO
RFPO-497-1341-1,10 Dec 2014,PO for ADDITIONAL ELECTRICAL ITEMS,HAJI GHANI SONS,MACRO,PO for ADDITIONAL ELECTRICAL ITEMS,Various,Various,2384.536,USD,2014,12,497,RFPO-497-1341,Base PO
RFPO-497-1338-1,10 Dec 2014,PO for AIR TERMINAL AND ACCESSORIES - AMPER,HAJI GHANI SONS,MACRO,PO for AIR TERMINAL AND ACCESSORIES - AMPER,Various,Various,8275.12,USD,2014,12,497,RFPO-497-1338,Base PO
RFPO-573-1211-1,09 Dec 2014,PO for SITE WORK : Supply and Install - Aggregates,AHI Carrier Fzc,MACRO,PO for SITE WORK : Supply and Install - Aggregates,Various,Various,76740.0,USD,2014,12,573,RFPO-573-1211,Base PO
RFSPO-497-1044-2,09 Dec 2014,PO for DISCOUNT.,Al Futtaim Auto Machinery Company LLC,Unknown,PO for DISCOUNT.,Various,Various,144.0,USD,2014,12,497,RFSPO-497-1044-2,Base PO
RFPO-497-1335-1,09 Dec 2014,PO for PVC PIPES AND FITTINGS,MILLI FACTORY,MACRO,PO for PVC PIPES AND FITTINGS,Various,Various,1762.33,USD,2014,12,497,RFPO-497-1335,Base PO
RFPO-497-1332-1,09 Dec 2014,"PO for CPVC PIPE AND FITTINGS(COLOR SHOULD BE GRAY), GI FITTINGS, CPVC CLEANER",CALA LOGISTICS SERVICES,MACRO,"PO for CPVC PIPE AND FITTINGS(COLOR SHOULD BE GRAY), GI FITTINGS, CPVC CLEANER",Various,Various,5478.8,USD,2014,12,497,RFPO-497-1332,Base PO
RFPO-497-1331-1,09 Dec 2014,PO for EUROPA MEDIUM SOAP DISH AND FLUSH STRING FOR EASTERN WATER CLOSET,United Ceramics & Building Materials,MACRO,PO for EUROPA MEDIUM SOAP DISH AND FLUSH STRING FOR EASTERN WATER CLOSET,Various,Various,733.04,USD,2014,12,497,RFPO-497-1331,Base PO
SPO-814-1078-2,09 Dec 2014,PO for ORD637-714-2005,HBCC - HABILE BUILDER CONSTRUCTION COMPANY,Unknown,PO for ORD637-714-2005,Various,Various,1.0,USD,2014,12,814,SPO-814-1078-2,Base PO
RFPO-497-1336-1,09 Dec 2014,PO for FIBERGLASS WOOL AND INSULATION SCREEN,MEDAL BUILDERS Engineering & Construction Co.,MACRO,PO for FIBERGLASS WOOL AND INSULATION SCREEN,Various,Various,382.2,USD,2014,12,497,RFPO-497-1336,Base PO
PO-613-335-2,08 Dec 2014,PO for Distribution Panel,AKMA General Trading LLC,MACRO,PO for Distribution Panel,Various,Various,2468.0,USD,2014,12,613,PO-613-335,Change Order
RFPO-497-1330-1,08 Dec 2014,PO Back Flow Preventer with Air Gap - ZURN,INDUSTRIAL EQUIPMENT CORP.,MACRO,PO Back Flow Preventer with Air Gap - ZURN,Various,Various,564.0,USD,2014,12,497,RFPO-497-1330,Base PO
RFPO-497-1334-1,08 Dec 2014,PO for Stainless steel toilet paper holder with cover (Model 02.112-30 Inox Bright),AL HASHIMI METAL PRODUCTS MANUFACTURING LLC,MACRO,PO for Stainless steel toilet paper holder with cover (Model 02.112-30 Inox Bright),Various,Various,70.58,USD,2014,12,497,RFPO-497-1334,Base PO
RFPO-497-1325-1,08 Dec 2014,PO FOR HVAC MATERIALS - FABRICATED,CALA LOGISTICS SERVICES,MACRO,PO FOR HVAC MATERIALS - FABRICATED,Various,Various,6300.15,USD,2014,12,497,RFPO-497-1325,Base PO
RFPO-497-1323-1,07 Dec 2014,PO for 4C and 5C Hes Kablo and Copper Cable Lugs,HAJI GHANI SONS,MACRO,PO for 4C and 5C Hes Kablo and Copper Cable Lugs,Various,Various,6643.2,USD,2014,12,497,RFPO-497-1323,Base PO
RFPO-497-1324-1,07 Dec 2014,PURCHASE ORDER FOR ADDITIONAL SANITARY WARES AND SIKADUR 31 CF SLOW,United Ceramics & Building Materials,MACRO,PURCHASE ORDER FOR ADDITIONAL SANITARY WARES AND SIKADUR 31 CF SLOW,Various,Various,12510.69,USD,2014,12,497,RFPO-497-1324,Base PO
RFPO-497-1327-1,07 Dec 2014,PO for DLM-ARC-30: SINGLE PVC DOOR (G). 1000MM X 2000MM,RUYA PVC VE ALUMINYUM DOGRAMA SAN. VE TIC.LTD.&#350;T&#304;,MACRO,PO for DLM-ARC-30: SINGLE PVC DOOR (G). 1000MM X 2000MM,Various,Various,330.0,USD,2014,12,497,RFPO-497-1327,Base PO
RFPO-497-1326-1,07 Dec 2014,POAdditional Weather-strip and Door Vision Glass for Type B.1.1,TEKMARK International FZC,MACRO,POAdditional Weather-strip and Door Vision Glass for Type B.1.1,Various,Various,4316.54,USD,2014,12,497,RFPO-497-1326,Base PO
RFPO-497-1329-1,07 Dec 2014,"PO for STRAINER & ACC., PRESSURE GAUGE, BALL VALVES CRANE D171",Rubaiya Zueaid Bldg. Mat. Co. LLC,MACRO,"PO for STRAINER & ACC., PRESSURE GAUGE, BALL VALVES CRANE D171",Various,Various,4053.37,USD,2014,12,497,RFPO-497-1329,Base PO
RFPO-497-1315-1,04 Dec 2014,PO for Roof Requirement,Rahim Gardizi Co. LTD,MACRO,PO for Roof Requirement,Various,Various,17403.0,USD,2014,12,497,RFPO-497-1315,Base PO
RFPO-497-1321-1,04 Dec 2014,PO for  BARE COPPER AND GROUNDING CABLE (VATAN KABLO BRAND) AND EXPLOSION PROOF EMERGENCY BATTERY PACK,"Reliable City FZE, General Trading Co.",MACRO,PO for  BARE COPPER AND GROUNDING CABLE (VATAN KABLO BRAND) AND EXPLOSION PROOF EMERGENCY BATTERY PACK,Various,Various,16155.0,USD,2014,12,497,RFPO-497-1321,Base PO
RFPO-497-1044-1,02 Dec 2014,PO for DISCOUNT.,afi ELEKTROMEKANIK,MACRO,PO for DISCOUNT.,Various,Various,1522756.0,USD,2014,12,497,RFPO-497-1044,Base PO
RFPO-497-1312-1,01 Dec 2014,PO for MEDICAL LIGHTING FIXTURES A3 AND A4 - FRATER,AW Rostamani Lumina,MACRO,PO for MEDICAL LIGHTING FIXTURES A3 AND A4 - FRATER,Various,Various,6403.0,USD,2014,12,497,RFPO-497-1312,Base PO
RFPO-497-1301-1,27 Nov 2014,STAINLESS TABLE FOR DFAC,MEDAL BUILDERS Engineering & Construction Co.,MACRO,STAINLESS TABLE FOR DFAC,Various,Various,2600.0,USD,2014,11,497,RFPO-497-1301,Base PO
RFPO-158-1303-1,25 Nov 2014,PO for DLM-ARC-460: VOLLEYBALL COURT FLOORING [SHEET RUBBER COMPOSITION] - LESUTAN BS [9MM: 5MM + 4MM] CONCRETE BASE,Unspecified Supplier,MACRO,PO for DLM-ARC-460: VOLLEYBALL COURT FLOORING [SHEET RUBBER COMPOSITION] - LESUTAN BS [9MM: 5MM + 4MM] CONCRETE BASE,Various,Various,10619.47,USD,2014,11,158,RFPO-158-1303,Base PO
RFPO-497-1287-1,20 Nov 2014,"PO MEDICAL LIGHTING FIXTURE FOR TYPE A1F, B, C - SOLTA",PELSAN Elektrik San. ve Dis Tic Ltd. Sti,MACRO,"PO MEDICAL LIGHTING FIXTURE FOR TYPE A1F, B, C - SOLTA",Various,Various,1698.95,USD,2014,11,497,RFPO-497-1287,Base PO
RFPO-158-1289-1,20 Nov 2014,PO for DLM-ARC-458: GYM FLOORING [RESILIENT MAT UNDERLAY - LESUTAN BS [12.5MM : 10MM + 2.5MM] CONCRETE BASE,Unspecified Supplier,MACRO,PO for DLM-ARC-458: GYM FLOORING [RESILIENT MAT UNDERLAY - LESUTAN BS [12.5MM : 10MM + 2.5MM] CONCRETE BASE,Various,Various,36759.7,USD,2014,11,158,RFPO-158-1289,Base PO
RFPO-497-1278-1,19 Nov 2014,PO Backsplash and Corner Guard for Kitchen,AL HASHIMI METAL PRODUCTS MANUFACTURING LLC,MACRO,PO Backsplash and Corner Guard for Kitchen,Various,Various,6717.48,USD,2014,11,497,RFPO-497-1278,Base PO
RFPO-497-1283-1,19 Nov 2014,"PO for K762 KNAUF Safe board. Model K762, Size: 625mm x 2400mm x 12.5mm thickness",Knauf LLC,MACRO,"PO for K762 KNAUF Safe board. Model K762, Size: 625mm x 2400mm x 12.5mm thickness",Various,Various,6849.92,USD,2014,11,497,RFPO-497-1283,Base PO
RFPO-573-1273-1,17 Nov 2014,PO for ROYAL PVC ELECTRICAL CONDUIT AND FITTINGS - SCH80 - ROYAL BRAND,Royal Standard PVC Co. Ltd,MACRO,PO for ROYAL PVC ELECTRICAL CONDUIT AND FITTINGS - SCH80 - ROYAL BRAND,Various,Various,122172.55,USD,2014,11,573,RFPO-573-1273,Base PO
PO-1114-1252-1,16 Nov 2014,PO FUEL SUPPLY SYSTEM AND REFUELING STATION,OPE ENERJI DIS TIC. LTD. STI,Unknown,PO FUEL SUPPLY SYSTEM AND REFUELING STATION,Various,Various,22837.4,USD,2014,11,1114,PO-1114-1252,Base PO
RFPO-158-1255-1,09 Nov 2014,PO for Stationery Vehicle Exhaust System Components,GEM INDUSTRIAL EQUIPMENT TRADING L.L.C,MACRO,PO for Stationery Vehicle Exhaust System Components,Various,Various,67946.63,USD,2014,11,158,RFPO-158-1255,Base PO
RFPO-158-1256-1,09 Nov 2014,PO PNEUMATIC PRESSURE REGULATOR MODEL # RM4000-15-W-T8,GEM INDUSTRIAL EQUIPMENT TRADING L.L.C,MACRO,PO PNEUMATIC PRESSURE REGULATOR MODEL # RM4000-15-W-T8,Various,Various,6350.12,USD,2014,11,158,RFPO-158-1256,Base PO
RFPO-497-1253-1,06 Nov 2014,LEADED GLASS AND WINDOW FRAME,Frank Shields Medical Equipment,MACRO,LEADED GLASS AND WINDOW FRAME,Various,Various,1503.06,USD,2014,11,497,RFPO-497-1253,Base PO
RFPO-497-1249-1,05 Nov 2014,MEDICAL FLOORING VEGA PLUS,Gulf Trading,MACRO,MEDICAL FLOORING VEGA PLUS,Various,Various,1535.74,USD,2014,11,497,RFPO-497-1249,Base PO
RFPO-497-1242-1,03 Nov 2014,PO for ABOVEGROUND FUEL STORAGE TANK,OPE ENERJI DIS TIC. LTD. STI,MACRO,PO for ABOVEGROUND FUEL STORAGE TANK,Various,Various,16325.0,USD,2014,11,497,RFPO-497-1242,Base PO
RFPO-497-1238-1,30 Oct 2014,PO FOR ADDITIONAL SANDWICH PANEL ACCESORIES,IZOCAM Ticaret Ve Sanayi A.S>,MACRO,PO FOR ADDITIONAL SANDWICH PANEL ACCESORIES,Various,Various,15931.2,USD,2014,10,497,RFPO-497-1238,Base PO
RFPO-497-1239-1,30 Oct 2014,PO FOR EXPLOSION PROOF FITTINGS AND SEALING COMPOUND,afi ELEKTROMEKANIK,Unknown,PO FOR EXPLOSION PROOF FITTINGS AND SEALING COMPOUND,Various,Various,9583.15,USD,2014,10,497,RFPO-497-1239,Base PO
RFPO-497-1241-1,30 Oct 2014,PO FOR EXPLOSION PROOF FITTINGS AND SEALING COMPOUND,afi ELEKTROMEKANIK,MACRO,PO FOR EXPLOSION PROOF FITTINGS AND SEALING COMPOUND,Various,Various,9225.0,USD,2014,10,497,RFPO-497-1241,Base PO
RFPO-497-1226-1,29 Oct 2014,PO for CARRIER HEAT PUMP,AHI Carrier Fzc,MACRO,PO for CARRIER HEAT PUMP,Various,Various,66050.0,USD,2014,10,497,RFPO-497-1226,Base PO
RFPO-497-1237-1,29 Oct 2014,PO FOR EXPLOSION PROOF FITTINGS - CORTEM,CORTEM MIDDLE EAST FZCO,MACRO,PO FOR EXPLOSION PROOF FITTINGS - CORTEM,Various,Various,18597.69,USD,2014,10,497,RFPO-497-1237,Base PO
RFPO-497-1231-1,28 Oct 2014,PO for WOOD BURNING STOVE AND ACCESSORIES,KHAN ENGINEERING CO. LTD,MACRO,PO for WOOD BURNING STOVE AND ACCESSORIES,Various,Various,27400.0,USD,2014,10,497,RFPO-497-1231,Base PO
RFPO-158-939-1,26 Oct 2014,PO for DLM-ELC-72 : SCHUKO CEE 7 GFCI RECEPTACLE - 70225-10HGD,International Configurations Inc.,MACRO,PO for DLM-ELC-72 : SCHUKO CEE 7 GFCI RECEPTACLE - 70225-10HGD,Various,Various,94426.08,USD,2014,10,158,RFPO-158-939,Base PO
RFPO-158-1205-1,22 Oct 2014,PO FOR PANEL BOARDS,Panel Tech Engineering Co,MACRO,PO FOR PANEL BOARDS,Various,Various,257300.0,USD,2014,10,158,RFPO-158-1205,Base PO
RFPO-497-1201-1,20 Oct 2014,PO for METAL BOX FOR VIKO RECEPTACLE,Panel Tech Engineering Co,MACRO,PO for METAL BOX FOR VIKO RECEPTACLE,Various,Various,21880.4,USD,2014,10,497,RFPO-497-1201,Base PO
RFPO-497-1203-1,20 Oct 2014,PO VIKO DUPLEX RECEPTACLE,afi ELEKTROMEKANIK,MACRO,PO VIKO DUPLEX RECEPTACLE,Various,Various,11976.86,USD,2014,10,497,RFPO-497-1203,Base PO
RFPO-497-1182-1,20 Oct 2014,"PO for INLINE, WALL AND EXPROOF EXHAUST FANS - LEMINAR",LEMINAR AIR CONDITIONING CO. LLC,MACRO,"PO for INLINE, WALL AND EXPROOF EXHAUST FANS - LEMINAR",Various,Various,102491.49,USD,2014,10,497,RFPO-497-1182,Base PO
RFPO-497-1204-1,20 Oct 2014,PO FOR FUEL SUPPLY SYSTEM AND REFUELING STATION,OPE ENERJI DIS TIC. LTD. STI,MACRO,PO FOR FUEL SUPPLY SYSTEM AND REFUELING STATION,Various,Various,109907.25,USD,2014,10,497,RFPO-497-1204,Base PO
RFPO-497-1198-1,19 Oct 2014,PO Refueling Station Lighting Fixtures - Appleton,AEL,MACRO,PO Refueling Station Lighting Fixtures - Appleton,Various,Various,4295.54,USD,2014,10,497,RFPO-497-1198,Base PO
RFPO-158-1190-1,15 Oct 2014,PURCHASE ORDER FOR H2S GAS DETECTOR - SBS,SBS,MACRO,PURCHASE ORDER FOR H2S GAS DETECTOR - SBS,Various,Various,10404.0,USD,2014,10,158,RFPO-158-1190,Base PO
RFPO-497-1189-1,15 Oct 2014,PO for DOGAN FENCES AND ACCESSORIES,DOGAN TEL ORGU DEMIR DEKORASYON,MACRO,PO for DOGAN FENCES AND ACCESSORIES,Various,Various,149613.78,USD,2014,10,497,RFPO-497-1189,Base PO
RFPO-497-1183-1,14 Oct 2014,PO FOR WATER HEATER - RE CIRCULATING PUMP - LOWARA (Xylem TLCH 32-12L),ARJ WATER TECHNOLOGY,MACRO,PO FOR WATER HEATER - RE CIRCULATING PUMP - LOWARA (Xylem TLCH 32-12L),Various,Various,2042.21,USD,2014,10,497,RFPO-497-1183,Base PO
RFPO-497-1179-1,09 Oct 2014,PO for PRE FABRICATED STEEL DUCT,Century Mechanical Systems,MACRO,PO for PRE FABRICATED STEEL DUCT,Various,Various,23893.81,USD,2014,10,497,RFPO-497-1179,Base PO
RFPO-497-1166-1,01 Oct 2014,PO for DLM-ARC-03: 1-SPD 1000 TYPE 50 RW WALL PANEL,IZOCAM Ticaret Ve Sanayi A.S>,MACRO,PO for DLM-ARC-03: 1-SPD 1000 TYPE 50 RW WALL PANEL,Various,Various,30417.422,USD,2014,10,497,RFPO-497-1166,Base PO
RFPO-497-1156-1,29 Sep 2014,PO Prestige Aluminum Flagpole - 12 mtr,TRIDENT SUPPORT FLAGPOLES LLC,MACRO,PO Prestige Aluminum Flagpole - 12 mtr,Various,Various,28716.81,USD,2014,9,497,RFPO-497-1156,Base PO
RFPO-497-1159-1,29 Sep 2014,PO for SUBCONTRACT AGREEMENT FOR INSTLLATION / TESTING / COMMISIONING OF COLD STORAGE SYSTEM,AKBAR MIRZAD GROUP OF COMPANIES,MACRO,PO for SUBCONTRACT AGREEMENT FOR INSTLLATION / TESTING / COMMISIONING OF COLD STORAGE SYSTEM,Various,Various,77000.0,USD,2014,9,497,RFPO-497-1159,Base PO
RFPO-497-1162-1,29 Sep 2014,PO for CABLE  4C X 500MM2 - SEVAL KABLO,Seval Kablo,Unknown,PO for CABLE  4C X 500MM2 - SEVAL KABLO,Various,Various,160008.0,USD,2014,9,497,RFPO-497-1162,Base PO
RFPO-497-1151-1,25 Sep 2014,PO forKIMMCO PIPE INSULATION AND ALUMINUM TAPE,Rubaiya Zueaid Bldg. Mat. Co. LLC,MACRO,PO forKIMMCO PIPE INSULATION AND ALUMINUM TAPE,Various,Various,9729.13,USD,2014,9,497,RFPO-497-1151,Base PO
RFPO-497-1121-1,25 Sep 2014,PO for 	MAXEL DUCT HEATER UL LISTED & Non-UL LISTED HEATER,MAXELL INDUSTRIES LLC,MACRO,PO for 	MAXEL DUCT HEATER UL LISTED & Non-UL LISTED HEATER,Various,Various,72558.2,USD,2014,9,497,RFPO-497-1121,Base PO
RFPO-497-1140-1,25 Sep 2014,PO FIRE BRICKS [CAPSTONE],CAPSTONE CERAMICS FZE,MACRO,PO FIRE BRICKS [CAPSTONE],Various,Various,11606.54,USD,2014,9,497,RFPO-497-1140,Base PO
RFPO-497-1145-1,24 Sep 2014,PO for ELECTRO LINE OUTLET BOXES AND COVER CODED A [COMMUNICATION BOX],GMG DIS TICARET LTD. STI,MACRO,PO for ELECTRO LINE OUTLET BOXES AND COVER CODED A [COMMUNICATION BOX],Various,Various,4321.2,USD,2014,9,497,RFPO-497-1145,Base PO
RFPO-497-1152-1,24 Sep 2014,PO for ALUMINUM DOORS,RUYA PVC VE ALUMINYUM DOGRAMA SAN. VE TIC.LTD.&#350;T&#304;,MACRO,PO for ALUMINUM DOORS,Various,Various,296263.0,USD,2014,9,497,RFPO-497-1152,Base PO
RFPO-573-1144-1,22 Sep 2014,PO APPROVED EXPLOSION LIGHTING FIXTURE - CORTEM - J2 [Same Supplied Before],CORTEM MIDDLE EAST FZCO,MACRO,PO APPROVED EXPLOSION LIGHTING FIXTURE - CORTEM - J2 [Same Supplied Before],Various,Various,1594.55,USD,2014,9,573,RFPO-573-1144,Base PO
RFPO-497-1138-1,18 Sep 2014,PO GEWISS ROTARY SWITCHES [2 POLE AND 4 POLE],Gulf Ocean Lights LLC,MACRO,PO GEWISS ROTARY SWITCHES [2 POLE AND 4 POLE],Various,Various,4625.6,USD,2014,9,497,RFPO-497-1138,Base PO
RFPO-497-1139-1,18 Sep 2014,"PO for DLM-ELC-104-3: THERMOPLASTIC HOUSING EXIT SIGN WITH LED LAMPS, RED LETTERS  inches IN HEIGHT 3/4 STROKE WIDTH , WITH NiCad BATTERY 4.8V.07Ah (Operate for 90 minutes ) ; LED LAMPS HEAD CAPABILIT",IKIZLER AYDINLATMA ARMATURLERI SAN VE. TIC. A.S,MACRO,"PO for DLM-ELC-104-3: THERMOPLASTIC HOUSING EXIT SIGN WITH LED LAMPS, RED LETTERS  inches IN HEIGHT 3/4 STROKE WIDTH , WITH NiCad BATTERY 4.8V.07Ah (Operate for 90 minutes ) ; LED LAMPS HEAD CAPABILIT",Various,Various,10140.76,USD,2014,9,497,RFPO-497-1139,Base PO
RFPO-497-1131-1,16 Sep 2014,"PO for DECO LIGHTING FIXTURE EMERGENCY BATTERY PACK - [B], (As per approved data sheet of Deco Emergency Light)",TIC LIGHT ELECTRICAL CORP,MACRO,"PO for DECO LIGHTING FIXTURE EMERGENCY BATTERY PACK - [B], (As per approved data sheet of Deco Emergency Light)",Various,Various,39143.29939,USD,2014,9,497,RFPO-497-1131,Base PO
RFPO-497-1128-1,16 Sep 2014,"PO for 1ST & 2ND STAGE EMERSON REGULATOR, PACIFIC SEISMIC SHUT OFF VALVE, FUSIBLE LINK VALVE BI-TORQ",INDUSTRIAL EQUIPMENT CORP.,MACRO,"PO for 1ST & 2ND STAGE EMERSON REGULATOR, PACIFIC SEISMIC SHUT OFF VALVE, FUSIBLE LINK VALVE BI-TORQ",Various,Various,883.8499947,USD,2014,9,497,RFPO-497-1128,Base PO
RFPO-497-1106-1,16 Sep 2014,PO for ADDRESSABLE FIRE ALARM DEVICE- COOPER,HAVEN FIRE & SAFETY LLC,MACRO,PO for ADDRESSABLE FIRE ALARM DEVICE- COOPER,Various,Various,58966.64,USD,2014,9,497,RFPO-497-1106,Base PO
RFPO-497-1135-1,15 Sep 2014,"PO for TORNADO 42W WW E27 220-240V [FOR LIGHTING FIXTURE AL1, AL2 & AL3]",Gulf Ocean Lights LLC,MACRO,"PO for TORNADO 42W WW E27 220-240V [FOR LIGHTING FIXTURE AL1, AL2 & AL3]",Various,Various,30854.32,USD,2014,9,497,RFPO-497-1135,Base PO
RFPO-497-1133-1,15 Sep 2014,PO for DLM-ARC-20: GROUTING (BAUMACOL FUGE-DERZ DOLGU). WHITE FOR CERAMIC TILES,SETAF Intl Logistics Transporting Co.,Unknown,PO for DLM-ARC-20: GROUTING (BAUMACOL FUGE-DERZ DOLGU). WHITE FOR CERAMIC TILES,Various,Various,380.0,USD,2014,9,497,RFPO-497-1133,Base PO
RFPO-497-1130-1,14 Sep 2014,PO for GRANDLITE VT956,AW Rostamani Lumina,MACRO,PO for GRANDLITE VT956,Various,Various,1890.81,USD,2014,9,497,RFPO-497-1130,Base PO
RFPO-497-1123-1,14 Sep 2014,PO for DLM-ELC-89: TYPE AL-2 - VAPOUR WET LOCATION JELLY JAR FIXTURE WITH MEDIUM SCREW IN BASE,"Merchant Intl, Inc Middle East FZCO",MACRO,PO for DLM-ELC-89: TYPE AL-2 - VAPOUR WET LOCATION JELLY JAR FIXTURE WITH MEDIUM SCREW IN BASE,Various,Various,44879.08002,USD,2014,9,497,RFPO-497-1123,Base PO
RFPO-497-1125-1,11 Sep 2014,PO for CORTEM LIGHTING FIXTURES J & J2,CORTEM MIDDLE EAST FZCO,MACRO,PO for CORTEM LIGHTING FIXTURES J & J2,Various,Various,29444.79,USD,2014,9,497,RFPO-497-1125,Base PO
RFPO-497-1126-1,11 Sep 2014,PO for STS Cable Trays and Accesories,STS ELK.PAZ.TIC.LTD.STI.,MACRO,PO for STS Cable Trays and Accesories,Various,Various,12282.49998,USD,2014,9,497,RFPO-497-1126,Base PO
RFPO-497-1117-1,09 Sep 2014,PO for DLM-MEC-92: Pitsan Ex-proof electrical unit heaters,PITSAN Makina Sanayii Ve Tic Ltd. STI.,MACRO,PO for DLM-MEC-92: Pitsan Ex-proof electrical unit heaters,Various,Various,59400.0,USD,2014,9,497,RFPO-497-1117,Base PO
RFPO-497-1120-1,09 Sep 2014,PO FOR APPROVED CASAL EXHAUST FANS,LEMINAR AIR CONDITIONING CO. LLC,MACRO,PO FOR APPROVED CASAL EXHAUST FANS,Various,Various,28144.32,USD,2014,9,497,RFPO-497-1120,Base PO
RFPO-497-1113-1,09 Sep 2014,PO FRANCIS SEARCH LIGHT 1000-WATTS (FR-300CP),HAJI GHANI SONS,MACRO,PO FRANCIS SEARCH LIGHT 1000-WATTS (FR-300CP),Various,Various,11400.0,USD,2014,9,497,RFPO-497-1113,Base PO
RFPO-573-1105-1,03 Sep 2014,"PO for POWERHOUSE STEEL DOORS - TYPE D1, D2, D3, D5",TEKMARK International FZC,MACRO,"PO for POWERHOUSE STEEL DOORS - TYPE D1, D2, D3, D5",Various,Various,3677.88,USD,2014,9,573,RFPO-573-1105,Base PO
RFPO-497-1103-1,02 Sep 2014,PO for ELECTROLINE  EMT CONDUITAND CONDUIT STRAP 3/4,GMG DIS TICARET LTD. STI,MACRO,PO for ELECTROLINE  EMT CONDUITAND CONDUIT STRAP 3/4,Various,Various,40499.99895,USD,2014,9,497,RFPO-497-1103,Base PO
RFPO-497-1104-1,02 Sep 2014,PO for DLM-ELC-92: GRANDLITE SM353,AW Rostamani Lumina,MACRO,PO for DLM-ELC-92: GRANDLITE SM353,Various,Various,12530.97,USD,2014,9,497,RFPO-497-1104,Base PO
RFPO-497-1096-1,31 Aug 2014,PO for DUCAB CABLE 1 X 2.5MM2. BLACK and RED  SOLID.,HAJI GHANI SONS,MACRO,PO for DUCAB CABLE 1 X 2.5MM2. BLACK and RED  SOLID.,Various,Various,5040.0002,USD,2014,8,497,RFPO-497-1096,Base PO
RFPO-497-1100-1,31 Aug 2014,PO for GALVANIZED GRATES AND GI ANGLE 9.5MM,KHAN ENGINEERING CO. LTD,Unknown,PO for GALVANIZED GRATES AND GI ANGLE 9.5MM,Various,Various,30300.0,USD,2014,8,497,RFPO-497-1100,Base PO
RFPO-497-1063-1,31 Aug 2014,PO for ACROVYN 4000 CRASH RAILS,HYDAM INTERNATIONAL LLC,MACRO,PO for ACROVYN 4000 CRASH RAILS,Various,Various,3605.17,USD,2014,8,497,RFPO-497-1063,Base PO
RFPO-497-1094-1,28 Aug 2014,PO for DLM-ELC-132: SEVAL CABLE,GMG DIS TICARET LTD. STI,Unknown,PO for DLM-ELC-132: SEVAL CABLE,Various,Various,12640.00058,USD,2014,8,497,RFPO-497-1094,Base PO
RFPO-497-1092-1,28 Aug 2014,PO for MK Switches S3 & S4,GMG DIS TICARET LTD. STI,MACRO,PO for MK Switches S3 & S4,Various,Various,11270.05,USD,2014,8,497,RFPO-497-1092,Base PO
RFPO-497-1095-1,28 Aug 2014,PO for DLM-ELC-132: SEVAL BLACK 3C X 4MM2 NYY CABLE,Seval Kablo,MACRO,PO for DLM-ELC-132: SEVAL BLACK 3C X 4MM2 NYY CABLE,Various,Various,11310.00042,USD,2014,8,497,RFPO-497-1095,Base PO
RFPO-497-1083-1,27 Aug 2014,PO for DLM-ARC-50: CAST IRON TRENCH DRAIN GRATING,KHAN ENGINEERING CO. LTD,MACRO,PO for DLM-ARC-50: CAST IRON TRENCH DRAIN GRATING,Various,Various,3494.0,USD,2014,8,497,RFPO-497-1083,Base PO
RFPO-497-1073-1,21 Aug 2014,PO for DLM-PLM-031: WALL MOUNTED SINK MIXER  / SHORT NECK,MEDAL BUILDERS Engineering & Construction Co.,MACRO,PO for DLM-PLM-031: WALL MOUNTED SINK MIXER  / SHORT NECK,Various,Various,8370.0,USD,2014,8,497,RFPO-497-1073,Base PO
RFPO-497-1072-1,20 Aug 2014,PO for DLM-PLM-031: WALL MOUNTED SINK MIXER / LONG NECK L-6012,JUNAID SANITARY ELECT. MAT. TR. LLC,MACRO,PO for DLM-PLM-031: WALL MOUNTED SINK MIXER / LONG NECK L-6012,Various,Various,6044.93,USD,2014,8,497,RFPO-497-1072,Base PO
RFPO-158-1067-1,18 Aug 2014,PO for DLM-ELC-110: DRAKA FT30 FIRETUF FIRE ALARM CABLE,HAJI GHANI SONS,MACRO,PO for DLM-ELC-110: DRAKA FT30 FIRETUF FIRE ALARM CABLE,Various,Various,28100.0,USD,2014,8,158,RFPO-158-1067,Base PO
RFPO-497-1058-1,14 Aug 2014,PO for BACK FLOW PREVENTER - ZURN,INDUSTRIAL EQUIPMENT CORP.,MACRO,PO for BACK FLOW PREVENTER - ZURN,Various,Various,14685.75,USD,2014,8,497,RFPO-497-1058,Base PO
RFPO-158-940-1,14 Aug 2014,PO for DLM-ARC-18 : TERRAZO TILES. MODEL : SA-755,AS KARO &#304;ML.&#304;N&#350;.NAK. &#304;TH.&#304;HR.SAN. ve T&#304;C. LTD.&#350;T&#304;,MACRO,PO for DLM-ARC-18 : TERRAZO TILES. MODEL : SA-755,Various,Various,4012.5,USD,2014,8,158,RFPO-158-940,Base PO
RFPO-497-1038-1,13 Aug 2014,PO for SEVAL Wiring Cables,Seval Kablo,MACRO,PO for SEVAL Wiring Cables,Various,Various,120068.8021,USD,2014,8,497,RFPO-497-1038,Base PO
RFPO-497-1017-1,13 Aug 2014,PO for Sewage Line and Cold Waterline PVC Pipes and Fittings,MILLI FACTORY,MACRO,PO for Sewage Line and Cold Waterline PVC Pipes and Fittings,Various,Various,18555.71974,USD,2014,8,497,RFPO-497-1017,Base PO
RFPO-497-1015-1,13 Aug 2014,PO for  Hot Water Line And Cold Waterline CPVC & PVC Pipes And Fittings,AL HODA PIPE & TUBE TRADING,MACRO,PO for  Hot Water Line And Cold Waterline CPVC & PVC Pipes And Fittings,Various,Various,18591.23,USD,2014,8,497,RFPO-497-1015,Base PO
RFPO-497-1036-1,13 Aug 2014,PO for DLM-PLM-75: Hot Water Line - CPVC 90 deg Elbow 32mm,Rubaiya Zueaid Bldg. Mat. Co. LLC,MACRO,PO for DLM-PLM-75: Hot Water Line - CPVC 90 deg Elbow 32mm,Various,Various,4003.7,USD,2014,8,497,RFPO-497-1036,Base PO
RFPO-497-1039-1,13 Aug 2014,PO for DLM-ELC-130: Electroline 3/4 in. EMT Compression Connector,GMG DIS TICARET LTD. STI,MACRO,PO for DLM-ELC-130: Electroline 3/4 in. EMT Compression Connector,Various,Various,8199.999928,USD,2014,8,497,RFPO-497-1039,Base PO
RFPO-497-1012-1,13 Aug 2014,PO for CRANE BALL VALVE & PEGLER CHECK VALVE,Rubaiya Zueaid Bldg. Mat. Co. LLC,MACRO,PO for CRANE BALL VALVE & PEGLER CHECK VALVE,Various,Various,15076.38,USD,2014,8,497,RFPO-497-1012,Base PO
RFPO-497-1050-1,13 Aug 2014,PO for HVAC SUPPORT AND SHOWER PIPE SUPPORT,MEDAL BUILDERS Engineering & Construction Co.,MACRO,PO for HVAC SUPPORT AND SHOWER PIPE SUPPORT,Various,Various,21920.0,USD,2014,8,497,RFPO-497-1050,Base PO
RFPO-573-1054-1,13 Aug 2014,PO for ALM.WINDOWS W1 AND W4,TEKMARK International FZC,MACRO,PO for ALM.WINDOWS W1 AND W4,Various,Various,19139.01,USD,2014,8,573,RFPO-573-1054,Base PO
RFPO-497-1006-1,13 Aug 2014,PO for TOILET ACCESORIES,AL HASHIMI METAL PRODUCTS MANUFACTURING LLC,MACRO,PO for TOILET ACCESORIES,Various,Various,66293.91,USD,2014,8,497,RFPO-497-1006,Base PO
RFPO-158-1023-1,12 Aug 2014,PO for HVAC Materials,Unspecified Supplier,MACRO,PO for HVAC Materials,Various,Various,353.98,USD,2014,8,158,RFPO-158-1023,Base PO
RFPO-497-1013-1,12 Aug 2014,PO for PVC DOOR,RUYA PVC VE ALUMINYUM DOGRAMA SAN. VE TIC.LTD.&#350;T&#304;,MACRO,PO for PVC DOOR,Various,Various,59400.0,USD,2014,8,497,RFPO-497-1013,Base PO
RFPO-497-1051-1,12 Aug 2014,PO for GERPAAS CABLE TRUNKING,"Gerpa Electrik Tekstil San, TIC A. S.",MACRO,PO for GERPAAS CABLE TRUNKING,Various,Various,63581.9283,USD,2014,8,497,RFPO-497-1051,Base PO
Fresh PO-23,11 Aug 2014,"PO for Supply of Fuel, Vehicles and Waste Disposal",SHAH CONSTRUCTION COMPANY,Unknown,"PO for Supply of Fuel, Vehicles and Waste Disposal",Various,Various,34640.00024,USD,2014,8,23,Fresh PO-23,Base PO
RFPO-158-1011-1,22 Jul 2014,PO for DLM-ELC-79: DISCONNECT SWITCH - 32A - 2 POLE W/P IP65,Gulf Ocean Lights LLC,MACRO,PO for DLM-ELC-79: DISCONNECT SWITCH - 32A - 2 POLE W/P IP65,Various,Various,22987.07,USD,2014,7,158,RFPO-158-1011,Base PO
RFPO-497-1008-1,21 Jul 2014,PO for SANITARY WARES,United Ceramics & Building Materials,MACRO,PO for SANITARY WARES,Various,Various,62983.0,USD,2014,7,497,RFPO-497-1008,Base PO
RFPO-573-1003-1,21 Jul 2014,PO for B.1.1 Steel Door and Door Accesories,Arabian Engineering Solutions,MACRO,PO for B.1.1 Steel Door and Door Accesories,Various,Various,22354.49986,USD,2014,7,573,RFPO-573-1003,Base PO
RFPO-573-1005-1,21 Jul 2014,PO for DOOR ACC.- CYLINDER & PANIC BAR,Universal Door Products,MACRO,PO for DOOR ACC.- CYLINDER & PANIC BAR,Various,Various,10454.73,USD,2014,7,573,RFPO-573-1005,Base PO
RFPO-573-1004-1,21 Jul 2014,PO for DOOR ACC. - Consort,Consort Architectural Hardware,MACRO,PO for DOOR ACC. - Consort,Various,Various,4765.15,USD,2014,7,573,RFPO-573-1004,Base PO
RFPO-497-1002-1,20 Jul 2014,PO for DLM-PLM-37: 110MM RODDING EYE - ALUMINUM,BIN MOOSA & DALY LTD. LLC,MACRO,PO for DLM-PLM-37: 110MM RODDING EYE - ALUMINUM,Various,Various,6046.97,USD,2014,7,497,RFPO-497-1002,Base PO
RFPO-158-971-1,22 Jun 2014,PO for STS Cable Trays and Accesories,STS ELK.PAZ.TIC.LTD.STI.,MACRO,PO for STS Cable Trays and Accesories,Various,Various,37685.09988,USD,2014,6,158,RFPO-158-971,Base PO
RFPO-158-986-1,22 Jun 2014,"PO for Additional CPVC Reducer, GI and BI Nipples",PISHTAZAN SAZEHAI KHORASAN CC,MACRO,"PO for Additional CPVC Reducer, GI and BI Nipples",Various,Various,2394.250025,USD,2014,6,158,RFPO-158-986,Base PO
RFPO-256-953-1,06 May 2014,Order 256 Spares Take off Door Accessories,Consort Architectural Hardware,MACRO,Order 256 Spares Take off Door Accessories,Various,Various,1369.64,USD,2014,5,256,RFPO-256-953,Base PO
Fresh PO-22,30 Apr 2014,Supply of GFCI Receptacle - P/N 70225-10HGD,International Configurations Inc.,Unknown,Supply of GFCI Receptacle - P/N 70225-10HGD,Various,Various,59346.0022,USD,2014,4,22,Fresh PO-22,Base PO
Fresh PO-21,29 Apr 2014,Supply of GRANDLITE Bulkhead Lighting Fixture - SM353,AW Rostamani Lumina,Unknown,Supply of GRANDLITE Bulkhead Lighting Fixture - SM353,Various,Various,17720.9,USD,2014,4,21,Fresh PO-21,Base PO
Fresh PO-20,24 Apr 2014,"Supply of Thermometer, P. Gauge, Gauge Cock",Rubaiya Zueaid Bldg. Mat. Co. LLC,Unknown,"Supply of Thermometer, P. Gauge, Gauge Cock",Various,Various,1997.0,USD,2014,4,20,Fresh PO-20,Base PO
Fresh PO-19,23 Apr 2014,Supply of MAXELL Duct Heaters,MAXELL INDUSTRIES LLC,Unknown,Supply of MAXELL Duct Heaters,Various,Various,5473.11,USD,2014,4,19,Fresh PO-19,Base PO
Fresh PO-13,22 Apr 2014,Supply of Tile Adhesive [Mastertile 30 + PCI Gisogrund],BASF Construction Chemicals UAE LLC,Unknown,Supply of Tile Adhesive [Mastertile 30 + PCI Gisogrund],Various,Various,10337.64,USD,2014,4,13,Fresh PO-13,Base PO
Fresh PO-14,22 Apr 2014,Supply of National Paints - Floor Epoxy,NATIONAL PAINTS FACTORIES CO. LTD.,Unknown,Supply of National Paints - Floor Epoxy,Various,Various,27750.85,USD,2014,4,14,Fresh PO-14,Base PO
Fresh PO-15,22 Apr 2014,Supply of A-Z 103 Concrete Sealer,Creative Concrete Concepts,Unknown,Supply of A-Z 103 Concrete Sealer,Various,Various,3267.53,USD,2014,4,15,Fresh PO-15,Base PO
Fresh PO-16,22 Apr 2014,Supply of Aluminum Internal Doors,SMK ULUSAL INSAAT VE TICARET A.&#350;,Unknown,Supply of Aluminum Internal Doors,Various,Various,168203.143,USD,2014,4,16,Fresh PO-16,Base PO
Fresh PO-17,22 Apr 2014,Supply of Unit Heater - AC3N,GLEN DIMPLEX IRELAND,Unknown,Supply of Unit Heater - AC3N,Various,Various,71843.93,USD,2014,4,17,Fresh PO-17,Base PO
Fresh PO-18,22 Apr 2014,Supply of Panasonic Ceiling Fan - F56MZ2,Al Futtaim Panatech LLC,Unknown,Supply of Panasonic Ceiling Fan - F56MZ2,Various,Various,22914.09,USD,2014,4,18,Fresh PO-18,Base PO
Fresh PO-12,22 Apr 2014,Supply of Ceramic Wall Tiles - 20/UNI-WHG,R.A.K. CERAMICS,Unknown,Supply of Ceramic Wall Tiles - 20/UNI-WHG,Various,Various,56160.0,USD,2014,4,12,Fresh PO-12,Base PO
RFPO-158-909-1,15 Apr 2014,"PO for DLM-MEC-106-15: Direct Driven, Plate Axial Fan - Explosion Proof Fan with ATEX certified motors.",LEMINAR AIR CONDITIONING CO. LLC,MACRO,"PO for DLM-MEC-106-15: Direct Driven, Plate Axial Fan - Explosion Proof Fan with ATEX certified motors.",Various,Various,17971.41,USD,2014,4,158,RFPO-158-909,Base PO
RFPO-497-915-1,15 Apr 2014,PO for Cooper Junction Box w/Cover,GMG DIS TICARET LTD. STI,MACRO,PO for Cooper Junction Box w/Cover,Various,Various,15757.95959,USD,2014,4,497,RFPO-497-915,Base PO
RFPO-497-917-1,15 Apr 2014,PO for DLM-PLM-158: 500 LTR TANK SINGLE COIL,Baymak Mak San ve Tic AS,MACRO,PO for DLM-PLM-158: 500 LTR TANK SINGLE COIL,Various,Various,52800.0,USD,2014,4,497,RFPO-497-917,Base PO
RFPO-158-918-1,15 Apr 2014,PO for Various Cortem Explosion Proof Materials,GMG DIS TICARET LTD. STI,MACRO,PO for Various Cortem Explosion Proof Materials,Various,Various,28177.94,USD,2014,4,158,RFPO-158-918,Base PO
RFPO-158-907-1,13 Apr 2014,PO for LIGHTING FIXTURE CORTEM - J & J2,CORTEM MIDDLE EAST FZCO,MACRO,PO for LIGHTING FIXTURE CORTEM - J & J2,Various,Various,14906.47,USD,2014,4,158,RFPO-158-907,Base PO
RFPO-158-900-1,13 Apr 2014,"PO for THERMOPLASTIC HOUSING EXIT SIGN WITH LED LAMPS, RED LETTERS 6",IKIZLER AYDINLATMA ARMATURLERI SAN VE. TIC. A.S,MACRO,"PO for THERMOPLASTIC HOUSING EXIT SIGN WITH LED LAMPS, RED LETTERS 6",Various,Various,11435.33,USD,2014,4,158,RFPO-158-900,Base PO
RFPO-158-902-1,10 Apr 2014,PO for RAK 20/UNI-WHG 20 X 20CM WHITE BODY GRES CERAMIC TILES. GLAZED,United Ceramics & Building Materials,MACRO,PO for RAK 20/UNI-WHG 20 X 20CM WHITE BODY GRES CERAMIC TILES. GLAZED,Various,Various,19100.0,USD,2014,4,158,RFPO-158-902,Base PO
RFPO-158-893-1,10 Apr 2014,PO for VCD and MVCD,Unspecified Supplier,MACRO,PO for VCD and MVCD,Various,Various,15347.86,USD,2014,4,158,RFPO-158-893,Base PO
RFPO-158-894-1,10 Apr 2014,PO for SPIRAL TUBES & ACC.,Century Mechanical Systems,MACRO,PO for SPIRAL TUBES & ACC.,Various,Various,6109.3,USD,2014,4,158,RFPO-158-894,Base PO
RFPO-158-903-1,10 Apr 2014,PO for GI DUCTING AND ACC.,Unspecified Supplier,MACRO,PO for GI DUCTING AND ACC.,Various,Various,14843.65,USD,2014,4,158,RFPO-158-903,Base PO
RFPO-158-895-1,10 Apr 2014,PO for HVAC Accesories [Wall & Roof Cap],Unspecified Supplier,MACRO,PO for HVAC Accesories [Wall & Roof Cap],Various,Various,8248.6,USD,2014,4,158,RFPO-158-895,Base PO
RFPO-158-892-1,10 Apr 2014,PO for EXCELAIR AIR OUTLETS,Unspecified Supplier,MACRO,PO for EXCELAIR AIR OUTLETS,Various,Various,32025.87,USD,2014,4,158,RFPO-158-892,Base PO
RFPO-256-897-1,09 Apr 2014,PO for STEEL GRATING COVER,SOTOON GROUP OF BUSINESSES (SGB),MACRO,PO for STEEL GRATING COVER,Various,Various,12341.39972,USD,2014,4,256,RFPO-256-897,Base PO
RFPO-158-891-1,08 Apr 2014,PO for Crane Ball Valves & Pegler Check Valves,Rubaiya Zueaid Bldg. Mat. Co. LLC,MACRO,PO for Crane Ball Valves & Pegler Check Valves,Various,Various,11980.39,USD,2014,4,158,RFPO-158-891,Base PO
RFPO-497-886-1,03 Apr 2014,PO for Leviton Porcelain Lamp Holder - L1,INDUSTRIAL EQUIPMENT CORP.,MACRO,PO for Leviton Porcelain Lamp Holder - L1,Various,Various,3625.000119,USD,2014,4,497,RFPO-497-886,Base PO
RFPO-158-889-1,03 Apr 2014,PO for Inline Type Fans - CASAL,LEMINAR AIR CONDITIONING CO. LLC,MACRO,PO for Inline Type Fans - CASAL,Various,Various,14607.06,USD,2014,4,158,RFPO-158-889,Base PO
RFPO-158-873-1,02 Apr 2014,"PO for MK SWITCHES [S1, S3, S4]",GMG DIS TICARET LTD. STI,MACRO,"PO for MK SWITCHES [S1, S3, S4]",Various,Various,20283.51,USD,2014,4,158,RFPO-158-873,Base PO
RFPO-158-761-1,23 Mar 2014,PO for Toilet Accesories,AL HASHIMI METAL PRODUCTS MANUFACTURING LLC,MACRO,PO for Toilet Accesories,Various,Various,29876.81,USD,2014,3,158,RFPO-158-761,Base PO
RFPO-158-849-1,20 Mar 2014,PO for ZURN WILKINS Backflow Preventer,INDUSTRIAL EQUIPMENT CORP.,MACRO,PO for ZURN WILKINS Backflow Preventer,Various,Various,14186.4498,USD,2014,3,158,RFPO-158-849,Base PO
RFPO-158-853-1,18 Mar 2014,PO for HVAC Accesories,Unspecified Supplier,MACRO,PO for HVAC Accesories,Various,Various,9440.44,USD,2014,3,158,RFPO-158-853,Base PO
RFPO-158-859-1,18 Mar 2014,PO for VCD and MVCD,Unspecified Supplier,MACRO,PO for VCD and MVCD,Various,Various,15810.76,USD,2014,3,158,RFPO-158-859,Base PO
RFPO-158-855-1,18 Mar 2014,PO for GI DUCTING and ACC.,Unspecified Supplier,MACRO,PO for GI DUCTING and ACC.,Various,Various,15436.11,USD,2014,3,158,RFPO-158-855,Base PO
RFPO-158-854-1,18 Mar 2014,EXCELAIR AIR OUTLETS,Unspecified Supplier,MACRO,EXCELAIR AIR OUTLETS,Various,Various,32216.2,USD,2014,3,158,RFPO-158-854,Base PO
RFPO-158-850-1,18 Mar 2014,PO for 12V EMERGENCY LIGHT EMERGI-LITE WITH ADVANCED DIAGNOSTICS,THOMAS & BETTS NETHERLANDS BV,MACRO,PO for 12V EMERGENCY LIGHT EMERGI-LITE WITH ADVANCED DIAGNOSTICS,Various,Various,53508.0,USD,2014,3,158,RFPO-158-850,Base PO
RFPO-158-848-1,16 Mar 2014,PO for Leviton Porcelain Lamp Holder - L1,INDUSTRIAL EQUIPMENT CORP.,MACRO,PO for Leviton Porcelain Lamp Holder - L1,Various,Various,8845.000291,USD,2014,3,158,RFPO-158-848,Base PO
RFPO-158-822-1,04 Mar 2014,PO for SANITARY WARES,United Ceramics & Building Materials,MACRO,PO for SANITARY WARES,Various,Various,11145.0,USD,2014,3,158,RFPO-158-822,Base PO
RFPO-256-802-1,26 Feb 2014,PO for UNIT HEATERS (EXPLOSION PROOF). BRAND: PITSAN,PITSAN Makina Sanayii Ve Tic Ltd. STI.,MACRO,PO for UNIT HEATERS (EXPLOSION PROOF). BRAND: PITSAN,Various,Various,3800.0,USD,2014,2,256,RFPO-256-802,Base PO
PO-214-814-1,26 Feb 2014,PO for Unit heater Dimplex,GLEN DIMPLEX IRELAND,Unknown,PO for Unit heater Dimplex,Various,Various,2009.62,USD,2014,2,214,PO-214-814,Base PO
RFPO-158-813-1,26 Feb 2014,PO for Propeller Type Direct Driven Wall Mounted Fan,LEMINAR AIR CONDITIONING CO. LLC,MACRO,PO for Propeller Type Direct Driven Wall Mounted Fan,Various,Various,29355.63,USD,2014,2,158,RFPO-158-813,Base PO
RFPO-158-807-1,25 Feb 2014,PO for Various Electrical Items,GMG DIS TICARET LTD. STI,MACRO,PO for Various Electrical Items,Various,Various,5124.920125,USD,2014,2,158,RFPO-158-807,Base PO
RFPO-158-809-1,25 Feb 2014,PO for Cooper Junction Box w/Cover,INDUSTRIAL EQUIPMENT CORP.,MACRO,PO for Cooper Junction Box w/Cover,Various,Various,7349.999875,USD,2014,2,158,RFPO-158-809,Base PO
RFPO-158-806-1,24 Feb 2014,PO for Gerpaas Electrical Items,"Gerpa Electrik Tekstil San, TIC A. S.",MACRO,PO for Gerpaas Electrical Items,Various,Various,19369.40066,USD,2014,2,158,RFPO-158-806,Base PO
RFPO-158-808-1,24 Feb 2014,PO for PVC Door for toilet,RUYA PVC VE ALUMINYUM DOGRAMA SAN. VE TIC.LTD.&#350;T&#304;,MACRO,PO for PVC Door for toilet,Various,Various,19436.0,USD,2014,2,158,RFPO-158-808,Base PO
RFPO-158-727-1,23 Feb 2014,PO for 500 lt Tank Single Coil - Baymak,Baymak Mak San ve Tic AS,MACRO,PO for 500 lt Tank Single Coil - Baymak,Various,Various,10790.0,USD,2014,2,158,RFPO-158-727,Base PO
RFPO-158-793-1,18 Feb 2014,PO for FT30 FIRETUF - FTES2EH1.5,ECS Global Wire & Cable,MACRO,PO for FT30 FIRETUF - FTES2EH1.5,Various,Various,2491.49,USD,2014,2,158,RFPO-158-793,Base PO
RFPO-158-798-1,18 Feb 2014,PO for Support System - GI - India,Titanic Trading LLC,MACRO,PO for Support System - GI - India,Various,Various,4874.31,USD,2014,2,158,RFPO-158-798,Base PO
RFPO-256-788-1,16 Feb 2014,PO for Type A.1.1 Steel Door Fire Rated,Arabian Engineering Solutions,MACRO,PO for Type A.1.1 Steel Door Fire Rated,Various,Various,3660.0,USD,2014,2,256,RFPO-256-788,Base PO
RFPO-158-785-1,13 Feb 2014,PO for National Paints,NATIONAL PAINTS FACTORIES CO. LTD.,MACRO,PO for National Paints,Various,Various,43213.07,USD,2014,2,158,RFPO-158-785,Base PO
RFPO-256-773-1,12 Feb 2014,PO for Monthly Rental of 3 Units of Scissor lifts Machinery,Zadran Group of Companies,MACRO,PO for Monthly Rental of 3 Units of Scissor lifts Machinery,Various,Various,10800.0,USD,2014,2,256,RFPO-256-773,Base PO
RFPO-256-774-1,12 Feb 2014,PO for 4mm2 Ducab Cables & 4C HES Cables,HAJI GHANI SONS,MACRO,PO for 4mm2 Ducab Cables & 4C HES Cables,Various,Various,3226.0,USD,2014,2,256,RFPO-256-774,Base PO
RFPO-256-777-1,12 Feb 2014,PO for 05.070-30-1050-P GRAB BAR.,AL HASHIMI METAL PRODUCTS MANUFACTURING LLC,MACRO,PO for 05.070-30-1050-P GRAB BAR.,Various,Various,4067.999878,USD,2014,2,256,RFPO-256-777,Base PO
PO-214-766-1,12 Feb 2014,PO for Mastertop 538 & PCI Gisogrund,BASF Construction Chemicals UAE LLC,Unknown,PO for Mastertop 538 & PCI Gisogrund,Various,Various,513.11,USD,2014,2,214,PO-214-766,Base PO
RFPO-158-778-1,12 Feb 2014,PO for Tornado 42W WW E27 220-240V,Gulf Ocean Lights LLC,MACRO,PO for Tornado 42W WW E27 220-240V,Various,Various,44247.79,USD,2014,2,158,RFPO-158-778,Base PO
RFPO-158-770-1,11 Feb 2014,PO for ALUMINUM SCAFFOLDING MOBILE TOWER Length: 0.80 Mtrs Width: 1.80 Mtrs Working Height: 08.00 Mtrs Tower Height: 07.00 Mtrs Platform Height: 06.00 Mtrs,Analog General Trading LLC,MACRO,PO for ALUMINUM SCAFFOLDING MOBILE TOWER Length: 0.80 Mtrs Width: 1.80 Mtrs Working Height: 08.00 Mtrs Tower Height: 07.00 Mtrs Platform Height: 06.00 Mtrs,Various,Various,2913.49,USD,2014,2,158,RFPO-158-770,Base PO
PO-114-720-1,10 Feb 2014,PO for Unit Heater-Dimplex,GLEN DIMPLEX IRELAND,Unknown,PO for Unit Heater-Dimplex,Various,Various,8651.9,USD,2014,2,114,PO-114-720,Base PO
PO-214-756-1,10 Feb 2014,PO for Unit Heaters  (Explosion Proof),PITSAN Makina Sanayii Ve Tic Ltd. STI.,Unknown,PO for Unit Heaters  (Explosion Proof),Various,Various,13050.0,USD,2014,2,214,PO-214-756,Base PO
PO-613-330-1,09 Feb 2014,PO for Various Electrical Items,GMG DIS TICARET LTD. STI,Unknown,PO for Various Electrical Items,Various,Various,1114022.469,USD,2014,2,613,PO-613-330,Base PO
RFPO-256-763-1,06 Feb 2014,"PO for Cortem - SX-26.1 , 4x3/4?    entries , junction  box.",ELPIM ENGINEERING CO. LTD,MACRO,"PO for Cortem - SX-26.1 , 4x3/4?    entries , junction  box.",Various,Various,1280.43,USD,2014,2,256,RFPO-256-763,Base PO
RFPO-256-749-1,06 Feb 2014,PO for STEGO THERMOSTAT. N/C + N/O,Al Taqwa Electrical Ware Trading LLC,MACRO,PO for STEGO THERMOSTAT. N/C + N/O,Various,Various,1143.64,USD,2014,2,256,RFPO-256-749,Base PO
RFPO-256-750-1,03 Feb 2014,PO for CORTEM Guard and Explosion Proof Thermostat,ELPIM ENGINEERING CO. LTD,MACRO,PO for CORTEM Guard and Explosion Proof Thermostat,Various,Various,4007.83,USD,2014,2,256,RFPO-256-750,Base PO
PO-114-746-1,03 Feb 2014,PO for Sound Attenuation Batts,IZOCAM Ticaret Ve Sanayi A.S>,Unknown,PO for Sound Attenuation Batts,Various,Various,9517.824361,USD,2014,2,114,PO-114-746,Base PO
RFPO-158-739-1,02 Feb 2014,"PO for TP7820 200W SELF BALLASTED FLR, JELLY JAR, W/WIRE","Merchant Intl, Inc Middle East FZCO",MACRO,"PO for TP7820 200W SELF BALLASTED FLR, JELLY JAR, W/WIRE",Various,Various,7447.999907,USD,2014,2,158,RFPO-158-739,Base PO
RFPO-158-741-1,30 Jan 2014,PO for CPVC Pipes (Gulf Plastic) and Fittings (Zenith),AL HODA PIPE & TUBE TRADING,MACRO,PO for CPVC Pipes (Gulf Plastic) and Fittings (Zenith),Various,Various,13386.83,USD,2014,1,158,RFPO-158-741,Base PO
RFPO-256-747-1,30 Jan 2014,PO for Knossos Toilet Holder and Panel Mirror,AL HASHIMI METAL PRODUCTS MANUFACTURING LLC,MACRO,PO for Knossos Toilet Holder and Panel Mirror,Various,Various,1120.949999,USD,2014,1,256,RFPO-256-747,Base PO
RFPO-158-752-1,30 Jan 2014,"PO for Surya GI Pipes, Jazeera BI Pipes and BIS Fittings",Rajay International LLC,MACRO,"PO for Surya GI Pipes, Jazeera BI Pipes and BIS Fittings",Various,Various,9726.41,USD,2014,1,158,RFPO-158-752,Base PO
RFPO-158-722-1,29 Jan 2014,PO for Pelsan Lighting Fixture,PELSAN Elektrik San. ve Dis Tic Ltd. Sti,MACRO,PO for Pelsan Lighting Fixture,Various,Various,57064.5,USD,2014,1,158,RFPO-158-722,Base PO
RFPO-158-733-1,23 Jan 2014,PO for PVC / Aluminum Doors,RUYA PVC VE ALUMINYUM DOGRAMA SAN. VE TIC.LTD.&#350;T&#304;,MACRO,PO for PVC / Aluminum Doors,Various,Various,154347.0,USD,2014,1,158,RFPO-158-733,Base PO
RFPO-158-726-1,23 Jan 2014,PO for Cooper Addressable Fire Alarm Equipment,HAVEN FIRE & SAFETY LLC,MACRO,PO for Cooper Addressable Fire Alarm Equipment,Various,Various,74064.53,USD,2014,1,158,RFPO-158-726,Base PO
RFPO-158-724-1,22 Jan 2014,PO for SEVAL Cables,GMG DIS TICARET LTD. STI,MACRO,PO for SEVAL Cables,Various,Various,132624.1784,USD,2014,1,158,RFPO-158-724,Base PO
RFPO-158-725-1,21 Jan 2014,PO for PANASONIC CEILING FAN,Al Futtaim Panatech LLC,MACRO,PO for PANASONIC CEILING FAN,Various,Various,14834.31,USD,2014,1,158,RFPO-158-725,Base PO
RFPO-256-717-1,16 Jan 2014,PO for FIRE EXTINGUISHER. BRAND: BUCKEYE.,IG GENERAL TRADING LLC,MACRO,PO for FIRE EXTINGUISHER. BRAND: BUCKEYE.,Various,Various,6077.6,USD,2014,1,256,RFPO-256-717,Base PO
RFPO-256-718-1,16 Jan 2014,PO for APOLLO BACK FLOW PREVENTER - 3 inch,INDUSTRIAL EQUIPMENT CORP.,MACRO,PO for APOLLO BACK FLOW PREVENTER - 3 inch,Various,Various,1785.0,USD,2014,1,256,RFPO-256-718,Base PO
RFPO-158-713-1,15 Jan 2014,PO for Eye Wash Station,Midas Safety,MACRO,PO for Eye Wash Station,Various,Various,9584.75,USD,2014,1,158,RFPO-158-713,Base PO
RFPO-158-711-1,15 Jan 2014,PO for Unit Heater - Dimplex,GLEN DIMPLEX IRELAND,MACRO,PO for Unit Heater - Dimplex,Various,Various,137324.05,USD,2014,1,158,RFPO-158-711,Base PO
RFPO-158-710-1,15 Jan 2014,PO for Mitsubishi Wall Type AC Unit,United Electronics Co. LLC,MACRO,PO for Mitsubishi Wall Type AC Unit,Various,Various,9802.59,USD,2014,1,158,RFPO-158-710,Base PO
RFPO-256-715-1,15 Jan 2014,PO for Fire Alarm System,INDUSTRIAL EQUIPMENT CORP.,MACRO,PO for Fire Alarm System,Various,Various,34910.58105,USD,2014,1,256,RFPO-256-715,Base PO
PO-114-693-1,15 Jan 2014,PO for Air Compressor and Air Dryer,Al Futtaim Auto Machinery Company LLC,Unknown,PO for Air Compressor and Air Dryer,Various,Various,9764.47,USD,2014,1,114,PO-114-693,Base PO
RFPO-158-714-1,14 Jan 2014,PO for CASAL EXHAUST FAN. CEILING.,LEMINAR AIR CONDITIONING CO. LLC,MACRO,PO for CASAL EXHAUST FAN. CEILING.,Various,Various,28672.57,USD,2014,1,158,RFPO-158-714,Base PO
PO-114-705-1,13 Jan 2014,PO for Franklin Motor-For Grundfos Water Well Pump/SP-30-22,M.A.H.Y. KHOORY & CO. LLC,Unknown,PO for Franklin Motor-For Grundfos Water Well Pump/SP-30-22,Various,Various,993.87,USD,2014,1,114,PO-114-705,Base PO
PO-114-688-1,08 Jan 2014,PO for Dow Corning 813C,Emirates Specialties Co. LLC,Unknown,PO for Dow Corning 813C,Various,Various,1225.32,USD,2014,1,114,PO-114-688,Base PO
RFPO-256-702-1,08 Jan 2014,PO for UNIT HEATERS (EXPLOSION PROOF). BRAND: PITSAN,PITSAN Makina Sanayii Ve Tic Ltd. STI.,MACRO,PO for UNIT HEATERS (EXPLOSION PROOF). BRAND: PITSAN,Various,Various,5400.0,USD,2014,1,256,RFPO-256-702,Base PO
RFPO-258-700-1,07 Jan 2014,PO for Thermostat,Al Taqwa Electrical Ware Trading LLC,MACRO,PO for Thermostat,Various,Various,486.04,USD,2014,1,258,RFPO-258-700,Base PO
RFPO-256-701-1,07 Jan 2014,Purchase Order of Fire Rated Doors,Arabian Engineering Solutions,MACRO,Purchase Order of Fire Rated Doors,Various,Various,3677.0,USD,2014,1,256,RFPO-256-701,Base PO
RFPO-256-692-1,06 Jan 2014,PO for Explosion Proof Fittings & Sealing Compound,GMG DIS TICARET LTD. STI,MACRO,PO for Explosion Proof Fittings & Sealing Compound,Various,Various,1586.52,USD,2014,1,256,RFPO-256-692,Base PO
RFPO-256-694-1,06 Jan 2014,PO for Zurn Cleanout and Floor Drain,INDUSTRIAL EQUIPMENT CORP.,MACRO,PO for Zurn Cleanout and Floor Drain,Various,Various,5738.5,USD,2014,1,256,RFPO-256-694,Base PO
RFPO-256-685-1,02 Jan 2014,PO for GI Pipe & Fittings,Rajay International LLC,MACRO,PO for GI Pipe & Fittings,Various,Various,807.99,USD,2014,1,256,RFPO-256-685,Base PO
RFPO-256-683-1,02 Jan 2014,PO for DUCAB Cables,SRG Trading LLC,MACRO,PO for DUCAB Cables,Various,Various,1481.01,USD,2014,1,256,RFPO-256-683,Base PO
RFPO-256-680-1,31 Dec 2013,PO for Explosion Proof Lights & Fittings,CORTEM MIDDLE EAST FZCO,MACRO,PO for Explosion Proof Lights & Fittings,Various,Various,67043.48,USD,2013,12,256,RFPO-256-680,Base PO
RFPO-256-682-1,31 Dec 2013,PO for Electrical Conduit Items,HAJI GHANI SONS,MACRO,PO for Electrical Conduit Items,Various,Various,14735.75002,USD,2013,12,256,RFPO-256-682,Base PO
RFPO-256-674-1,31 Dec 2013,PO for Air Outlets & Volume Control Dampers.,Unspecified Supplier,MACRO,PO for Air Outlets & Volume Control Dampers.,Various,Various,719.13,USD,2013,12,256,RFPO-256-674,Base PO
PO-1213-671-1,29 Dec 2013,"PO for SUPLAFLEX INSULATED FLEXIBLE DUCT MODEL 13 APM WITH 25MM THICK, 16KG/m3 DENSITY (25 FT/BOX) UL 181",FOCUS AIR CONDITIONING INDUSTRIES LLC,Unknown,"PO for SUPLAFLEX INSULATED FLEXIBLE DUCT MODEL 13 APM WITH 25MM THICK, 16KG/m3 DENSITY (25 FT/BOX) UL 181",Various,Various,1596.0,USD,2013,12,1213,PO-1213-671,Base PO
RFPO-256-672-1,24 Dec 2013,PO for Explosion Proof Exhaust Fans,LEMINAR AIR CONDITIONING CO. LLC,MACRO,PO for Explosion Proof Exhaust Fans,Various,Various,9911.5,USD,2013,12,256,RFPO-256-672,Base PO
RFPO-256-673-1,24 Dec 2013,PO for Panel Board,Panel Tech Engineering Co,MACRO,PO for Panel Board,Various,Various,2200.0,USD,2013,12,256,RFPO-256-673,Base PO
PO-1113-615-1,19 Dec 2013,PO for EXCAVATION SHORING STEEL,METALL INVEST CO PVT,Unknown,PO for EXCAVATION SHORING STEEL,Various,Various,44540.99888,USD,2013,12,1113,PO-1113-615,Base PO
RFPO-256-666-1,17 Dec 2013,PO for DURO DYNE FLEXIBLE DUCT CONNECTOR MODEL,Unspecified Supplier,MACRO,PO for DURO DYNE FLEXIBLE DUCT CONNECTOR MODEL,Various,Various,69.43,USD,2013,12,256,RFPO-256-666,Base PO
RFPO-256-665-1,17 Dec 2013,PO for VOLUME CONTROL DAMPER,Unspecified Supplier,MACRO,PO for VOLUME CONTROL DAMPER,Various,Various,512.19,USD,2013,12,256,RFPO-256-665,Base PO
PO-1113-631-1,27 Nov 2013,PO for Sika,SIKA UAE LLC,Unknown,PO for Sika,Various,Various,2239.62,USD,2013,11,1113,PO-1113-631,Base PO
RFPO-256-644-1,24 Nov 2013,PO for CPVC Fittings,Rubaiya Zueaid Bldg. Mat. Co. LLC,MACRO,PO for CPVC Fittings,Various,Various,355.34,USD,2013,11,256,RFPO-256-644,Base PO
RFPO-256-641-1,20 Nov 2013,PO for KNAUF Readygips Joint Compound,Knauf LLC,MACRO,PO for KNAUF Readygips Joint Compound,Various,Various,2287.27,USD,2013,11,256,RFPO-256-641,Base PO
PO-1113-623-1,18 Nov 2013,PO for Copper Straight Pipe,Century Mechanical Systems,Unknown,PO for Copper Straight Pipe,Various,Various,1683.02,USD,2013,11,1113,PO-1113-623,Base PO
RFPO-256-627-1,12 Nov 2013,"PO for Fiberglass Insulation - FSK, KIMMCO",Rubaiya Zueaid Bldg. Mat. Co. LLC,MACRO,"PO for Fiberglass Insulation - FSK, KIMMCO",Various,Various,2393.81,USD,2013,11,256,RFPO-256-627,Base PO
RFPO-256-629-1,12 Nov 2013,PO for Material to fix the Filters in the Sand Trap,Century Mechanical Systems,MACRO,PO for Material to fix the Filters in the Sand Trap,Various,Various,1164.06,USD,2013,11,256,RFPO-256-629,Base PO
RFPO-256-618-1,10 Nov 2013,PO for Duct Heaters,SystemAir Middle East FZE,MACRO,PO for Duct Heaters,Various,Various,9421.38,USD,2013,11,256,RFPO-256-618,Base PO
RFPO-256-620-1,10 Nov 2013,"PO for Automatic Transfer Switch SOCOMEC, Model ATYS125",Jubaili Bros LLC,MACRO,"PO for Automatic Transfer Switch SOCOMEC, Model ATYS125",Various,Various,1524.85,USD,2013,11,256,RFPO-256-620,Base PO
RFPO-256-619-1,10 Nov 2013,PO for Direct Driven centrifugal cabinet in-line fan with damper,LEMINAR AIR CONDITIONING CO. LLC,MACRO,PO for Direct Driven centrifugal cabinet in-line fan with damper,Various,Various,8196.05,USD,2013,11,256,RFPO-256-619,Base PO
RFPO-256-614-1,08 Nov 2013,PO for FLOOR DRAIN,INDUSTRIAL EQUIPMENT CORP.,MACRO,PO for FLOOR DRAIN,Various,Various,5869.5,USD,2013,11,256,RFPO-256-614,Base PO
RFPO-256-606-1,06 Nov 2013,"PO for AFICO DUCT WRAP Type 240, 24 KG/M3 DENSITY, FRK FACED",Century Mechanical Systems,MACRO,"PO for AFICO DUCT WRAP Type 240, 24 KG/M3 DENSITY, FRK FACED",Various,Various,2019.88,USD,2013,11,256,RFPO-256-606,Base PO
PO-813-469-1,05 Nov 2013,PO for UNIT HEATERS (EXPLOSION PROOF),PITSAN Makina Sanayii Ve Tic Ltd. STI.,Unknown,PO for UNIT HEATERS (EXPLOSION PROOF),Various,Various,108900.0,USD,2013,11,813,PO-813-469,Base PO
RFPO-256-607-1,05 Nov 2013,PO for Type 1 (Duct-Circle),Century Mechanical Systems,MACRO,PO for Type 1 (Duct-Circle),Various,Various,412.53,USD,2013,11,256,RFPO-256-607,Base PO
RFPO-256-608-1,05 Nov 2013,PO for Davey hot water circulator pumps Model No.: SC-20-25,BIN MOOSA & DALY LTD. LLC,MACRO,PO for Davey hot water circulator pumps Model No.: SC-20-25,Various,Various,141.59,USD,2013,11,256,RFPO-256-608,Base PO
RFPO-256-603-1,04 Nov 2013,PO for PVC Insulated Cables - DUCAB,SRG Trading LLC,MACRO,PO for PVC Insulated Cables - DUCAB,Various,Various,7098.71,USD,2013,11,256,RFPO-256-603,Base PO
RFPO-256-605-1,04 Nov 2013,PO for Panel Board,Panel Tech Engineering Co,MACRO,PO for Panel Board,Various,Various,27550.0,USD,2013,11,256,RFPO-256-605,Base PO
RFPO-1013-599-1,31 Oct 2013,PO for Electric Water Heater,ECC-I,MACRO,PO for Electric Water Heater,Various,Various,3840.0,USD,2013,10,1013,RFPO-1013-599,Base PO
RFPO-1013-585-1,30 Oct 2013,PO for Ex proof Fittings,EMROOZ Engineering & Construction,MACRO,PO for Ex proof Fittings,Various,Various,1702.17,USD,2013,10,1013,RFPO-1013-585,Base PO
RFPO-1013-594-1,30 Oct 2013,PO for Unit Heater - Dimplex,Al-Reyami Steel Industries (Oil & Gas),MACRO,PO for Unit Heater - Dimplex,Various,Various,29390.7,USD,2013,10,1013,RFPO-1013-594,Base PO
ACTIVITIES-2,28 Oct 2013,PO for Order Placement Material,ELPIM ENGINEERING CO. LTD,Unknown,PO for Order Placement Material,Various,Various,543750.0,USD,2013,10,2,ACTIVITIES-2,Base PO
RFPO-1013-588-1,28 Oct 2013,PO for Fans,LEMINAR AIR CONDITIONING CO. LLC,MACRO,PO for Fans,Various,Various,21143.64,USD,2013,10,1013,RFPO-1013-588,Base PO
RFPO-1013-581-1,27 Oct 2013,PO for Fire Alarm System,Recon International,MACRO,PO for Fire Alarm System,Various,Various,11960.0,USD,2013,10,1013,RFPO-1013-581,Base PO
RFPO-1013-579-1,24 Oct 2013,PO for LED EXIT LIGHT - RED,HCC Haroki Construction Company Ltd,MACRO,PO for LED EXIT LIGHT - RED,Various,Various,2595.0,USD,2013,10,1013,RFPO-1013-579,Base PO
RFPO-1013-580-1,24 Oct 2013,PO for DUCAB Cables,Abdul Qadir Merwais Co. Ltd.,MACRO,PO for DUCAB Cables,Various,Various,1795.66,USD,2013,10,1013,RFPO-1013-580,Base PO
RFPO-1013-572-1,22 Oct 2013,PO for Exproof Socket & Plug,Omran Holding Group,MACRO,PO for Exproof Socket & Plug,Various,Various,13876.11,USD,2013,10,1013,RFPO-1013-572,Base PO
RFPO-1013-573-1,22 Oct 2013,PO for SFX-26.1V Explosion Proof Junction Box,Yarash Yapi Mim. Muh San. Ve Tic. Ltd. STI,MACRO,PO for SFX-26.1V Explosion Proof Junction Box,Various,Various,1519.75,USD,2013,10,1013,RFPO-1013-573,Base PO
PO-1013-561-1,22 Oct 2013,PO for EXPLOSION PROOF EXHAUST FAN,Unspecified Supplier,Unknown,PO for EXPLOSION PROOF EXHAUST FAN,Various,Various,1225.32,USD,2013,10,1013,PO-1013-561,Base PO
RFPO-1013-558-1,21 Oct 2013,PO for Gulf Plastic PVC Pipe,DUFAB,MACRO,PO for Gulf Plastic PVC Pipe,Various,Various,23138.24,USD,2013,10,1013,RFPO-1013-558,Base PO
RFPO-1013-565-1,20 Oct 2013,PO for Switches,Yarash Yapi Mim. Muh San. Ve Tic. Ltd. STI,MACRO,PO for Switches,Various,Various,16471.17,USD,2013,10,1013,RFPO-1013-565,Base PO
RFPO-1013-566-1,20 Oct 2013,PO for Fences,Soletec Qatar W.L.L,MACRO,PO for Fences,Various,Various,12000.14995,USD,2013,10,1013,RFPO-1013-566,Base PO
RFPO-1013-563-1,17 Oct 2013,PO for MK Electrical,nat,MICRON,PO for MK Electrical,Various,Various,0,USD,2013,10,1013,RFPO-1013-563,Base PO
ACTIVITIES-1,14 Oct 2013,PO for Order Placement Material,Yarash Yapi Mim. Muh San. Ve Tic. Ltd. STI,Unknown,PO for Order Placement Material,Various,Various,2113421.974,USD,2013,10,1,ACTIVITIES-1,Base PO
RFPO-1013-543-1,09 Oct 2013,Bathroom Fixtures,Denzay Engineering,MACRO,Bathroom Fixtures,Various,Various,14978.69983,USD,2013,10,1013,RFPO-1013-543,Base PO
RFPO-1013-559-1,09 Oct 2013,PO for Supply of Stationery Vehicle System - Plymovent,Northern Star Insulation Cont.,MACRO,PO for Supply of Stationery Vehicle System - Plymovent,Various,Various,9668.97,USD,2013,10,1013,RFPO-1013-559,Base PO
RFPO-1013-555-1,08 Oct 2013,PO for 500 LTR WATER HEATER. BAYMAK,ECC-I,MACRO,PO for 500 LTR WATER HEATER. BAYMAK,Various,Various,0,USD,2013,10,1013,RFPO-1013-555,Base PO
RFPO-1013-557-1,08 Oct 2013,PO for Manual Steel Roll Up Door,INCOP ME,MACRO,PO for Manual Steel Roll Up Door,Various,Various,0,USD,2013,10,1013,RFPO-1013-557,Base PO
PO-913-516-2,07 Oct 2013,PO for Hot Water Storage Tank and Electric Heater,ECC-I,Unknown,PO for Hot Water Storage Tank and Electric Heater,Various,Various,0,USD,2013,10,913,PO-913-516,Change Order
PO-913-516-1,06 Oct 2013,PO for Unit Heater - Dimplex,Al-Reyami Steel Industries (Oil & Gas),Unknown,PO for Unit Heater - Dimplex,Various,Various,0.0,USD,2013,10,913,PO-913-516,Base PO
RFPO-1013-544-1,03 Oct 2013,Ceiling Fan and Fire Extinguisher,Recon International,MACRO,Ceiling Fan and Fire Extinguisher,Various,Various,18774.80005,USD,2013,10,1013,RFPO-1013-544,Base PO
RFPO-1013-544-4,03 Oct 2013,PO for Ceiling Fan and Fire Extinguisher,Recon International,MACRO,PO for Ceiling Fan and Fire Extinguisher,Various,Various,0,USD,2013,10,1013,RFPO-1013-544,Change Order
PO-913-513-1,01 Oct 2013,PO for test item 1,Unspecified Supplier,Unknown,PO for test item 1,Various,Various,200000.0,USD,2013,10,913,PO-913-513,Base PO
PO-813-476-1,30 Sep 2013,PO for Concrete Sealer.,Debet Uniform MMC,Unknown,PO for Concrete Sealer.,Various,Various,0.0,USD,2013,9,813,PO-813-476,Base PO
RFPO-913-511-1,30 Sep 2013,PO for Internal PVC Single Door,Quliyev Alekber,MACRO,PO for Internal PVC Single Door,Various,Various,0,USD,2013,9,913,RFPO-913-511,Base PO
PO-913-520-1,23 Sep 2013,PO for Type W1 - Aluminum Hinge Window,Quliyev Alekber,MACRO,PO for Type W1 - Aluminum Hinge Window,Various,Various,0.0,USD,2013,9,913,PO-913-520,Base PO
PO-913-521-1,23 Sep 2013,PO for Glasswool Insulation Material - Glasswool Comfort Blankets,Innovative Business Solution General Trading,MACRO,PO for Glasswool Insulation Material - Glasswool Comfort Blankets,Various,Various,0,USD,2013,9,913,PO-913-521,Base PO
PO-813-477-1,12 Sep 2013,PO for IngerSoll Rand,Unspecified Supplier,Unknown,PO for IngerSoll Rand,Various,Various,0,USD,2013,9,813,PO-813-477,Base PO
PO-913-482-1,09 Sep 2013,PO for Galvanized Slit Coil,Unspecified Supplier,MACRO,PO for Galvanized Slit Coil,Various,Various,0,USD,2013,9,913,PO-913-482,Base PO
PO-913-483-1,02 Sep 2013,PO for KNAUF Gypsum Boards,Unspecified Supplier,MACRO,PO for KNAUF Gypsum Boards,Various,Various,0,USD,2013,9,913,PO-913-483,Base PO
PO-813-454-6,14 Aug 2013,"PO for Ruskin Damper, Grille and Intake Louver",Venco Imtiaz Construction Company,Unknown,"PO for Ruskin Damper, Grille and Intake Louver",Various,Various,7505.169983,USD,2013,8,813,PO-813-454,Change Order
PO-813-454-5,13 Aug 2013,PO for Vehicle Exhaust Fan,Unspecified Supplier,Unknown,PO for Vehicle Exhaust Fan,Various,Various,11200.0,USD,2013,8,813,PO-813-454,Change Order
PO-813-454-2,12 Aug 2013,PO for Pitsan unit heater (type ETA) (220V/50Hz/1ph) with thermostat,ZACC - Afghanistan,Unknown,PO for Pitsan unit heater (type ETA) (220V/50Hz/1ph) with thermostat,Various,Various,11592.0,USD,2013,8,813,PO-813-454,Change Order
PO-813-454-3,12 Aug 2013,PO for Louver & Grilles,Venco Imtiaz Construction Company,Unknown,PO for Louver & Grilles,Various,Various,12888.21017,USD,2013,8,813,PO-813-454,Change Order
PO-813-454-4,12 Aug 2013,PO for Exhaust Fan and Damper,Soufan Engineering,Unknown,PO for Exhaust Fan and Damper,Various,Various,56230.10028,USD,2013,8,813,PO-813-454,Change Order
PO-713-428-1,05 Aug 2013,PO for EXPLOSION PROOF EXHAUST FAN,Unspecified Supplier,Unknown,PO for EXPLOSION PROOF EXHAUST FAN,Various,Various,81523.79883,USD,2013,8,713,PO-713-428,Base PO
PO-713-438-1,01 Aug 2013,PO for Explosion Proof Unit Heaters,ZACC - Afghanistan,Unknown,PO for Explosion Proof Unit Heaters,Various,Various,4650.0,USD,2013,8,713,PO-713-438,Base PO
PO-613-359-1,19 Jun 2013,PO for 110MM RODDING EYE - ALUMINUM,Unspecified Supplier,MACRO,PO for 110MM RODDING EYE - ALUMINUM,Various,Various,8838.79982,USD,2013,6,613,PO-613-359,Base PO
PO-613-348-1,15 Jun 2013,PO for UPVC,Unspecified Supplier,MACRO,PO for UPVC,Various,Various,4794.989894,USD,2013,6,613,PO-613-348,Base PO
PO-613-335-1,10 Jun 2013,PO for Distribution Panel,Yarash Yapi Mim. Muh San. Ve Tic. Ltd. STI,MACRO,PO for Distribution Panel,Various,Various,174949.2891,USD,2013,6,613,PO-613-335,Base PO
PO-613-343-1,09 Jun 2013,PO for National Guard H.D> Epoxy Floor Screed,Unspecified Supplier,MICRON,PO for National Guard H.D> Epoxy Floor Screed,Various,Various,159925.0,USD,2013,6,613,PO-613-343,Base PO
PO-513-298-1,30 May 2013,PO for Explosion Proof Emergency Lights - Cortem Brand,Unspecified Supplier,Unknown,PO for Explosion Proof Emergency Lights - Cortem Brand,Various,Various,171604.2484,USD,2013,5,513,PO-513-298,Base PO
PO-513-325-1,29 May 2013,PO for 90 Degree Clean out - 3,Unspecified Supplier,MACRO,PO for 90 Degree Clean out - 3,Various,Various,2750.0,USD,2013,5,513,PO-513-325,Base PO
PO-513-322-1,27 May 2013,PO for Motorized Volume Control Damper 1350 x 1500,Contrack International Inc.,MICRON,PO for Motorized Volume Control Damper 1350 x 1500,Various,Various,214838.0,USD,2013,5,513,PO-513-322,Base PO
PO-513-317-1,27 May 2013,PO for Aluminum and PVC Doors,Metag Insaat Ticaret AS,MICRON,PO for Aluminum and PVC Doors,Various,Various,157943.2,USD,2013,5,513,PO-513-317,Base PO
PO-513-318-1,23 May 2013,PO for HVAC DUCTING,Contrack International Inc.,MACRO,PO for HVAC DUCTING,Various,Various,90745.59927,USD,2013,5,513,PO-513-318,Base PO
PO-513-290-1,13 May 2013,PO for Explosion Proof Emergency Lights,Omran Holding Group,Unknown,PO for Explosion Proof Emergency Lights,Various,Various,1800.0,USD,2013,5,513,PO-513-290,Base PO
PO-413-275-1,24 Apr 2013,PO for DC315 Thermal Barrier,Unspecified Supplier,Unknown,PO for DC315 Thermal Barrier,Various,Various,31500.0,USD,2013,4,413,PO-413-275,Base PO
PO-313-261-1,13 Apr 2013,PO for Water Heaters,ECC-I,Unknown,PO for Water Heaters,Various,Various,128254.5,USD,2013,4,313,PO-313-261,Base PO
PO-313-250-1,19 Mar 2013,PO for BASF Polyurethane,Mark Thompson,Unknown,PO for BASF Polyurethane,Various,Various,243264.001,USD,2013,3,313,PO-313-250,Base PO
PO-113-195-1,22 Jan 2013,PO for Water Heaters,ECC-I,Unknown,PO for Water Heaters,Various,Various,57420.0,USD,2013,1,113,PO-113-195,Base PO
PO-912-46-1,09 Oct 2012,PO for DC 315 Thermal / Ignition Barrier,Unspecified Supplier,Unknown,PO for DC 315 Thermal / Ignition Barrier,Various,Various,35400.0,USD,2012,10,912,PO-912-46,Base PO
PO-812-40-2,09 Oct 2012,PO for 100.D1 - Panic Hardware Type,Client ABC,Unknown,PO for 100.D1 - Panic Hardware Type,Various,Various,97386.89954,USD,2012,10,812,PO-812-40,Change Order
PO-812-40-1,03 Oct 2012,PO for A.1.6 - Metal Door.,Client ABC,Unknown,PO for A.1.6 - Metal Door.,Various,Various,10200.0,USD,2012,10,812,PO-812-40,Base PO
PO-912-44-1,06 Sep 2012,PO for E20 GRACO REACTOR,Unspecified Supplier,Unknown,PO for E20 GRACO REACTOR,Various,Various,26750.0,USD,2012,9,912,PO-912-44,Base PO
